"agnipurana_u" "bhagavatapurana_skandha-01_u" "bhagavatapurana_skandha-02_u" "bhagavatapurana_skandha-03_u" "bhagavatapurana_skandha-04_u" "bhagavatapurana_skandha-05_u" "bhagavatapurana_skandha-06_u" "bhagavatapurana_skandha-07_u" "bhagavatapurana_skandha-08_u" "bhagavatapurana_skandha-09_u" "bhagavatapurana_skandha-10_adhyaya-29-33_w_commentary" "bhagavatapurana_skandha-10_u" "bhagavatapurana_skandha-11_u" "bhagavatapurana_skandha-12_u" "bhavisyapurana" "brahmandapurana_khanda-1_u" "brahmandapurana_khanda-2_u" "brahmandapurana_khanda-3_u" "brahmandapurana" "brahmapurana_pu" "devibhagavatapurana_devigita_adhyaya-31-40" "devibhagavatapurana" "devipurana" "garudapurana_khanda-1_u" "garudapurana_khanda-2_u" "garudapurana_khanda-3_u" "harivamsa_appendix-29-30_mathura" "harivamsa_appendix-31" "harivamsa_appendix-41" "harivamsa_appendix-42_pradurbhava" "harivamsa" "kalikapurana" "karatoyamahatmya_pu" "kirfel_ppl_textgruppe_I_col1" "kirfel_ppl_textgruppe_Ia_col1" "kirfel_ppl_textgruppe_II_col1" "kirfel_ppl_textgruppe_IIA_col1" "kirfel_ppl_textgruppe_IIB_col1" "kirfel_ppl_textgruppe_III_col1" "kirfel_ppl_ungrouped_col1" "kurmapurana_khanda-1_u" "kurmapurana_khanda-2_u" "lingapurana_khanda-1_u" "lingapurana_khanda-2_u" "mahabharata_01-adiparvan" "mahabharata_02-appendix-21_sisupala" "mahabharata_02-sabhaparvan" "mahabharata_03-aranyakaparvan" "mahabharata_04-virataparvan" "mahabharata_05-udyogaparvan" "mahabharata_06-bhismaparvan" "mahabharata_07-appendix-08_sodasarajika" "mahabharata_07-dronaparvan" "mahabharata_08-karnaparvan" "mahabharata_09-salyaparvan" "mahabharata_10-sauptikaparvan" "mahabharata_11-striparvan" "mahabharata_12-appendix-29_moksadharma" "mahabharata_12-santiparvan" "mahabharata_13-anusasanaparvan" "mahabharata_13-appendix-15_umamahesvara" "mahabharata_14-appendix-04_vaisnavadharma" "mahabharata_14-asvamedhikaparvan" "mahabharata_15-asramavasikaparvan" "mahabharata_16-mausalaparvan" "mahabharata_17-mahaprasthanikaparvan" "mahabharata_18-svargarohanaparvan" "markandeyapurana_adhyaya-1-80_u" "markandeyapurana_adhyaya-81-93_devimahatmya_u" "markandeyapurana_adhyaya-94-141_u" "markandeyapurana" "matsyapurana_pu" "naradapurana_khanda-1_u" "naradapurana_khanda-2_u" "nilamatapurana_au" "nrsimhapurana_pu" "padmapurana_a" "pranavakalpa" "ramayana_01-balakanda" "ramayana_02-ayodhyakanda_a" "ramayana_03-aranyakanda_a" "ramayana_04-kiskindhakanda" "ramayana_05-sundarakanda" "ramayana_06-yuddhakanda" "ramayana_07-uttarakanda" "saurapurana" "sivadharmasastra" "sivadharmottara" "sivapurana_dharmasamhita" "sivapurana_karvanamahatmya_au" "sivapurana_rudrasamhita" "sivapurana_sanatkumarasamhita" "sivapurana_satarudrasamhita_au" "sivapurana_umasamhita" "sivapurana_vayaviyasamhita_au" "sivapurana_vidyesvarasamhita_au" "skandamahapurana_himavatkhanda" "skandamahapurana_kasikhanda" "skandamahapurana_revakhanda" "skandamahapurana_sutasamhita_khanda-4" "skandapurana_adhyaya-1-31_pu" "skandapurana_pasupata_adhyaya174-183_u" "skandapurana" "vamanapurana_saromahatmya_u" "vamanapurana_u" "vayu_ba" "vayupurana_01_frame-and-cosmogony_iast" "vayupurana_02_pashupata-yoga_iast" "vayupurana_03_kalpas-and-shiva-lineages_iast" "vayupurana_04_bhuvana-vinyasa_iast" "vayupurana_05_jyotis-and-purvardha-close_iast" "vayupurana_06_prthu-and-prajapati-lineages_iast" "vayupurana_07_shraddha-kalpa_iast" "vayupurana_08_manu-candra-vishnu-vamsha_iast" "vayupurana_09_upasamhara_iast" "vayupurana_10_gaya-mahatmya_iast" "vayupurana_revakhanda" "vayupurana" "visnudharma_pu" "visnudharmottarapurana_khanda-3_adhyaya-343-353_pu" "visnupurana_amsa-1_u" "visnupurana_amsa-2_u" "visnupurana_amsa-3_u" "visnupurana_amsa-4_u" "visnupurana_amsa-5_u" "visnupurana_amsa-6_u" "visnupurana_u"
"agnipurana_u" 0 0.52697425125004 0.546071430922729 0.535023929131245 0.546169068953556 0.541622259299928 0.567481772712542 0.586866998320486 0.570513110076762 0.559280957118616 0.6196842842708 0.562942477348526 0.554405471629979 0.454095947194866 0.338120416869575 0.438150802554664 0.395919248253653 0.362374785050191 0.357620512617222 0.381043123402309 0.480181653715408 0.418616079455555 0.347654829575339 0.229495240381511 0.382920010123679 0.475441936088667 0.410243476257985 0.500918041639416 0.461370399218335 0.475986250981981 0.436129837187613 0.420079928836729 0.579864735109527 0.476599080652961 0.539450913333303 0.405161348641588 0.420710028182596 0.513694374743224 0.461271584385149 0.48387996160735 0.397184338904976 0.391964375382863 0.354893510285854 0.308562573194521 0.4981257735835 0.471014586851006 0.471725230476958 0.491614281517428 0.501350894758396 0.478642532759133 0.454496714991036 0.464540702512127 0.486471572933675 0.466152452329226 0.4676188637533 0.47837303405496 0.49448537184648 0.486542117301746 0.443584164402067 0.441134880379897 0.417833000315718 0.459362432929067 0.470288246326418 0.527118478241982 0.535601678477779 0.570380303221645 0.521027936710455 0.435850441973581 0.500361187433236 0.540198305978344 0.464029685269897 0.325661004807406 0.279939938846236 0.49409803293042 0.409675509868966 0.459750189490721 0.484167488663985 0.573780861317297 0.514652591682508 0.500399997977239 0.523866920064264 0.488048284848458 0.545564623837633 0.502077862329684 0.53431524871457 0.441472040912939 0.536711919958752 0.424628501121468 0.443301903044623 0.494245986139422 0.516337941482541 0.431096814411892 0.566065459364616 0.387439446884599 0.375723278026469 0.346752176412646 0.469890339657703 0.511553563077808 0.388354064139574 0.45416037633263 0.492811138887102 0.427263881437324 0.466132444775609 0.477853373525092 0.458643016267432 0.443455478374538 0.445864941431323 0.467668764486889 0.463620287406535 0.47564599691762 0.430821789262882 0.486773036893628 0.454136684617291 0.471909709455097 0.43639317254609 0.387429331496813 0.479127219872735 0.414951763146393 0.420470907647843 0.505276143791607 0.45142159223836 0.410050627397661 0.380695724027278 0.510286796406769 0.527080864219692 0.484482119607689 0.430300705017503
"bhagavatapurana_skandha-01_u" 0.52697425125004 0 0.344406935461249 0.298720178920316 0.243301372280346 0.37467296630328 0.320110484424273 0.332612995931773 0.324093858331186 0.349240685112955 0.543372463924812 0.279187377809524 0.355751024830636 0.327788683724644 0.460652256346643 0.588090140054247 0.498727660422022 0.515241384315061 0.520209258980489 0.452144024447892 0.505441364907359 0.424113792524161 0.512724159661855 0.540796905222154 0.454310133389793 0.575591263193768 0.473113388658537 0.451862473935885 0.491295357103798 0.559983466072785 0.455455585804806 0.452560181333812 0.569456923270196 0.558391175916344 0.64641461232021 0.550478889672678 0.54436199467687 0.608008943776654 0.57830186267202 0.578879784404752 0.44821495984121 0.487464516031146 0.549875970632581 0.53846260892452 0.438568557509228 0.542573693206396 0.427818162585583 0.418029261302621 0.40692982927907 0.419235476957913 0.46219800733106 0.468894756557729 0.453286490990416 0.429713936347607 0.498696804341107 0.456550831414267 0.404678594234872 0.503061023923389 0.425389272675439 0.457845178503122 0.511116848095359 0.548111086883425 0.451234257621298 0.503157298655313 0.5594255402472 0.572178474575265 0.514546389508886 0.441366378158547 0.508794076258748 0.48935774405158 0.442372618663528 0.468214367113137 0.461707493582596 0.422462321966618 0.570394233199569 0.417881179641559 0.406475292722563 0.58092010568199 0.495066496498015 0.457595397269538 0.440311247557695 0.462827673397431 0.471336749823713 0.440763092727421 0.449046608226353 0.427114297554598 0.552959219620419 0.505367990414738 0.424100283588589 0.521691026301892 0.44387773736572 0.474938760424213 0.437288155041514 0.457313788216714 0.459586154915662 0.508045749367235 0.520251264740023 0.418812439208227 0.459060869400273 0.561260026217581 0.524433136603727 0.492714362049671 0.465581706562222 0.497330430262 0.472239215827486 0.582314438614876 0.592178126196467 0.605595220079523 0.565751453529592 0.647747614139092 0.600861605931022 0.639420952733588 0.594116958029216 0.57792259106256 0.590054867893433 0.488060022420894 0.445533564469851 0.558572163377001 0.461394853458578 0.478368094973573 0.470906926702663 0.471019124664216 0.523846351896926 0.553863374403402 0.430149192069453 0.459106176339895 0.429812100484991
"bhagavatapurana_skandha-02_u" 0.546071430922729 0.344406935461249 0 0.333055254665102 0.348639996980615 0.401560931330277 0.381883395500249 0.377726510937874 0.416722427418944 0.406075828555192 0.533478697088326 0.387225015456462 0.32454916102892 0.389265362927386 0.486980957264741 0.618138805047866 0.553634276684907 0.533356923959355 0.556813454651327 0.508611871428755 0.494823058247345 0.464427554358284 0.516372352524163 0.542395621129376 0.456827114984633 0.571889785460274 0.55577427105989 0.521918708345067 0.579368954393083 0.636171329972149 0.546676581844915 0.503018546008162 0.547823712697954 0.6262581742937 0.681681840871276 0.601155908805689 0.581302749693455 0.633917325068841 0.601332186829427 0.625264886675469 0.507878009679103 0.495590550843118 0.57608436673948 0.559686614272445 0.521600217090991 0.616454354185666 0.521486256507772 0.511922868336546 0.503426023881595 0.498697450990738 0.557069557757275 0.55974116798672 0.541931653178657 0.546341767816275 0.599284571462813 0.513109780145871 0.510623744191735 0.528250755060884 0.495696396648792 0.508332619331429 0.520531410659049 0.566407098980147 0.520706118911672 0.576768831955466 0.602863898419459 0.607268775937207 0.563326325500998 0.486836903649636 0.573020197529551 0.512424704550429 0.486688503578066 0.519766519824432 0.47190085029088 0.420560176901788 0.625264107608464 0.475087065618303 0.46745523494381 0.580091772221026 0.561485840721936 0.531149360850648 0.518733025364357 0.53738185347123 0.535384255124778 0.550394817347207 0.551879934845171 0.432284191210844 0.561249159490197 0.515239221419047 0.47766339407361 0.553781169096607 0.496112457248648 0.514544033426156 0.496853262815648 0.474882219130021 0.495517586564292 0.523911732128278 0.597364755131398 0.417642363386108 0.505787909848984 0.553952184698322 0.587216160494541 0.539260485776678 0.552896646837606 0.516670422367284 0.538651310327004 0.621106654110407 0.616136130408098 0.597276126497243 0.592923581612652 0.659637151091702 0.634077362254075 0.660933394593342 0.616014025838659 0.634736469044633 0.61103917956206 0.514619549384633 0.485140171543211 0.598446932948088 0.466975062676434 0.534057448460511 0.509855993835398 0.495711739779013 0.51307297924934 0.579379850672194 0.501016792576778 0.469364641338447 0.476213912461813
"bhagavatapurana_skandha-03_u" 0.535023929131245 0.298720178920316 0.333055254665102 0 0.247145747276491 0.373983114584732 0.337852013572723 0.338577431451351 0.348243742938028 0.351491659687683 0.526114601347291 0.290409267858097 0.36726763705081 0.358072510444796 0.4521097567148 0.58170965993754 0.489741739951365 0.506014186106025 0.504072256837479 0.477254707866992 0.517174489730795 0.458355650936813 0.485239290301981 0.532576545485787 0.474420434837453 0.579774967568792 0.480731831149819 0.484622750312581 0.526078593512269 0.575632642668285 0.464687578274977 0.460497238024366 0.567552927150428 0.573128346537591 0.637165982871494 0.545162104911476 0.526771180767666 0.587097648619712 0.57530081463862 0.55944024143933 0.456714369699415 0.500038171404547 0.542007182608348 0.54473266493628 0.493273101700641 0.541849823199057 0.489476624105743 0.474401789982916 0.468672084073767 0.46202652543918 0.507935196407416 0.503629459414704 0.493471812246245 0.480488160725756 0.541682778206639 0.484594105151026 0.471382135108949 0.538081773241736 0.463043232873132 0.480260006066266 0.514967636533679 0.58122846755916 0.492618952049374 0.547070095869687 0.577381002512125 0.598622327895657 0.545507110233523 0.473279904864403 0.513187457784969 0.500009557997955 0.46317121216403 0.483284638243168 0.456649246529984 0.431413202044658 0.589096818871556 0.416889487184242 0.428815391226172 0.56393700105916 0.516291675146159 0.496171433597208 0.483447018148933 0.51607423402921 0.523203716832266 0.487000442630629 0.49803896236 0.42601758534116 0.566415053006863 0.544461587837462 0.432891340702365 0.564830678827588 0.440800272246381 0.480928172777445 0.451548087949344 0.447266520981074 0.481088673284919 0.525533044607501 0.548286549201001 0.426763280004796 0.488532272686815 0.5750901792643 0.536409134838464 0.514083689257703 0.485450885292186 0.485375628266013 0.468071001409265 0.579275562020054 0.571524213208353 0.601919242509532 0.561583229703921 0.65145951641318 0.602869013249764 0.635692782935883 0.588182659668361 0.581842492320947 0.575704374434619 0.494241546332344 0.477353695614969 0.558022228971225 0.445325013489929 0.515715983380414 0.457823841922893 0.493985234811098 0.525018865795525 0.558903240343055 0.436574352457855 0.476540770117921 0.448805285370347
"bhagavatapurana_skandha-04_u" 0.546169068953556 0.243301372280346 0.348639996980615 0.247145747276491 0 0.347475636345798 0.323293433539316 0.314357143592106 0.314934260547435 0.337805584156463 0.509611612491816 0.27046973997387 0.350618847447445 0.370092199796317 0.459828734877357 0.602955922624149 0.501394711375363 0.525854716440352 0.525655338525429 0.457198083112699 0.505552467276518 0.444834970605023 0.496779552608822 0.554560207617912 0.457106421491587 0.57111362769938 0.485957537138125 0.483053857622535 0.531317518572232 0.573759634234541 0.46249277340224 0.475756038048444 0.564486023607792 0.560540550598703 0.658453740560912 0.550122778638138 0.559651232241403 0.616930658721098 0.585830025172577 0.570215200356658 0.450172051161643 0.505631156209523 0.552473990169304 0.545368330462903 0.483264892492015 0.557374332029553 0.468620896669163 0.457588088279336 0.458466492791507 0.451417665073005 0.496365523572664 0.494849164800383 0.474182380525798 0.471714122640172 0.533835493200727 0.471689454291972 0.433465962466333 0.525107385279373 0.44631992546206 0.47532764775707 0.507869672404544 0.568966901971258 0.49062820602152 0.54285530387036 0.589723974519805 0.603685184481862 0.535314466442314 0.470957733762707 0.528251873833672 0.497567899313852 0.460844994118876 0.485942665849174 0.456646396778911 0.405591554592411 0.582869560300612 0.424997699230392 0.422083549332254 0.563668518789069 0.502277661745855 0.479323482261149 0.45124616626154 0.475246692714436 0.484706796371714 0.450433623343159 0.471783086980504 0.41755031543174 0.535190647662467 0.4941946208288 0.409361624275798 0.548400805166321 0.458675813886392 0.480026997538962 0.466388618026121 0.443927646170038 0.470017244155584 0.520867081307867 0.542535497090584 0.396048550295443 0.487271890898304 0.562339380387462 0.546147219553961 0.50389987336069 0.476571592887226 0.491291210491079 0.467472073589163 0.588042711007908 0.606082146642092 0.609931419514706 0.58227889311062 0.654934867776756 0.615555672157476 0.647314805271976 0.595733522516052 0.581908885597765 0.594658325815938 0.497388682150648 0.477870290662741 0.562944048229932 0.435306837723881 0.536991471768787 0.470674782416643 0.508109147541053 0.522386486628245 0.565866192669105 0.472913877214511 0.480677925451307 0.449993990549596
"bhagavatapurana_skandha-05_u" 0.541622259299928 0.37467296630328 0.401560931330277 0.373983114584732 0.347475636345798 0 0.355112519087837 0.386386848685621 0.43482238627643 0.391196918108404 0.478815865036779 0.365494862652273 0.388958074817558 0.348002216323805 0.43520113359361 0.590678784083874 0.510394085581089 0.49023491927153 0.514233729492357 0.495797062279129 0.484025155389839 0.479592134364714 0.489486472792446 0.507992333150103 0.463340994322164 0.548537234424077 0.536347692667455 0.482557816079215 0.577721371531771 0.61984153296271 0.51597746595468 0.479243396507425 0.533544362397465 0.586531871596614 0.656190359343109 0.564435073200881 0.59206315567231 0.609073971345676 0.581680834841022 0.610591415545396 0.475391437213701 0.502483240047105 0.522128667973116 0.484235377402307 0.525757294147164 0.599338709430864 0.527652569864492 0.508900394556691 0.528200684838104 0.501290841851936 0.55362043629463 0.528148825192676 0.555008633793737 0.545652810714857 0.572897779440506 0.539642358065719 0.501281627865225 0.518321243749866 0.49378974397286 0.525691990309557 0.547955667868772 0.596361568738996 0.526397302663517 0.566387052293029 0.600368886160132 0.633121779741314 0.578540580966317 0.478957791377281 0.546398639707199 0.53465747441458 0.48099149492053 0.48893131954849 0.437759156992769 0.489087976428947 0.609794398901265 0.448838194592102 0.437196310680223 0.510934735634351 0.566163200922521 0.544666118884174 0.543945568834797 0.565927835063502 0.572897200930012 0.556989763066652 0.552242106986953 0.395975655516474 0.573593017133976 0.539628100408506 0.454664484685274 0.597109287317985 0.47403578339565 0.466930546104348 0.485032668238564 0.456452502241835 0.450939297510161 0.447879577015405 0.58260293084746 0.39897553879519 0.504498622383638 0.51631241107101 0.565841940865915 0.535755719571472 0.521120299443385 0.525206402144148 0.510431048831093 0.587974175509821 0.613252997499706 0.569819646200419 0.554249637635288 0.634062926348977 0.611050632054814 0.632093915071765 0.57036051936108 0.588897384615155 0.588813157382699 0.509679405349959 0.490661458065798 0.555304286504763 0.501766236888016 0.528259112708156 0.510049189542526 0.48522631560717 0.506241170971943 0.52056644425558 0.493008029371292 0.490129905851803 0.445924917247689
"bhagavatapurana_skandha-06_u" 0.567481772712542 0.320110484424273 0.381883395500249 0.337852013572723 0.323293433539316 0.355112519087837 0 0.228870034698556 0.274265905773262 0.338512746398176 0.530994838377284 0.279992268876958 0.27315640929029 0.344072370275648 0.454252360120544 0.580576019534215 0.476945870327994 0.502445183983416 0.4952251874182 0.454736513752837 0.476062415485361 0.427864803004522 0.515451675440411 0.53162172212458 0.403931580285219 0.533164567787282 0.490421948043956 0.472013755337527 0.53040228385956 0.594431253633241 0.475556210854606 0.46371775617756 0.539529310451767 0.559385973030227 0.634934703928684 0.543085993446805 0.561529733514153 0.602444156726437 0.586317415352437 0.560136336668213 0.466021198471445 0.471193837740842 0.528442971918702 0.543159040790347 0.430887441084137 0.560681431275958 0.41301715135864 0.412072022956413 0.411930731446934 0.39666248024689 0.508569304990109 0.480367586004976 0.494251636183581 0.4926380572139 0.529822060434723 0.448343783261554 0.424635447247554 0.482054331150072 0.390962476323185 0.419860790043185 0.508813109214283 0.525563924149977 0.444531875438163 0.509658801877604 0.553241031760001 0.550530138020564 0.519268088438031 0.445821142443238 0.496863220360441 0.463843016711906 0.429316990808291 0.469909248136444 0.47896700360815 0.406502644703027 0.568516810946904 0.411887982071406 0.409566154810581 0.599176476536653 0.486884480770418 0.475902285397616 0.497156972687549 0.478734708794142 0.496112534918433 0.493325709584459 0.469146237991052 0.389525417559996 0.563953972382949 0.533564271662718 0.445248643974259 0.517517602940322 0.430425839661531 0.485369156501366 0.415491117335591 0.445542061816985 0.465679252506517 0.513248018056476 0.548430729434429 0.399488988007559 0.457531797296178 0.544582998097287 0.527374440926051 0.519456007932352 0.470050283215613 0.480559625211397 0.461044838788235 0.565688189876274 0.581995392206809 0.557625615911231 0.540539229850669 0.647590451666383 0.588736510569395 0.620468990825799 0.584938600446748 0.569699756955637 0.565788801171923 0.505562550416013 0.397508037325429 0.542246002974902 0.447676861548472 0.483939348946505 0.412842434520864 0.471945861320135 0.490665475838256 0.549246432995969 0.395659870383462 0.42900361367753 0.395494920350406
"bhagavatapurana_skandha-07_u" 0.586866998320486 0.332612995931773 0.377726510937874 0.338577431451351 0.314357143592106 0.386386848685621 0.228870034698556 0 0.275860610187947 0.341769074162951 0.526492103315708 0.258618001344642 0.271380774842987 0.371939369174305 0.501626378805603 0.625162725770817 0.544245232659166 0.535492042271121 0.552290678201933 0.515548233272142 0.495269964543901 0.458522870696818 0.536497920215598 0.565310866153924 0.450243746064074 0.552155701581 0.536473435886328 0.510303929712743 0.596194689960367 0.634280178362546 0.541467113800976 0.519485278013078 0.536893355754566 0.616640318500886 0.682639593584025 0.601028429825912 0.59392399383088 0.651886275036018 0.619611163732964 0.620216297137512 0.516970776597746 0.524278251689977 0.570038120271317 0.556841484530955 0.493716833739184 0.616993192174017 0.473551944538923 0.485071267370795 0.474144602529051 0.46604587699491 0.56291705742979 0.523183005370985 0.548528111035043 0.547048243140704 0.600317212680696 0.498785491802338 0.465663623948506 0.542296609734247 0.445143347947547 0.474371759874332 0.534069218245196 0.571454527553257 0.499465683883073 0.569093798715084 0.621453098266756 0.587269664612929 0.558275539428951 0.493708520311974 0.544729299379655 0.522302157147184 0.486722069369531 0.529091006102923 0.510210488625193 0.44877510084343 0.603950280935825 0.46813007810119 0.455949070084317 0.58319082300175 0.564754811191607 0.520699479231318 0.527986568977465 0.533116537519674 0.537855401685122 0.540074345355054 0.540647872199028 0.437615173189183 0.611916017845374 0.543067114065196 0.486798301118509 0.568431821779374 0.476637830436536 0.528759815545737 0.459771942271503 0.473842769804069 0.51739067799991 0.525649142276436 0.553257630946176 0.439642818969896 0.508119702841619 0.564436886960133 0.572280657965772 0.549805562536288 0.537250672420979 0.532382500211955 0.530360664278162 0.62282414587088 0.632540663135214 0.607437081145628 0.599638044423597 0.674884985206904 0.643608535111626 0.667520214066572 0.611206874894751 0.626036204151599 0.626140935699361 0.533668256555017 0.451292051227667 0.601776597160936 0.482006529391719 0.514465165213158 0.453791452179073 0.512612248408157 0.527200270047915 0.586326091648532 0.437488241360271 0.469096048109329 0.440645945542356
"bhagavatapurana_skandha-08_u" 0.570513110076762 0.324093858331186 0.416722427418944 0.348243742938028 0.314934260547435 0.43482238627643 0.274265905773262 0.275860610187947 0 0.325577068045352 0.565245081931862 0.245715610402326 0.353688541028115 0.379668886086154 0.453415437947665 0.598545937198567 0.48817449865309 0.501657715290438 0.517649488018123 0.438723941374436 0.486698828949877 0.415733873475193 0.500493803393998 0.547089901041986 0.442276154192038 0.562154256749049 0.471740458189638 0.457937600618845 0.530105392292557 0.556737400607344 0.451481854608107 0.470490458802226 0.536800135937178 0.554963458693933 0.6497219664509 0.546887312697015 0.560794816675937 0.619652241437326 0.579058436991216 0.555032991752328 0.419167503791068 0.511927039626189 0.530144174662127 0.536145842602818 0.41896903457782 0.533158704191648 0.438959534158347 0.406898941605128 0.43524203871395 0.457530541359446 0.485706612132565 0.455686497506793 0.479608348669253 0.488672411774548 0.531323115853481 0.446235118971093 0.44439471154377 0.536540456792468 0.450112515401068 0.448443193055667 0.528114161285172 0.584593799417162 0.449068605205061 0.510168598732945 0.560006023956139 0.578647394351413 0.515447982710027 0.45640483737931 0.463449453006737 0.448172118391535 0.426168942967692 0.484330219974845 0.496713507445248 0.45320003899181 0.547959384643452 0.387214025041704 0.381329273926681 0.584871250629293 0.486985661165205 0.480259692238322 0.458288199386688 0.486814890719161 0.498831829459926 0.460972354442577 0.461609512036026 0.388066500545855 0.574875404891837 0.529781235626509 0.433301897019423 0.492399426239519 0.411696575555866 0.453219119900568 0.395332085163591 0.448953662236707 0.479545829554334 0.534108674635819 0.515587442865104 0.417823989497982 0.438904044552356 0.558935250148148 0.484459468262233 0.518624776260707 0.455649261183556 0.435887577983459 0.448865555228412 0.588474164302592 0.609379052522031 0.614793479712492 0.556315495335395 0.646948624359797 0.616079804453318 0.640863914943694 0.599556175282047 0.572575381357151 0.601215104819484 0.518728066418094 0.38460105549277 0.560976491217657 0.470496660544991 0.466452153556773 0.366772161413752 0.493282421656254 0.527625622786641 0.566312332636204 0.344506798952741 0.421718361807368 0.394262292834489
"bhagavatapurana_skandha-09_u" 0.559280957118616 0.349240685112955 0.406075828555192 0.351491659687683 0.337805584156463 0.391196918108404 0.338512746398176 0.341769074162951 0.325577068045352 0 0.55991524713819 0.283732758074404 0.407509233450361 0.313304414945526 0.433145328897198 0.573639673118491 0.45441690239728 0.490218672638072 0.489008519884951 0.442909044590638 0.471903702693402 0.430211156975556 0.527357148196769 0.52033387372437 0.440311511578096 0.552685406280425 0.485927318279306 0.477064342829407 0.544293662138944 0.586466110475393 0.455255729235618 0.450165311759645 0.564878667950352 0.504363395143499 0.631045415515318 0.506159051635807 0.530816083917154 0.577890688758523 0.542100416104553 0.523042855433217 0.429247625508055 0.501546093344436 0.531527430356061 0.522038384182212 0.453891970762239 0.534817415217191 0.473838231308868 0.448238391364348 0.463452940590888 0.476429115878199 0.503749312675692 0.44161255617171 0.488149117657659 0.496871430389345 0.525823077456067 0.471253711451101 0.471994632421474 0.556881706796989 0.456467415794173 0.484906149129262 0.562409483240973 0.567705387884908 0.470381855855484 0.532381354888941 0.536835446190251 0.600856876686096 0.549728595621354 0.433373760485868 0.51705009099213 0.480479972509591 0.436660736223616 0.471586619922968 0.4641862160085 0.461600851919274 0.565480863057795 0.389447734082639 0.40990421181114 0.588193946775136 0.484448064149953 0.5037760103176 0.472242261765664 0.496117881638271 0.502548555428434 0.477319213716293 0.476492022429241 0.39118422935694 0.593754735027368 0.544832317229735 0.432377230503703 0.553152539855767 0.434983934211861 0.490378116278267 0.436231466338416 0.432675332931194 0.453592585042125 0.507085685007953 0.548430394782436 0.415144153781614 0.481651826018016 0.579376366011824 0.510847098165164 0.53302662287002 0.486705531593505 0.465100825886308 0.449662555165438 0.558751827910608 0.58761071765394 0.585584484222102 0.541952153903571 0.631181063556313 0.592220945069907 0.618864978136633 0.594560046796353 0.515312538346079 0.584329119632891 0.496533172437648 0.441088416263722 0.541266638595354 0.513966857952534 0.468715732827309 0.438862380411834 0.473166766310837 0.514601209339249 0.469994220580219 0.423731965421253 0.464259443929391 0.391886028955465
"bhagavatapurana_skandha-10_adhyaya-29-33_w_commentary" 0.6196842842708 0.543372463924812 0.533478697088326 0.526114601347291 0.509611612491816 0.478815865036779 0.530994838377284 0.526492103315708 0.565245081931862 0.55991524713819 0 0.5245377020615 0.53424832029812 0.515523625588414 0.562957218777962 0.656064119007294 0.605810229607928 0.543936253207298 0.59719011798891 0.56999728594356 0.518301067564663 0.55467469929011 0.552521286411514 0.598415440603804 0.535502935734324 0.604085346291897 0.593251176369332 0.57657368049458 0.64789417174807 0.670975589299442 0.609759928593177 0.560980192837205 0.568695147985136 0.657607366188586 0.715843963392804 0.622413025575015 0.627068015791906 0.659973868165842 0.620602950893109 0.681764070058646 0.579452614523156 0.550537233454271 0.60900760721678 0.566962436662129 0.591684512794151 0.660895205198961 0.589178870525055 0.590254895238842 0.601377340461212 0.581989488368271 0.617068143161259 0.622873004589165 0.622843736122655 0.624492721697586 0.639455804838331 0.59721314867819 0.584631739854574 0.51488461543053 0.567425107585267 0.580361871673475 0.54482218145813 0.605351183743766 0.587978629710139 0.620939753083917 0.652009641259405 0.64850354533606 0.640161635185731 0.55850431135577 0.605060979871401 0.589427315601407 0.559024694890144 0.600859966671166 0.541366488519333 0.540031883423746 0.654341206777766 0.557180515504157 0.534474683347108 0.401712549802724 0.618843294014136 0.59051327848384 0.608433099828972 0.625599016790773 0.619718057744759 0.627004401194353 0.615170370649221 0.512810312398379 0.627618859436948 0.581527449992429 0.547730449982795 0.638785428720226 0.55802044130744 0.561960954175585 0.583437988371858 0.561722945288304 0.48310339955394 0.526860071200965 0.663631902524279 0.410236053617427 0.596615024720339 0.56076940721565 0.644707683699384 0.551068617236789 0.607987110342902 0.601830108906196 0.594347134974857 0.657838725503089 0.648008311665062 0.587060242797057 0.642530723100984 0.69494803714796 0.673467450105277 0.68996725480083 0.61479464911916 0.663274722328412 0.632115369010956 0.603667803630796 0.576770990585532 0.635119450423443 0.544226169401772 0.615626235803996 0.593741284639373 0.552228592669734 0.567082789114831 0.545550116321499 0.552083625461004 0.518761904383023 0.536634303307601
"bhagavatapurana_skandha-10_u" 0.562942477348526 0.279187377809524 0.387225015456462 0.290409267858097 0.27046973997387 0.365494862652273 0.279992268876958 0.258618001344642 0.245715610402326 0.283732758074404 0.5245377020615 0 0.317126687925646 0.34808080326304 0.457118638091055 0.609036960693092 0.499209178199652 0.507661058293837 0.524530276949204 0.468644889192217 0.5133302185391 0.429388084940896 0.503214819846598 0.542158109158698 0.461971403434427 0.564659839497703 0.481620822701105 0.46798549452884 0.550636731636126 0.576400569156446 0.463384888163922 0.470059600462346 0.560405059090267 0.580326943496613 0.669671769264758 0.57365327781439 0.585339911186856 0.635800525277169 0.598168921618999 0.59047216481559 0.459915819294372 0.532755594888926 0.552767109330678 0.548208521829861 0.467049304812199 0.563902513879768 0.472985870520285 0.4402415811292 0.447365024201444 0.475384084020786 0.482798002040322 0.486622594066447 0.464364886261433 0.458537117750894 0.519106166764032 0.477981004100873 0.463849238500949 0.551797340683546 0.465818387612514 0.493690364915777 0.555503560045771 0.597389837038489 0.477706051911548 0.52434679192821 0.561080491655887 0.599097219728404 0.559423324125006 0.477875238987919 0.488916468391032 0.495290821729718 0.462552240159591 0.505276502544684 0.479423543340097 0.462696284416983 0.577738487461371 0.38965241282781 0.394145172637508 0.575254561978087 0.50926871374062 0.483105659713535 0.467460829427649 0.507044185542175 0.503817768027573 0.462227308623012 0.482846333764731 0.424416530843155 0.59768993340119 0.53674701619236 0.434363035978641 0.544132320266257 0.406305568275918 0.508078140240323 0.423533173593701 0.465906355188094 0.48488770927459 0.527398274152235 0.528955799757113 0.430608095032557 0.491593020095072 0.591351321131197 0.529454136903247 0.555316616756877 0.481022775568606 0.495686854856178 0.449318550109425 0.59715293623084 0.616993680588917 0.613713737698162 0.583399283887881 0.651459609465745 0.620076984713397 0.653788514275011 0.609339514041366 0.582310606020798 0.60119196913137 0.510117575424748 0.435725260218721 0.57153450462779 0.517275531142764 0.490937340642529 0.447865411064038 0.493597716362725 0.544537386184799 0.550066936127315 0.387286791108564 0.445855726196466 0.411941519588056
"bhagavatapurana_skandha-11_u" 0.554405471629979 0.355751024830636 0.32454916102892 0.36726763705081 0.350618847447445 0.388958074817558 0.27315640929029 0.271380774842987 0.353688541028115 0.407509233450361 0.53424832029812 0.317126687925646 0 0.395539140828392 0.487929992688148 0.625727617210347 0.544019683242217 0.535041478471335 0.554834793343619 0.507111961850584 0.483715685375008 0.437791846884692 0.500782893496402 0.543793842278302 0.405599496187318 0.531498539703474 0.524834942692895 0.513060590505359 0.580087358929245 0.636008980108977 0.545542616222642 0.507770392890941 0.533094622627247 0.623705416831679 0.676471568576909 0.607555320970494 0.608441192730357 0.647580229779323 0.623551638072727 0.623647771731674 0.52149525547174 0.497872243104729 0.553035489735182 0.537964278418335 0.500463743597643 0.62305236490386 0.476179928521917 0.472617383216344 0.433293375563141 0.441099794403087 0.553365596138865 0.524779423248062 0.538270646207289 0.539540440398307 0.595144392435021 0.487275083626536 0.450109009459868 0.531285215314268 0.435840674651853 0.462312256976346 0.499136422392302 0.555095893874087 0.484918336117464 0.539080441855059 0.620057367032826 0.597099419794765 0.531962831826969 0.478394187563227 0.551658507652222 0.50466965995495 0.472965622720028 0.524200248960521 0.463241530518331 0.378363709282234 0.5948048553096 0.454035037216132 0.433197354037225 0.574943868625041 0.560387091189524 0.478827661632476 0.502255069168088 0.506565690433728 0.493099966385638 0.539854406466502 0.53316945498611 0.419805783197556 0.567531895451033 0.528957526163519 0.476597292201462 0.563513377250395 0.478591042131806 0.513281567577047 0.463006921786839 0.48652051937234 0.495491639152261 0.514547398941581 0.585310972049052 0.428166314522578 0.515092396556163 0.540383049117594 0.568493354785695 0.534153615543153 0.542652587870555 0.542126939524519 0.517901622990455 0.61980829620841 0.627418735910051 0.582547943306844 0.586103892899123 0.655487917897349 0.639324487334137 0.660665205578261 0.597367462597482 0.622965344082158 0.604150425449722 0.493565093312752 0.448601607977749 0.595236599493996 0.470984267032047 0.506394869795123 0.483187857298855 0.504026552042322 0.506811568489729 0.56232258005504 0.459500947671917 0.45109338054037 0.438140024649148
"bhagavatapurana_skandha-12_u" 0.454095947194866 0.327788683724644 0.389265362927386 0.358072510444796 0.370092199796317 0.348002216323805 0.344072370275648 0.371939369174305 0.379668886086154 0.313304414945526 0.515523625588414 0.34808080326304 0.395539140828392 0 0.364079752721298 0.516323499407956 0.419390025273072 0.408086241981707 0.425211911743395 0.395713095734562 0.408922626766626 0.377907746610144 0.41770961569701 0.43870426131831 0.375679262705897 0.510080745949556 0.431781625125292 0.412577276488046 0.478286571779364 0.522034338829715 0.420854391313971 0.392684113382223 0.484092180535253 0.521456985893211 0.597106725898548 0.491741306533005 0.486742416544391 0.546689165269632 0.503451698371702 0.518689593492343 0.362940749706883 0.434595310977391 0.448008004513303 0.451782870642626 0.440607828651129 0.482701723790999 0.445879717694159 0.412509493175142 0.43735779670748 0.43375957263603 0.45246748555074 0.445436011937678 0.439958008119206 0.445484541830751 0.47815268378629 0.443896319573727 0.40562335626393 0.473213242954111 0.415165374294896 0.439589550201106 0.489554482351013 0.5136701727213 0.437791425174155 0.499263072365301 0.497856109939456 0.554958434797212 0.518688411777099 0.406908395027154 0.456422576702806 0.471299807391526 0.409513614083374 0.389825074175625 0.34260610840835 0.446468225149936 0.522562561768604 0.339548850551653 0.329968054618722 0.528203399426272 0.473248979255606 0.474671658669972 0.461288180134586 0.49506294286175 0.492127475615692 0.46983364426028 0.473234778731436 0.315195336426606 0.521573995067678 0.466459350794151 0.388070310339145 0.495977726707059 0.388540189538939 0.417853140385448 0.417159846248964 0.384682186095664 0.386298861970551 0.411763981006315 0.503497920443949 0.386910407711351 0.421430559867847 0.523012055000051 0.479272680970857 0.444971399232337 0.45472112303308 0.43483086661069 0.392547148216929 0.513406596701729 0.520174431189572 0.528005833384667 0.494156584669695 0.585285051072834 0.516220735609197 0.577328715054946 0.535151967961832 0.511156428867351 0.503512458696269 0.458503179520626 0.399816055192587 0.483109253925767 0.423574956506586 0.406879435493021 0.382782300437156 0.394287258863029 0.419839936221443 0.464086417259881 0.376674821835104 0.359930555403794 0.342629955114463
"bhavisyapurana" 0.338120416869575 0.460652256346643 0.486980957264741 0.4521097567148 0.459828734877357 0.43520113359361 0.454252360120544 0.501626378805603 0.453415437947665 0.433145328897198 0.562957218777962 0.457118638091055 0.487929992688148 0.364079752721298 0 0.374786738054809 0.225161715799975 0.276788891893935 0.229713204332926 0.224386984755134 0.372778329822598 0.223170620902001 0.258061260242209 0.299082962797624 0.212183882130082 0.369936196203478 0.298631879604787 0.370490762006176 0.419402285646018 0.434334367816966 0.299759424805378 0.250131429304422 0.503006495441828 0.360529801393631 0.477617599725484 0.327937362656936 0.38152207610336 0.429091116574358 0.382920685120196 0.382881133544422 0.273990815186249 0.314937795393043 0.257749293675805 0.270894294014544 0.343842671690177 0.421665380669206 0.361297448325152 0.343612236519028 0.373947890129297 0.363408173579458 0.374625747438759 0.315955278592353 0.37832828369234 0.377045590533317 0.378251594038565 0.34276700838552 0.363369622577696 0.388187149449874 0.327600404225577 0.317563992590492 0.355105276497405 0.39775247653589 0.3407575323926 0.416089757409956 0.454928467809764 0.500823253860997 0.429108000155196 0.259221367620353 0.357662046048019 0.366446597500464 0.268087456950943 0.217234508567947 0.271437958636804 0.369165789923809 0.366747765244894 0.254654555489855 0.299128772320439 0.573895691364189 0.393524053347804 0.3850591082323 0.410723912197827 0.389634570113459 0.440549055171448 0.394988663947108 0.408609752846179 0.240988542848504 0.488773721526719 0.411271147841552 0.296887509021821 0.376740100417424 0.305738187554904 0.288502125690018 0.393615842820239 0.172094109188102 0.258926758868338 0.290439444084074 0.408955205352521 0.353119183224743 0.232640231539002 0.389748303539741 0.371953161234422 0.359163433895794 0.343843812483553 0.279994733235686 0.305443367201034 0.362728818753241 0.404178500915941 0.384192342299336 0.357059481034234 0.456972636532734 0.403316178215228 0.427018307785093 0.370216786343057 0.362340862822969 0.398054342426146 0.314436259595704 0.269668422526842 0.313009174980514 0.344092977448257 0.385499699210591 0.285179921534034 0.298503401800052 0.313657314356687 0.424260516672173 0.366628042642022 0.337281996666099 0.236720124801582
"brahmandapurana_khanda-1_u" 0.438150802554664 0.588090140054247 0.618138805047866 0.58170965993754 0.602955922624149 0.590678784083874 0.580576019534215 0.625162725770817 0.598545937198567 0.573639673118491 0.656064119007294 0.609036960693092 0.625727617210347 0.516323499407956 0.374786738054809 0 0.277634025202661 0.408887915233888 0.235176936676656 0.377598209893749 0.508714469377983 0.454044226137922 0.445523537344769 0.412673248782426 0.412436021506742 0.369965982763355 0.420556393522616 0.499673458012429 0.366332847282776 0.441839781165296 0.380951191715686 0.42346994139832 0.601518640610159 0.278327165745394 0.246813739038866 0.339301337186082 0.336323047248658 0.252434170172587 0.314980698965324 0.317820701572907 0.415953681168625 0.448560088654439 0.249028273228051 0.392771473493679 0.441534521618387 0.474980808292846 0.438753287121645 0.45853152235765 0.491640145926857 0.44370520525077 0.457654945256984 0.433859863260611 0.502784718192292 0.495500295277307 0.429630473364065 0.439345755139167 0.47858643083135 0.464359632003474 0.415581997335274 0.388849767561114 0.412998202381669 0.375854377083244 0.419212639677585 0.425177242585626 0.474330745053113 0.525173312548937 0.475320827443884 0.401869805235467 0.495197785625546 0.505772813245353 0.423909991252165 0.308812902238844 0.447344654950113 0.536010869598245 0.418687249881446 0.469077409325946 0.487670714555059 0.660690567473928 0.49209368761165 0.499696982790769 0.534087347116859 0.481400479824485 0.54829747967063 0.4956053747372 0.490976984784418 0.463531658554107 0.605515274570227 0.492010859179154 0.462470339170378 0.495165474200342 0.483390444097824 0.421533928810518 0.526501902193641 0.348970802560154 0.416020105882981 0.435820283951367 0.470414606318351 0.554045346494519 0.378613079917142 0.479949236509879 0.402951045283075 0.427888097096045 0.41687844808561 0.448432900408192 0.459302486349424 0.112619615939257 0.166248805081925 0.386776224330062 0.258381157426408 0.362859370343099 0.117601380896967 0.199865606065486 0.234447338624765 0.28853310994611 0.20303543414208 0.449348558847057 0.45493690841522 0.146005143602358 0.479099462734906 0.516818190910808 0.442029643029931 0.372188195108132 0.393637022727876 0.509897704505885 0.523729750326623 0.49607287512673 0.429948025214095
"brahmandapurana_khanda-2_u" 0.395919248253653 0.498727660422022 0.553634276684907 0.489741739951365 0.501394711375363 0.510394085581089 0.476945870327994 0.544245232659166 0.48817449865309 0.45441690239728 0.605810229607928 0.499209178199652 0.544019683242217 0.419390025273072 0.225161715799975 0.277634025202661 0 0.299291972251116 0.114306652728894 0.223090372550189 0.415882149883489 0.309330490208007 0.34894361513562 0.360917446334393 0.3084148281066 0.351511887848519 0.258512220020662 0.36921394386293 0.373324985202373 0.391139474760327 0.221535978125066 0.283035261836619 0.539432753808752 0.230247108583542 0.387988948770503 0.259694791309426 0.302545745585413 0.347263442030858 0.339525707092937 0.232834455224203 0.273385270262043 0.365675414556536 0.216816327990667 0.314157460472825 0.294234108006245 0.373221210075124 0.313826742322491 0.304736644989527 0.344145980125768 0.328334708917415 0.333801350453901 0.296260743524429 0.364124841199344 0.356043864899109 0.31409349561045 0.304438155377399 0.358434277049594 0.365954734556982 0.30413662466821 0.29734059710691 0.367497178213934 0.358639223838071 0.291335507876182 0.355767846159741 0.401475117771121 0.449284542996247 0.386364159996824 0.278241542904836 0.38091218404883 0.390047046405806 0.287284207155885 0.178699825457777 0.358044423990159 0.423833432882393 0.337168267054807 0.298088583998356 0.340777387902274 0.614957048886203 0.357643727096344 0.374757173801371 0.41054853933871 0.347215372633962 0.429849449287152 0.379688898435307 0.359523167134141 0.329887207742885 0.551373121701589 0.458408760773985 0.336520133205396 0.41163433776499 0.336100816979485 0.327755683734794 0.397115548130374 0.208894574833081 0.310701588638385 0.369690626520489 0.391303954776125 0.441130965467077 0.254227989493628 0.429529319956481 0.321190203210715 0.36444482428567 0.270633628553748 0.310947874497204 0.299546630609822 0.235789515847781 0.311254594632529 0.372067715171829 0.237963734553343 0.391384298537959 0.318157855114222 0.329486091063639 0.31603720577209 0.20557589726038 0.310491219405649 0.363981992684122 0.329449228434438 0.18872582646423 0.399330438598812 0.417348485893314 0.323839701977681 0.302122813211327 0.362865237320946 0.414758713247038 0.392865533148909 0.387264159418392 0.297445923198886
"brahmandapurana_khanda-3_u" 0.362374785050191 0.515241384315061 0.533356923959355 0.506014186106025 0.525854716440352 0.49023491927153 0.502445183983416 0.535492042271121 0.501657715290438 0.490218672638072 0.543936253207298 0.507661058293837 0.535041478471335 0.408086241981707 0.276788891893935 0.408887915233888 0.299291972251116 0 0.256810002266443 0.329801786838077 0.3638390130695 0.309124149486697 0.289866942128152 0.335559164221462 0.319759255837775 0.393491635121089 0.330466853469568 0.40424742757732 0.416486331982059 0.42350026717229 0.353789864940163 0.333198178715481 0.441611130849205 0.407118890688531 0.509095088636495 0.375367224738661 0.426261407995098 0.48837777161748 0.425804449745081 0.436981358909972 0.275799238483479 0.338622209575982 0.319008472003013 0.319026454505073 0.392255935938234 0.427938488890741 0.41577260997131 0.391451047836645 0.4138127482029 0.425954744257256 0.407940559170239 0.429300327749842 0.424572127518069 0.425396177495215 0.407664716045751 0.402597599340651 0.414156865399715 0.439863041884219 0.410355601063079 0.401093102125126 0.396687969628698 0.474432272835886 0.412258989779164 0.459706660231656 0.482247374455583 0.531400966183575 0.468087351287937 0.374859147958855 0.373946270355149 0.452114354120339 0.382518227976927 0.308589977349018 0.285050149053163 0.456506874520707 0.415424805363586 0.344643812981452 0.35014539872285 0.550096952829753 0.419248663212185 0.4349376270112 0.436262016028047 0.434358778818046 0.454629266757668 0.439001131358441 0.435512505969404 0.326593313507898 0.517193314418116 0.444286580881564 0.346805949145513 0.461918623531624 0.380194627353239 0.334557488833917 0.424825730265364 0.264179113828232 0.305870280775829 0.327910887075816 0.447943200051137 0.403901440011487 0.34677352286256 0.387749935281187 0.422851706094561 0.367774121273255 0.399320123925987 0.389698892442236 0.335668788316129 0.400131752733703 0.40927759617042 0.471119236243991 0.389328141651905 0.418930270981989 0.426363280476453 0.436496461622184 0.397480016397522 0.389521159759605 0.410799717192067 0.375428105677393 0.360998096747064 0.352479022843795 0.394756333723941 0.430637843539243 0.370297926922419 0.357640137977005 0.411057986837799 0.459748658638726 0.409977041050882 0.407405353192138 0.343775612102528
"brahmandapurana" 0.357620512617222 0.520209258980489 0.556813454651327 0.504072256837479 0.525655338525429 0.514233729492357 0.4952251874182 0.552290678201933 0.517649488018123 0.489008519884951 0.59719011798891 0.524530276949204 0.554834793343619 0.425211911743395 0.229713204332926 0.235176936676656 0.114306652728894 0.256810002266443 0 0.259735056254961 0.413365568792757 0.328082165084024 0.327124600508862 0.320645615047682 0.312400034808573 0.332235364849161 0.305898447996025 0.397444891870979 0.369361388747741 0.382593531821971 0.28338036008361 0.303240572155347 0.520405799810906 0.252298687533251 0.367903340675581 0.260872389785147 0.294124672884469 0.340972845534075 0.324863474054498 0.278442209345271 0.275312817327809 0.345615401686984 0.191157198697931 0.278167859509306 0.349099552640231 0.3922813093531 0.347420404070581 0.362100167682034 0.394075703818628 0.35112529132861 0.364302446719935 0.334118619840149 0.408673649020752 0.403182919303621 0.348885264940518 0.346083537076877 0.381497296124392 0.3798112778253 0.323745864121621 0.305418380909306 0.362470992911223 0.351044243445433 0.330692275174488 0.387299275417926 0.427304516922302 0.471913551389829 0.409973620487601 0.303607855995584 0.395772227164254 0.423615840433023 0.324786506274459 0.183525662209246 0.348059463584949 0.445591560856235 0.332249335549252 0.330425937298959 0.362389538504759 0.609413007956763 0.413405668599909 0.415778741690118 0.450588813647394 0.393974496717714 0.464215958709241 0.422549424787919 0.413010123991581 0.342937892901044 0.550379338478318 0.429678458706089 0.342467353391273 0.425066016664271 0.366998290302766 0.329733027903779 0.432956733673519 0.208468751122727 0.296763033174329 0.356674643558302 0.391532701787774 0.437536106179068 0.276686797838378 0.417157890388756 0.348034246314775 0.344916472836187 0.315312186893169 0.353707636035546 0.342800775292957 0.209901098798971 0.267164762969948 0.369888916639536 0.232168437222634 0.355855151105495 0.271682156162611 0.294627417556433 0.286415637066538 0.234463760273021 0.269774805539269 0.369679924397747 0.349242414854658 0.154434879121271 0.408164737346321 0.442938522739166 0.355215716243656 0.286804952394735 0.350587246477734 0.424883986510259 0.424533664796147 0.408704734502432 0.327246894748622
"brahmapurana_pu" 0.381043123402309 0.452144024447892 0.508611871428755 0.477254707866992 0.457198083112699 0.495797062279129 0.454736513752837 0.515548233272142 0.438723941374436 0.442909044590638 0.56999728594356 0.468644889192217 0.507111961850584 0.395713095734562 0.224386984755134 0.377598209893749 0.223090372550189 0.329801786838077 0.259735056254961 0 0.388056599976463 0.225990105766539 0.350503357079581 0.375204813846589 0.270953220821405 0.390146378742418 0.226541615605148 0.347855239269326 0.377937791941521 0.400596080221515 0.233829113274981 0.237190378068761 0.507520035806848 0.317769469472627 0.463940834176764 0.287890541499554 0.355251332982798 0.429502974053703 0.341402953699308 0.337706503668823 0.297966877498128 0.357439537120687 0.272558089243698 0.325873934866262 0.238101569324887 0.386806987843616 0.264214266440286 0.239221734908036 0.30938490578092 0.268806171071268 0.309740749229646 0.258572551207996 0.347813060803956 0.337593130729595 0.30102865875326 0.247493082096092 0.291341498547667 0.334841389600299 0.243718773894619 0.240531035778023 0.315877247735952 0.360849191132009 0.22224483762875 0.322292881506149 0.36338322913161 0.418694968464111 0.337248117485964 0.214527557351457 0.328240162692122 0.338531690693017 0.217545525375152 0.183288564347257 0.348159185279723 0.388781487335457 0.313251705103732 0.25473980125489 0.28926477266253 0.610928701977196 0.341652825888515 0.325956716789577 0.373460427602446 0.327123302580011 0.39096988143722 0.350686893754092 0.347782055306061 0.284821292438835 0.510960778088368 0.396315318816586 0.307124860424604 0.35124669703362 0.302547910515471 0.303685306282254 0.382601914399688 0.227804750750211 0.295266019452252 0.366600369931219 0.392034951812592 0.383399699758646 0.207064837784709 0.420229599022015 0.291816873814654 0.371440301051643 0.271597376612676 0.250864840686216 0.285409084110679 0.346622882169087 0.403332421834395 0.405249070600669 0.329692703063739 0.45966614520642 0.404017188199439 0.433578481286638 0.385242246026926 0.330371374990824 0.368761727214192 0.351468999498865 0.285383563369997 0.305348835145404 0.298504927180511 0.386567626088052 0.255225089288511 0.296661011334727 0.330795204854704 0.427178892188393 0.344618413786809 0.326151956763368 0.235029747214751
"devibhagavatapurana_devigita_adhyaya-31-40" 0.480181653715408 0.505441364907359 0.494823058247345 0.517174489730795 0.505552467276518 0.484025155389839 0.476062415485361 0.495269964543901 0.486698828949877 0.471903702693402 0.518301067564663 0.5133302185391 0.483715685375008 0.408922626766626 0.372778329822598 0.508714469377983 0.415882149883489 0.3638390130695 0.413365568792757 0.388056599976463 0 0.344058674711555 0.410369897175177 0.440629307343997 0.388740219152817 0.409392852666211 0.442770315150545 0.42144747196242 0.519191442539407 0.571631809785916 0.461992245812382 0.348491666617307 0.460237647507699 0.494414912354464 0.583235261098709 0.45763275265284 0.470834191485202 0.541997096244904 0.467157452781667 0.515211865810848 0.365965847747846 0.361610230552565 0.419002081734274 0.387469203149703 0.443010790837134 0.572018049549079 0.467681578310527 0.45811452202712 0.470988969828866 0.452500796969571 0.503297951214583 0.497493736845373 0.516346219298318 0.522561005215495 0.5240818452418 0.452674724752264 0.48528139985744 0.45336302982763 0.443612809669172 0.442963664349373 0.439006587153714 0.477040450067609 0.445484337878976 0.49932076418519 0.550248217437404 0.554977986362766 0.524959577082515 0.368862136719268 0.431911974817421 0.442888618279848 0.377112436239917 0.409056109652368 0.383450681192644 0.381948068271378 0.493628932248494 0.363676218712499 0.389784881188162 0.528363276497225 0.494078097124658 0.45671127098048 0.468643900749592 0.496760031622353 0.493754239930474 0.520962102401901 0.476875152922322 0.326647208658535 0.5213478868462 0.481683730411481 0.371947333874426 0.444201656376534 0.387563093683059 0.362630867691992 0.440707599919078 0.391018230249436 0.377299299685226 0.35588811288284 0.521929947349949 0.36920216049859 0.419473965215911 0.371178286229538 0.475482190090624 0.401854791871954 0.468907707841518 0.420783912778992 0.417510116754351 0.513549689487643 0.519377926217752 0.443071524000916 0.444816557498009 0.554948742857911 0.525226085989261 0.560430425773299 0.499671690749951 0.504207633787594 0.494596405402307 0.462772388706045 0.388977187543361 0.475684943197248 0.400892454533531 0.42734217351591 0.408443597514072 0.42403776309582 0.424468810159888 0.454781338495552 0.406039144105197 0.40791407173996 0.374813356506851
"devibhagavatapurana" 0.418616079455555 0.424113792524161 0.464427554358284 0.458355650936813 0.444834970605023 0.479592134364714 0.427864803004522 0.458522870696818 0.415733873475193 0.430211156975556 0.55467469929011 0.429388084940896 0.437791846884692 0.377907746610144 0.223170620902001 0.454044226137922 0.309330490208007 0.309124149486697 0.328082165084024 0.225990105766539 0.344058674711555 0 0.332514873833904 0.390698171576693 0.277406546191871 0.397177414078009 0.290916261996434 0.358795687928396 0.431257462704522 0.462156595190523 0.325392853200506 0.270484317968823 0.505920365386446 0.412502991934938 0.535060589466118 0.378717970600719 0.452429395797719 0.503086750447005 0.456765721163173 0.427493181383168 0.303690768968965 0.349248635773449 0.340640476870195 0.32828717997574 0.28268668231937 0.443379034156365 0.308811851449373 0.269180851954819 0.296040623792124 0.325082312917766 0.384537417227622 0.31113452905002 0.389220824466955 0.390158641505636 0.386590188612776 0.328919418178734 0.318039505118119 0.3974917320005 0.315250019041828 0.311581086316919 0.380128948744539 0.441590492469026 0.288553773487197 0.373782560372818 0.44400083396068 0.468193845084238 0.400780627009018 0.243797768270764 0.315453482656231 0.329779298378646 0.231020409543321 0.314130985829065 0.329661686164851 0.35227009163832 0.388604470143893 0.242795902191971 0.263687537889935 0.591979301787366 0.362235489593058 0.332726117903761 0.397697432218247 0.378215408870897 0.397814232274023 0.382556739402712 0.380857118691586 0.251532143787201 0.525079474603655 0.432612820546251 0.345999618613251 0.388387310140971 0.249818573009349 0.34210347690438 0.336416297386115 0.260231348077376 0.307445708126753 0.364578706425617 0.419758770650898 0.366195733479855 0.266222367573295 0.432739003902757 0.350920401867746 0.413860283193657 0.3468237519556 0.285160486762416 0.297839712941799 0.444580844361474 0.46091048541498 0.468577304689762 0.387447624910538 0.519458303164349 0.479601872866462 0.495824850348951 0.446901105888771 0.417423691517261 0.459502570746169 0.334509289011767 0.287386239545335 0.399410804067477 0.332218183549692 0.356808689785261 0.300783906892578 0.349594888612089 0.385250793838985 0.442037673194136 0.340576668392568 0.334947806295898 0.264218970293318
"devipurana" 0.347654829575339 0.512724159661855 0.516372352524163 0.485239290301981 0.496779552608822 0.489486472792446 0.515451675440411 0.536497920215598 0.500493803393998 0.527357148196769 0.552521286411514 0.503214819846598 0.500782893496402 0.41770961569701 0.258061260242209 0.445523537344769 0.34894361513562 0.289866942128152 0.327124600508862 0.350503357079581 0.410369897175177 0.332514873833904 0 0.346092264805903 0.310773537607717 0.447465890317682 0.365546081021481 0.410349972859983 0.477072313925489 0.476788754070974 0.387599168749801 0.307597551842558 0.490732618836094 0.454257696431829 0.544791606697342 0.414248722266329 0.470926369518221 0.53122625726417 0.478598302457091 0.454151834556103 0.332013113175244 0.366966704632599 0.324639868995877 0.330245391344033 0.439001076851294 0.47014625484199 0.445028593929416 0.424811021962947 0.419969278803772 0.452122890832456 0.444963794469065 0.435714144422588 0.434771220993949 0.442692644684044 0.458630950465684 0.428735628408525 0.439141755091968 0.456517637708122 0.429629895088142 0.413278243503233 0.398760971634522 0.474197293148973 0.449947057515356 0.498940071832279 0.525840761264857 0.569441764398991 0.518176815466977 0.393360861533723 0.408656302399393 0.43753396097245 0.391758193672377 0.328152704153837 0.274174321259102 0.397444711206298 0.428000951598931 0.349787599653835 0.333116586165212 0.578601558318607 0.434545454276206 0.425495703596817 0.410597574257654 0.44774757890052 0.454480849085226 0.435839226309334 0.437077673142107 0.330688265686145 0.478108031963678 0.428737810215106 0.336422069819137 0.449484869887111 0.388539484981919 0.333575770958855 0.470770350993623 0.298419282988412 0.337021721884845 0.329704896349572 0.481779587019528 0.407213687299967 0.33701333018788 0.390869092682264 0.452397724745439 0.416334456825501 0.423260177177142 0.396504987586298 0.339000526679775 0.436207506519202 0.471478515732129 0.433272151370156 0.439251408758079 0.459718065462514 0.470467885985629 0.487169888540068 0.412125054502405 0.426503001287809 0.472899341441021 0.394069832906858 0.340527999009998 0.383701954136564 0.398723558550876 0.428935812658717 0.386009635465684 0.400753679389243 0.408865005379824 0.508166393327555 0.4134615752964 0.405545374958841 0.370629608560176
"garudapurana_khanda-1_u" 0.229495240381511 0.540796905222154 0.542395621129376 0.532576545485787 0.554560207617912 0.507992333150103 0.53162172212458 0.565310866153924 0.547089901041986 0.52033387372437 0.598415440603804 0.542158109158698 0.543793842278302 0.43870426131831 0.299082962797624 0.412673248782426 0.360917446334393 0.335559164221462 0.320645615047682 0.375204813846589 0.440629307343997 0.390698171576693 0.346092264805903 0 0.340165769955993 0.410338884375646 0.40149590249478 0.46983098819209 0.445284845061679 0.464272316174765 0.4212116427699 0.419483413063516 0.540617997673133 0.45379659310541 0.530053679793896 0.394967151550968 0.42866285290141 0.48246244802531 0.457743137366411 0.464617702895614 0.36674413751105 0.374625753654154 0.311274401613835 0.283065849012555 0.472185245943646 0.486329470967034 0.448521962932397 0.484398277491933 0.509342194174236 0.458327976013393 0.443393571547449 0.45915037544997 0.496034930916065 0.481492913180639 0.459469291398027 0.471410989011987 0.48983478821543 0.446900958783961 0.418402111954414 0.421802845276209 0.42687139083833 0.458804583273503 0.446645377601095 0.499495291548804 0.523228047645733 0.568483905903137 0.501498428180283 0.387228201409374 0.465069359519257 0.507772037191615 0.418748064321718 0.33001167587732 0.291707694722013 0.495431595081797 0.431458444463536 0.450185728622845 0.446822628829229 0.561044306608912 0.516960668955075 0.504903691249527 0.528967754231083 0.490036824737423 0.544107920342777 0.511094246909284 0.546389931793925 0.382780966014005 0.522559818266055 0.435011187794543 0.434130802736592 0.483093042232295 0.482062801080529 0.384364027729285 0.522718047917608 0.334465614884739 0.340018917990972 0.329307255145771 0.424370404994598 0.471365321385229 0.37173436413136 0.428859714592408 0.430141003842113 0.436118113871169 0.441917836912833 0.42537808497221 0.438064355818436 0.427614623163917 0.427928020738779 0.429867881767642 0.400772367718882 0.457494887713698 0.426259953380736 0.474299672338442 0.418209539508733 0.442268775537925 0.43561994637801 0.391242026448074 0.41716411385687 0.388147481349657 0.413641676931107 0.456067542473452 0.408422865804865 0.363461213283548 0.344731450957456 0.435819009867828 0.477719849295157 0.442911449904262 0.372251953412394
"garudapurana_khanda-2_u" 0.382920010123679 0.454310133389793 0.456827114984633 0.474420434837453 0.457106421491587 0.463340994322164 0.403931580285219 0.450243746064074 0.442276154192038 0.440311511578096 0.535502935734324 0.461971403434427 0.405599496187318 0.375679262705897 0.212183882130082 0.412436021506742 0.3084148281066 0.319759255837775 0.312400034808573 0.270953220821405 0.388740219152817 0.277406546191871 0.310773537607717 0.340165769955993 0 0.354474817547154 0.344498601576683 0.438568482680035 0.464091797065976 0.493262309201702 0.353779713885176 0.312630443196435 0.456865535754772 0.414297856627858 0.508061308430704 0.38862066415732 0.421486798973917 0.463527832773178 0.412809358785103 0.440069195134411 0.337372335519716 0.298822546176053 0.315012153139452 0.313730498170324 0.350440987693784 0.484239310485572 0.357141713036046 0.340420408700347 0.349445114989177 0.339179638056003 0.41072339922812 0.387926873781043 0.413573110515974 0.418364468702937 0.427316289269965 0.336021470471912 0.332579759713572 0.398354805632946 0.302019783598449 0.280413760439557 0.290018165915306 0.349544142792436 0.335127161421013 0.426980656259973 0.489301419236931 0.481652734718079 0.395867158697565 0.279352737240717 0.410111446149162 0.404512014470394 0.311257655399474 0.280380239039077 0.298566071348958 0.334831991898805 0.416559736128206 0.332121080160702 0.346171895667524 0.602378481441863 0.418034940342572 0.364150362204157 0.414995669737357 0.394385974234216 0.433975680603719 0.431981397244835 0.426906519615713 0.287193516704821 0.499393625248247 0.398473416173882 0.358166947682441 0.390560417466676 0.373682738728014 0.338313921833777 0.444726280391224 0.231603916121394 0.285294931668189 0.318998975187902 0.435757141759157 0.364587215857445 0.277308280231354 0.388688201507488 0.419922244086277 0.359175325048815 0.393186063037559 0.332286357275452 0.360359952235431 0.40566089942796 0.422688139013734 0.378614012227314 0.396405430397617 0.484673513822581 0.435178381318168 0.47251354466121 0.382125319470979 0.417880947645834 0.395215290673449 0.335251058591999 0.274839544276527 0.363407405706949 0.309575364899027 0.413682601324613 0.290343183012269 0.304845372017877 0.27880737337372 0.433560656519931 0.399380191767434 0.321897747202388 0.254294947374989
"garudapurana_khanda-3_u" 0.475441936088667 0.575591263193768 0.571889785460274 0.579774967568792 0.57111362769938 0.548537234424077 0.533164567787282 0.552155701581 0.562154256749049 0.552685406280425 0.604085346291897 0.564659839497703 0.531498539703474 0.510080745949556 0.369936196203478 0.369965982763355 0.351511887848519 0.393491635121089 0.332235364849161 0.390146378742418 0.409392852666211 0.397177414078009 0.447465890317682 0.410338884375646 0.354474817547154 0 0.455664489544674 0.508661414573109 0.474258032473218 0.505798267715083 0.44020285262136 0.421129393809798 0.509681450935427 0.405095153056451 0.461904341719815 0.409149201528901 0.412920872690333 0.414858470913891 0.38599933533728 0.438278484704178 0.440024772441706 0.410871066971583 0.334838182125121 0.380488231682618 0.454401546750172 0.559624789278795 0.431483749651213 0.468392941607063 0.484197464413928 0.432675195255418 0.477053719702919 0.462026269867103 0.532795056537856 0.518726929765316 0.472243070911795 0.460864125958874 0.464284557971395 0.432771542280245 0.387888977404505 0.381824835874993 0.378524575117366 0.409906328607073 0.430949180435329 0.462277830179092 0.528903763730227 0.506786170336261 0.481861615487348 0.370048334941457 0.48867340960783 0.512368964080357 0.408432883000124 0.371691817675114 0.450303090069177 0.433034613521312 0.437136939409042 0.442741941822249 0.484437066633357 0.624194208579654 0.536479126177729 0.48184957265687 0.532764295418073 0.49611596560396 0.54571600332446 0.54166931835223 0.506090055767186 0.421651821975234 0.590705477085344 0.492826614276827 0.485838270578865 0.477010106867221 0.435725295223951 0.429994397169383 0.503186452967294 0.368047345797712 0.403821443337349 0.396841947844028 0.481327793737893 0.49487377914291 0.412639756574506 0.398702852295827 0.422178293030864 0.438411153417821 0.451649026776658 0.459366469907778 0.45428472084728 0.377530982638621 0.40387383167489 0.401418663458733 0.360992820260582 0.410159038993429 0.374933645834436 0.412037238261805 0.342809812406552 0.416911857999716 0.364640418519759 0.441473858723363 0.445518605174372 0.341099895124974 0.453203718338054 0.531443972742864 0.447982812331445 0.363682191162949 0.366537621229382 0.472331314498472 0.508413351457397 0.472440087057757 0.404206402231281
"harivamsa_appendix-29-30_mathura" 0.410243476257985 0.473113388658537 0.55577427105989 0.480731831149819 0.485957537138125 0.536347692667455 0.490421948043956 0.536473435886328 0.471740458189638 0.485927318279306 0.593251176369332 0.481620822701105 0.524834942692895 0.431781625125292 0.298631879604787 0.420556393522616 0.258512220020662 0.330466853469568 0.305898447996025 0.226541615605148 0.442770315150545 0.290916261996434 0.365546081021481 0.40149590249478 0.344498601576683 0.455664489544674 0 0.304681910057215 0.342287270001729 0.366852510620707 0.215653262285185 0.316001510957098 0.533624597321898 0.331159339800052 0.489028467029147 0.313182483588991 0.398520436622012 0.453217248683009 0.431325500137076 0.336956131805215 0.309136520910547 0.395261832097964 0.325266130976945 0.374206690830662 0.244181268921777 0.333656847619828 0.270163173945013 0.235314634852653 0.285158723423416 0.284479271501133 0.278142823587514 0.320922249253578 0.301914021366367 0.284974579333365 0.284741230601188 0.253901105528017 0.295177212969627 0.352578272705341 0.282415648249074 0.274963051837266 0.357109982872334 0.422450523275812 0.255268405856162 0.312817680396856 0.350273758567502 0.441996893985938 0.341164532401076 0.304629082570107 0.377863704380776 0.402358015713788 0.304575253327648 0.259891674550265 0.363200720895201 0.439566246731365 0.371562565542927 0.330716079164055 0.355202793020724 0.624843078739109 0.287722854273306 0.279410082966995 0.325599641893832 0.294772018820259 0.345288350445251 0.303320530548546 0.331705070248521 0.34271647511027 0.538668523770493 0.454922678488841 0.364113958421595 0.429272729862157 0.333437769302175 0.36403674392701 0.393230068481375 0.272198061653066 0.314363483745002 0.416847709280984 0.41846425733855 0.443522810098654 0.299747516760738 0.468722663008518 0.291200905991874 0.414725716699811 0.251608576955197 0.318794191150122 0.270762825146809 0.394501086568605 0.41056711535263 0.463515890693236 0.359321665918966 0.471404133623245 0.440414859509838 0.466826712448557 0.436482402172676 0.339566149113159 0.424826956650738 0.375175726442521 0.359640108434223 0.359807599930932 0.353124660865061 0.415209318071165 0.34361303717756 0.389682981803817 0.393121169975224 0.464435475289223 0.359902555397133 0.388468025631564 0.325207567502008
"harivamsa_appendix-31" 0.500918041639416 0.451862473935885 0.521918708345067 0.484622750312581 0.483053857622535 0.482557816079215 0.472013755337527 0.510303929712743 0.457937600618845 0.477064342829407 0.57657368049458 0.46798549452884 0.513060590505359 0.412577276488046 0.370490762006176 0.499673458012429 0.36921394386293 0.40424742757732 0.397444891870979 0.347855239269326 0.42144747196242 0.358795687928396 0.410349972859983 0.46983098819209 0.438568482680035 0.508661414573109 0.304681910057215 0 0.414960091025818 0.429934290796329 0.324914671203497 0.35903353475544 0.53004094837008 0.438388230675168 0.559898433577533 0.439066866859831 0.492104030594442 0.520359845194929 0.518394112118262 0.433872224539007 0.338222021966021 0.435259136739415 0.397762073437253 0.438725696793252 0.33180255246312 0.398590954572511 0.357888987131944 0.319483108221156 0.354708030969407 0.369050425509802 0.361701404128761 0.376407095880095 0.368066205457394 0.353039291993921 0.387518266734196 0.356000336543401 0.387573522897135 0.420565161081379 0.387502840753847 0.392827120736147 0.475504367265674 0.505195773887014 0.34738970212959 0.392331524604654 0.422107409787547 0.536104951546824 0.406968178880273 0.401310500263176 0.376599349275287 0.412967309426931 0.383533390860609 0.355306661480329 0.424065687889532 0.4631535014778 0.454645593227379 0.303536526188237 0.320619555245604 0.576976577377335 0.347593712088699 0.403036264237218 0.376614805649412 0.396275881763273 0.403936878143454 0.383715336398462 0.352489296481124 0.306234795364501 0.499271649796962 0.529010555600036 0.380227805044401 0.480843705973199 0.329465654916999 0.358496327323855 0.354656288510867 0.368376957730787 0.405271531985951 0.433193891870173 0.45034426497089 0.426310791550256 0.403210566543616 0.479839576350388 0.348137078113499 0.461299322336491 0.323363798748365 0.348552186363333 0.33605156924453 0.476614991691152 0.509192606169998 0.529934806857838 0.397109663032831 0.550012009867415 0.513156310808818 0.514997942274702 0.515859942840045 0.4396440639841 0.512441010690416 0.466107070546087 0.376087028492288 0.438509997550713 0.434845109112347 0.388554550049833 0.419224770736229 0.476929033287519 0.508539073666519 0.50585187092644 0.362280900114365 0.410302434175303 0.392197537052109
"harivamsa_appendix-41" 0.461370399218335 0.491295357103798 0.579368954393083 0.526078593512269 0.531317518572232 0.577721371531771 0.53040228385956 0.596194689960367 0.530105392292557 0.544293662138944 0.64789417174807 0.550636731636126 0.580087358929245 0.478286571779364 0.419402285646018 0.366332847282776 0.373324985202373 0.416486331982059 0.369361388747741 0.377937791941521 0.519191442539407 0.431257462704522 0.477072313925489 0.445284845061679 0.464091797065976 0.474258032473218 0.342287270001729 0.414960091025818 0 0.290729047138956 0.329116073227125 0.472162880059872 0.56913499344692 0.392456195694234 0.441714486539108 0.399144888344117 0.416393554018807 0.456174392314809 0.399101068649995 0.396193613136215 0.388300043471446 0.444640670121576 0.345159239735319 0.42737347734275 0.398587614981274 0.363703254084724 0.337300356373222 0.36883801427684 0.401721829183432 0.330824916936211 0.325068881313674 0.400860080956704 0.381634052094901 0.358120093248843 0.322287462128131 0.372863458204709 0.397859075016919 0.43659914716328 0.367264613272389 0.359917026908153 0.45756437521523 0.432574732111059 0.380331222791955 0.361559317590529 0.37640369834418 0.501193692343626 0.402996569177274 0.431163031172089 0.478197136098768 0.494384928636912 0.436283084417335 0.353492884924591 0.464024808118649 0.538782399768672 0.471173216553535 0.460066910721235 0.439790323494019 0.654769478977976 0.429344422353603 0.421962878117555 0.457605449943488 0.402731556459789 0.452513797709384 0.407414335116164 0.445816131041642 0.442161317144834 0.556092845005063 0.458019990715761 0.450802621100235 0.508495603206072 0.457377728850828 0.414016262648461 0.473430403129334 0.399371827224007 0.419841467790879 0.491679421449768 0.445829233580133 0.529606967475175 0.417879403624489 0.533004230591903 0.33791444192869 0.458623778619108 0.328802629466853 0.416591083389017 0.416867474850893 0.368234034183561 0.390362412121835 0.519072396462992 0.390269966010176 0.443059733758869 0.379382234410738 0.394761804734561 0.428887772175805 0.407687766938359 0.423411705879672 0.479455254018249 0.474192469337958 0.359816340009308 0.444229683942136 0.514386903785371 0.442092454092969 0.452621830195648 0.44751236627055 0.507389010281791 0.474490040269443 0.464755375717554 0.438918456228229
"harivamsa_appendix-42_pradurbhava" 0.475986250981981 0.559983466072785 0.636171329972149 0.575632642668285 0.573759634234541 0.61984153296271 0.594431253633241 0.634280178362546 0.556737400607344 0.586466110475393 0.670975589299442 0.576400569156446 0.636008980108977 0.522034338829715 0.434334367816966 0.441839781165296 0.391139474760327 0.42350026717229 0.382593531821971 0.400596080221515 0.571631809785916 0.462156595190523 0.476788754070974 0.464272316174765 0.493262309201702 0.505798267715083 0.366852510620707 0.429934290796329 0.290729047138956 0 0.337539876638903 0.489947935842829 0.613474268960728 0.433275789447071 0.50696967315218 0.436784184757608 0.461969176216354 0.50474239479688 0.450809530449954 0.436325571179962 0.407748183785885 0.522013598125179 0.37536661147751 0.453212022587444 0.432034822575823 0.333214165559745 0.375566991802349 0.406408202683919 0.413426685188269 0.398286016735505 0.249017417574395 0.401184608567928 0.334891277515032 0.320428952562046 0.282317815962705 0.396985655738267 0.407189516183473 0.473746289593605 0.423627624365245 0.397693497529046 0.517841399673275 0.485913769653544 0.42015212871498 0.427155010531657 0.424582291310674 0.541753720163164 0.39593316877379 0.458956762709309 0.456072779877212 0.53729201936409 0.47381617587168 0.381162135532755 0.493487641321777 0.594039907329012 0.443663527835608 0.480199279122113 0.47015316690769 0.677787698324053 0.423015704275003 0.467061777523238 0.4701756131682 0.424516893119512 0.450886040666179 0.387240941886995 0.459907607229457 0.483700894782511 0.601693737267786 0.511910071752796 0.469116835163889 0.513987291726189 0.482121321945382 0.448796625623391 0.517715725610246 0.414324834623473 0.4511175394896 0.519539618000921 0.456770230139111 0.572706480602464 0.418218464233237 0.577605397682854 0.407096861451744 0.512081426668773 0.36854448342711 0.447648798011317 0.448956395230558 0.418564227520964 0.456367725012969 0.560327088359621 0.43606241380562 0.391828313833155 0.450544672916447 0.453535869195994 0.48003350931229 0.4245247390239 0.462847977447538 0.501549678505134 0.490791223346222 0.389333362857859 0.492440086144339 0.540582450515132 0.471044397550462 0.470591292962367 0.462451657795927 0.540922482981517 0.51401082571355 0.505259512347693 0.463256393400263
"harivamsa" 0.436129837187613 0.455455585804806 0.546676581844915 0.464687578274977 0.46249277340224 0.51597746595468 0.475556210854606 0.541467113800976 0.451481854608107 0.455255729235618 0.609759928593177 0.463384888163922 0.545542616222642 0.420854391313971 0.299759424805378 0.380951191715686 0.221535978125066 0.353789864940163 0.28338036008361 0.233829113274981 0.461992245812382 0.325392853200506 0.387599168749801 0.4212116427699 0.353779713885176 0.44020285262136 0.215653262285185 0.324914671203497 0.329116073227125 0.337539876638903 0 0.352798035276264 0.571129902671881 0.28015452523819 0.45468638033596 0.343189431899935 0.383505892867784 0.422358276455937 0.408939383825059 0.293155827742087 0.324777885080916 0.439884753934321 0.322495857522959 0.400428504497043 0.213579255900871 0.302786315448068 0.245890914430522 0.19513441709787 0.270713907629435 0.25281286639666 0.263256079101236 0.289045109134464 0.25907557884759 0.249201827314966 0.244711718081809 0.219791130074037 0.277204115878556 0.368435665659732 0.318082050180237 0.301061880172308 0.393862112290904 0.438356863928271 0.245690128408914 0.314438623112331 0.325863539430392 0.438983336668595 0.353647665544391 0.298163216649781 0.37268993714807 0.38149752248365 0.300830841822127 0.26196793542608 0.416405140518007 0.442071170218388 0.396342254033848 0.320203529984683 0.342731618329328 0.641193729255436 0.258759252882199 0.283762319397448 0.285180886372572 0.247237558626333 0.328757981936931 0.242570352149658 0.250459899831891 0.368046752450301 0.55939135680884 0.483257953888379 0.379769474871323 0.438854344786347 0.340041570462483 0.3684762983384 0.390504347351966 0.268120385431444 0.364907297578096 0.445589384831554 0.406785233420186 0.465778782810373 0.281897688922392 0.508218382110839 0.316108489070911 0.432559379422103 0.21651173002462 0.311655301816526 0.284228963197883 0.346656674971545 0.40119726050513 0.473082259585453 0.317937768179935 0.450965976446933 0.41798792881489 0.412170422868122 0.428848190045134 0.291739335020536 0.40528930236515 0.401804747001135 0.361863064143474 0.323984519670297 0.395662395884004 0.455100182609329 0.338954899981578 0.364438764147641 0.403309264729155 0.445745150135404 0.380165571088072 0.406537323899411 0.336503941601422
"kalikapurana" 0.420079928836729 0.452560181333812 0.503018546008162 0.460497238024366 0.475756038048444 0.479243396507425 0.46371775617756 0.519485278013078 0.470490458802226 0.450165311759645 0.560980192837205 0.470059600462346 0.507770392890941 0.392684113382223 0.250131429304422 0.42346994139832 0.283035261836619 0.333198178715481 0.303240572155347 0.237190378068761 0.348491666617307 0.270484317968823 0.307597551842558 0.419483413063516 0.312630443196435 0.421129393809798 0.316001510957098 0.35903353475544 0.472162880059872 0.489947935842829 0.352798035276264 0 0.517656078073898 0.382177452308906 0.505431767171084 0.318607830292624 0.382914956258312 0.472649984666428 0.401591198608891 0.400590119236004 0.316820102628106 0.357842491051735 0.338876952273452 0.386393633001632 0.34355478494318 0.457314878828314 0.386251634519839 0.350696348249646 0.378285818368278 0.396795556782985 0.411743526014936 0.380788786762345 0.416687004156424 0.410566338218338 0.407729966281175 0.380273057768121 0.408354902774837 0.439287259369292 0.370738919436297 0.363768191647686 0.399301730448578 0.427664062767612 0.353913371612235 0.43257415847514 0.445963123666954 0.509151404052981 0.464614796451839 0.282074689191611 0.341524119326416 0.362491119458274 0.284114450476922 0.254449801873905 0.333314782022882 0.353051777227993 0.3638116071512 0.279176446428154 0.316537599257094 0.595809890802507 0.390436135696506 0.394155102420484 0.392151084637932 0.429400418216002 0.4380453684735 0.429991568835077 0.369248145329175 0.29245361941763 0.519065595021765 0.475908248089137 0.311857417915246 0.383294629770434 0.304217014862493 0.31729658406005 0.381891560267062 0.297696707806265 0.322859832496156 0.354292422258853 0.471959912912704 0.373535541330538 0.30788237238996 0.399453476302133 0.37194274628728 0.366892608229398 0.350932778839283 0.33382943782593 0.292261177156095 0.406038385519527 0.423155401643188 0.401087397293805 0.383390546263659 0.503733525606635 0.445059461101687 0.475787861154279 0.402697251906834 0.37166733752991 0.407145052559802 0.410069394789016 0.316682386618291 0.366142368422456 0.370818513594412 0.380785614255511 0.330649150336192 0.358281402514325 0.381216152568607 0.472837790731417 0.349535924185531 0.35154064410455 0.294552258489089
"karatoyamahatmya_pu" 0.579864735109527 0.569456923270196 0.547823712697954 0.567552927150428 0.564486023607792 0.533544362397465 0.539529310451767 0.536893355754566 0.536800135937178 0.564878667950352 0.568695147985136 0.560405059090267 0.533094622627247 0.484092180535253 0.503006495441828 0.601518640610159 0.539432753808752 0.441611130849205 0.520405799810906 0.507520035806848 0.460237647507699 0.505920365386446 0.490732618836094 0.540617997673133 0.456865535754772 0.509681450935427 0.533624597321898 0.53004094837008 0.56913499344692 0.613474268960728 0.571129902671881 0.517656078073898 0 0.596142210862186 0.657694985302311 0.570486675668972 0.60059567670336 0.627594067486562 0.550745833565922 0.617419319487011 0.471040880060921 0.444849802339867 0.524899807944814 0.504300966519357 0.562684055765705 0.636615285265309 0.555206537660849 0.561520385045622 0.55449522937386 0.540322399541062 0.574551585397767 0.574933457241002 0.595818187414826 0.601648315701276 0.606152348227603 0.550963328910648 0.548215497436675 0.567749777023837 0.527383054460995 0.513649439930277 0.496666957188194 0.543895904034293 0.560165905466512 0.592065742192238 0.630802631911119 0.615633912367125 0.544176782901894 0.528997337311547 0.557071499339498 0.565146633330089 0.536419345266735 0.531444579233778 0.489634629926779 0.533504381249369 0.611223348213801 0.524462503089063 0.474915188265894 0.596115133058924 0.609954129004256 0.581530421326486 0.598273665626787 0.612555287155297 0.609749370738546 0.628386376327934 0.61947707684394 0.421486412933336 0.547105161207008 0.503249391601581 0.493540814866972 0.595192869295817 0.525926202740045 0.482047596392311 0.540743257234783 0.460502895414834 0.471076936791059 0.484123662139325 0.58950935159328 0.448538516246017 0.513934500890583 0.474014198805871 0.553894118048922 0.493787939999056 0.552193396330901 0.507331301748375 0.547257998788346 0.593562255966872 0.612568087804796 0.561024678111588 0.566207391670293 0.569220049973915 0.617585998876012 0.631197279143833 0.540746687640957 0.607614176663497 0.57039913143852 0.543900963521384 0.475281777064922 0.554194528693466 0.505917472723834 0.554248627032648 0.523142678768669 0.50410437380267 0.505058374631358 0.578326789708728 0.539976670071633 0.502154120309838 0.502635780292872
"kirfel_ppl_textgruppe_I_col1" 0.476599080652961 0.558391175916344 0.6262581742937 0.573128346537591 0.560540550598703 0.586531871596614 0.559385973030227 0.616640318500886 0.554963458693933 0.504363395143499 0.657607366188586 0.580326943496613 0.623705416831679 0.521456985893211 0.360529801393631 0.278327165745394 0.230247108583542 0.407118890688531 0.252298687533251 0.317769469472627 0.494414912354464 0.412502991934938 0.454257696431829 0.45379659310541 0.414297856627858 0.405095153056451 0.331159339800052 0.438388230675168 0.392456195694234 0.433275789447071 0.28015452523819 0.382177452308906 0.596142210862186 0 0.345989784251956 0.245515346576737 0.321419545617976 0.284774788621527 0.360185563329478 0.163372476852312 0.388597620131006 0.443552835970673 0.32193084476282 0.419562179596156 0.33493242524003 0.40417855283975 0.353344460527546 0.350734745037071 0.40338724942167 0.374400620277537 0.384891695308009 0.339006194976977 0.418818458108715 0.409306847172472 0.360080825151289 0.362161806462321 0.415954301805529 0.424749071491945 0.366964111014609 0.354877516945319 0.415906500109906 0.412461957173145 0.347950754998645 0.368043184809858 0.415681386739274 0.461158790042225 0.411396962931491 0.352314384502095 0.458410996635927 0.430526564625896 0.366092297392657 0.28731586226472 0.483075517838545 0.520313233376553 0.396472860457174 0.40685906405221 0.458959857405598 0.684985188598327 0.37856098410789 0.406822125339138 0.422782937401999 0.379043846362966 0.46031219180758 0.410129786072163 0.375910364305231 0.443537688245369 0.608944503452951 0.52769236431672 0.454430417371877 0.474898442604672 0.440396796885408 0.409979578915002 0.474962828328651 0.330354723254829 0.411037413777441 0.474466255638676 0.461564561549143 0.527378675252822 0.349903340959192 0.477407317852528 0.360130173646925 0.427215051337172 0.331421799590846 0.401346213595047 0.394235961518281 0.237903482076092 0.343100788160155 0.409948893925946 0.285824910897879 0.408380166036715 0.309813208878326 0.317112625385217 0.321403575101665 0.155075956897652 0.335499258672662 0.468331920630908 0.424349945887897 0.230096811427536 0.462692709497961 0.481599507023831 0.395631493231642 0.368339460020755 0.43570573986775 0.466767440251467 0.479939403276803 0.465485157809049 0.393439996864373
"kirfel_ppl_textgruppe_Ia_col1" 0.539450913333303 0.64641461232021 0.681681840871276 0.637165982871494 0.658453740560912 0.656190359343109 0.634934703928684 0.682639593584025 0.6497219664509 0.631045415515318 0.715843963392804 0.669671769264758 0.676471568576909 0.597106725898548 0.477617599725484 0.246813739038866 0.387988948770503 0.509095088636495 0.367903340675581 0.463940834176764 0.583235261098709 0.535060589466118 0.544791606697342 0.530053679793896 0.508061308430704 0.461904341719815 0.489028467029147 0.559898433577533 0.441714486539108 0.50696967315218 0.45468638033596 0.505431767171084 0.657694985302311 0.345989784251956 0 0.444201401352466 0.395587233577372 0.29893247098697 0.386476267489779 0.361884519408771 0.497871485745494 0.546185163550853 0.376220993246425 0.503823093824314 0.503010873765031 0.532449633829279 0.506356176798767 0.51740456915167 0.550937148396187 0.50244387505932 0.530692273182179 0.487720688781733 0.566619031482924 0.558863893418155 0.495849070827663 0.511039875146146 0.526453566500724 0.524328068375919 0.48779760984929 0.463185488137395 0.490062868787474 0.464208184747274 0.491862476748889 0.470943625957673 0.527934999294123 0.565318127186391 0.534202569916856 0.477115807641748 0.557031895022545 0.556559417109271 0.499414990267382 0.411550873339825 0.557593630811138 0.597640698837311 0.464777201507519 0.544659128919129 0.564514085339696 0.72468517034799 0.547541522766912 0.547949668454829 0.58275127342194 0.541840267029711 0.593787161218104 0.5588949232329 0.536040250233552 0.543126650380134 0.662381274357187 0.58167859864301 0.552325760804223 0.546221736987711 0.544055850298953 0.496729535618239 0.591716089747405 0.456624599524978 0.523364817964678 0.531222786581915 0.544904573709583 0.617306477048803 0.471511345525348 0.552424766043567 0.459865065608362 0.49875752285678 0.478967708736302 0.50578720062819 0.531878104163934 0.250030632991492 0.305088541061845 0.470439434910681 0.363290426310118 0.461328184034276 0.267291911800038 0.205820402413837 0.329789109966572 0.376258419122383 0.317177951122699 0.532685051136771 0.524060465576532 0.296375479034285 0.543060420563708 0.581841515645177 0.50809547717107 0.425503497564587 0.466826171633053 0.585433919124746 0.589565341678292 0.570466843057673 0.515870253555376
"kirfel_ppl_textgruppe_II_col1" 0.405161348641588 0.550478889672678 0.601155908805689 0.545162104911476 0.550122778638138 0.564435073200881 0.543085993446805 0.601028429825912 0.546887312697015 0.506159051635807 0.622413025575015 0.57365327781439 0.607555320970494 0.491741306533005 0.327937362656936 0.339301337186082 0.259694791309426 0.375367224738661 0.260872389785147 0.287890541499554 0.45763275265284 0.378717970600719 0.414248722266329 0.394967151550968 0.38862066415732 0.409149201528901 0.313182483588991 0.439066866859831 0.399144888344117 0.436784184757608 0.343189431899935 0.318607830292624 0.570486675668972 0.245515346576737 0.444201401352466 0 0.286401622410231 0.347229059280336 0.307053879578042 0.275239782926791 0.386196529010782 0.413022183262413 0.320656734151057 0.369289558493341 0.363542851382285 0.41040198925455 0.399293590616722 0.381095096916506 0.438724924111892 0.399064770165104 0.396801456532582 0.35769950368772 0.429578843478814 0.420643611922603 0.378827402541793 0.388749208670356 0.443682492127366 0.421136152525426 0.374897246468425 0.36712888437928 0.395471824685346 0.400863461314004 0.341909516975763 0.407795456398217 0.406422337191763 0.446718876963263 0.432221531392991 0.332864997647801 0.424164376777244 0.427137495552563 0.343715408668414 0.254871402208738 0.418297238297493 0.496623382682125 0.362179156588479 0.387540359712014 0.449441708562839 0.658409204780501 0.412818551640064 0.43595264839682 0.458300459624066 0.399641169423647 0.475971920516854 0.438836985577181 0.407110523616006 0.418604734336303 0.583555695471025 0.484795039384451 0.425755778893327 0.428204890628618 0.438611265910055 0.390790443713434 0.476414565236155 0.323370288440052 0.352287083010184 0.454804939167595 0.436822544188834 0.489749209666662 0.344297667086178 0.455235142582221 0.373630470109404 0.410929248711175 0.35782154906176 0.383457554156036 0.378617611869692 0.322984405379925 0.35385254427742 0.417670154391729 0.318323194982619 0.426245408728326 0.374948382740413 0.394115060991292 0.373192634265834 0.277035118503405 0.373298260090817 0.457407390823964 0.424744133631414 0.295127886304004 0.420910409372673 0.45074813173771 0.36202545627479 0.366174397005865 0.404840701855439 0.411407961561913 0.429206589111257 0.445351939389446 0.338869607468076
"kirfel_ppl_textgruppe_IIA_col1" 0.420710028182596 0.54436199467687 0.581302749693455 0.526771180767666 0.559651232241403 0.59206315567231 0.561529733514153 0.59392399383088 0.560794816675937 0.530816083917154 0.627068015791906 0.585339911186856 0.608441192730357 0.486742416544391 0.38152207610336 0.336323047248658 0.302545745585413 0.426261407995098 0.294124672884469 0.355251332982798 0.470834191485202 0.452429395797719 0.470926369518221 0.42866285290141 0.421486798973917 0.412920872690333 0.398520436622012 0.492104030594442 0.416393554018807 0.461969176216354 0.383505892867784 0.382914956258312 0.60059567670336 0.321419545617976 0.395587233577372 0.286401622410231 0 0.301792104869049 0.275277787487232 0.299719050378535 0.416888545985793 0.448183349843235 0.339818425709127 0.406978931216605 0.419050394682213 0.471762475315158 0.417577500517099 0.428001206470671 0.477669774094635 0.420115585881245 0.439193683450385 0.41253208531263 0.478877213209417 0.463859754387139 0.417856104220598 0.418201816116619 0.46680320411172 0.45191486830905 0.390102333272153 0.365035828405334 0.384049932190152 0.389354176177095 0.398379197914657 0.42283858062164 0.4606099491266 0.479795524714397 0.465592726089126 0.348734663140648 0.46468798637967 0.434258236858027 0.367225369699777 0.29583430835916 0.456468490564626 0.505318808411963 0.389684894284388 0.462537087847193 0.495526204483097 0.659236713424995 0.485947829036547 0.486824041369503 0.519793494171651 0.469115568286612 0.531380691192596 0.499396161018392 0.449277572969378 0.478252642257818 0.594740844173002 0.510738267058789 0.454360501581766 0.452912215077531 0.466383628719347 0.423330639699388 0.525386212154159 0.36427755735594 0.408363266881723 0.444487889009718 0.446221602585434 0.533722969050475 0.389454742146966 0.504201962879712 0.410537456861653 0.388374100293971 0.396711072489355 0.409658335079474 0.419125172686974 0.323807018952525 0.306975412532142 0.418029841178366 0.347412409481591 0.451877345934768 0.3394574865208 0.377865209143365 0.362185430326981 0.337880650570595 0.324828600071888 0.477662098078536 0.457791845178 0.310144264186944 0.428212811083989 0.49314905283932 0.368418983554774 0.314619050898722 0.378053749885708 0.47005054334306 0.471447852216898 0.444217219522093 0.37381471881524
"kirfel_ppl_textgruppe_IIB_col1" 0.513694374743224 0.608008943776654 0.633917325068841 0.587097648619712 0.616930658721098 0.609073971345676 0.602444156726437 0.651886275036018 0.619652241437326 0.577890688758523 0.659973868165842 0.635800525277169 0.647580229779323 0.546689165269632 0.429091116574358 0.252434170172587 0.347263442030858 0.48837777161748 0.340972845534075 0.429502974053703 0.541997096244904 0.503086750447005 0.53122625726417 0.48246244802531 0.463527832773178 0.414858470913891 0.453217248683009 0.520359845194929 0.456174392314809 0.50474239479688 0.422358276455937 0.472649984666428 0.627594067486562 0.284774788621527 0.29893247098697 0.347229059280336 0.301792104869049 0 0.351230457880177 0.293182952391249 0.481883632599871 0.486532199871313 0.37318800697576 0.481197358320308 0.449240359673279 0.489206388562997 0.471499367500049 0.476471908809763 0.524183021553617 0.469582458100199 0.489985116389709 0.429178307862924 0.528659609619 0.523719652911553 0.46124288699758 0.467471801665715 0.509829280177078 0.485975195763051 0.451661362595402 0.427452992188752 0.441602117127656 0.424623947601377 0.433045506146731 0.440999905122289 0.483585109808153 0.519238918349513 0.495415530185631 0.428912715273685 0.539930843477396 0.486586532019652 0.442747824463158 0.390600497814583 0.509353759547532 0.549688506183313 0.469289448145594 0.501839496333928 0.546452084406218 0.688318001281261 0.507517462813321 0.52754553919953 0.555930150800885 0.49730078103411 0.564881836842845 0.525456632226919 0.492569465946491 0.50724882864728 0.623128757343223 0.526550706959573 0.518902244919412 0.513586487040303 0.505687810891957 0.479839881337011 0.545807759762016 0.407488157454309 0.462024595735218 0.494320774159884 0.51327814775599 0.581811464435728 0.450544183074865 0.538399397321907 0.437343130349969 0.427591796963073 0.438510542553385 0.447195735264172 0.497717915170006 0.24586008641258 0.255657743188371 0.399210180790386 0.319736960016386 0.466624407341924 0.279974660312364 0.338165815732769 0.31100687747564 0.318661924482969 0.268720118955829 0.514596655785398 0.491564296669169 0.286058706098997 0.505895575396349 0.563733277369858 0.450726560052401 0.399645310923589 0.448537901334965 0.489874472585482 0.530199972570712 0.50574268059601 0.442494426566137
"kirfel_ppl_textgruppe_III_col1" 0.461271584385149 0.57830186267202 0.601332186829427 0.57530081463862 0.585830025172577 0.581680834841022 0.586317415352437 0.619611163732964 0.579058436991216 0.542100416104553 0.620602950893109 0.598168921618999 0.623551638072727 0.503451698371702 0.382920685120196 0.314980698965324 0.339525707092937 0.425804449745081 0.324863474054498 0.341402953699308 0.467157452781667 0.456765721163173 0.478598302457091 0.457743137366411 0.412809358785103 0.38599933533728 0.431325500137076 0.518394112118262 0.399101068649995 0.450809530449954 0.408939383825059 0.401591198608891 0.550745833565922 0.360185563329478 0.386476267489779 0.307053879578042 0.275277787487232 0.351230457880177 0 0.389177399706852 0.427907434618515 0.474045599195318 0.325816255259137 0.409897860236002 0.43575955892915 0.502808051788649 0.449285427690824 0.451646919906658 0.498520474834576 0.445413713164636 0.451691820867718 0.419810155578686 0.500298165764701 0.486417416899278 0.410680337292299 0.435608209329617 0.480423315135665 0.466197399045003 0.422814113031556 0.384438201104443 0.416459366386989 0.40723462120774 0.415944756456042 0.422059825084026 0.447349794267412 0.491313571759695 0.454829907242983 0.353647657050761 0.450611947343942 0.466737511524839 0.374009868423555 0.314532218179702 0.463247023490936 0.531396333291201 0.372176420722629 0.455451173211764 0.48696286437095 0.655727409595506 0.505545887697036 0.515074452042907 0.539718424411559 0.483627265678408 0.53891795261227 0.526762690880768 0.489533084867717 0.483821477785436 0.5946733772883 0.484869303877754 0.45199354546735 0.457283235215603 0.477097970518477 0.427441662298423 0.534250787926362 0.377746774868521 0.41127169557999 0.439439929211485 0.438263971869573 0.52099512367077 0.388311379905446 0.472742467158552 0.402470811565052 0.447289011902285 0.435145402671097 0.416427129291578 0.443913537464238 0.306748539833689 0.329537918261464 0.43665787429469 0.368490234616683 0.39238431232965 0.333518972807066 0.359118173376455 0.340566310002148 0.384560058441261 0.33292063508589 0.480410565791375 0.452831868306306 0.303431393490976 0.459789764892859 0.530774210889763 0.407654132106068 0.314707603064911 0.35584659383841 0.434743359493363 0.484912321912636 0.459032668672993 0.372444975568194
"kirfel_ppl_ungrouped_col1" 0.48387996160735 0.578879784404752 0.625264886675469 0.55944024143933 0.570215200356658 0.610591415545396 0.560136336668213 0.620216297137512 0.555032991752328 0.523042855433217 0.681764070058646 0.59047216481559 0.623647771731674 0.518689593492343 0.382881133544422 0.317820701572907 0.232834455224203 0.436981358909972 0.278442209345271 0.337706503668823 0.515211865810848 0.427493181383168 0.454151834556103 0.464617702895614 0.440069195134411 0.438278484704178 0.336956131805215 0.433872224539007 0.396193613136215 0.436325571179962 0.293155827742087 0.400590119236004 0.617419319487011 0.163372476852312 0.361884519408771 0.275239782926791 0.299719050378535 0.293182952391249 0.389177399706852 0 0.385665209472323 0.466605573489444 0.31742328026977 0.437021769171071 0.350949734799198 0.39903818151936 0.365753906967149 0.360252677476511 0.418289061759515 0.398355386647911 0.391439600758018 0.351503596600985 0.425640461037449 0.414218192068599 0.359854990243358 0.37381694475992 0.438498833078962 0.444352464665759 0.382333716625582 0.366232678290297 0.442424956099419 0.422854087634139 0.36356069171957 0.391629262972534 0.416548832680973 0.461754250627596 0.417197144608046 0.397331533062184 0.458648668423553 0.440939062045864 0.393690724204624 0.297086928182136 0.48108402166486 0.517305981245731 0.409866581003093 0.41097834118345 0.457188430102431 0.687713277744623 0.390417885198843 0.427687561422087 0.452514349258001 0.395842508812723 0.484714817503591 0.424424579115905 0.377173157395924 0.446191608503695 0.607850777290333 0.532312674243888 0.453879747992576 0.465912212354659 0.43570454014449 0.424859808818374 0.475686748697983 0.35255432867826 0.440723453299951 0.500378098357645 0.451311391554424 0.552448711702207 0.357120304182403 0.523669895196713 0.338699575347509 0.454923377242941 0.317324218766972 0.373147095477281 0.377214402677782 0.280704436065808 0.342563290020658 0.439188062482386 0.27950825165057 0.442859540441656 0.335372778285765 0.367051997411701 0.36710587740782 0.179650649436301 0.35805329957794 0.479163948472226 0.430280144314641 0.275078366277194 0.467864782507921 0.48544834308715 0.388582319275023 0.411956968120717 0.456228118509811 0.460665620562567 0.469240053543198 0.478897793367344 0.411632173751888
"kurmapurana_khanda-1_u" 0.397184338904976 0.44821495984121 0.507878009679103 0.456714369699415 0.450172051161643 0.475391437213701 0.466021198471445 0.516970776597746 0.419167503791068 0.429247625508055 0.579452614523156 0.459915819294372 0.52149525547174 0.362940749706883 0.273990815186249 0.415953681168625 0.273385270262043 0.275799238483479 0.275312817327809 0.297966877498128 0.365965847747846 0.303690768968965 0.332013113175244 0.36674413751105 0.337372335519716 0.440024772441706 0.309136520910547 0.338222021966021 0.388300043471446 0.407748183785885 0.324777885080916 0.316820102628106 0.471040880060921 0.388597620131006 0.497871485745494 0.386196529010782 0.416888545985793 0.481883632599871 0.427907434618515 0.385665209472323 0 0.297594919977325 0.289507390705791 0.304117858509771 0.371193241026637 0.407257487686988 0.391459552097082 0.363281099379601 0.397158837192453 0.409776011327229 0.378197004125071 0.364849926139166 0.401268150181686 0.400039064160233 0.384927453435462 0.36887589058621 0.392179779658846 0.42595194796229 0.38250033905374 0.36858963579195 0.414380747340035 0.45924487994091 0.388829354531162 0.453599893347695 0.473076225237457 0.514953306051623 0.433414479660305 0.355870555697968 0.367184818667347 0.415758882303581 0.35661527027514 0.293091593086875 0.294402291969306 0.436210959742044 0.412156037110449 0.295249305057506 0.273399776953757 0.561815800507495 0.388522242580243 0.432365457657639 0.415352540173021 0.431733369919992 0.458498650862636 0.416333655312008 0.389880124466886 0.26508034074321 0.483277440628221 0.467869066340093 0.271807463420343 0.431913722117521 0.327179141444348 0.251550536738819 0.385705536344722 0.258338824062644 0.322543504632179 0.332262579060132 0.409286580564889 0.388098922062352 0.298182666124774 0.3884767952657 0.362559151113491 0.375685111319148 0.338886058496648 0.294374281642631 0.283291557982166 0.395387098092653 0.433011211822354 0.485881467768667 0.359991686615933 0.446878192178264 0.42113142738005 0.444903906884274 0.448123853237432 0.378651189449875 0.43882219435975 0.363677235044775 0.318985725953247 0.341448199076043 0.375711728283862 0.361531520636602 0.331679445991846 0.371228552214133 0.389445757301838 0.467559592261158 0.389758493898748 0.387616584968147 0.329535160425712
"kurmapurana_khanda-2_u" 0.391964375382863 0.487464516031146 0.495590550843118 0.500038171404547 0.505631156209523 0.502483240047105 0.471193837740842 0.524278251689977 0.511927039626189 0.501546093344436 0.550537233454271 0.532755594888926 0.497872243104729 0.434595310977391 0.314937795393043 0.448560088654439 0.365675414556536 0.338622209575982 0.345615401686984 0.357439537120687 0.361610230552565 0.349248635773449 0.366966704632599 0.374625753654154 0.298822546176053 0.410871066971583 0.395261832097964 0.435259136739415 0.444640670121576 0.522013598125179 0.439884753934321 0.357842491051735 0.444849802339867 0.443552835970673 0.546185163550853 0.413022183262413 0.448183349843235 0.486532199871313 0.474045599195318 0.466605573489444 0.297594919977325 0 0.340130526929511 0.320032513824811 0.421750136967297 0.501830378262606 0.426538098977363 0.433544023766597 0.435074793337593 0.405346161448768 0.47290459581749 0.462910849886948 0.480042578390106 0.488198455975823 0.487204563097869 0.422475086023369 0.45104695556433 0.448727894185619 0.350435769962285 0.371506113797215 0.353199011908623 0.364172681286366 0.410137085180823 0.480886576644005 0.521783305633073 0.516449614737914 0.468381494942829 0.383472971585985 0.471360760762482 0.475078321164669 0.407090117448166 0.342267678568082 0.304560984992238 0.378928443223229 0.47007601694055 0.38664720353218 0.401720943875213 0.566619672274062 0.469771070179759 0.445714517616183 0.472916585530616 0.472690729302476 0.489545723486545 0.503551114724734 0.469057937418342 0.312276659472136 0.496941382487597 0.428249162403755 0.365043806263989 0.469212359514609 0.416542225627035 0.326719002981836 0.456784163603162 0.318842479681688 0.297604779687325 0.305313443714376 0.499434590725676 0.401691550668918 0.373330695581156 0.341320292513043 0.436959947240681 0.320803909356208 0.420255005193484 0.388338074126108 0.399159890389096 0.448359790927014 0.448493745190973 0.377791710516033 0.419241009787311 0.510196195597952 0.461641029184142 0.501185613502383 0.426818931197262 0.455706214987601 0.437007045333158 0.408078468649402 0.371941361871354 0.403881185072618 0.353477813020406 0.446395858583241 0.407185577906453 0.403389569405775 0.352553152221868 0.492395090797599 0.471286145707699 0.410873943931271 0.388738390759916
"lingapurana_khanda-1_u" 0.354893510285854 0.549875970632581 0.57608436673948 0.542007182608348 0.552473990169304 0.522128667973116 0.528442971918702 0.570038120271317 0.530144174662127 0.531527430356061 0.60900760721678 0.552767109330678 0.553035489735182 0.448008004513303 0.257749293675805 0.249028273228051 0.216816327990667 0.319008472003013 0.191157198697931 0.272558089243698 0.419002081734274 0.340640476870195 0.324639868995877 0.311274401613835 0.315012153139452 0.334838182125121 0.325266130976945 0.397762073437253 0.345159239735319 0.37536661147751 0.322495857522959 0.338876952273452 0.524899807944814 0.32193084476282 0.376220993246425 0.320656734151057 0.339818425709127 0.37318800697576 0.325816255259137 0.31742328026977 0.289507390705791 0.340130526929511 0 0.251175749309041 0.389244389380884 0.410964634853943 0.374777587461897 0.394965643171901 0.433632396055305 0.387225461185316 0.396180889296539 0.364662617305277 0.449124459107246 0.440474444775906 0.371920133589238 0.388124389396246 0.415774219734752 0.38864019061338 0.343462036975577 0.313974407979286 0.358942948071281 0.33832283377687 0.36973852884013 0.383508388852213 0.42839104610603 0.484779562410772 0.413630718721638 0.336105666881696 0.409421080411838 0.464094125911412 0.361112527088003 0.216554606615276 0.348102781252936 0.442781351838308 0.358912119656805 0.370156154423018 0.374142150943336 0.599753399574067 0.44519913695251 0.4372364060865 0.475292923475687 0.43306022415201 0.490140830225962 0.4531255118313 0.447367900132898 0.338036748541963 0.520754298297819 0.420289610481911 0.363151313003799 0.430414901557397 0.393284789034148 0.302480256569747 0.453391667832846 0.265798523951025 0.325091103360263 0.328167149117193 0.395578549137066 0.459990572719301 0.284531427589053 0.388248172442838 0.292038504974873 0.387674210774427 0.335668614469779 0.350599460020637 0.374897289578916 0.238408602528165 0.292435941319291 0.380984566783147 0.249740525892461 0.362465680493295 0.275114157994481 0.317681312366838 0.274284894920767 0.301321294232596 0.27880546381883 0.403341620951139 0.361476582378977 0.186707903393637 0.390825435212518 0.433196861149928 0.364540446375407 0.318807716261115 0.31695504750973 0.455109859978317 0.463479776847978 0.419358365502657 0.358483088165345
"lingapurana_khanda-2_u" 0.308562573194521 0.53846260892452 0.559686614272445 0.54473266493628 0.545368330462903 0.484235377402307 0.543159040790347 0.556841484530955 0.536145842602818 0.522038384182212 0.566962436662129 0.548208521829861 0.537964278418335 0.451782870642626 0.270894294014544 0.392771473493679 0.314157460472825 0.319026454505073 0.278167859509306 0.325873934866262 0.387469203149703 0.32828717997574 0.330245391344033 0.283065849012555 0.313730498170324 0.380488231682618 0.374206690830662 0.438725696793252 0.42737347734275 0.453212022587444 0.400428504497043 0.386393633001632 0.504300966519357 0.419562179596156 0.503823093824314 0.369289558493341 0.406978931216605 0.481197358320308 0.409897860236002 0.437021769171071 0.304117858509771 0.320032513824811 0.251175749309041 0 0.435096003002252 0.454483473599898 0.427667564973187 0.43961309706298 0.469160779063811 0.430199848689358 0.434888419518733 0.411274020887587 0.47467449649908 0.460606294377129 0.448703745397372 0.429447566273018 0.449125273743465 0.420569055016823 0.376646022011762 0.378023561099973 0.362069936729083 0.414667778534819 0.400603690982511 0.456779350962761 0.50265078391554 0.54361894072678 0.465753324895061 0.338454515085756 0.414279778283906 0.485252988811628 0.372702475741018 0.293160289174753 0.304355522943703 0.483511168337376 0.404037526054849 0.40391072107196 0.399010866424484 0.553799324070439 0.487609234212286 0.478904605911261 0.516105399205351 0.490941607110138 0.515411763991027 0.498839022428994 0.527340708916055 0.335126268016342 0.517587940999364 0.409361963230258 0.401393551932117 0.472074813443318 0.425816073750906 0.321436848790039 0.486271582943257 0.316565665772914 0.271864235134063 0.286061941820972 0.410447118160993 0.448058384722985 0.34967092140659 0.393848084537284 0.39497857791391 0.425340284941131 0.398851032896023 0.392707298069184 0.414581629775734 0.397662832997761 0.423428321809016 0.384423945346694 0.369575224211628 0.454411739216283 0.408642276269104 0.436228738286285 0.383287514891 0.411387551957131 0.40528767318785 0.381305732868658 0.42050539001114 0.34673855505852 0.385937521336379 0.439991119278606 0.398568168536633 0.353424135663409 0.374298526684191 0.439445014770964 0.474751449005487 0.425930184347933 0.34964839314345
"mahabharata_01-adiparvan" 0.4981257735835 0.438568557509228 0.521600217090991 0.493273101700641 0.483264892492015 0.525757294147164 0.430887441084137 0.493716833739184 0.41896903457782 0.453891970762239 0.591684512794151 0.467049304812199 0.500463743597643 0.440607828651129 0.343842671690177 0.441534521618387 0.294234108006245 0.392255935938234 0.349099552640231 0.238101569324887 0.443010790837134 0.28268668231937 0.439001076851294 0.472185245943646 0.350440987693784 0.454401546750172 0.244181268921777 0.33180255246312 0.398587614981274 0.432034822575823 0.213579255900871 0.34355478494318 0.562684055765705 0.33493242524003 0.503010873765031 0.363542851382285 0.419050394682213 0.449240359673279 0.43575955892915 0.350949734799198 0.371193241026637 0.421750136967297 0.389244389380884 0.435096003002252 0 0.376010246555299 0.1964220203265 0.116960316577363 0.226264203876901 0.237704320293588 0.30464956271315 0.288446305723741 0.292108553701438 0.297730572013724 0.303285191458157 0.201297567101478 0.247556773750501 0.360400700033998 0.270042357500016 0.278038074131063 0.384759607629029 0.443899812437426 0.141282029743196 0.246023571265935 0.311609124727879 0.385049285867132 0.330219481677363 0.26978071567476 0.358879914777351 0.304379748247189 0.24025058320224 0.324795006380153 0.442923519305585 0.431766428246632 0.392486723995943 0.316376452272498 0.338514061431998 0.649179644127138 0.262373477312132 0.245493848380665 0.291414806460201 0.261432546834149 0.321212298261266 0.296736051804498 0.261478961192347 0.356433174235418 0.570339502196753 0.490116945182448 0.41038345263046 0.418975593114811 0.32067920567494 0.393370068727835 0.341674699274035 0.307248340079747 0.35726840485934 0.465874576619309 0.438997249273805 0.446041811530778 0.306472088863178 0.493673804911728 0.301301937554325 0.441731950741697 0.229273989029812 0.297695029317099 0.285647689015302 0.414842234117301 0.440830314719924 0.477315347838619 0.363014015398868 0.516505255131198 0.474728236314864 0.47626692534886 0.464248504178083 0.347217947281896 0.440685110684422 0.400894417486395 0.348187338748765 0.38413267851224 0.37916809623863 0.436531786488949 0.313607408967136 0.381757891784876 0.430938853980125 0.463399135769545 0.328994965946995 0.374857668650544 0.301987146525933
"mahabharata_02-appendix-21_sisupala" 0.471014586851006 0.542573693206396 0.616454354185666 0.541849823199057 0.557374332029553 0.599338709430864 0.560681431275958 0.616993192174017 0.533158704191648 0.534817415217191 0.660895205198961 0.563902513879768 0.62305236490386 0.482701723790999 0.421665380669206 0.474980808292846 0.373221210075124 0.427938488890741 0.3922813093531 0.386806987843616 0.572018049549079 0.443379034156365 0.47014625484199 0.486329470967034 0.484239310485572 0.559624789278795 0.333656847619828 0.398590954572511 0.363703254084724 0.333214165559745 0.302786315448068 0.457314878828314 0.636615285265309 0.40417855283975 0.532449633829279 0.41040198925455 0.471762475315158 0.489206388562997 0.502808051788649 0.39903818151936 0.407257487686988 0.501830378262606 0.410964634853943 0.454483473599898 0.376010246555299 0 0.399733279457868 0.362404413836004 0.412644394733597 0.41172548107943 0.305829796807629 0.352304009910685 0.335322360174698 0.308808819796346 0.311336104361265 0.376420072569094 0.423258536176036 0.481453921278005 0.446834900018924 0.439851215802923 0.523912057889656 0.52782056558307 0.391966518567655 0.430084937857393 0.355293313084547 0.545140255213896 0.414993636326313 0.447103915597869 0.441851744908267 0.495600131939484 0.44795306526705 0.384623490321411 0.459068382341109 0.578598046003383 0.460544536924626 0.43643007040892 0.443364057136388 0.656838917084277 0.340643010593611 0.450214495519439 0.422881607993534 0.373583313337338 0.404510961186285 0.330234153058502 0.378452879933312 0.464706293917334 0.569177682511811 0.481381683614287 0.47867317220857 0.512519503724385 0.433948135613289 0.465432936073688 0.451738531243948 0.428689171264279 0.440805403144267 0.518801781829721 0.442867321944516 0.538848444968237 0.423055646797794 0.571875882491741 0.37937852941016 0.500968762489581 0.333365899279584 0.395451265336567 0.396614257471821 0.446725328164176 0.469611217780713 0.556581444803579 0.435621510426147 0.481226132319978 0.489565284670869 0.49445919147496 0.517566028091419 0.385424304377497 0.493083192252502 0.46884422103091 0.473806858153949 0.434120669240436 0.490040146879162 0.503956416531532 0.44744078590342 0.488196916223314 0.506839524532195 0.524255371290179 0.469594567479984 0.476915162669773 0.446161844343565
"mahabharata_02-sabhaparvan" 0.471725230476958 0.427818162585583 0.521486256507772 0.489476624105743 0.468620896669163 0.527652569864492 0.41301715135864 0.473551944538923 0.438959534158347 0.473838231308868 0.589178870525055 0.472985870520285 0.476179928521917 0.445879717694159 0.361297448325152 0.438753287121645 0.313826742322491 0.41577260997131 0.347420404070581 0.264214266440286 0.467681578310527 0.308811851449373 0.445028593929416 0.448521962932397 0.357141713036046 0.431483749651213 0.270163173945013 0.357888987131944 0.337300356373222 0.375566991802349 0.245890914430522 0.386251634519839 0.555206537660849 0.353344460527546 0.506356176798767 0.399293590616722 0.417577500517099 0.471499367500049 0.449285427690824 0.365753906967149 0.391459552097082 0.426538098977363 0.374777587461897 0.427667564973187 0.1964220203265 0.399733279457868 0 0.18653391373359 0.214762012791615 0.153602680726261 0.262348781885458 0.3011787702041 0.333352180906516 0.314868536697605 0.283234924779569 0.225505525054289 0.223686828793912 0.356722636853856 0.191701952584073 0.196437628244508 0.38953357528197 0.403541950162425 0.191469702290163 0.260329146394817 0.348449282318732 0.367662827370408 0.273156299227274 0.293916994790566 0.396314894613492 0.369056299631348 0.28932509241549 0.306588480782207 0.44942654273863 0.426983231053019 0.390520567196543 0.369951410943719 0.356552769829048 0.646460177354232 0.314899583978045 0.258880871099095 0.333228839139464 0.255289818832689 0.323513451661708 0.314269849793635 0.323399716631486 0.361765091840773 0.559048560729454 0.443488326425581 0.419138679167241 0.43459723104028 0.368679341220301 0.416304760855056 0.388408925877997 0.322940218629447 0.374606572758351 0.474859054968546 0.417704730728485 0.45363179982035 0.303282273993366 0.494053066453748 0.323776926285424 0.433646194695446 0.247500593313374 0.342004802897242 0.354908473326044 0.407531149522496 0.444815339582943 0.474916623806722 0.370431374610023 0.489992188859806 0.462607084066603 0.467037962908839 0.44976689366116 0.371552264591718 0.431962776349701 0.414028667154984 0.356455449378657 0.382406178639766 0.364583901066934 0.458109673033751 0.363258642281347 0.390642520585478 0.39542159672932 0.476742827446572 0.382061048433944 0.411344946738563 0.348489849590748
"mahabharata_03-aranyakaparvan" 0.491614281517428 0.418029261302621 0.511922868336546 0.474401789982916 0.457588088279336 0.508900394556691 0.412072022956413 0.485071267370795 0.406898941605128 0.448238391364348 0.590254895238842 0.4402415811292 0.472617383216344 0.412509493175142 0.343612236519028 0.45853152235765 0.304736644989527 0.391451047836645 0.362100167682034 0.239221734908036 0.45811452202712 0.269180851954819 0.424811021962947 0.484398277491933 0.340420408700347 0.468392941607063 0.235314634852653 0.319483108221156 0.36883801427684 0.406408202683919 0.19513441709787 0.350696348249646 0.561520385045622 0.350734745037071 0.51740456915167 0.381095096916506 0.428001206470671 0.476471908809763 0.451646919906658 0.360252677476511 0.363281099379601 0.433544023766597 0.394965643171901 0.43961309706298 0.116960316577363 0.362404413836004 0.18653391373359 0 0.161873492093295 0.194995647051821 0.27244713656845 0.298529748224743 0.254454062889079 0.259514519785713 0.271257408524484 0.196724415606107 0.19275259035784 0.375715793123226 0.265429322134389 0.263742182162422 0.39078299143905 0.447612260314889 0.168454096583295 0.262380797784081 0.319395761994833 0.394621014381493 0.317959011583255 0.282381846165409 0.358123073685646 0.32680374196857 0.255307123804961 0.317106521042566 0.436320590433142 0.409372410160102 0.413013301432444 0.295980381646948 0.324744557540526 0.652741333287982 0.260856665727811 0.215668828490472 0.266737883185415 0.229629277389963 0.27847184406466 0.257872610801061 0.238425768269347 0.359918156271924 0.551287875461695 0.475316695731008 0.409344544426946 0.413521904255699 0.315956174971027 0.405054569568924 0.340063390330793 0.311252621445761 0.362153067865218 0.477445778714121 0.425646137180564 0.437387271852761 0.297990849021322 0.507665822568931 0.311805989613473 0.448291314746661 0.234926686912431 0.292454245524618 0.276064631880448 0.425671677450762 0.454807405033385 0.491217217243655 0.37194992804233 0.510232388126248 0.482147721423402 0.486773115675618 0.478552701238056 0.359431616053588 0.459386662978957 0.390003470325192 0.341952080810058 0.396085363860865 0.369253123615477 0.42666012177745 0.320261112421645 0.39525738377702 0.428607211153653 0.475387636561171 0.342142241379797 0.371237257612724 0.300179806665458
"mahabharata_04-virataparvan" 0.501350894758396 0.40692982927907 0.503426023881595 0.468672084073767 0.458466492791507 0.528200684838104 0.411930731446934 0.474144602529051 0.43524203871395 0.463452940590888 0.601377340461212 0.447365024201444 0.433293375563141 0.43735779670748 0.373947890129297 0.491640145926857 0.344145980125768 0.4138127482029 0.394075703818628 0.30938490578092 0.470988969828866 0.296040623792124 0.419969278803772 0.509342194174236 0.349445114989177 0.484197464413928 0.285158723423416 0.354708030969407 0.401721829183432 0.413426685188269 0.270713907629435 0.378285818368278 0.55449522937386 0.40338724942167 0.550937148396187 0.438724924111892 0.477669774094635 0.524183021553617 0.498520474834576 0.418289061759515 0.397158837192453 0.435074793337593 0.433632396055305 0.469160779063811 0.226264203876901 0.412644394733597 0.214762012791615 0.161873492093295 0 0.212816187089931 0.295838593292996 0.332504681279447 0.276347428877786 0.261025035108875 0.313089638909447 0.241787831446542 0.205292131345516 0.428325399600674 0.284845205477518 0.284969815610902 0.425238682818442 0.453636456803332 0.244749097330764 0.330996858181264 0.3987320419517 0.437709203076024 0.357185594851146 0.321316804684762 0.395139853802936 0.361704875587382 0.303513225822762 0.360183482305409 0.439969349230281 0.398343976444747 0.455742356709029 0.328588107310993 0.360220084427068 0.66571542935413 0.313972528361968 0.228408559145627 0.280453250610098 0.257962062067122 0.24884552246284 0.274840449408976 0.289775174967175 0.376839857025375 0.54907618351494 0.481328790859818 0.437279048744747 0.445080775538213 0.344224809903763 0.443395258710218 0.369095853517702 0.346548157984336 0.392172313285303 0.492141497214668 0.455222107422927 0.445946284757634 0.350762174817603 0.513289916837165 0.377114358583795 0.45886211630808 0.291279204009451 0.359889922848923 0.337351119100395 0.457976385800802 0.494609155397912 0.509453881923115 0.413574934750011 0.533704194994352 0.517440790337552 0.515514335746546 0.501967711506756 0.416234766661538 0.505366101100507 0.406953859552593 0.368327755441163 0.431025604605364 0.368729862725739 0.441126156326698 0.365550205567326 0.431751825242243 0.444997425977521 0.520400198919075 0.362515514686166 0.398108766821661 0.35186142663539
"mahabharata_05-udyogaparvan" 0.478642532759133 0.419235476957913 0.498697450990738 0.46202652543918 0.451417665073005 0.501290841851936 0.39666248024689 0.46604587699491 0.457530541359446 0.476429115878199 0.581989488368271 0.475384084020786 0.441099794403087 0.43375957263603 0.363408173579458 0.44370520525077 0.328334708917415 0.425954744257256 0.35112529132861 0.268806171071268 0.452500796969571 0.325082312917766 0.452122890832456 0.458327976013393 0.339179638056003 0.432675195255418 0.284479271501133 0.369050425509802 0.330824916936211 0.398286016735505 0.25281286639666 0.396795556782985 0.540322399541062 0.374400620277537 0.50244387505932 0.399064770165104 0.420115585881245 0.469582458100199 0.445413713164636 0.398355386647911 0.409776011327229 0.405346161448768 0.387225461185316 0.430199848689358 0.237704320293588 0.41172548107943 0.153602680726261 0.194995647051821 0.212816187089931 0 0.28857438164609 0.313326337254852 0.323043180339093 0.313341451508431 0.310391714197692 0.219163437812893 0.201676659297111 0.351554997112652 0.163543784313527 0.206643888030415 0.371913458336199 0.384324138045289 0.189079897538654 0.268402796526549 0.357192013608531 0.388185981298837 0.277216777111057 0.285536104793052 0.420856613907139 0.378883177121582 0.296766012833065 0.307554049254502 0.454723084556321 0.385754482949105 0.449478801411969 0.368997440298346 0.374894781514953 0.659330097409942 0.338425626771378 0.242081157699811 0.340105214159626 0.273837452255711 0.314725091518981 0.331862315890204 0.339347345967788 0.378768360714128 0.529799955746312 0.417901879010845 0.419802228581379 0.442122504312999 0.37650732380413 0.423473533145132 0.400134633746533 0.312627026869269 0.369289207890443 0.474524375573267 0.417436590791363 0.435994142281064 0.321419558120673 0.485924446340496 0.350894808552602 0.420640841140709 0.263493136177156 0.359874482839954 0.376251991573728 0.409037009610975 0.44905079125352 0.455833630043431 0.361248093214177 0.502721942437535 0.46881648427294 0.468607278223123 0.451143449655727 0.39920019829188 0.419372740220019 0.40748633157185 0.38361705603234 0.38414663748195 0.327700695814587 0.480553275847152 0.373703786275151 0.380150459488617 0.370265286507034 0.470776298032586 0.401533677554181 0.396105452682736 0.341280148794573
"mahabharata_06-bhismaparvan" 0.454496714991036 0.46219800733106 0.557069557757275 0.507935196407416 0.496365523572664 0.55362043629463 0.508569304990109 0.56291705742979 0.485706612132565 0.503749312675692 0.617068143161259 0.482798002040322 0.553365596138865 0.45246748555074 0.374625747438759 0.457654945256984 0.333801350453901 0.407940559170239 0.364302446719935 0.309740749229646 0.503297951214583 0.384537417227622 0.444963794469065 0.443393571547449 0.41072339922812 0.477053719702919 0.278142823587514 0.361701404128761 0.325068881313674 0.249017417574395 0.263256079101236 0.411743526014936 0.574551585397767 0.384891695308009 0.530692273182179 0.396801456532582 0.439193683450385 0.489985116389709 0.451691820867718 0.391439600758018 0.378197004125071 0.47290459581749 0.396180889296539 0.434888419518733 0.30464956271315 0.305829796807629 0.262348781885458 0.27244713656845 0.295838593292996 0.28857438164609 0 0.358839971374828 0.186042673805225 0.171361330821916 0.169781782700956 0.273877490168253 0.298223993004794 0.433621017978058 0.334848742946656 0.337826618618012 0.444008698293524 0.456468594845679 0.296063816444228 0.344968573379299 0.319309345900507 0.451118721917695 0.308452683271667 0.367468964709466 0.406556449786278 0.449626938294633 0.367725145631079 0.323733553231924 0.440768501028092 0.513352805249309 0.425227849747092 0.395035591471185 0.388896139534232 0.653110827673322 0.319752588757438 0.344793210540228 0.354188568929452 0.288129968113582 0.342339496027517 0.272077116197768 0.353112944483005 0.411448864838777 0.56535573301157 0.46169879117851 0.422762260717612 0.448105564747811 0.409856988340262 0.427433301315407 0.453669900124506 0.353544870339711 0.383130199873277 0.491313628182848 0.422632811913522 0.498332661785194 0.344956253314621 0.532202780578258 0.362597793708216 0.459938174146045 0.281000472656843 0.362661813500533 0.359756696564492 0.430375190869135 0.464824796500912 0.51537072138158 0.401558055713201 0.42732984320326 0.46709297677466 0.480663653670957 0.472070897050423 0.380479027128708 0.464412321984677 0.436890302966459 0.421244821476498 0.395796286149676 0.429283041560439 0.484077747695509 0.404333937135184 0.422856843368384 0.430754093441936 0.4752799122679 0.418266662664341 0.434281880708525 0.374183908993864
"mahabharata_07-appendix-08_sodasarajika" 0.464540702512127 0.468894756557729 0.55974116798672 0.503629459414704 0.494849164800383 0.528148825192676 0.480367586004976 0.523183005370985 0.455686497506793 0.44161255617171 0.622873004589165 0.486622594066447 0.524779423248062 0.445436011937678 0.315955278592353 0.433859863260611 0.296260743524429 0.429300327749842 0.334118619840149 0.258572551207996 0.497493736845373 0.31113452905002 0.435714144422588 0.45915037544997 0.387926873781043 0.462026269867103 0.320922249253578 0.376407095880095 0.400860080956704 0.401184608567928 0.289045109134464 0.380788786762345 0.574933457241002 0.339006194976977 0.487720688781733 0.35769950368772 0.41253208531263 0.429178307862924 0.419810155578686 0.351503596600985 0.364849926139166 0.462910849886948 0.364662617305277 0.411274020887587 0.288446305723741 0.352304009910685 0.3011787702041 0.298529748224743 0.332504681279447 0.313326337254852 0.358839971374828 0 0.386997859491929 0.370387403804895 0.355535934518679 0.323453343236197 0.344961803453673 0.383566611702317 0.304472988162859 0.311948520651286 0.446969956244743 0.446148977566968 0.2971911782068 0.364083777775422 0.400510825251046 0.477938870640261 0.362836951978009 0.317686498708433 0.394725058367608 0.352817878964688 0.300115948321593 0.314935874461813 0.449284857336683 0.48819857707737 0.357514070867271 0.336941274577094 0.325701612099357 0.654399041168375 0.360585476491541 0.394515404041761 0.434432135491313 0.372428464260878 0.422380110987946 0.394636418431049 0.388924275625761 0.368601334517752 0.545044552599895 0.440666814032969 0.379758955092903 0.411194686396183 0.322553222993291 0.378949921341816 0.359755235106171 0.314987082242764 0.382434520799261 0.468569805373973 0.39134482736539 0.443896744639334 0.316300877598237 0.529469278539743 0.343055145063703 0.45042373855282 0.269727439245505 0.321391804800596 0.373581151283431 0.399155127045021 0.453353902895956 0.4879584280035 0.377144231912118 0.493581169287903 0.466783784684203 0.455062377034087 0.449320917512629 0.359020333376331 0.440808556265977 0.404460357781979 0.354153928978774 0.380253103695613 0.434634875725235 0.443828910289125 0.34456884701725 0.35867816553208 0.430856209401307 0.458523719577672 0.381089217808157 0.408534668366301 0.31602218197791
"mahabharata_07-dronaparvan" 0.486471572933675 0.453286490990416 0.541931653178657 0.493471812246245 0.474182380525798 0.555008633793737 0.494251636183581 0.548528111035043 0.479608348669253 0.488149117657659 0.622843736122655 0.464364886261433 0.538270646207289 0.439958008119206 0.37832828369234 0.502784718192292 0.364124841199344 0.424572127518069 0.408673649020752 0.347813060803956 0.516346219298318 0.389220824466955 0.434771220993949 0.496034930916065 0.413573110515974 0.532795056537856 0.301914021366367 0.368066205457394 0.381634052094901 0.334891277515032 0.25907557884759 0.416687004156424 0.595818187414826 0.418818458108715 0.566619031482924 0.429578843478814 0.478877213209417 0.528659609619 0.500298165764701 0.425640461037449 0.401268150181686 0.480042578390106 0.449124459107246 0.47467449649908 0.292108553701438 0.335322360174698 0.333352180906516 0.254454062889079 0.276347428877786 0.323043180339093 0.186042673805225 0.386997859491929 0 0.135444383293471 0.231713426305064 0.254087536185445 0.280515470501901 0.459569531287356 0.380220803279669 0.394590541068752 0.460858493036785 0.500105757884952 0.304358897068592 0.373562894015737 0.330190536666678 0.471745560400762 0.384641539738781 0.402641936371265 0.410570312556506 0.410377039761067 0.383962402362711 0.375164248367608 0.442573148450988 0.491921888332637 0.483783137238755 0.383663717153369 0.402274307754608 0.671668224524673 0.282354282560662 0.297811767256458 0.28951032184917 0.278086435166272 0.250065220676599 0.198879843554213 0.300199220816346 0.427897456433627 0.559512370535372 0.494308489938039 0.422793876220224 0.451785128582623 0.405436028853179 0.448853699842085 0.44571218303811 0.351537695776701 0.408482020109011 0.503005834073312 0.460467974279707 0.492266443064327 0.390236616380072 0.548524674325194 0.405901521673631 0.465053814256181 0.293166223452243 0.356861560113909 0.307550238367595 0.475327305885343 0.507862226823768 0.532204270146295 0.452762784462318 0.509673499353222 0.511591542074981 0.522016404099155 0.524900927868987 0.415123258304918 0.51171494085261 0.447759321074328 0.420822732990392 0.447629737912622 0.430477041672932 0.502155911921246 0.38485840523441 0.467280019481442 0.474466128373257 0.519831165534421 0.398479712937158 0.422114466485364 0.374302158615551
"mahabharata_08-karnaparvan" 0.466152452329226 0.429713936347607 0.546341767816275 0.480488160725756 0.471714122640172 0.545652810714857 0.4926380572139 0.547048243140704 0.488672411774548 0.496871430389345 0.624492721697586 0.458537117750894 0.539540440398307 0.445484541830751 0.377045590533317 0.495500295277307 0.356043864899109 0.425396177495215 0.403182919303621 0.337593130729595 0.522561005215495 0.390158641505636 0.442692644684044 0.481492913180639 0.418364468702937 0.518726929765316 0.284974579333365 0.353039291993921 0.358120093248843 0.320428952562046 0.249201827314966 0.410566338218338 0.601648315701276 0.409306847172472 0.558863893418155 0.420643611922603 0.463859754387139 0.523719652911553 0.486417416899278 0.414218192068599 0.400039064160233 0.488198455975823 0.440474444775906 0.460606294377129 0.297730572013724 0.308808819796346 0.314868536697605 0.259514519785713 0.261025035108875 0.313341451508431 0.171361330821916 0.370387403804895 0.135444383293471 0 0.196201096459133 0.27524886861226 0.279911489402421 0.444007841992691 0.363326592329164 0.387169987380879 0.456633533023221 0.502711172384985 0.309866234545513 0.371170891951907 0.347682438088692 0.470316806810649 0.361450351233955 0.389046028005949 0.399367531655552 0.425341986359158 0.36896607078359 0.359870601091798 0.443700644077396 0.49941374377288 0.460203957875868 0.3881405974578 0.384508981778588 0.66663281673578 0.302447388183747 0.310273688337679 0.310921901250813 0.287438958776624 0.287020397067034 0.228555586877347 0.314427223169878 0.42826153743136 0.564348334279397 0.483625614423446 0.419139096185679 0.448028896164839 0.397267562242644 0.441636392158341 0.433477947261762 0.367951040180667 0.397617401787772 0.501989561180118 0.422519729505147 0.490773370393187 0.385221963869735 0.553792681836016 0.394867406812833 0.48037433854515 0.287888700871298 0.369848509823922 0.307539092301751 0.470425233120107 0.499227846445369 0.529256124462124 0.440127765317668 0.487255285179071 0.508212585036098 0.516778531267098 0.51753278756156 0.407302280380694 0.506196940077571 0.416028215296281 0.431168189983482 0.437224850498161 0.438498916213259 0.491285704785309 0.400497293228761 0.465105458772415 0.480512364277658 0.5065892658727 0.389977695857671 0.4253927109612 0.38518658315277
"mahabharata_09-salyaparvan" 0.4676188637533 0.498696804341107 0.599284571462813 0.541682778206639 0.533835493200727 0.572897779440506 0.529822060434723 0.600317212680696 0.531323115853481 0.525823077456067 0.639455804838331 0.519106166764032 0.595144392435021 0.47815268378629 0.378251594038565 0.429630473364065 0.31409349561045 0.407664716045751 0.348885264940518 0.30102865875326 0.5240818452418 0.386590188612776 0.458630950465684 0.459469291398027 0.427316289269965 0.472243070911795 0.284741230601188 0.387518266734196 0.322287462128131 0.282317815962705 0.244711718081809 0.407729966281175 0.606152348227603 0.360080825151289 0.495849070827663 0.378827402541793 0.417856104220598 0.46124288699758 0.410680337292299 0.359854990243358 0.384927453435462 0.487204563097869 0.371920133589238 0.448703745397372 0.303285191458157 0.311336104361265 0.283234924779569 0.271257408524484 0.313089638909447 0.310391714197692 0.169781782700956 0.355535934518679 0.231713426305064 0.196201096459133 0 0.287389082994998 0.314280683041628 0.439211442572195 0.359730719420086 0.336414366384142 0.46448927427369 0.449956198528426 0.303120789745931 0.331116935667661 0.278823278028703 0.433710614141386 0.34167744654045 0.371316169317197 0.396717513635104 0.44987671735656 0.375348270322183 0.323700368461964 0.464322154426003 0.517071867084469 0.410914814742131 0.405058416963677 0.417312711547194 0.682698392057897 0.310374886960605 0.344450174949366 0.379804220724805 0.310840500542041 0.36242392539511 0.279683133714807 0.326752808844032 0.439698005639404 0.596445520288822 0.499865450552275 0.434223188967573 0.452881800455926 0.395821466597496 0.45090547508735 0.449300829876573 0.366786715830367 0.417079414109064 0.49393644298691 0.413557581549388 0.512962293220897 0.365635722365612 0.552801528227688 0.349140692139137 0.487377238281421 0.282917860810939 0.351966428080325 0.320232696597755 0.393237140716009 0.430783718681237 0.525835133016287 0.387796769606969 0.414493442515851 0.444774392947688 0.449678086015411 0.458522678969107 0.342934744150935 0.430574180724961 0.443606393612202 0.437370352848231 0.363340877770307 0.4595013737544 0.515217463058259 0.408286304991327 0.423071407540761 0.426221515668465 0.480519762275992 0.410643747695848 0.440883737993845 0.390026959903824
"mahabharata_10-sauptikaparvan" 0.47837303405496 0.456550831414267 0.513109780145871 0.484594105151026 0.471689454291972 0.539642358065719 0.448343783261554 0.498785491802338 0.446235118971093 0.471253711451101 0.59721314867819 0.477981004100873 0.487275083626536 0.443896319573727 0.34276700838552 0.439345755139167 0.304438155377399 0.402597599340651 0.346083537076877 0.247493082096092 0.452674724752264 0.328919418178734 0.428735628408525 0.471410989011987 0.336021470471912 0.460864125958874 0.253901105528017 0.356000336543401 0.372863458204709 0.396985655738267 0.219791130074037 0.380273057768121 0.550963328910648 0.362161806462321 0.511039875146146 0.388749208670356 0.418201816116619 0.467471801665715 0.435608209329617 0.37381694475992 0.36887589058621 0.422475086023369 0.388124389396246 0.429447566273018 0.201297567101478 0.376420072569094 0.225505525054289 0.196724415606107 0.241787831446542 0.219163437812893 0.273877490168253 0.323453343236197 0.254087536185445 0.27524886861226 0.287389082994998 0 0.2139775058853 0.358089688466364 0.265007554443903 0.271257308202632 0.368518961010939 0.403763016084545 0.202746025545642 0.284566177313557 0.320868450529094 0.416251559790461 0.32238219247493 0.312960776237602 0.391325222758125 0.351831959584337 0.291929041857107 0.316398545635203 0.420976686387143 0.432759610889665 0.428537807702808 0.330260331245869 0.352378163999156 0.666797232484192 0.264767391400623 0.252342196440502 0.294066873974037 0.25397223964089 0.27886872642541 0.256744385356146 0.277246639260855 0.372885281874445 0.527972742915794 0.459211585969313 0.375738075269017 0.394839524373147 0.35561281133901 0.385278885774689 0.389113508643988 0.279449209546968 0.373747182879235 0.461610616003545 0.419842651683751 0.457070575743992 0.322189756188118 0.496180078392362 0.335923735324644 0.39970938591044 0.237789818589708 0.329490327127468 0.314908993240465 0.414687945852533 0.458322004163716 0.472410327250137 0.37560224783432 0.49579626202505 0.464550204124023 0.469188295189701 0.46294797904639 0.365918049327073 0.430997923013997 0.411044066176076 0.357104079533063 0.386452151504538 0.35015099861074 0.464158466425287 0.341389285247274 0.392878581816672 0.413490199534496 0.495394376180964 0.372254579248129 0.376200567337723 0.325565107923301
"mahabharata_11-striparvan" 0.49448537184648 0.404678594234872 0.510623744191735 0.471382135108949 0.433465962466333 0.501281627865225 0.424635447247554 0.465663623948506 0.44439471154377 0.471994632421474 0.584631739854574 0.463849238500949 0.450109009459868 0.40562335626393 0.363369622577696 0.47858643083135 0.358434277049594 0.414156865399715 0.381497296124392 0.291341498547667 0.48528139985744 0.318039505118119 0.439141755091968 0.48983478821543 0.332579759713572 0.464284557971395 0.295177212969627 0.387573522897135 0.397859075016919 0.407189516183473 0.277204115878556 0.408354902774837 0.548215497436675 0.415954301805529 0.526453566500724 0.443682492127366 0.46680320411172 0.509829280177078 0.480423315135665 0.438498833078962 0.392179779658846 0.45104695556433 0.415774219734752 0.449125273743465 0.247556773750501 0.423258536176036 0.223686828793912 0.19275259035784 0.205292131345516 0.201676659297111 0.298223993004794 0.344961803453673 0.280515470501901 0.279911489402421 0.314280683041628 0.2139775058853 0 0.388657171549835 0.282104609240501 0.282173690765922 0.382087564587545 0.442791747622696 0.244954800083313 0.331627436821437 0.393060442385331 0.422116253597619 0.335185532334191 0.33037138163268 0.418257581643136 0.406930129741623 0.322785041193882 0.348559508416654 0.446033369730881 0.421585802726096 0.452577047337701 0.351799238515849 0.347170006452108 0.649947157652063 0.355114551437397 0.237603066497586 0.311142147076805 0.259888509627641 0.283444626739131 0.280639506325885 0.326584627657123 0.385277747085715 0.531058535513237 0.44189345354574 0.415951765467331 0.436090084822512 0.386896687916971 0.419902082567664 0.415251809229826 0.316855145350376 0.393189268149578 0.478283130773193 0.440567273914706 0.430662932226901 0.330363299351137 0.508126712958792 0.392910094719078 0.434294896268153 0.310602931945684 0.348478785592389 0.359514511009877 0.450245815124827 0.48762245852245 0.508370764273369 0.415652299580295 0.520347119447722 0.49539651766595 0.496595427060671 0.473069459877766 0.428769041105627 0.461426959966973 0.405163325441918 0.372023868672972 0.414592543449794 0.36802860373621 0.47696452876309 0.385415561687568 0.405935841208546 0.427043991826481 0.508447188503139 0.41499887738965 0.417448583308051 0.35173659020942
"mahabharata_12-appendix-29_moksadharma" 0.486542117301746 0.503061023923389 0.528250755060884 0.538081773241736 0.525107385279373 0.518321243749866 0.482054331150072 0.542296609734247 0.536540456792468 0.556881706796989 0.51488461543053 0.551797340683546 0.531285215314268 0.473213242954111 0.388187149449874 0.464359632003474 0.365954734556982 0.439863041884219 0.3798112778253 0.334841389600299 0.45336302982763 0.3974917320005 0.456517637708122 0.446900958783961 0.398354805632946 0.432771542280245 0.352578272705341 0.420565161081379 0.43659914716328 0.473746289593605 0.368435665659732 0.439287259369292 0.567749777023837 0.424749071491945 0.524328068375919 0.421136152525426 0.45191486830905 0.485975195763051 0.466197399045003 0.444352464665759 0.42595194796229 0.448727894185619 0.38864019061338 0.420569055016823 0.360400700033998 0.481453921278005 0.356722636853856 0.375715793123226 0.428325399600674 0.351554997112652 0.433621017978058 0.383566611702317 0.459569531287356 0.444007841992691 0.439211442572195 0.358089688466364 0.388657171549835 0 0.31943600581236 0.34060863027765 0.377188351536708 0.436054856853723 0.338448834171095 0.381207359946639 0.459697487934501 0.494546690570766 0.414849387626912 0.362690623515925 0.468393015180881 0.422283488599444 0.371267532848478 0.371362619052448 0.471087959619127 0.478815225686864 0.474158205878537 0.434818252826517 0.414178008736553 0.606122820043211 0.419503416888975 0.393153889119873 0.470881397829368 0.406617955592788 0.461487699239166 0.453877965875701 0.440438575366812 0.404032467808088 0.521304178088586 0.477832685439998 0.436159961227847 0.464899536190763 0.423586956989167 0.388255921705566 0.458855997579748 0.365105957852559 0.386848088379213 0.44116077627394 0.464889905322108 0.43852116205157 0.383897735943977 0.504516656930035 0.426049848638755 0.435209998247251 0.374219560933686 0.416766887715849 0.419380575357807 0.453005755473309 0.474698507085591 0.422417444659091 0.4105367162942 0.524895584492493 0.473867746185693 0.503495255895107 0.466798835777952 0.448336751878993 0.443056366379076 0.474329618317367 0.442698467851034 0.424157923335449 0.384044267700281 0.516296271829756 0.426769018176484 0.396709690177647 0.444644664774087 0.466532232748432 0.448826283121375 0.392890191573942 0.380406290654438
"mahabharata_12-santiparvan" 0.443584164402067 0.425389272675439 0.495696396648792 0.463043232873132 0.44631992546206 0.49378974397286 0.390962476323185 0.445143347947547 0.450112515401068 0.456467415794173 0.567425107585267 0.465818387612514 0.435840674651853 0.415165374294896 0.327600404225577 0.415581997335274 0.30413662466821 0.410355601063079 0.323745864121621 0.243718773894619 0.443612809669172 0.315250019041828 0.429629895088142 0.418402111954414 0.302019783598449 0.387888977404505 0.282415648249074 0.387502840753847 0.367264613272389 0.423627624365245 0.318082050180237 0.370738919436297 0.527383054460995 0.366964111014609 0.48779760984929 0.374897246468425 0.390102333272153 0.451661362595402 0.422814113031556 0.382333716625582 0.38250033905374 0.350435769962285 0.343462036975577 0.376646022011762 0.270042357500016 0.446834900018924 0.191701952584073 0.265429322134389 0.284845205477518 0.163543784313527 0.334848742946656 0.304472988162859 0.380220803279669 0.363326592329164 0.359730719420086 0.265007554443903 0.282104609240501 0.31943600581236 0 0.154447456755562 0.331924172489775 0.342113672831642 0.215063827904751 0.295247689681123 0.402933709483824 0.389427099906465 0.31765211354817 0.265262848118377 0.427131086580764 0.396539060709183 0.284725082718368 0.266395282117192 0.413798574233986 0.387988042939544 0.400013212080339 0.372434165970634 0.36368300837887 0.635689206863047 0.383332087629698 0.30165659232877 0.408891725030959 0.346675722456891 0.385751728735719 0.399297712168105 0.403295372360649 0.343090377463643 0.526054039340164 0.394498812165441 0.397537115759077 0.429636014457312 0.382474229399877 0.372017512180934 0.417230517115427 0.285304695157496 0.324335426806387 0.414760809132487 0.421289936610159 0.421065097123467 0.307322506694078 0.453169985993022 0.336513617382449 0.376795441775913 0.29136298230399 0.36649183098993 0.385382220181437 0.389108215313341 0.425576250883944 0.402175195876527 0.383411570129858 0.49723883979676 0.432130580323433 0.467898332060448 0.403230035739956 0.389198295701845 0.390004448192339 0.402635363483831 0.37024855187284 0.364824690282625 0.304008617367244 0.458732407438909 0.349558634052833 0.332284683480569 0.331807599185077 0.456841832779617 0.403036646466525 0.37845859663804 0.311146934901222
"mahabharata_13-anusasanaparvan" 0.441134880379897 0.457845178503122 0.508332619331429 0.480260006066266 0.47532764775707 0.525691990309557 0.419860790043185 0.474371759874332 0.448443193055667 0.484906149129262 0.580361871673475 0.493690364915777 0.462312256976346 0.439589550201106 0.317563992590492 0.388849767561114 0.29734059710691 0.401093102125126 0.305418380909306 0.240531035778023 0.442963664349373 0.311581086316919 0.413278243503233 0.421802845276209 0.280413760439557 0.381824835874993 0.274963051837266 0.392827120736147 0.359917026908153 0.397693497529046 0.301061880172308 0.363768191647686 0.513649439930277 0.354877516945319 0.463185488137395 0.36712888437928 0.365035828405334 0.427452992188752 0.384438201104443 0.366232678290297 0.36858963579195 0.371506113797215 0.313974407979286 0.378023561099973 0.278038074131063 0.439851215802923 0.196437628244508 0.263742182162422 0.284969815610902 0.206643888030415 0.337826618618012 0.311948520651286 0.394590541068752 0.387169987380879 0.336414366384142 0.271257308202632 0.282173690765922 0.34060863027765 0.154447456755562 0 0.328227509939651 0.292552988093851 0.235920006978186 0.302819397027515 0.402142326045551 0.397540591990928 0.315149561134646 0.261330265590944 0.411685375677487 0.388013744566991 0.28175271085241 0.263757715388977 0.423805114504851 0.389254257101827 0.375807144871633 0.359072910848862 0.369989244813669 0.645311834162343 0.386252196180308 0.320393810204692 0.409801584152922 0.347758247823559 0.39409227357147 0.393117322031931 0.398594434924818 0.348108445189757 0.511278165025339 0.397068360522796 0.390687998192144 0.416754568387773 0.381811436484422 0.366790586298061 0.419502577033012 0.277746906003208 0.340485995385278 0.412780428362866 0.415987510499519 0.416307084725135 0.281819527611605 0.438483077122141 0.311053000907582 0.38982403739963 0.305810769614064 0.338312120074133 0.373413358860674 0.355880440629278 0.39369650631232 0.412781227724894 0.349944857845363 0.461138247287496 0.414129854593196 0.432244572781479 0.366390629970296 0.377826794694819 0.366847827146339 0.407433200026166 0.345977074456582 0.332304047884322 0.296489665555407 0.455087338608825 0.330346599918506 0.31437628788868 0.308295723186441 0.464053469333837 0.415352287922422 0.370734121471956 0.303443225296959
"mahabharata_13-appendix-15_umamahesvara" 0.417833000315718 0.511116848095359 0.520531410659049 0.514967636533679 0.507869672404544 0.547955667868772 0.508813109214283 0.534069218245196 0.528114161285172 0.562409483240973 0.54482218145813 0.555503560045771 0.499136422392302 0.489554482351013 0.355105276497405 0.412998202381669 0.367497178213934 0.396687969628698 0.362470992911223 0.315877247735952 0.439006587153714 0.380128948744539 0.398760971634522 0.42687139083833 0.290018165915306 0.378524575117366 0.357109982872334 0.475504367265674 0.45756437521523 0.517841399673275 0.393862112290904 0.399301730448578 0.496666957188194 0.415906500109906 0.490062868787474 0.395471824685346 0.384049932190152 0.441602117127656 0.416459366386989 0.442424956099419 0.414380747340035 0.353199011908623 0.358942948071281 0.362069936729083 0.384759607629029 0.523912057889656 0.38953357528197 0.39078299143905 0.425238682818442 0.371913458336199 0.444008698293524 0.446969956244743 0.460858493036785 0.456633533023221 0.46448927427369 0.368518961010939 0.382087564587545 0.377188351536708 0.331924172489775 0.328227509939651 0 0.35262911345701 0.364012744709072 0.410700324896641 0.493252822420774 0.467950194573744 0.397346496405465 0.36150808627365 0.489747213640177 0.461378639442342 0.381290171423265 0.330097134488957 0.394385420593719 0.43472121858775 0.460609862121453 0.442601803285265 0.449896888034588 0.610072894881106 0.456502960577805 0.409492321296788 0.466286687967392 0.437455972076077 0.489445392522549 0.473513728880393 0.459562354605479 0.3854129656247 0.499237614741581 0.40004631145965 0.426055477996886 0.463809626802917 0.464819108511751 0.367287374507933 0.524020468673559 0.320419464283435 0.334187372742046 0.380202966437604 0.500311636366824 0.465833478686289 0.354956082750716 0.407978951262663 0.423036180797583 0.342134071761025 0.395082614487957 0.409658227061371 0.447107663979076 0.392417879730507 0.403141468032572 0.381233998915857 0.402135643890673 0.474144589187765 0.418811631601521 0.463859090546505 0.366548085261056 0.454589925648368 0.366371865505675 0.402498817383051 0.42124551427666 0.373347453382742 0.315146754035245 0.511541620032097 0.408393327243331 0.377252764755325 0.379233063387524 0.5171011634885 0.511157265657357 0.444453158647625 0.38598367642121
"mahabharata_14-appendix-04_vaisnavadharma" 0.459362432929067 0.548111086883425 0.566407098980147 0.58122846755916 0.568966901971258 0.596361568738996 0.525563924149977 0.571454527553257 0.584593799417162 0.567705387884908 0.605351183743766 0.597389837038489 0.555095893874087 0.5136701727213 0.39775247653589 0.375854377083244 0.358639223838071 0.474432272835886 0.351044243445433 0.360849191132009 0.477040450067609 0.441590492469026 0.474197293148973 0.458804583273503 0.349544142792436 0.409906328607073 0.422450523275812 0.505195773887014 0.432574732111059 0.485913769653544 0.438356863928271 0.427664062767612 0.543895904034293 0.412461957173145 0.464208184747274 0.400863461314004 0.389354176177095 0.424623947601377 0.40723462120774 0.422854087634139 0.45924487994091 0.364172681286366 0.33832283377687 0.414667778534819 0.443899812437426 0.52782056558307 0.403541950162425 0.447612260314889 0.453636456803332 0.384324138045289 0.456468594845679 0.446148977566968 0.500105757884952 0.502711172384985 0.449956198528426 0.403763016084545 0.442791747622696 0.436054856853723 0.342113672831642 0.292552988093851 0.35262911345701 0 0.410569720595739 0.426257050030949 0.482965242210108 0.480026742748487 0.415252730119717 0.379655497410227 0.517885935297897 0.488436353264135 0.411382340315257 0.327145152918545 0.467263000294459 0.458525852695555 0.450867638403077 0.473533542303365 0.498076472094314 0.68248759523466 0.507062580604924 0.477131865560072 0.536911923269792 0.469872944161112 0.519665054936994 0.523331395754998 0.504742841729196 0.450031980853578 0.514990837082954 0.44005107211057 0.485598110672422 0.46109592817087 0.498935509319093 0.4563091792709 0.544927242692972 0.370891233335189 0.382301403090287 0.448240339799011 0.526991414125677 0.4946589407366 0.397938403334941 0.480269996851459 0.408416895511866 0.406225740978868 0.426803874097259 0.458905348939678 0.502990621621774 0.362943468402635 0.396693714670413 0.359373062688434 0.375906583043156 0.464208845003654 0.384521093631056 0.439346312976753 0.352107267315086 0.418483686251071 0.362533295056839 0.481914189921459 0.450438713601439 0.340249583585622 0.366657143189865 0.534346208003451 0.431761022337354 0.373228361838253 0.345626988943175 0.484220563208927 0.529130810994106 0.465709130222274 0.408140179242372
"mahabharata_14-asvamedhikaparvan" 0.470288246326418 0.451234257621298 0.520706118911672 0.492618952049374 0.49062820602152 0.526397302663517 0.444531875438163 0.499465683883073 0.449068605205061 0.470381855855484 0.587978629710139 0.477706051911548 0.484918336117464 0.437791425174155 0.3407575323926 0.419212639677585 0.291335507876182 0.412258989779164 0.330692275174488 0.22224483762875 0.445484337878976 0.288553773487197 0.449947057515356 0.446645377601095 0.335127161421013 0.430949180435329 0.255268405856162 0.34738970212959 0.380331222791955 0.42015212871498 0.245690128408914 0.353913371612235 0.560165905466512 0.347950754998645 0.491862476748889 0.341909516975763 0.398379197914657 0.433045506146731 0.415944756456042 0.36356069171957 0.388829354531162 0.410137085180823 0.36973852884013 0.400603690982511 0.141282029743196 0.391966518567655 0.191469702290163 0.168454096583295 0.244749097330764 0.189079897538654 0.296063816444228 0.2971911782068 0.304358897068592 0.309866234545513 0.303120789745931 0.202746025545642 0.244954800083313 0.338448834171095 0.215063827904751 0.235920006978186 0.364012744709072 0.410569720595739 0 0.206261820479804 0.296015628322552 0.377553330550646 0.311129759802568 0.253226113857783 0.396467554393756 0.333245340140271 0.252880345608948 0.297463374669423 0.436735320085927 0.429425903542545 0.41041207797346 0.326044743455057 0.36554114103757 0.650678815934573 0.306164196973026 0.249961217882296 0.330504966887417 0.265582368273132 0.328330522262851 0.319202789488036 0.303505891019119 0.363586568429006 0.568071324232925 0.44528436512785 0.403257685159848 0.435816835600996 0.334799904896219 0.396556725513994 0.375221014604818 0.30442312294381 0.357889437991124 0.454624335471039 0.412142389545558 0.442539415364621 0.313873040817492 0.491493455089726 0.292408577030822 0.429145490916955 0.245210163347102 0.305343405116047 0.308784007288756 0.395975531584818 0.416440521578031 0.44868459621018 0.351256420917702 0.510985749697485 0.452232177741026 0.462697152352663 0.441037140709669 0.364365122189426 0.402957479317653 0.412322356863628 0.372267371224389 0.369122205724902 0.360786458171631 0.441051273974259 0.344980418757742 0.369251658634331 0.394006886497379 0.461038104624123 0.358862345508571 0.363229221981337 0.311492680076971
"mahabharata_15-asramavasikaparvan" 0.527118478241982 0.503157298655313 0.576768831955466 0.547070095869687 0.54285530387036 0.566387052293029 0.509658801877604 0.569093798715084 0.510168598732945 0.532381354888941 0.620939753083917 0.52434679192821 0.539080441855059 0.499263072365301 0.416089757409956 0.425177242585626 0.355767846159741 0.459706660231656 0.387299275417926 0.322292881506149 0.49932076418519 0.373782560372818 0.498940071832279 0.499495291548804 0.426980656259973 0.462277830179092 0.312817680396856 0.392331524604654 0.361559317590529 0.427155010531657 0.314438623112331 0.43257415847514 0.592065742192238 0.368043184809858 0.470943625957673 0.407795456398217 0.42283858062164 0.440999905122289 0.422059825084026 0.391629262972534 0.453599893347695 0.480886576644005 0.383508388852213 0.456779350962761 0.246023571265935 0.430084937857393 0.260329146394817 0.262380797784081 0.330996858181264 0.268402796526549 0.344968573379299 0.364083777775422 0.373562894015737 0.371170891951907 0.331116935667661 0.284566177313557 0.331627436821437 0.381207359946639 0.295247689681123 0.302819397027515 0.410700324896641 0.426257050030949 0.206261820479804 0 0.300909110156294 0.378404150927125 0.306269456189142 0.328618252278399 0.447589409311812 0.392800840234594 0.331772461073234 0.364871953905925 0.498154195073984 0.502232206142944 0.442099218814909 0.421041799625747 0.430014605398582 0.678995481832473 0.331252089181566 0.335288686980621 0.404293638888283 0.36148133858273 0.391972862260229 0.362048304016564 0.357218770646074 0.437357935602121 0.596253668621142 0.5053887444948 0.466356215859307 0.474438096921242 0.413791361599301 0.440569549170449 0.436573653584574 0.386397764216999 0.416845635886225 0.510555743891629 0.467945844875844 0.518070051343912 0.390361586606079 0.542770780889319 0.318343353808964 0.481720022813434 0.286665266144998 0.395268591639751 0.395170909724401 0.400307305553104 0.418362860619569 0.503465729728169 0.378518695810089 0.494478318611183 0.455233997738309 0.451061964584893 0.447746272536667 0.36195588083133 0.405575811724914 0.472791222411071 0.446744440279997 0.378623518763749 0.436688617434163 0.508355158438431 0.410887230909628 0.410357577802532 0.434661427401383 0.490693846125958 0.424210277080072 0.42338298932686 0.378640431033637
"mahabharata_16-mausalaparvan" 0.535601678477779 0.5594255402472 0.602863898419459 0.577381002512125 0.589723974519805 0.600368886160132 0.553241031760001 0.621453098266756 0.560006023956139 0.536835446190251 0.652009641259405 0.561080491655887 0.620057367032826 0.497856109939456 0.454928467809764 0.474330745053113 0.401475117771121 0.482247374455583 0.427304516922302 0.36338322913161 0.550248217437404 0.44400083396068 0.525840761264857 0.523228047645733 0.489301419236931 0.528903763730227 0.350273758567502 0.422107409787547 0.37640369834418 0.424582291310674 0.325863539430392 0.445963123666954 0.630802631911119 0.415681386739274 0.527934999294123 0.406422337191763 0.4606099491266 0.483585109808153 0.447349794267412 0.416548832680973 0.473076225237457 0.521783305633073 0.42839104610603 0.50265078391554 0.311609124727879 0.355293313084547 0.348449282318732 0.319395761994833 0.3987320419517 0.357192013608531 0.319309345900507 0.400510825251046 0.330190536666678 0.347682438088692 0.278823278028703 0.320868450529094 0.393060442385331 0.459697487934501 0.402933709483824 0.402142326045551 0.493252822420774 0.482965242210108 0.296015628322552 0.300909110156294 0 0.438097570932844 0.388894229900849 0.414288841508392 0.456449272966616 0.451635005165885 0.411153746242624 0.407686648603741 0.51941789429133 0.562453690501654 0.486284555315643 0.456001929224662 0.467105810736443 0.714021284588102 0.338969371481912 0.382892222502194 0.416324520356986 0.376030939236897 0.404944042802669 0.355820341240136 0.360909754410117 0.468248094095891 0.62101058697595 0.52696389296385 0.504794413671117 0.504598650706127 0.446707580210731 0.511864215113561 0.490448120575784 0.432314739719232 0.458915923317616 0.557948419814638 0.472918113843928 0.554048582483223 0.443942688567945 0.604714409737887 0.345712956301806 0.529669563466896 0.318269463564016 0.380856151398498 0.374794754301729 0.4475932446473 0.474249968773314 0.547442786980112 0.409566443482414 0.519748162765113 0.486855020675802 0.487623885330983 0.507417318939483 0.397853252704213 0.458890806305295 0.504822460181769 0.494811204189919 0.427552325941248 0.491141913418499 0.53546109360431 0.450355140650948 0.485608803912505 0.472274221538722 0.484123924598752 0.4527800401981 0.46859544805847 0.435316531051926
"mahabharata_17-mahaprasthanikaparvan" 0.570380303221645 0.572178474575265 0.607268775937207 0.598622327895657 0.603685184481862 0.633121779741314 0.550530138020564 0.587269664612929 0.578647394351413 0.600856876686096 0.64850354533606 0.599097219728404 0.597099419794765 0.554958434797212 0.500823253860997 0.525173312548937 0.449284542996247 0.531400966183575 0.471913551389829 0.418694968464111 0.554977986362766 0.468193845084238 0.569441764398991 0.568483905903137 0.481652734718079 0.506786170336261 0.441996893985938 0.536104951546824 0.501193692343626 0.541753720163164 0.438983336668595 0.509151404052981 0.615633912367125 0.461158790042225 0.565318127186391 0.446718876963263 0.479795524714397 0.519238918349513 0.491313571759695 0.461754250627596 0.514953306051623 0.516449614737914 0.484779562410772 0.54361894072678 0.385049285867132 0.545140255213896 0.367662827370408 0.394621014381493 0.437709203076024 0.388185981298837 0.451118721917695 0.477938870640261 0.471745560400762 0.470316806810649 0.433710614141386 0.416251559790461 0.422116253597619 0.494546690570766 0.389427099906465 0.397540591990928 0.467950194573744 0.480026742748487 0.377553330550646 0.378404150927125 0.438097570932844 0 0.405887243995002 0.439995343502569 0.501050697179912 0.479189711658245 0.448898345166806 0.447274982582648 0.562033853757368 0.537219996896146 0.504037194328633 0.481094794304573 0.520919343570501 0.729443868668665 0.472825314706091 0.441223584599084 0.505950790355403 0.425758490113249 0.505916457444862 0.47786940129942 0.476186161603112 0.514889655898094 0.652130901274449 0.570020546109639 0.534190063669397 0.515864843256186 0.515071604376681 0.517755478396862 0.527498055132758 0.476878644495186 0.494741635349176 0.575678158272893 0.544591497240877 0.567274142816182 0.43502180931567 0.530948856393369 0.461637731357627 0.53838145609795 0.452579470194454 0.447122121377699 0.484646396725908 0.50424194375928 0.519179609595843 0.562172161473321 0.473104335588429 0.584047140932445 0.540844291820797 0.543354973346547 0.542240497330277 0.465160624996106 0.504330507412015 0.548444211316218 0.49971431626917 0.485000607145614 0.497763876899239 0.564681760401558 0.45844666105143 0.473353309006357 0.469844478191086 0.511168926441205 0.498872793246483 0.505702577528244 0.458519308561019
"mahabharata_18-svargarohanaparvan" 0.521027936710455 0.514546389508886 0.563326325500998 0.545507110233523 0.535314466442314 0.578540580966317 0.519268088438031 0.558275539428951 0.515447982710027 0.549728595621354 0.640161635185731 0.559423324125006 0.531962831826969 0.518688411777099 0.429108000155196 0.475320827443884 0.386364159996824 0.468087351287937 0.409973620487601 0.337248117485964 0.524959577082515 0.400780627009018 0.518176815466977 0.501498428180283 0.395867158697565 0.481861615487348 0.341164532401076 0.406968178880273 0.402996569177274 0.39593316877379 0.353647665544391 0.464614796451839 0.544176782901894 0.411396962931491 0.534202569916856 0.432221531392991 0.465592726089126 0.495415530185631 0.454829907242983 0.417197144608046 0.433414479660305 0.468381494942829 0.413630718721638 0.465753324895061 0.330219481677363 0.414993636326313 0.273156299227274 0.317959011583255 0.357185594851146 0.277216777111057 0.308452683271667 0.362836951978009 0.384641539738781 0.361450351233955 0.34167744654045 0.32238219247493 0.335185532334191 0.414849387626912 0.31765211354817 0.315149561134646 0.397346496405465 0.415252730119717 0.311129759802568 0.306269456189142 0.388894229900849 0.405887243995002 0 0.378625035542667 0.452945856146755 0.453842810315471 0.386259246157205 0.365506238256038 0.485416818309298 0.497073217642426 0.472452831158286 0.433833793143309 0.441358436019388 0.678545908621397 0.351411430724357 0.370202185080775 0.430273705824299 0.368131177836587 0.42665315906493 0.401498162503141 0.420196618944479 0.433460458442767 0.562227478115987 0.467816798178515 0.482700601225553 0.487956790538667 0.432556383399282 0.459586763729669 0.456176203843662 0.381555833744379 0.422961040911801 0.514877267771632 0.457043196668427 0.502440785619525 0.358206905777807 0.515134033522366 0.365799950401546 0.481371119684192 0.34152358282037 0.381723438278287 0.439517758107761 0.449720505083036 0.476031114493129 0.523671474581169 0.394360123072208 0.472017187340031 0.494357039184548 0.486187491248307 0.480038114926193 0.414680888419973 0.453258006178387 0.426922083230125 0.418714073781506 0.425770148592592 0.41270713791595 0.50442451310932 0.44436803195742 0.444374947284825 0.442397436321835 0.503159465261274 0.494004440575653 0.478333638606501 0.425452431463705
"markandeyapurana_adhyaya-1-80_u" 0.435850441973581 0.441366378158547 0.486836903649636 0.473279904864403 0.470957733762707 0.478957791377281 0.445821142443238 0.493708520311974 0.45640483737931 0.433373760485868 0.55850431135577 0.477875238987919 0.478394187563227 0.406908395027154 0.259221367620353 0.401869805235467 0.278241542904836 0.374859147958855 0.303607855995584 0.214527557351457 0.368862136719268 0.243797768270764 0.393360861533723 0.387228201409374 0.279352737240717 0.370048334941457 0.304629082570107 0.401310500263176 0.431163031172089 0.458956762709309 0.298163216649781 0.282074689191611 0.528997337311547 0.352314384502095 0.477115807641748 0.332864997647801 0.348734663140648 0.428912715273685 0.353647657050761 0.397331533062184 0.355870555697968 0.383472971585985 0.336105666881696 0.338454515085756 0.26978071567476 0.447103915597869 0.293916994790566 0.282381846165409 0.321316804684762 0.285536104793052 0.367468964709466 0.317686498708433 0.402641936371265 0.389046028005949 0.371316169317197 0.312960776237602 0.33037138163268 0.362690623515925 0.265262848118377 0.261330265590944 0.36150808627365 0.379655497410227 0.253226113857783 0.328618252278399 0.414288841508392 0.439995343502569 0.378625035542667 0 0.332405402763106 0.296802011447869 0.111609626429236 0.268957077423161 0.391974151196774 0.371567709040798 0.373995045966372 0.328358245276339 0.348412308721602 0.618495214503158 0.394067147016869 0.351553445231405 0.3992082578746 0.362950111563635 0.391961267626288 0.414381086665888 0.400492172201811 0.314885793852229 0.546459502325611 0.436696631872688 0.393797800157745 0.399654319146015 0.338123774785786 0.356503746173552 0.4020692670371 0.266169070400599 0.291843982137382 0.391143693265322 0.423022263959304 0.380316673958184 0.282645085784091 0.426570411710994 0.340736887223216 0.422141894520356 0.327564348582923 0.330441652107141 0.339602437216766 0.388179374869781 0.412660164956036 0.388961522271879 0.371172113768277 0.486715360089795 0.433553341201592 0.441987962584053 0.391867396300496 0.370599817621371 0.407346485727441 0.375397223263387 0.339327577238887 0.356661584438865 0.312004950555728 0.388691009412666 0.294031201462333 0.257565315699733 0.287573842881342 0.379789730522815 0.342338175846618 0.324836544714738 0.215555156056261
"markandeyapurana_adhyaya-81-93_devimahatmya_u" 0.500361187433236 0.508794076258748 0.573020197529551 0.513187457784969 0.528251873833672 0.546398639707199 0.496863220360441 0.544729299379655 0.463449453006737 0.51705009099213 0.605060979871401 0.488916468391032 0.551658507652222 0.456422576702806 0.357662046048019 0.495197785625546 0.38091218404883 0.373946270355149 0.395772227164254 0.328240162692122 0.431911974817421 0.315453482656231 0.408656302399393 0.465069359519257 0.410111446149162 0.48867340960783 0.377863704380776 0.376599349275287 0.478197136098768 0.456072779877212 0.37268993714807 0.341524119326416 0.557071499339498 0.458410996635927 0.557031895022545 0.424164376777244 0.46468798637967 0.539930843477396 0.450611947343942 0.458648668423553 0.367184818667347 0.471360760762482 0.409421080411838 0.414279778283906 0.358879914777351 0.441851744908267 0.396314894613492 0.358123073685646 0.395139853802936 0.420856613907139 0.406556449786278 0.394725058367608 0.410570312556506 0.399367531655552 0.396717513635104 0.391325222758125 0.418257581643136 0.468393015180881 0.427131086580764 0.411685375677487 0.489747213640177 0.517885935297897 0.396467554393756 0.447589409311812 0.456449272966616 0.501050697179912 0.452945856146755 0.332405402763106 0 0.331344231342785 0.283317362014419 0.394190995053585 0.432246150759384 0.49908298968989 0.437187685199702 0.356924655030935 0.352592201606809 0.618351723480109 0.413704536383763 0.446832295756621 0.461213460234191 0.450949369514648 0.445967184118242 0.435392103667669 0.426506640002536 0.387934833957229 0.554324727172671 0.524148183230796 0.417992640112697 0.385598923014036 0.337642213351166 0.383894320916279 0.38039655527268 0.361251117180921 0.411500715964138 0.447387415155223 0.381329610045272 0.456712260332468 0.359192271934263 0.487371298013241 0.376263887269989 0.511879412261561 0.393734163655657 0.335475359523221 0.339342853883222 0.486879981919864 0.507177498625076 0.531889917444579 0.436927212218141 0.529475114442911 0.52291182874371 0.512951544284766 0.512741233772073 0.454442662852554 0.511226247191133 0.449323671693964 0.375004864079355 0.445482230335227 0.41559775807957 0.393407661197461 0.335959241901749 0.414320407767648 0.46611161084767 0.458094716457297 0.326382355462113 0.361448450227037 0.312385692684556
"markandeyapurana_adhyaya-94-141_u" 0.540198305978344 0.48935774405158 0.512424704550429 0.500009557997955 0.497567899313852 0.53465747441458 0.463843016711906 0.522302157147184 0.448172118391535 0.480479972509591 0.589427315601407 0.495290821729718 0.50466965995495 0.471299807391526 0.366446597500464 0.505772813245353 0.390047046405806 0.452114354120339 0.423615840433023 0.338531690693017 0.442888618279848 0.329779298378646 0.43753396097245 0.507772037191615 0.404512014470394 0.512368964080357 0.402358015713788 0.412967309426931 0.494384928636912 0.53729201936409 0.38149752248365 0.362491119458274 0.565146633330089 0.430526564625896 0.556559417109271 0.427137495552563 0.434258236858027 0.486586532019652 0.466737511524839 0.440939062045864 0.415758882303581 0.475078321164669 0.464094125911412 0.485252988811628 0.304379748247189 0.495600131939484 0.369056299631348 0.32680374196857 0.361704875587382 0.378883177121582 0.449626938294633 0.352817878964688 0.410377039761067 0.425341986359158 0.44987671735656 0.351831959584337 0.406930129741623 0.422283488599444 0.396539060709183 0.388013744566991 0.461378639442342 0.488436353264135 0.333245340140271 0.392800840234594 0.451635005165885 0.479189711658245 0.453842810315471 0.296802011447869 0.331344231342785 0 0.212316217203236 0.423054097341685 0.469969149866788 0.447550063082052 0.470075146316154 0.342121045645066 0.339748796509999 0.659626935873931 0.384962261242918 0.399196162428403 0.406219849931089 0.396719261556657 0.407036432252827 0.42196363530526 0.36264984148552 0.38218189753214 0.531912509166663 0.521832825023832 0.411246561990806 0.402936697507237 0.340504365869329 0.397111357130538 0.32261852416577 0.354880507591729 0.42905224994671 0.483652722564864 0.467026747415692 0.426479789315914 0.36758560142773 0.502631651852764 0.393932428706537 0.482939029311029 0.344834943697402 0.340026479082044 0.357746847006638 0.489150976279081 0.510778149214538 0.501992536222436 0.451654279824332 0.575144660422651 0.539833051973486 0.520640723121169 0.519101161521642 0.449626902665098 0.505926482611592 0.452200618635352 0.358275487921919 0.45896684248467 0.39309478890699 0.399127105795697 0.293530579849116 0.40988083911579 0.444645831088153 0.46706666011931 0.299043673844309 0.335290710822892 0.30146266018228
"markandeyapurana" 0.464029685269897 0.442372618663528 0.486688503578066 0.46317121216403 0.460844994118876 0.48099149492053 0.429316990808291 0.486722069369531 0.426168942967692 0.436660736223616 0.559024694890144 0.462552240159591 0.472965622720028 0.409513614083374 0.268087456950943 0.423909991252165 0.287284207155885 0.382518227976927 0.324786506274459 0.217545525375152 0.377112436239917 0.231020409543321 0.391758193672377 0.418748064321718 0.311257655399474 0.408432883000124 0.304575253327648 0.383533390860609 0.436283084417335 0.47381617587168 0.300830841822127 0.284114450476922 0.536419345266735 0.366092297392657 0.499414990267382 0.343715408668414 0.367225369699777 0.442747824463158 0.374009868423555 0.393690724204624 0.35661527027514 0.407090117448166 0.361112527088003 0.372702475741018 0.24025058320224 0.44795306526705 0.28932509241549 0.255307123804961 0.303513225822762 0.296766012833065 0.367725145631079 0.300115948321593 0.383962402362711 0.36896607078359 0.375348270322183 0.291929041857107 0.322785041193882 0.371267532848478 0.284725082718368 0.28175271085241 0.381290171423265 0.411382340315257 0.252880345608948 0.331772461073234 0.411153746242624 0.448898345166806 0.386259246157205 0.111609626429236 0.283317362014419 0.212316217203236 0 0.300114827636932 0.406330943367372 0.392252899133672 0.389293337374018 0.307167218018515 0.314575138554706 0.625414390125003 0.365911021627131 0.347962751191743 0.390359276723207 0.340408880229779 0.377964927547611 0.392945180850453 0.370511755980882 0.316321708948897 0.531277385272104 0.448569709900292 0.376180639595942 0.368096556496715 0.306740852420641 0.349973846642149 0.350069887702978 0.269861426819537 0.311166437192322 0.411418481803632 0.410920801610109 0.376286498861222 0.271647192236112 0.440862443906072 0.33625252856844 0.435041136064262 0.308762014607831 0.301380042507725 0.324437500697341 0.407056200293404 0.437572493485842 0.421546487321082 0.3832353831686 0.505873154655784 0.461129326309518 0.462622093319506 0.424019401471189 0.385936513467867 0.434504443818912 0.376548421347175 0.323498973223747 0.374037381254505 0.313696015456589 0.370084761453568 0.258719979388016 0.294660238968705 0.336641465612388 0.399868131781129 0.293323526887512 0.299929183433613 0.199518080762318
"matsyapurana_pu" 0.325661004807406 0.468214367113137 0.519766519824432 0.483284638243168 0.485942665849174 0.48893131954849 0.469909248136444 0.529091006102923 0.484330219974845 0.471586619922968 0.600859966671166 0.505276502544684 0.524200248960521 0.389825074175625 0.217234508567947 0.308812902238844 0.178699825457777 0.308589977349018 0.183525662209246 0.183288564347257 0.409056109652368 0.314130985829065 0.328152704153837 0.33001167587732 0.280380239039077 0.371691817675114 0.259891674550265 0.355306661480329 0.353492884924591 0.381162135532755 0.26196793542608 0.254449801873905 0.531444579233778 0.28731586226472 0.411550873339825 0.254871402208738 0.29583430835916 0.390600497814583 0.314532218179702 0.297086928182136 0.293091593086875 0.342267678568082 0.216554606615276 0.293160289174753 0.324795006380153 0.384623490321411 0.306588480782207 0.317106521042566 0.360183482305409 0.307554049254502 0.323733553231924 0.314935874461813 0.375164248367608 0.359870601091798 0.323700368461964 0.316398545635203 0.348559508416654 0.371362619052448 0.266395282117192 0.263757715388977 0.330097134488957 0.327145152918545 0.297463374669423 0.364871953905925 0.407686648603741 0.447274982582648 0.365506238256038 0.268957077423161 0.394190995053585 0.423054097341685 0.300114827636932 0 0.32454447868578 0.411071170949618 0.283276677285478 0.311104195063092 0.35074998133838 0.604229901537759 0.390294469216015 0.394590754488661 0.419035771604944 0.375472300685829 0.441713945340701 0.402903358970321 0.399176616376859 0.319588967213134 0.525870827520206 0.407975964316767 0.335277881035896 0.382754421666822 0.382817822733991 0.314411839969344 0.441277114494656 0.239767618768148 0.293583781988387 0.344611804348193 0.408840191615701 0.433712120556993 0.228611985888758 0.406716834256629 0.322110460298172 0.339834937732386 0.288093774068582 0.335799391436057 0.332565107465482 0.268917857057489 0.333310418562977 0.368279123901835 0.291520523573577 0.401458702791721 0.318945039166953 0.364129457736278 0.316500528110263 0.286010149806091 0.324618450865177 0.374060269517187 0.334319734676533 0.232948244115932 0.356581906501406 0.411678829381648 0.328923365060735 0.282746099436479 0.313329910063046 0.432059248227077 0.421378601843804 0.396875976241895 0.298596538780965
"naradapurana_khanda-1_u" 0.279939938846236 0.461707493582596 0.47190085029088 0.456649246529984 0.456646396778911 0.437759156992769 0.47896700360815 0.510210488625193 0.496713507445248 0.4641862160085 0.541366488519333 0.479423543340097 0.463241530518331 0.34260610840835 0.271437958636804 0.447344654950113 0.358044423990159 0.285050149053163 0.348059463584949 0.348159185279723 0.383450681192644 0.329661686164851 0.274174321259102 0.291707694722013 0.298566071348958 0.450303090069177 0.363200720895201 0.424065687889532 0.464024808118649 0.493487641321777 0.416405140518007 0.333314782022882 0.489634629926779 0.483075517838545 0.557593630811138 0.418297238297493 0.456468490564626 0.509353759547532 0.463247023490936 0.48108402166486 0.294402291969306 0.304560984992238 0.348102781252936 0.304355522943703 0.442923519305585 0.459068382341109 0.44942654273863 0.436320590433142 0.439969349230281 0.454723084556321 0.440768501028092 0.449284857336683 0.442573148450988 0.443700644077396 0.464322154426003 0.420976686387143 0.446033369730881 0.471087959619127 0.413798574233986 0.423805114504851 0.394385420593719 0.467263000294459 0.436735320085927 0.498154195073984 0.51941789429133 0.562033853757368 0.485416818309298 0.391974151196774 0.432246150759384 0.469969149866788 0.406330943367372 0.32454447868578 0 0.411044222596604 0.445162681025089 0.352748587194858 0.355555574657879 0.511268856496506 0.441432984319038 0.45239948539551 0.447909383050772 0.467850400307629 0.479270854801111 0.454757019015622 0.472405667790742 0.314099771133429 0.458083256912159 0.376208744422101 0.31275161646472 0.470687575058546 0.40328201689727 0.331849771888015 0.446344961440042 0.31205799720615 0.293747321001458 0.256207525978728 0.446645028595397 0.383931045760409 0.365266216767547 0.400452731514286 0.460848160196705 0.370634329427419 0.441951499839 0.393679529247694 0.33660868019242 0.446628203934783 0.457924206398527 0.462398523289952 0.440223989368247 0.50655628841879 0.465052461606953 0.515485704992654 0.450639546677028 0.454536426518514 0.443356054578929 0.326873635835057 0.367778176525302 0.40735291061646 0.369419426921028 0.427879034825963 0.372362829162914 0.412146420058771 0.3641244494655 0.46278554999184 0.431536645357529 0.370223948002497 0.353006298159041
"naradapurana_khanda-2_u" 0.49409803293042 0.422462321966618 0.420560176901788 0.431413202044658 0.405591554592411 0.489087976428947 0.406502644703027 0.44877510084343 0.45320003899181 0.461600851919274 0.540031883423746 0.462696284416983 0.378363709282234 0.446468225149936 0.369165789923809 0.536010869598245 0.423833432882393 0.456506874520707 0.445591560856235 0.388781487335457 0.381948068271378 0.35227009163832 0.397444711206298 0.495431595081797 0.334831991898805 0.433034613521312 0.439566246731365 0.4631535014778 0.538782399768672 0.594039907329012 0.442071170218388 0.353051777227993 0.533504381249369 0.520313233376553 0.597640698837311 0.496623382682125 0.505318808411963 0.549688506183313 0.531396333291201 0.517305981245731 0.436210959742044 0.378928443223229 0.442781351838308 0.483511168337376 0.431766428246632 0.578598046003383 0.426983231053019 0.409372410160102 0.398343976444747 0.385754482949105 0.513352805249309 0.48819857707737 0.491921888332637 0.49941374377288 0.517071867084469 0.432759610889665 0.421585802726096 0.478815225686864 0.387988042939544 0.389254257101827 0.43472121858775 0.458525852695555 0.429425903542545 0.502232206142944 0.562453690501654 0.537219996896146 0.497073217642426 0.371567709040798 0.49908298968989 0.447550063082052 0.392252899133672 0.411071170949618 0.411044222596604 0 0.527769745040917 0.354059393054039 0.384145935695156 0.607722280616499 0.466375930419329 0.364929332579177 0.389377504815131 0.42335960927082 0.413129918785719 0.472864463403773 0.417845688980721 0.358537150913186 0.504138750383934 0.475429982183719 0.357332825621873 0.472377784114804 0.391230649440262 0.434913128121401 0.428975831558945 0.377245476732853 0.421117931129964 0.431014744289464 0.539010129003012 0.34216698556463 0.40319680161262 0.454279739108392 0.498520046624001 0.433277707004105 0.466259917634619 0.435384586018968 0.382934305079904 0.523464046909703 0.535822600926789 0.458421845964924 0.487849902171382 0.587814147896793 0.551962591454276 0.581561269828157 0.500107120177424 0.511619108982348 0.499296228526519 0.431718971697611 0.36546849634276 0.485190485913093 0.366262550795049 0.481372782266004 0.444608255369495 0.458579332830669 0.421965818116894 0.525008902852364 0.450032665287871 0.44498876344333 0.412634298847491
"nilamatapurana_au" 0.409675509868966 0.570394233199569 0.625264107608464 0.589096818871556 0.582869560300612 0.609794398901265 0.568516810946904 0.603950280935825 0.547959384643452 0.565480863057795 0.654341206777766 0.577738487461371 0.5948048553096 0.522562561768604 0.366747765244894 0.418687249881446 0.337168267054807 0.415424805363586 0.332249335549252 0.313251705103732 0.493628932248494 0.388604470143893 0.428000951598931 0.431458444463536 0.416559736128206 0.437136939409042 0.371562565542927 0.454645593227379 0.471173216553535 0.443663527835608 0.396342254033848 0.3638116071512 0.611223348213801 0.396472860457174 0.464777201507519 0.362179156588479 0.389684894284388 0.469289448145594 0.372176420722629 0.409866581003093 0.412156037110449 0.47007601694055 0.358912119656805 0.404037526054849 0.392486723995943 0.460544536924626 0.390520567196543 0.413013301432444 0.455742356709029 0.449478801411969 0.425227849747092 0.357514070867271 0.483783137238755 0.460203957875868 0.410914814742131 0.428537807702808 0.452577047337701 0.474158205878537 0.400013212080339 0.375807144871633 0.460609862121453 0.450867638403077 0.41041207797346 0.442099218814909 0.486284555315643 0.504037194328633 0.472452831158286 0.373995045966372 0.437187685199702 0.470075146316154 0.389293337374018 0.283276677285478 0.445162681025089 0.527769745040917 0 0.411990241684428 0.41563161908884 0.658878361499513 0.455278612569185 0.496138377763789 0.501045602732781 0.464720139068764 0.530706044767179 0.472722420805693 0.458240147706605 0.437978940094922 0.611332965717744 0.512967107065116 0.414550923627552 0.411243995562041 0.44136355036017 0.398245510508531 0.46649921838723 0.400461308502572 0.419759439558115 0.46133208298286 0.467875118380029 0.542298404727438 0.347537010316944 0.489746492745988 0.412808829624472 0.455964878256385 0.381289061938265 0.408862561039913 0.418171158348629 0.401518702411249 0.42680075260914 0.477244799916262 0.408779726441725 0.460923911629983 0.428166728948327 0.431120827895487 0.427595275981836 0.393291673287721 0.424562491584284 0.437472239526389 0.40471250463722 0.375100871918183 0.471508577583085 0.462894859235104 0.419410973285975 0.363158419019186 0.428149657792062 0.498286512808089 0.479928302537724 0.499081204832081 0.408041432750156
"nrsimhapurana_pu" 0.459750189490721 0.417881179641559 0.475087065618303 0.416889487184242 0.424997699230392 0.448838194592102 0.411887982071406 0.46813007810119 0.387214025041704 0.389447734082639 0.557180515504157 0.38965241282781 0.454035037216132 0.339548850551653 0.254654555489855 0.469077409325946 0.298088583998356 0.344643812981452 0.330425937298959 0.25473980125489 0.363676218712499 0.242795902191971 0.349787599653835 0.450185728622845 0.332121080160702 0.442741941822249 0.330716079164055 0.303536526188237 0.460066910721235 0.480199279122113 0.320203529984683 0.279176446428154 0.524462503089063 0.40685906405221 0.544659128919129 0.387540359712014 0.462537087847193 0.501839496333928 0.455451173211764 0.41097834118345 0.295249305057506 0.38664720353218 0.370156154423018 0.40391072107196 0.316376452272498 0.43643007040892 0.369951410943719 0.295980381646948 0.328588107310993 0.368997440298346 0.395035591471185 0.336941274577094 0.383663717153369 0.3881405974578 0.405058416963677 0.330260331245869 0.351799238515849 0.434818252826517 0.372434165970634 0.359072910848862 0.442601803285265 0.473533542303365 0.326044743455057 0.421041799625747 0.456001929224662 0.481094794304573 0.433833793143309 0.328358245276339 0.356924655030935 0.342121045645066 0.307167218018515 0.311104195063092 0.352748587194858 0.354059393054039 0.411990241684428 0 0.233714143064888 0.582210183605413 0.360274336377316 0.363158583697596 0.334031406328235 0.366413256220513 0.414815494008234 0.37747890902556 0.317321626473798 0.267101856803552 0.498607720524194 0.486393702999422 0.301620697012032 0.421396951648178 0.223909854972039 0.340735138872082 0.281485351976936 0.296229097067267 0.370831502602262 0.405492996220517 0.445824403361427 0.345023612632224 0.306808896468296 0.442463407410981 0.36565988807 0.438165959270133 0.35518077166782 0.314796529718003 0.284741747342212 0.443766608699006 0.482643721928373 0.489131077187019 0.39446662062831 0.537024230227618 0.491623750980458 0.497772568053481 0.487835628954313 0.416628553470812 0.483750223232829 0.391046845252915 0.266828807290881 0.398168749948086 0.397940090113014 0.351745209597714 0.328835627838619 0.391624706149929 0.436325497276531 0.459538684321585 0.290694021660563 0.352403783793118 0.308942425875421
"padmapurana_a" 0.484167488663985 0.406475292722563 0.46745523494381 0.428815391226172 0.422083549332254 0.437196310680223 0.409566154810581 0.455949070084317 0.381329273926681 0.40990421181114 0.534474683347108 0.394145172637508 0.433197354037225 0.329968054618722 0.299128772320439 0.487670714555059 0.340777387902274 0.35014539872285 0.362389538504759 0.28926477266253 0.389784881188162 0.263687537889935 0.333116586165212 0.446822628829229 0.346171895667524 0.484437066633357 0.355202793020724 0.320619555245604 0.439790323494019 0.47015316690769 0.342731618329328 0.316537599257094 0.474915188265894 0.458959857405598 0.564514085339696 0.449441708562839 0.495526204483097 0.546452084406218 0.48696286437095 0.457188430102431 0.273399776953757 0.401720943875213 0.374142150943336 0.399010866424484 0.338514061431998 0.443364057136388 0.356552769829048 0.324744557540526 0.360220084427068 0.374894781514953 0.388896139534232 0.325701612099357 0.402274307754608 0.384508981778588 0.417312711547194 0.352378163999156 0.347170006452108 0.414178008736553 0.36368300837887 0.369989244813669 0.449896888034588 0.498076472094314 0.36554114103757 0.430014605398582 0.467105810736443 0.520919343570501 0.441358436019388 0.348412308721602 0.352592201606809 0.339748796509999 0.314575138554706 0.35074998133838 0.355555574657879 0.384145935695156 0.41563161908884 0.233714143064888 0 0.557918567820786 0.376507948360805 0.407345577593823 0.3937257068043 0.409729118355445 0.422022344999909 0.404397382470485 0.383737159862416 0.225568912364216 0.466360677012292 0.460232627116592 0.221209253963651 0.422234451956062 0.287467385382013 0.278623800877561 0.275676026316089 0.303404742832837 0.356972217289871 0.407561285151807 0.426059668128792 0.34285284869835 0.320558199233785 0.453568764168276 0.398672436603941 0.434728538598538 0.331350110755949 0.322747063959161 0.308428487223088 0.475888209703139 0.516356476012862 0.511769322231209 0.422524933052653 0.534030897709621 0.514007222994096 0.525813595186241 0.495254618309345 0.451337341700157 0.501312363409645 0.38041032188308 0.290558412151196 0.423440046776027 0.396767836823131 0.321934685377013 0.335453249356343 0.400242705747496 0.441194108251178 0.465307306579914 0.326853966889318 0.363050759240318 0.311653241735158
"pranavakalpa" 0.573780861317297 0.58092010568199 0.580091772221026 0.56393700105916 0.563668518789069 0.510934735634351 0.599176476536653 0.58319082300175 0.584871250629293 0.588193946775136 0.401712549802724 0.575254561978087 0.574943868625041 0.528203399426272 0.573895691364189 0.660690567473928 0.614957048886203 0.550096952829753 0.609413007956763 0.610928701977196 0.528363276497225 0.591979301787366 0.578601558318607 0.561044306608912 0.602378481441863 0.624194208579654 0.624843078739109 0.576976577377335 0.654769478977976 0.677787698324053 0.641193729255436 0.595809890802507 0.596115133058924 0.684985188598327 0.72468517034799 0.658409204780501 0.659236713424995 0.688318001281261 0.655727409595506 0.687713277744623 0.561815800507495 0.566619672274062 0.599753399574067 0.553799324070439 0.649179644127138 0.656838917084277 0.646460177354232 0.652741333287982 0.66571542935413 0.659330097409942 0.653110827673322 0.654399041168375 0.671668224524673 0.66663281673578 0.682698392057897 0.666797232484192 0.649947157652063 0.606122820043211 0.635689206863047 0.645311834162343 0.610072894881106 0.68248759523466 0.650678815934573 0.678995481832473 0.714021284588102 0.729443868668665 0.678545908621397 0.618495214503158 0.618351723480109 0.659626935873931 0.625414390125003 0.604229901537759 0.511268856496506 0.607722280616499 0.658878361499513 0.582210183605413 0.557918567820786 0 0.67288992801691 0.665226199665179 0.650152136768468 0.671784759131588 0.680220433855293 0.673489609779157 0.672764618489286 0.534967840703198 0.609989654971593 0.57872836731085 0.550982538336379 0.675298687827708 0.591089849004409 0.542299464853035 0.595540130831423 0.586809658460862 0.549707627226913 0.484517221769314 0.645170906410384 0.480870764000279 0.61897924167597 0.548744021620967 0.646282187657247 0.570030874781512 0.639262562554696 0.621932449021775 0.6175808433761 0.668341440463118 0.666902663240713 0.634947213736261 0.648436362408668 0.684175760700099 0.66851427237589 0.70249899371482 0.647826143651801 0.678644880044695 0.657935678365744 0.601946670224203 0.611755553195979 0.641332561974213 0.598048355832331 0.612433968476878 0.629243288966297 0.615743190189795 0.627414583077516 0.581006580683764 0.612398721236465 0.599507857011272 0.598251641751494
"ramayana_01-balakanda" 0.514652591682508 0.495066496498015 0.561485840721936 0.516291675146159 0.502277661745855 0.566163200922521 0.486884480770418 0.564754811191607 0.486985661165205 0.484448064149953 0.618843294014136 0.50926871374062 0.560387091189524 0.473248979255606 0.393524053347804 0.49209368761165 0.357643727096344 0.419248663212185 0.413405668599909 0.341652825888515 0.494078097124658 0.362235489593058 0.434545454276206 0.516960668955075 0.418034940342572 0.536479126177729 0.287722854273306 0.347593712088699 0.429344422353603 0.423015704275003 0.258759252882199 0.390436135696506 0.609954129004256 0.37856098410789 0.547541522766912 0.412818551640064 0.485947829036547 0.507517462813321 0.505545887697036 0.390417885198843 0.388522242580243 0.469771070179759 0.44519913695251 0.487609234212286 0.262373477312132 0.340643010593611 0.314899583978045 0.260856665727811 0.313972528361968 0.338425626771378 0.319752588757438 0.360585476491541 0.282354282560662 0.302447388183747 0.310374886960605 0.264767391400623 0.355114551437397 0.419503416888975 0.383332087629698 0.386252196180308 0.456502960577805 0.507062580604924 0.306164196973026 0.331252089181566 0.338969371481912 0.472825314706091 0.351411430724357 0.394067147016869 0.413704536383763 0.384962261242918 0.365911021627131 0.390294469216015 0.441432984319038 0.466375930419329 0.455278612569185 0.360274336377316 0.376507948360805 0.67288992801691 0 0.300456894896595 0.295526237875863 0.295575058169561 0.309107274809506 0.238706512541331 0.21886378002707 0.403799863020517 0.541973893351668 0.514193222342423 0.409079697620011 0.45560210654548 0.3453858497982 0.422410416783669 0.38804869424841 0.378342254752311 0.420755291565686 0.502766594507191 0.473357776467911 0.480776051231971 0.384514534739523 0.537254435111275 0.392221655169607 0.461367957249859 0.28134264623758 0.353794266565777 0.317850818539227 0.4607700755175 0.489398986166359 0.541306157639057 0.433751036613671 0.506736211589341 0.517307044800255 0.512538536063044 0.530597744727888 0.376804032199032 0.496491869637566 0.446837896866191 0.404018862377281 0.443397707092364 0.424261971729044 0.483798936299403 0.405308975782314 0.48495683698389 0.49263701525024 0.519497441336781 0.418651341506692 0.445493298823691 0.397331621769261
"ramayana_02-ayodhyakanda_a" 0.500399997977239 0.457595397269538 0.531149360850648 0.496171433597208 0.479323482261149 0.544666118884174 0.475902285397616 0.520699479231318 0.480259692238322 0.5037760103176 0.59051327848384 0.483105659713535 0.478827661632476 0.474671658669972 0.3850591082323 0.499696982790769 0.374757173801371 0.4349376270112 0.415778741690118 0.325956716789577 0.45671127098048 0.332726117903761 0.425495703596817 0.504903691249527 0.364150362204157 0.48184957265687 0.279410082966995 0.403036264237218 0.421962878117555 0.467061777523238 0.283762319397448 0.394155102420484 0.581530421326486 0.406822125339138 0.547949668454829 0.43595264839682 0.486824041369503 0.52754553919953 0.515074452042907 0.427687561422087 0.432365457657639 0.445714517616183 0.4372364060865 0.478904605911261 0.245493848380665 0.450214495519439 0.258880871099095 0.215668828490472 0.228408559145627 0.242081157699811 0.344793210540228 0.394515404041761 0.297811767256458 0.310273688337679 0.344450174949366 0.252342196440502 0.237603066497586 0.393153889119873 0.30165659232877 0.320393810204692 0.409492321296788 0.477131865560072 0.249961217882296 0.335288686980621 0.382892222502194 0.441223584599084 0.370202185080775 0.351553445231405 0.446832295756621 0.399196162428403 0.347962751191743 0.394590754488661 0.45239948539551 0.364929332579177 0.496138377763789 0.363158583697596 0.407345577593823 0.665226199665179 0.300456894896595 0 0.214280277783673 0.22544049548539 0.236546428304073 0.268715078457548 0.277455739859673 0.417611346470665 0.559840349191812 0.475255014752276 0.443919565229154 0.480333786800352 0.372965102417563 0.447825365309409 0.421556524916726 0.354930924599141 0.408382573753617 0.484982668649662 0.495431921790724 0.453727095404788 0.388074240239942 0.504381969444225 0.390233913487182 0.440999749907207 0.325270375623171 0.383917522668242 0.320202817397353 0.470158811925909 0.507963457533544 0.497118077786576 0.433974735069969 0.547572658990083 0.51422126013705 0.533049835955424 0.49514277405003 0.420423089563551 0.486631409345094 0.417821842473679 0.421156484390404 0.440354603318033 0.378829268224108 0.496905331468731 0.404745900859851 0.463942374406367 0.453669894264181 0.518423080350323 0.416722281884501 0.441738444569852 0.403012859329476
"ramayana_03-aranyakanda_a" 0.523866920064264 0.440311247557695 0.518733025364357 0.483447018148933 0.45124616626154 0.543945568834797 0.497156972687549 0.527986568977465 0.458288199386688 0.472242261765664 0.608433099828972 0.467460829427649 0.502255069168088 0.461288180134586 0.410723912197827 0.534087347116859 0.41054853933871 0.436262016028047 0.450588813647394 0.373460427602446 0.468643900749592 0.397697432218247 0.410597574257654 0.528967754231083 0.414995669737357 0.532764295418073 0.325599641893832 0.376614805649412 0.457605449943488 0.4701756131682 0.285180886372572 0.392151084637932 0.598273665626787 0.422782937401999 0.58275127342194 0.458300459624066 0.519793494171651 0.555930150800885 0.539718424411559 0.452514349258001 0.415352540173021 0.472916585530616 0.475292923475687 0.516105399205351 0.291414806460201 0.422881607993534 0.333228839139464 0.266737883185415 0.280453250610098 0.340105214159626 0.354188568929452 0.434432135491313 0.28951032184917 0.310921901250813 0.379804220724805 0.294066873974037 0.311142147076805 0.470881397829368 0.408891725030959 0.409801584152922 0.466286687967392 0.536911923269792 0.330504966887417 0.404293638888283 0.416324520356986 0.505950790355403 0.430273705824299 0.3992082578746 0.461213460234191 0.406219849931089 0.390359276723207 0.419035771604944 0.447909383050772 0.389377504815131 0.501045602732781 0.334031406328235 0.3937257068043 0.650152136768468 0.295526237875863 0.214280277783673 0 0.211312798180599 0.21816995598352 0.230436002603724 0.230991645837645 0.415623954837772 0.546440531546784 0.50774548468049 0.413786210745288 0.475672245003476 0.383923792616121 0.442366213390955 0.41520345937544 0.388675485019503 0.450350800093691 0.521820489041293 0.516501904704958 0.458970072417445 0.416325527393265 0.4993877265808 0.420081659290194 0.465199642803292 0.34506471786803 0.402830110112661 0.320195664984061 0.506043397661867 0.544813989394641 0.548969777805933 0.474216799424154 0.551002778536618 0.547703091278605 0.553949740996253 0.53211602965169 0.438268727319912 0.550698775817765 0.451424113809823 0.390130886704329 0.482245846580954 0.426046647942162 0.469210271705349 0.428259348589317 0.504486487253004 0.499032818212176 0.540372982251551 0.402883355101665 0.453654821388084 0.439902795823521
"ramayana_04-kiskindhakanda" 0.488048284848458 0.462827673397431 0.53738185347123 0.51607423402921 0.475246692714436 0.565927835063502 0.478734708794142 0.533116537519674 0.486814890719161 0.496117881638271 0.625599016790773 0.507044185542175 0.506565690433728 0.49506294286175 0.389634570113459 0.481400479824485 0.347215372633962 0.434358778818046 0.393974496717714 0.327123302580011 0.496760031622353 0.378215408870897 0.44774757890052 0.490036824737423 0.394385974234216 0.49611596560396 0.294772018820259 0.396275881763273 0.402731556459789 0.424516893119512 0.247237558626333 0.429400418216002 0.612555287155297 0.379043846362966 0.541840267029711 0.399641169423647 0.469115568286612 0.49730078103411 0.483627265678408 0.395842508812723 0.431733369919992 0.472690729302476 0.43306022415201 0.490941607110138 0.261432546834149 0.373583313337338 0.255289818832689 0.229629277389963 0.257962062067122 0.273837452255711 0.288129968113582 0.372428464260878 0.278086435166272 0.287438958776624 0.310840500542041 0.25397223964089 0.259888509627641 0.406617955592788 0.346675722456891 0.347758247823559 0.437455972076077 0.469872944161112 0.265582368273132 0.36148133858273 0.376030939236897 0.425758490113249 0.368131177836587 0.362950111563635 0.450949369514648 0.396719261556657 0.340408880229779 0.375472300685829 0.467850400307629 0.42335960927082 0.464720139068764 0.366413256220513 0.409729118355445 0.671784759131588 0.295575058169561 0.22544049548539 0.211312798180599 0 0.223495044703203 0.226331641645138 0.245330715802205 0.437497146827881 0.556936347574778 0.488302047905563 0.444629161826774 0.440477664297122 0.402385341539866 0.438396698506115 0.411898371467101 0.360185867946649 0.42456828583957 0.519795081929794 0.457324557444319 0.48074284100284 0.357783207709529 0.508694998350008 0.388298286028291 0.460033475663963 0.299521048532126 0.35630104878173 0.349951941288504 0.45054198912692 0.488765029135437 0.509237499292146 0.414900851099305 0.515722297121042 0.500921409048984 0.505728081331202 0.493682977337469 0.392118106694641 0.501107071603963 0.419592052413656 0.407388289438312 0.425122145390923 0.402945281106489 0.483210468999111 0.413615091132463 0.45880467581659 0.459879334392999 0.490246009964234 0.427843197271464 0.459411534092702 0.404151521812314
"ramayana_05-sundarakanda" 0.545564623837633 0.471336749823713 0.535384255124778 0.523203716832266 0.484706796371714 0.572897200930012 0.496112534918433 0.537855401685122 0.498831829459926 0.502548555428434 0.619718057744759 0.503817768027573 0.493099966385638 0.492127475615692 0.440549055171448 0.54829747967063 0.429849449287152 0.454629266757668 0.464215958709241 0.39096988143722 0.493754239930474 0.397814232274023 0.454480849085226 0.544107920342777 0.433975680603719 0.54571600332446 0.345288350445251 0.403936878143454 0.452513797709384 0.450886040666179 0.328757981936931 0.4380453684735 0.609749370738546 0.46031219180758 0.593787161218104 0.475971920516854 0.531380691192596 0.564881836842845 0.53891795261227 0.484714817503591 0.458498650862636 0.489545723486545 0.490140830225962 0.515411763991027 0.321212298261266 0.404510961186285 0.323513451661708 0.27847184406466 0.24884552246284 0.314725091518981 0.342339496027517 0.422380110987946 0.250065220676599 0.287020397067034 0.36242392539511 0.27886872642541 0.283444626739131 0.461487699239166 0.385751728735719 0.39409227357147 0.489445392522549 0.519665054936994 0.328330522262851 0.391972862260229 0.404944042802669 0.505916457444862 0.42665315906493 0.391961267626288 0.445967184118242 0.407036432252827 0.377964927547611 0.441713945340701 0.479270854801111 0.413129918785719 0.530706044767179 0.414815494008234 0.422022344999909 0.680220433855293 0.309107274809506 0.236546428304073 0.21816995598352 0.223495044703203 0 0.228634860144025 0.288318984921587 0.45356959363254 0.54839068735359 0.491348292030352 0.467443061652573 0.480338227220082 0.412197437007027 0.478850688839237 0.433592568662275 0.407115674104196 0.441038793608685 0.533715557758102 0.499306948576158 0.471306456417969 0.450183585660977 0.535265142280839 0.434803034914529 0.47682337949308 0.343979341472291 0.425851011174896 0.34828965271539 0.519962517802249 0.547514366680321 0.543346400123702 0.489912107737585 0.561979719442473 0.56723684564116 0.564312923761728 0.545082213447696 0.45269817053527 0.553762981579458 0.44608918724315 0.450835247983077 0.495563294762332 0.405035197287616 0.509640914537252 0.446504274438849 0.507447073970119 0.499539642656924 0.530070510411812 0.423172913585898 0.451826195628773 0.421070975309556
"ramayana_06-yuddhakanda" 0.502077862329684 0.440763092727421 0.550394817347207 0.487000442630629 0.450433623343159 0.556989763066652 0.493325709584459 0.540074345355054 0.460972354442577 0.477319213716293 0.627004401194353 0.462227308623012 0.539854406466502 0.46983364426028 0.394988663947108 0.4956053747372 0.379688898435307 0.439001131358441 0.422549424787919 0.350686893754092 0.520962102401901 0.382556739402712 0.435839226309334 0.511094246909284 0.431981397244835 0.54166931835223 0.303320530548546 0.383715336398462 0.407414335116164 0.387240941886995 0.242570352149658 0.429991568835077 0.628386376327934 0.410129786072163 0.5588949232329 0.438836985577181 0.499396161018392 0.525456632226919 0.526762690880768 0.424424579115905 0.416333655312008 0.503551114724734 0.4531255118313 0.498839022428994 0.296736051804498 0.330234153058502 0.314269849793635 0.257872610801061 0.274840449408976 0.331862315890204 0.272077116197768 0.394636418431049 0.198879843554213 0.228555586877347 0.279683133714807 0.256744385356146 0.280639506325885 0.453877965875701 0.399297712168105 0.393117322031931 0.473513728880393 0.523331395754998 0.319202789488036 0.362048304016564 0.355820341240136 0.47786940129942 0.401498162503141 0.414381086665888 0.435392103667669 0.42196363530526 0.392945180850453 0.402903358970321 0.454757019015622 0.472864463403773 0.472722420805693 0.37747890902556 0.404397382470485 0.673489609779157 0.238706512541331 0.268715078457548 0.230436002603724 0.226331641645138 0.228634860144025 0 0.241684522971663 0.439579072176119 0.548373812460543 0.485595387930505 0.428876831613432 0.456898169588814 0.394304826824487 0.444142424632116 0.424563608988293 0.379828750709269 0.429017264180566 0.528861016834811 0.478752328874799 0.490422789474619 0.391006960714642 0.545094676018001 0.413583579877103 0.473236607272898 0.288320265195192 0.362811849514343 0.331222838499555 0.474647423902039 0.506670406828326 0.558927976867304 0.456680949402354 0.534068518957819 0.522191123653156 0.522143306723943 0.533750248682375 0.42344705115452 0.50834018398221 0.443949446858445 0.428747326917782 0.456330213030152 0.427957705863736 0.516253765098891 0.406744790146042 0.482134389381393 0.493029011194957 0.527913014228296 0.421474901696322 0.45536788372875 0.40061420142244
"ramayana_07-uttarakanda" 0.53431524871457 0.449046608226353 0.551879934845171 0.49803896236 0.471783086980504 0.552242106986953 0.469146237991052 0.540647872199028 0.461609512036026 0.476492022429241 0.615170370649221 0.482846333764731 0.53316945498611 0.473234778731436 0.408609752846179 0.490976984784418 0.359523167134141 0.435512505969404 0.413010123991581 0.347782055306061 0.476875152922322 0.380857118691586 0.437077673142107 0.546389931793925 0.426906519615713 0.506090055767186 0.331705070248521 0.352489296481124 0.445816131041642 0.459907607229457 0.250459899831891 0.369248145329175 0.61947707684394 0.375910364305231 0.536040250233552 0.407110523616006 0.449277572969378 0.492569465946491 0.489533084867717 0.377173157395924 0.389880124466886 0.469057937418342 0.447367900132898 0.527340708916055 0.261478961192347 0.378452879933312 0.323399716631486 0.238425768269347 0.289775174967175 0.339347345967788 0.353112944483005 0.388924275625761 0.300199220816346 0.314427223169878 0.326752808844032 0.277246639260855 0.326584627657123 0.440438575366812 0.403295372360649 0.398594434924818 0.459562354605479 0.504742841729196 0.303505891019119 0.357218770646074 0.360909754410117 0.476186161603112 0.420196618944479 0.400492172201811 0.426506640002536 0.36264984148552 0.370511755980882 0.399176616376859 0.472405667790742 0.417845688980721 0.458240147706605 0.317321626473798 0.383737159862416 0.672764618489286 0.21886378002707 0.277455739859673 0.230991645837645 0.245330715802205 0.288318984921587 0.241684522971663 0 0.408550658324226 0.559470659475039 0.544630967461706 0.414958009755299 0.440146401101432 0.329908712847365 0.426465957904003 0.371355884003555 0.383252718080263 0.45341643430922 0.515949104500049 0.475199419175304 0.47761101973275 0.375679503496212 0.526695549258781 0.392133552337652 0.450457140714043 0.28621060290909 0.353589418406146 0.285772572834149 0.457217010606745 0.4912714889037 0.529426629754924 0.420432788366619 0.520802045477266 0.506681691527518 0.508020592743544 0.522592914231051 0.393146425072722 0.498567326142803 0.453416693251178 0.369417336939507 0.435746459386887 0.443713602992928 0.473884356914325 0.397372734557859 0.472728260833092 0.513207660768084 0.524725378877326 0.396940397558796 0.435036481297022 0.412540366168981
"saurapurana" 0.441472040912939 0.427114297554598 0.432284191210844 0.42601758534116 0.41755031543174 0.395975655516474 0.389525417559996 0.437615173189183 0.388066500545855 0.39118422935694 0.512810312398379 0.424416530843155 0.419805783197556 0.315195336426606 0.240988542848504 0.463531658554107 0.329887207742885 0.326593313507898 0.342937892901044 0.284821292438835 0.326647208658535 0.251532143787201 0.330688265686145 0.382780966014005 0.287193516704821 0.421651821975234 0.34271647511027 0.306234795364501 0.442161317144834 0.483700894782511 0.368046752450301 0.29245361941763 0.421486412933336 0.443537688245369 0.543126650380134 0.418604734336303 0.478252642257818 0.50724882864728 0.483821477785436 0.446191608503695 0.26508034074321 0.312276659472136 0.338036748541963 0.335126268016342 0.356433174235418 0.464706293917334 0.361765091840773 0.359918156271924 0.376839857025375 0.378768360714128 0.411448864838777 0.368601334517752 0.427897456433627 0.42826153743136 0.439698005639404 0.372885281874445 0.385277747085715 0.404032467808088 0.343090377463643 0.348108445189757 0.3854129656247 0.450031980853578 0.363586568429006 0.437357935602121 0.468248094095891 0.514889655898094 0.433460458442767 0.314885793852229 0.387934833957229 0.38218189753214 0.316321708948897 0.319588967213134 0.314099771133429 0.358537150913186 0.437978940094922 0.267101856803552 0.225568912364216 0.534967840703198 0.403799863020517 0.417611346470665 0.415623954837772 0.437497146827881 0.45356959363254 0.439579072176119 0.408550658324226 0 0.492466426016228 0.436548614277869 0.296521928327749 0.44253030642949 0.300419401207282 0.279832789604069 0.352384734218747 0.268664425299045 0.29569967652572 0.343280033654862 0.46533010019903 0.314670108088838 0.30768778889252 0.400398945714593 0.378589423094906 0.385042742455912 0.347957207799321 0.298214615249034 0.324331431189671 0.452441743597376 0.482420339292584 0.446903324139555 0.393398121967046 0.53050820996141 0.477634718097345 0.504876818825925 0.445655071267523 0.447529610711848 0.4650265383141 0.358928638235498 0.2753030104594 0.409208652860846 0.343509343912777 0.330977949054304 0.338824647540489 0.382847855140469 0.372022292122923 0.448813602695609 0.345573812759011 0.345120909549578 0.298263975757168
"sivadharmasastra" 0.536711919958752 0.552959219620419 0.561249159490197 0.566415053006863 0.535190647662467 0.573593017133976 0.563953972382949 0.611916017845374 0.574875404891837 0.593754735027368 0.627618859436948 0.59768993340119 0.567531895451033 0.521573995067678 0.488773721526719 0.605515274570227 0.551373121701589 0.517193314418116 0.550379338478318 0.510960778088368 0.5213478868462 0.525079474603655 0.478108031963678 0.522559818266055 0.499393625248247 0.590705477085344 0.538668523770493 0.499271649796962 0.556092845005063 0.601693737267786 0.55939135680884 0.519065595021765 0.547105161207008 0.608944503452951 0.662381274357187 0.583555695471025 0.594740844173002 0.623128757343223 0.5946733772883 0.607850777290333 0.483277440628221 0.496941382487597 0.520754298297819 0.517587940999364 0.570339502196753 0.569177682511811 0.559048560729454 0.551287875461695 0.54907618351494 0.529799955746312 0.56535573301157 0.545044552599895 0.559512370535372 0.564348334279397 0.596445520288822 0.527972742915794 0.531058535513237 0.521304178088586 0.526054039340164 0.511278165025339 0.499237614741581 0.514990837082954 0.568071324232925 0.596253668621142 0.62101058697595 0.652130901274449 0.562227478115987 0.546459502325611 0.554324727172671 0.531912509166663 0.531277385272104 0.525870827520206 0.458083256912159 0.504138750383934 0.611332965717744 0.498607720524194 0.466360677012292 0.609989654971593 0.541973893351668 0.559840349191812 0.546440531546784 0.556936347574778 0.54839068735359 0.548373812460543 0.559470659475039 0.492466426016228 0 0.415201096842367 0.459165341194201 0.516813344141759 0.529679857309116 0.462465599941228 0.52011122067426 0.481350753688686 0.490913008529043 0.49318044323275 0.543173770361572 0.514478971430177 0.535320857213753 0.503336953724578 0.538057059058551 0.471552346717488 0.526799391597557 0.505309237612836 0.522267190513536 0.597756187125229 0.61600620594719 0.578280171164158 0.556137827867487 0.602855398879958 0.615137522828594 0.635460902463389 0.548361569628332 0.606029893292849 0.577663637894679 0.526918293289111 0.503361651529095 0.571666171437838 0.412386079782236 0.582290737644743 0.520258697740845 0.551386514776762 0.536501913666192 0.607473578142397 0.555138554149761 0.518839470713549 0.517113352059229
"sivadharmottara" 0.424628501121468 0.505367990414738 0.515239221419047 0.544461587837462 0.4941946208288 0.539628100408506 0.533564271662718 0.543067114065196 0.529781235626509 0.544832317229735 0.581527449992429 0.53674701619236 0.528957526163519 0.466459350794151 0.411271147841552 0.492010859179154 0.458408760773985 0.444286580881564 0.429678458706089 0.396315318816586 0.481683730411481 0.432612820546251 0.428737810215106 0.435011187794543 0.398473416173882 0.492826614276827 0.454922678488841 0.529010555600036 0.458019990715761 0.511910071752796 0.483257953888379 0.475908248089137 0.503249391601581 0.52769236431672 0.58167859864301 0.484795039384451 0.510738267058789 0.526550706959573 0.484869303877754 0.532312674243888 0.467869066340093 0.428249162403755 0.420289610481911 0.409361963230258 0.490116945182448 0.481381683614287 0.443488326425581 0.475316695731008 0.481328790859818 0.417901879010845 0.46169879117851 0.440666814032969 0.494308489938039 0.483625614423446 0.499865450552275 0.459211585969313 0.44189345354574 0.477832685439998 0.394498812165441 0.397068360522796 0.40004631145965 0.44005107211057 0.44528436512785 0.5053887444948 0.52696389296385 0.570020546109639 0.467816798178515 0.436696631872688 0.524148183230796 0.521832825023832 0.448569709900292 0.407975964316767 0.376208744422101 0.475429982183719 0.512967107065116 0.486393702999422 0.460232627116592 0.57872836731085 0.514193222342423 0.475255014752276 0.50774548468049 0.488302047905563 0.491348292030352 0.485595387930505 0.544630967461706 0.436548614277869 0.415201096842367 0 0.428275821155584 0.481188062738132 0.487391098975458 0.453153157624362 0.530381429941713 0.380898110654748 0.377048651012154 0.421725589411271 0.429867225700788 0.440769151231607 0.440445294724141 0.496319581035882 0.485160583863385 0.410056392136388 0.449707954973719 0.45555498896205 0.500408065261701 0.481804655167705 0.499472321395023 0.45746668154626 0.487617577601653 0.527027750102047 0.506465588459859 0.554053955992571 0.440972974409796 0.520186525078946 0.451846155781339 0.457146206411164 0.474125005478871 0.463205179744863 0.378845462139107 0.565985669329121 0.458311356311668 0.448429809641309 0.419468839940312 0.481204535729568 0.527673090672508 0.467489919751062 0.432211241247252
"sivapurana_dharmasamhita" 0.443301903044623 0.424100283588589 0.47766339407361 0.432891340702365 0.409361624275798 0.454664484685274 0.445248643974259 0.486798301118509 0.433301897019423 0.432377230503703 0.547730449982795 0.434363035978641 0.476597292201462 0.388070310339145 0.296887509021821 0.462470339170378 0.336520133205396 0.346805949145513 0.342467353391273 0.307124860424604 0.371947333874426 0.345999618613251 0.336422069819137 0.434130802736592 0.358166947682441 0.485838270578865 0.364113958421595 0.380227805044401 0.450802621100235 0.469116835163889 0.379769474871323 0.311857417915246 0.493540814866972 0.454430417371877 0.552325760804223 0.425755778893327 0.454360501581766 0.518902244919412 0.45199354546735 0.453879747992576 0.271807463420343 0.365043806263989 0.363151313003799 0.401393551932117 0.41038345263046 0.47867317220857 0.419138679167241 0.409344544426946 0.437279048744747 0.419802228581379 0.422762260717612 0.379758955092903 0.422793876220224 0.419139096185679 0.434223188967573 0.375738075269017 0.415951765467331 0.436159961227847 0.397537115759077 0.390687998192144 0.426055477996886 0.485598110672422 0.403257685159848 0.466356215859307 0.504794413671117 0.534190063669397 0.482700601225553 0.393797800157745 0.417992640112697 0.411246561990806 0.376180639595942 0.335277881035896 0.31275161646472 0.357332825621873 0.414550923627552 0.301620697012032 0.221209253963651 0.550982538336379 0.409079697620011 0.443919565229154 0.413786210745288 0.444629161826774 0.467443061652573 0.428876831613432 0.414958009755299 0.296521928327749 0.459165341194201 0.428275821155584 0 0.421428825845621 0.36680595974521 0.278909941589303 0.352102847546929 0.294568740458968 0.377618816260606 0.376236605838567 0.427834618728156 0.356561238870303 0.339565810268253 0.437105997699307 0.444480358150798 0.386321139544901 0.377126485112872 0.359070852530444 0.332494380400142 0.450192376990187 0.478119252220581 0.49224675128446 0.434768306436648 0.517072640437628 0.488514064721633 0.517692436727685 0.470343544112548 0.442687930970567 0.466791214266764 0.427654957104085 0.319831845978004 0.408438981320171 0.394175021727974 0.400426855383388 0.359809249252662 0.414170080532533 0.424043254415489 0.502564770470434 0.394001620061138 0.396662212171373 0.347500609172688
"sivapurana_karvanamahatmya_au" 0.494245986139422 0.521691026301892 0.553781169096607 0.564830678827588 0.548400805166321 0.597109287317985 0.517517602940322 0.568431821779374 0.492399426239519 0.553152539855767 0.638785428720226 0.544132320266257 0.563513377250395 0.495977726707059 0.376740100417424 0.495165474200342 0.41163433776499 0.461918623531624 0.425066016664271 0.35124669703362 0.444201656376534 0.388387310140971 0.449484869887111 0.483093042232295 0.390560417466676 0.477010106867221 0.429272729862157 0.480843705973199 0.508495603206072 0.513987291726189 0.438854344786347 0.383294629770434 0.595192869295817 0.474898442604672 0.546221736987711 0.428204890628618 0.452912215077531 0.513586487040303 0.457283235215603 0.465912212354659 0.431913722117521 0.469212359514609 0.430414901557397 0.472074813443318 0.418975593114811 0.512519503724385 0.43459723104028 0.413521904255699 0.445080775538213 0.442122504312999 0.448105564747811 0.411194686396183 0.451785128582623 0.448028896164839 0.452881800455926 0.394839524373147 0.436090084822512 0.464899536190763 0.429636014457312 0.416754568387773 0.463809626802917 0.46109592817087 0.435816835600996 0.474438096921242 0.504598650706127 0.515864843256186 0.487956790538667 0.399654319146015 0.385598923014036 0.402936697507237 0.368096556496715 0.382754421666822 0.470687575058546 0.472377784114804 0.411243995562041 0.421396951648178 0.422234451956062 0.675298687827708 0.45560210654548 0.480333786800352 0.475672245003476 0.440477664297122 0.480338227220082 0.456898169588814 0.440146401101432 0.44253030642949 0.516813344141759 0.481188062738132 0.421428825845621 0 0.442587752777263 0.392802647341329 0.48118044168303 0.38913811020044 0.444007785502051 0.480111889387611 0.407161997895341 0.515620757385462 0.333586928265863 0.49850032532032 0.453416920985314 0.422271161460463 0.428142085925012 0.348827421788117 0.428166917924562 0.483277719380854 0.506216002890943 0.493209525832867 0.444907585857511 0.548999374670088 0.498493220957852 0.531285048587051 0.481083186130836 0.478278536144449 0.475775632044312 0.447986993725778 0.364502751467249 0.453018687706842 0.418218996267159 0.468188738552313 0.343286952427373 0.420982970179898 0.456974283801615 0.522553608864599 0.428190851822444 0.415880237812716 0.365079723872919
"sivapurana_rudrasamhita" 0.516337941482541 0.44387773736572 0.496112457248648 0.440800272246381 0.458675813886392 0.47403578339565 0.430425839661531 0.476637830436536 0.411696575555866 0.434983934211861 0.55802044130744 0.406305568275918 0.478591042131806 0.388540189538939 0.305738187554904 0.483390444097824 0.336100816979485 0.380194627353239 0.366998290302766 0.302547910515471 0.387563093683059 0.249818573009349 0.388539484981919 0.482062801080529 0.373682738728014 0.435725295223951 0.333437769302175 0.329465654916999 0.457377728850828 0.482121321945382 0.340041570462483 0.304217014862493 0.525926202740045 0.440396796885408 0.544055850298953 0.438611265910055 0.466383628719347 0.505687810891957 0.477097970518477 0.43570454014449 0.327179141444348 0.416542225627035 0.393284789034148 0.425816073750906 0.32067920567494 0.433948135613289 0.368679341220301 0.315956174971027 0.344224809903763 0.37650732380413 0.409856988340262 0.322553222993291 0.405436028853179 0.397267562242644 0.395821466597496 0.35561281133901 0.386896687916971 0.423586956989167 0.382474229399877 0.381811436484422 0.464819108511751 0.498935509319093 0.334799904896219 0.413791361599301 0.446707580210731 0.515071604376681 0.432556383399282 0.338123774785786 0.337642213351166 0.340504365869329 0.306740852420641 0.382817822733991 0.40328201689727 0.391230649440262 0.44136355036017 0.223909854972039 0.287467385382013 0.591089849004409 0.3453858497982 0.372965102417563 0.383923792616121 0.402385341539866 0.412197437007027 0.394304826824487 0.329908712847365 0.300419401207282 0.529679857309116 0.487391098975458 0.36680595974521 0.442587752777263 0 0.381191217031121 0.221687496758803 0.31863566780876 0.379943790957206 0.384331547278566 0.406532050670678 0.359581760413505 0.35293042390807 0.471006579070968 0.351725006661086 0.455301572700467 0.327645797887706 0.309367781772443 0.278092100672664 0.471321723123687 0.48658566293855 0.501734659040138 0.410722234003502 0.534482896698362 0.505550909699169 0.514718672396777 0.486428168401947 0.428857896033943 0.485851892396272 0.378136922443505 0.315376589663571 0.423738237725869 0.419817154566802 0.388221748262287 0.359290035629738 0.413152898420676 0.472592597355083 0.486252506150104 0.300508628906872 0.350837517273193 0.339319030752106
"sivapurana_sanatkumarasamhita" 0.431096814411892 0.474938760424213 0.514544033426156 0.480928172777445 0.480026997538962 0.466930546104348 0.485369156501366 0.528759815545737 0.453219119900568 0.490378116278267 0.561960954175585 0.508078140240323 0.513281567577047 0.417853140385448 0.288502125690018 0.421533928810518 0.327755683734794 0.334557488833917 0.329733027903779 0.303685306282254 0.362630867691992 0.34210347690438 0.333575770958855 0.384364027729285 0.338313921833777 0.429994397169383 0.36403674392701 0.358496327323855 0.414016262648461 0.448796625623391 0.3684762983384 0.31729658406005 0.482047596392311 0.409979578915002 0.496729535618239 0.390790443713434 0.423330639699388 0.479839881337011 0.427441662298423 0.424859808818374 0.251550536738819 0.326719002981836 0.302480256569747 0.321436848790039 0.393370068727835 0.465432936073688 0.416304760855056 0.405054569568924 0.443395258710218 0.423473533145132 0.427433301315407 0.378949921341816 0.448853699842085 0.441636392158341 0.45090547508735 0.385278885774689 0.419902082567664 0.388255921705566 0.372017512180934 0.366790586298061 0.367287374507933 0.4563091792709 0.396556725513994 0.440569549170449 0.511864215113561 0.517755478396862 0.459586763729669 0.356503746173552 0.383894320916279 0.397111357130538 0.349973846642149 0.314411839969344 0.331849771888015 0.434913128121401 0.398245510508531 0.340735138872082 0.278623800877561 0.542299464853035 0.422410416783669 0.447825365309409 0.442366213390955 0.438396698506115 0.478850688839237 0.444142424632116 0.426465957904003 0.279832789604069 0.462465599941228 0.453153157624362 0.278909941589303 0.392802647341329 0.381191217031121 0 0.409158446069359 0.310596131475729 0.33380684834896 0.310352660368745 0.429769378077025 0.398899460543334 0.306293362400483 0.35740191231629 0.375282508354003 0.350386510720051 0.345051966188158 0.316450273959861 0.348906558821912 0.416594945340671 0.469324295932576 0.431773312201869 0.387842248880974 0.467916186015612 0.436430082908667 0.469774295423222 0.40546992617208 0.43918773322016 0.417565391308721 0.390310683566824 0.321674154770543 0.367612516399058 0.347464185311996 0.363335489523859 0.336316599732411 0.358352409282433 0.39364892143019 0.460584848219976 0.400126293414012 0.374625095693483 0.317944662351376
"sivapurana_satarudrasamhita_au" 0.566065459364616 0.437288155041514 0.496853262815648 0.451548087949344 0.466388618026121 0.485032668238564 0.415491117335591 0.459771942271503 0.395332085163591 0.436231466338416 0.583437988371858 0.423533173593701 0.463006921786839 0.417159846248964 0.393615842820239 0.526501902193641 0.397115548130374 0.424825730265364 0.432956733673519 0.382601914399688 0.440707599919078 0.336416297386115 0.470770350993623 0.522718047917608 0.444726280391224 0.503186452967294 0.393230068481375 0.354656288510867 0.473430403129334 0.517715725610246 0.390504347351966 0.381891560267062 0.540743257234783 0.474962828328651 0.591716089747405 0.476414565236155 0.525386212154159 0.545807759762016 0.534250787926362 0.475686748697983 0.385705536344722 0.456784163603162 0.453391667832846 0.486271582943257 0.341674699274035 0.451738531243948 0.388408925877997 0.340063390330793 0.369095853517702 0.400134633746533 0.453669900124506 0.359755235106171 0.44571218303811 0.433477947261762 0.449300829876573 0.389113508643988 0.415251809229826 0.458855997579748 0.417230517115427 0.419502577033012 0.524020468673559 0.544927242692972 0.375221014604818 0.436573653584574 0.490448120575784 0.527498055132758 0.456176203843662 0.4020692670371 0.38039655527268 0.32261852416577 0.350069887702978 0.441277114494656 0.446344961440042 0.428975831558945 0.46649921838723 0.281485351976936 0.275676026316089 0.595540130831423 0.38804869424841 0.421556524916726 0.41520345937544 0.411898371467101 0.433592568662275 0.424563608988293 0.371355884003555 0.352384734218747 0.52011122067426 0.530381429941713 0.352102847546929 0.48118044168303 0.221687496758803 0.409158446069359 0 0.378615723124627 0.433207070321681 0.449028291769634 0.428497206259679 0.39097364701027 0.396422574657964 0.498943337108759 0.388401756569139 0.497374604770804 0.34714488186023 0.367964023560817 0.363261565541059 0.518949754455883 0.529443931849454 0.546672611021704 0.443441473527356 0.575546567903517 0.561778082485188 0.551879913285983 0.544180993436279 0.470426157845529 0.528617057552888 0.442512681078625 0.343970918153311 0.475732358370637 0.471072310533735 0.378528801969034 0.385772433787739 0.4780825461475 0.524720681558386 0.518421725245154 0.34142388621533 0.410542649378552 0.392727911548859
"sivapurana_umasamhita" 0.387439446884599 0.457313788216714 0.474882219130021 0.447266520981074 0.443927646170038 0.456452502241835 0.445542061816985 0.473842769804069 0.448953662236707 0.432675332931194 0.561722945288304 0.465906355188094 0.48652051937234 0.384682186095664 0.172094109188102 0.348970802560154 0.208894574833081 0.264179113828232 0.208468751122727 0.227804750750211 0.391018230249436 0.260231348077376 0.298419282988412 0.334465614884739 0.231603916121394 0.368047345797712 0.272198061653066 0.368376957730787 0.399371827224007 0.414324834623473 0.268120385431444 0.297696707806265 0.460502895414834 0.330354723254829 0.456624599524978 0.323370288440052 0.36427755735594 0.407488157454309 0.377746774868521 0.35255432867826 0.258338824062644 0.318842479681688 0.265798523951025 0.316565665772914 0.307248340079747 0.428689171264279 0.322940218629447 0.311252621445761 0.346548157984336 0.312627026869269 0.353544870339711 0.314987082242764 0.351537695776701 0.367951040180667 0.366786715830367 0.279449209546968 0.316855145350376 0.365105957852559 0.285304695157496 0.277746906003208 0.320419464283435 0.370891233335189 0.30442312294381 0.386397764216999 0.432314739719232 0.476878644495186 0.381555833744379 0.266169070400599 0.361251117180921 0.354880507591729 0.269861426819537 0.239767618768148 0.31205799720615 0.377245476732853 0.400461308502572 0.296229097067267 0.303404742832837 0.586809658460862 0.378342254752311 0.354930924599141 0.388675485019503 0.360185867946649 0.407115674104196 0.379828750709269 0.383252718080263 0.268664425299045 0.481350753688686 0.380898110654748 0.294568740458968 0.38913811020044 0.31863566780876 0.310596131475729 0.378615723124627 0 0.275596452317033 0.330538740168002 0.376967066539228 0.368855413924635 0.240267182652385 0.402549828772779 0.352676879099675 0.336826968509033 0.310237762400599 0.273287090824017 0.311640750562113 0.335581982806683 0.389518775659829 0.387829209391713 0.322585184882559 0.423447478324251 0.390217399680656 0.403914927897907 0.336099804191846 0.338292396053621 0.376591061334096 0.349009251744906 0.268507888550469 0.278635041572396 0.322191174772323 0.408794368471746 0.272069371653556 0.29135524571008 0.3274443257769 0.43069761581534 0.385168351535194 0.358986502574922 0.252844165625805
"sivapurana_vayaviyasamhita_au" 0.375723278026469 0.459586154915662 0.495517586564292 0.481088673284919 0.470017244155584 0.450939297510161 0.465679252506517 0.51739067799991 0.479545829554334 0.453592585042125 0.48310339955394 0.48488770927459 0.495491639152261 0.386298861970551 0.258926758868338 0.416020105882981 0.310701588638385 0.305870280775829 0.296763033174329 0.295266019452252 0.377299299685226 0.307445708126753 0.337021721884845 0.340018917990972 0.285294931668189 0.403821443337349 0.314363483745002 0.405271531985951 0.419841467790879 0.4511175394896 0.364907297578096 0.322859832496156 0.471076936791059 0.411037413777441 0.523364817964678 0.352287083010184 0.408363266881723 0.462024595735218 0.41127169557999 0.440723453299951 0.322543504632179 0.297604779687325 0.325091103360263 0.271864235134063 0.35726840485934 0.440805403144267 0.374606572758351 0.362153067865218 0.392172313285303 0.369289207890443 0.383130199873277 0.382434520799261 0.408482020109011 0.397617401787772 0.417079414109064 0.373747182879235 0.393189268149578 0.386848088379213 0.324335426806387 0.340485995385278 0.334187372742046 0.382301403090287 0.357889437991124 0.416845635886225 0.458915923317616 0.494741635349176 0.422961040911801 0.291843982137382 0.411500715964138 0.42905224994671 0.311166437192322 0.293583781988387 0.293747321001458 0.421117931129964 0.419759439558115 0.370831502602262 0.356972217289871 0.549707627226913 0.420755291565686 0.408382573753617 0.450350800093691 0.42456828583957 0.441038793608685 0.429017264180566 0.45341643430922 0.29569967652572 0.490913008529043 0.377048651012154 0.377618816260606 0.444007785502051 0.379943790957206 0.33380684834896 0.433207070321681 0.275596452317033 0 0.318288650203032 0.461139942778098 0.345298284716155 0.333507305903198 0.391456710633234 0.393997233320355 0.354599799955807 0.344392634662248 0.376001910734124 0.37022171287053 0.416355637241337 0.417354363565475 0.362491751919895 0.393472793748645 0.488110019606658 0.445490261276683 0.489244653242807 0.407026593721448 0.415464135442941 0.418945746406936 0.352798049378396 0.385209239828916 0.377095458494528 0.36125063461288 0.442494689469491 0.3663049755613 0.33893860007881 0.316938625795696 0.380383453358702 0.406511547155978 0.377162733962207 0.28255736817691
"sivapurana_vidyesvarasamhita_au" 0.346752176412646 0.508045749367235 0.523911732128278 0.525533044607501 0.520867081307867 0.447879577015405 0.513248018056476 0.525649142276436 0.534108674635819 0.507085685007953 0.526860071200965 0.527398274152235 0.514547398941581 0.411763981006315 0.290439444084074 0.435820283951367 0.369690626520489 0.327910887075816 0.356674643558302 0.366600369931219 0.35588811288284 0.364578706425617 0.329704896349572 0.329307255145771 0.318998975187902 0.396841947844028 0.416847709280984 0.433193891870173 0.491679421449768 0.519539618000921 0.445589384831554 0.354292422258853 0.484123662139325 0.474466255638676 0.531222786581915 0.454804939167595 0.444487889009718 0.494320774159884 0.439439929211485 0.500378098357645 0.332262579060132 0.305313443714376 0.328167149117193 0.286061941820972 0.465874576619309 0.518801781829721 0.474859054968546 0.477445778714121 0.492141497214668 0.474524375573267 0.491313628182848 0.468569805373973 0.503005834073312 0.501989561180118 0.49393644298691 0.461610616003545 0.478283130773193 0.44116077627394 0.414760809132487 0.412780428362866 0.380202966437604 0.448240339799011 0.454624335471039 0.510555743891629 0.557948419814638 0.575678158272893 0.514877267771632 0.391143693265322 0.447387415155223 0.483652722564864 0.411418481803632 0.344611804348193 0.256207525978728 0.431014744289464 0.46133208298286 0.405492996220517 0.407561285151807 0.484517221769314 0.502766594507191 0.484982668649662 0.521820489041293 0.519795081929794 0.533715557758102 0.528861016834811 0.515949104500049 0.343280033654862 0.49318044323275 0.421725589411271 0.376236605838567 0.480111889387611 0.384331547278566 0.310352660368745 0.449028291769634 0.330538740168002 0.318288650203032 0 0.462492321767849 0.415579875816506 0.384074107499804 0.359323466973996 0.465489940211588 0.35837660546727 0.457563118159204 0.419025817549054 0.408448267545529 0.439666361530179 0.463648954407575 0.366494914788708 0.433251322098079 0.491525276514419 0.443597539666646 0.490202443284628 0.39809877177465 0.465771412640548 0.401122508527334 0.385398992061564 0.405601520192265 0.394133532358586 0.395594880521577 0.452060884492807 0.406386795317053 0.375443483149862 0.381557659198469 0.476416476472544 0.471549880841363 0.403467687096971 0.374656316283935
"skandamahapurana_himavatkhanda" 0.469890339657703 0.520251264740023 0.597364755131398 0.548286549201001 0.542535497090584 0.58260293084746 0.548430729434429 0.553257630946176 0.515587442865104 0.548430394782436 0.663631902524279 0.528955799757113 0.585310972049052 0.503497920443949 0.408955205352521 0.470414606318351 0.391303954776125 0.447943200051137 0.391532701787774 0.392034951812592 0.521929947349949 0.419758770650898 0.481779587019528 0.424370404994598 0.435757141759157 0.481327793737893 0.41846425733855 0.45034426497089 0.445829233580133 0.456770230139111 0.406785233420186 0.471959912912704 0.58950935159328 0.461564561549143 0.544904573709583 0.436822544188834 0.446221602585434 0.51327814775599 0.438263971869573 0.451311391554424 0.409286580564889 0.499434590725676 0.395578549137066 0.410447118160993 0.438997249273805 0.442867321944516 0.417704730728485 0.425646137180564 0.455222107422927 0.417436590791363 0.422632811913522 0.39134482736539 0.460467974279707 0.422519729505147 0.413557581549388 0.419842651683751 0.440567273914706 0.464889905322108 0.421289936610159 0.415987510499519 0.500311636366824 0.526991414125677 0.412142389545558 0.467945844875844 0.472918113843928 0.544591497240877 0.457043196668427 0.423022263959304 0.381329610045272 0.467026747415692 0.410920801610109 0.408840191615701 0.446645028595397 0.539010129003012 0.467875118380029 0.445824403361427 0.426059668128792 0.645170906410384 0.473357776467911 0.495431921790724 0.516501904704958 0.457324557444319 0.499306948576158 0.478752328874799 0.475199419175304 0.46533010019903 0.543173770361572 0.429867225700788 0.427834618728156 0.407161997895341 0.406532050670678 0.429769378077025 0.428497206259679 0.376967066539228 0.461139942778098 0.462492321767849 0 0.525247748068481 0.398076052247946 0.550080853548609 0.385894580398338 0.517484170698431 0.392266479495637 0.374197841057543 0.40449266079072 0.472938039883202 0.48681453282609 0.552977719753436 0.386167320259937 0.511841549096312 0.486227440770363 0.509972666582369 0.498207100424842 0.457565898012318 0.482362467680275 0.456007085988187 0.456357441850572 0.430139822611224 0.472660590636135 0.482709988139149 0.418655594043896 0.450246581049805 0.482384828503829 0.49879664047991 0.469263481803832 0.459449519045779 0.427457113684777
"skandamahapurana_kasikhanda" 0.511553563077808 0.418812439208227 0.417642363386108 0.426763280004796 0.396048550295443 0.39897553879519 0.399488988007559 0.439642818969896 0.417823989497982 0.415144153781614 0.410236053617427 0.430608095032557 0.428166314522578 0.386910407711351 0.353119183224743 0.554045346494519 0.441130965467077 0.403901440011487 0.437536106179068 0.383399699758646 0.36920216049859 0.366195733479855 0.407213687299967 0.471365321385229 0.364587215857445 0.49487377914291 0.443522810098654 0.426310791550256 0.529606967475175 0.572706480602464 0.465778782810373 0.373535541330538 0.448538516246017 0.527378675252822 0.617306477048803 0.489749209666662 0.533722969050475 0.581811464435728 0.52099512367077 0.552448711702207 0.388098922062352 0.401691550668918 0.459990572719301 0.448058384722985 0.446041811530778 0.538848444968237 0.45363179982035 0.437387271852761 0.445946284757634 0.435994142281064 0.498332661785194 0.443896744639334 0.492266443064327 0.490773370393187 0.512962293220897 0.457070575743992 0.430662932226901 0.43852116205157 0.421065097123467 0.416307084725135 0.465833478686289 0.4946589407366 0.442539415364621 0.518070051343912 0.554048582483223 0.567274142816182 0.502440785619525 0.380316673958184 0.456712260332468 0.426479789315914 0.376286498861222 0.433712120556993 0.383931045760409 0.34216698556463 0.542298404727438 0.345023612632224 0.34285284869835 0.480870764000279 0.480776051231971 0.453727095404788 0.458970072417445 0.48074284100284 0.471306456417969 0.490422789474619 0.47761101973275 0.314670108088838 0.514478971430177 0.440769151231607 0.356561238870303 0.515620757385462 0.359581760413505 0.398899460543334 0.39097364701027 0.368855413924635 0.345298284716155 0.415579875816506 0.525247748068481 0 0.431124881436034 0.417028259305216 0.494706987646498 0.459131592658848 0.456065454646978 0.421479849773039 0.407478259271676 0.542363917624839 0.564477246835729 0.496077702096025 0.507860923080534 0.599971159454791 0.579997521470995 0.587447328985301 0.519637673345573 0.536158624954983 0.539368871752026 0.442759634363109 0.380458749735419 0.49753302868459 0.407579789360003 0.476059642252168 0.441890401514705 0.441694260848229 0.430162448714823 0.439969073536044 0.392923123221175 0.401274945060021 0.359610022647827
"skandamahapurana_revakhanda" 0.388354064139574 0.459060869400273 0.505787909848984 0.488532272686815 0.487271890898304 0.504498622383638 0.457531797296178 0.508119702841619 0.438904044552356 0.481651826018016 0.596615024720339 0.491593020095072 0.515092396556163 0.421430559867847 0.232640231539002 0.378613079917142 0.254227989493628 0.34677352286256 0.276686797838378 0.207064837784709 0.419473965215911 0.266222367573295 0.33701333018788 0.37173436413136 0.277308280231354 0.412639756574506 0.299747516760738 0.403210566543616 0.417879403624489 0.418218464233237 0.281897688922392 0.30788237238996 0.513934500890583 0.349903340959192 0.471511345525348 0.344297667086178 0.389454742146966 0.450544183074865 0.388311379905446 0.357120304182403 0.298182666124774 0.373330695581156 0.284531427589053 0.34967092140659 0.306472088863178 0.423055646797794 0.303282273993366 0.297990849021322 0.350762174817603 0.321419558120673 0.344956253314621 0.316300877598237 0.390236616380072 0.385221963869735 0.365635722365612 0.322189756188118 0.330363299351137 0.383897735943977 0.307322506694078 0.281819527611605 0.354956082750716 0.397938403334941 0.313873040817492 0.390361586606079 0.443942688567945 0.43502180931567 0.358206905777807 0.282645085784091 0.359192271934263 0.36758560142773 0.271647192236112 0.228611985888758 0.365266216767547 0.40319680161262 0.347537010316944 0.306808896468296 0.320558199233785 0.61897924167597 0.384514534739523 0.388074240239942 0.416325527393265 0.357783207709529 0.450183585660977 0.391006960714642 0.375679503496212 0.30768778889252 0.535320857213753 0.440445294724141 0.339565810268253 0.333586928265863 0.35293042390807 0.306293362400483 0.396422574657964 0.240267182652385 0.333507305903198 0.384074107499804 0.398076052247946 0.431124881436034 0 0.394854214224712 0.353940329681601 0.390305474536466 0.327124367156051 0.247295269519222 0.354864857718452 0.357731460815952 0.410708016603985 0.421546894224255 0.349466252144167 0.424221848295601 0.40373253957949 0.422096381717361 0.383362396378868 0.371458240157317 0.407982179433445 0.354648425809261 0.217398845505631 0.311490702316687 0.344817862745965 0.364660561011527 0.2763526827787 0.304495734061785 0.344512000328819 0.465229675170477 0.402465860256755 0.361190594991757 0.284016234177774
"skandamahapurana_sutasamhita_khanda-4" 0.45416037633263 0.561260026217581 0.553952184698322 0.5750901792643 0.562339380387462 0.51631241107101 0.544582998097287 0.564436886960133 0.558935250148148 0.579376366011824 0.56076940721565 0.591351321131197 0.540383049117594 0.523012055000051 0.389748303539741 0.479949236509879 0.429529319956481 0.387749935281187 0.417157890388756 0.420229599022015 0.371178286229538 0.432739003902757 0.390869092682264 0.428859714592408 0.388688201507488 0.398702852295827 0.468722663008518 0.479839576350388 0.533004230591903 0.577605397682854 0.508218382110839 0.399453476302133 0.474014198805871 0.477407317852528 0.552424766043567 0.455235142582221 0.504201962879712 0.538399397321907 0.472742467158552 0.523669895196713 0.3884767952657 0.341320292513043 0.388248172442838 0.393848084537284 0.493673804911728 0.571875882491741 0.494053066453748 0.507665822568931 0.513289916837165 0.485924446340496 0.532202780578258 0.529469278539743 0.548524674325194 0.553792681836016 0.552801528227688 0.496180078392362 0.508126712958792 0.504516656930035 0.453169985993022 0.438483077122141 0.407978951262663 0.480269996851459 0.491493455089726 0.542770780889319 0.604714409737887 0.530948856393369 0.515134033522366 0.426570411710994 0.487371298013241 0.502631651852764 0.440862443906072 0.406716834256629 0.400452731514286 0.454279739108392 0.489746492745988 0.442463407410981 0.453568764168276 0.548744021620967 0.537254435111275 0.504381969444225 0.4993877265808 0.508694998350008 0.535265142280839 0.545094676018001 0.526695549258781 0.400398945714593 0.503336953724578 0.496319581035882 0.437105997699307 0.49850032532032 0.471006579070968 0.35740191231629 0.498943337108759 0.402549828772779 0.391456710633234 0.359323466973996 0.550080853548609 0.417028259305216 0.394854214224712 0 0.478716800359423 0.397872117080874 0.493772197308381 0.443566033677221 0.472308075674056 0.468905845574591 0.511564269656817 0.446499600742493 0.464104641301096 0.508340055565169 0.504021465883612 0.497846003619137 0.425570536884988 0.50572470381105 0.485042113911247 0.446959114985998 0.411578085162266 0.441396472244331 0.402798651785627 0.471297194770741 0.466878981086639 0.431623452815277 0.400284010016217 0.53256363270949 0.510198909720834 0.459862156428409 0.438056521006694
"skandapurana_adhyaya-1-31_pu" 0.492811138887102 0.524433136603727 0.587216160494541 0.536409134838464 0.546147219553961 0.565841940865915 0.527374440926051 0.572280657965772 0.484459468262233 0.510847098165164 0.644707683699384 0.529454136903247 0.568493354785695 0.479272680970857 0.371953161234422 0.402951045283075 0.321190203210715 0.422851706094561 0.348034246314775 0.291816873814654 0.475482190090624 0.350920401867746 0.452397724745439 0.430141003842113 0.419922244086277 0.422178293030864 0.291200905991874 0.348137078113499 0.33791444192869 0.407096861451744 0.316108489070911 0.37194274628728 0.553894118048922 0.360130173646925 0.459865065608362 0.373630470109404 0.410537456861653 0.437343130349969 0.402470811565052 0.338699575347509 0.362559151113491 0.436959947240681 0.292038504974873 0.39497857791391 0.301301937554325 0.37937852941016 0.323776926285424 0.311805989613473 0.377114358583795 0.350894808552602 0.362597793708216 0.343055145063703 0.405901521673631 0.394867406812833 0.349140692139137 0.335923735324644 0.392910094719078 0.426049848638755 0.336513617382449 0.311053000907582 0.423036180797583 0.408416895511866 0.292408577030822 0.318343353808964 0.345712956301806 0.461637731357627 0.365799950401546 0.340736887223216 0.376263887269989 0.393932428706537 0.33625252856844 0.322110460298172 0.460848160196705 0.498520046624001 0.412808829624472 0.36565988807 0.398672436603941 0.646282187657247 0.392221655169607 0.390233913487182 0.420081659290194 0.388298286028291 0.434803034914529 0.413583579877103 0.392133552337652 0.378589423094906 0.538057059058551 0.485160583863385 0.444480358150798 0.453416920985314 0.351725006661086 0.375282508354003 0.388401756569139 0.352676879099675 0.393997233320355 0.465489940211588 0.385894580398338 0.494706987646498 0.353940329681601 0.478716800359423 0 0.47104859789202 0.243707947094321 0.320670975937567 0.344078896153581 0.376607551933038 0.418648509843822 0.484339874156343 0.318415888466018 0.470220233078177 0.424068387115794 0.447991390976496 0.406908496970724 0.360136259332595 0.414470430317449 0.435979113878892 0.402477485209845 0.342743375033737 0.402921785824874 0.429182526449218 0.364824638827789 0.399951059979741 0.409698407277275 0.474009555431113 0.403848887090532 0.421999296521503 0.373029068772691
"skandapurana_pasupata_adhyaya174-183_u" 0.427263881437324 0.492714362049671 0.539260485776678 0.514083689257703 0.50389987336069 0.535755719571472 0.519456007932352 0.549805562536288 0.518624776260707 0.53302662287002 0.551068617236789 0.555316616756877 0.534153615543153 0.444971399232337 0.359163433895794 0.427888097096045 0.36444482428567 0.367774121273255 0.344916472836187 0.371440301051643 0.401854791871954 0.413860283193657 0.416334456825501 0.436118113871169 0.359175325048815 0.438411153417821 0.414725716699811 0.461299322336491 0.458623778619108 0.512081426668773 0.432559379422103 0.366892608229398 0.493787939999056 0.427215051337172 0.49875752285678 0.410929248711175 0.388374100293971 0.427591796963073 0.447289011902285 0.454923377242941 0.375685111319148 0.320803909356208 0.387674210774427 0.425340284941131 0.441731950741697 0.500968762489581 0.433646194695446 0.448291314746661 0.45886211630808 0.420640841140709 0.459938174146045 0.45042373855282 0.465053814256181 0.48037433854515 0.487377238281421 0.39970938591044 0.434294896268153 0.435209998247251 0.376795441775913 0.38982403739963 0.342134071761025 0.406225740978868 0.429145490916955 0.481720022813434 0.529669563466896 0.53838145609795 0.481371119684192 0.422141894520356 0.511879412261561 0.482939029311029 0.435041136064262 0.339834937732386 0.370634329427419 0.433277707004105 0.455964878256385 0.438165959270133 0.434728538598538 0.570030874781512 0.461367957249859 0.440999749907207 0.465199642803292 0.460033475663963 0.47682337949308 0.473236607272898 0.450457140714043 0.385042742455912 0.471552346717488 0.410056392136388 0.386321139544901 0.422271161460463 0.455301572700467 0.350386510720051 0.497374604770804 0.336826968509033 0.354599799955807 0.35837660546727 0.517484170698431 0.459131592658848 0.390305474536466 0.397872117080874 0.47104859789202 0 0.429672041488491 0.412001838128533 0.450664813442156 0.404509629265596 0.420694553634889 0.417149668913015 0.441474680219081 0.487020773973856 0.439225144915375 0.4858053323893 0.397834104894804 0.443249000681928 0.382548671026462 0.438691726987673 0.393703137620775 0.391082480475314 0.359149963869551 0.505132146846686 0.411240099637851 0.391948192731186 0.42322344971478 0.524394396613969 0.497261296568074 0.425660558410422 0.402093520806531
"skandapurana" 0.466132444775609 0.465581706562222 0.552896646837606 0.485450885292186 0.476571592887226 0.521120299443385 0.470050283215613 0.537250672420979 0.455649261183556 0.486705531593505 0.607987110342902 0.481022775568606 0.542652587870555 0.45472112303308 0.343843812483553 0.41687844808561 0.270633628553748 0.399320123925987 0.315312186893169 0.271597376612676 0.468907707841518 0.3468237519556 0.423260177177142 0.441917836912833 0.393186063037559 0.451649026776658 0.251608576955197 0.323363798748365 0.328802629466853 0.36854448342711 0.21651173002462 0.350932778839283 0.552193396330901 0.331421799590846 0.478967708736302 0.35782154906176 0.396711072489355 0.438510542553385 0.435145402671097 0.317324218766972 0.338886058496648 0.420255005193484 0.335668614469779 0.398851032896023 0.229273989029812 0.333365899279584 0.247500593313374 0.234926686912431 0.291279204009451 0.263493136177156 0.281000472656843 0.269727439245505 0.293166223452243 0.287888700871298 0.282917860810939 0.237789818589708 0.310602931945684 0.374219560933686 0.29136298230399 0.305810769614064 0.395082614487957 0.426803874097259 0.245210163347102 0.286665266144998 0.318269463564016 0.452579470194454 0.34152358282037 0.327564348582923 0.393734163655657 0.344834943697402 0.308762014607831 0.288093774068582 0.441951499839 0.466259917634619 0.381289061938265 0.35518077166782 0.331350110755949 0.639262562554696 0.28134264623758 0.325270375623171 0.34506471786803 0.299521048532126 0.343979341472291 0.288320265195192 0.28621060290909 0.347957207799321 0.526799391597557 0.449707954973719 0.377126485112872 0.428142085925012 0.327645797887706 0.345051966188158 0.34714488186023 0.310237762400599 0.344392634662248 0.457563118159204 0.392266479495637 0.456065454646978 0.327124367156051 0.493772197308381 0.243707947094321 0.429672041488491 0 0.304062528106325 0.296481979439316 0.384433289071449 0.419218194543951 0.471589509771007 0.327130788568422 0.471058261925358 0.447512854557282 0.449497649740236 0.444231479187327 0.326180192381075 0.415636335071404 0.397343561661812 0.383419926077077 0.349242954209405 0.385527617004991 0.449314527652735 0.353954061424199 0.373108016376059 0.41198609170195 0.453815493539704 0.38733556064988 0.41957817203764 0.341267835321488
"vamanapurana_saromahatmya_u" 0.477853373525092 0.497330430262 0.516670422367284 0.485375628266013 0.491291210491079 0.525206402144148 0.480559625211397 0.532382500211955 0.435887577983459 0.465100825886308 0.601830108906196 0.495686854856178 0.542126939524519 0.43483086661069 0.279994733235686 0.448432900408192 0.310947874497204 0.389698892442236 0.353707636035546 0.250864840686216 0.420783912778992 0.285160486762416 0.396504987586298 0.42537808497221 0.332286357275452 0.459366469907778 0.318794191150122 0.348552186363333 0.416591083389017 0.447648798011317 0.311655301816526 0.33382943782593 0.507331301748375 0.401346213595047 0.50578720062819 0.383457554156036 0.409658335079474 0.447195735264172 0.416427129291578 0.373147095477281 0.294374281642631 0.388338074126108 0.350599460020637 0.392707298069184 0.297695029317099 0.395451265336567 0.342004802897242 0.292454245524618 0.359889922848923 0.359874482839954 0.362661813500533 0.321391804800596 0.356861560113909 0.369848509823922 0.351966428080325 0.329490327127468 0.348478785592389 0.416766887715849 0.36649183098993 0.338312120074133 0.409658227061371 0.458905348939678 0.305343405116047 0.395268591639751 0.380856151398498 0.447122121377699 0.381723438278287 0.330441652107141 0.335475359523221 0.340026479082044 0.301380042507725 0.335799391436057 0.393679529247694 0.435384586018968 0.408862561039913 0.314796529718003 0.322747063959161 0.621932449021775 0.353794266565777 0.383917522668242 0.402830110112661 0.35630104878173 0.425851011174896 0.362811849514343 0.353589418406146 0.298214615249034 0.505309237612836 0.45555498896205 0.359070852530444 0.348827421788117 0.309367781772443 0.316450273959861 0.367964023560817 0.273287090824017 0.376001910734124 0.419025817549054 0.374197841057543 0.421479849773039 0.247295269519222 0.443566033677221 0.320670975937567 0.412001838128533 0.304062528106325 0 0.29465427023363 0.424584713559718 0.459820932087029 0.48065026460544 0.351428552169977 0.500847514224311 0.476413956835575 0.483998715425609 0.459903246290267 0.40091807258454 0.447068070429926 0.378174765150779 0.274012218807736 0.389206866438786 0.350721333569174 0.379170259217803 0.268848342685798 0.384290699939355 0.405472363904248 0.460570585925989 0.369805624733563 0.361140916213307 0.289101268980632
"vamanapurana_u" 0.458643016267432 0.472239215827486 0.538651310327004 0.468071001409265 0.467472073589163 0.510431048831093 0.461044838788235 0.530360664278162 0.448865555228412 0.449662555165438 0.594347134974857 0.449318550109425 0.517901622990455 0.392547148216929 0.305443367201034 0.459302486349424 0.299546630609822 0.335668788316129 0.342800775292957 0.285409084110679 0.417510116754351 0.297839712941799 0.339000526679775 0.438064355818436 0.360359952235431 0.45428472084728 0.270762825146809 0.33605156924453 0.416867474850893 0.448956395230558 0.284228963197883 0.292261177156095 0.547257998788346 0.394235961518281 0.531878104163934 0.378617611869692 0.419125172686974 0.497717915170006 0.443913537464238 0.377214402677782 0.283291557982166 0.399159890389096 0.374897289578916 0.414581629775734 0.285647689015302 0.396614257471821 0.354908473326044 0.276064631880448 0.337351119100395 0.376251991573728 0.359756696564492 0.373581151283431 0.307550238367595 0.307539092301751 0.320232696597755 0.314908993240465 0.359514511009877 0.419380575357807 0.385382220181437 0.373413358860674 0.447107663979076 0.502990621621774 0.308784007288756 0.395170909724401 0.374794754301729 0.484646396725908 0.439517758107761 0.339602437216766 0.339342853883222 0.357746847006638 0.324437500697341 0.332565107465482 0.33660868019242 0.382934305079904 0.418171158348629 0.284741747342212 0.308428487223088 0.6175808433761 0.317850818539227 0.320202817397353 0.320195664984061 0.349951941288504 0.34828965271539 0.331222838499555 0.285772572834149 0.324331431189671 0.522267190513536 0.500408065261701 0.332494380400142 0.428166917924562 0.278092100672664 0.348906558821912 0.363261565541059 0.311640750562113 0.37022171287053 0.408448267545529 0.40449266079072 0.407478259271676 0.354864857718452 0.472308075674056 0.344078896153581 0.450664813442156 0.296481979439316 0.29465427023363 0 0.44308462946038 0.466857172804134 0.498091498089202 0.382617579124887 0.490774130523369 0.469647377912147 0.499501507154864 0.476791693863699 0.35990627793419 0.467745233077537 0.355545873027441 0.338139163139809 0.388301601202261 0.399886169250227 0.420649507841515 0.33088900715413 0.41903588873121 0.436285831808125 0.470859832780393 0.323332825191438 0.363759640297476 0.321295651685891
"vayu_ba" 0.443455478374538 0.582314438614876 0.621106654110407 0.579275562020054 0.588042711007908 0.587974175509821 0.565688189876274 0.62282414587088 0.588474164302592 0.558751827910608 0.657838725503089 0.59715293623084 0.61980829620841 0.513406596701729 0.362728818753241 0.112619615939257 0.235789515847781 0.400131752733703 0.209901098798971 0.346622882169087 0.513549689487643 0.444580844361474 0.436207506519202 0.427614623163917 0.40566089942796 0.377530982638621 0.394501086568605 0.476614991691152 0.368234034183561 0.418564227520964 0.346656674971545 0.406038385519527 0.593562255966872 0.237903482076092 0.250030632991492 0.322984405379925 0.323807018952525 0.24586008641258 0.306748539833689 0.280704436065808 0.395387098092653 0.448359790927014 0.238408602528165 0.397662832997761 0.414842234117301 0.446725328164176 0.407531149522496 0.425671677450762 0.457976385800802 0.409037009610975 0.430375190869135 0.399155127045021 0.475327305885343 0.470425233120107 0.393237140716009 0.414687945852533 0.450245815124827 0.453005755473309 0.389108215313341 0.355880440629278 0.392417879730507 0.362943468402635 0.395975531584818 0.400307305553104 0.4475932446473 0.50424194375928 0.449720505083036 0.388179374869781 0.486879981919864 0.489150976279081 0.407056200293404 0.268917857057489 0.446628203934783 0.523464046909703 0.401518702411249 0.443766608699006 0.475888209703139 0.668341440463118 0.4607700755175 0.470158811925909 0.506043397661867 0.45054198912692 0.519962517802249 0.474647423902039 0.457217010606745 0.452441743597376 0.597756187125229 0.481804655167705 0.450192376990187 0.483277719380854 0.471321723123687 0.416594945340671 0.518949754455883 0.335581982806683 0.416355637241337 0.439666361530179 0.472938039883202 0.542363917624839 0.357731460815952 0.468905845574591 0.376607551933038 0.404509629265596 0.384433289071449 0.424584713559718 0.44308462946038 0 0.200034357748742 0.385285467855251 0.247083105989044 0.351642796645417 0.148961185251007 0.198508137878096 0.21189899924514 0.245578498722607 0.197534587666708 0.439819025266033 0.440118534924284 0.103179800599819 0.463594431672926 0.507415068009715 0.428883287699258 0.360538213467872 0.386787941939601 0.497904580655252 0.521017854407828 0.48697036967707 0.42000411916637
"vayupurana_01_frame-and-cosmogony_iast" 0.445864941431323 0.592178126196467 0.616136130408098 0.571524213208353 0.606082146642092 0.613252997499706 0.581995392206809 0.632540663135214 0.609379052522031 0.58761071765394 0.648008311665062 0.616993680588917 0.627418735910051 0.520174431189572 0.404178500915941 0.166248805081925 0.311254594632529 0.40927759617042 0.267164762969948 0.403332421834395 0.519377926217752 0.46091048541498 0.471478515732129 0.427928020738779 0.422688139013734 0.40387383167489 0.41056711535263 0.509192606169998 0.390362412121835 0.456367725012969 0.40119726050513 0.423155401643188 0.612568087804796 0.343100788160155 0.305088541061845 0.35385254427742 0.306975412532142 0.255657743188371 0.329537918261464 0.342563290020658 0.433011211822354 0.448493745190973 0.292435941319291 0.423428321809016 0.440830314719924 0.469611217780713 0.444815339582943 0.454807405033385 0.494609155397912 0.44905079125352 0.464824796500912 0.453353902895956 0.507862226823768 0.499227846445369 0.430783718681237 0.458322004163716 0.48762245852245 0.474698507085591 0.425576250883944 0.39369650631232 0.403141468032572 0.396693714670413 0.416440521578031 0.418362860619569 0.474249968773314 0.519179609595843 0.476031114493129 0.412660164956036 0.507177498625076 0.510778149214538 0.437572493485842 0.333310418562977 0.457924206398527 0.535822600926789 0.42680075260914 0.482643721928373 0.516356476012862 0.666902663240713 0.489398986166359 0.507963457533544 0.544813989394641 0.488765029135437 0.547514366680321 0.506670406828326 0.4912714889037 0.482420339292584 0.61600620594719 0.499472321395023 0.478119252220581 0.506216002890943 0.48658566293855 0.469324295932576 0.529443931849454 0.389518775659829 0.417354363565475 0.463648954407575 0.48681453282609 0.564477246835729 0.410708016603985 0.511564269656817 0.418648509843822 0.420694553634889 0.419218194543951 0.459820932087029 0.466857172804134 0.200034357748742 0 0.413274189299092 0.294097276851292 0.402132108128436 0.202820930572254 0.251023001874532 0.302461438318305 0.322306549502561 0.225587950297232 0.46270617189517 0.484985702851094 0.212547680144923 0.488325357278478 0.546823859461626 0.456172880792877 0.394811324188673 0.412236554805036 0.521554798128842 0.517788658597893 0.50685485212218 0.44271599857697
"vayupurana_02_pashupata-yoga_iast" 0.467668764486889 0.605595220079523 0.597276126497243 0.601919242509532 0.609931419514706 0.569819646200419 0.557625615911231 0.607437081145628 0.614793479712492 0.585584484222102 0.587060242797057 0.613713737698162 0.582547943306844 0.528005833384667 0.384192342299336 0.386776224330062 0.372067715171829 0.471119236243991 0.369888916639536 0.405249070600669 0.443071524000916 0.468577304689762 0.433272151370156 0.429867881767642 0.378614012227314 0.401418663458733 0.463515890693236 0.529934806857838 0.519072396462992 0.560327088359621 0.473082259585453 0.401087397293805 0.561024678111588 0.409948893925946 0.470439434910681 0.417670154391729 0.418029841178366 0.399210180790386 0.43665787429469 0.439188062482386 0.485881467768667 0.377791710516033 0.380984566783147 0.384423945346694 0.477315347838619 0.556581444803579 0.474916623806722 0.491217217243655 0.509453881923115 0.455833630043431 0.51537072138158 0.4879584280035 0.532204270146295 0.529256124462124 0.525835133016287 0.472410327250137 0.508370764273369 0.422417444659091 0.402175195876527 0.412781227724894 0.381233998915857 0.359373062688434 0.44868459621018 0.503465729728169 0.547442786980112 0.562172161473321 0.523671474581169 0.388961522271879 0.531889917444579 0.501992536222436 0.421546487321082 0.368279123901835 0.462398523289952 0.458421845964924 0.477244799916262 0.489131077187019 0.511769322231209 0.634947213736261 0.541306157639057 0.497118077786576 0.548969777805933 0.509237499292146 0.543346400123702 0.558927976867304 0.529426629754924 0.446903324139555 0.578280171164158 0.45746668154626 0.49224675128446 0.493209525832867 0.501734659040138 0.431773312201869 0.546672611021704 0.387829209391713 0.362491751919895 0.366494914788708 0.552977719753436 0.496077702096025 0.421546894224255 0.446499600742493 0.484339874156343 0.417149668913015 0.471589509771007 0.48065026460544 0.498091498089202 0.385285467855251 0.413274189299092 0 0.419206202263768 0.498772223212901 0.393939029587637 0.453826067354845 0.326439708664996 0.423841228605308 0.362259545380543 0.509284153818642 0.46008380443153 0.370676394914118 0.456917196626712 0.541910810916606 0.471230897975921 0.40924447386792 0.403150546135206 0.495265912170312 0.526769567481273 0.479775254947402 0.4244868733784
"vayupurana_03_kalpas-and-shiva-lineages_iast" 0.463620287406535 0.565751453529592 0.592923581612652 0.561583229703921 0.58227889311062 0.554249637635288 0.540539229850669 0.599638044423597 0.556315495335395 0.541952153903571 0.642530723100984 0.583399283887881 0.586103892899123 0.494156584669695 0.357059481034234 0.258381157426408 0.237963734553343 0.389328141651905 0.232168437222634 0.329692703063739 0.444816557498009 0.387447624910538 0.439251408758079 0.400772367718882 0.396405430397617 0.360992820260582 0.359321665918966 0.397109663032831 0.390269966010176 0.43606241380562 0.317937768179935 0.383390546263659 0.566207391670293 0.285824910897879 0.363290426310118 0.318323194982619 0.347412409481591 0.319736960016386 0.368490234616683 0.27950825165057 0.359991686615933 0.419241009787311 0.249740525892461 0.369575224211628 0.363014015398868 0.435621510426147 0.370431374610023 0.37194992804233 0.413574934750011 0.361248093214177 0.401558055713201 0.377144231912118 0.452762784462318 0.440127765317668 0.387796769606969 0.37560224783432 0.415652299580295 0.4105367162942 0.383411570129858 0.349944857845363 0.402135643890673 0.375906583043156 0.351256420917702 0.378518695810089 0.409566443482414 0.473104335588429 0.394360123072208 0.371172113768277 0.436927212218141 0.451654279824332 0.3832353831686 0.291520523573577 0.440223989368247 0.487849902171382 0.408779726441725 0.39446662062831 0.422524933052653 0.648436362408668 0.433751036613671 0.433974735069969 0.474216799424154 0.414900851099305 0.489912107737585 0.456680949402354 0.420432788366619 0.393398121967046 0.556137827867487 0.487617577601653 0.434768306436648 0.444907585857511 0.410722234003502 0.387842248880974 0.443441473527356 0.322585184882559 0.393472793748645 0.433251322098079 0.386167320259937 0.507860923080534 0.349466252144167 0.464104641301096 0.318415888466018 0.441474680219081 0.327130788568422 0.351428552169977 0.382617579124887 0.247083105989044 0.294097276851292 0.419206202263768 0 0.389495618756487 0.288422039060141 0.311726973131616 0.329071450847491 0.258903031153302 0.280702132767728 0.412926287762743 0.405448465244288 0.204143403417745 0.448400448473424 0.461855292999402 0.410055663935164 0.372012242767358 0.40664154599348 0.461137004121021 0.474694372845757 0.474565727981613 0.390127602936261
"vayupurana_04_bhuvana-vinyasa_iast" 0.47564599691762 0.647747614139092 0.659637151091702 0.65145951641318 0.654934867776756 0.634062926348977 0.647590451666383 0.674884985206904 0.646948624359797 0.631181063556313 0.69494803714796 0.651459609465745 0.655487917897349 0.585285051072834 0.456972636532734 0.362859370343099 0.391384298537959 0.418930270981989 0.355855151105495 0.45966614520642 0.554948742857911 0.519458303164349 0.459718065462514 0.457494887713698 0.484673513822581 0.410159038993429 0.471404133623245 0.550012009867415 0.443059733758869 0.391828313833155 0.450965976446933 0.503733525606635 0.569220049973915 0.408380166036715 0.461328184034276 0.426245408728326 0.451877345934768 0.466624407341924 0.39238431232965 0.442859540441656 0.446878192178264 0.510196195597952 0.362465680493295 0.454411739216283 0.516505255131198 0.481226132319978 0.489992188859806 0.510232388126248 0.533704194994352 0.502721942437535 0.42732984320326 0.493581169287903 0.509673499353222 0.487255285179071 0.414493442515851 0.49579626202505 0.520347119447722 0.524895584492493 0.49723883979676 0.461138247287496 0.474144589187765 0.464208845003654 0.510985749697485 0.494478318611183 0.519748162765113 0.584047140932445 0.472017187340031 0.486715360089795 0.529475114442911 0.575144660422651 0.505873154655784 0.401458702791721 0.50655628841879 0.587814147896793 0.460923911629983 0.537024230227618 0.534030897709621 0.684175760700099 0.506736211589341 0.547572658990083 0.551002778536618 0.515722297121042 0.561979719442473 0.534068518957819 0.520802045477266 0.53050820996141 0.602855398879958 0.527027750102047 0.517072640437628 0.548999374670088 0.534482896698362 0.467916186015612 0.575546567903517 0.423447478324251 0.488110019606658 0.491525276514419 0.511841549096312 0.599971159454791 0.424221848295601 0.508340055565169 0.470220233078177 0.487020773973856 0.471058261925358 0.500847514224311 0.490774130523369 0.351642796645417 0.402132108128436 0.498772223212901 0.389495618756487 0 0.380454340975315 0.390279527681461 0.353644419084762 0.379406744355316 0.404702948771116 0.476264416745826 0.498299747116104 0.316402249227654 0.548341585009201 0.567215608703119 0.531161354920043 0.435011270510456 0.460912876405275 0.551722590064348 0.596432493407578 0.578225880338603 0.508960676910236
"vayupurana_05_jyotis-and-purvardha-close_iast" 0.430821789262882 0.600861605931022 0.634077362254075 0.602869013249764 0.615555672157476 0.611050632054814 0.588736510569395 0.643608535111626 0.616079804453318 0.592220945069907 0.673467450105277 0.620076984713397 0.639324487334137 0.516220735609197 0.403316178215228 0.117601380896967 0.318157855114222 0.426363280476453 0.271682156162611 0.404017188199439 0.525226085989261 0.479601872866462 0.470467885985629 0.426259953380736 0.435178381318168 0.374933645834436 0.440414859509838 0.513156310808818 0.379382234410738 0.450544672916447 0.41798792881489 0.445059461101687 0.617585998876012 0.309813208878326 0.267291911800038 0.374948382740413 0.3394574865208 0.279974660312364 0.333518972807066 0.335372778285765 0.42113142738005 0.461641029184142 0.275114157994481 0.408642276269104 0.474728236314864 0.489565284670869 0.462607084066603 0.482147721423402 0.517440790337552 0.46881648427294 0.46709297677466 0.466783784684203 0.511591542074981 0.508212585036098 0.444774392947688 0.464550204124023 0.49539651766595 0.473867746185693 0.432130580323433 0.414129854593196 0.418811631601521 0.384521093631056 0.452232177741026 0.455233997738309 0.486855020675802 0.540844291820797 0.494357039184548 0.433553341201592 0.52291182874371 0.539833051973486 0.461129326309518 0.318945039166953 0.465052461606953 0.551962591454276 0.428166728948327 0.491623750980458 0.514007222994096 0.66851427237589 0.517307044800255 0.51422126013705 0.547703091278605 0.500921409048984 0.56723684564116 0.522191123653156 0.506681691527518 0.477634718097345 0.615137522828594 0.506465588459859 0.488514064721633 0.498493220957852 0.505550909699169 0.436430082908667 0.561778082485188 0.390217399680656 0.445490261276683 0.443597539666646 0.486227440770363 0.579997521470995 0.40373253957949 0.504021465883612 0.424068387115794 0.439225144915375 0.447512854557282 0.476413956835575 0.469647377912147 0.148961185251007 0.202820930572254 0.393939029587637 0.288422039060141 0.380454340975315 0 0.226109888977568 0.254130910957605 0.317162217258205 0.215393774116871 0.465795512344915 0.48736821393324 0.183242915866051 0.491900427139221 0.518410121066426 0.455987269832725 0.391051613794374 0.415574592788421 0.532239957750881 0.554614566361858 0.529745965826904 0.467498049024583
"vayupurana_06_prthu-and-prajapati-lineages_iast" 0.486773036893628 0.639420952733588 0.660933394593342 0.635692782935883 0.647314805271976 0.632093915071765 0.620468990825799 0.667520214066572 0.640863914943694 0.618864978136633 0.68996725480083 0.653788514275011 0.660665205578261 0.577328715054946 0.427018307785093 0.199865606065486 0.329486091063639 0.436496461622184 0.294627417556433 0.433578481286638 0.560430425773299 0.495824850348951 0.487169888540068 0.474299672338442 0.47251354466121 0.412037238261805 0.466826712448557 0.514997942274702 0.394761804734561 0.453535869195994 0.412170422868122 0.475787861154279 0.631197279143833 0.317112625385217 0.205820402413837 0.394115060991292 0.377865209143365 0.338165815732769 0.359118173376455 0.367051997411701 0.444903906884274 0.501185613502383 0.317681312366838 0.436228738286285 0.47626692534886 0.49445919147496 0.467037962908839 0.486773115675618 0.515514335746546 0.468607278223123 0.480663653670957 0.455062377034087 0.522016404099155 0.516778531267098 0.449678086015411 0.469188295189701 0.496595427060671 0.503495255895107 0.467898332060448 0.432244572781479 0.463859090546505 0.439346312976753 0.462697152352663 0.451061964584893 0.487623885330983 0.543354973346547 0.486187491248307 0.441987962584053 0.512951544284766 0.520640723121169 0.462622093319506 0.364129457736278 0.515485704992654 0.581561269828157 0.431120827895487 0.497772568053481 0.525813595186241 0.70249899371482 0.512538536063044 0.533049835955424 0.553949740996253 0.505728081331202 0.564312923761728 0.522143306723943 0.508020592743544 0.504876818825925 0.635460902463389 0.554053955992571 0.517692436727685 0.531285048587051 0.514718672396777 0.469774295423222 0.551879913285983 0.403914927897907 0.489244653242807 0.490202443284628 0.509972666582369 0.587447328985301 0.422096381717361 0.497846003619137 0.447991390976496 0.4858053323893 0.449497649740236 0.483998715425609 0.499501507154864 0.198508137878096 0.251023001874532 0.453826067354845 0.311726973131616 0.390279527681461 0.226109888977568 0 0.293425793955163 0.329898476790354 0.281218358979823 0.494345485046358 0.498608973078237 0.215402331400274 0.529132555999466 0.560474560373213 0.493712864005625 0.403340490303333 0.436760297703776 0.545576729502596 0.565320731649534 0.5388268903832 0.485124710738579
"vayupurana_07_shraddha-kalpa_iast" 0.454136684617291 0.594116958029216 0.616014025838659 0.588182659668361 0.595733522516052 0.57036051936108 0.584938600446748 0.611206874894751 0.599556175282047 0.594560046796353 0.61479464911916 0.609339514041366 0.597367462597482 0.535151967961832 0.370216786343057 0.234447338624765 0.31603720577209 0.397480016397522 0.286415637066538 0.385242246026926 0.499671690749951 0.446901105888771 0.412125054502405 0.418209539508733 0.382125319470979 0.342809812406552 0.436482402172676 0.515859942840045 0.428887772175805 0.48003350931229 0.428848190045134 0.402697251906834 0.540746687640957 0.321403575101665 0.329789109966572 0.373192634265834 0.362185430326981 0.31100687747564 0.340566310002148 0.36710587740782 0.448123853237432 0.426818931197262 0.274284894920767 0.383287514891 0.464248504178083 0.517566028091419 0.44976689366116 0.478552701238056 0.501967711506756 0.451143449655727 0.472070897050423 0.449320917512629 0.524900927868987 0.51753278756156 0.458522678969107 0.46294797904639 0.473069459877766 0.466798835777952 0.403230035739956 0.366390629970296 0.366548085261056 0.352107267315086 0.441037140709669 0.447746272536667 0.507417318939483 0.542240497330277 0.480038114926193 0.391867396300496 0.512741233772073 0.519101161521642 0.424019401471189 0.316500528110263 0.450639546677028 0.500107120177424 0.427595275981836 0.487835628954313 0.495254618309345 0.647826143651801 0.530597744727888 0.49514277405003 0.53211602965169 0.493682977337469 0.545082213447696 0.533750248682375 0.522592914231051 0.445655071267523 0.548361569628332 0.440972974409796 0.470343544112548 0.481083186130836 0.486428168401947 0.40546992617208 0.544180993436279 0.336099804191846 0.407026593721448 0.39809877177465 0.498207100424842 0.519637673345573 0.383362396378868 0.425570536884988 0.406908496970724 0.397834104894804 0.444231479187327 0.459903246290267 0.476791693863699 0.21189899924514 0.302461438318305 0.326439708664996 0.329071450847491 0.353644419084762 0.254130910957605 0.293425793955163 0 0.332990638546329 0.258747140834264 0.466782617599418 0.440240161693191 0.211422812431454 0.451558079889394 0.523146419723775 0.453021564604206 0.344511078703524 0.371501399315335 0.521615905343894 0.543404197586673 0.501092307127188 0.437254904410898
"vayupurana_08_manu-candra-vishnu-vamsha_iast" 0.471909709455097 0.57792259106256 0.634736469044633 0.581842492320947 0.581908885597765 0.588897384615155 0.569699756955637 0.626036204151599 0.572575381357151 0.515312538346079 0.663274722328412 0.582310606020798 0.622965344082158 0.511156428867351 0.362340862822969 0.28853310994611 0.20557589726038 0.389521159759605 0.234463760273021 0.330371374990824 0.504207633787594 0.417423691517261 0.426503001287809 0.442268775537925 0.417880947645834 0.416911857999716 0.339566149113159 0.4396440639841 0.407687766938359 0.4245247390239 0.291739335020536 0.37166733752991 0.607614176663497 0.155075956897652 0.376258419122383 0.277035118503405 0.337880650570595 0.318661924482969 0.384560058441261 0.179650649436301 0.378651189449875 0.455706214987601 0.301321294232596 0.411387551957131 0.347217947281896 0.385424304377497 0.371552264591718 0.359431616053588 0.416234766661538 0.39920019829188 0.380479027128708 0.359020333376331 0.415123258304918 0.407302280380694 0.342934744150935 0.365918049327073 0.428769041105627 0.448336751878993 0.389198295701845 0.377826794694819 0.454589925648368 0.418483686251071 0.364365122189426 0.36195588083133 0.397853252704213 0.465160624996106 0.414680888419973 0.370599817621371 0.454442662852554 0.449626902665098 0.385936513467867 0.286010149806091 0.454536426518514 0.511619108982348 0.393291673287721 0.416628553470812 0.451337341700157 0.678644880044695 0.376804032199032 0.420423089563551 0.438268727319912 0.392118106694641 0.45269817053527 0.42344705115452 0.393146425072722 0.447529610711848 0.606029893292849 0.520186525078946 0.442687930970567 0.478278536144449 0.428857896033943 0.43918773322016 0.470426157845529 0.338292396053621 0.415464135442941 0.465771412640548 0.457565898012318 0.536158624954983 0.371458240157317 0.50572470381105 0.360136259332595 0.443249000681928 0.326180192381075 0.40091807258454 0.35990627793419 0.245578498722607 0.322306549502561 0.423841228605308 0.258903031153302 0.379406744355316 0.317162217258205 0.329898476790354 0.332990638546329 0 0.339096081639375 0.439528933734012 0.434086957873976 0.222739520294065 0.487795754570659 0.496254925088943 0.413221607605247 0.392066620429363 0.43768974736141 0.454814591634258 0.473898954910663 0.474545898398014 0.404398154452641
"vayupurana_09_upasamhara_iast" 0.43639317254609 0.590054867893433 0.61103917956206 0.575704374434619 0.594658325815938 0.588813157382699 0.565788801171923 0.626140935699361 0.601215104819484 0.584329119632891 0.632115369010956 0.60119196913137 0.604150425449722 0.503512458696269 0.398054342426146 0.20303543414208 0.310491219405649 0.410799717192067 0.269774805539269 0.368761727214192 0.494596405402307 0.459502570746169 0.472899341441021 0.43561994637801 0.395215290673449 0.364640418519759 0.424826956650738 0.512441010690416 0.423411705879672 0.462847977447538 0.40528930236515 0.407145052559802 0.57039913143852 0.335499258672662 0.317177951122699 0.373298260090817 0.324828600071888 0.268720118955829 0.33292063508589 0.35805329957794 0.43882219435975 0.437007045333158 0.27880546381883 0.40528767318785 0.440685110684422 0.493083192252502 0.431962776349701 0.459386662978957 0.505366101100507 0.419372740220019 0.464412321984677 0.440808556265977 0.51171494085261 0.506196940077571 0.430574180724961 0.430997923013997 0.461426959966973 0.443056366379076 0.390004448192339 0.366847827146339 0.366371865505675 0.362533295056839 0.402957479317653 0.405575811724914 0.458890806305295 0.504330507412015 0.453258006178387 0.407346485727441 0.511226247191133 0.505926482611592 0.434504443818912 0.324618450865177 0.443356054578929 0.499296228526519 0.424562491584284 0.483750223232829 0.501312363409645 0.657935678365744 0.496491869637566 0.486631409345094 0.550698775817765 0.501107071603963 0.553762981579458 0.50834018398221 0.498567326142803 0.4650265383141 0.577663637894679 0.451846155781339 0.466791214266764 0.475775632044312 0.485851892396272 0.417565391308721 0.528617057552888 0.376591061334096 0.418945746406936 0.401122508527334 0.482362467680275 0.539368871752026 0.407982179433445 0.485042113911247 0.414470430317449 0.382548671026462 0.415636335071404 0.447068070429926 0.467745233077537 0.197534587666708 0.225587950297232 0.362259545380543 0.280702132767728 0.404702948771116 0.215393774116871 0.281218358979823 0.258747140834264 0.339096081639375 0 0.456345763646847 0.467539605693706 0.205069905578518 0.446553097352498 0.545409583388732 0.453113870090131 0.35262640829924 0.382846184159863 0.51205141987387 0.530577489549821 0.47424870227882 0.431537226558404
"vayupurana_10_gaya-mahatmya_iast" 0.387429331496813 0.488060022420894 0.514619549384633 0.494241546332344 0.497388682150648 0.509679405349959 0.505562550416013 0.533668256555017 0.518728066418094 0.496533172437648 0.603667803630796 0.510117575424748 0.493565093312752 0.458503179520626 0.314436259595704 0.449348558847057 0.363981992684122 0.375428105677393 0.369679924397747 0.351468999498865 0.462772388706045 0.334509289011767 0.394069832906858 0.391242026448074 0.335251058591999 0.441473858723363 0.375175726442521 0.466107070546087 0.479455254018249 0.501549678505134 0.401804747001135 0.410069394789016 0.543900963521384 0.468331920630908 0.532685051136771 0.457407390823964 0.477662098078536 0.514596655785398 0.480410565791375 0.479163948472226 0.363677235044775 0.408078468649402 0.403341620951139 0.381305732868658 0.400894417486395 0.46884422103091 0.414028667154984 0.390003470325192 0.406953859552593 0.40748633157185 0.436890302966459 0.404460357781979 0.447759321074328 0.416028215296281 0.443606393612202 0.411044066176076 0.405163325441918 0.474329618317367 0.402635363483831 0.407433200026166 0.402498817383051 0.481914189921459 0.412322356863628 0.472791222411071 0.504822460181769 0.548444211316218 0.426922083230125 0.375397223263387 0.449323671693964 0.452200618635352 0.376548421347175 0.374060269517187 0.326873635835057 0.431718971697611 0.437472239526389 0.391046845252915 0.38041032188308 0.601946670224203 0.446837896866191 0.417821842473679 0.451424113809823 0.419592052413656 0.44608918724315 0.443949446858445 0.453416693251178 0.358928638235498 0.526918293289111 0.457146206411164 0.427654957104085 0.447986993725778 0.378136922443505 0.390310683566824 0.442512681078625 0.349009251744906 0.352798049378396 0.385398992061564 0.456007085988187 0.442759634363109 0.354648425809261 0.446959114985998 0.435979113878892 0.438691726987673 0.397343561661812 0.378174765150779 0.355545873027441 0.439819025266033 0.46270617189517 0.509284153818642 0.412926287762743 0.476264416745826 0.465795512344915 0.494345485046358 0.466782617599418 0.439528933734012 0.456345763646847 0 0.383731890069508 0.396968650045976 0.377865239963522 0.453857181961337 0.423760086501689 0.417843127809891 0.405703157241586 0.468743953968482 0.462750115178965 0.449533480240691 0.381044965304335
"vayupurana_revakhanda" 0.479127219872735 0.445533564469851 0.485140171543211 0.477353695614969 0.477870290662741 0.490661458065798 0.397508037325429 0.451292051227667 0.38460105549277 0.441088416263722 0.576770990585532 0.435725260218721 0.448601607977749 0.399816055192587 0.269668422526842 0.45493690841522 0.329449228434438 0.360998096747064 0.349242414854658 0.285383563369997 0.388977187543361 0.287386239545335 0.340527999009998 0.41716411385687 0.274839544276527 0.445518605174372 0.359640108434223 0.376087028492288 0.474192469337958 0.490791223346222 0.361863064143474 0.316682386618291 0.475281777064922 0.424349945887897 0.524060465576532 0.424744133631414 0.457791845178 0.491564296669169 0.452831868306306 0.430280144314641 0.318985725953247 0.371941361871354 0.361476582378977 0.42050539001114 0.348187338748765 0.473806858153949 0.356455449378657 0.341952080810058 0.368327755441163 0.38361705603234 0.421244821476498 0.354153928978774 0.420822732990392 0.431168189983482 0.437370352848231 0.357104079533063 0.372023868672972 0.442698467851034 0.37024855187284 0.345977074456582 0.42124551427666 0.450438713601439 0.372267371224389 0.446744440279997 0.494811204189919 0.49971431626917 0.418714073781506 0.339327577238887 0.375004864079355 0.358275487921919 0.323498973223747 0.334319734676533 0.367778176525302 0.36546849634276 0.40471250463722 0.266828807290881 0.290558412151196 0.611755553195979 0.404018862377281 0.421156484390404 0.390130886704329 0.407388289438312 0.450835247983077 0.428747326917782 0.369417336939507 0.2753030104594 0.503361651529095 0.474125005478871 0.319831845978004 0.364502751467249 0.315376589663571 0.321674154770543 0.343970918153311 0.268507888550469 0.385209239828916 0.405601520192265 0.456357441850572 0.380458749735419 0.217398845505631 0.411578085162266 0.402477485209845 0.393703137620775 0.383419926077077 0.274012218807736 0.338139163139809 0.440118534924284 0.484985702851094 0.46008380443153 0.405448465244288 0.498299747116104 0.48736821393324 0.498608973078237 0.440240161693191 0.434086957873976 0.467539605693706 0.383731890069508 0 0.392726257593164 0.385745858927061 0.349331013127563 0.285358828282616 0.361792042808073 0.406816231807378 0.493296875732709 0.321212010783034 0.333704300673752 0.296965787584987
"vayupurana" 0.414951763146393 0.558572163377001 0.598446932948088 0.558022228971225 0.562944048229932 0.555304286504763 0.542246002974902 0.601776597160936 0.560976491217657 0.541266638595354 0.635119450423443 0.57153450462779 0.595236599493996 0.483109253925767 0.313009174980514 0.146005143602358 0.18872582646423 0.352479022843795 0.154434879121271 0.305348835145404 0.475684943197248 0.399410804067477 0.383701954136564 0.388147481349657 0.363407405706949 0.341099895124974 0.359807599930932 0.438509997550713 0.359816340009308 0.389333362857859 0.323984519670297 0.366142368422456 0.554194528693466 0.230096811427536 0.296375479034285 0.295127886304004 0.310144264186944 0.286058706098997 0.303431393490976 0.275078366277194 0.341448199076043 0.403881185072618 0.186707903393637 0.34673855505852 0.38413267851224 0.434120669240436 0.382406178639766 0.396085363860865 0.431025604605364 0.38414663748195 0.395796286149676 0.380253103695613 0.447629737912622 0.437224850498161 0.363340877770307 0.386452151504538 0.414592543449794 0.424157923335449 0.364824690282625 0.332304047884322 0.373347453382742 0.340249583585622 0.369122205724902 0.378623518763749 0.427552325941248 0.485000607145614 0.425770148592592 0.356661584438865 0.445482230335227 0.45896684248467 0.374037381254505 0.232948244115932 0.40735291061646 0.485190485913093 0.375100871918183 0.398168749948086 0.423440046776027 0.641332561974213 0.443397707092364 0.440354603318033 0.482245846580954 0.425122145390923 0.495563294762332 0.456330213030152 0.435746459386887 0.409208652860846 0.571666171437838 0.463205179744863 0.408438981320171 0.453018687706842 0.423738237725869 0.367612516399058 0.475732358370637 0.278635041572396 0.377095458494528 0.394133532358586 0.430139822611224 0.49753302868459 0.311490702316687 0.441396472244331 0.342743375033737 0.391082480475314 0.349242954209405 0.389206866438786 0.388301601202261 0.103179800599819 0.212547680144923 0.370676394914118 0.204143403417745 0.316402249227654 0.183242915866051 0.215402331400274 0.211422812431454 0.222739520294065 0.205069905578518 0.396968650045976 0.392726257593164 0 0.442826750393923 0.474763994759287 0.398427044113623 0.327677716908448 0.358564564669764 0.471339872357423 0.488609163239215 0.458002511106116 0.388198922685234
"visnudharma_pu" 0.420470907647843 0.461394853458578 0.466975062676434 0.445325013489929 0.435306837723881 0.501766236888016 0.447676861548472 0.482006529391719 0.470496660544991 0.513966857952534 0.544226169401772 0.517275531142764 0.470984267032047 0.423574956506586 0.344092977448257 0.479099462734906 0.399330438598812 0.394756333723941 0.408164737346321 0.298504927180511 0.400892454533531 0.332218183549692 0.398723558550876 0.413641676931107 0.309575364899027 0.453203718338054 0.353124660865061 0.434845109112347 0.444229683942136 0.492440086144339 0.395662395884004 0.370818513594412 0.505917472723834 0.462692709497961 0.543060420563708 0.420910409372673 0.428212811083989 0.505895575396349 0.459789764892859 0.467864782507921 0.375711728283862 0.353477813020406 0.390825435212518 0.385937521336379 0.37916809623863 0.490040146879162 0.364583901066934 0.369253123615477 0.368729862725739 0.327700695814587 0.429283041560439 0.434634875725235 0.430477041672932 0.438498916213259 0.4595013737544 0.35015099861074 0.36802860373621 0.384044267700281 0.304008617367244 0.296489665555407 0.315146754035245 0.366657143189865 0.360786458171631 0.436688617434163 0.491141913418499 0.497763876899239 0.41270713791595 0.312004950555728 0.41559775807957 0.39309478890699 0.313696015456589 0.356581906501406 0.369419426921028 0.366262550795049 0.471508577583085 0.397940090113014 0.396767836823131 0.598048355832331 0.424261971729044 0.378829268224108 0.426046647942162 0.402945281106489 0.405035197287616 0.427957705863736 0.443713602992928 0.343509343912777 0.412386079782236 0.378845462139107 0.394175021727974 0.418218996267159 0.419817154566802 0.347464185311996 0.471072310533735 0.322191174772323 0.36125063461288 0.395594880521577 0.472660590636135 0.407579789360003 0.344817862745965 0.402798651785627 0.402921785824874 0.359149963869551 0.385527617004991 0.350721333569174 0.399886169250227 0.463594431672926 0.488325357278478 0.456917196626712 0.448400448473424 0.548341585009201 0.491900427139221 0.529132555999466 0.451558079889394 0.487795754570659 0.446553097352498 0.377865239963522 0.385745858927061 0.442826750393923 0 0.438563223629127 0.319999905243959 0.371830721191842 0.338993840488601 0.48905226764998 0.439885478921568 0.366060368292819 0.31880179357022
"visnudharmottarapurana_khanda-3_adhyaya-343-353_pu" 0.505276143791607 0.478368094973573 0.534057448460511 0.515715983380414 0.536991471768787 0.528259112708156 0.483939348946505 0.514465165213158 0.466452153556773 0.468715732827309 0.615626235803996 0.490937340642529 0.506394869795123 0.406879435493021 0.385499699210591 0.516818190910808 0.417348485893314 0.430637843539243 0.442938522739166 0.386567626088052 0.42734217351591 0.356808689785261 0.428935812658717 0.456067542473452 0.413682601324613 0.531443972742864 0.415209318071165 0.388554550049833 0.514386903785371 0.540582450515132 0.455100182609329 0.380785614255511 0.554248627032648 0.481599507023831 0.581841515645177 0.45074813173771 0.49314905283932 0.563733277369858 0.530774210889763 0.48544834308715 0.361531520636602 0.446395858583241 0.433196861149928 0.439991119278606 0.436531786488949 0.503956416531532 0.458109673033751 0.42666012177745 0.441126156326698 0.480553275847152 0.484077747695509 0.443828910289125 0.502155911921246 0.491285704785309 0.515217463058259 0.464158466425287 0.47696452876309 0.516296271829756 0.458732407438909 0.455087338608825 0.511541620032097 0.534346208003451 0.441051273974259 0.508355158438431 0.53546109360431 0.564681760401558 0.50442451310932 0.388691009412666 0.393407661197461 0.399127105795697 0.370084761453568 0.411678829381648 0.427879034825963 0.481372782266004 0.462894859235104 0.351745209597714 0.321934685377013 0.612433968476878 0.483798936299403 0.496905331468731 0.469210271705349 0.483210468999111 0.509640914537252 0.516253765098891 0.473884356914325 0.330977949054304 0.582290737644743 0.565985669329121 0.400426855383388 0.468188738552313 0.388221748262287 0.363335489523859 0.378528801969034 0.408794368471746 0.442494689469491 0.452060884492807 0.482709988139149 0.476059642252168 0.364660561011527 0.471297194770741 0.429182526449218 0.505132146846686 0.449314527652735 0.379170259217803 0.420649507841515 0.507415068009715 0.546823859461626 0.541910810916606 0.461855292999402 0.567215608703119 0.518410121066426 0.560474560373213 0.523146419723775 0.496254925088943 0.545409583388732 0.453857181961337 0.349331013127563 0.474763994759287 0.438563223629127 0 0.379443077802683 0.431555903576501 0.463123149215932 0.513391852548979 0.396572519373955 0.414739478175193 0.378758203616863
"visnupurana_amsa-1_u" 0.45142159223836 0.470906926702663 0.509855993835398 0.457823841922893 0.470674782416643 0.510049189542526 0.412842434520864 0.453791452179073 0.366772161413752 0.438862380411834 0.593741284639373 0.447865411064038 0.483187857298855 0.382782300437156 0.285179921534034 0.442029643029931 0.323839701977681 0.370297926922419 0.355215716243656 0.255225089288511 0.408443597514072 0.300783906892578 0.386009635465684 0.408422865804865 0.290343183012269 0.447982812331445 0.34361303717756 0.419224770736229 0.442092454092969 0.471044397550462 0.338954899981578 0.330649150336192 0.523142678768669 0.395631493231642 0.50809547717107 0.36202545627479 0.368418983554774 0.450726560052401 0.407654132106068 0.388582319275023 0.331679445991846 0.407185577906453 0.364540446375407 0.398568168536633 0.313607408967136 0.44744078590342 0.363258642281347 0.320261112421645 0.365550205567326 0.373703786275151 0.404333937135184 0.34456884701725 0.38485840523441 0.400497293228761 0.408286304991327 0.341389285247274 0.385415561687568 0.426769018176484 0.349558634052833 0.330346599918506 0.408393327243331 0.431761022337354 0.344980418757742 0.410887230909628 0.450355140650948 0.45844666105143 0.44436803195742 0.294031201462333 0.335959241901749 0.293530579849116 0.258719979388016 0.328923365060735 0.372362829162914 0.444608255369495 0.419410973285975 0.328835627838619 0.335453249356343 0.629243288966297 0.405308975782314 0.404745900859851 0.428259348589317 0.413615091132463 0.446504274438849 0.406744790146042 0.397372734557859 0.338824647540489 0.520258697740845 0.458311356311668 0.359809249252662 0.343286952427373 0.359290035629738 0.336316599732411 0.385772433787739 0.272069371653556 0.3663049755613 0.406386795317053 0.418655594043896 0.441890401514705 0.2763526827787 0.466878981086639 0.364824638827789 0.411240099637851 0.353954061424199 0.268848342685798 0.33088900715413 0.428883287699258 0.456172880792877 0.471230897975921 0.410055663935164 0.531161354920043 0.455987269832725 0.493712864005625 0.453021564604206 0.413221607605247 0.453113870090131 0.423760086501689 0.285358828282616 0.398427044113623 0.319999905243959 0.379443077802683 0 0.322500969625229 0.349204584287982 0.438444182678107 0.27461134178419 0.282385109990619 0.182459201710682
"visnupurana_amsa-2_u" 0.410050627397661 0.471019124664216 0.495711739779013 0.493985234811098 0.508109147541053 0.48522631560717 0.471945861320135 0.512612248408157 0.493282421656254 0.473166766310837 0.552228592669734 0.493597716362725 0.504026552042322 0.394287258863029 0.298503401800052 0.372188195108132 0.302122813211327 0.357640137977005 0.286804952394735 0.296661011334727 0.42403776309582 0.349594888612089 0.400753679389243 0.363461213283548 0.304845372017877 0.363682191162949 0.389682981803817 0.476929033287519 0.452621830195648 0.470591292962367 0.364438764147641 0.358281402514325 0.50410437380267 0.368339460020755 0.425503497564587 0.366174397005865 0.314619050898722 0.399645310923589 0.314707603064911 0.411956968120717 0.371228552214133 0.403389569405775 0.318807716261115 0.353424135663409 0.381757891784876 0.488196916223314 0.390642520585478 0.39525738377702 0.431751825242243 0.380150459488617 0.422856843368384 0.35867816553208 0.467280019481442 0.465105458772415 0.423071407540761 0.392878581816672 0.405935841208546 0.396709690177647 0.332284683480569 0.31437628788868 0.377252764755325 0.373228361838253 0.369251658634331 0.410357577802532 0.485608803912505 0.473353309006357 0.444374947284825 0.257565315699733 0.414320407767648 0.40988083911579 0.294660238968705 0.282746099436479 0.412146420058771 0.458579332830669 0.363158419019186 0.391624706149929 0.400242705747496 0.615743190189795 0.48495683698389 0.463942374406367 0.504486487253004 0.45880467581659 0.507447073970119 0.482134389381393 0.472728260833092 0.382847855140469 0.551386514776762 0.448429809641309 0.414170080532533 0.420982970179898 0.413152898420676 0.358352409282433 0.4780825461475 0.29135524571008 0.33893860007881 0.375443483149862 0.450246581049805 0.441694260848229 0.304495734061785 0.431623452815277 0.399951059979741 0.391948192731186 0.373108016376059 0.384290699939355 0.41903588873121 0.360538213467872 0.394811324188673 0.40924447386792 0.372012242767358 0.435011270510456 0.391051613794374 0.403340490303333 0.344511078703524 0.392066620429363 0.35262640829924 0.417843127809891 0.361792042808073 0.327677716908448 0.371830721191842 0.431555903576501 0.322500969625229 0 0.269982492744119 0.408463836608105 0.415689899031839 0.33994751563589 0.253912168982606
"visnupurana_amsa-3_u" 0.380695724027278 0.523846351896926 0.51307297924934 0.525018865795525 0.522386486628245 0.506241170971943 0.490665475838256 0.527200270047915 0.527625622786641 0.514601209339249 0.567082789114831 0.544537386184799 0.506811568489729 0.419839936221443 0.313657314356687 0.393637022727876 0.362865237320946 0.411057986837799 0.350587246477734 0.330795204854704 0.424468810159888 0.385250793838985 0.408865005379824 0.344731450957456 0.27880737337372 0.366537621229382 0.393121169975224 0.508539073666519 0.44751236627055 0.462451657795927 0.403309264729155 0.381216152568607 0.505058374631358 0.43570573986775 0.466826171633053 0.404840701855439 0.378053749885708 0.448537901334965 0.35584659383841 0.456228118509811 0.389445757301838 0.352553152221868 0.31695504750973 0.374298526684191 0.430938853980125 0.506839524532195 0.39542159672932 0.428607211153653 0.444997425977521 0.370265286507034 0.430754093441936 0.430856209401307 0.474466128373257 0.480512364277658 0.426221515668465 0.413490199534496 0.427043991826481 0.444644664774087 0.331807599185077 0.308295723186441 0.379233063387524 0.345626988943175 0.394006886497379 0.434661427401383 0.472274221538722 0.469844478191086 0.442397436321835 0.287573842881342 0.46611161084767 0.444645831088153 0.336641465612388 0.313329910063046 0.3641244494655 0.421965818116894 0.428149657792062 0.436325497276531 0.441194108251178 0.627414583077516 0.49263701525024 0.453669894264181 0.499032818212176 0.459879334392999 0.499539642656924 0.493029011194957 0.513207660768084 0.372022292122923 0.536501913666192 0.419468839940312 0.424043254415489 0.456974283801615 0.472592597355083 0.39364892143019 0.524720681558386 0.3274443257769 0.316938625795696 0.381557659198469 0.482384828503829 0.430162448714823 0.344512000328819 0.400284010016217 0.409698407277275 0.42322344971478 0.41198609170195 0.405472363904248 0.436285831808125 0.386787941939601 0.412236554805036 0.403150546135206 0.40664154599348 0.460912876405275 0.415574592788421 0.436760297703776 0.371501399315335 0.43768974736141 0.382846184159863 0.405703157241586 0.406816231807378 0.358564564669764 0.338993840488601 0.463123149215932 0.349204584287982 0.269982492744119 0 0.4197201031017 0.462623441440939 0.379627719257587 0.2995771983319
"visnupurana_amsa-4_u" 0.510286796406769 0.553863374403402 0.579379850672194 0.558903240343055 0.565866192669105 0.52056644425558 0.549246432995969 0.586326091648532 0.566312332636204 0.469994220580219 0.545550116321499 0.550066936127315 0.56232258005504 0.464086417259881 0.424260516672173 0.509897704505885 0.414758713247038 0.459748658638726 0.424883986510259 0.427178892188393 0.454781338495552 0.442037673194136 0.508166393327555 0.435819009867828 0.433560656519931 0.472331314498472 0.464435475289223 0.50585187092644 0.507389010281791 0.540922482981517 0.445745150135404 0.472837790731417 0.578326789708728 0.466767440251467 0.585433919124746 0.411407961561913 0.47005054334306 0.489874472585482 0.434743359493363 0.460665620562567 0.467559592261158 0.492395090797599 0.455109859978317 0.439445014770964 0.463399135769545 0.524255371290179 0.476742827446572 0.475387636561171 0.520400198919075 0.470776298032586 0.4752799122679 0.458523719577672 0.519831165534421 0.5065892658727 0.480519762275992 0.495394376180964 0.508447188503139 0.466532232748432 0.456841832779617 0.464053469333837 0.5171011634885 0.484220563208927 0.461038104624123 0.490693846125958 0.484123924598752 0.511168926441205 0.503159465261274 0.379789730522815 0.458094716457297 0.46706666011931 0.399868131781129 0.432059248227077 0.46278554999184 0.525008902852364 0.498286512808089 0.459538684321585 0.465307306579914 0.581006580683764 0.519497441336781 0.518423080350323 0.540372982251551 0.490246009964234 0.530070510411812 0.527913014228296 0.524725378877326 0.448813602695609 0.607473578142397 0.481204535729568 0.502564770470434 0.522553608864599 0.486252506150104 0.460584848219976 0.518421725245154 0.43069761581534 0.380383453358702 0.476416476472544 0.49879664047991 0.439969073536044 0.465229675170477 0.53256363270949 0.474009555431113 0.524394396613969 0.453815493539704 0.460570585925989 0.470859832780393 0.497904580655252 0.521554798128842 0.495265912170312 0.461137004121021 0.551722590064348 0.532239957750881 0.545576729502596 0.521615905343894 0.454814591634258 0.51205141987387 0.468743953968482 0.493296875732709 0.471339872357423 0.48905226764998 0.513391852548979 0.438444182678107 0.408463836608105 0.4197201031017 0 0.442072936063899 0.457331972350854 0.348661148208232
"visnupurana_amsa-5_u" 0.527080864219692 0.430149192069453 0.501016792576778 0.436574352457855 0.472913877214511 0.493008029371292 0.395659870383462 0.437488241360271 0.344506798952741 0.423731965421253 0.552083625461004 0.387286791108564 0.459500947671917 0.376674821835104 0.366628042642022 0.523729750326623 0.392865533148909 0.409977041050882 0.424533664796147 0.344618413786809 0.406039144105197 0.340576668392568 0.4134615752964 0.477719849295157 0.399380191767434 0.508413351457397 0.359902555397133 0.362280900114365 0.474490040269443 0.51401082571355 0.380165571088072 0.349535924185531 0.539976670071633 0.479939403276803 0.589565341678292 0.429206589111257 0.471447852216898 0.530199972570712 0.484912321912636 0.469240053543198 0.389758493898748 0.471286145707699 0.463479776847978 0.474751449005487 0.328994965946995 0.469594567479984 0.382061048433944 0.342142241379797 0.362515514686166 0.401533677554181 0.418266662664341 0.381089217808157 0.398479712937158 0.389977695857671 0.410643747695848 0.372254579248129 0.41499887738965 0.448826283121375 0.403036646466525 0.415352287922422 0.511157265657357 0.529130810994106 0.358862345508571 0.424210277080072 0.4527800401981 0.498872793246483 0.494004440575653 0.342338175846618 0.326382355462113 0.299043673844309 0.293323526887512 0.421378601843804 0.431536645357529 0.450032665287871 0.479928302537724 0.290694021660563 0.326853966889318 0.612398721236465 0.418651341506692 0.416722281884501 0.402883355101665 0.427843197271464 0.423172913585898 0.421474901696322 0.396940397558796 0.345573812759011 0.555138554149761 0.527673090672508 0.394001620061138 0.428190851822444 0.300508628906872 0.400126293414012 0.34142388621533 0.385168351535194 0.406511547155978 0.471549880841363 0.469263481803832 0.392923123221175 0.402465860256755 0.510198909720834 0.403848887090532 0.497261296568074 0.38733556064988 0.369805624733563 0.323332825191438 0.521017854407828 0.517788658597893 0.526769567481273 0.474694372845757 0.596432493407578 0.554614566361858 0.565320731649534 0.543404197586673 0.473898954910663 0.530577489549821 0.462750115178965 0.321212010783034 0.488609163239215 0.439885478921568 0.396572519373955 0.27461134178419 0.415689899031839 0.462623441440939 0.442072936063899 0 0.290834002701009 0.248648599764275
"visnupurana_amsa-6_u" 0.484482119607689 0.459106176339895 0.469364641338447 0.476540770117921 0.480677925451307 0.490129905851803 0.42900361367753 0.469096048109329 0.421718361807368 0.464259443929391 0.518761904383023 0.445855726196466 0.45109338054037 0.359930555403794 0.337281996666099 0.49607287512673 0.387264159418392 0.407405353192138 0.408704734502432 0.326151956763368 0.40791407173996 0.334947806295898 0.405545374958841 0.442911449904262 0.321897747202388 0.472440087057757 0.388468025631564 0.410302434175303 0.464755375717554 0.505259512347693 0.406537323899411 0.35154064410455 0.502154120309838 0.465485157809049 0.570466843057673 0.445351939389446 0.444217219522093 0.50574268059601 0.459032668672993 0.478897793367344 0.387616584968147 0.410873943931271 0.419358365502657 0.425930184347933 0.374857668650544 0.476915162669773 0.411344946738563 0.371237257612724 0.398108766821661 0.396105452682736 0.434281880708525 0.408534668366301 0.422114466485364 0.4253927109612 0.440883737993845 0.376200567337723 0.417448583308051 0.392890191573942 0.37845859663804 0.370734121471956 0.444453158647625 0.465709130222274 0.363229221981337 0.42338298932686 0.46859544805847 0.505702577528244 0.478333638606501 0.324836544714738 0.361448450227037 0.335290710822892 0.299929183433613 0.396875976241895 0.370223948002497 0.44498876344333 0.499081204832081 0.352403783793118 0.363050759240318 0.599507857011272 0.445493298823691 0.441738444569852 0.453654821388084 0.459411534092702 0.451826195628773 0.45536788372875 0.435036481297022 0.345120909549578 0.518839470713549 0.467489919751062 0.396662212171373 0.415880237812716 0.350837517273193 0.374625095693483 0.410542649378552 0.358986502574922 0.377162733962207 0.403467687096971 0.459449519045779 0.401274945060021 0.361190594991757 0.459862156428409 0.421999296521503 0.425660558410422 0.41957817203764 0.361140916213307 0.363759640297476 0.48697036967707 0.50685485212218 0.479775254947402 0.474565727981613 0.578225880338603 0.529745965826904 0.5388268903832 0.501092307127188 0.474545898398014 0.47424870227882 0.449533480240691 0.333704300673752 0.458002511106116 0.366060368292819 0.414739478175193 0.282385109990619 0.33994751563589 0.379627719257587 0.457331972350854 0.290834002701009 0 0.234135803606154
"visnupurana_u" 0.430300705017503 0.429812100484991 0.476213912461813 0.448805285370347 0.449993990549596 0.445924917247689 0.395494920350406 0.440645945542356 0.394262292834489 0.391886028955465 0.536634303307601 0.411941519588056 0.438140024649148 0.342629955114463 0.236720124801582 0.429948025214095 0.297445923198886 0.343775612102528 0.327246894748622 0.235029747214751 0.374813356506851 0.264218970293318 0.370629608560176 0.372251953412394 0.254294947374989 0.404206402231281 0.325207567502008 0.392197537052109 0.438918456228229 0.463256393400263 0.336503941601422 0.294552258489089 0.502635780292872 0.393439996864373 0.515870253555376 0.338869607468076 0.37381471881524 0.442494426566137 0.372444975568194 0.411632173751888 0.329535160425712 0.388738390759916 0.358483088165345 0.34964839314345 0.301987146525933 0.446161844343565 0.348489849590748 0.300179806665458 0.35186142663539 0.341280148794573 0.374183908993864 0.31602218197791 0.374302158615551 0.38518658315277 0.390026959903824 0.325565107923301 0.35173659020942 0.380406290654438 0.311146934901222 0.303443225296959 0.38598367642121 0.408140179242372 0.311492680076971 0.378640431033637 0.435316531051926 0.458519308561019 0.425452431463705 0.215555156056261 0.312385692684556 0.30146266018228 0.199518080762318 0.298596538780965 0.353006298159041 0.412634298847491 0.408041432750156 0.308942425875421 0.311653241735158 0.598251641751494 0.397331621769261 0.403012859329476 0.439902795823521 0.404151521812314 0.421070975309556 0.40061420142244 0.412540366168981 0.298263975757168 0.517113352059229 0.432211241247252 0.347500609172688 0.365079723872919 0.339319030752106 0.317944662351376 0.392727911548859 0.252844165625805 0.28255736817691 0.374656316283935 0.427457113684777 0.359610022647827 0.284016234177774 0.438056521006694 0.373029068772691 0.402093520806531 0.341267835321488 0.289101268980632 0.321295651685891 0.42000411916637 0.44271599857697 0.4244868733784 0.390127602936261 0.508960676910236 0.467498049024583 0.485124710738579 0.437254904410898 0.404398154452641 0.431537226558404 0.381044965304335 0.296965787584987 0.388198922685234 0.31880179357022 0.378758203616863 0.182459201710682 0.253912168982606 0.2995771983319 0.348661148208232 0.248648599764275 0.234135803606154 0
