"agnipurana_u" "bhagavatapurana_skandha-01_u" "bhagavatapurana_skandha-02_u" "bhagavatapurana_skandha-03_u" "bhagavatapurana_skandha-04_u" "bhagavatapurana_skandha-05_u" "bhagavatapurana_skandha-06_u" "bhagavatapurana_skandha-07_u" "bhagavatapurana_skandha-08_u" "bhagavatapurana_skandha-09_u" "bhagavatapurana_skandha-10_adhyaya-29-33_w_commentary" "bhagavatapurana_skandha-10_u" "bhagavatapurana_skandha-11_u" "bhagavatapurana_skandha-12_u" "bhavisyapurana" "brahmandapurana_khanda-1_u" "brahmandapurana_khanda-2_u" "brahmandapurana_khanda-3_u" "brahmandapurana" "brahmapurana_pu" "devibhagavatapurana_devigita_adhyaya-31-40" "devibhagavatapurana" "devipurana" "garudapurana_khanda-1_u" "garudapurana_khanda-2_u" "garudapurana_khanda-3_u" "harivamsa_appendix-29-30_mathura" "harivamsa_appendix-31" "harivamsa_appendix-41" "harivamsa_appendix-42_pradurbhava" "harivamsa" "kalikapurana" "karatoyamahatmya_pu" "kirfel_ppl_textgruppe_I_col1" "kirfel_ppl_textgruppe_Ia_col1" "kirfel_ppl_textgruppe_II_col1" "kirfel_ppl_textgruppe_IIA_col1" "kirfel_ppl_textgruppe_IIB_col1" "kirfel_ppl_textgruppe_III_col1" "kirfel_ppl_ungrouped_col1" "kurmapurana_khanda-1_u" "kurmapurana_khanda-2_u" "lingapurana_khanda-1_u" "lingapurana_khanda-2_u" "mahabharata_01-adiparvan" "mahabharata_02-appendix-21_sisupala" "mahabharata_02-sabhaparvan" "mahabharata_03-aranyakaparvan" "mahabharata_04-virataparvan" "mahabharata_05-udyogaparvan" "mahabharata_06-bhismaparvan" "mahabharata_07-appendix-08_sodasarajika" "mahabharata_07-dronaparvan" "mahabharata_08-karnaparvan" "mahabharata_09-salyaparvan" "mahabharata_10-sauptikaparvan" "mahabharata_11-striparvan" "mahabharata_12-appendix-29_moksadharma" "mahabharata_12-santiparvan" "mahabharata_13-anusasanaparvan" "mahabharata_13-appendix-15_umamahesvara" "mahabharata_14-appendix-04_vaisnavadharma" "mahabharata_14-asvamedhikaparvan" "mahabharata_15-asramavasikaparvan" "mahabharata_16-mausalaparvan" "mahabharata_17-mahaprasthanikaparvan" "mahabharata_18-svargarohanaparvan" "markandeyapurana_adhyaya-1-80_u" "markandeyapurana_adhyaya-81-93_devimahatmya_u" "markandeyapurana_adhyaya-94-141_u" "markandeyapurana" "matsyapurana_pu" "naradapurana_khanda-1_u" "naradapurana_khanda-2_u" "nilamatapurana_au" "nrsimhapurana_pu" "padmapurana_a" "pranavakalpa" "ramayana_01-balakanda" "ramayana_02-ayodhyakanda_a" "ramayana_03-aranyakanda_a" "ramayana_04-kiskindhakanda" "ramayana_05-sundarakanda" "ramayana_06-yuddhakanda" "ramayana_07-uttarakanda" "saurapurana" "sivadharmasastra" "sivadharmottara" "sivapurana_dharmasamhita" "sivapurana_karvanamahatmya_au" "sivapurana_rudrasamhita" "sivapurana_sanatkumarasamhita" "sivapurana_satarudrasamhita_au" "sivapurana_umasamhita" "sivapurana_vayaviyasamhita_au" "sivapurana_vidyesvarasamhita_au" "skandamahapurana_himavatkhanda" "skandamahapurana_kasikhanda" "skandamahapurana_revakhanda" "skandamahapurana_sutasamhita_khanda-4" "skandapurana_adhyaya-1-31_pu" "skandapurana_pasupata_adhyaya174-183_u" "skandapurana" "vamanapurana_saromahatmya_u" "vamanapurana_u" "vayu_ba" "vayupurana_01_frame-and-cosmogony_iast" "vayupurana_02_pashupata-yoga_iast" "vayupurana_03_kalpas-and-shiva-lineages_iast" "vayupurana_04_bhuvana-vinyasa_iast" "vayupurana_05_jyotis-and-purvardha-close_iast" "vayupurana_06_prthu-and-prajapati-lineages_iast" "vayupurana_07_shraddha-kalpa_iast" "vayupurana_08_manu-candra-vishnu-vamsha_iast" "vayupurana_09_upasamhara_iast" "vayupurana_10_gaya-mahatmya_iast" "vayupurana_revakhanda" "vayupurana" "visnudharma_pu" "visnudharmottarapurana_khanda-3_adhyaya-343-353_pu" "visnupurana_amsa-1_u" "visnupurana_amsa-2_u" "visnupurana_amsa-3_u" "visnupurana_amsa-4_u" "visnupurana_amsa-5_u" "visnupurana_amsa-6_u" "visnupurana_u"
"agnipurana_u" 0 0.377334569026422 0.404707449642686 0.378847094082688 0.364268825471016 0.412044867637401 0.355331260198152 0.361914252821962 0.361224137197818 0.361687043602901 0.432178715828069 0.359953980198125 0.380148854024493 0.370157729843944 0.261706863345883 0.353869528763504 0.311266893118389 0.301174661449585 0.290758044303329 0.310739209090909 0.362197431783478 0.311479386070691 0.262824585091723 0.20299448681158 0.288531126721583 0.364906231806207 0.355040770712434 0.396458338625377 0.406321327085725 0.397523333763805 0.345878783150664 0.274654555145329 0.494973335176401 0.398689278788336 0.450942637273719 0.379040252689476 0.425180497703813 0.417355322384972 0.47492526600094 0.406120298012953 0.322322444358906 0.306282093232497 0.287643664315208 0.285894779336127 0.367739942693992 0.397523749225565 0.392712731888318 0.360334864916178 0.39928142202654 0.379001032760787 0.402954424205716 0.422680755780909 0.397830089257925 0.399194656639297 0.393503809273786 0.388176964057589 0.409697172430039 0.445622234084689 0.356579992883874 0.355153885002692 0.383140051127493 0.362460419945011 0.381091278246346 0.434849186599519 0.435079459427125 0.534318397674944 0.468748993559579 0.303859317409714 0.410931249194516 0.379906502736183 0.313100667862825 0.253869202251481 0.214147504389211 0.321889618195894 0.357866517386518 0.331254540630802 0.338057068096027 0.380502385425024 0.40030043032685 0.385118527539893 0.389806348277039 0.388308413563885 0.399069798030136 0.399058976078526 0.384467109866426 0.303558596664017 0.356497159885116 0.321656419288882 0.409636019098232 0.412947509626639 0.349356730679178 0.431631711402443 0.383715637779751 0.300487401168321 0.297681185194302 0.325106667483207 0.341310147046701 0.281241085703406 0.31759993349735 0.380212352193233 0.35602182972075 0.429898728698451 0.331843156440756 0.369541263443537 0.303124989940753 0.328760965255485 0.390094331565183 0.411936089664266 0.373534869031277 0.418426117225972 0.353404345567507 0.38419280717704 0.34783133759147 0.364185770824788 0.376188269444688 0.375492612125526 0.32655934671756 0.308598640652983 0.333606044439011 0.411727320970019 0.34920584421795 0.346158811897745 0.331258826382767 0.395832418869695 0.361531412100175 0.383125017970956 0.303862339197191
"bhagavatapurana_skandha-01_u" 0.377334569026422 0 0.285428360360671 0.257072257735756 0.24382822518265 0.327485721195764 0.249179991922382 0.259381924504628 0.266570728573689 0.273893150147922 0.376431560164467 0.22748991979941 0.268105210350264 0.290826562521458 0.343310403024799 0.377079653594138 0.313942832932501 0.367759410826111 0.327586246456566 0.307665561169472 0.396761567562043 0.344708268827046 0.376840003965356 0.35789326457846 0.367635688698286 0.416332392522955 0.333615085234158 0.362234557603614 0.383550736223228 0.384087187563732 0.298520514342617 0.351188607734962 0.535166544015089 0.377639501574715 0.459634795438619 0.378059305002191 0.432644770243342 0.422630677324542 0.4555115132276 0.384058296553579 0.330190476529773 0.352458853316513 0.345764631022278 0.395172955643435 0.305000676120526 0.363231992207812 0.332428103261014 0.301865331358566 0.349681221260705 0.320888819009725 0.366259037319946 0.383161722218515 0.362511730807679 0.369556482409262 0.359376003381491 0.349126596308958 0.36563491785259 0.41653086383713 0.305986618497501 0.313662938740838 0.391337357845611 0.392045321970071 0.325616632471914 0.371109667397379 0.39544935794245 0.496545056259974 0.427089711856921 0.314595751103569 0.421249189008751 0.331047705062768 0.308459485804591 0.309983374844108 0.337120006052206 0.357016468104946 0.401809999445143 0.325706654182726 0.360809569529102 0.395741644724462 0.370535952136788 0.347707845394727 0.370221423023325 0.367219015385647 0.377675366221865 0.383504008805444 0.348990115849407 0.338574961985644 0.426084124716609 0.383155943879303 0.417723001033516 0.428238667079213 0.3729801614824 0.443051424155509 0.361549232478945 0.336412624176026 0.366907050735595 0.421072332923965 0.352204967888574 0.331198309027212 0.359349372912169 0.415308519046054 0.355676567400048 0.427883239394021 0.310872174099026 0.375687431901075 0.326660848998376 0.355248783389995 0.399439841731065 0.456590623357449 0.378204229219741 0.453385184173962 0.389343844882668 0.4110256340329 0.397983462154963 0.360161848978907 0.394655679479214 0.43762627859652 0.371020680018873 0.341516652806036 0.324491988366823 0.425656726396175 0.350326032615429 0.382235514148979 0.38212533897804 0.395285997968923 0.349028643547162 0.378586566568563 0.31474359917208
"bhagavatapurana_skandha-02_u" 0.404707449642686 0.285428360360671 0 0.275899732939485 0.285232133622762 0.332035877558935 0.292806894441092 0.293796451030726 0.306424688342638 0.328393800129876 0.414180565549756 0.315135301108835 0.299107065382724 0.324784587235006 0.384784310901349 0.411816332868556 0.365955373781713 0.400037616004991 0.374573113175291 0.363359570753006 0.411666225244582 0.387839515054228 0.406693249423263 0.386712987697297 0.401907934957054 0.435995675959314 0.394982589887531 0.400560070529092 0.405049125499961 0.423303619407707 0.372801153668241 0.380809496463489 0.541668886702723 0.422403746351699 0.488031839537135 0.416655487891834 0.440815022214557 0.44386981544402 0.472148428512094 0.426770662371737 0.354400850383986 0.373731837884646 0.373166539874014 0.410479192635002 0.379629294051462 0.420109690734029 0.405649741114476 0.375692276727536 0.417408525124861 0.393930668730474 0.423576619122056 0.435905462520591 0.420431603349261 0.42834936353173 0.421797660317386 0.410719116160742 0.422376880877659 0.436027101410003 0.359427659918853 0.373646546017133 0.42319176907024 0.423390744138248 0.38603843427872 0.435739354531604 0.454352196801698 0.533664533255961 0.471411531117347 0.363061094214859 0.450361909994605 0.378103401464693 0.358240477976981 0.357532439788459 0.367143979835992 0.392596551636359 0.436874080443956 0.363462071252247 0.398184400957618 0.398656675748452 0.416812593151783 0.408783718163587 0.412664464150925 0.406758893866642 0.420921280262663 0.424220750255573 0.400293525489647 0.368721972216142 0.438369227486185 0.409250984646036 0.447084526912442 0.455326437732233 0.41016913850027 0.458284204645461 0.390481663088107 0.373609507658148 0.379759841205938 0.438411294461361 0.390161774070306 0.357752023750171 0.396751458980014 0.420673974781831 0.391797303391379 0.43216652410681 0.362822121769158 0.402034967085102 0.372214545828951 0.397365283486352 0.425186622481187 0.456160003271573 0.403368232182932 0.477102015536649 0.423171277291739 0.442131773851508 0.426357135808263 0.408509829249847 0.4214367663732 0.463462790177614 0.400221776806117 0.382464588641506 0.352506464105496 0.443880481917429 0.372408426060547 0.399005783289025 0.410240688725759 0.424709405856246 0.39305253572319 0.392737289420591 0.352964201696066
"bhagavatapurana_skandha-03_u" 0.378847094082688 0.257072257735756 0.275899732939485 0 0.190655426123525 0.286974915821363 0.266194255500939 0.276524491633368 0.277963759649288 0.302748705683847 0.342969903468251 0.228800449463155 0.228373439115108 0.272191207450266 0.364002160253914 0.389943462193067 0.340790679503406 0.372788566584653 0.344256525670358 0.292045880840882 0.398703458824012 0.368609228540778 0.383618668052196 0.372640626124672 0.379624703048799 0.425139136828769 0.326738848610929 0.357311349079647 0.350809729312111 0.369318373666315 0.296473235215902 0.356040125432447 0.527451587603949 0.364013221187014 0.437363386878818 0.358503209244071 0.395673158976382 0.387371027059586 0.429105625173851 0.371064143900151 0.343180964699259 0.357915406596347 0.348416936350031 0.393954244253051 0.305986686687934 0.365489241721692 0.341915752896056 0.297505178537615 0.348843486662472 0.325189281932157 0.364061799464934 0.38349989061707 0.358201746832539 0.36683486917209 0.356532498371887 0.34621089583899 0.36723036807796 0.383881576906515 0.284312504450685 0.300146887571822 0.365018943487968 0.367922606828025 0.318325089950482 0.382446035652284 0.401832515888216 0.495992403554316 0.434158619492051 0.332565902842691 0.429362451575799 0.355528353765794 0.32700598765268 0.327254145655372 0.35081426542803 0.363416188480831 0.417626077130734 0.309421161012977 0.372029999097808 0.398479800602979 0.356081786914853 0.335351843467621 0.352770714254302 0.350702088533121 0.354530946791889 0.361185299012466 0.33396167886123 0.356916424801625 0.42627766047719 0.37460836567179 0.435161890853405 0.442753859021958 0.383095351636154 0.449718466596717 0.376681895150779 0.346549486910582 0.360229678720754 0.426025115987415 0.367535782000465 0.331004407709002 0.361027971296522 0.423641588273156 0.367178250390092 0.420781336678605 0.322867245169004 0.386880586992605 0.344827675291655 0.371865386849292 0.402160235221038 0.446665151358999 0.38637942721502 0.470939411087839 0.40189206396036 0.421489498227473 0.406729567932979 0.389402060503139 0.40050108012275 0.4513348916873 0.38708919296608 0.357982272741455 0.294562115731845 0.416789900489975 0.349857414014813 0.3923456440983 0.387855034280854 0.408640400550285 0.366211554254459 0.380453607376719 0.326504171773038
"bhagavatapurana_skandha-04_u" 0.364268825471016 0.24382822518265 0.285232133622762 0.190655426123525 0 0.28851616059661 0.249054216105798 0.26001921060297 0.263878489676831 0.279508492410879 0.347740719579789 0.200267875998489 0.242407784074498 0.264837736324629 0.349945291096873 0.381349148273429 0.321544004413784 0.364676109865781 0.32971581800278 0.278410774758086 0.393036184747376 0.350887904298891 0.368350168215491 0.358553467702929 0.368681804003675 0.421738506698111 0.30996454230295 0.341996423250422 0.350423559942281 0.357948969856316 0.27895714775516 0.344008018321479 0.518516601644197 0.345765059293308 0.432788329244651 0.343912638758966 0.396276043293745 0.390833755667429 0.433181603220617 0.36050430810549 0.325318068271381 0.354646041818572 0.338672903800976 0.388140805360901 0.284913029449356 0.352595622414964 0.326356582570401 0.280584070755625 0.339590347373414 0.309692561827965 0.355156493135855 0.357142695440119 0.350608038583265 0.356528540028065 0.344172077817057 0.335087091030069 0.351472909917363 0.387401585042253 0.277362923499812 0.290251993592351 0.363543504292252 0.360431450020991 0.304894543031458 0.364839572061516 0.392603833142329 0.487538909300685 0.41970481608018 0.319877252789496 0.427317316788849 0.335301922331852 0.312413482215551 0.308395829048053 0.336606490898946 0.349343998396204 0.401099102015403 0.294660390052769 0.360290110535752 0.400874072867172 0.338743461184042 0.315834324770617 0.339389587011614 0.337334921486576 0.342761526657095 0.352613808754472 0.319078826794001 0.342655634772694 0.421514486270725 0.367959315004495 0.42501924032298 0.436569404651441 0.367584337313128 0.448433573086318 0.368707794426088 0.335684682180219 0.357471676429235 0.42089068455347 0.354686261212673 0.323254288896699 0.342220053204441 0.416287994407085 0.355549794783985 0.434303883777041 0.310652481224361 0.37376256070701 0.324167991299079 0.358783546237993 0.405328497750443 0.451213450971651 0.379693985891578 0.456122055806627 0.39943282401152 0.409571409639053 0.396520515073868 0.370704341093743 0.400969565613361 0.440059678209836 0.369678064048214 0.34318422350237 0.283815809944665 0.402322491886747 0.337855393567632 0.385123449298052 0.378965788993424 0.397221303298835 0.358215160019239 0.378679459567972 0.314607156185676
"bhagavatapurana_skandha-05_u" 0.412044867637401 0.327485721195764 0.332035877558935 0.286974915821363 0.28851616059661 0 0.329878337607415 0.344515740273121 0.331910698153382 0.363295830437556 0.372973538281829 0.309706596789789 0.318304327925821 0.318671037325462 0.399385138478069 0.420837033146964 0.383585397345614 0.395575172766158 0.383360539254762 0.362632428652974 0.43507519564528 0.414867450089773 0.415674375478594 0.40357260662862 0.416439701572073 0.451882372072012 0.389299526992568 0.416358747645146 0.408407382030546 0.414685815438242 0.360279419825056 0.406035073138093 0.541724046734123 0.405384193986712 0.471567764185254 0.393568374738022 0.445735668733892 0.43155129753508 0.458261591671899 0.41861903790381 0.390158442958828 0.399633370106472 0.395694132437481 0.428745185198322 0.372092787291276 0.413368025173351 0.393398109194155 0.36334982229032 0.406724930999908 0.381177161049593 0.414649846352011 0.435205693339665 0.414193052214164 0.419185478974263 0.413317602318258 0.403467591353053 0.411682381363058 0.421323203751438 0.356309995931345 0.36569707780407 0.410593339053512 0.414701656195627 0.383096404195001 0.431377128446924 0.450727575061886 0.530794049249629 0.478064656942263 0.3841820477727 0.464023300034016 0.412299149028027 0.38156657805808 0.36189691496114 0.391331264721449 0.413100706687165 0.449473279016295 0.366849962388537 0.39503814718335 0.4046107364088 0.412722008821921 0.393744691975455 0.401433104629494 0.397671129061787 0.402727929429481 0.411917656827676 0.393890962063802 0.394800849141445 0.45175332889228 0.410510506328841 0.443154932648128 0.482068945207791 0.425986455866823 0.447374646295934 0.426489318375468 0.394116924883104 0.400455284311385 0.454930849648788 0.416198704532799 0.365524322897973 0.397905440113598 0.447089689327035 0.407211124003494 0.474591665196639 0.381024781852047 0.429155792588893 0.384825386436254 0.403932645019815 0.43822003575532 0.469268442735448 0.424133256473369 0.457618359550038 0.4206273703411 0.454409738090785 0.43942985039712 0.419979823020064 0.435218131335865 0.494853891925261 0.416368960374257 0.392413088239881 0.355970392778994 0.442993327327781 0.406443912783706 0.407976416122356 0.42439074881148 0.398620199275715 0.401514525011534 0.414791106904017 0.364526559610408
"bhagavatapurana_skandha-06_u" 0.355331260198152 0.249179991922382 0.292806894441092 0.266194255500939 0.249054216105798 0.329878337607415 0 0.226661539831854 0.218452704410231 0.257397663817571 0.39719194004339 0.256643856804423 0.265153746967852 0.30736978323917 0.327701722405574 0.360947509008261 0.293569513005913 0.333880571049896 0.301992763101607 0.307749258736831 0.370209881349203 0.324673227034859 0.347799479398065 0.332762508653635 0.347012543526542 0.391700044653858 0.344230685816417 0.367366942038202 0.372520369897661 0.374012746279027 0.315377264116724 0.330319386938556 0.528475354761855 0.366562675817466 0.438062080839391 0.362821237577628 0.414460277044067 0.408421046525397 0.448425384418789 0.372851128397008 0.296435313966179 0.327194174646712 0.311948373056227 0.364557033231125 0.324524041981921 0.374787542018582 0.356242554324013 0.317481214262948 0.373944281701947 0.342336714716207 0.379400897050336 0.393466310982877 0.385149399276339 0.38775148356173 0.374313300376028 0.369691216676716 0.386716997506671 0.415741437100606 0.309184644170997 0.315358105095225 0.388130234892057 0.386256438769077 0.340849016757088 0.3920204713192 0.422529399958467 0.507086423701055 0.441893959027368 0.292746396470018 0.389281414908976 0.335532629110658 0.288349271583813 0.288486460761589 0.316204997415748 0.341581809852779 0.390093263805265 0.317292784164301 0.355816917808603 0.382403727196598 0.375284043303504 0.360481236238679 0.376694569799131 0.372712771572917 0.383603527059561 0.385756764568192 0.354772668982035 0.309518818870553 0.408282584463561 0.373585800361615 0.401770484216133 0.422407457206671 0.341262343600766 0.424546906005487 0.345610615321858 0.312625139452881 0.334367301664414 0.404461590004114 0.342024353805676 0.305066069322946 0.353120848216169 0.38033431489551 0.330679543552224 0.417741957974834 0.298829542665867 0.354644293332785 0.296947744208654 0.335641737512114 0.383058795971054 0.425796422046429 0.352872692211857 0.436843135643659 0.3790695627193 0.382921600130262 0.375558744603244 0.347378852586743 0.378465816310125 0.425841433005346 0.351418048414742 0.318776943117937 0.319915984130874 0.414830719413614 0.307711436058723 0.361412074549061 0.355230089176723 0.385329985206687 0.340965006671556 0.361834558035336 0.287315402566808
"bhagavatapurana_skandha-07_u" 0.361914252821962 0.259381924504628 0.293796451030726 0.276524491633368 0.26001921060297 0.344515740273121 0.226661539831854 0 0.247814319314541 0.274480255436427 0.390632037410347 0.271593411739028 0.266182407212569 0.320185593477009 0.337611617130836 0.374610049377268 0.314518242372846 0.348164380454318 0.321458514072509 0.325248443481475 0.382018261843873 0.33469593711057 0.356605660399742 0.343717031183921 0.346980441669442 0.396814560386192 0.359239347409592 0.38082038874681 0.396708971937226 0.396942513205413 0.33595281685798 0.33475760139617 0.531852238604158 0.39382222383006 0.457173615784908 0.393777021861796 0.432051118019857 0.423778516292562 0.465061778678113 0.395580048575638 0.319116672430611 0.331522092878832 0.327921491192546 0.372701115713519 0.342466456347443 0.390162468285982 0.370662416761794 0.336371290782947 0.387428562275931 0.358971437044082 0.402941670010866 0.402874952976765 0.398430581102968 0.402819448378372 0.395693102926475 0.382476457389991 0.403363517554867 0.4296048474766 0.320191206686783 0.337742318841546 0.388352975217822 0.392818604953177 0.352255529057787 0.406083253187517 0.430974241488478 0.506983233887766 0.450846596929899 0.306330199078065 0.406818422732461 0.345159590529315 0.303292704862615 0.303133549939434 0.3222818699466 0.344745719252299 0.400596461515916 0.331894767222068 0.357036600505965 0.380373347771884 0.394107946727427 0.376567729748839 0.388519827428721 0.38588205175991 0.400011231491174 0.400490626640212 0.370302314667474 0.319190380508749 0.405576128290277 0.374627626413644 0.403419110168285 0.429133369724055 0.35474418866002 0.427100118870149 0.359589612515896 0.325369214782919 0.344349951603191 0.403096286593874 0.352187297907165 0.30828804308759 0.358869016319124 0.390894731947885 0.347042588615787 0.426527874723692 0.315679779905355 0.358626143012485 0.314994130557785 0.352410316386496 0.392213922241387 0.434473702953616 0.371835187311514 0.457011117650003 0.385272308787878 0.404829569015181 0.38024923122312 0.365266104619939 0.387898996295073 0.423444914792926 0.357827806950723 0.337853698108817 0.326798202708349 0.42396443516056 0.320628991293536 0.370815651772119 0.360170029660543 0.397389353964579 0.342329272454218 0.363057390870325 0.298643239936133
"bhagavatapurana_skandha-08_u" 0.361224137197818 0.266570728573689 0.306424688342638 0.277963759649288 0.263878489676831 0.331910698153382 0.218452704410231 0.247814319314541 0 0.254289503050509 0.399747051790013 0.247518695884631 0.304265108896931 0.311029523399032 0.324981506016116 0.368792079216369 0.297152718862728 0.334364080333539 0.307585039817334 0.31529136618931 0.382585544267459 0.33105376033536 0.353207701178765 0.336238018326623 0.361309294660176 0.396314858730709 0.342477421151088 0.367973099150496 0.367616708007976 0.356460468961765 0.316594700894825 0.325113527598182 0.529721466870966 0.374832625701212 0.440909939018006 0.368485878473533 0.427457049478693 0.420815404924842 0.442906688683794 0.373225654083045 0.300066547280334 0.34314200661842 0.31710283041685 0.365492016182749 0.335631174199772 0.366009162995916 0.361851673570482 0.327883644388537 0.379729108911223 0.35836509663768 0.383377994038866 0.396523715512857 0.38180097104582 0.384786059939956 0.374210465339012 0.378946371912228 0.396654831784355 0.444018621388879 0.33758367371985 0.333762589909639 0.406328870453296 0.400019721345607 0.358782904055089 0.402861325744777 0.425636303223754 0.513784670774107 0.44771389724617 0.310098169870439 0.386176362044644 0.343252061050467 0.30218017691215 0.286361995881313 0.32146774234471 0.349377927206664 0.385827845902818 0.322139940214727 0.347233731366564 0.384446826253642 0.378970156984857 0.37371903058619 0.379606779494506 0.369897800001847 0.377565683649018 0.373412230170255 0.353434474991925 0.309149682406416 0.402540126705579 0.3814672666867 0.401108640202469 0.430396534363183 0.338441994408852 0.416124300604413 0.343349314114154 0.321477528035937 0.341076931520784 0.408177637619201 0.33002711872481 0.31814600256363 0.354937574820365 0.394290117942548 0.331280412828893 0.436315197708092 0.295107538239226 0.350613240964355 0.291956429583618 0.341447844894329 0.393679601294115 0.444432013278917 0.356231724122874 0.427279809522642 0.384057155495008 0.39002386346789 0.388348286334583 0.346271188618142 0.383756942771299 0.428377683642336 0.35521416302902 0.323433982449367 0.328228946709464 0.416928163698191 0.31774252046723 0.372106578289107 0.367039252841447 0.3826238799058 0.332959447975537 0.376961512996913 0.294100837249987
"bhagavatapurana_skandha-09_u" 0.361687043602901 0.273893150147922 0.328393800129876 0.302748705683847 0.279508492410879 0.363295830437556 0.257397663817571 0.274480255436427 0.254289503050509 0 0.409781422105892 0.263628645666486 0.329522427448868 0.330003742147987 0.331803356731034 0.363090035979686 0.277692958866575 0.352254064594153 0.305308828968282 0.322319071786966 0.393851819039795 0.334052461706571 0.370274391512387 0.348788589733514 0.36572313456665 0.409266691341521 0.353314291315819 0.374543900556529 0.401940203283804 0.391449009392069 0.308415105988234 0.328471889077035 0.537425013426665 0.337655822859008 0.443239682203512 0.344764531751246 0.428607647383231 0.41701179994172 0.446061287272896 0.345889900085681 0.314089645134925 0.354411110334022 0.334017730339799 0.382111373187949 0.318755113479372 0.375761250763348 0.359273130291898 0.322807409672033 0.36904829400183 0.346353652722 0.389546442426031 0.386403173595211 0.383073731752954 0.388395587429526 0.371299250252807 0.372909310731397 0.389657599030583 0.450945936696233 0.339937546540459 0.337631828935989 0.417027391452954 0.409392249422294 0.355838588365467 0.388764477891143 0.411229056815419 0.507573800669746 0.446385525598219 0.297036327845982 0.4112317888411 0.324496205853781 0.292047330113888 0.296998352975984 0.33731409315708 0.347288918310972 0.394294208776709 0.330639968983888 0.366883306936093 0.401217189720022 0.356450085913101 0.350783979242305 0.379840857037689 0.367351993829361 0.382137083985795 0.389653473093899 0.350328402170787 0.331380121916327 0.419627261621665 0.394706000410331 0.407843994147975 0.435987375492538 0.357271431517557 0.437745866092641 0.358308062164879 0.324243129485066 0.355751677706304 0.424813124546973 0.356928715844678 0.323473422846834 0.361601094504922 0.416409367738983 0.344544729964313 0.442657959431305 0.318640535357994 0.359288549225084 0.306074367123679 0.32826972111834 0.3935611879588 0.452182999287094 0.358883009535171 0.446505911776865 0.381679637461376 0.382458674253868 0.385960834056124 0.29916644664289 0.390209222370564 0.431761664074113 0.36360995988544 0.317245394689226 0.358775078399019 0.437651196835835 0.330803254417185 0.37279192432776 0.374604341963565 0.350189024185245 0.344661370237804 0.38435887613273 0.295866597009348
"bhagavatapurana_skandha-10_adhyaya-29-33_w_commentary" 0.432178715828069 0.376431560164467 0.414180565549756 0.342969903468251 0.347740719579789 0.372973538281829 0.39719194004339 0.390632037410347 0.399747051790013 0.409781422105892 0 0.315836144656396 0.354446803258967 0.371144664564392 0.414654383870592 0.452119692724047 0.408149140195958 0.408115123890311 0.407412401014181 0.360967023617073 0.440220508828486 0.40925315665103 0.425878044000301 0.426045798836924 0.411389982141924 0.454580860073957 0.380994671196042 0.418003545372382 0.442760330576773 0.437843337673471 0.366370144112821 0.408384718377377 0.550074122461111 0.429756752613532 0.475022907988775 0.416865669005612 0.459696020438817 0.443053125045968 0.486350743855747 0.434451905934012 0.427287259931507 0.426860888016968 0.421763379479607 0.446432573067381 0.37897691225117 0.429466583485433 0.398704898873755 0.372169778431813 0.403155289860255 0.387301331490418 0.424115969463277 0.446856931230525 0.417353332603119 0.425015676132859 0.413671246368706 0.402749750821738 0.414765670371717 0.434310266119259 0.368910979468437 0.380463463356106 0.396258457785953 0.408670886032008 0.390548012541897 0.431920142342553 0.438857496871174 0.537223634122196 0.475994555673914 0.393550334674875 0.461394510919584 0.41006592812493 0.38955166203275 0.390017921724339 0.409461256872646 0.41643497001799 0.448053400579737 0.375903323371703 0.424401034936821 0.431976700809098 0.425650199621867 0.389948697848132 0.406235683889787 0.401223181667589 0.401397343253715 0.425425252847669 0.400473145121133 0.416601380473654 0.479446613242942 0.424669573980926 0.486562960411318 0.47019808758339 0.427895666596434 0.494975446355967 0.442780054793506 0.403270330455304 0.425260815612179 0.464476635997373 0.439314862529582 0.369338463149496 0.402828321081618 0.455858405910452 0.427421931671603 0.481838731808495 0.387787471643899 0.435103378925059 0.40740363961138 0.438727604456466 0.469872748964575 0.491303927720813 0.457090147983813 0.499156969803669 0.45711811615957 0.485049210446194 0.449640869038229 0.452907807723131 0.457296792806076 0.493012891116586 0.42348151181958 0.427428112571545 0.360800758370752 0.45530807119499 0.430021064339187 0.434081587209247 0.436501902533529 0.449286574830824 0.397443463106794 0.430537402947493 0.38798780985106
"bhagavatapurana_skandha-10_u" 0.359953980198125 0.22748991979941 0.315135301108835 0.228800449463155 0.200267875998489 0.309706596789789 0.256643856804423 0.271593411739028 0.247518695884631 0.263628645666486 0.315836144656396 0 0.244560419218137 0.266038873006686 0.340344855608302 0.400390604111105 0.317888624022074 0.357313058815455 0.332444022440269 0.266604646459371 0.399217884207087 0.338171292002091 0.368709779526964 0.354634301074449 0.368616507307622 0.4161159957932 0.294066116266168 0.321598517299465 0.360301435437677 0.347365088716024 0.249651700232525 0.341489543047826 0.525665253316856 0.352030103503662 0.439583185926585 0.343914626631131 0.413799749913811 0.407396256318728 0.441311283749302 0.354433369626342 0.336448854151844 0.364123349295921 0.343240034398283 0.391987349442399 0.274594971576057 0.326424587048251 0.303179761565369 0.266525695565425 0.319831113739594 0.298245304641091 0.335202750852136 0.35912247406658 0.326330989198918 0.33402184183226 0.320952530646291 0.322408015451763 0.339200909860172 0.413193306891902 0.290365041163815 0.294087690258143 0.374552486666806 0.369900055002094 0.309235070902623 0.354576648469316 0.360839517682231 0.484905898854114 0.418443178252085 0.318691249489478 0.412021053480087 0.33416716177456 0.307975096665214 0.30554159832748 0.336544091111878 0.356497264917498 0.390890601530657 0.285144550279026 0.356768718414793 0.414358579644967 0.331556215624176 0.305432457583481 0.327323132328099 0.321344316547473 0.323743387131941 0.328686954772763 0.308764772517173 0.341880639728661 0.425328348235203 0.376771709961789 0.433152682969731 0.42928732732551 0.36192584164255 0.454405308807912 0.361611881647913 0.336256167666999 0.369567944304575 0.431983879987457 0.352943161660186 0.320753190680817 0.339440236802582 0.427608623041691 0.35463987816819 0.451341796192043 0.299235501180672 0.382241747155067 0.312460679972666 0.371297901384704 0.422959299562935 0.469929145281983 0.390228323576082 0.455395783549648 0.407608334382346 0.420035832059057 0.412473929354811 0.367156764821425 0.412173834874488 0.444338038825361 0.366313567113889 0.354461921306507 0.295458140600954 0.404175168823956 0.349992527345082 0.384634948062094 0.385055242541602 0.392106091471229 0.310362046625279 0.384630512700094 0.301044213067372
"bhagavatapurana_skandha-11_u" 0.380148854024493 0.268105210350264 0.299107065382724 0.228373439115108 0.242407784074498 0.318304327925821 0.265153746967852 0.266182407212569 0.304265108896931 0.329522427448868 0.354446803258967 0.244560419218137 0 0.281135530356178 0.366212488690662 0.395043937006137 0.352908292343692 0.376761363186946 0.355372753556736 0.30142373018717 0.388197809247248 0.363389102104867 0.377631025010981 0.368655543006477 0.36270777512358 0.417685859790217 0.343859650153163 0.358867945585023 0.366524707202051 0.387290970484443 0.320395662886591 0.36711830857146 0.525225228917069 0.384930106283688 0.451911655833978 0.383163821808517 0.410485002579824 0.39822380543838 0.441087796307065 0.392000668323595 0.347424906898632 0.346237435229574 0.351510249513713 0.394595109717675 0.321429930591612 0.386248040305006 0.347028784143143 0.309930729514009 0.356860734019919 0.324055114762174 0.372109541736361 0.396813602232402 0.371807700950159 0.380531910999489 0.375433344664456 0.364120686087764 0.374930189327765 0.383555203925733 0.276660906882338 0.304157652492289 0.350844157739548 0.363270708196286 0.319329883404726 0.383997585947053 0.416758340874668 0.504989465830648 0.438578095038489 0.336536031624355 0.433797713766859 0.366675908429945 0.335960581938155 0.333322113040371 0.345665305289807 0.369785996816804 0.41894370127834 0.319251952432407 0.383310665642253 0.403931891772945 0.382095089768104 0.351826644938402 0.370991106664231 0.366781696126993 0.370246541421582 0.38184167084424 0.358039584613864 0.35235972729622 0.425946427845289 0.363079806201509 0.446641704718005 0.439942934524872 0.392097954245056 0.463607078563501 0.384816381250124 0.351023734175787 0.367845397849662 0.420056083189078 0.377907160759126 0.339047115582842 0.36105848727201 0.399809096365748 0.374686395504674 0.414548604768961 0.337840639154054 0.397952292731799 0.358497048182395 0.378207559107875 0.408066935741373 0.43783087321795 0.391863660026244 0.4740085332176 0.405100884755887 0.435759865482183 0.40244005908503 0.400491459794994 0.402057245206285 0.45610940207816 0.38100591892202 0.364278103609146 0.295342720890933 0.420006600794147 0.362586686354312 0.389105698107137 0.382589186908531 0.429096890793688 0.375411935828149 0.364699803040152 0.335078515518928
"bhagavatapurana_skandha-12_u" 0.370157729843944 0.290826562521458 0.324784587235006 0.272191207450266 0.264837736324629 0.318671037325462 0.30736978323917 0.320185593477009 0.311029523399032 0.330003742147987 0.371144664564392 0.266038873006686 0.281135530356178 0 0.355717391589095 0.372851333721266 0.331503290920646 0.369854787191035 0.333935164820596 0.288918143308814 0.403083564438275 0.369421719533456 0.386294925321053 0.360953459454157 0.377377741132635 0.422426585709861 0.345012489460634 0.362737048567952 0.355684523943738 0.375811808210836 0.304066181250877 0.358986066677503 0.516735786119257 0.35451530749402 0.419912221329385 0.353818847328584 0.385242621180599 0.383623349209796 0.41137731534354 0.362677149088254 0.332664213284875 0.357034180453013 0.338120656227319 0.391795083640594 0.313293727262266 0.368947039239354 0.347881000290843 0.308733156550355 0.36216925091623 0.332683604237214 0.373243913735826 0.378965720177014 0.374273562438267 0.379071886670225 0.371325718466854 0.365579784344019 0.373471845008971 0.398292817239321 0.298339694440345 0.30741576175784 0.373518145985971 0.359759016985124 0.332179698483007 0.385640008952634 0.405804611608553 0.504214464571352 0.435869666010431 0.335196119329835 0.433570957134469 0.356020837693387 0.329441346481466 0.315211957673563 0.341469886129648 0.381956651901572 0.407643022843049 0.310101066621053 0.3759410687492 0.409517258490926 0.362282599230014 0.350688880229523 0.370729257123894 0.366065314272536 0.376710540667341 0.380136419566885 0.346275108796064 0.345274565484413 0.430050712322985 0.379157215892405 0.443369324858483 0.44453657960645 0.398390839954496 0.451798839629109 0.380185000760165 0.338698963452034 0.369535490591346 0.420132446740631 0.366064903417017 0.351522546017997 0.340960381446422 0.416078926585309 0.369967987654054 0.434542873373508 0.334811207767477 0.384025414215035 0.348035123361066 0.356136529478563 0.399160413759417 0.454317129064364 0.370673448130722 0.453457994929544 0.381173287457585 0.411612480997979 0.402472183959562 0.369864678547696 0.388962628387664 0.462768519019818 0.376627838395541 0.340472909526736 0.302155342211135 0.400580399014384 0.344951007446056 0.358500164578156 0.367130322028014 0.385075976474798 0.366860490717746 0.360282714295494 0.309887803822834
"bhavisyapurana" 0.261706863345883 0.343310403024799 0.384784310901349 0.364002160253914 0.349945291096873 0.399385138478069 0.327701722405574 0.337611617130836 0.324981506016116 0.331803356731034 0.414654383870592 0.340344855608302 0.366212488690662 0.355717391589095 0 0.305664501021248 0.227739503567083 0.273342468928746 0.23144369647515 0.249360901787436 0.323066285997241 0.189403430496363 0.238814654117018 0.232280828058689 0.24086103466421 0.31134774711169 0.308610204216559 0.358939005850541 0.377228130424927 0.379704332068662 0.297752439211761 0.226866671254958 0.492918441767449 0.362362885564352 0.436558315569518 0.352630304808692 0.409464689397854 0.405035402370666 0.452707587155345 0.369999695528298 0.276222382658393 0.269590049721508 0.23734220813423 0.259267259036825 0.310882969376053 0.362587201632672 0.345865148837015 0.302571863196518 0.36351133928879 0.332157869711376 0.378919889170518 0.385134819750883 0.381226172637209 0.380760294565269 0.358687634327654 0.357608675780599 0.375258726344618 0.414520724983486 0.304667747173884 0.294303143646862 0.348742961810443 0.329411902256636 0.32720627923246 0.386944067498716 0.415894974142192 0.497473227072993 0.432592759036412 0.253415732957906 0.369454173663032 0.305478820012053 0.247761145989284 0.194066199099573 0.202620859474926 0.243177046143643 0.29892028498434 0.266766340799367 0.283314563976645 0.376071262639629 0.356244162949745 0.341240714742107 0.361771589978005 0.358563411951529 0.373418559040074 0.38100439329191 0.334187966318961 0.224027392774636 0.338782093037172 0.327499755269939 0.344801852034201 0.361779074440796 0.248437276617485 0.365869624889839 0.324493689625806 0.222263560882305 0.245169938411352 0.287421652210115 0.297056720700597 0.243148700472117 0.261261849301724 0.330007845291901 0.285645352461264 0.402460284514037 0.265583953542708 0.294977391824853 0.248353330832747 0.290021991883271 0.357508718731286 0.389162896854837 0.332018135434637 0.393326530254571 0.331911734383479 0.367372541273998 0.308566887188245 0.312673654462249 0.34407450508158 0.356222967118275 0.243117867161854 0.265029972196808 0.283939117304311 0.382324040100868 0.300857422886962 0.31270154816147 0.293893822656986 0.362180387518839 0.308382028901016 0.344996253199039 0.245672604785071
"brahmandapurana_khanda-1_u" 0.353869528763504 0.377079653594138 0.411816332868556 0.389943462193067 0.381349148273429 0.420837033146964 0.360947509008261 0.374610049377268 0.368792079216369 0.363090035979686 0.452119692724047 0.400390604111105 0.395043937006137 0.372851333721266 0.305664501021248 0 0.229867643861688 0.284151060670552 0.173943991902855 0.323543126399434 0.377110693183474 0.335594597880555 0.335807266300253 0.325455905528881 0.33830635375421 0.37120833932275 0.3716232983934 0.415121831245517 0.353144955154532 0.367893140289797 0.327082016711238 0.323347712432984 0.539334780361647 0.334207967363846 0.36165743192926 0.365669439963958 0.357642130082093 0.288923834138142 0.416565941712747 0.364340325892331 0.296465527093435 0.342355490768642 0.250965237086006 0.333933555864964 0.349752058390543 0.382633456522864 0.381495308781997 0.348831719737217 0.395189453085064 0.374291301692731 0.398338490897809 0.391783015676132 0.413856641056232 0.416573565441495 0.391713855355899 0.389795327142272 0.412978736461298 0.432999633339075 0.338554588442941 0.329373834115846 0.376673994756077 0.383995430507616 0.358655414628234 0.411155689370505 0.445095893650555 0.525846187470017 0.450893469919696 0.290659704556382 0.396949767818348 0.355708109775651 0.296680417294391 0.247793651503824 0.308185720416597 0.362383568278679 0.381222420831229 0.366859195554031 0.389927507383444 0.397818409230946 0.389012256068325 0.395259213447404 0.41572723834767 0.387861998786376 0.417370613212326 0.414416435349747 0.37743545265631 0.313974750199889 0.406992861358805 0.370701322170336 0.39543386625652 0.429127698604238 0.357311608129736 0.397447464140977 0.388689923040539 0.27426700641597 0.310650223857067 0.374388807862569 0.357383765334269 0.340553684974059 0.343832609397096 0.371125741553432 0.315633512077843 0.387203856740511 0.307406870724947 0.350566829657727 0.341562189954393 0.142385620118452 0.212120878127787 0.386301627357545 0.260454457133086 0.33576165686764 0.174482465845099 0.246421114708331 0.295870369127562 0.28295979185587 0.230221510285461 0.418048171315658 0.348721854791881 0.160817788117304 0.359793563186249 0.440808189631488 0.288588895385282 0.292831783032473 0.328318622772658 0.38861588068001 0.381019937101076 0.363785577568865 0.286588126304332
"brahmandapurana_khanda-2_u" 0.311266893118389 0.313942832932501 0.365955373781713 0.340790679503406 0.321544004413784 0.383585397345614 0.293569513005913 0.314518242372846 0.297152718862728 0.277692958866575 0.408149140195958 0.317888624022074 0.352908292343692 0.331503290920646 0.227739503567083 0.229867643861688 0 0.23976342679932 0.118666056446606 0.241316704218983 0.337697272403926 0.240957462250201 0.280791301779439 0.273337097465608 0.292739558186964 0.332878432619374 0.294018320030888 0.345450727959027 0.341975530817561 0.334945206868986 0.236652561669527 0.252292051672512 0.514330779838497 0.282184012883586 0.376154758804343 0.30259695750921 0.373366215053093 0.355233330125845 0.413677786965217 0.300400382739168 0.242094398912621 0.292484096374556 0.211578932688056 0.294138608628382 0.263841449567452 0.328864538483476 0.313867462496652 0.2618665139753 0.329990212927432 0.30387020176204 0.341362496330353 0.355301342080646 0.348394617793691 0.353979903174763 0.317267104575645 0.325514485799781 0.360985048090971 0.412076352994351 0.286806257880644 0.273459825572479 0.357146973821493 0.353133516299891 0.304143438997871 0.351870941847275 0.38523770171121 0.487957730739221 0.409640691302995 0.216807725644213 0.349543648197998 0.271855219129042 0.209945510647808 0.176253704313734 0.250956586129023 0.283779687336557 0.330373028122814 0.268452894513938 0.309974816215825 0.368584762958138 0.310754744271352 0.316248811912263 0.342343022908176 0.32398969099291 0.34885458078191 0.350609660664789 0.297473591157341 0.244156356726522 0.37364923708452 0.34793943989656 0.344454243969893 0.387134015404874 0.275238716214835 0.369508474342677 0.321791744794321 0.208773291956744 0.267921481975809 0.346372517304597 0.302155589072722 0.272297825804459 0.282121724915357 0.332979980256506 0.250333416906853 0.39120603626751 0.225932537231399 0.280990194027582 0.238384612564495 0.187614211858804 0.297149546044533 0.386524841698975 0.267247828055349 0.357124781180167 0.272200381785251 0.276470962940001 0.267856131965186 0.20277949690698 0.286406767358293 0.37614477041557 0.279192396421206 0.165279686002362 0.301585420879919 0.392885445247809 0.254290980966859 0.286365721815057 0.286875699153123 0.326005822518946 0.291108926345097 0.334847589987971 0.207443791442541
"brahmandapurana_khanda-3_u" 0.301174661449585 0.367759410826111 0.400037616004991 0.372788566584653 0.364676109865781 0.395575172766158 0.333880571049896 0.348164380454318 0.334364080333539 0.352254064594153 0.408115123890311 0.357313058815455 0.376761363186946 0.369854787191035 0.273342468928746 0.284151060670552 0.23976342679932 0 0.172218018694721 0.31250676070332 0.327854226217138 0.280672381352954 0.27279748230418 0.278569532401472 0.32390393157812 0.351596016294033 0.34456642012335 0.385716452425587 0.37343501214468 0.340672148315829 0.320690632810566 0.273207962151576 0.51085718990956 0.383159805547059 0.421277937736841 0.373145800381021 0.414651158793364 0.392857357880357 0.450827066662149 0.394961165392037 0.274629495368133 0.326285314165544 0.261383435288316 0.296283728549181 0.360212776738154 0.368949958723417 0.38447025577461 0.346660700088548 0.39342142452269 0.374400100352754 0.381478711463861 0.411213593389261 0.388621222053074 0.394129191713409 0.376435421419452 0.380687503925273 0.405019493942781 0.436423398355697 0.352887163787616 0.352703345333574 0.372485289832025 0.396662126378936 0.375288839215845 0.419526933466251 0.430035186843903 0.532968893759851 0.45921630839482 0.278807048234197 0.342706166676753 0.350930145863757 0.277021323770327 0.22504182128262 0.243128240474583 0.328165595014354 0.36658516084337 0.332162709931173 0.329789635482949 0.359979928317634 0.383615854104124 0.381482972481477 0.384171883855111 0.372702744708308 0.376469668608333 0.381881041646061 0.36454917768596 0.264944164070838 0.371345536648042 0.353335240136042 0.359149769342977 0.412949001194704 0.297971634561921 0.366142753500498 0.348038549064261 0.255027329033265 0.26914450378011 0.34285054539825 0.328345790986262 0.266340004320003 0.320966842980139 0.334074915269513 0.311956748204528 0.398184620121592 0.272959282046397 0.336680356909626 0.276656533839095 0.271007952783763 0.329299334345866 0.417005223568598 0.328438605907932 0.349822218737405 0.304307276247087 0.330114566321761 0.335906557782087 0.3234425316936 0.298001752669724 0.399858067154516 0.314367995104969 0.250484451494081 0.341426834300089 0.412947041884199 0.304689534903956 0.312567826811993 0.335037835625524 0.367036386199955 0.326558601368784 0.352442725751979 0.269507287368061
"brahmandapurana" 0.290758044303329 0.327586246456566 0.374573113175291 0.344256525670358 0.32971581800278 0.383360539254762 0.301992763101607 0.321458514072509 0.307585039817334 0.305308828968282 0.407412401014181 0.332444022440269 0.355372753556736 0.333935164820596 0.23144369647515 0.173943991902855 0.118666056446606 0.172218018694721 0 0.253701707584513 0.327170097882884 0.251563655419066 0.263812800472722 0.259062147905198 0.293125144531949 0.330364246520142 0.308446294808983 0.363695965359488 0.333600027037516 0.322143534559396 0.259368182028159 0.249124014014891 0.512140898422003 0.309328052886628 0.371746203962842 0.320954386467285 0.363120999055887 0.332787260765801 0.412692037513968 0.330124070718717 0.233024856047117 0.293044635866004 0.198872284883551 0.278426686577742 0.296134770282697 0.335557835760186 0.335391161041397 0.28988010136213 0.35270267963083 0.326176797728553 0.352239186087671 0.366434428759461 0.361984433803628 0.368615783811981 0.33778577302925 0.341016896140558 0.371967053045527 0.411928938337608 0.298242884134649 0.286785358514738 0.349936219491688 0.355493473048039 0.323175866032627 0.374338265905651 0.401845705331906 0.503151417074373 0.423936831160394 0.222715027415315 0.343117433247742 0.298383047162248 0.220096638407279 0.162266425540238 0.23347348836925 0.295908160115696 0.335874355563127 0.29265725729013 0.313459267366539 0.36074944963456 0.338768146562177 0.340003932798904 0.358475179141466 0.336317243364575 0.360479907111935 0.361203885078445 0.322298553192595 0.241827417177805 0.366788665694808 0.335788735855942 0.339005624528748 0.391835896418281 0.281667242900267 0.357257105124502 0.33022279764102 0.202319378475099 0.253672667809384 0.334214776408679 0.303956007222446 0.260483622525622 0.284843986413227 0.32697349293016 0.264216050856394 0.379683656797812 0.233609730612806 0.298533647405035 0.254199988387743 0.15636552138368 0.259725769010223 0.380698629197029 0.256215986732075 0.327129798479355 0.226826992316603 0.25776839173372 0.271977746137466 0.235086552744955 0.246731853694486 0.377571102030778 0.282931274424784 0.13301471482593 0.308897838597348 0.397863981030575 0.247914677609408 0.268258887575059 0.289844165448395 0.339868975188709 0.305992538422015 0.328684246277743 0.21364190646726
"brahmapurana_pu" 0.310739209090909 0.307665561169472 0.363359570753006 0.292045880840882 0.278410774758086 0.362632428652974 0.307749258736831 0.325248443481475 0.31529136618931 0.322319071786966 0.360967023617073 0.266604646459371 0.30142373018717 0.288918143308814 0.249360901787436 0.323543126399434 0.241316704218983 0.31250676070332 0.253701707584513 0 0.353467372871729 0.248660223419977 0.292159706708759 0.301241744487785 0.296073373352126 0.351599061268184 0.221625582475794 0.277307094457699 0.308706486881056 0.307298302010154 0.190255809069538 0.255176436101067 0.481774745122359 0.275205757777983 0.365437739183785 0.27615323577175 0.339598527162498 0.33673246604323 0.3847390388984 0.285981564327576 0.266506201267231 0.285643861704423 0.240307246348838 0.314941072122402 0.20019264290295 0.290623087117241 0.257920417992737 0.190360761154859 0.279437669712919 0.242244920616715 0.2989727310197 0.30914907158544 0.301811653241424 0.309015247104754 0.267250665426496 0.280233479665449 0.314141451505604 0.351306082637696 0.200405487447187 0.186656270744842 0.280437133300929 0.268277804111869 0.223028549376405 0.301722055634573 0.336189181388601 0.450735079542263 0.369182581338209 0.246858843103733 0.37667250447596 0.275955439934105 0.233084681627754 0.206562535564937 0.277364011253931 0.286879580149982 0.304048351335848 0.195704734395648 0.311467590403954 0.40487351085617 0.266566714849771 0.26209340096144 0.292920170209688 0.272944360500708 0.301543284145424 0.30674912392564 0.244833454434029 0.253894338489398 0.386055023806182 0.32775232592486 0.395781220929543 0.364446983020883 0.289832839679294 0.412951481967987 0.311965562165887 0.23905050475076 0.302579104313899 0.352056775173449 0.287122246341476 0.271378219808795 0.212400269887725 0.356243032621645 0.277203711625738 0.393597857516058 0.222826138708955 0.284087692317045 0.24778479775765 0.293044109919749 0.362034192547417 0.411392184052093 0.3337083475336 0.416612499581729 0.346681576248983 0.363689593430309 0.330274319180762 0.313308081707338 0.357049904562237 0.388379311920683 0.269850409018201 0.270403151810701 0.202278732202435 0.347746903722517 0.279167793538363 0.31107287612947 0.307141600010552 0.370488672763725 0.305107885690291 0.341382333967211 0.236649191134495
"devibhagavatapurana_devigita_adhyaya-31-40" 0.362197431783478 0.396761567562043 0.411666225244582 0.398703458824012 0.393036184747376 0.43507519564528 0.370209881349203 0.382018261843873 0.382585544267459 0.393851819039795 0.440220508828486 0.399217884207087 0.388197809247248 0.403083564438275 0.323066285997241 0.377110693183474 0.337697272403926 0.327854226217138 0.327170097882884 0.353467372871729 0 0.31530325742962 0.330559012632445 0.331478826028156 0.353943787509789 0.366070690164206 0.386160795821755 0.417349151271499 0.426169680137535 0.433095900447917 0.392822903978295 0.312326221751646 0.51465986939786 0.42728784493459 0.470545876684791 0.416060529968997 0.437937882992354 0.431193858163693 0.471521780193019 0.429106546664221 0.323297632994784 0.333609913357573 0.325435488057741 0.32851624796049 0.401347642646523 0.436434567242808 0.430014833962543 0.396282304395345 0.437678124463104 0.412394980747636 0.441015379641472 0.454022499033832 0.448738673347995 0.44755742409108 0.436522984128555 0.429877726178344 0.45179052090071 0.441218237279166 0.375583824791625 0.389735446420161 0.398490182812759 0.417175701443887 0.397145357339736 0.451294954981888 0.467877894764959 0.540502596419247 0.480099962011313 0.331684821168575 0.40605344686231 0.376242030876304 0.32882686961089 0.322048879387985 0.310870705745036 0.358513691214228 0.392229047220196 0.364743597031544 0.373012226372487 0.370343758733282 0.425544041757433 0.415331043260455 0.432565733748207 0.426253971619276 0.435129856125228 0.447253450051645 0.414461288620711 0.319420724407863 0.400007248205715 0.370860847776089 0.433025883213292 0.416342721596073 0.349905475099663 0.430000148539092 0.371187626130908 0.324978765793643 0.32089049370571 0.355833350671543 0.363157870259941 0.322181613651707 0.354136443099139 0.335910218201544 0.348498678957984 0.386883089634102 0.34085604643042 0.364702713798255 0.341927391425219 0.370679737058081 0.398510734716926 0.406134896291028 0.389890652331586 0.445527293550778 0.392021491685095 0.424426089551742 0.385748985396637 0.394273540313822 0.378961763229017 0.423626942501732 0.342325933035024 0.34971394198123 0.365568181594337 0.435914202952966 0.353047682962407 0.3784715088747 0.370569804609486 0.429579664916609 0.387701919875382 0.37757803301082 0.338069051951361
"devibhagavatapurana" 0.311479386070691 0.344708268827046 0.387839515054228 0.368609228540778 0.350887904298891 0.414867450089773 0.324673227034859 0.33469593711057 0.33105376033536 0.334052461706571 0.40925315665103 0.338171292002091 0.363389102104867 0.369421719533456 0.189403430496363 0.335594597880555 0.240957462250201 0.280672381352954 0.251563655419066 0.248660223419977 0.31530325742962 0 0.256631672287968 0.283211757844689 0.286659514047137 0.304634222691571 0.296687871801013 0.346748964285149 0.381094933739599 0.378682544973088 0.297591116302645 0.231668717272193 0.492960544846453 0.367934871057859 0.433832512765387 0.358944717474211 0.416552412342027 0.419899373679053 0.450514220282548 0.370155014718968 0.269596692959564 0.293348132603108 0.252176769677235 0.278107550221329 0.300287859777375 0.369168766927987 0.342312321766375 0.297465876028691 0.360341373271329 0.327579005414883 0.380161203404822 0.387530762721695 0.384581933775394 0.386462639452678 0.358707937017247 0.360558466634722 0.376248939032255 0.417041183927148 0.301192532046588 0.301005019539915 0.348940707931622 0.362732318602051 0.320222114369572 0.373315003586527 0.410525437958467 0.494676574990302 0.429832550992912 0.254543997115704 0.352118767108298 0.29809032543655 0.241891008810236 0.233000553365811 0.251421465969201 0.244649084727932 0.3165659057371 0.258058248221286 0.292871725571707 0.384710987053222 0.345230787977617 0.324919549294447 0.35218978253906 0.349624354548545 0.36155806430437 0.378638696843577 0.328361653791672 0.234396974366915 0.386952801824919 0.355453495099223 0.353813023610366 0.357092359031946 0.20279866262393 0.377437129895568 0.302266225947066 0.229171961034989 0.275477267344187 0.317313473392292 0.298205036782823 0.25271676207463 0.266974391026073 0.327213324142138 0.275462318267182 0.407682403967152 0.265902433523646 0.291485278435454 0.240877979976915 0.31589008047583 0.377969088624964 0.409291501162827 0.346029096877236 0.415663137868461 0.362960246762413 0.375112080803869 0.339058367620955 0.321348854888155 0.362574944363285 0.371258621906609 0.262957503339381 0.292056893646165 0.298959823406943 0.390149304607996 0.293469296126841 0.326585413086421 0.324771883754866 0.377587444301697 0.298016932017684 0.347854383325797 0.252809455146852
"devipurana" 0.262824585091723 0.376840003965356 0.406693249423263 0.383618668052196 0.368350168215491 0.415674375478594 0.347799479398065 0.356605660399742 0.353207701178765 0.370274391512387 0.425878044000301 0.368709779526964 0.377631025010981 0.386294925321053 0.238814654117018 0.335807266300253 0.280791301779439 0.27279748230418 0.263812800472722 0.292159706708759 0.330559012632445 0.256631672287968 0 0.264797005603942 0.297535686949782 0.356478310172025 0.327913723241946 0.380539083365088 0.388309148947975 0.379347670435701 0.325410892824252 0.243965701224153 0.493677274684289 0.392405690529565 0.43804678368618 0.376777438057616 0.428228719703286 0.418621202619342 0.469053288793261 0.390552834091763 0.291948391434974 0.304117958314136 0.273923329570835 0.276648580633543 0.35458363591843 0.381399955749469 0.380707004750491 0.341192446257489 0.383964247393686 0.368431140490271 0.393219310175282 0.411892157670339 0.395741070290637 0.397152640674936 0.382674961172451 0.383808415323776 0.40457029492922 0.437120076536619 0.34563450238998 0.333690983231334 0.358691335727231 0.359893070572188 0.367111723777307 0.414942600118589 0.436977549946338 0.527076158440758 0.447062322035826 0.278144176376991 0.360482284775058 0.346927284073758 0.276663858821266 0.226357815141475 0.243074168084454 0.29710354355605 0.322644702396547 0.316894649729912 0.34345705436925 0.382117879900866 0.38615039820186 0.37532671730686 0.384055215444755 0.376981440057625 0.385050369584864 0.396227117104618 0.37015102017702 0.262290978084499 0.337223974512689 0.320430661787302 0.398251982516826 0.376114106798908 0.302509013102988 0.400687743246866 0.349041841451044 0.260771034566972 0.286726284117775 0.330964305599636 0.326451668107905 0.258164752736492 0.283269403533143 0.335608049701448 0.318981845056383 0.414029659153194 0.285085645804231 0.327504955225129 0.279073019720164 0.305128399054569 0.366790969684215 0.39506770255481 0.347406783959265 0.380716970639116 0.339474675539071 0.363185625390252 0.321137661701487 0.330782184486799 0.35286328327319 0.379384432302964 0.283756747249925 0.279589804643159 0.318426688643949 0.393140133968909 0.335838766590246 0.344486551549574 0.339531116920752 0.408614641899821 0.347905743768721 0.366616258067919 0.302501479476018
"garudapurana_khanda-1_u" 0.20299448681158 0.35789326457846 0.386712987697297 0.372640626124672 0.358553467702929 0.40357260662862 0.332762508653635 0.343717031183921 0.336238018326623 0.348788589733514 0.426045798836924 0.354634301074449 0.368655543006477 0.360953459454157 0.232280828058689 0.325455905528881 0.273337097465608 0.278569532401472 0.259062147905198 0.301241744487785 0.331478826028156 0.283211757844689 0.264797005603942 0 0.255309750832059 0.335209536166642 0.354333509003939 0.389198415838226 0.40112417639199 0.391737337932202 0.338685982153556 0.269512215628393 0.492169971736634 0.395895553672817 0.455526622762864 0.378796230447822 0.433410075687704 0.421619076047203 0.472069302104699 0.402480362907447 0.294566156245937 0.283003541736157 0.261026664430256 0.268293139042233 0.360279816398756 0.39489832630551 0.387335084828488 0.352291342482095 0.395579693229389 0.371649818038097 0.4022506649982 0.4268667532272 0.398606999312285 0.400870242058018 0.395696477437879 0.39179134583935 0.408161019975485 0.444360791497257 0.347830134132307 0.342801140478497 0.383183466981154 0.368729372762449 0.376436679040309 0.430498253222329 0.435061724314714 0.530687133194854 0.467231079646963 0.275957593240591 0.391186116915046 0.349267672356851 0.280935308649451 0.233509775708955 0.201543245793059 0.310489312553568 0.345443490415904 0.312474788556661 0.322058560465088 0.365675507624524 0.393579738356854 0.378158450824152 0.391654256700319 0.385705100832053 0.396620274559251 0.396048584252413 0.379854225278997 0.264820816677342 0.342656954612088 0.322330673713253 0.383694780737104 0.39511384940897 0.325119730193712 0.399253983158446 0.355919218820511 0.26628447987968 0.268577410581116 0.311270551431285 0.317963214949603 0.259041075664535 0.308421795280812 0.342629651492376 0.3142059330238 0.412476228274718 0.30247238965565 0.334267236792616 0.281164730414653 0.311771666302536 0.370895327634842 0.395465542549572 0.34691189508406 0.395180156707463 0.339629274293192 0.373690422357974 0.326305909554933 0.345871726106056 0.358419212384342 0.36779490246941 0.290511825434123 0.285748014513571 0.322154072713675 0.401096532728293 0.327392648462606 0.326827399532772 0.312507127353264 0.381134252103088 0.334390808880413 0.360565058575377 0.277690715148862
"garudapurana_khanda-2_u" 0.288531126721583 0.367635688698286 0.401907934957054 0.379624703048799 0.368681804003675 0.416439701572073 0.347012543526542 0.346980441669442 0.361309294660176 0.36572313456665 0.411389982141924 0.368616507307622 0.36270777512358 0.377377741132635 0.24086103466421 0.33830635375421 0.292739558186964 0.32390393157812 0.293125144531949 0.296073373352126 0.353943787509789 0.286659514047137 0.297535686949782 0.255309750832059 0 0.337508576875088 0.356664349125187 0.39210671063333 0.415943222671662 0.420354132728703 0.346635244428094 0.294934961268444 0.490209606927909 0.405699127811792 0.454188528538366 0.399186019056056 0.424904574834341 0.416245475025938 0.473189682915083 0.41101954282368 0.331037215865885 0.295489944465358 0.303160933334799 0.317434978244121 0.355497596258124 0.413270681617635 0.381139750271911 0.342332703265647 0.386104453021497 0.35617913527531 0.4130759470828 0.418478859009774 0.411926164391928 0.41221963023217 0.402887832648583 0.38841246307993 0.395401555112262 0.425143675788311 0.323827083027105 0.324019857257155 0.343749822301028 0.318988537922164 0.353887349401458 0.41900078711255 0.441397609803766 0.519248205318428 0.458387983562383 0.266561460028968 0.402900185710455 0.341060114489912 0.27718275300469 0.254272390110693 0.260539703584077 0.281842104899707 0.352646144334805 0.324695365241255 0.338750836339513 0.392434872985262 0.406125437862882 0.377932935456445 0.399781085993355 0.398430270313739 0.416029634508295 0.421781807788234 0.38535279830913 0.287486099831882 0.369542577955914 0.32767576228563 0.402068355138762 0.387401836755955 0.327417503610301 0.428096622713004 0.371943981180155 0.261274430836441 0.306402674938425 0.328252572935513 0.345396459988646 0.271507457962697 0.305713732626515 0.36235345410063 0.341091722145207 0.408321253610349 0.315498505391634 0.336971529279706 0.307596901490738 0.319798138563869 0.370747706373453 0.381413204346877 0.363683615778546 0.42253682808688 0.345226448422206 0.392687784679868 0.300922390410257 0.359368429392754 0.356459222749822 0.358087212598825 0.282539762663834 0.2982502183941 0.307831631852643 0.410941593264888 0.333906148430378 0.330284500372286 0.304982421229456 0.399316323941838 0.348000041577555 0.348484133859327 0.286771826078509
"garudapurana_khanda-3_u" 0.364906231806207 0.416332392522955 0.435995675959314 0.425139136828769 0.421738506698111 0.451882372072012 0.391700044653858 0.396814560386192 0.396314858730709 0.409266691341521 0.454580860073957 0.4161159957932 0.417685859790217 0.422426585709861 0.31134774711169 0.37120833932275 0.332878432619374 0.351596016294033 0.330364246520142 0.351599061268184 0.366070690164206 0.304634222691571 0.356478310172025 0.335209536166642 0.337508576875088 0 0.382908055209938 0.400681159713375 0.439021875829486 0.447916170477812 0.388308425840256 0.3292420268678 0.508340002888626 0.423539799752498 0.453953077351683 0.417275358828231 0.436574048325249 0.439641777882472 0.471206445913944 0.42843952257956 0.348242194662681 0.351352595989595 0.328813436599912 0.340586607940631 0.399389849088461 0.430568391284317 0.423617400728636 0.396502011646893 0.434040335195926 0.408454710530317 0.445661108715443 0.460222582156689 0.448806051794887 0.451157722437266 0.436378832404765 0.430670541217004 0.447699711874696 0.451734472691354 0.38166425368569 0.385237819524057 0.408393629701605 0.404440798308236 0.401633330028325 0.455904267480796 0.46645712622361 0.542641111001604 0.485795853874473 0.353637219196704 0.425406253719534 0.400037462169685 0.353823679036116 0.329110903647113 0.327972716546843 0.340363001870501 0.38298786796613 0.359450080656384 0.393202999488987 0.410604650495101 0.43774669043121 0.421330014836748 0.433057969319784 0.425929279730067 0.435331065800416 0.445460231243205 0.413076598132076 0.327468756639705 0.430053860118219 0.41197132048707 0.45303822374822 0.417198176822817 0.325971506625926 0.455846189436915 0.366005116017365 0.322870696575016 0.338423565421898 0.361097038659187 0.362402253866278 0.340983550889134 0.360467068460482 0.358410759274308 0.355666855095406 0.434888037456021 0.358665457990413 0.368289936016345 0.342152501971238 0.370503201668442 0.404909575469987 0.426266780019039 0.384142939330261 0.44821136335761 0.400488957829821 0.411942777202518 0.382679941218922 0.386612554982432 0.386368988025833 0.408947698718581 0.347258452279598 0.352677017500192 0.367676152626524 0.429961259583055 0.357714465571304 0.383151288800116 0.377566387106187 0.425044510055015 0.378061927922029 0.405917510560134 0.339791618894202
"harivamsa_appendix-29-30_mathura" 0.355040770712434 0.333615085234158 0.394982589887531 0.326738848610929 0.30996454230295 0.389299526992568 0.344230685816417 0.359239347409592 0.342477421151088 0.353314291315819 0.380994671196042 0.294066116266168 0.343859650153163 0.345012489460634 0.308610204216559 0.3716232983934 0.294018320030888 0.34456642012335 0.308446294808983 0.221625582475794 0.386160795821755 0.296687871801013 0.327913723241946 0.354333509003939 0.356664349125187 0.382908055209938 0 0.294862733417885 0.337574808239483 0.304374744392636 0.20623821875293 0.30173752051934 0.51899619922232 0.306038642724487 0.390274156365244 0.303530045209217 0.384846904069198 0.380703610757896 0.422347479543804 0.308791597146877 0.318806076488738 0.348509913678642 0.302239271341311 0.354649637067252 0.235287108907126 0.277001174545552 0.267520127518003 0.222204698768679 0.282202835434167 0.260613686252821 0.297327956947767 0.335286570015501 0.296998520706775 0.300924442004311 0.272723662990912 0.285698237178918 0.317927040021725 0.386044410511964 0.264750438813725 0.246781863141099 0.326486313309386 0.338296390058202 0.262881235771753 0.314839522995613 0.326955410245831 0.449403681387461 0.378853034212599 0.31765033088756 0.379930713207949 0.328996694363127 0.301083801808753 0.272039872512547 0.332032675759241 0.333664952849055 0.347461945828425 0.266538010584631 0.358097160178214 0.43231711946221 0.28434396975652 0.275487915197543 0.295659666540046 0.273522172664714 0.295266750453216 0.304694848077696 0.268224637164957 0.32262427165136 0.427990993206275 0.375002408929332 0.427567112341133 0.409764009969319 0.316489647597918 0.444445025625273 0.343794490230644 0.303543657513704 0.351498609516364 0.404411779031977 0.331769561295836 0.328432462068884 0.289132492376874 0.39580880247966 0.315436365686575 0.43622330857496 0.263126941370717 0.347234262640695 0.275126921216187 0.344609966810121 0.398110968349052 0.447081935777633 0.379916929944757 0.433295727901674 0.390750387844284 0.394595348384076 0.380024983529488 0.338350450761229 0.400352032310767 0.428873861911693 0.334571229005708 0.328071592347538 0.267121485604546 0.366301739804868 0.330540700079109 0.370448782184932 0.363651283138868 0.404854643422397 0.317333924534279 0.40021356150625 0.30053217349624
"harivamsa_appendix-31" 0.396458338625377 0.362234557603614 0.400560070529092 0.357311349079647 0.341996423250422 0.416358747645146 0.367366942038202 0.38082038874681 0.367973099150496 0.374543900556529 0.418003545372382 0.321598517299465 0.358867945585023 0.362737048567952 0.358939005850541 0.415121831245517 0.345450727959027 0.385716452425587 0.363695965359488 0.277307094457699 0.417349151271499 0.346748964285149 0.380539083365088 0.389198415838226 0.39210671063333 0.400681159713375 0.294862733417885 0 0.370302956383409 0.344874787694699 0.27936218924545 0.347787616724058 0.523272274664043 0.354120215114554 0.43857255971964 0.360869012503532 0.419437702774957 0.425641595956247 0.449382640915858 0.357252182154288 0.350697773133922 0.370618724065263 0.341084921552578 0.38163543307118 0.292460616228334 0.314517955252857 0.315601061246408 0.282204552315711 0.322699167540603 0.307665164060505 0.328041189405566 0.378366610807839 0.32035945139615 0.327933965837646 0.308982637422776 0.324697270833547 0.363127928579667 0.409189753116711 0.307343317654496 0.31351615735909 0.378302582566973 0.384359827675409 0.299846329189637 0.352460518735447 0.360130411588851 0.47671447744441 0.415369710926922 0.368746616585507 0.415130104314699 0.365574507855331 0.35377174277779 0.338583326000595 0.375269041542789 0.381596944446113 0.392003853937442 0.28116212722191 0.395914948716639 0.449265219476041 0.325584110270863 0.336724984077072 0.33562858811498 0.326925549759641 0.350287981867255 0.32522452199495 0.295562213030376 0.348789515328213 0.44098202053906 0.41369243626432 0.462957284932532 0.441311159360597 0.352865325595849 0.47284882205136 0.353956149709739 0.357708680993441 0.380977931469475 0.426942192804584 0.345692241101929 0.372473968005536 0.336187406864206 0.412546722260256 0.345775402125182 0.436515573781858 0.299580134104263 0.36861816216995 0.320345859175064 0.396738025165765 0.440313808212256 0.460360012352655 0.400008885720677 0.474539856359781 0.430506593727863 0.440273345578019 0.432801277452935 0.378792328088959 0.429936390521028 0.450931204552201 0.368226736051271 0.380538639495589 0.302283248107305 0.386026715831123 0.360526195310222 0.394794333226948 0.403640309762501 0.434211066680231 0.341805220294576 0.416244681971014 0.339315711482537
"harivamsa_appendix-41" 0.406321327085725 0.383550736223228 0.405049125499961 0.350809729312111 0.350423559942281 0.408407382030546 0.372520369897661 0.396708971937226 0.367616708007976 0.401940203283804 0.442760330576773 0.360301435437677 0.366524707202051 0.355684523943738 0.377228130424927 0.353144955154532 0.341975530817561 0.37343501214468 0.333600027037516 0.308706486881056 0.426169680137535 0.381094933739599 0.388309148947975 0.40112417639199 0.415943222671662 0.439021875829486 0.337574808239483 0.370302956383409 0 0.306029139630635 0.29516961528202 0.381413164351023 0.531062584326059 0.352459094243636 0.397152955936528 0.363771883984234 0.36682614458932 0.356063876595514 0.407531834966261 0.36243296681178 0.343581403046017 0.381889049746801 0.326353057167513 0.390306007298557 0.326059597018827 0.337001938708351 0.34326023744007 0.312439037536468 0.367416474595894 0.342358757610264 0.341348619575953 0.377007824325852 0.365402268016362 0.367068352730449 0.349012742565094 0.362885299456718 0.373997326387436 0.404484544041623 0.305366491228778 0.300724177648282 0.364100412615047 0.369132382185405 0.323034531209568 0.381511497105541 0.412940442204592 0.501697838735818 0.419325294859768 0.377720000911549 0.440481164205441 0.387518707044976 0.365412726632097 0.333757613442573 0.380723714580021 0.411590811535006 0.427250431161346 0.349907953019004 0.414888430671987 0.444237666620927 0.361844473824552 0.372465570090833 0.37475089393942 0.358541034984917 0.376606977158543 0.366361759712196 0.351420267754517 0.363448259999743 0.432492306804117 0.383118302253436 0.450180201537385 0.457336731791607 0.402342719407703 0.443488467017641 0.40883531756392 0.355175659091151 0.380139904798512 0.430288752896421 0.367039128383674 0.390404602405284 0.352859885621908 0.420479028911968 0.361484355467332 0.424247887682245 0.331612254306302 0.390580338581934 0.37515106384069 0.348481199695192 0.37889331489497 0.452536098229852 0.375121968983905 0.43318478497689 0.377380646055855 0.400433881367619 0.406023138393464 0.386987560096133 0.369034385205847 0.470639794778417 0.399379864566274 0.337668988072699 0.338529763554663 0.424630926788533 0.359180992013166 0.379925729355631 0.394787001222745 0.437374211254451 0.406069293524791 0.407211981957437 0.354314402290082
"harivamsa_appendix-42_pradurbhava" 0.397523333763805 0.384087187563732 0.423303619407707 0.369318373666315 0.357948969856316 0.414685815438242 0.374012746279027 0.396942513205413 0.356460468961765 0.391449009392069 0.437843337673471 0.347365088716024 0.387290970484443 0.375811808210836 0.379704332068662 0.367893140289797 0.334945206868986 0.340672148315829 0.322143534559396 0.307298302010154 0.433095900447917 0.378682544973088 0.379347670435701 0.391737337932202 0.420354132728703 0.447916170477812 0.304374744392636 0.344874787694699 0.306029139630635 0 0.261413355929302 0.383466742454616 0.545789732111655 0.347770811838319 0.39925825728391 0.351577696074953 0.406562490605222 0.396664096186871 0.424366930422132 0.355371800089171 0.351340026670349 0.398366468253895 0.323252951006027 0.390585591630419 0.322645248141044 0.280687928520175 0.330172208083754 0.306874064674869 0.338241597767546 0.33720037699593 0.290714582994688 0.36688232523483 0.307122460954107 0.313226489160197 0.298097059581107 0.330779195837652 0.363742684216308 0.432366104316716 0.340062502170516 0.32099300232401 0.391499134769378 0.391534853534436 0.341801764033188 0.376842087117586 0.381252203269185 0.495429922799761 0.416052639804517 0.382995272188768 0.400010661326244 0.393882480629496 0.368534032399893 0.311903479495623 0.382723413489691 0.420964341536365 0.410382330913921 0.351156107766773 0.402072458809968 0.451930733707593 0.340289107879733 0.36923361794066 0.351709096350271 0.323356392592758 0.337463119374168 0.301433477412393 0.330659756742928 0.35916812773673 0.442522726445676 0.3927082218993 0.43443507548968 0.466780527668253 0.382070586233393 0.439596924459984 0.389223083351265 0.357135509175147 0.386595419611491 0.444604154296801 0.356510787200934 0.389132770819582 0.355920391671569 0.432064515406572 0.355427240441769 0.459625485371635 0.285750722624527 0.397053750646682 0.339837962768772 0.350495679730021 0.40239232857726 0.480863317523731 0.383053812730593 0.397642366431456 0.381641319828393 0.384493453182256 0.419830163169153 0.371990564706659 0.389656106602436 0.474824576628117 0.397332097245311 0.337938552560118 0.357528843185466 0.419644219689982 0.356559317096491 0.383829822018062 0.403731015258826 0.429906305456855 0.386923779469274 0.425237733943756 0.350158930103158
"harivamsa" 0.345878783150664 0.298520514342617 0.372801153668241 0.296473235215902 0.27895714775516 0.360279419825056 0.315377264116724 0.33595281685798 0.316594700894825 0.308415105988234 0.366370144112821 0.249651700232525 0.320395662886591 0.304066181250877 0.297752439211761 0.327082016711238 0.236652561669527 0.320690632810566 0.259368182028159 0.190255809069538 0.392822903978295 0.297591116302645 0.325410892824252 0.338685982153556 0.346635244428094 0.388308425840256 0.20623821875293 0.27936218924545 0.29516961528202 0.261413355929302 0 0.304587718540568 0.511411061241877 0.246970950576605 0.361798934554761 0.269874133340204 0.361393506171383 0.345515174104728 0.39446871060538 0.262099896794363 0.300524518524965 0.344546923561785 0.280609217425226 0.353243061531172 0.191368003572643 0.234617934276194 0.225623740038991 0.184242738862259 0.24681799781096 0.223032766808194 0.266374408610459 0.310980263839604 0.265644822706433 0.276846211778341 0.240579810206915 0.252724676249072 0.290048031774095 0.384304720699677 0.235207376457081 0.215879693183737 0.329974903073932 0.323672255507603 0.234652462517009 0.287909384063991 0.303726301089517 0.441190109617007 0.36082626336743 0.28643589234157 0.372515068215114 0.299441568600787 0.267423151155874 0.23632234810044 0.326616307979185 0.332232922697343 0.355108357967071 0.244464645626554 0.353197458282846 0.421485964055625 0.255067009467885 0.256927970598714 0.26831616797186 0.246011520868798 0.270075684038682 0.263756128670041 0.224896404027966 0.309180161129901 0.414672709892019 0.359917750610724 0.411493377575777 0.411544060076851 0.327816953842447 0.434946981193068 0.344970158434092 0.277475619939029 0.341149354762079 0.407861178657441 0.326342978917081 0.319719947736827 0.27747880868483 0.397940064746063 0.3065179056808 0.426154241524793 0.242229133459871 0.336645158696601 0.272776868851761 0.293774854337391 0.372348402255322 0.440446582874813 0.339056844712449 0.413576171038177 0.350719222571625 0.354240392278654 0.35876137107882 0.28363831481021 0.367453248297597 0.429738197883186 0.328146056274241 0.280053935144304 0.256721135483027 0.3695810205489 0.305145073198324 0.33616077776691 0.345266979462034 0.371586278684703 0.292386185527512 0.377807689120804 0.259423468474416
"kalikapurana" 0.274654555145329 0.351188607734962 0.380809496463489 0.356040125432447 0.344008018321479 0.406035073138093 0.330319386938556 0.33475760139617 0.325113527598182 0.328471889077035 0.408384718377377 0.341489543047826 0.36711830857146 0.358986066677503 0.226866671254958 0.323347712432984 0.252292051672512 0.273207962151576 0.249124014014891 0.255176436101067 0.312326221751646 0.231668717272193 0.243965701224153 0.269512215628393 0.294934961268444 0.3292420268678 0.30173752051934 0.347787616724058 0.381413164351023 0.383466742454616 0.304587718540568 0 0.493643034693471 0.358100855897893 0.41746105597188 0.346988252804512 0.396092442652057 0.394677673262347 0.434140213984018 0.36197601321266 0.261835192380813 0.291206323115355 0.260176434977118 0.276109571754108 0.319303045838851 0.370744047450942 0.361658881686245 0.312876414347317 0.370166272301926 0.348379861093548 0.384970503681135 0.397802248803658 0.38101246389763 0.385609594339497 0.362626466697589 0.363946638274422 0.394513394615366 0.424885562408152 0.327557009236271 0.321559562030189 0.35736303620816 0.356380615162574 0.341656144248685 0.395355236766291 0.412446996918286 0.506105402489269 0.439884895875628 0.242820657801499 0.341149405170756 0.299641174138094 0.234383611745129 0.213732708883881 0.239504350275989 0.283988705872954 0.305050881533864 0.274872883905756 0.305439844684737 0.376449237188826 0.352120682290464 0.341783775154968 0.35757229323874 0.355125386272228 0.366245464262238 0.379329744723019 0.329641128327335 0.256679314738602 0.358711609905957 0.347991267479262 0.380071058936612 0.362533390168161 0.25709851261197 0.398423819868411 0.308145423383309 0.246540034339761 0.269166440059003 0.327124621606626 0.295016615335094 0.24255172213699 0.266826080853936 0.341627363749695 0.28555928530809 0.396323949717777 0.260749746421462 0.29934403075539 0.233421045977357 0.295756583970015 0.355490604271526 0.394213552967174 0.333039209662901 0.394793331972114 0.338839060433617 0.360869990641496 0.321492714604123 0.313572796294118 0.351029341468027 0.362288085416109 0.268511731863621 0.272378255931284 0.300559629220764 0.383184091449584 0.291249796420003 0.319828340412312 0.318763316849784 0.377680388113308 0.307124427820128 0.358936001905054 0.258281617805981
"karatoyamahatmya_pu" 0.494973335176401 0.535166544015089 0.541668886702723 0.527451587603949 0.518516601644197 0.541724046734123 0.528475354761855 0.531852238604158 0.529721466870966 0.537425013426665 0.550074122461111 0.525665253316856 0.525225228917069 0.516735786119257 0.492918441767449 0.539334780361647 0.514330779838497 0.51085718990956 0.512140898422003 0.481774745122359 0.51465986939786 0.492960544846453 0.493677274684289 0.492169971736634 0.490209606927909 0.508340002888626 0.51899619922232 0.523272274664043 0.531062584326059 0.545789732111655 0.511411061241877 0.493643034693471 0 0.539146382669093 0.564467146351027 0.529475031151549 0.553665612195293 0.552345423521913 0.565385455844853 0.5424778037844 0.496553198318265 0.489965553373329 0.49907205823849 0.501555224067654 0.520580434992043 0.539389091685611 0.53490094203742 0.51347697839218 0.537649815495789 0.52045730161104 0.544366805216856 0.554191468193274 0.548988923368499 0.543938685798001 0.537938094532704 0.539191729277413 0.538208303336465 0.541439366876178 0.504765009143345 0.504248193629343 0.511076077490865 0.501872879681981 0.519576595517683 0.5468018216991 0.558972005353338 0.602556949882875 0.554404997716911 0.513950608495079 0.546002021925221 0.529572707082801 0.51023190446325 0.491074740446084 0.485727684875976 0.498517278526954 0.511642589010947 0.49004308787652 0.517224080097562 0.546101449361721 0.536023085572569 0.523699546001211 0.542815892858846 0.535697428605104 0.545849952073029 0.548520265347696 0.530877673354563 0.489566619784646 0.521181475809867 0.503334111669718 0.574994228913018 0.511546749402906 0.51720723569588 0.576129706150775 0.522468109282573 0.494483540562581 0.507637124727556 0.50813342781519 0.518568706757329 0.476335538947669 0.469374341371868 0.517180484777399 0.525720409291334 0.537363174422091 0.513961621434743 0.494292016153749 0.501526702034248 0.53389918265484 0.5539547802448 0.549458316258001 0.539928731462957 0.559326253904076 0.547949803123684 0.561218407464585 0.522718792692102 0.541107569054298 0.543187966509866 0.527800603371452 0.478238801318453 0.520022209900988 0.487417793002604 0.536386772922372 0.520130697244604 0.516023223726581 0.523547539987137 0.555422011691437 0.526879645205751 0.526912110647487 0.505768816700002
"kirfel_ppl_textgruppe_I_col1" 0.398689278788336 0.377639501574715 0.422403746351699 0.364013221187014 0.345765059293308 0.405384193986712 0.366562675817466 0.39382222383006 0.374832625701212 0.337655822859008 0.429756752613532 0.352030103503662 0.384930106283688 0.35451530749402 0.362362885564352 0.334207967363846 0.282184012883586 0.383159805547059 0.309328052886628 0.275205757777983 0.42728784493459 0.367934871057859 0.392405690529565 0.395895553672817 0.405699127811792 0.423539799752498 0.306038642724487 0.354120215114554 0.352459094243636 0.347770811838319 0.246970950576605 0.358100855897893 0.539146382669093 0 0.294956780436583 0.218395486427125 0.343893637019074 0.310378972201544 0.347672887313665 0.202618848777753 0.350809544087632 0.397736751422776 0.329453623103855 0.396731574720494 0.264203484040064 0.331970087802439 0.309378791170644 0.279438406158327 0.326172661822726 0.301618085859009 0.340082736655438 0.347125467851427 0.348485805729463 0.351726075572247 0.308797525789296 0.333156680782178 0.370148379714759 0.412235064195117 0.306303474138955 0.28434525796007 0.382992176127777 0.368910132893079 0.298595505550682 0.332503793429634 0.374881336403247 0.471995852110514 0.391194009165238 0.341049828903408 0.428509402223836 0.340378970928277 0.329374894803612 0.31140702008404 0.392508924144676 0.396234439122073 0.401225009829981 0.314737335849428 0.421030319636101 0.46095895061929 0.305952430643702 0.336558320434871 0.367265980157739 0.345492440472689 0.370293508441438 0.367211570428418 0.306975515554959 0.369087862506581 0.463292163709273 0.419079437050586 0.46179486267419 0.450066441337793 0.381259885455597 0.478453182190154 0.392087751471677 0.339005316176546 0.391591963905201 0.448401639021496 0.382248808424285 0.389851467538262 0.338110394441466 0.428521217569952 0.359205180989695 0.453970800632213 0.325427454597011 0.369316899202326 0.345612594819027 0.297177084367969 0.381745792191026 0.460379371980664 0.352674210713264 0.442493908234337 0.374028405811459 0.335869560894692 0.376329820993374 0.252765341382581 0.389627713226684 0.465446763842453 0.387373811269981 0.301016187154981 0.334938684245513 0.414668800904043 0.336940228709185 0.37559202381847 0.379667951089021 0.383862859329624 0.386906532569643 0.421394851211766 0.326804882333707
"kirfel_ppl_textgruppe_Ia_col1" 0.450942637273719 0.459634795438619 0.488031839537135 0.437363386878818 0.432788329244651 0.471567764185254 0.438062080839391 0.457173615784908 0.440909939018006 0.443239682203512 0.475022907988775 0.439583185926585 0.451911655833978 0.419912221329385 0.436558315569518 0.36165743192926 0.376154758804343 0.421277937736841 0.371746203962842 0.365437739183785 0.470545876684791 0.433832512765387 0.43804678368618 0.455526622762864 0.454188528538366 0.453953077351683 0.390274156365244 0.43857255971964 0.397152955936528 0.39925825728391 0.361798934554761 0.41746105597188 0.564467146351027 0.294956780436583 0 0.334750461515454 0.367916112554284 0.313891085988926 0.372320489040964 0.317087447194175 0.409225868938193 0.451627993892858 0.387405545515343 0.450745344781891 0.379749285107599 0.411673326775262 0.410132614947712 0.386766518010731 0.422323123266177 0.402988265326944 0.427217634063613 0.428790432267963 0.438151707332568 0.439616883472621 0.408578376960928 0.422270300475047 0.444408773075966 0.460953719736643 0.387316876298403 0.372034709682411 0.426568850495211 0.426504693115854 0.395608881425014 0.424850542529249 0.452734048574281 0.538668829255041 0.464452125972304 0.410175179648529 0.463307651140354 0.426299456820346 0.404015967440658 0.38327591895049 0.44820152655237 0.461851415017137 0.453497270001915 0.407445833219911 0.491168162763512 0.502472294242296 0.414340424653023 0.428410978266977 0.447616657669505 0.428077679050167 0.452759889744867 0.449395186258289 0.407950431446331 0.42595345953437 0.511204287788933 0.468734427984173 0.514690016922727 0.486387119024062 0.442546641908465 0.512794723201313 0.456903067103314 0.405300892653313 0.440459179970563 0.483431841123193 0.441859687390174 0.453133612836775 0.404389491992685 0.469413184672433 0.421073637869319 0.478194877896515 0.392281743140748 0.436686566792768 0.419320475954137 0.345461884284531 0.394270804436451 0.489149594459413 0.400882217256662 0.468317666127602 0.395392774196825 0.322546640698581 0.431347355144788 0.380936704083506 0.400102747015924 0.509011766697152 0.453181179554285 0.355760012113587 0.406200728769191 0.469523588557268 0.395685210857919 0.418824818485137 0.42956267769496 0.458217747004338 0.454630415358115 0.470386912187162 0.400169091860599
"kirfel_ppl_textgruppe_II_col1" 0.379040252689476 0.378059305002191 0.416655487891834 0.358503209244071 0.343912638758966 0.393568374738022 0.362821237577628 0.393777021861796 0.368485878473533 0.344764531751246 0.416865669005612 0.343914626631131 0.383163821808517 0.353818847328584 0.352630304808692 0.365669439963958 0.30259695750921 0.373145800381021 0.320954386467285 0.27615323577175 0.416060529968997 0.358944717474211 0.376777438057616 0.378796230447822 0.399186019056056 0.417275358828231 0.303530045209217 0.360869012503532 0.363771883984234 0.351577696074953 0.269874133340204 0.346988252804512 0.529475031151549 0.218395486427125 0.334750461515454 0 0.360455085965724 0.342214475699914 0.353912199684948 0.251565936611613 0.353766705772922 0.395292112001665 0.333631126360196 0.391153348722431 0.286070309301084 0.343136961520028 0.332376147845371 0.298341005027771 0.349368668929951 0.324189373427573 0.35722908111952 0.361375455950024 0.356418803199942 0.358535564872138 0.326684495407487 0.342080121421005 0.376042419158053 0.409616596115695 0.31806339565131 0.304737319305619 0.38031360437942 0.371811646966898 0.327680823724465 0.354857543232201 0.384985166512861 0.484921899306977 0.420954893995394 0.344502166136544 0.423999263400691 0.353311481497213 0.331475805605226 0.296686024084381 0.374411404612847 0.393349546128978 0.385846633922527 0.309584345650581 0.403688708888766 0.452592566010835 0.32764146656032 0.343030530104311 0.370571734948952 0.355579447529929 0.369030397799067 0.372974876255471 0.321696911971492 0.362701618862802 0.448366536600802 0.406209563535365 0.446906038850909 0.442244448915034 0.379607676892672 0.467383375231476 0.380789530509888 0.34432540366567 0.384273007658073 0.439906532252679 0.37525825425426 0.377917029526307 0.328332458024439 0.431270812728438 0.363203524094568 0.458766262549246 0.32473441617323 0.381270215566118 0.334449028323766 0.33350013733443 0.405694950507134 0.462219385169893 0.37749413796439 0.442840647892132 0.393660244936025 0.367731928278773 0.394646433083743 0.308721640620585 0.407390003241528 0.460494345979083 0.381506764742063 0.327619320998765 0.32801132490377 0.407796046664696 0.349887428150189 0.384542141567257 0.38294882092917 0.372561458030907 0.376359860511204 0.429396592288569 0.324131154187617
"kirfel_ppl_textgruppe_IIA_col1" 0.425180497703813 0.432644770243342 0.440815022214557 0.395673158976382 0.396276043293745 0.445735668733892 0.414460277044067 0.432051118019857 0.427457049478693 0.428607647383231 0.459696020438817 0.413799749913811 0.410485002579824 0.385242621180599 0.409464689397854 0.357642130082093 0.373366215053093 0.414651158793364 0.363120999055887 0.339598527162498 0.437937882992354 0.416552412342027 0.428228719703286 0.433410075687704 0.424904574834341 0.436574048325249 0.384846904069198 0.419437702774957 0.36682614458932 0.406562490605222 0.361393506171383 0.396092442652057 0.553665612195293 0.343893637019074 0.367916112554284 0.360455085965724 0 0.27149026943246 0.352227095667812 0.353288711716875 0.37545706855346 0.411590839615199 0.360317312853209 0.417983943174164 0.37001851169012 0.41042948510997 0.402935102265666 0.376566938826751 0.419826024215235 0.397626604984568 0.410122276273506 0.403168619707639 0.425862740662798 0.425083801132857 0.403892708015683 0.40422426137705 0.438915241930218 0.422764796781029 0.355985412793977 0.358780949489884 0.396799012880418 0.393361047876855 0.367815858137083 0.423154943746141 0.445783951029206 0.525375190446758 0.459336920180268 0.379393756061818 0.459837930662117 0.399240909449859 0.375758613635604 0.37230195683524 0.410416190246424 0.443249077116326 0.447011015100954 0.385961834714714 0.457215777646376 0.464129499918909 0.414169187235999 0.420074590906722 0.44049544316346 0.422622198165064 0.448224396048537 0.440515580835265 0.399615579721391 0.40630458050925 0.484534050467053 0.435616834380368 0.493814906352542 0.470806219514342 0.432247428930883 0.493557285742287 0.437924824126292 0.390897868518969 0.406181378822971 0.446835921571824 0.41483823366341 0.429959903819581 0.387786450173754 0.438582682947311 0.408379335429155 0.428768430964934 0.388950430355997 0.414050412198527 0.411610966783805 0.364666236527023 0.359348983300981 0.460567136622742 0.38588973625811 0.478679960998995 0.395428060416974 0.409877571176752 0.421653510309181 0.411377977779555 0.383765680893551 0.481666022266882 0.430917767537811 0.36151740780218 0.364528938004151 0.448635403032684 0.325979455264133 0.381135229437564 0.390455961243299 0.444350355155388 0.433537389438636 0.411771734067244 0.3584533721008
"kirfel_ppl_textgruppe_IIB_col1" 0.417355322384972 0.422630677324542 0.44386981544402 0.387371027059586 0.390833755667429 0.43155129753508 0.408421046525397 0.423778516292562 0.420815404924842 0.41701179994172 0.443053125045968 0.407396256318728 0.39822380543838 0.383623349209796 0.405035402370666 0.288923834138142 0.355233330125845 0.392857357880357 0.332787260765801 0.33673246604323 0.431193858163693 0.419899373679053 0.418621202619342 0.421619076047203 0.416245475025938 0.439641777882472 0.380703610757896 0.425641595956247 0.356063876595514 0.396664096186871 0.345515174104728 0.394677673262347 0.552345423521913 0.310378972201544 0.313891085988926 0.342214475699914 0.27149026943246 0 0.366810723112714 0.327368739488112 0.376767395544566 0.405426657985924 0.353310433493215 0.419552724496257 0.358222529141272 0.39721163005553 0.390164968403822 0.360968618879241 0.405766199244602 0.382768044988913 0.405614784129972 0.393420488768843 0.419331880427685 0.421320999519599 0.394055532328588 0.39670171409035 0.426801531754545 0.415042202678851 0.339448616681049 0.339089016007563 0.37429791425071 0.381568061393135 0.354274758080553 0.409892501387825 0.437405177265535 0.521261386382145 0.453412759493525 0.376089316530301 0.460343698535971 0.40644530041105 0.374675554331509 0.356137902859965 0.406081153641398 0.436027912736919 0.444398579640828 0.38517635961512 0.457209772577255 0.459033976902315 0.405346228202618 0.404487464899132 0.430653636922534 0.407181054372927 0.431943485649087 0.43182292590663 0.392765746178718 0.406329193877093 0.467561919538432 0.415256382051763 0.486187497175902 0.472092881542495 0.434292491228338 0.485027192704342 0.441167239195494 0.370036645123106 0.39846968194247 0.444762443267226 0.419148864205423 0.415680003510055 0.380663086310774 0.446716838932966 0.396703560693357 0.418631523329244 0.380611827190655 0.413801951234901 0.412676139537345 0.306312434118969 0.280469677445922 0.437219294137913 0.355322698877741 0.448504933914091 0.34951410869985 0.362863770302796 0.388700137824462 0.383836955584394 0.343957258980257 0.481155884855061 0.424728717394932 0.317008170967533 0.365868690585093 0.460143602397033 0.354196168543773 0.386667773196118 0.396047365464376 0.444613444875725 0.442663676956326 0.420639045998306 0.366537324161418
"kirfel_ppl_textgruppe_III_col1" 0.47492526600094 0.4555115132276 0.472148428512094 0.429105625173851 0.433181603220617 0.458261591671899 0.448425384418789 0.465061778678113 0.442906688683794 0.446061287272896 0.486350743855747 0.441311283749302 0.441087796307065 0.41137731534354 0.452707587155345 0.416565941712747 0.413677786965217 0.450827066662149 0.412692037513968 0.3847390388984 0.471521780193019 0.450514220282548 0.469053288793261 0.472069302104699 0.473189682915083 0.471206445913944 0.422347479543804 0.449382640915858 0.407531834966261 0.424366930422132 0.39446871060538 0.434140213984018 0.565385455844853 0.347672887313665 0.372320489040964 0.353912199684948 0.352227095667812 0.366810723112714 0 0.373663327162469 0.422833364968969 0.464606905738637 0.412681289982044 0.464084270257485 0.403390713808365 0.439311649078465 0.433363530883368 0.408417144874085 0.443186253147945 0.422188355386781 0.436275176488084 0.449790586842755 0.448014111996046 0.448374780036629 0.426785932791184 0.438891386267441 0.465607325597004 0.458853496506351 0.402431643125248 0.397643811112935 0.44277699878939 0.440814744510936 0.407057289324745 0.443615300089252 0.472972369612166 0.542291195520574 0.477371198215153 0.421070331662251 0.479042483169517 0.428745516541525 0.413137532206544 0.409289512949864 0.461735942070444 0.483107041355829 0.476941209034523 0.416335826795766 0.490542692741993 0.508478303563539 0.436569219210028 0.448400085955609 0.469388648984583 0.453555704054653 0.468737924474096 0.468024424357548 0.424031849600882 0.441558250376609 0.516152000716458 0.482999627032661 0.514226050297896 0.50616508412248 0.462190751175811 0.514876946825045 0.454284553744126 0.429075086317673 0.456894268244558 0.497062068975106 0.44655876537392 0.471938951405669 0.428017829135337 0.477289734696111 0.441008751095304 0.485959518303986 0.421982174837247 0.451232222350923 0.445206655056583 0.410604953012575 0.439414998158765 0.508576701766792 0.423218263850037 0.493953236119157 0.448099976174168 0.435781513221697 0.467082307382924 0.423953859785481 0.437299268082059 0.521448017744903 0.469144421707848 0.409982147536955 0.416054787547082 0.476715876986893 0.40333855074062 0.423025641097466 0.423879391170807 0.451149062644165 0.466355056699648 0.460999053443666 0.403136349240073
"kirfel_ppl_ungrouped_col1" 0.406120298012953 0.384058296553579 0.426770662371737 0.371064143900151 0.36050430810549 0.41861903790381 0.372851128397008 0.395580048575638 0.373225654083045 0.345889900085681 0.434451905934012 0.354433369626342 0.392000668323595 0.362677149088254 0.369999695528298 0.364340325892331 0.300400382739168 0.394961165392037 0.330124070718717 0.285981564327576 0.429106546664221 0.370155014718968 0.390552834091763 0.402480362907447 0.41101954282368 0.42843952257956 0.308791597146877 0.357252182154288 0.36243296681178 0.355371800089171 0.262099896794363 0.36197601321266 0.5424778037844 0.202618848777753 0.317087447194175 0.251565936611613 0.353288711716875 0.327368739488112 0.373663327162469 0 0.360399417618446 0.401704098857135 0.33178066858846 0.400500081295577 0.271097283469847 0.334732573179049 0.313609180065069 0.285436824170354 0.33160592087247 0.305290488078143 0.346300163384158 0.365340608787575 0.348681214946884 0.350889940323307 0.317044476735226 0.336385919822164 0.375223615488872 0.421968053472339 0.312319301483097 0.297906940309127 0.387137217210974 0.378449593056326 0.309447867326233 0.343098259251516 0.379777459238651 0.467352646775447 0.405113147431856 0.353154020289424 0.428957644759575 0.354113428271994 0.337112538134445 0.316497261288474 0.399625252910206 0.401875465467004 0.41055564315209 0.319581407164508 0.427788641663199 0.47030888200425 0.32477784257329 0.345119106052741 0.372630168963787 0.353393733754507 0.381717516429577 0.372774216864421 0.314807506730512 0.372736710619265 0.461630636845695 0.426665842309617 0.468796839692169 0.445820141751589 0.386964890088746 0.481673500670362 0.396316558870892 0.350825446646551 0.402700812544552 0.453905247680962 0.376060302224003 0.397634656481409 0.340191488767687 0.434004847946017 0.356455516748647 0.462846623433163 0.324989584535066 0.369702214914711 0.345596677690586 0.330509292734834 0.400402063653262 0.46132025511946 0.36496457061279 0.465950289730819 0.392193496680002 0.370441066684662 0.395024738093039 0.264433163650854 0.410837447688919 0.46516346511378 0.389152333952682 0.327418942568381 0.338667308002961 0.419166784494401 0.354675156576005 0.39281729326876 0.383573290337651 0.390074441344628 0.381201376700956 0.427721825322125 0.335204049736361
"kurmapurana_khanda-1_u" 0.322322444358906 0.330190476529773 0.354400850383986 0.343180964699259 0.325318068271381 0.390158442958828 0.296435313966179 0.319116672430611 0.300066547280334 0.314089645134925 0.427287259931507 0.336448854151844 0.347424906898632 0.332664213284875 0.276222382658393 0.296465527093435 0.242094398912621 0.274629495368133 0.233024856047117 0.266506201267231 0.323297632994784 0.269596692959564 0.291948391434974 0.294566156245937 0.331037215865885 0.348242194662681 0.318806076488738 0.350697773133922 0.343581403046017 0.351340026670349 0.300524518524965 0.261835192380813 0.496553198318265 0.350809544087632 0.409225868938193 0.353766705772922 0.37545706855346 0.376767395544566 0.422833364968969 0.360399417618446 0 0.232151424596352 0.200207012114118 0.269728161857914 0.326376950877626 0.355628120336984 0.364789859538733 0.319409749407554 0.379830693589746 0.353630475815475 0.379184296493123 0.388178394281841 0.385858341630548 0.389399842075841 0.369308601821814 0.368224184152987 0.394361583880999 0.412513423901845 0.318945656433122 0.316999105541108 0.363921924284128 0.373342860441702 0.336871717745085 0.398277097671745 0.417217357770323 0.508426965121937 0.432702473593647 0.270261527726094 0.370535039806441 0.321414252260949 0.264004245149256 0.238212289465152 0.267605479828421 0.31162202761715 0.347229025433996 0.286373615826988 0.318472169523586 0.363611071424606 0.350194459852457 0.358784560075962 0.370928114464327 0.35673827993826 0.380808240978583 0.378180388422728 0.33373468662833 0.211360074418031 0.365139838792982 0.356580655851197 0.369763902787554 0.381237046670053 0.284620532327891 0.362569053910047 0.292538054788839 0.254353069623697 0.261337749699182 0.343446005976297 0.306444591187411 0.277420649469215 0.291958184833277 0.320385731886638 0.266715776262494 0.367734427106707 0.251716557318704 0.271964447241543 0.243342400338039 0.278001200847063 0.328166533587744 0.396564563647355 0.284841336301227 0.387040452169866 0.32794938840299 0.343226924829728 0.334539704600412 0.305200664615124 0.327092274444226 0.385372879856789 0.289585969415532 0.252439164562169 0.303756782885491 0.390744691087942 0.271674745805098 0.322560594900678 0.337496107989993 0.375841890231333 0.327416039611721 0.349798569561223 0.261974275433653
"kurmapurana_khanda-2_u" 0.306282093232497 0.352458853316513 0.373731837884646 0.357915406596347 0.354646041818572 0.399633370106472 0.327194174646712 0.331522092878832 0.34314200661842 0.354411110334022 0.426860888016968 0.364123349295921 0.346237435229574 0.357034180453013 0.269590049721508 0.342355490768642 0.292484096374556 0.326285314165544 0.293044635866004 0.285643861704423 0.333609913357573 0.293348132603108 0.304117958314136 0.283003541736157 0.295489944465358 0.351352595989595 0.348509913678642 0.370618724065263 0.381889049746801 0.398366468253895 0.344546923561785 0.291206323115355 0.489965553373329 0.397736751422776 0.451627993892858 0.395292112001665 0.411590839615199 0.405426657985924 0.464606905738637 0.401704098857135 0.232151424596352 0 0.258096709161668 0.279449245354262 0.349594843667296 0.395582432492178 0.38549301051926 0.342233941340403 0.391917261128078 0.361687683322736 0.402868138787585 0.4154471710622 0.405784824950317 0.409902873494786 0.396029593209829 0.382814211103139 0.408671543611659 0.407622986878284 0.310186278350679 0.31369740046555 0.341256926285755 0.331682469725665 0.344731159195367 0.419966730863565 0.435145611625451 0.518889570536725 0.457488931202949 0.29647470475748 0.408692788136643 0.351497724351548 0.299085694516753 0.270580310470552 0.2631854785434 0.303232855473881 0.35000817935389 0.305664860130818 0.320417634995511 0.362818253298824 0.384407723234048 0.37617849950797 0.389257414179618 0.384286967979231 0.408729211281976 0.4051227334313 0.364814779569886 0.251227105488751 0.348233663309809 0.331323657652832 0.390480506948177 0.375452612905946 0.326492580861226 0.383886697112345 0.341054760091537 0.282157370998672 0.266004884263628 0.303819175616439 0.331660133956667 0.277130458957144 0.302726810418421 0.314208162317158 0.303969553562212 0.373966794438576 0.298717359273557 0.293959061696192 0.283393844423657 0.330039371850992 0.36751062694631 0.368320268120853 0.341901848180464 0.435653549692813 0.355560558830588 0.402198339179014 0.324737525814479 0.366627306924219 0.362807545841949 0.374279839820819 0.285377144055468 0.307740497877898 0.299228603523554 0.41192303950224 0.33347069677887 0.352130707667218 0.320368667169585 0.404568610003106 0.360906732954385 0.358954222453903 0.302763641372234
"lingapurana_khanda-1_u" 0.287643664315208 0.345764631022278 0.373166539874014 0.348416936350031 0.338672903800976 0.395694132437481 0.311948373056227 0.327921491192546 0.31710283041685 0.334017730339799 0.421763379479607 0.343240034398283 0.351510249513713 0.338120656227319 0.23734220813423 0.250965237086006 0.211578932688056 0.261383435288316 0.198872284883551 0.240307246348838 0.325435488057741 0.252176769677235 0.273923329570835 0.261026664430256 0.303160933334799 0.328813436599912 0.302239271341311 0.341084921552578 0.326353057167513 0.323252951006027 0.280609217425226 0.260176434977118 0.49907205823849 0.329453623103855 0.387405545515343 0.333631126360196 0.360317312853209 0.353310433493215 0.412681289982044 0.33178066858846 0.200207012114118 0.258096709161668 0 0.226005679047321 0.308766440839484 0.334508495668096 0.345332577938625 0.300934071744196 0.362431530110153 0.337276927161359 0.358214776765418 0.37355649067928 0.36822056153316 0.370574929508704 0.343958521318411 0.350440884648609 0.384214199160592 0.402532411189939 0.295835305673395 0.286305858900211 0.339675818171045 0.343091345514953 0.31771290413814 0.380567543124556 0.401069009661397 0.493121343311612 0.420379390146375 0.265156589242348 0.371711360501943 0.324619666718019 0.263910013593214 0.201494254294145 0.244044306677684 0.303258538454041 0.333227687451465 0.278042697450374 0.312258803722514 0.359810557832836 0.338429799066915 0.346866798280562 0.36149976701706 0.339642194239555 0.36570813803359 0.359311148341894 0.32006330008033 0.193244921966359 0.344001009710199 0.321639191809266 0.355233118286902 0.380732637855264 0.270416495266949 0.343449153951498 0.299200408868197 0.226873678703258 0.231369487409885 0.306963530513303 0.284369182491968 0.265606865494438 0.263580104169635 0.294722339020099 0.231035208170593 0.366680403765376 0.230514629514835 0.272890023288612 0.254715425346792 0.246585577860633 0.307301193779727 0.377814829103209 0.256885088718903 0.370233455093182 0.291448430233427 0.324646001313637 0.308033909636073 0.286992147249812 0.297084558614379 0.379081016393013 0.279655172735381 0.214446401388283 0.289489080501154 0.381991955122668 0.25495575771984 0.287124989665673 0.295295424525833 0.365033767138675 0.316407681865046 0.334785046174129 0.23811381952597
"lingapurana_khanda-2_u" 0.285894779336127 0.395172955643435 0.410479192635002 0.393954244253051 0.388140805360901 0.428745185198322 0.364557033231125 0.372701115713519 0.365492016182749 0.382111373187949 0.446432573067381 0.391987349442399 0.394595109717675 0.391795083640594 0.259267259036825 0.333933555864964 0.294138608628382 0.296283728549181 0.278426686577742 0.314941072122402 0.32851624796049 0.278107550221329 0.276648580633543 0.268293139042233 0.317434978244121 0.340586607940631 0.354649637067252 0.38163543307118 0.390306007298557 0.390585591630419 0.353243061531172 0.276109571754108 0.501555224067654 0.396731574720494 0.450745344781891 0.391153348722431 0.417983943174164 0.419552724496257 0.464084270257485 0.400500081295577 0.269728161857914 0.279449245354262 0.226005679047321 0 0.367306938319121 0.397652455251288 0.39526649966011 0.360946138402234 0.401232429794017 0.385263642939583 0.411018024530641 0.425555899642394 0.412228764663078 0.415053942256828 0.400719099134275 0.395328414237507 0.41777534008802 0.430811463529291 0.353948877763113 0.355601544009499 0.377048932574471 0.375842503584598 0.370158321799607 0.428158911750526 0.447688491512046 0.52320120949343 0.462680675144311 0.31945665746681 0.40134305427698 0.370970350366308 0.318952165515486 0.27057340934549 0.252136349702699 0.322587609239492 0.350602250187666 0.321772393503834 0.343561948494049 0.372870426777308 0.390095939168048 0.393198056838004 0.397523497227391 0.391285519687782 0.404943286611718 0.406956304044621 0.379686416766801 0.248495906086424 0.355657661329942 0.342366929231656 0.40146298844411 0.391824399181016 0.29432220656213 0.389780022986296 0.338823225380622 0.281198563688072 0.23808939216024 0.302614842990115 0.326033836191039 0.291828740897329 0.309587582393904 0.316099913204222 0.301961401581942 0.397301269361831 0.306165138614132 0.321843762260945 0.298721279154554 0.334108424404785 0.375790294312355 0.390340277802599 0.344343941087745 0.417937822361717 0.357448850711385 0.387196051143185 0.348757620561034 0.359283870255511 0.365946388671983 0.393351102154757 0.305477797547688 0.308699018047789 0.336299659856949 0.396720227311824 0.328015246121371 0.345313021349089 0.341649976748382 0.409383970387383 0.352592802720945 0.37696696602178 0.304317586382463
"mahabharata_01-adiparvan" 0.367739942693992 0.305000676120526 0.379629294051462 0.305986686687934 0.284913029449356 0.372092787291276 0.324524041981921 0.342466456347443 0.335631174199772 0.318755113479372 0.37897691225117 0.274594971576057 0.321429930591612 0.313293727262266 0.310882969376053 0.349752058390543 0.263841449567452 0.360212776738154 0.296134770282697 0.20019264290295 0.401347642646523 0.300287859777375 0.35458363591843 0.360279816398756 0.355497596258124 0.399389849088461 0.235287108907126 0.292460616228334 0.326059597018827 0.322645248141044 0.191368003572643 0.319303045838851 0.520580434992043 0.264203484040064 0.379749285107599 0.286070309301084 0.37001851169012 0.358222529141272 0.403390713808365 0.271097283469847 0.326376950877626 0.349594843667296 0.308766440839484 0.367306938319121 0 0.291691898556245 0.184791151226884 0.126012751102588 0.205193143048087 0.170580446156911 0.262471081726168 0.304914806298757 0.264257609675691 0.271486288277049 0.226773672342701 0.23323976549143 0.268830690748873 0.369291859167832 0.196655542786149 0.194729260130842 0.323081355148685 0.3147402112987 0.183092071906135 0.23855132186236 0.304073048547996 0.410925484499865 0.34048635999035 0.29001327548833 0.401802859522506 0.278030241132427 0.270633459394803 0.270643224380719 0.349490347993469 0.342232683619438 0.354142506016323 0.24419446220086 0.366467191313525 0.436334873509714 0.243744725424597 0.231833873943644 0.280966836869026 0.264628222523782 0.286786041382418 0.297268786672963 0.234729288449574 0.330629633895588 0.433588176171315 0.378352998354185 0.431385934965011 0.407309549568325 0.336125336105795 0.453878560521498 0.349305205629506 0.298338664432842 0.354920069554855 0.410905082746692 0.341925047079695 0.33766232317598 0.280720693782604 0.402841109265607 0.311681623146584 0.434676641006148 0.267248985407465 0.341814085577486 0.299045209718751 0.321953778530443 0.39110995222204 0.442770046874972 0.361645007844442 0.442302960441442 0.374814131337454 0.384121682367794 0.368208020259408 0.304950554143703 0.388753125572613 0.439416967660743 0.330844879802226 0.310268377129326 0.259672323671422 0.369710593894895 0.315634816134111 0.352932565311446 0.352954408795259 0.380205441509253 0.326482491341976 0.383974287417153 0.284618410794445
"mahabharata_02-appendix-21_sisupala" 0.397523749225565 0.363231992207812 0.420109690734029 0.365489241721692 0.352595622414964 0.413368025173351 0.374787542018582 0.390162468285982 0.366009162995916 0.375761250763348 0.429466583485433 0.326424587048251 0.386248040305006 0.368947039239354 0.362587201632672 0.382633456522864 0.328864538483476 0.368949958723417 0.335557835760186 0.290623087117241 0.436434567242808 0.369168766927987 0.381399955749469 0.39489832630551 0.413270681617635 0.430568391284317 0.277001174545552 0.314517955252857 0.337001938708351 0.280687928520175 0.234617934276194 0.370744047450942 0.539389091685611 0.331970087802439 0.411673326775262 0.343136961520028 0.41042948510997 0.39721163005553 0.439311649078465 0.334732573179049 0.355628120336984 0.395582432492178 0.334508495668096 0.397652455251288 0.291691898556245 0 0.299961857016042 0.278520458094181 0.324246384926939 0.311301633269553 0.311876254820598 0.346789451724871 0.322391975594372 0.330020405275992 0.299648489948944 0.328179993030808 0.358476828896778 0.425321971853017 0.320659679520834 0.299403074817636 0.393224715063778 0.384228549255295 0.319395375349643 0.356552487531626 0.349911356742661 0.47783647533206 0.397261717900451 0.376254727963826 0.4164140856156 0.383413476314767 0.360888341822368 0.322490581197081 0.386891545281343 0.402067156006831 0.405121816370738 0.314985647086169 0.401615553576961 0.454806262507241 0.314844548991972 0.343514089665003 0.339675766824734 0.314138514580085 0.335651151056222 0.319115821128593 0.305416168263073 0.365765562448655 0.449846097844549 0.411079470371207 0.455589670437091 0.460619865844489 0.380209068798548 0.460175175955879 0.384850492520133 0.356852863028664 0.39561280724234 0.450545220115668 0.368791602355717 0.38264536166679 0.347103242409151 0.436285391259464 0.352803167277452 0.465491436210079 0.308715584896277 0.387639468930992 0.337411701445122 0.36302966472352 0.411371964214469 0.485377091458001 0.388627045029619 0.437523526720572 0.40352616654721 0.405042224548136 0.425041312920865 0.362526677447455 0.40902757445718 0.469719291787854 0.388687329793323 0.353565744548669 0.329535149825827 0.398106333446246 0.362809230145205 0.393805111440645 0.404699270658175 0.421971975836561 0.352584650633435 0.432252820972104 0.340473241588948
"mahabharata_02-sabhaparvan" 0.392712731888318 0.332428103261014 0.405649741114476 0.341915752896056 0.326356582570401 0.393398109194155 0.356242554324013 0.370662416761794 0.361851673570482 0.359273130291898 0.398704898873755 0.303179761565369 0.347028784143143 0.347881000290843 0.345865148837015 0.381495308781997 0.313867462496652 0.38447025577461 0.335391161041397 0.257920417992737 0.430014833962543 0.342312321766375 0.380707004750491 0.387335084828488 0.381139750271911 0.423617400728636 0.267520127518003 0.315601061246408 0.34326023744007 0.330172208083754 0.225623740038991 0.361658881686245 0.53490094203742 0.309378791170644 0.410132614947712 0.332376147845371 0.402935102265666 0.390164968403822 0.433363530883368 0.313609180065069 0.364789859538733 0.38549301051926 0.345332577938625 0.39526649966011 0.184791151226884 0.299961857016042 0 0.178420572456886 0.208546515815399 0.163550441090984 0.247025625268083 0.322470246562149 0.255121371593014 0.258621189888266 0.220333314495484 0.245915168967624 0.269444939508143 0.395758849932193 0.229245664518988 0.229087744907742 0.350554544700273 0.329980797773618 0.222456541667215 0.229120926157205 0.321969655133312 0.403096410145688 0.33029654854615 0.333788640165075 0.420490309283248 0.332717849996828 0.319859124119615 0.309648182739149 0.38092587818677 0.377987365112503 0.389674233234487 0.29375844867347 0.402407242207697 0.459978748264827 0.290508149832038 0.270626630184769 0.319347355175615 0.292899055643354 0.319473400506515 0.315152145823463 0.281007281667287 0.363831253074909 0.454280529214204 0.398943262841694 0.459430769946788 0.439810405636343 0.376970652510232 0.477675188984095 0.385094931150066 0.339984627903327 0.386054123901509 0.440083926502324 0.372386250860174 0.367988085248722 0.319188258383116 0.431262286710061 0.354942025043308 0.458829149516892 0.3058688180853 0.385210102530818 0.338358013581174 0.359359552167538 0.415520436924029 0.464333062744673 0.394266090382318 0.460540734798365 0.399654845792033 0.413094603385434 0.399711815535671 0.341918997484913 0.415254345238042 0.463404467493024 0.368662642261196 0.350594304771739 0.29789323270924 0.403262143041756 0.3581766300295 0.379596543403626 0.378295887563162 0.413820500729251 0.3541180317256 0.409290139108681 0.325522145630265
"mahabharata_03-aranyakaparvan" 0.360334864916178 0.301865331358566 0.375692276727536 0.297505178537615 0.280584070755625 0.36334982229032 0.317481214262948 0.336371290782947 0.327883644388537 0.322807409672033 0.372169778431813 0.266525695565425 0.309930729514009 0.308733156550355 0.302571863196518 0.348831719737217 0.2618665139753 0.346660700088548 0.28988010136213 0.190360761154859 0.396282304395345 0.297465876028691 0.341192446257489 0.352291342482095 0.342332703265647 0.396502011646893 0.222204698768679 0.282204552315711 0.312439037536468 0.306874064674869 0.184242738862259 0.312876414347317 0.51347697839218 0.279438406158327 0.386766518010731 0.298341005027771 0.376566938826751 0.360968618879241 0.408417144874085 0.285436824170354 0.319409749407554 0.342233941340403 0.300934071744196 0.360946138402234 0.126012751102588 0.278520458094181 0.178420572456886 0 0.196271942984292 0.159828317996711 0.243470926622063 0.297937371113737 0.246814710227083 0.255853901000125 0.208285276947347 0.227208131429091 0.256014923762292 0.363423312297494 0.179641615287216 0.174913659918286 0.306873008914028 0.299541411851751 0.17526817909835 0.24200664137668 0.308453997660922 0.408249874790697 0.331446728031759 0.283728290451263 0.391385354224185 0.284380551228226 0.265162364523955 0.258772574897922 0.337674961185816 0.331604360835623 0.34815389573323 0.227199303307078 0.354722301704841 0.433180485916755 0.239145226765741 0.214853670949774 0.254530068740111 0.238789148423169 0.26239656467626 0.267725121448859 0.213185859774636 0.319456235145277 0.421321854907396 0.364853298562569 0.425306811365949 0.399777837977741 0.332565238382312 0.445191321420963 0.346587990309097 0.288600224733623 0.349069759973271 0.400879897287701 0.329509196457514 0.322309210493843 0.264534775623535 0.399096514954873 0.300306348679575 0.428249761609335 0.247924365517272 0.326166408128342 0.285614727976731 0.320796676547343 0.388016849282125 0.431515330000314 0.361291154727831 0.433431139340172 0.370251447075445 0.38734149738214 0.362426357933126 0.31436181903951 0.380572518510791 0.431343688897901 0.313094596437361 0.306826390128919 0.248615281673675 0.36549580283199 0.319208057926949 0.348006536140976 0.350716717197613 0.384299246636257 0.323297457385448 0.377238218559927 0.282685889038288
"mahabharata_04-virataparvan" 0.39928142202654 0.349681221260705 0.417408525124861 0.348843486662472 0.339590347373414 0.406724930999908 0.373944281701947 0.387428562275931 0.379729108911223 0.36904829400183 0.403155289860255 0.319831113739594 0.356860734019919 0.36216925091623 0.36351133928879 0.395189453085064 0.329990212927432 0.39342142452269 0.35270267963083 0.279437669712919 0.437678124463104 0.360341373271329 0.383964247393686 0.395579693229389 0.386104453021497 0.434040335195926 0.282202835434167 0.322699167540603 0.367416474595894 0.338241597767546 0.24681799781096 0.370166272301926 0.537649815495789 0.326172661822726 0.422323123266177 0.349368668929951 0.419826024215235 0.405766199244602 0.443186253147945 0.33160592087247 0.379830693589746 0.391917261128078 0.362431530110153 0.401232429794017 0.205193143048087 0.324246384926939 0.208546515815399 0.196271942984292 0 0.190668385906181 0.240086531557248 0.341581450656668 0.230279408845767 0.236959668097678 0.233725617510929 0.249330052246283 0.269979755596431 0.408003754913249 0.255496550581246 0.258781268879492 0.363482564620712 0.348953363718731 0.239138036415393 0.280416379628795 0.33152809839032 0.426079872769049 0.364730490525114 0.345582917317328 0.422828718759376 0.342704828113252 0.331886702565716 0.321198714920031 0.39096628415467 0.387255510283719 0.398819300619128 0.307131477528786 0.418233780646975 0.4639010401094 0.303784835432478 0.275211997938864 0.302770519587522 0.291010516029259 0.304852675859454 0.299490819625199 0.287406280167958 0.378757709475469 0.459815696013658 0.402203079317588 0.471727300793195 0.445881321149467 0.386199195319448 0.487408109774145 0.394980827060989 0.349564189626481 0.396232452121777 0.45043343954743 0.379834809549984 0.375871276060846 0.340051644970024 0.437786714657441 0.368086745952103 0.457389534862864 0.313953938219933 0.393844172242342 0.348922217776191 0.369292237433767 0.428429565923586 0.454301664580803 0.404938247372966 0.462424649246019 0.405942037244562 0.423193240135936 0.404684870150194 0.35559332573959 0.420170504481972 0.470066529364972 0.381035269766227 0.360816067993035 0.315557012602301 0.413376980863147 0.372125797156909 0.389734277788769 0.396854745141364 0.424085504034026 0.366602141884173 0.418658652668502 0.340644723427577
"mahabharata_05-udyogaparvan" 0.379001032760787 0.320888819009725 0.393930668730474 0.325189281932157 0.309692561827965 0.381177161049593 0.342336714716207 0.358971437044082 0.35836509663768 0.346353652722 0.387301331490418 0.298245304641091 0.324055114762174 0.332683604237214 0.332157869711376 0.374291301692731 0.30387020176204 0.374400100352754 0.326176797728553 0.242244920616715 0.412394980747636 0.327579005414883 0.368431140490271 0.371649818038097 0.35617913527531 0.408454710530317 0.260613686252821 0.307665164060505 0.342358757610264 0.33720037699593 0.223032766808194 0.348379861093548 0.52045730161104 0.301618085859009 0.402988265326944 0.324189373427573 0.397626604984568 0.382768044988913 0.422188355386781 0.305290488078143 0.353630475815475 0.361687683322736 0.337276927161359 0.385263642939583 0.170580446156911 0.311301633269553 0.163550441090984 0.159828317996711 0.190668385906181 0 0.238541258605538 0.32008852508634 0.243685078314078 0.247303659022133 0.218092817363845 0.230834278115356 0.244617646965188 0.373970138168919 0.190410791693308 0.207708758154234 0.322102728140211 0.315304713915789 0.193806699027193 0.239041345654309 0.316243270700656 0.41716161441019 0.344516185974623 0.317035346203606 0.417763655166434 0.315419290062268 0.303786602243074 0.298485341243384 0.365783245932655 0.355274141940587 0.38260946846706 0.276123569030226 0.390876209930065 0.445557773183122 0.285688177628125 0.249916787616281 0.306115860842139 0.281132651423303 0.308796566587519 0.308234747405329 0.265651669731713 0.350518404694666 0.438590139664972 0.381759498764122 0.450497437284947 0.424525732955985 0.363253447927538 0.471630597021111 0.377669461292218 0.320151809054787 0.37103788256162 0.419634853455151 0.358740377325788 0.352564562602592 0.307276877704364 0.418376415689639 0.343092546181592 0.441295480321464 0.293380669415175 0.367571642874556 0.324846664362418 0.348985100644189 0.406902471011597 0.440017835410536 0.386043792613982 0.461223518103436 0.39141125135078 0.410511423046392 0.3828036738947 0.337058393942283 0.403743416555011 0.452640357626682 0.354489059086615 0.341283341143496 0.27091369112541 0.397653185664723 0.349519992182603 0.373045889793361 0.366194977659428 0.403807580810007 0.354007113689153 0.395720261021975 0.314332065868522
"mahabharata_06-bhismaparvan" 0.402954424205716 0.366259037319946 0.423576619122056 0.364061799464934 0.355156493135855 0.414649846352011 0.379400897050336 0.402941670010866 0.383377994038866 0.389546442426031 0.424115969463277 0.335202750852136 0.372109541736361 0.373243913735826 0.378919889170518 0.398338490897809 0.341362496330353 0.381478711463861 0.352239186087671 0.2989727310197 0.441015379641472 0.380161203404822 0.393219310175282 0.4022506649982 0.4130759470828 0.445661108715443 0.297327956947767 0.328041189405566 0.341348619575953 0.290714582994688 0.266374408610459 0.384970503681135 0.544366805216856 0.340082736655438 0.427217634063613 0.35722908111952 0.410122276273506 0.405614784129972 0.436275176488084 0.346300163384158 0.379184296493123 0.402868138787585 0.358214776765418 0.411018024530641 0.262471081726168 0.311876254820598 0.247025625268083 0.243470926622063 0.240086531557248 0.238541258605538 0 0.354925311671204 0.154062033113012 0.165686808909493 0.175687342501472 0.256604390444409 0.298309096540518 0.419756962066366 0.292404511705816 0.296850296979215 0.374501442245803 0.373603315891643 0.276015031402612 0.308124391632884 0.3379538824314 0.454485686289763 0.376518749982802 0.367302237218499 0.418160206092761 0.372132474415082 0.354582375888072 0.33102704451203 0.3927945025353 0.415709181915673 0.414307558805015 0.333360909072934 0.422783816153457 0.468481539075074 0.329458734452279 0.320312203678386 0.327954799848951 0.312463081235616 0.334550917534618 0.284586873381494 0.30783620236929 0.382402138727003 0.461504781137188 0.397016372617085 0.467199657744356 0.463492290240738 0.397288523746847 0.480163027526845 0.403863801546964 0.358106871332083 0.395954720932593 0.445962183605464 0.373616892851982 0.393515038129027 0.35306914332371 0.437304417158317 0.375383936374835 0.457872391343332 0.310419805030316 0.404763132227236 0.356860958690518 0.378195316127949 0.428297814418174 0.469699538499509 0.408919266712751 0.44566765741427 0.411071211507842 0.429053354288437 0.423528786258178 0.375283886815703 0.417867923247457 0.478043910940778 0.397775632249393 0.367896713383602 0.343160153639343 0.423250455127248 0.378631780936914 0.39775728834939 0.401118566631676 0.428757894919975 0.384157607991613 0.428724529105155 0.355317111649506
"mahabharata_07-appendix-08_sodasarajika" 0.422680755780909 0.383161722218515 0.435905462520591 0.38349989061707 0.357142695440119 0.435205693339665 0.393466310982877 0.402874952976765 0.396523715512857 0.386403173595211 0.446856931230525 0.35912247406658 0.396813602232402 0.378965720177014 0.385134819750883 0.391783015676132 0.355301342080646 0.411213593389261 0.366434428759461 0.30914907158544 0.454022499033832 0.387530762721695 0.411892157670339 0.4268667532272 0.418478859009774 0.460222582156689 0.335286570015501 0.378366610807839 0.377007824325852 0.36688232523483 0.310980263839604 0.397802248803658 0.554191468193274 0.347125467851427 0.428790432267963 0.361375455950024 0.403168619707639 0.393420488768843 0.449790586842755 0.365340608787575 0.388178394281841 0.4154471710622 0.37355649067928 0.425555899642394 0.304914806298757 0.346789451724871 0.322470246562149 0.297937371113737 0.341581450656668 0.32008852508634 0.354925311671204 0 0.35309414294547 0.353211960308222 0.332823378800064 0.337673369896835 0.368871100209716 0.414633815614792 0.305708212454754 0.29754254607199 0.383320950005668 0.371310728042212 0.311807671238093 0.350702211991369 0.396437031878642 0.478906221701248 0.412091463636954 0.379040248930565 0.45109711319036 0.3765342128046 0.367864575019173 0.353188754706666 0.407719502515544 0.415543879628024 0.419922751434792 0.351507694300081 0.424450156253146 0.48288969578617 0.342457856603856 0.352212046955221 0.378943123366487 0.355954863357036 0.381718181424541 0.376948714202965 0.338660821530567 0.400029764046218 0.474486376622519 0.428492900143605 0.470297176928068 0.459300499925871 0.409942160549972 0.486877540589624 0.412139130121238 0.378985320170778 0.414893612025953 0.458294851207019 0.401896986459318 0.409232649059648 0.357819693687261 0.464801725732755 0.385840998944452 0.473404910985011 0.346362038702332 0.404096140212581 0.38423515835586 0.374301346599418 0.415618149835746 0.482214299403212 0.412799267484546 0.464495066599173 0.418052866292342 0.420839605992057 0.413362063288787 0.384106036504753 0.423235573373008 0.48099459488919 0.401452411232654 0.37014707214486 0.355550109881556 0.420869023607329 0.373298396683934 0.412146656909747 0.404579364192917 0.43646038691611 0.417325056093099 0.44172477163091 0.369984182756896
"mahabharata_07-dronaparvan" 0.397830089257925 0.362511730807679 0.420431603349261 0.358201746832539 0.350608038583265 0.414193052214164 0.385149399276339 0.398430581102968 0.38180097104582 0.383073731752954 0.417353332603119 0.326330989198918 0.371807700950159 0.374273562438267 0.381226172637209 0.413856641056232 0.348394617793691 0.388621222053074 0.361984433803628 0.301811653241424 0.448738673347995 0.384581933775394 0.395741070290637 0.398606999312285 0.411926164391928 0.448806051794887 0.296998520706775 0.32035945139615 0.365402268016362 0.307122460954107 0.265644822706433 0.38101246389763 0.548988923368499 0.348485805729463 0.438151707332568 0.356418803199942 0.425862740662798 0.419331880427685 0.448014111996046 0.348681214946884 0.385858341630548 0.405784824950317 0.36822056153316 0.412228764663078 0.264257609675691 0.322391975594372 0.255121371593014 0.246814710227083 0.230279408845767 0.243685078314078 0.154062033113012 0.35309414294547 0 0.120660919800837 0.181573478926497 0.2353609133682 0.293386367850239 0.427602716219557 0.304713367579052 0.313020176962171 0.386071368500459 0.382036557009416 0.286787152926371 0.321851685206721 0.334198209605635 0.454110615081838 0.38038450609745 0.372395901402817 0.419958505480384 0.375215607549344 0.359133484260545 0.33632307784951 0.394242484707373 0.417377154461108 0.414274747313107 0.33021925863232 0.422469908834702 0.471055524854638 0.33020416079758 0.317262520271276 0.321289578105891 0.30963149257921 0.324198995344097 0.271899164587256 0.302590185656187 0.3853100663634 0.463707602299729 0.402439071760872 0.466950790101206 0.466319587083605 0.399852906536586 0.485970258258338 0.403681481732961 0.365851531573526 0.399250239857479 0.449083126774732 0.37330688611926 0.391733119991096 0.362314997478088 0.444501327541906 0.382039313943267 0.466215799613632 0.316714057765809 0.410435065854027 0.354264214230468 0.389029914072327 0.438802086162409 0.476374107140554 0.419661184325617 0.459915153397683 0.421547939576098 0.436358104738631 0.429763592358754 0.376785360308557 0.429148873121571 0.475925141219504 0.399558106459916 0.378716399715474 0.344199677603444 0.421051594619448 0.390562047550491 0.40790361380899 0.410928603195425 0.428584576392292 0.375736323567266 0.43219950805159 0.358815331872009
"mahabharata_08-karnaparvan" 0.399194656639297 0.369556482409262 0.42834936353173 0.36683486917209 0.356528540028065 0.419185478974263 0.38775148356173 0.402819448378372 0.384786059939956 0.388395587429526 0.425015676132859 0.33402184183226 0.380531910999489 0.379071886670225 0.380760294565269 0.416573565441495 0.353979903174763 0.394129191713409 0.368615783811981 0.309015247104754 0.44755742409108 0.386462639452678 0.397152640674936 0.400870242058018 0.41221963023217 0.451157722437266 0.300924442004311 0.327933965837646 0.367068352730449 0.313226489160197 0.276846211778341 0.385609594339497 0.543938685798001 0.351726075572247 0.439616883472621 0.358535564872138 0.425083801132857 0.421320999519599 0.448374780036629 0.350889940323307 0.389399842075841 0.409902873494786 0.370574929508704 0.415053942256828 0.271486288277049 0.330020405275992 0.258621189888266 0.255853901000125 0.236959668097678 0.247303659022133 0.165686808909493 0.353211960308222 0.120660919800837 0 0.185236306045556 0.244549411288772 0.296271983763143 0.429857925250934 0.307650941848414 0.317341036162796 0.38991547962657 0.385241565537011 0.290803216469263 0.323209135319159 0.341105825765623 0.457856028457043 0.378437803701348 0.373767950438623 0.420816398857823 0.377737986704717 0.361417693093558 0.340133614397395 0.395776657621999 0.421374723253613 0.414866951637713 0.33537378970637 0.426193540323462 0.47456938400006 0.341152056553956 0.325442206096294 0.332338985812639 0.319779062488055 0.335483586168497 0.287296162922768 0.314176659522411 0.389906931728038 0.467799807034771 0.403966035706926 0.472860510946496 0.46670601278149 0.400916669233333 0.490360306009499 0.404157475655662 0.368640578358996 0.403668830541775 0.449829152308344 0.376655402861674 0.395915036260515 0.35935671098565 0.447925198277327 0.387420504788947 0.471020300174245 0.323407074709573 0.413146919400832 0.356270212267619 0.395554731485768 0.44334928723732 0.479021069951254 0.421951041017737 0.4597362028267 0.427267211778867 0.437552184953882 0.435984860580106 0.380882965263021 0.432923703673513 0.479372515559911 0.400356420362027 0.385328369487137 0.350546277029492 0.421403192829595 0.391356293333932 0.408827158976357 0.41280087805454 0.431234981173406 0.379052335469562 0.432328722997184 0.361755352336127
"mahabharata_09-salyaparvan" 0.393503809273786 0.359376003381491 0.421797660317386 0.356532498371887 0.344172077817057 0.413317602318258 0.374313300376028 0.395693102926475 0.374210465339012 0.371299250252807 0.413671246368706 0.320952530646291 0.375433344664456 0.371325718466854 0.358687634327654 0.391713855355899 0.317267104575645 0.376435421419452 0.33778577302925 0.267250665426496 0.436522984128555 0.358707937017247 0.382674961172451 0.395696477437879 0.402887832648583 0.436378832404765 0.272723662990912 0.308982637422776 0.349012742565094 0.298097059581107 0.240579810206915 0.362626466697589 0.537938094532704 0.308797525789296 0.408578376960928 0.326684495407487 0.403892708015683 0.394055532328588 0.426785932791184 0.317044476735226 0.369308601821814 0.396029593209829 0.343958521318411 0.400719099134275 0.226773672342701 0.299648489948944 0.220333314495484 0.208285276947347 0.233725617510929 0.218092817363845 0.175687342501472 0.332823378800064 0.181573478926497 0.185236306045556 0 0.233766340377758 0.28715095356411 0.411496017908264 0.277641790425214 0.272952142095002 0.372978160285413 0.356153005487871 0.255492655637119 0.271622641711785 0.309995966584704 0.426215487459666 0.351397524529196 0.348394249304759 0.406802442005605 0.349254319664855 0.334043885247832 0.31394367746928 0.382147185816562 0.397467485354987 0.388452086160609 0.307132330472993 0.411879120277601 0.47168843530696 0.293046290605344 0.300786058625586 0.314798799123876 0.295890757449743 0.321467362263561 0.280641549234576 0.277290946294569 0.370307232329931 0.459555809587414 0.406738234071178 0.463054449303443 0.441354072277838 0.377441046744285 0.481252489549743 0.389665443112952 0.348187807244745 0.392360492179002 0.442631272056174 0.361380867765805 0.38269259762414 0.32744256805877 0.436941355295405 0.357144120445497 0.461401118033295 0.295502671306065 0.377747296064344 0.331061058833952 0.367133831907585 0.422946421152588 0.470839768382869 0.403608648496236 0.4468737317981 0.407755113838437 0.41593118362748 0.413607113536572 0.351198973982291 0.416247097987357 0.462378282461174 0.377655584923715 0.356518794057368 0.326982508023398 0.413779669002555 0.368845577058334 0.391195014453465 0.390610076254852 0.416984576470738 0.368128662131091 0.421751701809173 0.338934830105523
"mahabharata_10-sauptikaparvan" 0.388176964057589 0.349126596308958 0.410719116160742 0.34621089583899 0.335087091030069 0.403467591353053 0.369691216676716 0.382476457389991 0.378946371912228 0.372909310731397 0.402749750821738 0.322408015451763 0.364120686087764 0.365579784344019 0.357608675780599 0.389795327142272 0.325514485799781 0.380687503925273 0.341016896140558 0.280233479665449 0.429877726178344 0.360558466634722 0.383808415323776 0.39179134583935 0.38841246307993 0.430670541217004 0.285698237178918 0.324697270833547 0.362885299456718 0.330779195837652 0.252724676249072 0.363946638274422 0.539191729277413 0.333156680782178 0.422270300475047 0.342080121421005 0.40422426137705 0.39670171409035 0.438891386267441 0.336385919822164 0.368224184152987 0.382814211103139 0.350440884648609 0.395328414237507 0.23323976549143 0.328179993030808 0.245915168967624 0.227208131429091 0.249330052246283 0.230834278115356 0.256604390444409 0.337673369896835 0.2353609133682 0.244549411288772 0.233766340377758 0 0.272426380190408 0.395150762525407 0.266388271442311 0.274030895275667 0.348735595744027 0.350025873510574 0.256993569748959 0.305578715169677 0.328660970068127 0.435370090628672 0.370577681791672 0.344327163327248 0.415758930153749 0.350931267565435 0.33348892250751 0.321601451488619 0.38361068857271 0.388423216305895 0.40440609165861 0.308786439558612 0.401098397340108 0.458468949614002 0.30997967974238 0.296503106348824 0.315359747271286 0.296791749821757 0.318151676016467 0.305314572208617 0.291542988048547 0.369188200609712 0.450032299644565 0.393284560987021 0.454650677414184 0.444642804499854 0.377417133193804 0.474233257574272 0.389531785428898 0.342631954122279 0.384289601675481 0.433051256386413 0.372325282980942 0.375766507585511 0.338730816770007 0.430665809826309 0.359318759296886 0.453837749247134 0.304614865208278 0.386863782835506 0.34429098979477 0.366208113050127 0.416703169001915 0.456995246527192 0.397273015966627 0.463845124434578 0.405370223894366 0.417727921952366 0.402715173523521 0.362686545275262 0.414073526921658 0.460485890931996 0.379221299315858 0.357538941071826 0.313230064295373 0.40653331899701 0.368113422820522 0.392843730709763 0.390635419966763 0.42062085948377 0.372378520174064 0.417742900936473 0.341861668199331
"mahabharata_11-striparvan" 0.409697172430039 0.36563491785259 0.422376880877659 0.36723036807796 0.351472909917363 0.411682381363058 0.386716997506671 0.403363517554867 0.396654831784355 0.389657599030583 0.414765670371717 0.339200909860172 0.374930189327765 0.373471845008971 0.375258726344618 0.412978736461298 0.360985048090971 0.405019493942781 0.371967053045527 0.314141451505604 0.45179052090071 0.376248939032255 0.40457029492922 0.408161019975485 0.395401555112262 0.447699711874696 0.317927040021725 0.363127928579667 0.373997326387436 0.363742684216308 0.290048031774095 0.394513394615366 0.538208303336465 0.370148379714759 0.444408773075966 0.376042419158053 0.438915241930218 0.426801531754545 0.465607325597004 0.375223615488872 0.394361583880999 0.408671543611659 0.384214199160592 0.41777534008802 0.268830690748873 0.358476828896778 0.269444939508143 0.256014923762292 0.269979755596431 0.244617646965188 0.298309096540518 0.368871100209716 0.293386367850239 0.296271983763143 0.28715095356411 0.272426380190408 0 0.415132963697647 0.284933228328741 0.298426627624994 0.362886258027299 0.362828342396867 0.278723689146004 0.300375765012481 0.351209096893379 0.441482675179259 0.374761754389136 0.36921029815635 0.441091939536931 0.371441968657694 0.359302194692923 0.348849525683616 0.398353789291403 0.395709041157847 0.422351591273569 0.338091014672629 0.427084265501991 0.479268793737763 0.349302694936212 0.307470834315931 0.335263498963905 0.322140263950371 0.33274294369805 0.336803883239663 0.333025625577422 0.392832671158883 0.46777938291048 0.398287848382871 0.479638511837306 0.45311932827285 0.410577858602788 0.498445452588813 0.42327039395416 0.366110582849429 0.408885527819596 0.458074350843263 0.406975944560782 0.39409718451306 0.356579907539897 0.448351767784726 0.395670893369336 0.465953274081439 0.349592871000007 0.41901445524043 0.376755446949315 0.393682535016496 0.441307804724698 0.469237099634484 0.425150262014821 0.46831142982866 0.423446009874145 0.438424865121236 0.422116166532837 0.391604469899867 0.433127830085604 0.482445946019056 0.396048941849587 0.384847901804776 0.332407747430501 0.421071538217131 0.39733252515566 0.4121065614359 0.412446632237983 0.437505071078034 0.389976097371635 0.433009350508191 0.366899620802366
"mahabharata_12-appendix-29_moksadharma" 0.445622234084689 0.41653086383713 0.436027101410003 0.383881576906515 0.387401585042253 0.421323203751438 0.415741437100606 0.4296048474766 0.444018621388879 0.450945936696233 0.434310266119259 0.413193306891902 0.383555203925733 0.398292817239321 0.414520724983486 0.432999633339075 0.412076352994351 0.436423398355697 0.411928938337608 0.351306082637696 0.441218237279166 0.417041183927148 0.437120076536619 0.444360791497257 0.425143675788311 0.451734472691354 0.386044410511964 0.409189753116711 0.404484544041623 0.432366104316716 0.384304720699677 0.424885562408152 0.541439366876178 0.412235064195117 0.460953719736643 0.409616596115695 0.422764796781029 0.415042202678851 0.458853496506351 0.421968053472339 0.412513423901845 0.407622986878284 0.402532411189939 0.430811463529291 0.369291859167832 0.425321971853017 0.395758849932193 0.363423312297494 0.408003754913249 0.373970138168919 0.419756962066366 0.414633815614792 0.427602716219557 0.429857925250934 0.411496017908264 0.395150762525407 0.415132963697647 0 0.312163574232214 0.346162004981781 0.383461850771096 0.394878258932052 0.348207455508388 0.415250866634456 0.448695511436848 0.509029106755771 0.459141949954573 0.407111948462091 0.488497445392004 0.415480466849912 0.402538221731566 0.396238030487363 0.42640495531064 0.438678826994176 0.456050517431047 0.379350993497626 0.443644808075961 0.45138592602969 0.399434374467583 0.394835828714117 0.421238016002359 0.410526673293497 0.42881415472409 0.43709523145452 0.395437507590554 0.41549848139504 0.485406793111281 0.423992185867424 0.48788881994527 0.471604091164561 0.431572853836548 0.486275904026609 0.438466338266291 0.404313069095979 0.414067913753479 0.446120113619766 0.437483732207702 0.413607080087964 0.395907482736802 0.444608146112927 0.420239610141029 0.427578132627764 0.394717894839522 0.42325921254124 0.41977952856337 0.422490240182834 0.443905293857487 0.453894858529218 0.443573328271593 0.500045448159087 0.44247249388459 0.474191650755346 0.438135253746717 0.442065037516682 0.426948741033187 0.500641061781894 0.421950512808896 0.414056531543265 0.355832257898682 0.445351755998561 0.410662430725164 0.433690518417943 0.431978649655454 0.46376491007549 0.44100997450179 0.426273793003217 0.398528054561161
"mahabharata_12-santiparvan" 0.356579992883874 0.305986618497501 0.359427659918853 0.284312504450685 0.277362923499812 0.356309995931345 0.309184644170997 0.320191206686783 0.33758367371985 0.339937546540459 0.368910979468437 0.290365041163815 0.276660906882338 0.298339694440345 0.304667747173884 0.338554588442941 0.286806257880644 0.352887163787616 0.298242884134649 0.200405487447187 0.375583824791625 0.301192532046588 0.34563450238998 0.347830134132307 0.323827083027105 0.38166425368569 0.264750438813725 0.307343317654496 0.305366491228778 0.340062502170516 0.235207376457081 0.327557009236271 0.504765009143345 0.306303474138955 0.387316876298403 0.31806339565131 0.355985412793977 0.339448616681049 0.402431643125248 0.312319301483097 0.318945656433122 0.310186278350679 0.295835305673395 0.353948877763113 0.196655542786149 0.320659679520834 0.229245664518988 0.179641615287216 0.255496550581246 0.190410791693308 0.292404511705816 0.305708212454754 0.304713367579052 0.307650941848414 0.277641790425214 0.266388271442311 0.284933228328741 0.312163574232214 0 0.151620291925302 0.254849846248201 0.268690637716756 0.166393345209459 0.27748671396585 0.347414931139957 0.431876002935163 0.36031471138615 0.282903089671774 0.41031975697906 0.30356118300211 0.27626091884836 0.268122998782632 0.329384048491952 0.32975724417964 0.363776250915029 0.253947728846524 0.36741267150394 0.407894660068796 0.291033570715131 0.257615686474933 0.30863721652024 0.287524803397443 0.31748831681986 0.323516888226997 0.273088670646877 0.313096992976543 0.409532218756932 0.338189226349692 0.426154843605436 0.402148180165701 0.345860583995997 0.438762075434195 0.355196431470878 0.285264894881337 0.329019178459841 0.376268207123455 0.338906832467788 0.317048021543847 0.274453027547345 0.374730861121386 0.320983504564477 0.386273677145641 0.277160212214747 0.333641534188236 0.314352138314528 0.317978663008551 0.363741676566345 0.394516170022392 0.360342791370804 0.451163238573948 0.358598400564685 0.391871169344981 0.34703523351352 0.342362702841029 0.358194054072305 0.43593664794553 0.326720805437241 0.307589388828348 0.222198214255125 0.378465436513666 0.311753467553148 0.338819704688455 0.330686276069565 0.398132558875838 0.354726253300246 0.352131240098769 0.287616223590645
"mahabharata_13-anusasanaparvan" 0.355153885002692 0.313662938740838 0.373646546017133 0.300146887571822 0.290251993592351 0.36569707780407 0.315358105095225 0.337742318841546 0.333762589909639 0.337631828935989 0.380463463356106 0.294087690258143 0.304157652492289 0.30741576175784 0.294303143646862 0.329373834115846 0.273459825572479 0.352703345333574 0.286785358514738 0.186656270744842 0.389735446420161 0.301005019539915 0.333690983231334 0.342801140478497 0.324019857257155 0.385237819524057 0.246781863141099 0.31351615735909 0.300724177648282 0.32099300232401 0.215879693183737 0.321559562030189 0.504248193629343 0.28434525796007 0.372034709682411 0.304737319305619 0.358780949489884 0.339089016007563 0.397643811112935 0.297906940309127 0.316999105541108 0.31369740046555 0.286305858900211 0.355601544009499 0.194729260130842 0.299403074817636 0.229087744907742 0.174913659918286 0.258781268879492 0.207708758154234 0.296850296979215 0.29754254607199 0.313020176962171 0.317341036162796 0.272952142095002 0.274030895275667 0.298426627624994 0.346162004981781 0.151620291925302 0 0.272592081512646 0.248493680049501 0.198985356570288 0.272384033390859 0.345317799128019 0.434120019067437 0.350615859742011 0.283296914312723 0.404601443116636 0.301584260680372 0.273519837537649 0.256243491971004 0.332284806949337 0.326012466155481 0.349694834029138 0.256056128045266 0.359283262980124 0.424436903308689 0.284217887228863 0.267992738027613 0.313698596559492 0.292368851862301 0.323800197953154 0.32797354305055 0.270468113015563 0.310392879844588 0.405553062700576 0.349228370732843 0.420710734876391 0.393336994693995 0.344841048773095 0.439286838478002 0.355164882901858 0.280452051233515 0.346420878743292 0.385099593073013 0.332168088561135 0.320569278030387 0.259386403786378 0.38946411679975 0.306854855168579 0.410777562906794 0.267822032243921 0.324116998986392 0.303871542984671 0.304716267418781 0.366086101191397 0.415267532911373 0.348099072738851 0.439714146975302 0.355974915494049 0.375615661286068 0.330280372485463 0.327394114108868 0.363385340385307 0.42171914054912 0.312982768125322 0.292504395465035 0.223804167369456 0.376836960963312 0.311715791385464 0.335550419907593 0.327901749369949 0.398025244189148 0.350879320895404 0.370400735148113 0.286228566196395
"mahabharata_13-appendix-15_umamahesvara" 0.383140051127493 0.391337357845611 0.42319176907024 0.365018943487968 0.363543504292252 0.410593339053512 0.388130234892057 0.388352975217822 0.406328870453296 0.417027391452954 0.396258457785953 0.374552486666806 0.350844157739548 0.373518145985971 0.348742961810443 0.376673994756077 0.357146973821493 0.372485289832025 0.349936219491688 0.280437133300929 0.398490182812759 0.348940707931622 0.358691335727231 0.383183466981154 0.343749822301028 0.408393629701605 0.326486313309386 0.378302582566973 0.364100412615047 0.391499134769378 0.329974903073932 0.35736303620816 0.511076077490865 0.382992176127777 0.426568850495211 0.38031360437942 0.396799012880418 0.37429791425071 0.44277699878939 0.387137217210974 0.363921924284128 0.341256926285755 0.339675818171045 0.377048932574471 0.323081355148685 0.393224715063778 0.350554544700273 0.306873008914028 0.363482564620712 0.322102728140211 0.374501442245803 0.383320950005668 0.386071368500459 0.38991547962657 0.372978160285413 0.348735595744027 0.362886258027299 0.383461850771096 0.254849846248201 0.272592081512646 0 0.307546657044432 0.306005575185342 0.372704923386777 0.416676841734448 0.489733974653415 0.418798868313256 0.352597406393416 0.442569058105318 0.381132718625401 0.351770271628435 0.322882478122167 0.351001658301153 0.355747876359203 0.396197905003434 0.329943472875003 0.39133372240424 0.438330910440969 0.37489379095601 0.340132201947683 0.373034513316597 0.357560374641703 0.37687824159102 0.393711878541364 0.352368995524212 0.352590452498658 0.409846783338127 0.349431716576769 0.447195619734802 0.409009353783157 0.380580395182598 0.44678186424048 0.402464144774591 0.325464322505726 0.359905016434527 0.375775848022328 0.382263932134246 0.354520569765092 0.321854167803873 0.389908765107541 0.370642279334301 0.403856638253309 0.335523409393407 0.376012732422793 0.363234264980035 0.365405833421972 0.390130975199697 0.418157391760608 0.406209417522815 0.46557935247427 0.390527937089554 0.43327095273923 0.363075787676347 0.412150166444266 0.384344294869075 0.448288790437328 0.35968170277895 0.359867847826787 0.278223048585309 0.422112832855674 0.374543685552221 0.385231827131395 0.372487896013074 0.448588389746421 0.41335989373725 0.397120121501949 0.361286061236191
"mahabharata_14-appendix-04_vaisnavadharma" 0.362460419945011 0.392045321970071 0.423390744138248 0.367922606828025 0.360431450020991 0.414701656195627 0.386256438769077 0.392818604953177 0.400019721345607 0.409392249422294 0.408670886032008 0.369900055002094 0.363270708196286 0.359759016985124 0.329411902256636 0.383995430507616 0.353133516299891 0.396662126378936 0.355493473048039 0.268277804111869 0.417175701443887 0.362732318602051 0.359893070572188 0.368729372762449 0.318988537922164 0.404440798308236 0.338296390058202 0.384359827675409 0.369132382185405 0.391534853534436 0.323672255507603 0.356380615162574 0.501872879681981 0.368910132893079 0.426504693115854 0.371811646966898 0.393361047876855 0.381568061393135 0.440814744510936 0.378449593056326 0.373342860441702 0.331682469725665 0.343091345514953 0.375842503584598 0.3147402112987 0.384228549255295 0.329980797773618 0.299541411851751 0.348953363718731 0.315304713915789 0.373603315891643 0.371310728042212 0.382036557009416 0.385241565537011 0.356153005487871 0.350025873510574 0.362828342396867 0.394878258932052 0.268690637716756 0.248493680049501 0.307546657044432 0 0.301460520604282 0.363374265344602 0.406041815669386 0.477709375734035 0.411281548351402 0.344727451845149 0.4488191462048 0.374810094581576 0.344311285406622 0.31314593130875 0.353593101508047 0.356068320030603 0.376209464744113 0.319553908807318 0.39540048224734 0.457392436691472 0.373457190562797 0.36059211852408 0.391688889010192 0.370148763919009 0.395326304024057 0.399049886710792 0.361431260155412 0.352621697180657 0.406461546706665 0.360346740759811 0.47025577168879 0.414531992498334 0.399311382464451 0.471689727654415 0.412824160866682 0.334764774798442 0.375569092473752 0.394897676189933 0.383743490824179 0.357759278054505 0.300322011508723 0.4128677839769 0.373747617929743 0.442732701480472 0.340945063630916 0.372722416081478 0.367277807663006 0.369471331766979 0.405104472918526 0.424254821462647 0.403926560499643 0.467812501674973 0.394532875499253 0.429706613264399 0.352857609260646 0.398137971093893 0.408695908143519 0.437904700499521 0.349078151815694 0.357323914013791 0.274347906652275 0.414980485158336 0.381479222054496 0.375811928088125 0.351287462109709 0.4406000944635 0.408981025430493 0.398180979208807 0.349658929522275
"mahabharata_14-asvamedhikaparvan" 0.381091278246346 0.325616632471914 0.38603843427872 0.318325089950482 0.304894543031458 0.383096404195001 0.340849016757088 0.352255529057787 0.358782904055089 0.355838588365467 0.390548012541897 0.309235070902623 0.319329883404726 0.332179698483007 0.32720627923246 0.358655414628234 0.304143438997871 0.375288839215845 0.323175866032627 0.223028549376405 0.397145357339736 0.320222114369572 0.367111723777307 0.376436679040309 0.353887349401458 0.401633330028325 0.262881235771753 0.299846329189637 0.323034531209568 0.341801764033188 0.234652462517009 0.341656144248685 0.519576595517683 0.298595505550682 0.395608881425014 0.327680823724465 0.367815858137083 0.354274758080553 0.407057289324745 0.309447867326233 0.336871717745085 0.344731159195367 0.31771290413814 0.370158321799607 0.183092071906135 0.319395375349643 0.222456541667215 0.17526817909835 0.239138036415393 0.193806699027193 0.276015031402612 0.311807671238093 0.286787152926371 0.290803216469263 0.255492655637119 0.256993569748959 0.278723689146004 0.348207455508388 0.166393345209459 0.198985356570288 0.306005575185342 0.301460520604282 0 0.254648713821382 0.322631561189435 0.422474894595559 0.353413533522887 0.31127632589554 0.415061385595542 0.305574841197328 0.297672155535123 0.297397043873984 0.358370677821344 0.354147274829505 0.378030060458715 0.266321740159425 0.383112224374962 0.433776870396282 0.287904606472222 0.26532287268863 0.312945104411337 0.286856800957987 0.320009196299043 0.316641758610344 0.266519351025212 0.340442036930701 0.438088577560354 0.370559251568041 0.443072321125731 0.413396728634463 0.35436363660811 0.457657053473002 0.367473496892654 0.312031703265975 0.357921697106425 0.402819211614201 0.349999897958139 0.351712404018951 0.295103453408284 0.400797228725049 0.329677039649668 0.405296585672761 0.285563239244872 0.348479571223833 0.324445813764891 0.336823005187851 0.380030707559589 0.414835119123406 0.376534005081548 0.459643885430049 0.382546491679581 0.401711659645825 0.373050584595609 0.340298472287772 0.37768013284992 0.448217759919037 0.345505635668338 0.328642103166288 0.261527086334305 0.378830005531822 0.328013805425597 0.36260350119189 0.354567078371041 0.408313297622075 0.355796957789346 0.376097331725702 0.307412372506732
"mahabharata_15-asramavasikaparvan" 0.434849186599519 0.371109667397379 0.435739354531604 0.382446035652284 0.364839572061516 0.431377128446924 0.3920204713192 0.406083253187517 0.402861325744777 0.388764477891143 0.431920142342553 0.354576648469316 0.383997585947053 0.385640008952634 0.386944067498716 0.411155689370505 0.351870941847275 0.419526933466251 0.374338265905651 0.301722055634573 0.451294954981888 0.373315003586527 0.414942600118589 0.430498253222329 0.41900078711255 0.455904267480796 0.314839522995613 0.352460518735447 0.381511497105541 0.376842087117586 0.287909384063991 0.395355236766291 0.5468018216991 0.332503793429634 0.424850542529249 0.354857543232201 0.423154943746141 0.409892501387825 0.443615300089252 0.343098259251516 0.398277097671745 0.419966730863565 0.380567543124556 0.428158911750526 0.23855132186236 0.356552487531626 0.229120926157205 0.24200664137668 0.280416379628795 0.239041345654309 0.308124391632884 0.350702211991369 0.321851685206721 0.323209135319159 0.271622641711785 0.305578715169677 0.300375765012481 0.415250866634456 0.27748671396585 0.272384033390859 0.372704923386777 0.363374265344602 0.254648713821382 0 0.34816169026794 0.417980358806329 0.342482020111626 0.361518320297262 0.439967684451753 0.353780935265661 0.348070286797898 0.353207838408518 0.416096317685781 0.411295192192967 0.413720868106411 0.33428921452421 0.439524284083879 0.49153084987118 0.314243255031623 0.304282339637451 0.362998302386357 0.342185483476801 0.360823614307229 0.365152293502626 0.31931439628864 0.402314741099338 0.483616613448671 0.433658539352513 0.488103646828376 0.456105440305409 0.405182069080523 0.503904679820488 0.416725402716902 0.376739524645035 0.421796362931332 0.465295992297057 0.408199570692374 0.408795303076517 0.354712999503923 0.460461274408497 0.382915125227513 0.475524671981464 0.346122869792864 0.405363422986885 0.378029953479373 0.392398533196429 0.440453315534244 0.487068681822459 0.423373257127007 0.484495629381791 0.433470988764419 0.436191092465661 0.425969873656513 0.373291237330151 0.44344859058844 0.482667155508162 0.401364961594269 0.385624939179859 0.342351919042767 0.43451240236282 0.388170971590614 0.411567192744346 0.400071574488331 0.439411099770125 0.399099852374186 0.429212784059918 0.365352721348531
"mahabharata_16-mausalaparvan" 0.435079459427125 0.39544935794245 0.454352196801698 0.401832515888216 0.392603833142329 0.450727575061886 0.422529399958467 0.430974241488478 0.425636303223754 0.411229056815419 0.438857496871174 0.360839517682231 0.416758340874668 0.405804611608553 0.415894974142192 0.445095893650555 0.38523770171121 0.430035186843903 0.401845705331906 0.336189181388601 0.467877894764959 0.410525437958467 0.436977549946338 0.435061724314714 0.441397609803766 0.46645712622361 0.326955410245831 0.360130411588851 0.412940442204592 0.381252203269185 0.303726301089517 0.412446996918286 0.558972005353338 0.374881336403247 0.452734048574281 0.384985166512861 0.445783951029206 0.437405177265535 0.472972369612166 0.379777459238651 0.417217357770323 0.435145611625451 0.401069009661397 0.447688491512046 0.304073048547996 0.349911356742661 0.321969655133312 0.308453997660922 0.33152809839032 0.316243270700656 0.3379538824314 0.396437031878642 0.334198209605635 0.341105825765623 0.309995966584704 0.328660970068127 0.351209096893379 0.448695511436848 0.347414931139957 0.345317799128019 0.416676841734448 0.406041815669386 0.322631561189435 0.34816169026794 0 0.459028466093178 0.410383591938007 0.401257372122116 0.463458299346999 0.39939288210097 0.39123847598537 0.386011695449518 0.431685975754224 0.438211833780658 0.432282977213229 0.365474834303874 0.447368553230275 0.487424389447043 0.360779310574941 0.351823489218667 0.373704257619928 0.3535599159151 0.379076398392175 0.366646388458729 0.349710165177922 0.420757358365009 0.494801023352514 0.440654666502091 0.496660333897036 0.474833039171975 0.423898646872905 0.514643341897123 0.427548123064045 0.406142143644716 0.437128161334867 0.475081979879304 0.420066348056297 0.421154488082711 0.390257805542047 0.475609458338409 0.406541224545045 0.495384757462248 0.3646631213473 0.431568742799042 0.383918405275752 0.424246255077302 0.463243101957787 0.50035325107908 0.44474733899338 0.499012271014296 0.453311880711025 0.464199984802417 0.45627678146326 0.407074315364812 0.46133538585332 0.501642170430588 0.429708281522492 0.415068870726023 0.378478319013794 0.437902187167588 0.424209717257814 0.443313651243644 0.441845769612085 0.451333910219374 0.394716758076849 0.46166259407052 0.393251177778166
"mahabharata_17-mahaprasthanikaparvan" 0.534318397674944 0.496545056259974 0.533664533255961 0.495992403554316 0.487538909300685 0.530794049249629 0.507086423701055 0.506983233887766 0.513784670774107 0.507573800669746 0.537223634122196 0.484905898854114 0.504989465830648 0.504214464571352 0.497473227072993 0.525846187470017 0.487957730739221 0.532968893759851 0.503151417074373 0.450735079542263 0.540502596419247 0.494676574990302 0.527076158440758 0.530687133194854 0.519248205318428 0.542641111001604 0.449403681387461 0.47671447744441 0.501697838735818 0.495429922799761 0.441190109617007 0.506105402489269 0.602556949882875 0.471995852110514 0.538668829255041 0.484921899306977 0.525375190446758 0.521261386382145 0.542291195520574 0.467352646775447 0.508426965121937 0.518889570536725 0.493121343311612 0.52320120949343 0.410925484499865 0.47783647533206 0.403096410145688 0.408249874790697 0.426079872769049 0.41716161441019 0.454485686289763 0.478906221701248 0.454110615081838 0.457856028457043 0.426215487459666 0.435370090628672 0.441482675179259 0.509029106755771 0.431876002935163 0.434120019067437 0.489733974653415 0.477709375734035 0.422474894595559 0.417980358806329 0.459028466093178 0 0.433091895657145 0.495878247182837 0.541910743788314 0.485086527687193 0.487584589388313 0.487779246608078 0.525502092640261 0.510673105081568 0.51888347029515 0.458249381858388 0.537840000479773 0.578096873223602 0.446221898790067 0.442611137641591 0.471947407277992 0.455393605124517 0.477751276690802 0.476230925603514 0.45235272695391 0.510101794448538 0.568148298057675 0.537190645023288 0.580519985704426 0.535763499604224 0.505489725081987 0.58819551905433 0.509510919354378 0.499662530359563 0.517808170551294 0.551431824589854 0.508334063585262 0.519784147718249 0.471311688069951 0.546265213373518 0.496764488893896 0.555836218486502 0.480324418295237 0.498042566561279 0.491184589023002 0.515519272143685 0.540743926348463 0.552396375799375 0.523613703021143 0.573631060165967 0.540250440575584 0.546626813126379 0.526477392241829 0.499507720421267 0.542237566144895 0.54979517739074 0.503863649489481 0.507743853751769 0.470815893785924 0.514053334777565 0.501167750036346 0.519342757749408 0.516658757970668 0.545559999164333 0.504072433223472 0.537584184503138 0.492555605403182
"mahabharata_18-svargarohanaparvan" 0.468748993559579 0.427089711856921 0.471411531117347 0.434158619492051 0.41970481608018 0.478064656942263 0.441893959027368 0.450846596929899 0.44771389724617 0.446385525598219 0.475994555673914 0.418443178252085 0.438578095038489 0.435869666010431 0.432592759036412 0.450893469919696 0.409640691302995 0.45921630839482 0.423936831160394 0.369182581338209 0.480099962011313 0.429832550992912 0.447062322035826 0.467231079646963 0.458387983562383 0.485795853874473 0.378853034212599 0.415369710926922 0.419325294859768 0.416052639804517 0.36082626336743 0.439884895875628 0.554404997716911 0.391194009165238 0.464452125972304 0.420954893995394 0.459336920180268 0.453412759493525 0.477371198215153 0.405113147431856 0.432702473593647 0.457488931202949 0.420379390146375 0.462680675144311 0.34048635999035 0.397261717900451 0.33029654854615 0.331446728031759 0.364730490525114 0.344516185974623 0.376518749982802 0.412091463636954 0.38038450609745 0.378437803701348 0.351397524529196 0.370577681791672 0.374761754389136 0.459141949954573 0.36031471138615 0.350615859742011 0.418798868313256 0.411281548351402 0.353413533522887 0.342482020111626 0.410383591938007 0.433091895657145 0 0.420300950079563 0.483671922253752 0.425546701464195 0.413590538498882 0.407731388459903 0.454043649471976 0.452126263542911 0.449770096631942 0.391030290735818 0.470005112006103 0.520722384664209 0.38816696929575 0.388607543248372 0.415568652382912 0.401595852080874 0.419444042624038 0.415503676515297 0.386191340065242 0.440874697919662 0.502012785774701 0.462771065847165 0.518732629247518 0.483383588285432 0.449801430977772 0.526562852736493 0.458670624232804 0.424088864322769 0.462913079549246 0.494297309993154 0.446887989181162 0.449469558395845 0.391144514768375 0.489265168943894 0.423340319752295 0.502619988613272 0.398786242520406 0.436424835767728 0.428847566959096 0.435419586824864 0.477820110616881 0.513450341197299 0.457487002275743 0.500494162672622 0.468810353294869 0.468523260735435 0.459276512037049 0.428268540791306 0.46989513939971 0.495439559775284 0.434000564422275 0.427618165368777 0.402384530742275 0.460126423074299 0.43478965732222 0.447772168660112 0.451476322493918 0.491102704467733 0.451834623524209 0.478033372911466 0.425999527421819
"markandeyapurana_adhyaya-1-80_u" 0.303859317409714 0.314595751103569 0.363061094214859 0.332565902842691 0.319877252789496 0.3841820477727 0.292746396470018 0.306330199078065 0.310098169870439 0.297036327845982 0.393550334674875 0.318691249489478 0.336536031624355 0.335196119329835 0.253415732957906 0.290659704556382 0.216807725644213 0.278807048234197 0.222715027415315 0.246858843103733 0.331684821168575 0.254543997115704 0.278144176376991 0.275957593240591 0.266561460028968 0.353637219196704 0.31765033088756 0.368746616585507 0.377720000911549 0.382995272188768 0.28643589234157 0.242820657801499 0.513950608495079 0.341049828903408 0.410175179648529 0.344502166136544 0.379393756061818 0.376089316530301 0.421070331662251 0.353154020289424 0.270261527726094 0.29647470475748 0.265156589242348 0.31945665746681 0.29001327548833 0.376254727963826 0.333788640165075 0.283728290451263 0.345582917317328 0.317035346203606 0.367302237218499 0.379040248930565 0.372395901402817 0.373767950438623 0.348394249304759 0.344327163327248 0.36921029815635 0.407111948462091 0.282903089671774 0.283296914312723 0.352597406393416 0.344727451845149 0.31127632589554 0.361518320297262 0.401257372122116 0.495878247182837 0.420300950079563 0 0.337168244122219 0.230740392274008 0.085223586859091 0.204101676399664 0.265427536102986 0.284858814080373 0.328286099938757 0.273898704064622 0.323934367811643 0.375038932679177 0.353094661292576 0.32415892462286 0.361795243127462 0.351407860630068 0.365563113221445 0.383849681470071 0.334420431284114 0.273436304438877 0.374661753119383 0.336592157045452 0.371861857025849 0.376251628854895 0.30022460563828 0.396252821529542 0.333266225629313 0.23423144599305 0.291580736660086 0.357908546841737 0.319165407553411 0.252805907413936 0.277144903124129 0.351268131579147 0.28733358150356 0.396946501718455 0.262251510614769 0.295921939793627 0.256860643982054 0.253166189098367 0.321735306532899 0.380244603340962 0.308628185569063 0.380184181871587 0.306880500568802 0.325897043810735 0.298749903168762 0.27946459062149 0.32257185002436 0.382452579791039 0.276465944072683 0.232306172076258 0.285702970867764 0.394157381519688 0.257820496108635 0.27261338146068 0.276662757666718 0.343174645284753 0.293441348225754 0.311327549513084 0.202773797133277
"markandeyapurana_adhyaya-81-93_devimahatmya_u" 0.410931249194516 0.421249189008751 0.450361909994605 0.429362451575799 0.427317316788849 0.464023300034016 0.389281414908976 0.406818422732461 0.386176362044644 0.4112317888411 0.461394510919584 0.412021053480087 0.433797713766859 0.433570957134469 0.369454173663032 0.396949767818348 0.349543648197998 0.342706166676753 0.343117433247742 0.37667250447596 0.40605344686231 0.352118767108298 0.360482284775058 0.391186116915046 0.402900185710455 0.425406253719534 0.379930713207949 0.415130104314699 0.440481164205441 0.400010661326244 0.372515068215114 0.341149405170756 0.546002021925221 0.428509402223836 0.463307651140354 0.423999263400691 0.459837930662117 0.460343698535971 0.479042483169517 0.428957644759575 0.370535039806441 0.408692788136643 0.371711360501943 0.40134305427698 0.401802859522506 0.4164140856156 0.420490309283248 0.391385354224185 0.422828718759376 0.417763655166434 0.418160206092761 0.45109711319036 0.419958505480384 0.420816398857823 0.406802442005605 0.415758930153749 0.441091939536931 0.488497445392004 0.41031975697906 0.404601443116636 0.442569058105318 0.4488191462048 0.415061385595542 0.439967684451753 0.463458299346999 0.541910743788314 0.483671922253752 0.337168244122219 0 0.355950347782416 0.303859690061876 0.340609813369902 0.376436645781477 0.396276926951262 0.421333255815429 0.388394488081561 0.420676093014352 0.460721513639654 0.433137941879798 0.429832125723926 0.423845726449276 0.429362347252454 0.425296000985143 0.420257824547932 0.41210709577483 0.370358271141391 0.456895972207914 0.450373194092318 0.453899395523245 0.456444955452737 0.362531943022604 0.466952727858108 0.401245779447768 0.35009533177408 0.394081562982296 0.447546690569732 0.382154628865393 0.373057183425634 0.386726815712934 0.433277632738915 0.36656759769317 0.470000057039251 0.340491863666192 0.391021576286093 0.335289882457833 0.383344241715303 0.423898511300538 0.475847072642372 0.40414078416863 0.450889865179294 0.410986607444938 0.415956324641304 0.422910179532893 0.387975378733312 0.422217122576644 0.453527893658417 0.369090442188735 0.369489141602084 0.393901671072463 0.447631900770049 0.365441153429858 0.38600593009114 0.394938733967945 0.425479028179472 0.357031195017708 0.415267319895586 0.337157842585489
"markandeyapurana_adhyaya-94-141_u" 0.379906502736183 0.331047705062768 0.378103401464693 0.355528353765794 0.335301922331852 0.412299149028027 0.335532629110658 0.345159590529315 0.343252061050467 0.324496205853781 0.41006592812493 0.33416716177456 0.366675908429945 0.356020837693387 0.305478820012053 0.355708109775651 0.271855219129042 0.350930145863757 0.298383047162248 0.275955439934105 0.376242030876304 0.29809032543655 0.346927284073758 0.349267672356851 0.341060114489912 0.400037462169685 0.328996694363127 0.365574507855331 0.387518707044976 0.393882480629496 0.299441568600787 0.299641174138094 0.529572707082801 0.340378970928277 0.426299456820346 0.353311481497213 0.399240909449859 0.40644530041105 0.428745516541525 0.354113428271994 0.321414252260949 0.351497724351548 0.324619666718019 0.370970350366308 0.278030241132427 0.383413476314767 0.332717849996828 0.284380551228226 0.342704828113252 0.315419290062268 0.372132474415082 0.3765342128046 0.375215607549344 0.377737986704717 0.349254319664855 0.350931267565435 0.371441968657694 0.415480466849912 0.30356118300211 0.301584260680372 0.381132718625401 0.374810094581576 0.305574841197328 0.353780935265661 0.39939288210097 0.485086527687193 0.425546701464195 0.230740392274008 0.355950347782416 0 0.172978120210379 0.286541728671795 0.336724053915062 0.326833140396597 0.357203190706546 0.288496462307655 0.367148043744329 0.422803344952638 0.342525285692463 0.32588399868879 0.356667516103626 0.353413674817695 0.369708691786871 0.384564260437585 0.324151484423418 0.324525568832723 0.420046888703035 0.394219807367886 0.422386724949205 0.398013127135552 0.331089806968658 0.445740020248639 0.340766049468935 0.297070514099126 0.346730997051849 0.408200786798499 0.338901239176134 0.323951187410782 0.312460781821452 0.394801531283468 0.319849826207008 0.422323787524742 0.284649402330541 0.33269774690308 0.300618630814591 0.325657133242518 0.383079720014959 0.432083407027715 0.359343105670416 0.436802573973984 0.375426710881824 0.380316496952316 0.359229178481889 0.322019662644879 0.384497820555404 0.425844519222095 0.31351746410268 0.312519218226915 0.305621912314647 0.390670207347683 0.293548080928299 0.338119115576227 0.338184412876196 0.373353952810356 0.320696504783356 0.360766786870046 0.267399525281384
"markandeyapurana" 0.313100667862825 0.308459485804591 0.358240477976981 0.32700598765268 0.312413482215551 0.38156657805808 0.288349271583813 0.303292704862615 0.30218017691215 0.292047330113888 0.38955166203275 0.307975096665214 0.335960581938155 0.329441346481466 0.247761145989284 0.296680417294391 0.209945510647808 0.277021323770327 0.220096638407279 0.233084681627754 0.32882686961089 0.241891008810236 0.276663858821266 0.280935308649451 0.27718275300469 0.353823679036116 0.301083801808753 0.35377174277779 0.365412726632097 0.368534032399893 0.267423151155874 0.234383611745129 0.51023190446325 0.329374894803612 0.404015967440658 0.331475805605226 0.375758613635604 0.374675554331509 0.413137532206544 0.337112538134445 0.264004245149256 0.299085694516753 0.263910013593214 0.318952165515486 0.270633459394803 0.360888341822368 0.319859124119615 0.265162364523955 0.331886702565716 0.303786602243074 0.354582375888072 0.367864575019173 0.359133484260545 0.361417693093558 0.334043885247832 0.33348892250751 0.359302194692923 0.402538221731566 0.27626091884836 0.273519837537649 0.351770271628435 0.344311285406622 0.297672155535123 0.348070286797898 0.39123847598537 0.487584589388313 0.413590538498882 0.085223586859091 0.303859690061876 0.172978120210379 0 0.20011262727403 0.26864383262677 0.280519181794761 0.323980413132949 0.259738760199285 0.31865353229283 0.378623905818481 0.338768814988599 0.31386351256733 0.347186454063041 0.339804319682954 0.354244207635681 0.369956123620526 0.316902629990834 0.267489369481249 0.37600842300751 0.343670686548223 0.372213293558083 0.371363321646325 0.287969725388925 0.399276522565491 0.318647981419349 0.228937026529239 0.293790609013058 0.361621154707638 0.305305387293017 0.254500171583268 0.267028452567052 0.353841154946013 0.275634795871715 0.395842151975088 0.243404962059813 0.290929896419496 0.244527304356747 0.25534153169493 0.32810924904017 0.387498921530223 0.308546130366072 0.387760201975913 0.315050671860896 0.327455494300931 0.304428538740016 0.275629745334865 0.327475486103043 0.384242924053884 0.264634994909606 0.236695085561114 0.273614105693251 0.380746909620269 0.249473837657548 0.276173941039071 0.278847411417895 0.338809297028835 0.277812823503588 0.314702102071949 0.192360686573713
"matsyapurana_pu" 0.253869202251481 0.309983374844108 0.357532439788459 0.327254145655372 0.308395829048053 0.36189691496114 0.288486460761589 0.303133549939434 0.286361995881313 0.296998352975984 0.390017921724339 0.30554159832748 0.333322113040371 0.315211957673563 0.194066199099573 0.247793651503824 0.176253704313734 0.22504182128262 0.162266425540238 0.206562535564937 0.322048879387985 0.233000553365811 0.226357815141475 0.233509775708955 0.254272390110693 0.329110903647113 0.272039872512547 0.338583326000595 0.333757613442573 0.311903479495623 0.23632234810044 0.213732708883881 0.491074740446084 0.31140702008404 0.38327591895049 0.296686024084381 0.37230195683524 0.356137902859965 0.409289512949864 0.316497261288474 0.238212289465152 0.270580310470552 0.201494254294145 0.27057340934549 0.270643224380719 0.322490581197081 0.309648182739149 0.258772574897922 0.321198714920031 0.298485341243384 0.33102704451203 0.353188754706666 0.33632307784951 0.340133614397395 0.31394367746928 0.321601451488619 0.348849525683616 0.396238030487363 0.268122998782632 0.256243491971004 0.322882478122167 0.31314593130875 0.297397043873984 0.353207838408518 0.386011695449518 0.487779246608078 0.407731388459903 0.204101676399664 0.340609813369902 0.286541728671795 0.20011262727403 0 0.211445464469467 0.272791485915806 0.290604666959173 0.262415996287722 0.284194947108594 0.36322752160749 0.322783645711983 0.315900594802224 0.331817965210359 0.315035391331897 0.334912727475207 0.339900352104142 0.30021517058811 0.218425178845578 0.336523014984208 0.301454648918623 0.341693359166937 0.362928223489876 0.27629115529304 0.360313368360138 0.315808000599212 0.198745500668123 0.253127292976997 0.320439029838278 0.275267516630647 0.229643566472736 0.237892359290058 0.331674422112211 0.248498890053533 0.382080454882378 0.204524861524586 0.281837437887232 0.219437651122645 0.211244625286641 0.303970281263589 0.373042342020946 0.277926261380995 0.340969164251929 0.26314083686535 0.30352612871807 0.267497461247959 0.250921931083668 0.288236873279316 0.364357414480947 0.2485817450056 0.184115422463574 0.263476041961674 0.373728054700123 0.256217937438484 0.272643523927136 0.282498158568836 0.341478921078884 0.290501183469915 0.330404334213023 0.210329875026254
"naradapurana_khanda-1_u" 0.214147504389211 0.337120006052206 0.367143979835992 0.35081426542803 0.336606490898946 0.391331264721449 0.316204997415748 0.3222818699466 0.32146774234471 0.33731409315708 0.409461256872646 0.336544091111878 0.345665305289807 0.341469886129648 0.202620859474926 0.308185720416597 0.250956586129023 0.243128240474583 0.23347348836925 0.277364011253931 0.310870705745036 0.251421465969201 0.243074168084454 0.201543245793059 0.260539703584077 0.327972716546843 0.332032675759241 0.375269041542789 0.380723714580021 0.382723413489691 0.326616307979185 0.239504350275989 0.485727684875976 0.392508924144676 0.44820152655237 0.374411404612847 0.410416190246424 0.406081153641398 0.461735942070444 0.399625252910206 0.267605479828421 0.2631854785434 0.244044306677684 0.252136349702699 0.349490347993469 0.386891545281343 0.38092587818677 0.337674961185816 0.39096628415467 0.365783245932655 0.3927945025353 0.407719502515544 0.394242484707373 0.395776657621999 0.382147185816562 0.38361068857271 0.398353789291403 0.42640495531064 0.329384048491952 0.332284806949337 0.351001658301153 0.353593101508047 0.358370677821344 0.416096317685781 0.431685975754224 0.525502092640261 0.454043649471976 0.265427536102986 0.376436645781477 0.336724053915062 0.26864383262677 0.211445464469467 0 0.267898339527733 0.331428867400745 0.296946334819663 0.286834623848545 0.339056332735563 0.382889069926845 0.368533267507458 0.377875134266947 0.374133201816593 0.382154099954212 0.388481685741794 0.365177177828637 0.237331955031288 0.326384517222596 0.30190148952642 0.355219755435535 0.386087248753806 0.298712752320737 0.371885059382908 0.340366281771378 0.245613168252876 0.236409794161821 0.282993491537041 0.306316042881262 0.231717299893479 0.297185283190714 0.314089513645237 0.309230218034678 0.384548321253825 0.287746967126844 0.327092235557615 0.259300677312737 0.302592577860867 0.355278896846623 0.384361087437876 0.340268950490639 0.386557664826202 0.328912738761251 0.369247880194016 0.320585808851185 0.341673960264481 0.333302177369975 0.359849759211472 0.280709311893155 0.277067822133387 0.291306311239617 0.395395785179988 0.309910664948786 0.315998119534121 0.299462532191719 0.36986945994777 0.323218959411651 0.330865645216744 0.257523382640976
"naradapurana_khanda-2_u" 0.321889618195894 0.357016468104946 0.392596551636359 0.363416188480831 0.349343998396204 0.413100706687165 0.341581809852779 0.344745719252299 0.349377927206664 0.347288918310972 0.41643497001799 0.356497264917498 0.369785996816804 0.381956651901572 0.243177046143643 0.362383568278679 0.283779687336557 0.328165595014354 0.295908160115696 0.286879580149982 0.358513691214228 0.244649084727932 0.29710354355605 0.310489312553568 0.281842104899707 0.340363001870501 0.333664952849055 0.381596944446113 0.411590811535006 0.420964341536365 0.332232922697343 0.283988705872954 0.498517278526954 0.396234439122073 0.461851415017137 0.393349546128978 0.443249077116326 0.436027912736919 0.483107041355829 0.401875465467004 0.31162202761715 0.303232855473881 0.303258538454041 0.322587609239492 0.342232683619438 0.402067156006831 0.377987365112503 0.331604360835623 0.387255510283719 0.355274141940587 0.415709181915673 0.415543879628024 0.417377154461108 0.421374723253613 0.397467485354987 0.388423216305895 0.395709041157847 0.438678826994176 0.32975724417964 0.326012466155481 0.355747876359203 0.356068320030603 0.354147274829505 0.411295192192967 0.438211833780658 0.510673105081568 0.452126263542911 0.284858814080373 0.396276926951262 0.326833140396597 0.280519181794761 0.272791485915806 0.267898339527733 0 0.346006701949261 0.293621944423798 0.319007609838921 0.402994840433434 0.376508629885271 0.337949003034105 0.365894480485557 0.369636312855987 0.376886170640659 0.403364063128257 0.35127762083403 0.28829857016319 0.385188921844479 0.36742414240206 0.40133727844894 0.380050393558684 0.293170538991852 0.42179255974198 0.353838678631847 0.283604548254091 0.322482023452321 0.347697404922825 0.340528694140659 0.263867588697099 0.294395989170354 0.359144389504624 0.323363103990795 0.42254056093522 0.316328212199146 0.324925488946992 0.276662428866756 0.348051098957631 0.402123098153114 0.41526625073241 0.375552573268917 0.442437335175436 0.384322447419118 0.407692740193472 0.353719556914853 0.357470392283258 0.388520782359659 0.37718483523757 0.277289477521113 0.328348753021667 0.302842006666275 0.414069517134053 0.343775012014123 0.363463099811002 0.341157411487375 0.400275480249426 0.339803503362972 0.367720426148169 0.301456498264745
"nilamatapurana_au" 0.357866517386518 0.401809999445143 0.436874080443956 0.417626077130734 0.401099102015403 0.449473279016295 0.390093263805265 0.400596461515916 0.385827845902818 0.394294208776709 0.448053400579737 0.390890601530657 0.41894370127834 0.407643022843049 0.29892028498434 0.381222420831229 0.330373028122814 0.36658516084337 0.335874355563127 0.304048351335848 0.392229047220196 0.3165659057371 0.322644702396547 0.345443490415904 0.352646144334805 0.38298786796613 0.347461945828425 0.392003853937442 0.427250431161346 0.410382330913921 0.355108357967071 0.305050881533864 0.511642589010947 0.401225009829981 0.453497270001915 0.385846633922527 0.447011015100954 0.444398579640828 0.476941209034523 0.41055564315209 0.347229025433996 0.35000817935389 0.333227687451465 0.350602250187666 0.354142506016323 0.405121816370738 0.389674233234487 0.34815389573323 0.398819300619128 0.38260946846706 0.414307558805015 0.419922751434792 0.414274747313107 0.414866951637713 0.388452086160609 0.40440609165861 0.422351591273569 0.456050517431047 0.363776250915029 0.349694834029138 0.396197905003434 0.376209464744113 0.378030060458715 0.413720868106411 0.432282977213229 0.51888347029515 0.449770096631942 0.328286099938757 0.421333255815429 0.357203190706546 0.323980413132949 0.290604666959173 0.331428867400745 0.346006701949261 0 0.338117134778195 0.374899927703571 0.441245990701544 0.392053390035157 0.387345458466642 0.399247328285823 0.392167212826964 0.40981201761572 0.417411155910206 0.376823917448295 0.329162571637099 0.401824995954594 0.398155255605898 0.447499629607809 0.373442136033375 0.345148807860582 0.451034298157747 0.362537829366643 0.327156637341552 0.358358775904248 0.383652860899033 0.350878893208049 0.324315461662795 0.304814177696202 0.409044634459621 0.341065840975202 0.447376690955053 0.313513148068768 0.341977173115366 0.321980398030637 0.363518317564214 0.417827325757885 0.448212359972176 0.398616582195521 0.422503077707554 0.395517951250181 0.406329963809335 0.378186601364055 0.377072910900042 0.414997116769576 0.408134239623055 0.307783905831384 0.347696147938394 0.351582848729591 0.409362865735676 0.374365396807037 0.382037755809574 0.377353309971546 0.431022117279355 0.376971297940633 0.423365881838306 0.34672902745577
"nrsimhapurana_pu" 0.331254540630802 0.325706654182726 0.363462071252247 0.309421161012977 0.294660390052769 0.366849962388537 0.317292784164301 0.331894767222068 0.322139940214727 0.330639968983888 0.375903323371703 0.285144550279026 0.319251952432407 0.310101066621053 0.266766340799367 0.366859195554031 0.268452894513938 0.332162709931173 0.29265725729013 0.195704734395648 0.364743597031544 0.258058248221286 0.316894649729912 0.312474788556661 0.324695365241255 0.359450080656384 0.266538010584631 0.28116212722191 0.349907953019004 0.351156107766773 0.244464645626554 0.274872883905756 0.49004308787652 0.314737335849428 0.407445833219911 0.309584345650581 0.385961834714714 0.38517635961512 0.416335826795766 0.319581407164508 0.286373615826988 0.305664860130818 0.278042697450374 0.321772393503834 0.24419446220086 0.314985647086169 0.29375844867347 0.227199303307078 0.307131477528786 0.276123569030226 0.333360909072934 0.351507694300081 0.33021925863232 0.33537378970637 0.307132330472993 0.308786439558612 0.338091014672629 0.379350993497626 0.253947728846524 0.256056128045266 0.329943472875003 0.319553908807318 0.266321740159425 0.33428921452421 0.365474834303874 0.458249381858388 0.391030290735818 0.273898704064622 0.388394488081561 0.288496462307655 0.259738760199285 0.262415996287722 0.296946334819663 0.293621944423798 0.338117134778195 0 0.315903643003387 0.409433422603478 0.273140535589566 0.260927737021685 0.277162806896186 0.280849716177468 0.298940205856186 0.307914085033482 0.243247229991079 0.283292517711228 0.398215870437637 0.357957552416593 0.414690883702136 0.374812020796544 0.296384491129185 0.430593164714193 0.306611941649451 0.276342523079922 0.323308299403469 0.37075007679569 0.31024047285541 0.288702025670913 0.247406558293764 0.372238954626893 0.302117445608466 0.416001647159489 0.265897627778123 0.299022245906604 0.254588602055549 0.340101355382015 0.396786090643787 0.422762826493738 0.359281626902026 0.443468727738019 0.387247331544772 0.396366866982841 0.368164375255158 0.335175907592949 0.392271544500354 0.400340786138875 0.285138239710269 0.317978978460017 0.234433195259263 0.338515865492637 0.305902722737601 0.342874224624923 0.339662851037695 0.384032769103378 0.305190351535132 0.361171011383256 0.270560282154977
"padmapurana_a" 0.338057068096027 0.360809569529102 0.398184400957618 0.372029999097808 0.360290110535752 0.39503814718335 0.355816917808603 0.357036600505965 0.347233731366564 0.366883306936093 0.424401034936821 0.356768718414793 0.383310665642253 0.3759410687492 0.283314563976645 0.389927507383444 0.309974816215825 0.329789635482949 0.313459267366539 0.311467590403954 0.373012226372487 0.292871725571707 0.34345705436925 0.322058560465088 0.338750836339513 0.393202999488987 0.358097160178214 0.395914948716639 0.414888430671987 0.402072458809968 0.353197458282846 0.305439844684737 0.517224080097562 0.421030319636101 0.491168162763512 0.403688708888766 0.457215777646376 0.457209772577255 0.490542692741993 0.427788641663199 0.318472169523586 0.320417634995511 0.312258803722514 0.343561948494049 0.366467191313525 0.401615553576961 0.402407242207697 0.354722301704841 0.418233780646975 0.390876209930065 0.422783816153457 0.424450156253146 0.422469908834702 0.426193540323462 0.411879120277601 0.401098397340108 0.427084265501991 0.443644808075961 0.36741267150394 0.359283262980124 0.39133372240424 0.39540048224734 0.383112224374962 0.439524284083879 0.447368553230275 0.537840000479773 0.470005112006103 0.323934367811643 0.420676093014352 0.367148043744329 0.31865353229283 0.284194947108594 0.286834623848545 0.319007609838921 0.374899927703571 0.315903643003387 0 0.379956053368401 0.389907252687454 0.383370915500768 0.392817203779416 0.392746347535398 0.399239555384245 0.411088804555045 0.369724940912574 0.299518633414932 0.383453255928148 0.351344688644442 0.262520751316572 0.415188704605134 0.322943116209328 0.302782245021663 0.366023864869419 0.305336663431877 0.32241587077635 0.348796024110727 0.351678479739575 0.295439377810922 0.319090535046992 0.382072489911409 0.331300852208771 0.444487606582337 0.321572659171473 0.348344064274022 0.303009842031058 0.37091343864631 0.416037884824508 0.444730839878986 0.400190002835005 0.436375427683794 0.397062477504801 0.433548958154254 0.381513210684146 0.387337039940655 0.400836750204396 0.404225386949218 0.309318351263143 0.347685018354478 0.335192674195403 0.413956944926717 0.346909842648672 0.377068857137287 0.357487753286068 0.374470380844002 0.341471385990204 0.381849626576014 0.297227370619951
"pranavakalpa" 0.380502385425024 0.395741644724462 0.398656675748452 0.398479800602979 0.400874072867172 0.4046107364088 0.382403727196598 0.380373347771884 0.384446826253642 0.401217189720022 0.431976700809098 0.414358579644967 0.403931891772945 0.409517258490926 0.376071262639629 0.397818409230946 0.368584762958138 0.359979928317634 0.36074944963456 0.40487351085617 0.370343758733282 0.384710987053222 0.382117879900866 0.365675507624524 0.392434872985262 0.410604650495101 0.43231711946221 0.449265219476041 0.444237666620927 0.451930733707593 0.421485964055625 0.376449237188826 0.546101449361721 0.46095895061929 0.502472294242296 0.452592566010835 0.464129499918909 0.459033976902315 0.508478303563539 0.47030888200425 0.363611071424606 0.362818253298824 0.359810557832836 0.372870426777308 0.436334873509714 0.454806262507241 0.459978748264827 0.433180485916755 0.4639010401094 0.445557773183122 0.468481539075074 0.48288969578617 0.471055524854638 0.47456938400006 0.47168843530696 0.458468949614002 0.479268793737763 0.45138592602969 0.407894660068796 0.424436903308689 0.438330910440969 0.457392436691472 0.433776870396282 0.49153084987118 0.487424389447043 0.578096873223602 0.520722384664209 0.375038932679177 0.460721513639654 0.422803344952638 0.378623905818481 0.36322752160749 0.339056332735563 0.402994840433434 0.441245990701544 0.409433422603478 0.379956053368401 0 0.458380978745049 0.454540140924424 0.457525627609105 0.44862840242636 0.462819377882339 0.466512289368351 0.44974236360174 0.345406460143282 0.424017233135291 0.381528856643402 0.41206029028606 0.467043993537752 0.394068527024559 0.414838851856722 0.407681811179513 0.365870743827593 0.336655206867469 0.377046771270187 0.408503208369474 0.321390291378928 0.416198889229414 0.352857950354756 0.397683492641014 0.423364549292636 0.383632523932165 0.402933915607839 0.388743014296283 0.387992647500856 0.406500697208909 0.423878760723864 0.403924680459443 0.465935465766045 0.401869937692269 0.4393853168599 0.405612445928697 0.420426033950512 0.390674963585482 0.445965142949269 0.405822081518709 0.372544151078287 0.399594536631356 0.474844603480594 0.380460046138606 0.407547616633272 0.408266037068598 0.415614337241023 0.407716213311858 0.399850799039881 0.360075877949144
"ramayana_01-balakanda" 0.40030043032685 0.370535952136788 0.416812593151783 0.356081786914853 0.338743461184042 0.412722008821921 0.375284043303504 0.394107946727427 0.378970156984857 0.356450085913101 0.425650199621867 0.331556215624176 0.382095089768104 0.362282599230014 0.356244162949745 0.389012256068325 0.310754744271352 0.383615854104124 0.338768146562177 0.266566714849771 0.425544041757433 0.345230787977617 0.38615039820186 0.393579738356854 0.406125437862882 0.43774669043121 0.28434396975652 0.325584110270863 0.361844473824552 0.340289107879733 0.255067009467885 0.352120682290464 0.536023085572569 0.305952430643702 0.414340424653023 0.32764146656032 0.414169187235999 0.405346228202618 0.436569219210028 0.32477784257329 0.350194459852457 0.384407723234048 0.338429799066915 0.390095939168048 0.243744725424597 0.314844548991972 0.290508149832038 0.239145226765741 0.303784835432478 0.285688177628125 0.329458734452279 0.342457856603856 0.33020416079758 0.341152056553956 0.293046290605344 0.30997967974238 0.349302694936212 0.399434374467583 0.291033570715131 0.284217887228863 0.37489379095601 0.373457190562797 0.287904606472222 0.314243255031623 0.360779310574941 0.446221898790067 0.38816696929575 0.353094661292576 0.433137941879798 0.342525285692463 0.338768814988599 0.322783645711983 0.382889069926845 0.376508629885271 0.392053390035157 0.273140535589566 0.389907252687454 0.458380978745049 0 0.245986013988277 0.273290314408621 0.268016690576409 0.28850158583356 0.289575876048342 0.220890993040691 0.353824719807001 0.451637645638007 0.415973489187025 0.456118194776887 0.429932851493593 0.360564391042951 0.467873385917664 0.371381606967069 0.347895165698197 0.379287028173557 0.434496145495567 0.373444912501556 0.373556915500461 0.322808841897524 0.428346661567035 0.344814876481286 0.454384790666534 0.309377354312014 0.353684543363344 0.318925746255701 0.363142968067326 0.425033664594495 0.47116473126588 0.394479844097151 0.454891872525263 0.409938548597857 0.408613970641954 0.40837162707443 0.340829432224249 0.420498745185018 0.450364303175035 0.370052551048803 0.352786374538745 0.316322854997337 0.401731869939295 0.357425406973706 0.393515057991429 0.398796794160668 0.417534268269893 0.372962753048803 0.425755943550028 0.340788322428726
"ramayana_02-ayodhyakanda_a" 0.385118527539893 0.347707845394727 0.408783718163587 0.335351843467621 0.315834324770617 0.393744691975455 0.360481236238679 0.376567729748839 0.37371903058619 0.350783979242305 0.389948697848132 0.305432457583481 0.351826644938402 0.350688880229523 0.341240714742107 0.395259213447404 0.316248811912263 0.381482972481477 0.340003932798904 0.26209340096144 0.415331043260455 0.324919549294447 0.37532671730686 0.378158450824152 0.377932935456445 0.421330014836748 0.275487915197543 0.336724984077072 0.372465570090833 0.36923361794066 0.256927970598714 0.341783775154968 0.523699546001211 0.336558320434871 0.428410978266977 0.343030530104311 0.420074590906722 0.404487464899132 0.448400085955609 0.345119106052741 0.358784560075962 0.37617849950797 0.346866798280562 0.393198056838004 0.231833873943644 0.343514089665003 0.270626630184769 0.214853670949774 0.275211997938864 0.249916787616281 0.320312203678386 0.352212046955221 0.317262520271276 0.325442206096294 0.300786058625586 0.296503106348824 0.307470834315931 0.394835828714117 0.257615686474933 0.267992738027613 0.340132201947683 0.36059211852408 0.26532287268863 0.304282339637451 0.351823489218667 0.442611137641591 0.388607543248372 0.32415892462286 0.429832125723926 0.32588399868879 0.31386351256733 0.315900594802224 0.368533267507458 0.337949003034105 0.387345458466642 0.260927737021685 0.383370915500768 0.454540140924424 0.245986013988277 0 0.221119497151287 0.23526774055733 0.249402346624167 0.276229890344496 0.233393849343961 0.364231779435978 0.443952978686595 0.391627672043114 0.455599679898586 0.424063300133511 0.360139760602394 0.474750239583806 0.377156447526986 0.335207647155674 0.371492476647913 0.425945346493121 0.372177344772601 0.351332897817466 0.323169217269586 0.424740947119229 0.340656977229666 0.445702403567588 0.308723122075865 0.370639594528048 0.319001783970388 0.369200124343322 0.426112959541228 0.453839368092202 0.398012298878024 0.45677659360925 0.413819803707743 0.424229383167734 0.403104378302282 0.358335832619044 0.422514992207897 0.447630033567538 0.361443381825105 0.35568285221731 0.296559282852084 0.404739532370062 0.363035562801816 0.391617771671245 0.388955529426024 0.418613178114362 0.364243236998727 0.410254491177535 0.33412553372944
"ramayana_03-aranyakanda_a" 0.389806348277039 0.370221423023325 0.412664464150925 0.352770714254302 0.339389587011614 0.401433104629494 0.376694569799131 0.388519827428721 0.379606779494506 0.379840857037689 0.406235683889787 0.327323132328099 0.370991106664231 0.370729257123894 0.361771589978005 0.41572723834767 0.342343022908176 0.384171883855111 0.358475179141466 0.292920170209688 0.432565733748207 0.35218978253906 0.384055215444755 0.391654256700319 0.399781085993355 0.433057969319784 0.295659666540046 0.33562858811498 0.37475089393942 0.351709096350271 0.26831616797186 0.35757229323874 0.542815892858846 0.367265980157739 0.447616657669505 0.370571734948952 0.44049544316346 0.430653636922534 0.469388648984583 0.372630168963787 0.370928114464327 0.389257414179618 0.36149976701706 0.397523497227391 0.280966836869026 0.339675766824734 0.319347355175615 0.254530068740111 0.302770519587522 0.306115860842139 0.327954799848951 0.378943123366487 0.321289578105891 0.332338985812639 0.314798799123876 0.315359747271286 0.335263498963905 0.421238016002359 0.30863721652024 0.313698596559492 0.373034513316597 0.391688889010192 0.312945104411337 0.362998302386357 0.373704257619928 0.471947407277992 0.415568652382912 0.361795243127462 0.423845726449276 0.356667516103626 0.347186454063041 0.331817965210359 0.377875134266947 0.365894480485557 0.399247328285823 0.277162806896186 0.392817203779416 0.457525627609105 0.273290314408621 0.221119497151287 0 0.226246081315996 0.210492948700908 0.216199307216038 0.228541206132289 0.376073845987673 0.453360116346977 0.407029322622102 0.464200943052391 0.43583722803293 0.372056125544908 0.479669820587994 0.386955440134384 0.359378848280863 0.384687537422563 0.437174887201558 0.370823750684676 0.362589742326863 0.343734815913034 0.428973306069433 0.360090312333476 0.456012319568647 0.318668650014137 0.381743904364184 0.327656822698418 0.391009504744935 0.444955010130546 0.465649179014482 0.418305118769599 0.457744172644351 0.424695604606332 0.432080304918134 0.423976407619777 0.388698461020527 0.43435084815393 0.464734063086981 0.374438618810701 0.379556490942098 0.324787062859779 0.398529869525041 0.383433525755897 0.410499237944436 0.416548584290022 0.439064223426019 0.363033147186605 0.432491676540891 0.355870683015691
"ramayana_04-kiskindhakanda" 0.388308413563885 0.367219015385647 0.406758893866642 0.350702088533121 0.337334921486576 0.397671129061787 0.372712771572917 0.38588205175991 0.369897800001847 0.367351993829361 0.401223181667589 0.321344316547473 0.366781696126993 0.366065314272536 0.358563411951529 0.387861998786376 0.32398969099291 0.372702744708308 0.336317243364575 0.272944360500708 0.426253971619276 0.349624354548545 0.376981440057625 0.385705100832053 0.398430270313739 0.425929279730067 0.273522172664714 0.326925549759641 0.358541034984917 0.323356392592758 0.246011520868798 0.355125386272228 0.535697428605104 0.345492440472689 0.428077679050167 0.355579447529929 0.422622198165064 0.407181054372927 0.453555704054653 0.353393733754507 0.35673827993826 0.384286967979231 0.339642194239555 0.391285519687782 0.264628222523782 0.314138514580085 0.292899055643354 0.238789148423169 0.291010516029259 0.281132651423303 0.312463081235616 0.355954863357036 0.30963149257921 0.319779062488055 0.295890757449743 0.296791749821757 0.322140263950371 0.410526673293497 0.287524803397443 0.292368851862301 0.357560374641703 0.370148763919009 0.286856800957987 0.342185483476801 0.3535599159151 0.455393605124517 0.401595852080874 0.351407860630068 0.429362347252454 0.353413674817695 0.339804319682954 0.315035391331897 0.374133201816593 0.369636312855987 0.392167212826964 0.280849716177468 0.392746347535398 0.44862840242636 0.268016690576409 0.23526774055733 0.226246081315996 0 0.213318908148292 0.221724321363737 0.229840368347081 0.362110392478931 0.438617431754783 0.388416221142052 0.4535336729568 0.434293534432543 0.365979818242167 0.464414474809236 0.375177019908195 0.346400297377599 0.373842906437699 0.439337469542593 0.373735733356643 0.361500057107794 0.332225645105921 0.421823431993752 0.347892575817712 0.443328959336296 0.300014134118319 0.366691652050597 0.325649996046372 0.36493712756426 0.422279061776404 0.452428705783861 0.395682377143902 0.427425049304578 0.399822198799889 0.416642419306117 0.412360352732669 0.370121765852572 0.411231401140365 0.459253321114465 0.371442070472566 0.353287726835067 0.314506744664526 0.399083645808905 0.365379660320363 0.385796880486494 0.403935785061349 0.433599994236855 0.360071453860678 0.419636102940521 0.34542472117965
"ramayana_05-sundarakanda" 0.399069798030136 0.377675366221865 0.420921280262663 0.354530946791889 0.342761526657095 0.402727929429481 0.383603527059561 0.400011231491174 0.377565683649018 0.382137083985795 0.401397343253715 0.323743387131941 0.370246541421582 0.376710540667341 0.373418559040074 0.417370613212326 0.34885458078191 0.376469668608333 0.360479907111935 0.301543284145424 0.435129856125228 0.36155806430437 0.385050369584864 0.396620274559251 0.416029634508295 0.435331065800416 0.295266750453216 0.350287981867255 0.376606977158543 0.337463119374168 0.270075684038682 0.366245464262238 0.545849952073029 0.370293508441438 0.452759889744867 0.369030397799067 0.448224396048537 0.431943485649087 0.468737924474096 0.381717516429577 0.380808240978583 0.408729211281976 0.36570813803359 0.404943286611718 0.286786041382418 0.335651151056222 0.319473400506515 0.26239656467626 0.304852675859454 0.308796566587519 0.334550917534618 0.381718181424541 0.324198995344097 0.335483586168497 0.321467362263561 0.318151676016467 0.33274294369805 0.42881415472409 0.31748831681986 0.323800197953154 0.37687824159102 0.395326304024057 0.320009196299043 0.360823614307229 0.379076398392175 0.477751276690802 0.419444042624038 0.365563113221445 0.425296000985143 0.369708691786871 0.354244207635681 0.334912727475207 0.382154099954212 0.376886170640659 0.40981201761572 0.298940205856186 0.399239555384245 0.462819377882339 0.28850158583356 0.249402346624167 0.210492948700908 0.213318908148292 0 0.218334070241619 0.247734959981624 0.386017223273018 0.453166114250297 0.405902584150252 0.462063647121379 0.449990080386657 0.381259154941813 0.475086092662117 0.397825682639942 0.36473878669897 0.391718113243809 0.451020484779538 0.389799201043498 0.369155794147505 0.36032761352381 0.434979798695384 0.368699959814107 0.465968376433523 0.325600547794943 0.399079686855908 0.342158599333647 0.393278027112077 0.443901843693549 0.475580651722691 0.417990321541256 0.443551764994861 0.429249878431846 0.430767680773738 0.42876339806203 0.392038554503861 0.435382739672289 0.479563292975105 0.39316014310044 0.381581587672815 0.331066929155081 0.410230528400407 0.389378559223505 0.414305734955514 0.416868522220603 0.439251646236067 0.364120956486707 0.43574688487461 0.362042458278695
"ramayana_06-yuddhakanda" 0.399058976078526 0.383504008805444 0.424220750255573 0.361185299012466 0.352613808754472 0.411917656827676 0.385756764568192 0.400490626640212 0.373412230170255 0.389653473093899 0.425425252847669 0.328686954772763 0.38184167084424 0.380136419566885 0.38100439329191 0.414416435349747 0.350609660664789 0.381881041646061 0.361203885078445 0.30674912392564 0.447253450051645 0.378638696843577 0.396227117104618 0.396048584252413 0.421781807788234 0.445460231243205 0.304694848077696 0.32522452199495 0.366361759712196 0.301433477412393 0.263756128670041 0.379329744723019 0.548520265347696 0.367211570428418 0.449395186258289 0.372974876255471 0.440515580835265 0.43182292590663 0.468024424357548 0.372774216864421 0.378180388422728 0.4051227334313 0.359311148341894 0.406956304044621 0.297268786672963 0.319115821128593 0.315152145823463 0.267725121448859 0.299490819625199 0.308234747405329 0.284586873381494 0.376948714202965 0.271899164587256 0.287296162922768 0.280641549234576 0.305314572208617 0.336803883239663 0.43709523145452 0.323516888226997 0.32797354305055 0.393711878541364 0.399049886710792 0.316641758610344 0.365152293502626 0.366646388458729 0.476230925603514 0.415503676515297 0.383849681470071 0.420257824547932 0.384564260437585 0.369956123620526 0.339900352104142 0.388481685741794 0.403364063128257 0.417411155910206 0.307914085033482 0.411088804555045 0.466512289368351 0.289575876048342 0.276229890344496 0.216199307216038 0.221724321363737 0.218334070241619 0 0.228470179792385 0.382848211264083 0.454428565208409 0.410622661180667 0.46678030334141 0.45983953911858 0.387709586590214 0.480041043183763 0.391706033937708 0.371360161237345 0.394764349728974 0.447500638087353 0.376645465090549 0.383807868195477 0.362393958390023 0.437620862626877 0.374940875663892 0.461531065274206 0.31114086838658 0.397660895418903 0.339366956282519 0.394638361470586 0.446689367647349 0.478355604760785 0.420513994140226 0.449727130630634 0.424864479934848 0.433542984797768 0.438476356024744 0.394166211133904 0.433216970589989 0.478177006101 0.396212088137729 0.38335877149954 0.345412673516143 0.421547460751428 0.3904951037254 0.415038601009863 0.425335549311597 0.448920510976736 0.369121232100018 0.443490956874683 0.368269135575359
"ramayana_07-uttarakanda" 0.384467109866426 0.348990115849407 0.400293525489647 0.33396167886123 0.319078826794001 0.393890962063802 0.354772668982035 0.370302314667474 0.353434474991925 0.350328402170787 0.400473145121133 0.308764772517173 0.358039584613864 0.346275108796064 0.334187966318961 0.37743545265631 0.297473591157341 0.36454917768596 0.322298553192595 0.244833454434029 0.414461288620711 0.328361653791672 0.37015102017702 0.379854225278997 0.38535279830913 0.413076598132076 0.268224637164957 0.295562213030376 0.351420267754517 0.330659756742928 0.224896404027966 0.329641128327335 0.530877673354563 0.306975515554959 0.407950431446331 0.321696911971492 0.399615579721391 0.392765746178718 0.424031849600882 0.314807506730512 0.33373468662833 0.364814779569886 0.32006330008033 0.379686416766801 0.234729288449574 0.305416168263073 0.281007281667287 0.213185859774636 0.287406280167958 0.265651669731713 0.30783620236929 0.338660821530567 0.302590185656187 0.314176659522411 0.277290946294569 0.291542988048547 0.333025625577422 0.395437507590554 0.273088670646877 0.270468113015563 0.352368995524212 0.361431260155412 0.266519351025212 0.31931439628864 0.349710165177922 0.45235272695391 0.386191340065242 0.334420431284114 0.41210709577483 0.324151484423418 0.316902629990834 0.30021517058811 0.365177177828637 0.35127762083403 0.376823917448295 0.243247229991079 0.369724940912574 0.44974236360174 0.220890993040691 0.233393849343961 0.228541206132289 0.229840368347081 0.247734959981624 0.228470179792385 0 0.339006526319376 0.437325339064584 0.401067181463196 0.442063335904595 0.421226734071212 0.338498373679303 0.457921300886863 0.353887938007673 0.327166478470055 0.362759270816643 0.418376495317209 0.346003383397913 0.358701447945465 0.308450827154119 0.416093753202652 0.327210746410727 0.432683454698148 0.276066919982456 0.341330485942491 0.294916894687017 0.354371438382375 0.413509591573899 0.453864665690366 0.379740288600924 0.445366916294048 0.398174231871808 0.404714144972729 0.401486733873563 0.339355738885337 0.407344607452551 0.443980323827615 0.349599950935274 0.340042435982365 0.297299222595694 0.383190743635423 0.342844320231361 0.384755799795568 0.391129130262145 0.414535539954652 0.3457813100641 0.41109507278948 0.325579190932481
"saurapurana" 0.303558596664017 0.338574961985644 0.368721972216142 0.356916424801625 0.342655634772694 0.394800849141445 0.309518818870553 0.319190380508749 0.309149682406416 0.331380121916327 0.416601380473654 0.341880639728661 0.35235972729622 0.345274565484413 0.224027392774636 0.313974750199889 0.244156356726522 0.264944164070838 0.241827417177805 0.253894338489398 0.319420724407863 0.234396974366915 0.262290978084499 0.264820816677342 0.287486099831882 0.327468756639705 0.32262427165136 0.348789515328213 0.363448259999743 0.35916812773673 0.309180161129901 0.256679314738602 0.489566619784646 0.369087862506581 0.42595345953437 0.362701618862802 0.40630458050925 0.406329193877093 0.441558250376609 0.372736710619265 0.211360074418031 0.251227105488751 0.193244921966359 0.248495906086424 0.330629633895588 0.365765562448655 0.363831253074909 0.319456235145277 0.378757709475469 0.350518404694666 0.382402138727003 0.400029764046218 0.3853100663634 0.389906931728038 0.370307232329931 0.369188200609712 0.392832671158883 0.41549848139504 0.313096992976543 0.310392879844588 0.352590452498658 0.352621697180657 0.340442036930701 0.402314741099338 0.420757358365009 0.510101794448538 0.440874697919662 0.273436304438877 0.370358271141391 0.324525568832723 0.267489369481249 0.218425178845578 0.237331955031288 0.28829857016319 0.329162571637099 0.283292517711228 0.299518633414932 0.345406460143282 0.353824719807001 0.364231779435978 0.376073845987673 0.362110392478931 0.386017223273018 0.382848211264083 0.339006526319376 0 0.344038520356969 0.330878512793955 0.352804298520448 0.373826681526784 0.249754457438648 0.349150797849012 0.288769798226902 0.228271677450357 0.236959764847475 0.303463647173819 0.293797751097198 0.236630847975892 0.272845901353661 0.28503627068449 0.266355616100299 0.37593142136623 0.247292859865832 0.273821267951531 0.243403606459376 0.298489903269327 0.355143611966859 0.390974623927029 0.309375103982623 0.399646675607183 0.336493284039106 0.362729033670357 0.325187765768872 0.320422866247584 0.33142561588639 0.36136120770049 0.264001109006914 0.266674785764676 0.297955486299962 0.388607198874274 0.286391682675444 0.314071611095455 0.32235726269176 0.371760814252812 0.317968670997856 0.337032361954787 0.258502622319834
"sivadharmasastra" 0.356497159885116 0.426084124716609 0.438369227486185 0.42627766047719 0.421514486270725 0.45175332889228 0.408282584463561 0.405576128290277 0.402540126705579 0.419627261621665 0.479446613242942 0.425328348235203 0.425946427845289 0.430050712322985 0.338782093037172 0.406992861358805 0.37364923708452 0.371345536648042 0.366788665694808 0.386055023806182 0.400007248205715 0.386952801824919 0.337223974512689 0.342656954612088 0.369542577955914 0.430053860118219 0.427990993206275 0.44098202053906 0.432492306804117 0.442522726445676 0.414672709892019 0.358711609905957 0.521181475809867 0.463292163709273 0.511204287788933 0.448366536600802 0.484534050467053 0.467561919538432 0.516152000716458 0.461630636845695 0.365139838792982 0.348233663309809 0.344001009710199 0.355657661329942 0.433588176171315 0.449846097844549 0.454280529214204 0.421321854907396 0.459815696013658 0.438590139664972 0.461504781137188 0.474486376622519 0.463707602299729 0.467799807034771 0.459555809587414 0.450032299644565 0.46777938291048 0.485406793111281 0.409532218756932 0.405553062700576 0.409846783338127 0.406461546706665 0.438088577560354 0.483616613448671 0.494801023352514 0.568148298057675 0.502012785774701 0.374661753119383 0.456895972207914 0.420046888703035 0.37600842300751 0.336523014984208 0.326384517222596 0.385188921844479 0.401824995954594 0.398215870437637 0.383453255928148 0.424017233135291 0.451637645638007 0.443952978686595 0.453360116346977 0.438617431754783 0.453166114250297 0.454428565208409 0.437325339064584 0.344038520356969 0 0.323040666646323 0.421921711548404 0.432943955423849 0.397830720956074 0.41692017407353 0.412925341256977 0.357842831215636 0.339126184166657 0.360121594864805 0.373045564302922 0.348568009224979 0.376515177587189 0.391631750089351 0.372199850081547 0.441967893157222 0.369639107372197 0.38833777972653 0.377374548938053 0.388921296297576 0.426349946845579 0.433482360706201 0.406076918336567 0.437896147446122 0.405817069330393 0.451816412030705 0.381601709378042 0.425063128756984 0.409723057110451 0.43606542505031 0.371201097144443 0.371851660273725 0.380852886926204 0.477689492107318 0.41077634007222 0.409051157678846 0.402461174994407 0.455681469403576 0.427694649227284 0.423839114695735 0.383820313710308
"sivadharmottara" 0.321656419288882 0.383155943879303 0.409250984646036 0.37460836567179 0.367959315004495 0.410510506328841 0.373585800361615 0.374627626413644 0.3814672666867 0.394706000410331 0.424669573980926 0.376771709961789 0.363079806201509 0.379157215892405 0.327499755269939 0.370701322170336 0.34793943989656 0.353335240136042 0.335788735855942 0.32775232592486 0.370860847776089 0.355453495099223 0.320430661787302 0.322330673713253 0.32767576228563 0.41197132048707 0.375002408929332 0.41369243626432 0.383118302253436 0.3927082218993 0.359917750610724 0.347991267479262 0.503334111669718 0.419079437050586 0.468734427984173 0.406209563535365 0.435616834380368 0.415256382051763 0.482999627032661 0.426665842309617 0.356580655851197 0.331323657652832 0.321639191809266 0.342366929231656 0.378352998354185 0.411079470371207 0.398943262841694 0.364853298562569 0.402203079317588 0.381759498764122 0.397016372617085 0.428492900143605 0.402439071760872 0.403966035706926 0.406738234071178 0.393284560987021 0.398287848382871 0.423992185867424 0.338189226349692 0.349228370732843 0.349431716576769 0.360346740759811 0.370559251568041 0.433658539352513 0.440654666502091 0.537190645023288 0.462771065847165 0.336592157045452 0.450373194092318 0.394219807367886 0.343670686548223 0.301454648918623 0.30190148952642 0.36742414240206 0.398155255605898 0.357957552416593 0.351344688644442 0.381528856643402 0.415973489187025 0.391627672043114 0.407029322622102 0.388416221142052 0.405902584150252 0.410622661180667 0.401067181463196 0.330878512793955 0.323040666646323 0 0.396538986731198 0.433295993543228 0.389764685278065 0.413774296449266 0.400470178960134 0.318163680214462 0.312284557563752 0.347175783157781 0.364532684877723 0.323170740527613 0.340526367348331 0.355527244978183 0.373250641263569 0.395177445556237 0.342298194069252 0.382253803828131 0.366639333947441 0.351724856627596 0.387707156991646 0.404998659253013 0.387334139745479 0.419440085418746 0.370271777175144 0.421791623726587 0.357747119205409 0.401317471241691 0.371094924558663 0.432910246003247 0.363641863493969 0.338521392285411 0.336150005662985 0.443561349004792 0.374441684289246 0.374777121000054 0.369995421579502 0.429159422875527 0.402761238750633 0.37638543766678 0.346582513968673
"sivapurana_dharmasamhita" 0.409636019098232 0.417723001033516 0.447084526912442 0.435161890853405 0.42501924032298 0.443154932648128 0.401770484216133 0.403419110168285 0.401108640202469 0.407843994147975 0.486562960411318 0.433152682969731 0.446641704718005 0.443369324858483 0.344801852034201 0.39543386625652 0.344454243969893 0.359149769342977 0.339005624528748 0.395781220929543 0.433025883213292 0.353813023610366 0.398251982516826 0.383694780737104 0.402068355138762 0.45303822374822 0.427567112341133 0.462957284932532 0.450180201537385 0.43443507548968 0.411493377575777 0.380071058936612 0.574994228913018 0.46179486267419 0.514690016922727 0.446906038850909 0.493814906352542 0.486187497175902 0.514226050297896 0.468796839692169 0.369763902787554 0.390480506948177 0.355233118286902 0.40146298844411 0.431385934965011 0.455589670437091 0.459430769946788 0.425306811365949 0.471727300793195 0.450497437284947 0.467199657744356 0.470297176928068 0.466950790101206 0.472860510946496 0.463054449303443 0.454650677414184 0.479638511837306 0.48788881994527 0.426154843605436 0.420710734876391 0.447195619734802 0.47025577168879 0.443072321125731 0.488103646828376 0.496660333897036 0.580519985704426 0.518732629247518 0.371861857025849 0.453899395523245 0.422386724949205 0.372213293558083 0.341693359166937 0.355219755435535 0.40133727844894 0.447499629607809 0.414690883702136 0.262520751316572 0.41206029028606 0.456118194776887 0.455599679898586 0.464200943052391 0.4535336729568 0.462063647121379 0.46678030334141 0.442063335904595 0.352804298520448 0.421921711548404 0.396538986731198 0 0.489491502302109 0.372577757626086 0.190729493166033 0.424744385254804 0.345960888877747 0.356150571053987 0.39889167895442 0.406270397916194 0.370120643806673 0.416821731260083 0.40958241769284 0.387389978141538 0.467153874366258 0.371078382112773 0.41575445562678 0.381417642525622 0.387166346111708 0.426895742872879 0.474717979637167 0.422920368105533 0.458027380443417 0.414403366951559 0.440095002192276 0.416186815553962 0.409833793071031 0.413913698255413 0.475513208189388 0.406540128017752 0.369563926621869 0.417674163966817 0.483483934361165 0.390930484262243 0.411469243756452 0.39594826226704 0.395007927953715 0.406611827086009 0.414678239793738 0.345470638852826
"sivapurana_karvanamahatmya_au" 0.412947509626639 0.428238667079213 0.455326437732233 0.442753859021958 0.436569404651441 0.482068945207791 0.422407457206671 0.429133369724055 0.430396534363183 0.435987375492538 0.47019808758339 0.42928732732551 0.439942934524872 0.44453657960645 0.361779074440796 0.429127698604238 0.387134015404874 0.412949001194704 0.391835896418281 0.364446983020883 0.416342721596073 0.357092359031946 0.376114106798908 0.39511384940897 0.387401836755955 0.417198176822817 0.409764009969319 0.441311159360597 0.457336731791607 0.466780527668253 0.411544060076851 0.362533390168161 0.511546749402906 0.450066441337793 0.486387119024062 0.442244448915034 0.470806219514342 0.472092881542495 0.50616508412248 0.445820141751589 0.381237046670053 0.375452612905946 0.380732637855264 0.391824399181016 0.407309549568325 0.460619865844489 0.439810405636343 0.399777837977741 0.445881321149467 0.424525732955985 0.463492290240738 0.459300499925871 0.466319587083605 0.46670601278149 0.441354072277838 0.444642804499854 0.45311932827285 0.471604091164561 0.402148180165701 0.393336994693995 0.409009353783157 0.414531992498334 0.413396728634463 0.456105440305409 0.474833039171975 0.535763499604224 0.483383588285432 0.376251628854895 0.456444955452737 0.398013127135552 0.371363321646325 0.362928223489876 0.386087248753806 0.380050393558684 0.373442136033375 0.374812020796544 0.415188704605134 0.467043993537752 0.429932851493593 0.424063300133511 0.43583722803293 0.434293534432543 0.449990080386657 0.45983953911858 0.421226734071212 0.373826681526784 0.432943955423849 0.433295993543228 0.489491502302109 0 0.383576263550407 0.482045356163899 0.396373499267011 0.378417002177626 0.391354797025869 0.410321085111816 0.384603110618137 0.370992789365121 0.337248573602685 0.417740458659022 0.382530945348785 0.451930569733079 0.372612873301665 0.357214352393579 0.372362929569121 0.413442069269293 0.44627454417483 0.456955257406739 0.426667366789731 0.479369851825307 0.439622092889013 0.451847648887176 0.407696904895303 0.425128739166511 0.441060414262774 0.430568118847585 0.338012366061504 0.395264292893397 0.385929030169622 0.460375284768455 0.406567771975605 0.428331790844233 0.423983224416088 0.481362030153277 0.41774731724814 0.442892492964135 0.394338960220085
"sivapurana_rudrasamhita" 0.349356730679178 0.3729801614824 0.41016913850027 0.383095351636154 0.367584337313128 0.425986455866823 0.341262343600766 0.35474418866002 0.338441994408852 0.357271431517557 0.427895666596434 0.36192584164255 0.392097954245056 0.398390839954496 0.248437276617485 0.357311608129736 0.275238716214835 0.297971634561921 0.281667242900267 0.289832839679294 0.349905475099663 0.20279866262393 0.302509013102988 0.325119730193712 0.327417503610301 0.325971506625926 0.316489647597918 0.352865325595849 0.402342719407703 0.382070586233393 0.327816953842447 0.25709851261197 0.51720723569588 0.381259885455597 0.442546641908465 0.379607676892672 0.432247428930883 0.434292491228338 0.462190751175811 0.386964890088746 0.284620532327891 0.326492580861226 0.270416495266949 0.29432220656213 0.336125336105795 0.380209068798548 0.376970652510232 0.332565238382312 0.386199195319448 0.363253447927538 0.397288523746847 0.409942160549972 0.399852906536586 0.400916669233333 0.377441046744285 0.377417133193804 0.410577858602788 0.431572853836548 0.345860583995997 0.344841048773095 0.380580395182598 0.399311382464451 0.35436363660811 0.405182069080523 0.423898646872905 0.505489725081987 0.449801430977772 0.30022460563828 0.362531943022604 0.331089806968658 0.287969725388925 0.27629115529304 0.298712752320737 0.293170538991852 0.345148807860582 0.296384491129185 0.322943116209328 0.394068527024559 0.360564391042951 0.360139760602394 0.372056125544908 0.365979818242167 0.381259154941813 0.387709586590214 0.338498373679303 0.249754457438648 0.397830720956074 0.389764685278065 0.372577757626086 0.383576263550407 0 0.379726897065422 0.257449799229983 0.252201636448231 0.272302364630078 0.330170480490296 0.299302370674287 0.283790846166637 0.311014287741628 0.339609389888316 0.282526655298451 0.41552515405757 0.266723926183051 0.304838251834288 0.247294310529416 0.342507382571651 0.391864800791383 0.424027935964663 0.352948310081947 0.427625782188088 0.384224800168382 0.38986828060256 0.365236441686687 0.342522045045456 0.384499549501286 0.384380411930399 0.293816803455773 0.317770535206544 0.335540974049551 0.396197861694415 0.312537829410964 0.354310675125622 0.353082345790591 0.393954717571567 0.310703350004661 0.376090840491054 0.284883969425887
"sivapurana_sanatkumarasamhita" 0.431631711402443 0.443051424155509 0.458284204645461 0.449718466596717 0.448433573086318 0.447374646295934 0.424546906005487 0.427100118870149 0.416124300604413 0.437745866092641 0.494975446355967 0.454405308807912 0.463607078563501 0.451798839629109 0.365869624889839 0.397447464140977 0.369508474342677 0.366142753500498 0.357257105124502 0.412951481967987 0.430000148539092 0.377437129895568 0.400687743246866 0.399253983158446 0.428096622713004 0.455846189436915 0.444445025625273 0.47284882205136 0.443488467017641 0.439596924459984 0.434946981193068 0.398423819868411 0.576129706150775 0.478453182190154 0.512794723201313 0.467383375231476 0.493557285742287 0.485027192704342 0.514876946825045 0.481673500670362 0.362569053910047 0.383886697112345 0.343449153951498 0.389780022986296 0.453878560521498 0.460175175955879 0.477675188984095 0.445191321420963 0.487408109774145 0.471630597021111 0.480163027526845 0.486877540589624 0.485970258258338 0.490360306009499 0.481252489549743 0.474233257574272 0.498445452588813 0.486275904026609 0.438762075434195 0.439286838478002 0.44678186424048 0.471689727654415 0.457657053473002 0.503904679820488 0.514643341897123 0.58819551905433 0.526562852736493 0.396252821529542 0.466952727858108 0.445740020248639 0.399276522565491 0.360313368360138 0.371885059382908 0.42179255974198 0.451034298157747 0.430593164714193 0.302782245021663 0.414838851856722 0.467873385917664 0.474750239583806 0.479669820587994 0.464414474809236 0.475086092662117 0.480041043183763 0.457921300886863 0.349150797849012 0.41692017407353 0.413774296449266 0.190729493166033 0.482045356163899 0.379726897065422 0 0.419443187083803 0.363780578654906 0.351847092226805 0.39006861749482 0.41711095199498 0.380245433279986 0.418287496871167 0.400716757707909 0.370191113020832 0.444025981344477 0.372364067025566 0.407851879439196 0.397417749312439 0.39457063024957 0.420164007268604 0.463912092254627 0.409085050186898 0.445137144054562 0.411278182580523 0.447663644042526 0.420170610710183 0.429185444646925 0.407254474442116 0.483598138445237 0.406906780943299 0.373892126860559 0.425893777058254 0.482841818547149 0.405765981945633 0.414618496822339 0.414850252055831 0.418134309005365 0.425880365939281 0.425342125650958 0.371113802902786
"sivapurana_satarudrasamhita_au" 0.383715637779751 0.361549232478945 0.390481663088107 0.376681895150779 0.368707794426088 0.426489318375468 0.345610615321858 0.359589612515896 0.343349314114154 0.358308062164879 0.442780054793506 0.361611881647913 0.384816381250124 0.380185000760165 0.324493689625806 0.388689923040539 0.321791744794321 0.348038549064261 0.33022279764102 0.311965562165887 0.371187626130908 0.302266225947066 0.349041841451044 0.355919218820511 0.371943981180155 0.366005116017365 0.343794490230644 0.353956149709739 0.40883531756392 0.389223083351265 0.344970158434092 0.308145423383309 0.522468109282573 0.392087751471677 0.456903067103314 0.380789530509888 0.437924824126292 0.441167239195494 0.454284553744126 0.396316558870892 0.292538054788839 0.341054760091537 0.299200408868197 0.338823225380622 0.349305205629506 0.384850492520133 0.385094931150066 0.346587990309097 0.394980827060989 0.377669461292218 0.403863801546964 0.412139130121238 0.403681481732961 0.404157475655662 0.389665443112952 0.389531785428898 0.42327039395416 0.438466338266291 0.355196431470878 0.355164882901858 0.402464144774591 0.412824160866682 0.367473496892654 0.416725402716902 0.427548123064045 0.509510919354378 0.458670624232804 0.333266225629313 0.401245779447768 0.340766049468935 0.318647981419349 0.315808000599212 0.340366281771378 0.353838678631847 0.362537829366643 0.306611941649451 0.366023864869419 0.407681811179513 0.371381606967069 0.377156447526986 0.386955440134384 0.375177019908195 0.397825682639942 0.391706033937708 0.353887938007673 0.288769798226902 0.412925341256977 0.400470178960134 0.424744385254804 0.396373499267011 0.257449799229983 0.419443187083803 0 0.304243411212577 0.320039844916063 0.375092117152383 0.324361884590689 0.320328706328252 0.331431272934026 0.374060013613539 0.309689878872786 0.403779406265385 0.280026327190427 0.332255403994709 0.299734145054022 0.368805692918485 0.409280342643728 0.443768233143303 0.348935003498098 0.447942597477393 0.402666736941804 0.413213116634075 0.404130812594724 0.364004294197672 0.402006084738794 0.413728563529473 0.327359373739769 0.345815090184784 0.349649221586335 0.413457956155076 0.335858464694639 0.382434525160684 0.390640694787863 0.413993106609041 0.349516121888462 0.399959619268761 0.324793388634142
"sivapurana_umasamhita" 0.300487401168321 0.336412624176026 0.373609507658148 0.346549486910582 0.335684682180219 0.394116924883104 0.312625139452881 0.325369214782919 0.321477528035937 0.324243129485066 0.403270330455304 0.336256167666999 0.351023734175787 0.338698963452034 0.222263560882305 0.27426700641597 0.208773291956744 0.255027329033265 0.202319378475099 0.23905050475076 0.324978765793643 0.229171961034989 0.260771034566972 0.26628447987968 0.261274430836441 0.322870696575016 0.303543657513704 0.357708680993441 0.355175659091151 0.357135509175147 0.277475619939029 0.246540034339761 0.494483540562581 0.339005316176546 0.405300892653313 0.34432540366567 0.390897868518969 0.370036645123106 0.429075086317673 0.350825446646551 0.254353069623697 0.282157370998672 0.226873678703258 0.281198563688072 0.298338664432842 0.356852863028664 0.339984627903327 0.288600224733623 0.349564189626481 0.320151809054787 0.358106871332083 0.378985320170778 0.365851531573526 0.368640578358996 0.348187807244745 0.342631954122279 0.366110582849429 0.404313069095979 0.285264894881337 0.280452051233515 0.325464322505726 0.334764774798442 0.312031703265975 0.376739524645035 0.406142143644716 0.499662530359563 0.424088864322769 0.23423144599305 0.35009533177408 0.297070514099126 0.228937026529239 0.198745500668123 0.245613168252876 0.283604548254091 0.327156637341552 0.276342523079922 0.305336663431877 0.365870743827593 0.347895165698197 0.335207647155674 0.359378848280863 0.346400297377599 0.36473878669897 0.371360161237345 0.327166478470055 0.228271677450357 0.357842831215636 0.318163680214462 0.345960888877747 0.378417002177626 0.252201636448231 0.363780578654906 0.304243411212577 0 0.260943634325466 0.3140984022693 0.29719678602153 0.244100534649126 0.267809988949242 0.322245983957032 0.271419654514884 0.379095641975195 0.244816474314635 0.288654125477728 0.252859387059799 0.250526750093444 0.319776690491895 0.378397652839343 0.294982041405765 0.37386061027046 0.303027115227647 0.326944708060196 0.285178210380684 0.289588802806012 0.309588160187274 0.370544077876539 0.256788259608475 0.223168152297838 0.279535687034694 0.393116157055218 0.274770369399908 0.288366495721323 0.290250290065668 0.362879427279368 0.306611056557458 0.327844299337358 0.233299867202019
"sivapurana_vayaviyasamhita_au" 0.297681185194302 0.366907050735595 0.379759841205938 0.360229678720754 0.357471676429235 0.400455284311385 0.334367301664414 0.344349951603191 0.341076931520784 0.355751677706304 0.425260815612179 0.369567944304575 0.367845397849662 0.369535490591346 0.245169938411352 0.310650223857067 0.267921481975809 0.26914450378011 0.253672667809384 0.302579104313899 0.32089049370571 0.275477267344187 0.286726284117775 0.268577410581116 0.306402674938425 0.338423565421898 0.351498609516364 0.380977931469475 0.380139904798512 0.386595419611491 0.341149354762079 0.269166440059003 0.507637124727556 0.391591963905201 0.440459179970563 0.384273007658073 0.406181378822971 0.39846968194247 0.456894268244558 0.402700812544552 0.261337749699182 0.266004884263628 0.231369487409885 0.23808939216024 0.354920069554855 0.39561280724234 0.386054123901509 0.349069759973271 0.396232452121777 0.37103788256162 0.395954720932593 0.414893612025953 0.399250239857479 0.403668830541775 0.392360492179002 0.384289601675481 0.408885527819596 0.414067913753479 0.329019178459841 0.346420878743292 0.359905016434527 0.375569092473752 0.357921697106425 0.421796362931332 0.437128161334867 0.517808170551294 0.462913079549246 0.291580736660086 0.394081562982296 0.346730997051849 0.293790609013058 0.253127292976997 0.236409794161821 0.322482023452321 0.358358775904248 0.323308299403469 0.32241587077635 0.336655206867469 0.379287028173557 0.371492476647913 0.384687537422563 0.373842906437699 0.391718113243809 0.394764349728974 0.362759270816643 0.236959764847475 0.339126184166657 0.312284557563752 0.356150571053987 0.391354797025869 0.272302364630078 0.351847092226805 0.320039844916063 0.260943634325466 0 0.266862321266846 0.322494438148215 0.265118698430708 0.321586044335189 0.292842070309811 0.292832463612692 0.364916652331405 0.279922944657066 0.321184971825823 0.292488063053934 0.308208269829093 0.341017110090656 0.365495746101399 0.330716162010675 0.404303779611944 0.333581882585253 0.378050848332093 0.331775755841741 0.348365410691944 0.329954701705582 0.3828662944564 0.306091501210497 0.284462975041612 0.323652604791362 0.407346437456638 0.307812913586315 0.333264454301767 0.322740071175585 0.377680896380987 0.343118834445464 0.342970572439034 0.274489444243036
"sivapurana_vidyesvarasamhita_au" 0.325106667483207 0.421072332923965 0.438411294461361 0.426025115987415 0.42089068455347 0.454930849648788 0.404461590004114 0.403096286593874 0.408177637619201 0.424813124546973 0.464476635997373 0.431983879987457 0.420056083189078 0.420132446740631 0.287421652210115 0.374388807862569 0.346372517304597 0.34285054539825 0.334214776408679 0.352056775173449 0.355833350671543 0.317313473392292 0.330964305599636 0.311270551431285 0.328252572935513 0.361097038659187 0.404411779031977 0.426942192804584 0.430288752896421 0.444604154296801 0.407861178657441 0.327124621606626 0.50813342781519 0.448401639021496 0.483431841123193 0.439906532252679 0.446835921571824 0.444762443267226 0.497062068975106 0.453905247680962 0.343446005976297 0.303819175616439 0.306963530513303 0.302614842990115 0.410905082746692 0.450545220115668 0.440083926502324 0.400879897287701 0.45043343954743 0.419634853455151 0.445962183605464 0.458294851207019 0.449083126774732 0.449829152308344 0.442631272056174 0.433051256386413 0.458074350843263 0.446120113619766 0.376268207123455 0.385099593073013 0.375775848022328 0.394897676189933 0.402819211614201 0.465295992297057 0.475081979879304 0.551431824589854 0.494297309993154 0.357908546841737 0.447546690569732 0.408200786798499 0.361621154707638 0.320439029838278 0.282993491537041 0.347697404922825 0.383652860899033 0.37075007679569 0.348796024110727 0.377046771270187 0.434496145495567 0.425945346493121 0.437174887201558 0.439337469542593 0.451020484779538 0.447500638087353 0.418376495317209 0.303463647173819 0.360121594864805 0.347175783157781 0.39889167895442 0.410321085111816 0.330170480490296 0.39006861749482 0.375092117152383 0.3140984022693 0.266862321266846 0 0.354893619570985 0.322636359850039 0.351936214649457 0.326244625224765 0.359509899942674 0.409377219101481 0.357496762732171 0.36358604467752 0.347203033408467 0.375716127937307 0.402043093808468 0.399102575820187 0.399354053912339 0.459636456248138 0.389917616036441 0.434576734889454 0.366637471378598 0.414265123507249 0.383937508296302 0.404104048678467 0.338626172758581 0.356590947382828 0.365899796866014 0.44429535686661 0.373189567384515 0.385890108360283 0.364299164903348 0.431202141066386 0.403157952532276 0.391876997741675 0.34851075443479
"skandamahapurana_himavatkhanda" 0.341310147046701 0.352204967888574 0.390161774070306 0.367535782000465 0.354686261212673 0.416198704532799 0.342024353805676 0.352187297907165 0.33002711872481 0.356928715844678 0.439314862529582 0.352943161660186 0.377907160759126 0.366064903417017 0.297056720700597 0.357383765334269 0.302155589072722 0.328345790986262 0.303956007222446 0.287122246341476 0.363157870259941 0.298205036782823 0.326451668107905 0.317963214949603 0.345396459988646 0.362402253866278 0.331769561295836 0.345692241101929 0.367039128383674 0.356510787200934 0.326342978917081 0.295016615335094 0.518568706757329 0.382248808424285 0.441859687390174 0.37525825425426 0.41483823366341 0.419148864205423 0.44655876537392 0.376060302224003 0.306444591187411 0.331660133956667 0.284369182491968 0.326033836191039 0.341925047079695 0.368791602355717 0.372386250860174 0.329509196457514 0.379834809549984 0.358740377325788 0.373616892851982 0.401896986459318 0.37330688611926 0.376655402861674 0.361380867765805 0.372325282980942 0.406975944560782 0.437483732207702 0.338906832467788 0.332168088561135 0.382263932134246 0.383743490824179 0.349999897958139 0.408199570692374 0.420066348056297 0.508334063585262 0.446887989181162 0.319165407553411 0.382154628865393 0.338901239176134 0.305305387293017 0.275267516630647 0.306316042881262 0.340528694140659 0.350878893208049 0.31024047285541 0.351678479739575 0.408503208369474 0.373444912501556 0.372177344772601 0.370823750684676 0.373735733356643 0.389799201043498 0.376645465090549 0.346003383397913 0.293797751097198 0.373045564302922 0.364532684877723 0.406270397916194 0.384603110618137 0.299302370674287 0.41711095199498 0.324361884590689 0.29719678602153 0.322494438148215 0.354893619570985 0 0.314588643173558 0.311329896771276 0.375102007175693 0.288740825080999 0.404833895747551 0.261076699510635 0.327334734088837 0.283978424599987 0.342799017240293 0.389323958504417 0.429088377941118 0.345792392483291 0.416295658917273 0.37253293154706 0.398670808908007 0.379833561703985 0.356307212721808 0.379504150419504 0.408572311495076 0.324033031806665 0.32061654475797 0.330042980105406 0.408225004016425 0.332389167430563 0.362024348228044 0.364556236100399 0.408608457236403 0.355287804023479 0.388111183928653 0.313611502927994
"skandamahapurana_kasikhanda" 0.281241085703406 0.331198309027212 0.357752023750171 0.331004407709002 0.323254288896699 0.365524322897973 0.305066069322946 0.30828804308759 0.31814600256363 0.323473422846834 0.369338463149496 0.320753190680817 0.339047115582842 0.351522546017997 0.243148700472117 0.340553684974059 0.272297825804459 0.266340004320003 0.260483622525622 0.271378219808795 0.322181613651707 0.25271676207463 0.258164752736492 0.259041075664535 0.271507457962697 0.340983550889134 0.328432462068884 0.372473968005536 0.390404602405284 0.389132770819582 0.319719947736827 0.24255172213699 0.476335538947669 0.389851467538262 0.453133612836775 0.377917029526307 0.429959903819581 0.415680003510055 0.471938951405669 0.397634656481409 0.277420649469215 0.277130458957144 0.265606865494438 0.291828740897329 0.33766232317598 0.38264536166679 0.367988085248722 0.322309210493843 0.375871276060846 0.352564562602592 0.393515038129027 0.409232649059648 0.391733119991096 0.395915036260515 0.38269259762414 0.375766507585511 0.39409718451306 0.413607080087964 0.317048021543847 0.320569278030387 0.354520569765092 0.357759278054505 0.351712404018951 0.408795303076517 0.421154488082711 0.519784147718249 0.449469558395845 0.252805907413936 0.373057183425634 0.323951187410782 0.254500171583268 0.229643566472736 0.231717299893479 0.263867588697099 0.324315461662795 0.288702025670913 0.295439377810922 0.321390291378928 0.373556915500461 0.351332897817466 0.362589742326863 0.361500057107794 0.369155794147505 0.383807868195477 0.358701447945465 0.236630847975892 0.348568009224979 0.323170740527613 0.370120643806673 0.370992789365121 0.283790846166637 0.380245433279986 0.320328706328252 0.244100534649126 0.265118698430708 0.322636359850039 0.314588643173558 0 0.274357773501359 0.321308439619998 0.296697381121354 0.397472564589071 0.274286025123733 0.30560193580158 0.255861998431799 0.310861274381526 0.362876950521938 0.388587858197254 0.34281947872194 0.398184682592481 0.34472626150853 0.382853406587117 0.315111420339528 0.343736866914243 0.350619179383586 0.361632869458867 0.263704569499627 0.285745959201086 0.292702652362984 0.401426487142114 0.31617728966202 0.330154096839324 0.328074788878479 0.368040617180057 0.314946675610175 0.343659873573956 0.264544251464834
"skandamahapurana_revakhanda" 0.31759993349735 0.359349372912169 0.396751458980014 0.361027971296522 0.342220053204441 0.397905440113598 0.353120848216169 0.358869016319124 0.354937574820365 0.361601094504922 0.402828321081618 0.339440236802582 0.36105848727201 0.340960381446422 0.261261849301724 0.343832609397096 0.282121724915357 0.320966842980139 0.284843986413227 0.212400269887725 0.354136443099139 0.266974391026073 0.283269403533143 0.308421795280812 0.305713732626515 0.360467068460482 0.289132492376874 0.336187406864206 0.352859885621908 0.355920391671569 0.27747880868483 0.266826080853936 0.469374341371868 0.338110394441466 0.404389491992685 0.328332458024439 0.387786450173754 0.380663086310774 0.428017829135337 0.340191488767687 0.291958184833277 0.302726810418421 0.263580104169635 0.309587582393904 0.280720693782604 0.347103242409151 0.319188258383116 0.264534775623535 0.340051644970024 0.307276877704364 0.35306914332371 0.357819693687261 0.362314997478088 0.35935671098565 0.32744256805877 0.338730816770007 0.356579907539897 0.395907482736802 0.274453027547345 0.259386403786378 0.321854167803873 0.300322011508723 0.295103453408284 0.354712999503923 0.390257805542047 0.471311688069951 0.391144514768375 0.277144903124129 0.386726815712934 0.312460781821452 0.267028452567052 0.237892359290058 0.297185283190714 0.294395989170354 0.304814177696202 0.247406558293764 0.319090535046992 0.416198889229414 0.322808841897524 0.323169217269586 0.343734815913034 0.332225645105921 0.36032761352381 0.362393958390023 0.308450827154119 0.272845901353661 0.376515177587189 0.340526367348331 0.416821731260083 0.337248573602685 0.311014287741628 0.418287496871167 0.331431272934026 0.267809988949242 0.321586044335189 0.351936214649457 0.311329896771276 0.274357773501359 0 0.364949437722865 0.293318019667015 0.416444990018301 0.273489976244534 0.278297436764518 0.267954526772889 0.323421361780289 0.379519461723842 0.424900640314682 0.356486984678257 0.414798995228557 0.359110886825205 0.388935109672612 0.345594575023016 0.343220472031866 0.375408427048721 0.373222040475009 0.198648505742524 0.300662296084075 0.268396450463429 0.356705207314602 0.311421220510645 0.325208070572823 0.329519675913767 0.399426346585205 0.335621328381355 0.370487118421556 0.286244340815656
"skandamahapurana_sutasamhita_khanda-4" 0.380212352193233 0.415308519046054 0.420673974781831 0.423641588273156 0.416287994407085 0.447089689327035 0.38033431489551 0.390894731947885 0.394290117942548 0.416409367738983 0.455858405910452 0.427608623041691 0.399809096365748 0.416078926585309 0.330007845291901 0.371125741553432 0.332979980256506 0.334074915269513 0.32697349293016 0.356243032621645 0.335910218201544 0.327213324142138 0.335608049701448 0.342629651492376 0.36235345410063 0.358410759274308 0.39580880247966 0.412546722260256 0.420479028911968 0.432064515406572 0.397940064746063 0.341627363749695 0.517180484777399 0.428521217569952 0.469413184672433 0.431270812728438 0.438582682947311 0.446716838932966 0.477289734696111 0.434004847946017 0.320385731886638 0.314208162317158 0.294722339020099 0.316099913204222 0.402841109265607 0.436285391259464 0.431262286710061 0.399096514954873 0.437786714657441 0.418376415689639 0.437304417158317 0.464801725732755 0.444501327541906 0.447925198277327 0.436941355295405 0.430665809826309 0.448351767784726 0.444608146112927 0.374730861121386 0.38946411679975 0.389908765107541 0.4128677839769 0.400797228725049 0.460461274408497 0.475609458338409 0.546265213373518 0.489265168943894 0.351268131579147 0.433277632738915 0.394801531283468 0.353841154946013 0.331674422112211 0.314089513645237 0.359144389504624 0.409044634459621 0.372238954626893 0.382072489911409 0.352857950354756 0.428346661567035 0.424740947119229 0.428973306069433 0.421823431993752 0.434979798695384 0.437620862626877 0.416093753202652 0.28503627068449 0.391631750089351 0.355527244978183 0.40958241769284 0.417740458659022 0.339609389888316 0.400716757707909 0.374060013613539 0.322245983957032 0.292842070309811 0.326244625224765 0.375102007175693 0.321308439619998 0.364949437722865 0 0.35060088416586 0.390235583640058 0.348700915665057 0.351437559537604 0.354911178380658 0.362408914783781 0.397330753222072 0.399821786722155 0.377002646948407 0.437246101978146 0.385175112916394 0.412898365399832 0.368812803518154 0.38836436104767 0.374305459961927 0.420420602032063 0.357464845946702 0.342719064359736 0.363948092615257 0.430517978768525 0.358560524596734 0.372774860461555 0.372573534963783 0.433512218580953 0.399911611133553 0.378021992534923 0.347437968798917
"skandapurana_adhyaya-1-31_pu" 0.35602182972075 0.355676567400048 0.391797303391379 0.367178250390092 0.355549794783985 0.407211124003494 0.330679543552224 0.347042588615787 0.331280412828893 0.344544729964313 0.427421931671603 0.35463987816819 0.374686395504674 0.369967987654054 0.285645352461264 0.315633512077843 0.250333416906853 0.311956748204528 0.264216050856394 0.277203711625738 0.348498678957984 0.275462318267182 0.318981845056383 0.3142059330238 0.341091722145207 0.355666855095406 0.315436365686575 0.345775402125182 0.361484355467332 0.355427240441769 0.3065179056808 0.28555928530809 0.525720409291334 0.359205180989695 0.421073637869319 0.363203524094568 0.408379335429155 0.396703560693357 0.441008751095304 0.356455516748647 0.266715776262494 0.303969553562212 0.231035208170593 0.301961401581942 0.311681623146584 0.352803167277452 0.354942025043308 0.300306348679575 0.368086745952103 0.343092546181592 0.375383936374835 0.385840998944452 0.382039313943267 0.387420504788947 0.357144120445497 0.359318759296886 0.395670893369336 0.420239610141029 0.320983504564477 0.306854855168579 0.370642279334301 0.373747617929743 0.329677039649668 0.382915125227513 0.406541224545045 0.496764488893896 0.423340319752295 0.28733358150356 0.36656759769317 0.319849826207008 0.275634795871715 0.248498890053533 0.309230218034678 0.323363103990795 0.341065840975202 0.302117445608466 0.331300852208771 0.397683492641014 0.344814876481286 0.340656977229666 0.360090312333476 0.347892575817712 0.368699959814107 0.374940875663892 0.327210746410727 0.266355616100299 0.372199850081547 0.373250641263569 0.387389978141538 0.382530945348785 0.282526655298451 0.370191113020832 0.309689878872786 0.271419654514884 0.292832463612692 0.359509899942674 0.288740825080999 0.296697381121354 0.293318019667015 0.35060088416586 0 0.395635418566795 0.196532604664433 0.275969143776602 0.265756251131499 0.303813858012115 0.354678752938338 0.407269801241499 0.30549446100674 0.403527744366504 0.345734818003309 0.364362445883614 0.343663857936245 0.321653338365599 0.348758421677783 0.398348342820469 0.293903364022779 0.278699294633808 0.319447556752171 0.400473196658708 0.294822439654849 0.336038500239562 0.34290121657342 0.387405078773701 0.329517794427545 0.373142751520503 0.2802196647939
"skandapurana_pasupata_adhyaya174-183_u" 0.429898728698451 0.427883239394021 0.43216652410681 0.420781336678605 0.434303883777041 0.474591665196639 0.417741957974834 0.426527874723692 0.436315197708092 0.442657959431305 0.481838731808495 0.451341796192043 0.414548604768961 0.434542873373508 0.402460284514037 0.387203856740511 0.39120603626751 0.398184620121592 0.379683656797812 0.393597857516058 0.386883089634102 0.407682403967152 0.414029659153194 0.412476228274718 0.408321253610349 0.434888037456021 0.43622330857496 0.436515573781858 0.424247887682245 0.459625485371635 0.426154241524793 0.396323949717777 0.537363174422091 0.453970800632213 0.478194877896515 0.458766262549246 0.428768430964934 0.418631523329244 0.485959518303986 0.462846623433163 0.367734427106707 0.373966794438576 0.366680403765376 0.397301269361831 0.434676641006148 0.465491436210079 0.458829149516892 0.428249761609335 0.457389534862864 0.441295480321464 0.457872391343332 0.473404910985011 0.466215799613632 0.471020300174245 0.461401118033295 0.453837749247134 0.465953274081439 0.427578132627764 0.386273677145641 0.410777562906794 0.403856638253309 0.442732701480472 0.405296585672761 0.475524671981464 0.495384757462248 0.555836218486502 0.502619988613272 0.396946501718455 0.470000057039251 0.422323787524742 0.395842151975088 0.382080454882378 0.384548321253825 0.42254056093522 0.447376690955053 0.416001647159489 0.444487606582337 0.423364549292636 0.454384790666534 0.445702403567588 0.456012319568647 0.443328959336296 0.465968376433523 0.461531065274206 0.432683454698148 0.37593142136623 0.441967893157222 0.395177445556237 0.467153874366258 0.451930569733079 0.41552515405757 0.444025981344477 0.403779406265385 0.379095641975195 0.364916652331405 0.409377219101481 0.404833895747551 0.397472564589071 0.416444990018301 0.390235583640058 0.395635418566795 0 0.367807078454903 0.406240927702229 0.407277856168294 0.385408207140261 0.394668569923285 0.4019687681664 0.394993358862651 0.470026058144104 0.397954692833635 0.444597890772538 0.413428442727474 0.430033967966143 0.374524960918088 0.473207996177797 0.416627084637254 0.376823570337077 0.400047166517021 0.482958764405211 0.397982153133205 0.411846314284459 0.432393196314775 0.486834603511948 0.450913543004691 0.415209638276851 0.405095991623822
"skandapurana" 0.331843156440756 0.310872174099026 0.362822121769158 0.322867245169004 0.310652481224361 0.381024781852047 0.298829542665867 0.315679779905355 0.295107538239226 0.318640535357994 0.387787471643899 0.299235501180672 0.337840639154054 0.334811207767477 0.265583953542708 0.307406870724947 0.225932537231399 0.272959282046397 0.233609730612806 0.222826138708955 0.34085604643042 0.265902433523646 0.285085645804231 0.30247238965565 0.315498505391634 0.358665457990413 0.263126941370717 0.299580134104263 0.331612254306302 0.285750722624527 0.242229133459871 0.260749746421462 0.513961621434743 0.325427454597011 0.392281743140748 0.32473441617323 0.388950430355997 0.380611827190655 0.421982174837247 0.324989584535066 0.251716557318704 0.298717359273557 0.230514629514835 0.306165138614132 0.267248985407465 0.308715584896277 0.3058688180853 0.247924365517272 0.313953938219933 0.293380669415175 0.310419805030316 0.346362038702332 0.316714057765809 0.323407074709573 0.295502671306065 0.304614865208278 0.349592871000007 0.394717894839522 0.277160212214747 0.267822032243921 0.335523409393407 0.340945063630916 0.285563239244872 0.346122869792864 0.3646631213473 0.480324418295237 0.398786242520406 0.262251510614769 0.340491863666192 0.284649402330541 0.243404962059813 0.204524861524586 0.287746967126844 0.316328212199146 0.313513148068768 0.265897627778123 0.321572659171473 0.383632523932165 0.309377354312014 0.308723122075865 0.318668650014137 0.300014134118319 0.325600547794943 0.31114086838658 0.276066919982456 0.247292859865832 0.369639107372197 0.342298194069252 0.371078382112773 0.372612873301665 0.266723926183051 0.372364067025566 0.280026327190427 0.244816474314635 0.279922944657066 0.357496762732171 0.261076699510635 0.274286025123733 0.273489976244534 0.348700915665057 0.196532604664433 0.367807078454903 0 0.279433323012365 0.222290867224817 0.276406512650739 0.340871078086858 0.400860443471153 0.304405232238052 0.38336579198494 0.324504867634913 0.33746946350489 0.32744851763631 0.29180697532873 0.331477726139557 0.388581757476091 0.285678542171866 0.253303256836893 0.281086369432238 0.3770486995793 0.287429979575461 0.328355351538496 0.338755802532801 0.378065718742138 0.31063187311239 0.364888605044237 0.264344933462267
"vamanapurana_saromahatmya_u" 0.369541263443537 0.375687431901075 0.402034967085102 0.386880586992605 0.37376256070701 0.429155792588893 0.354644293332785 0.358626143012485 0.350613240964355 0.359288549225084 0.435103378925059 0.382241747155067 0.397952292731799 0.384025414215035 0.294977391824853 0.350566829657727 0.280990194027582 0.336680356909626 0.298533647405035 0.284087692317045 0.364702713798255 0.291485278435454 0.327504955225129 0.334267236792616 0.336971529279706 0.368289936016345 0.347234262640695 0.36861816216995 0.390580338581934 0.397053750646682 0.336645158696601 0.29934403075539 0.494292016153749 0.369316899202326 0.436686566792768 0.381270215566118 0.414050412198527 0.413801951234901 0.451232222350923 0.369702214914711 0.271964447241543 0.293959061696192 0.272890023288612 0.321843762260945 0.341814085577486 0.387639468930992 0.385210102530818 0.326166408128342 0.393844172242342 0.367571642874556 0.404763132227236 0.404096140212581 0.410435065854027 0.413146919400832 0.377747296064344 0.386863782835506 0.41901445524043 0.42325921254124 0.333641534188236 0.324116998986392 0.376012732422793 0.372722416081478 0.348479571223833 0.405363422986885 0.431568742799042 0.498042566561279 0.436424835767728 0.295921939793627 0.391021576286093 0.33269774690308 0.290929896419496 0.281837437887232 0.327092235557615 0.324925488946992 0.341977173115366 0.299022245906604 0.348344064274022 0.402933915607839 0.353684543363344 0.370639594528048 0.381743904364184 0.366691652050597 0.399079686855908 0.397660895418903 0.341330485942491 0.273821267951531 0.38833777972653 0.382253803828131 0.41575445562678 0.357214352393579 0.304838251834288 0.407851879439196 0.332255403994709 0.288654125477728 0.321184971825823 0.36358604467752 0.327334734088837 0.30560193580158 0.278297436764518 0.351437559537604 0.275969143776602 0.406240927702229 0.279433323012365 0 0.272378127954944 0.328668363018551 0.374722416314434 0.4071608296521 0.329713638039633 0.4251925741536 0.367920582960295 0.390767328683052 0.344599189697886 0.335518380584472 0.376082395146858 0.361077988459529 0.272336963693292 0.304617775269455 0.319652423392828 0.40292421618293 0.308377739739603 0.354059446485494 0.353213932619621 0.402082874182375 0.352573202036733 0.378666560407881 0.30303594279232
"vamanapurana_u" 0.303124989940753 0.326660848998376 0.372214545828951 0.344827675291655 0.324167991299079 0.384825386436254 0.296947744208654 0.314994130557785 0.291956429583618 0.306074367123679 0.40740363961138 0.312460679972666 0.358497048182395 0.348035123361066 0.248353330832747 0.341562189954393 0.238384612564495 0.276656533839095 0.254199988387743 0.24778479775765 0.341927391425219 0.240877979976915 0.279073019720164 0.281164730414653 0.307596901490738 0.342152501971238 0.275126921216187 0.320345859175064 0.37515106384069 0.339837962768772 0.272776868851761 0.233421045977357 0.501526702034248 0.345612594819027 0.419320475954137 0.334449028323766 0.411610966783805 0.412676139537345 0.445206655056583 0.345596677690586 0.243342400338039 0.283393844423657 0.254715425346792 0.298721279154554 0.299045209718751 0.337411701445122 0.338358013581174 0.285614727976731 0.348922217776191 0.324846664362418 0.356860958690518 0.38423515835586 0.354264214230468 0.356270212267619 0.331061058833952 0.34429098979477 0.376755446949315 0.41977952856337 0.314352138314528 0.303871542984671 0.363234264980035 0.367277807663006 0.324445813764891 0.378029953479373 0.383918405275752 0.491184589023002 0.428847566959096 0.256860643982054 0.335289882457833 0.300618630814591 0.244527304356747 0.219437651122645 0.259300677312737 0.276662428866756 0.321980398030637 0.254588602055549 0.303009842031058 0.388743014296283 0.318925746255701 0.319001783970388 0.327656822698418 0.325649996046372 0.342158599333647 0.339366956282519 0.294916894687017 0.243403606459376 0.377374548938053 0.366639333947441 0.381417642525622 0.372362929569121 0.247294310529416 0.397417749312439 0.299734145054022 0.252859387059799 0.292488063053934 0.347203033408467 0.283978424599987 0.255861998431799 0.267954526772889 0.354911178380658 0.265756251131499 0.407277856168294 0.222290867224817 0.272378127954944 0 0.310163494004406 0.379092138537122 0.417814723625001 0.332892071497288 0.397785479412336 0.358215190520519 0.364112311879114 0.343406908836719 0.307156387127047 0.369438274123311 0.363062333861806 0.268925491096025 0.28431208173376 0.284930993015262 0.381325520503967 0.291667366451871 0.334417647942994 0.332820461679396 0.360595890732609 0.282487677830152 0.361576572143019 0.253773612521466
"vayu_ba" 0.328760965255485 0.355248783389995 0.397365283486352 0.371865386849292 0.358783546237993 0.403932645019815 0.335641737512114 0.352410316386496 0.341447844894329 0.32826972111834 0.438727604456466 0.371297901384704 0.378207559107875 0.356136529478563 0.290021991883271 0.142385620118452 0.187614211858804 0.271007952783763 0.15636552138368 0.293044109919749 0.370679737058081 0.31589008047583 0.305128399054569 0.311771666302536 0.319798138563869 0.370503201668442 0.344609966810121 0.396738025165765 0.348481199695192 0.350495679730021 0.293774854337391 0.295756583970015 0.53389918265484 0.297177084367969 0.345461884284531 0.33350013733443 0.364666236527023 0.306312434118969 0.410604953012575 0.330509292734834 0.278001200847063 0.330039371850992 0.246585577860633 0.334108424404785 0.321953778530443 0.36302966472352 0.359359552167538 0.320796676547343 0.369292237433767 0.348985100644189 0.378195316127949 0.374301346599418 0.389029914072327 0.395554731485768 0.367133831907585 0.366208113050127 0.393682535016496 0.422490240182834 0.317978663008551 0.304716267418781 0.365405833421972 0.369471331766979 0.336823005187851 0.392398533196429 0.424246255077302 0.515519272143685 0.435419586824864 0.253166189098367 0.383344241715303 0.325657133242518 0.25534153169493 0.211244625286641 0.302592577860867 0.348051098957631 0.363518317564214 0.340101355382015 0.37091343864631 0.387992647500856 0.363142968067326 0.369200124343322 0.391009504744935 0.36493712756426 0.393278027112077 0.394638361470586 0.354371438382375 0.298489903269327 0.388921296297576 0.351724856627596 0.387166346111708 0.413442069269293 0.342507382571651 0.39457063024957 0.368805692918485 0.250526750093444 0.308208269829093 0.375716127937307 0.342799017240293 0.310861274381526 0.323421361780289 0.362408914783781 0.303813858012115 0.385408207140261 0.276406512650739 0.328668363018551 0.310163494004406 0 0.213258146549196 0.372680084040681 0.233456889530271 0.325224965536318 0.1749930772606 0.206876073583037 0.248015765090196 0.210531360829759 0.213274677797618 0.398867689226835 0.330412545345168 0.0752572013565294 0.338158176461848 0.426763680998239 0.279435107703479 0.294752492065879 0.324786697663353 0.371852905605138 0.36691356516338 0.366720920295955 0.269170063960971
"vayupurana_01_frame-and-cosmogony_iast" 0.390094331565183 0.399439841731065 0.425186622481187 0.402160235221038 0.405328497750443 0.43822003575532 0.383058795971054 0.392213922241387 0.393679601294115 0.3935611879588 0.469872748964575 0.422959299562935 0.408066935741373 0.399160413759417 0.357508718731286 0.212120878127787 0.297149546044533 0.329299334345866 0.259725769010223 0.362034192547417 0.398510734716926 0.377969088624964 0.366790969684215 0.370895327634842 0.370747706373453 0.404909575469987 0.398110968349052 0.440313808212256 0.37889331489497 0.40239232857726 0.372348402255322 0.355490604271526 0.5539547802448 0.381745792191026 0.394270804436451 0.405694950507134 0.359348983300981 0.280469677445922 0.439414998158765 0.400402063653262 0.328166533587744 0.36751062694631 0.307301193779727 0.375790294312355 0.39110995222204 0.411371964214469 0.415520436924029 0.388016849282125 0.428429565923586 0.406902471011597 0.428297814418174 0.415618149835746 0.438802086162409 0.44334928723732 0.422946421152588 0.416703169001915 0.441307804724698 0.443905293857487 0.363741676566345 0.366086101191397 0.390130975199697 0.405104472918526 0.380030707559589 0.440453315534244 0.463243101957787 0.540743926348463 0.477820110616881 0.321735306532899 0.423898511300538 0.383079720014959 0.32810924904017 0.303970281263589 0.355278896846623 0.402123098153114 0.417827325757885 0.396786090643787 0.416037884824508 0.406500697208909 0.425033664594495 0.426112959541228 0.444955010130546 0.422279061776404 0.443901843693549 0.446689367647349 0.413509591573899 0.355143611966859 0.426349946845579 0.387707156991646 0.426895742872879 0.44627454417483 0.391864800791383 0.420164007268604 0.409280342643728 0.319776690491895 0.341017110090656 0.402043093808468 0.389323958504417 0.362876950521938 0.379519461723842 0.397330753222072 0.354678752938338 0.394668569923285 0.340871078086858 0.374722416314434 0.379092138537122 0.213258146549196 0 0.382130692563404 0.291461300438038 0.377643033828914 0.257239586325165 0.287225181599521 0.323875697697722 0.325064772538368 0.258050109950065 0.433239277401492 0.385665517880363 0.218671700559487 0.382586782055322 0.465247184138472 0.317627687168578 0.355754249173305 0.365814143370267 0.42376937977297 0.417610852748646 0.391475238435896 0.334490267860671
"vayupurana_02_pashupata-yoga_iast" 0.411936089664266 0.456590623357449 0.456160003271573 0.446665151358999 0.451213450971651 0.469268442735448 0.425796422046429 0.434473702953616 0.444432013278917 0.452182999287094 0.491303927720813 0.469929145281983 0.43783087321795 0.454317129064364 0.389162896854837 0.386301627357545 0.386524841698975 0.417005223568598 0.380698629197029 0.411392184052093 0.406134896291028 0.409291501162827 0.39506770255481 0.395465542549572 0.381413204346877 0.426266780019039 0.447081935777633 0.460360012352655 0.452536098229852 0.480863317523731 0.440446582874813 0.394213552967174 0.549458316258001 0.460379371980664 0.489149594459413 0.462219385169893 0.460567136622742 0.437219294137913 0.508576701766792 0.46132025511946 0.396564563647355 0.368320268120853 0.377814829103209 0.390340277802599 0.442770046874972 0.485377091458001 0.464333062744673 0.431515330000314 0.454301664580803 0.440017835410536 0.469699538499509 0.482214299403212 0.476374107140554 0.479021069951254 0.470839768382869 0.456995246527192 0.469237099634484 0.453894858529218 0.394516170022392 0.415267532911373 0.418157391760608 0.424254821462647 0.414835119123406 0.487068681822459 0.50035325107908 0.552396375799375 0.513450341197299 0.380244603340962 0.475847072642372 0.432083407027715 0.387498921530223 0.373042342020946 0.384361087437876 0.41526625073241 0.448212359972176 0.422762826493738 0.444730839878986 0.423878760723864 0.47116473126588 0.453839368092202 0.465649179014482 0.452428705783861 0.475580651722691 0.478355604760785 0.453864665690366 0.390974623927029 0.433482360706201 0.404998659253013 0.474717979637167 0.456955257406739 0.424027935964663 0.463912092254627 0.443768233143303 0.378397652839343 0.365495746101399 0.399102575820187 0.429088377941118 0.388587858197254 0.424900640314682 0.399821786722155 0.407269801241499 0.4019687681664 0.400860443471153 0.4071608296521 0.417814723625001 0.372680084040681 0.382130692563404 0 0.389457366268104 0.465663827761751 0.385562652557367 0.430491562611065 0.370796629497798 0.413798803157683 0.378222444464488 0.467721421289009 0.415418741338655 0.356289174516113 0.408146960161867 0.476008460819709 0.404842918298483 0.41845995561193 0.414091862555756 0.471395770730908 0.447448877743814 0.428131361300228 0.399795985533533
"vayupurana_03_kalpas-and-shiva-lineages_iast" 0.373534869031277 0.378204229219741 0.403368232182932 0.38637942721502 0.379693985891578 0.424133256473369 0.352872692211857 0.371835187311514 0.356231724122874 0.358883009535171 0.457090147983813 0.390228323576082 0.391863660026244 0.370673448130722 0.332018135434637 0.260454457133086 0.267247828055349 0.328438605907932 0.256215986732075 0.3337083475336 0.389890652331586 0.346029096877236 0.347406783959265 0.34691189508406 0.363683615778546 0.384142939330261 0.379916929944757 0.400008885720677 0.375121968983905 0.383053812730593 0.339056844712449 0.333039209662901 0.539928731462957 0.352674210713264 0.400882217256662 0.37749413796439 0.38588973625811 0.355322698877741 0.423218263850037 0.36496457061279 0.284841336301227 0.341901848180464 0.256885088718903 0.344343941087745 0.361645007844442 0.388627045029619 0.394266090382318 0.361291154727831 0.404938247372966 0.386043792613982 0.408919266712751 0.412799267484546 0.419661184325617 0.421951041017737 0.403608648496236 0.397273015966627 0.425150262014821 0.443573328271593 0.360342791370804 0.348099072738851 0.406209417522815 0.403926560499643 0.376534005081548 0.423373257127007 0.44474733899338 0.523613703021143 0.457487002275743 0.308628185569063 0.40414078416863 0.359343105670416 0.308546130366072 0.277926261380995 0.340268950490639 0.375552573268917 0.398616582195521 0.359281626902026 0.400190002835005 0.403924680459443 0.394479844097151 0.398012298878024 0.418305118769599 0.395682377143902 0.417990321541256 0.420513994140226 0.379740288600924 0.309375103982623 0.406076918336567 0.387334139745479 0.422920368105533 0.426667366789731 0.352948310081947 0.409085050186898 0.348935003498098 0.294982041405765 0.330716162010675 0.399354053912339 0.345792392483291 0.34281947872194 0.356486984678257 0.377002646948407 0.30549446100674 0.394993358862651 0.304405232238052 0.329713638039633 0.332892071497288 0.233456889530271 0.291461300438038 0.389457366268104 0 0.380884896856091 0.287254954361404 0.298427448122052 0.328374983587185 0.279288859913365 0.29437477763403 0.412791776891019 0.358006611101523 0.207385149152382 0.365863492225747 0.433303607403193 0.316381714425117 0.345412251555903 0.365458295315316 0.398835531189099 0.383162808574087 0.388123851072288 0.312535020473198
"vayupurana_04_bhuvana-vinyasa_iast" 0.418426117225972 0.453385184173962 0.477102015536649 0.470939411087839 0.456122055806627 0.457618359550038 0.436843135643659 0.457011117650003 0.427279809522642 0.446505911776865 0.499156969803669 0.455395783549648 0.4740085332176 0.453457994929544 0.393326530254571 0.33576165686764 0.357124781180167 0.349822218737405 0.327129798479355 0.416612499581729 0.445527293550778 0.415663137868461 0.380716970639116 0.395180156707463 0.42253682808688 0.44821136335761 0.433295727901674 0.474539856359781 0.43318478497689 0.397642366431456 0.413576171038177 0.394793331972114 0.559326253904076 0.442493908234337 0.468317666127602 0.442840647892132 0.478679960998995 0.448504933914091 0.493953236119157 0.465950289730819 0.387040452169866 0.435653549692813 0.370233455093182 0.417937822361717 0.442302960441442 0.437523526720572 0.460540734798365 0.433431139340172 0.462424649246019 0.461223518103436 0.44566765741427 0.464495066599173 0.459915153397683 0.4597362028267 0.4468737317981 0.463845124434578 0.46831142982866 0.500045448159087 0.451163238573948 0.439714146975302 0.46557935247427 0.467812501674973 0.459643885430049 0.484495629381791 0.499012271014296 0.573631060165967 0.500494162672622 0.380184181871587 0.450889865179294 0.436802573973984 0.387760201975913 0.340969164251929 0.386557664826202 0.442437335175436 0.422503077707554 0.443468727738019 0.436375427683794 0.465935465766045 0.454891872525263 0.45677659360925 0.457744172644351 0.427425049304578 0.443551764994861 0.449727130630634 0.445366916294048 0.399646675607183 0.437896147446122 0.419440085418746 0.458027380443417 0.479369851825307 0.427625782188088 0.445137144054562 0.447942597477393 0.37386061027046 0.404303779611944 0.459636456248138 0.416295658917273 0.398184682592481 0.414798995228557 0.437246101978146 0.403527744366504 0.470026058144104 0.38336579198494 0.4251925741536 0.397785479412336 0.325224965536318 0.377643033828914 0.465663827761751 0.380884896856091 0 0.344324408109355 0.362679955526355 0.392581966474504 0.384209156504339 0.363074945332007 0.481704801769783 0.416666341861338 0.309824849320104 0.447145056527014 0.482155324451969 0.408092232588393 0.375373558825915 0.435758671063833 0.461159871257331 0.438837738406699 0.453408820316598 0.393858657452976
"vayupurana_05_jyotis-and-purvardha-close_iast" 0.353404345567507 0.389343844882668 0.423171277291739 0.40189206396036 0.39943282401152 0.4206273703411 0.3790695627193 0.385272308787878 0.384057155495008 0.381679637461376 0.45711811615957 0.407608334382346 0.405100884755887 0.381173287457585 0.331911734383479 0.174482465845099 0.272200381785251 0.304307276247087 0.226826992316603 0.346681576248983 0.392021491685095 0.362960246762413 0.339474675539071 0.339629274293192 0.345226448422206 0.400488957829821 0.390750387844284 0.430506593727863 0.377380646055855 0.381641319828393 0.350719222571625 0.338839060433617 0.547949803123684 0.374028405811459 0.395392774196825 0.393660244936025 0.395428060416974 0.34951410869985 0.448099976174168 0.392193496680002 0.32794938840299 0.355560558830588 0.291448430233427 0.357448850711385 0.374814131337454 0.40352616654721 0.399654845792033 0.370251447075445 0.405942037244562 0.39141125135078 0.411071211507842 0.418052866292342 0.421547939576098 0.427267211778867 0.407755113838437 0.405370223894366 0.423446009874145 0.44247249388459 0.358598400564685 0.355974915494049 0.390527937089554 0.394532875499253 0.382546491679581 0.433470988764419 0.453311880711025 0.540250440575584 0.468810353294869 0.306880500568802 0.410986607444938 0.375426710881824 0.315050671860896 0.26314083686535 0.328912738761251 0.384322447419118 0.395517951250181 0.387247331544772 0.397062477504801 0.401869937692269 0.409938548597857 0.413819803707743 0.424695604606332 0.399822198799889 0.429249878431846 0.424864479934848 0.398174231871808 0.336493284039106 0.405817069330393 0.370271777175144 0.414403366951559 0.439622092889013 0.384224800168382 0.411278182580523 0.402666736941804 0.303027115227647 0.333581882585253 0.389917616036441 0.37253293154706 0.34472626150853 0.359110886825205 0.385175112916394 0.345734818003309 0.397954692833635 0.324504867634913 0.367920582960295 0.358215190520519 0.1749930772606 0.257239586325165 0.385562652557367 0.287254954361404 0.344324408109355 0 0.28326153936536 0.302039440123755 0.298047768830328 0.240720347019557 0.427039453130306 0.36430499372607 0.18747640007201 0.375850508772235 0.452421784935381 0.333565767339704 0.315602658683381 0.354057235810793 0.408721966939812 0.402420972043728 0.388288687740049 0.320625078206597
"vayupurana_06_prthu-and-prajapati-lineages_iast" 0.38419280717704 0.4110256340329 0.442131773851508 0.421489498227473 0.409571409639053 0.454409738090785 0.382921600130262 0.404829569015181 0.39002386346789 0.382458674253868 0.485049210446194 0.420035832059057 0.435759865482183 0.411612480997979 0.367372541273998 0.246421114708331 0.276470962940001 0.330114566321761 0.25776839173372 0.363689593430309 0.424426089551742 0.375112080803869 0.363185625390252 0.373690422357974 0.392687784679868 0.411942777202518 0.394595348384076 0.440273345578019 0.400433881367619 0.384493453182256 0.354240392278654 0.360869990641496 0.561218407464585 0.335869560894692 0.322546640698581 0.367731928278773 0.409877571176752 0.362863770302796 0.435781513221697 0.370441066684662 0.343226924829728 0.402198339179014 0.324646001313637 0.387196051143185 0.384121682367794 0.405042224548136 0.413094603385434 0.38734149738214 0.423193240135936 0.410511423046392 0.429053354288437 0.420839605992057 0.436358104738631 0.437552184953882 0.41593118362748 0.417727921952366 0.438424865121236 0.474191650755346 0.391871169344981 0.375615661286068 0.43327095273923 0.429706613264399 0.401711659645825 0.436191092465661 0.464199984802417 0.546626813126379 0.468523260735435 0.325897043810735 0.415956324641304 0.380316496952316 0.327455494300931 0.30352612871807 0.369247880194016 0.407692740193472 0.406329963809335 0.396366866982841 0.433548958154254 0.4393853168599 0.408613970641954 0.424229383167734 0.432080304918134 0.416642419306117 0.430767680773738 0.433542984797768 0.404714144972729 0.362729033670357 0.451816412030705 0.421791623726587 0.440095002192276 0.451847648887176 0.38986828060256 0.447663644042526 0.413213116634075 0.326944708060196 0.378050848332093 0.434576734889454 0.398670808908007 0.382853406587117 0.388935109672612 0.412898365399832 0.364362445883614 0.444597890772538 0.33746946350489 0.390767328683052 0.364112311879114 0.206876073583037 0.287225181599521 0.430491562611065 0.298427448122052 0.362679955526355 0.28326153936536 0 0.339697757132106 0.286736480668843 0.30386653617913 0.447991626930823 0.398609759998389 0.215700883920344 0.405494956962601 0.458810803951292 0.334050641969711 0.364168416295837 0.384075015336959 0.419978057586852 0.412392354840273 0.424248538775353 0.34202227884929
"vayupurana_07_shraddha-kalpa_iast" 0.34783133759147 0.397983462154963 0.426357135808263 0.406729567932979 0.396520515073868 0.43942985039712 0.375558744603244 0.38024923122312 0.388348286334583 0.385960834056124 0.449640869038229 0.412473929354811 0.40244005908503 0.402472183959562 0.308566887188245 0.295870369127562 0.267856131965186 0.335906557782087 0.271977746137466 0.330274319180762 0.385748985396637 0.339058367620955 0.321137661701487 0.326305909554933 0.300922390410257 0.382679941218922 0.380024983529488 0.432801277452935 0.406023138393464 0.419830163169153 0.35876137107882 0.321492714604123 0.522718792692102 0.376329820993374 0.431347355144788 0.394646433083743 0.421653510309181 0.388700137824462 0.467082307382924 0.395024738093039 0.334539704600412 0.324737525814479 0.308033909636073 0.348757620561034 0.368208020259408 0.425041312920865 0.399711815535671 0.362426357933126 0.404684870150194 0.3828036738947 0.423528786258178 0.413362063288787 0.429763592358754 0.435984860580106 0.413607113536572 0.402715173523521 0.422116166532837 0.438135253746717 0.34703523351352 0.330280372485463 0.363075787676347 0.352857609260646 0.373050584595609 0.425969873656513 0.45627678146326 0.526477392241829 0.459276512037049 0.298749903168762 0.422910179532893 0.359229178481889 0.304428538740016 0.267497461247959 0.320585808851185 0.353719556914853 0.378186601364055 0.368164375255158 0.381513210684146 0.405612445928697 0.40837162707443 0.403104378302282 0.423976407619777 0.412360352732669 0.42876339806203 0.438476356024744 0.401486733873563 0.325187765768872 0.381601709378042 0.357747119205409 0.416186815553962 0.407696904895303 0.365236441686687 0.420170610710183 0.404130812594724 0.285178210380684 0.331775755841741 0.366637471378598 0.379833561703985 0.315111420339528 0.345594575023016 0.368812803518154 0.343663857936245 0.413428442727474 0.32744851763631 0.344599189697886 0.343406908836719 0.248015765090196 0.323875697697722 0.370796629497798 0.328374983587185 0.392581966474504 0.302039440123755 0.339697757132106 0 0.320308174917003 0.324326477294384 0.369452095276698 0.339159084799135 0.238021573344906 0.350177746263373 0.449674525894314 0.337736029376072 0.350373122839373 0.334570696441181 0.42141403418995 0.400029000638826 0.390860996072024 0.325821296074065
"vayupurana_08_manu-candra-vishnu-vamsha_iast" 0.364185770824788 0.360161848978907 0.408509829249847 0.389402060503139 0.370704341093743 0.419979823020064 0.347378852586743 0.365266104619939 0.346271188618142 0.29916644664289 0.452907807723131 0.367156764821425 0.400491459794994 0.369864678547696 0.312673654462249 0.28295979185587 0.20277949690698 0.3234425316936 0.235086552744955 0.313308081707338 0.394273540313822 0.321348854888155 0.330782184486799 0.345871726106056 0.359368429392754 0.386612554982432 0.338350450761229 0.378792328088959 0.386987560096133 0.371990564706659 0.28363831481021 0.313572796294118 0.541107569054298 0.252765341382581 0.380936704083506 0.308721640620585 0.411377977779555 0.383836955584394 0.423953859785481 0.264433163650854 0.305200664615124 0.366627306924219 0.286992147249812 0.359283870255511 0.304950554143703 0.362526677447455 0.341918997484913 0.31436181903951 0.35559332573959 0.337058393942283 0.375283886815703 0.384106036504753 0.376785360308557 0.380882965263021 0.351198973982291 0.362686545275262 0.391604469899867 0.442065037516682 0.342362702841029 0.327394114108868 0.412150166444266 0.398137971093893 0.340298472287772 0.373291237330151 0.407074315364812 0.499507720421267 0.428268540791306 0.27946459062149 0.387975378733312 0.322019662644879 0.275629745334865 0.250921931083668 0.341673960264481 0.357470392283258 0.377072910900042 0.335175907592949 0.387337039940655 0.420426033950512 0.340829432224249 0.358335832619044 0.388698461020527 0.370121765852572 0.392038554503861 0.394166211133904 0.339355738885337 0.320422866247584 0.425063128756984 0.401317471241691 0.409833793071031 0.425128739166511 0.342522045045456 0.429185444646925 0.364004294197672 0.289588802806012 0.348365410691944 0.414265123507249 0.356307212721808 0.343736866914243 0.343220472031866 0.38836436104767 0.321653338365599 0.430033967966143 0.29180697532873 0.335518380584472 0.307156387127047 0.210531360829759 0.325064772538368 0.413798803157683 0.279288859913365 0.384209156504339 0.298047768830328 0.286736480668843 0.320308174917003 0 0.325441476260193 0.417670634947092 0.347502559388365 0.204690273195377 0.36181146378944 0.434466749830468 0.319510103856077 0.342952368440361 0.35359229429121 0.344837779539901 0.352004748452322 0.392508321753238 0.287990095373381
"vayupurana_09_upasamhara_iast" 0.376188269444688 0.394655679479214 0.4214367663732 0.40050108012275 0.400969565613361 0.435218131335865 0.378465816310125 0.387898996295073 0.383756942771299 0.390209222370564 0.457296792806076 0.412173834874488 0.402057245206285 0.388962628387664 0.34407450508158 0.230221510285461 0.286406767358293 0.298001752669724 0.246731853694486 0.357049904562237 0.378961763229017 0.362574944363285 0.35286328327319 0.358419212384342 0.356459222749822 0.386368988025833 0.400352032310767 0.429936390521028 0.369034385205847 0.389656106602436 0.367453248297597 0.351029341468027 0.543187966509866 0.389627713226684 0.400102747015924 0.407390003241528 0.383765680893551 0.343957258980257 0.437299268082059 0.410837447688919 0.327092274444226 0.362807545841949 0.297084558614379 0.365946388671983 0.388753125572613 0.40902757445718 0.415254345238042 0.380572518510791 0.420170504481972 0.403743416555011 0.417867923247457 0.423235573373008 0.429148873121571 0.432923703673513 0.416247097987357 0.414073526921658 0.433127830085604 0.426948741033187 0.358194054072305 0.363385340385307 0.384344294869075 0.408695908143519 0.37768013284992 0.44344859058844 0.46133538585332 0.542237566144895 0.46989513939971 0.32257185002436 0.422217122576644 0.384497820555404 0.327475486103043 0.288236873279316 0.333302177369975 0.388520782359659 0.414997116769576 0.392271544500354 0.400836750204396 0.390674963585482 0.420498745185018 0.422514992207897 0.43435084815393 0.411231401140365 0.435382739672289 0.433216970589989 0.407344607452551 0.33142561588639 0.409723057110451 0.371094924558663 0.413913698255413 0.441060414262774 0.384499549501286 0.407254474442116 0.402006084738794 0.309588160187274 0.329954701705582 0.383937508296302 0.379504150419504 0.350619179383586 0.375408427048721 0.374305459961927 0.348758421677783 0.374524960918088 0.331477726139557 0.376082395146858 0.369438274123311 0.213274677797618 0.258050109950065 0.378222444464488 0.29437477763403 0.363074945332007 0.240720347019557 0.30386653617913 0.324326477294384 0.325441476260193 0 0.426645035070284 0.375748236949292 0.217102602505064 0.378194723318507 0.457791142927375 0.329899716011351 0.336045221412368 0.369073843705911 0.422269999723973 0.409176820142798 0.37342568165814 0.330391747927247
"vayupurana_10_gaya-mahatmya_iast" 0.375492612125526 0.43762627859652 0.463462790177614 0.4513348916873 0.440059678209836 0.494853891925261 0.425841433005346 0.423444914792926 0.428377683642336 0.431761664074113 0.493012891116586 0.444338038825361 0.45610940207816 0.462768519019818 0.356222967118275 0.418048171315658 0.37614477041557 0.399858067154516 0.377571102030778 0.388379311920683 0.423626942501732 0.371258621906609 0.379384432302964 0.36779490246941 0.358087212598825 0.408947698718581 0.428873861911693 0.450931204552201 0.470639794778417 0.474824576628117 0.429738197883186 0.362288085416109 0.527800603371452 0.465446763842453 0.509011766697152 0.460494345979083 0.481666022266882 0.481155884855061 0.521448017744903 0.46516346511378 0.385372879856789 0.374279839820819 0.379081016393013 0.393351102154757 0.439416967660743 0.469719291787854 0.463404467493024 0.431343688897901 0.470066529364972 0.452640357626682 0.478043910940778 0.48099459488919 0.475925141219504 0.479372515559911 0.462378282461174 0.460485890931996 0.482445946019056 0.500641061781894 0.43593664794553 0.42171914054912 0.448288790437328 0.437904700499521 0.448217759919037 0.482667155508162 0.501642170430588 0.54979517739074 0.495439559775284 0.382452579791039 0.453527893658417 0.425844519222095 0.384242924053884 0.364357414480947 0.359849759211472 0.37718483523757 0.408134239623055 0.400340786138875 0.404225386949218 0.445965142949269 0.450364303175035 0.447630033567538 0.464734063086981 0.459253321114465 0.479563292975105 0.478177006101 0.443980323827615 0.36136120770049 0.43606542505031 0.432910246003247 0.475513208189388 0.430568118847585 0.384380411930399 0.483598138445237 0.413728563529473 0.370544077876539 0.3828662944564 0.404104048678467 0.408572311495076 0.361632869458867 0.373222040475009 0.420420602032063 0.398348342820469 0.473207996177797 0.388581757476091 0.361077988459529 0.363062333861806 0.398867689226835 0.433239277401492 0.467721421289009 0.412791776891019 0.481704801769783 0.427039453130306 0.447991626930823 0.369452095276698 0.417670634947092 0.426645035070284 0 0.352002800306311 0.372895323362214 0.412075012070846 0.471728633225828 0.40277238303825 0.421061782996995 0.400798923008132 0.473616920146784 0.422520278050256 0.445960106849551 0.38754974564224
"vayupurana_revakhanda" 0.32655934671756 0.371020680018873 0.400221776806117 0.38708919296608 0.369678064048214 0.416368960374257 0.351418048414742 0.357827806950723 0.35521416302902 0.36360995988544 0.42348151181958 0.366313567113889 0.38100591892202 0.376627838395541 0.243117867161854 0.348721854791881 0.279192396421206 0.314367995104969 0.282931274424784 0.269850409018201 0.342325933035024 0.262957503339381 0.283756747249925 0.290511825434123 0.282539762663834 0.347258452279598 0.334571229005708 0.368226736051271 0.399379864566274 0.397332097245311 0.328146056274241 0.268511731863621 0.478238801318453 0.387373811269981 0.453181179554285 0.381506764742063 0.430917767537811 0.424728717394932 0.469144421707848 0.389152333952682 0.289585969415532 0.285377144055468 0.279655172735381 0.305477797547688 0.330844879802226 0.388687329793323 0.368662642261196 0.313094596437361 0.381035269766227 0.354489059086615 0.397775632249393 0.401452411232654 0.399558106459916 0.400356420362027 0.377655584923715 0.379221299315858 0.396048941849587 0.421950512808896 0.326720805437241 0.312982768125322 0.35968170277895 0.349078151815694 0.345505635668338 0.401364961594269 0.429708281522492 0.503863649489481 0.434000564422275 0.276465944072683 0.369090442188735 0.31351746410268 0.264634994909606 0.2485817450056 0.280709311893155 0.277289477521113 0.307783905831384 0.285138239710269 0.309318351263143 0.405822081518709 0.370052551048803 0.361443381825105 0.374438618810701 0.371442070472566 0.39316014310044 0.396212088137729 0.349599950935274 0.264001109006914 0.371201097144443 0.363641863493969 0.406540128017752 0.338012366061504 0.293816803455773 0.406906780943299 0.327359373739769 0.256788259608475 0.306091501210497 0.338626172758581 0.324033031806665 0.263704569499627 0.198648505742524 0.357464845946702 0.293903364022779 0.416627084637254 0.285678542171866 0.272336963693292 0.268925491096025 0.330412545345168 0.385665517880363 0.415418741338655 0.358006611101523 0.416666341861338 0.36430499372607 0.398609759998389 0.339159084799135 0.347502559388365 0.375748236949292 0.352002800306311 0 0.304920874372176 0.308435595567811 0.370432529757545 0.319130015348037 0.338760172121419 0.335903487704255 0.399844536728583 0.328419863398605 0.371083426231779 0.289412278366249
"vayupurana" 0.308598640652983 0.341516652806036 0.382464588641506 0.357982272741455 0.34318422350237 0.392413088239881 0.318776943117937 0.337853698108817 0.323433982449367 0.317245394689226 0.427428112571545 0.354461921306507 0.364278103609146 0.340472909526736 0.265029972196808 0.160817788117304 0.165279686002362 0.250484451494081 0.13301471482593 0.270403151810701 0.34971394198123 0.292056893646165 0.279589804643159 0.285748014513571 0.2982502183941 0.352677017500192 0.328071592347538 0.380538639495589 0.337668988072699 0.337938552560118 0.280053935144304 0.272378255931284 0.520022209900988 0.301016187154981 0.355760012113587 0.327619320998765 0.36151740780218 0.317008170967533 0.409982147536955 0.327418942568381 0.252439164562169 0.307740497877898 0.214446401388283 0.308699018047789 0.310268377129326 0.353565744548669 0.350594304771739 0.306826390128919 0.360816067993035 0.341283341143496 0.367896713383602 0.37014707214486 0.378716399715474 0.385328369487137 0.356518794057368 0.357538941071826 0.384847901804776 0.414056531543265 0.307589388828348 0.292504395465035 0.359867847826787 0.357323914013791 0.328642103166288 0.385624939179859 0.415068870726023 0.507743853751769 0.427618165368777 0.232306172076258 0.369489141602084 0.312519218226915 0.236695085561114 0.184115422463574 0.277067822133387 0.328348753021667 0.347696147938394 0.317978978460017 0.347685018354478 0.372544151078287 0.352786374538745 0.35568285221731 0.379556490942098 0.353287726835067 0.381581587672815 0.38335877149954 0.340042435982365 0.266674785764676 0.371851660273725 0.338521392285411 0.369563926621869 0.395264292893397 0.317770535206544 0.373892126860559 0.345815090184784 0.223168152297838 0.284462975041612 0.356590947382828 0.32061654475797 0.285745959201086 0.300662296084075 0.342719064359736 0.278699294633808 0.376823570337077 0.253303256836893 0.304617775269455 0.28431208173376 0.0752572013565294 0.218671700559487 0.356289174516113 0.207385149152382 0.309824849320104 0.18747640007201 0.215700883920344 0.238021573344906 0.204690273195377 0.217102602505064 0.372895323362214 0.304920874372176 0 0.321317558543057 0.410874517406062 0.265293788697263 0.283075825586006 0.307103642402058 0.363369052199042 0.345034160576441 0.352185139207413 0.248328570394537
"visnudharma_pu" 0.333606044439011 0.324491988366823 0.352506464105496 0.294562115731845 0.283815809944665 0.355970392778994 0.319915984130874 0.326798202708349 0.328228946709464 0.358775078399019 0.360800758370752 0.295458140600954 0.295342720890933 0.302155342211135 0.283939117304311 0.359793563186249 0.301585420879919 0.341426834300089 0.308897838597348 0.202278732202435 0.365568181594337 0.298959823406943 0.318426688643949 0.322154072713675 0.307831631852643 0.367676152626524 0.267121485604546 0.302283248107305 0.338529763554663 0.357528843185466 0.256721135483027 0.300559629220764 0.487417793002604 0.334938684245513 0.406200728769191 0.32801132490377 0.364528938004151 0.365868690585093 0.416054787547082 0.338667308002961 0.303756782885491 0.299228603523554 0.289489080501154 0.336299659856949 0.259672323671422 0.329535149825827 0.29789323270924 0.248615281673675 0.315557012602301 0.27091369112541 0.343160153639343 0.355550109881556 0.344199677603444 0.350546277029492 0.326982508023398 0.313230064295373 0.332407747430501 0.355832257898682 0.222198214255125 0.223804167369456 0.278223048585309 0.274347906652275 0.261527086334305 0.342351919042767 0.378478319013794 0.470815893785924 0.402384530742275 0.285702970867764 0.393901671072463 0.305621912314647 0.273614105693251 0.263476041961674 0.291306311239617 0.302842006666275 0.351582848729591 0.234433195259263 0.335192674195403 0.399594536631356 0.316322854997337 0.296559282852084 0.324787062859779 0.314506744664526 0.331066929155081 0.345412673516143 0.297299222595694 0.297955486299962 0.380852886926204 0.336150005662985 0.417674163966817 0.385929030169622 0.335540974049551 0.425893777058254 0.349649221586335 0.279535687034694 0.323652604791362 0.365899796866014 0.330042980105406 0.292702652362984 0.268396450463429 0.363948092615257 0.319447556752171 0.400047166517021 0.281086369432238 0.319652423392828 0.284930993015262 0.338158176461848 0.382586782055322 0.408146960161867 0.365863492225747 0.447145056527014 0.375850508772235 0.405494956962601 0.350177746263373 0.36181146378944 0.378194723318507 0.412075012070846 0.308435595567811 0.321317558543057 0 0.355190223199321 0.303107084032979 0.327775543374677 0.308586384640293 0.387448979482183 0.32251962289332 0.334112217065513 0.261692397712091
"visnudharmottarapurana_khanda-3_adhyaya-343-353_pu" 0.411727320970019 0.425656726396175 0.443880481917429 0.416789900489975 0.402322491886747 0.442993327327781 0.414830719413614 0.42396443516056 0.416928163698191 0.437651196835835 0.45530807119499 0.404175168823956 0.420006600794147 0.400580399014384 0.382324040100868 0.440808189631488 0.392885445247809 0.412947041884199 0.397863981030575 0.347746903722517 0.435914202952966 0.390149304607996 0.393140133968909 0.401096532728293 0.410941593264888 0.429961259583055 0.366301739804868 0.386026715831123 0.424630926788533 0.419644219689982 0.3695810205489 0.383184091449584 0.536386772922372 0.414668800904043 0.469523588557268 0.407796046664696 0.448635403032684 0.460143602397033 0.476715876986893 0.419166784494401 0.390744691087942 0.41192303950224 0.381991955122668 0.396720227311824 0.369710593894895 0.398106333446246 0.403262143041756 0.36549580283199 0.413376980863147 0.397653185664723 0.423250455127248 0.420869023607329 0.421051594619448 0.421403192829595 0.413779669002555 0.40653331899701 0.421071538217131 0.445351755998561 0.378465436513666 0.376836960963312 0.422112832855674 0.414980485158336 0.378830005531822 0.43451240236282 0.437902187167588 0.514053334777565 0.460126423074299 0.394157381519688 0.447631900770049 0.390670207347683 0.380746909620269 0.373728054700123 0.395395785179988 0.414069517134053 0.409362865735676 0.338515865492637 0.413956944926717 0.474844603480594 0.401731869939295 0.404739532370062 0.398529869525041 0.399083645808905 0.410230528400407 0.421547460751428 0.383190743635423 0.388607198874274 0.477689492107318 0.443561349004792 0.483483934361165 0.460375284768455 0.396197861694415 0.482841818547149 0.413457956155076 0.393116157055218 0.407346437456638 0.44429535686661 0.408225004016425 0.401426487142114 0.356705207314602 0.430517978768525 0.400473196658708 0.482958764405211 0.3770486995793 0.40292421618293 0.381325520503967 0.426763680998239 0.465247184138472 0.476008460819709 0.433303607403193 0.482155324451969 0.452421784935381 0.458810803951292 0.449674525894314 0.434466749830468 0.457791142927375 0.471728633225828 0.370432529757545 0.410874517406062 0.355190223199321 0 0.396800730391813 0.417193452854712 0.419359228480121 0.456534542274478 0.393433334914609 0.436835885545904 0.376609721680398
"visnupurana_amsa-1_u" 0.34920584421795 0.350326032615429 0.372408426060547 0.349857414014813 0.337855393567632 0.406443912783706 0.307711436058723 0.320628991293536 0.31774252046723 0.330803254417185 0.430021064339187 0.349992527345082 0.362586686354312 0.344951007446056 0.300857422886962 0.288588895385282 0.254290980966859 0.304689534903956 0.247914677609408 0.279167793538363 0.353047682962407 0.293469296126841 0.335838766590246 0.327392648462606 0.333906148430378 0.357714465571304 0.330540700079109 0.360526195310222 0.359180992013166 0.356559317096491 0.305145073198324 0.291249796420003 0.520130697244604 0.336940228709185 0.395685210857919 0.349887428150189 0.325979455264133 0.354196168543773 0.40333855074062 0.354675156576005 0.271674745805098 0.33347069677887 0.25495575771984 0.328015246121371 0.315634816134111 0.362809230145205 0.3581766300295 0.319208057926949 0.372125797156909 0.349519992182603 0.378631780936914 0.373298396683934 0.390562047550491 0.391356293333932 0.368845577058334 0.368113422820522 0.39733252515566 0.410662430725164 0.311753467553148 0.311715791385464 0.374543685552221 0.381479222054496 0.328013805425597 0.388170971590614 0.424209717257814 0.501167750036346 0.43478965732222 0.257820496108635 0.365441153429858 0.293548080928299 0.249473837657548 0.256217937438484 0.309910664948786 0.343775012014123 0.374365396807037 0.305902722737601 0.346909842648672 0.380460046138606 0.357425406973706 0.363035562801816 0.383433525755897 0.365379660320363 0.389378559223505 0.3904951037254 0.342844320231361 0.286391682675444 0.41077634007222 0.374441684289246 0.390930484262243 0.406567771975605 0.312537829410964 0.405765981945633 0.335858464694639 0.274770369399908 0.307812913586315 0.373189567384515 0.332389167430563 0.31617728966202 0.311421220510645 0.358560524596734 0.294822439654849 0.397982153133205 0.287429979575461 0.308377739739603 0.291667366451871 0.279435107703479 0.317627687168578 0.404842918298483 0.316381714425117 0.408092232588393 0.333565767339704 0.334050641969711 0.337736029376072 0.319510103856077 0.329899716011351 0.40277238303825 0.319130015348037 0.265293788697263 0.303107084032979 0.396800730391813 0 0.276476851600887 0.295288511213714 0.34927645377645 0.289114515808429 0.308846354151188 0.181176089636952
"visnupurana_amsa-2_u" 0.346158811897745 0.382235514148979 0.399005783289025 0.3923456440983 0.385123449298052 0.407976416122356 0.361412074549061 0.370815651772119 0.372106578289107 0.37279192432776 0.434081587209247 0.384634948062094 0.389105698107137 0.358500164578156 0.31270154816147 0.292831783032473 0.286365721815057 0.312567826811993 0.268258887575059 0.31107287612947 0.3784715088747 0.326585413086421 0.344486551549574 0.326827399532772 0.330284500372286 0.383151288800116 0.370448782184932 0.394794333226948 0.379925729355631 0.383829822018062 0.33616077776691 0.319828340412312 0.516023223726581 0.37559202381847 0.418824818485137 0.384542141567257 0.381135229437564 0.386667773196118 0.423025641097466 0.39281729326876 0.322560594900678 0.352130707667218 0.287124989665673 0.345313021349089 0.352932565311446 0.393805111440645 0.379596543403626 0.348006536140976 0.389734277788769 0.373045889793361 0.39775728834939 0.412146656909747 0.40790361380899 0.408827158976357 0.391195014453465 0.392843730709763 0.4121065614359 0.433690518417943 0.338819704688455 0.335550419907593 0.385231827131395 0.375811928088125 0.36260350119189 0.411567192744346 0.443313651243644 0.519342757749408 0.447772168660112 0.27261338146068 0.38600593009114 0.338119115576227 0.276173941039071 0.272643523927136 0.315998119534121 0.363463099811002 0.382037755809574 0.342874224624923 0.377068857137287 0.407547616633272 0.393515057991429 0.391617771671245 0.410499237944436 0.385796880486494 0.414305734955514 0.415038601009863 0.384755799795568 0.314071611095455 0.409051157678846 0.374777121000054 0.411469243756452 0.428331790844233 0.354310675125622 0.414618496822339 0.382434525160684 0.288366495721323 0.333264454301767 0.385890108360283 0.362024348228044 0.330154096839324 0.325208070572823 0.372774860461555 0.336038500239562 0.411846314284459 0.328355351538496 0.354059446485494 0.334417647942994 0.294752492065879 0.355754249173305 0.41845995561193 0.345412251555903 0.375373558825915 0.315602658683381 0.364168416295837 0.350373122839373 0.342952368440361 0.336045221412368 0.421061782996995 0.338760172121419 0.283075825586006 0.327775543374677 0.417193452854712 0.276476851600887 0 0.298708255278049 0.368717527086295 0.340308557514689 0.308725670218323 0.230913451420565
"visnupurana_amsa-3_u" 0.331258826382767 0.38212533897804 0.410240688725759 0.387855034280854 0.378965788993424 0.42439074881148 0.355230089176723 0.360170029660543 0.367039252841447 0.374604341963565 0.436501902533529 0.385055242541602 0.382589186908531 0.367130322028014 0.293893822656986 0.328318622772658 0.286875699153123 0.335037835625524 0.289844165448395 0.307141600010552 0.370569804609486 0.324771883754866 0.339531116920752 0.312507127353264 0.304982421229456 0.377566387106187 0.363651283138868 0.403640309762501 0.394787001222745 0.403731015258826 0.345266979462034 0.318763316849784 0.523547539987137 0.379667951089021 0.42956267769496 0.38294882092917 0.390455961243299 0.396047365464376 0.423879391170807 0.383573290337651 0.337496107989993 0.320368667169585 0.295295424525833 0.341649976748382 0.352954408795259 0.404699270658175 0.378295887563162 0.350716717197613 0.396854745141364 0.366194977659428 0.401118566631676 0.404579364192917 0.410928603195425 0.41280087805454 0.390610076254852 0.390635419966763 0.412446632237983 0.431978649655454 0.330686276069565 0.327901749369949 0.372487896013074 0.351287462109709 0.354567078371041 0.400071574488331 0.441845769612085 0.516658757970668 0.451476322493918 0.276662757666718 0.394938733967945 0.338184412876196 0.278847411417895 0.282498158568836 0.299462532191719 0.341157411487375 0.377353309971546 0.339662851037695 0.357487753286068 0.408266037068598 0.398796794160668 0.388955529426024 0.416548584290022 0.403935785061349 0.416868522220603 0.425335549311597 0.391129130262145 0.32235726269176 0.402461174994407 0.369995421579502 0.39594826226704 0.423983224416088 0.353082345790591 0.414850252055831 0.390640694787863 0.290250290065668 0.322740071175585 0.364299164903348 0.364556236100399 0.328074788878479 0.329519675913767 0.372573534963783 0.34290121657342 0.432393196314775 0.338755802532801 0.353213932619621 0.332820461679396 0.324786697663353 0.365814143370267 0.414091862555756 0.365458295315316 0.435758671063833 0.354057235810793 0.384075015336959 0.334570696441181 0.35359229429121 0.369073843705911 0.400798923008132 0.335903487704255 0.307103642402058 0.308586384640293 0.419359228480121 0.295288511213714 0.298708255278049 0 0.355569798448929 0.338802678056812 0.328055813178693 0.230312544389334
"visnupurana_amsa-4_u" 0.395832418869695 0.395285997968923 0.424709405856246 0.408640400550285 0.397221303298835 0.398620199275715 0.385329985206687 0.397389353964579 0.3826238799058 0.350189024185245 0.449286574830824 0.392106091471229 0.429096890793688 0.385075976474798 0.362180387518839 0.38861588068001 0.326005822518946 0.367036386199955 0.339868975188709 0.370488672763725 0.429579664916609 0.377587444301697 0.408614641899821 0.381134252103088 0.399316323941838 0.425044510055015 0.404854643422397 0.434211066680231 0.437374211254451 0.429906305456855 0.371586278684703 0.377680388113308 0.555422011691437 0.383862859329624 0.458217747004338 0.372561458030907 0.444350355155388 0.444613444875725 0.451149062644165 0.390074441344628 0.375841890231333 0.404568610003106 0.365033767138675 0.409383970387383 0.380205441509253 0.421971975836561 0.413820500729251 0.384299246636257 0.424085504034026 0.403807580810007 0.428757894919975 0.43646038691611 0.428584576392292 0.431234981173406 0.416984576470738 0.42062085948377 0.437505071078034 0.46376491007549 0.398132558875838 0.398025244189148 0.448588389746421 0.4406000944635 0.408313297622075 0.439411099770125 0.451333910219374 0.545559999164333 0.491102704467733 0.343174645284753 0.425479028179472 0.373353952810356 0.338809297028835 0.341478921078884 0.36986945994777 0.400275480249426 0.431022117279355 0.384032769103378 0.374470380844002 0.415614337241023 0.417534268269893 0.418613178114362 0.439064223426019 0.433599994236855 0.439251646236067 0.448920510976736 0.414535539954652 0.371760814252812 0.455681469403576 0.429159422875527 0.395007927953715 0.481362030153277 0.393954717571567 0.418134309005365 0.413993106609041 0.362879427279368 0.377680896380987 0.431202141066386 0.408608457236403 0.368040617180057 0.399426346585205 0.433512218580953 0.387405078773701 0.486834603511948 0.378065718742138 0.402082874182375 0.360595890732609 0.371852905605138 0.42376937977297 0.471395770730908 0.398835531189099 0.461159871257331 0.408721966939812 0.419978057586852 0.42141403418995 0.344837779539901 0.422269999723973 0.473616920146784 0.399844536728583 0.363369052199042 0.387448979482183 0.456534542274478 0.34927645377645 0.368717527086295 0.355569798448929 0 0.33808206520496 0.381007905241707 0.262155976606901
"visnupurana_amsa-5_u" 0.361531412100175 0.349028643547162 0.39305253572319 0.366211554254459 0.358215160019239 0.401514525011534 0.340965006671556 0.342329272454218 0.332959447975537 0.344661370237804 0.397443463106794 0.310362046625279 0.375411935828149 0.366860490717746 0.308382028901016 0.381019937101076 0.291108926345097 0.326558601368784 0.305992538422015 0.305107885690291 0.387701919875382 0.298016932017684 0.347905743768721 0.334390808880413 0.348000041577555 0.378061927922029 0.317333924534279 0.341805220294576 0.406069293524791 0.386923779469274 0.292386185527512 0.307124427820128 0.526879645205751 0.386906532569643 0.454630415358115 0.376359860511204 0.433537389438636 0.442663676956326 0.466355056699648 0.381201376700956 0.327416039611721 0.360906732954385 0.316407681865046 0.352592802720945 0.326482491341976 0.352584650633435 0.3541180317256 0.323297457385448 0.366602141884173 0.354007113689153 0.384157607991613 0.417325056093099 0.375736323567266 0.379052335469562 0.368128662131091 0.372378520174064 0.389976097371635 0.44100997450179 0.354726253300246 0.350879320895404 0.41335989373725 0.408981025430493 0.355796957789346 0.399099852374186 0.394716758076849 0.504072433223472 0.451834623524209 0.293441348225754 0.357031195017708 0.320696504783356 0.277812823503588 0.290501183469915 0.323218959411651 0.339803503362972 0.376971297940633 0.305190351535132 0.341471385990204 0.407716213311858 0.372962753048803 0.364243236998727 0.363033147186605 0.360071453860678 0.364120956486707 0.369121232100018 0.3457813100641 0.317968670997856 0.427694649227284 0.402761238750633 0.406611827086009 0.41774731724814 0.310703350004661 0.425880365939281 0.349516121888462 0.306611056557458 0.343118834445464 0.403157952532276 0.355287804023479 0.314946675610175 0.335621328381355 0.399911611133553 0.329517794427545 0.450913543004691 0.31063187311239 0.352573202036733 0.282487677830152 0.36691356516338 0.417610852748646 0.447448877743814 0.383162808574087 0.438837738406699 0.402420972043728 0.412392354840273 0.400029000638826 0.352004748452322 0.409176820142798 0.422520278050256 0.328419863398605 0.345034160576441 0.32251962289332 0.393433334914609 0.289114515808429 0.340308557514689 0.338802678056812 0.33808206520496 0 0.335049542546838 0.206350049123984
"visnupurana_amsa-6_u" 0.383125017970956 0.378586566568563 0.392737289420591 0.380453607376719 0.378679459567972 0.414791106904017 0.361834558035336 0.363057390870325 0.376961512996913 0.38435887613273 0.430537402947493 0.384630512700094 0.364699803040152 0.360282714295494 0.344996253199039 0.363785577568865 0.334847589987971 0.352442725751979 0.328684246277743 0.341382333967211 0.37757803301082 0.347854383325797 0.366616258067919 0.360565058575377 0.348484133859327 0.405917510560134 0.40021356150625 0.416244681971014 0.407211981957437 0.425237733943756 0.377807689120804 0.358936001905054 0.526912110647487 0.421394851211766 0.470386912187162 0.429396592288569 0.411771734067244 0.420639045998306 0.460999053443666 0.427721825322125 0.349798569561223 0.358954222453903 0.334785046174129 0.37696696602178 0.383974287417153 0.432252820972104 0.409290139108681 0.377238218559927 0.418658652668502 0.395720261021975 0.428724529105155 0.44172477163091 0.43219950805159 0.432328722997184 0.421751701809173 0.417742900936473 0.433009350508191 0.426273793003217 0.352131240098769 0.370400735148113 0.397120121501949 0.398180979208807 0.376097331725702 0.429212784059918 0.46166259407052 0.537584184503138 0.478033372911466 0.311327549513084 0.415267319895586 0.360766786870046 0.314702102071949 0.330404334213023 0.330865645216744 0.367720426148169 0.423365881838306 0.361171011383256 0.381849626576014 0.399850799039881 0.425755943550028 0.410254491177535 0.432491676540891 0.419636102940521 0.43574688487461 0.443490956874683 0.41109507278948 0.337032361954787 0.423839114695735 0.37638543766678 0.414678239793738 0.442892492964135 0.376090840491054 0.425342125650958 0.399959619268761 0.327844299337358 0.342970572439034 0.391876997741675 0.388111183928653 0.343659873573956 0.370487118421556 0.378021992534923 0.373142751520503 0.415209638276851 0.364888605044237 0.378666560407881 0.361576572143019 0.366720920295955 0.391475238435896 0.428131361300228 0.388123851072288 0.453408820316598 0.388288687740049 0.424248538775353 0.390860996072024 0.392508321753238 0.37342568165814 0.445960106849551 0.371083426231779 0.352185139207413 0.334112217065513 0.436835885545904 0.308846354151188 0.308725670218323 0.328055813178693 0.381007905241707 0.335049542546838 0 0.255371462210427
"visnupurana_u" 0.303862339197191 0.31474359917208 0.352964201696066 0.326504171773038 0.314607156185676 0.364526559610408 0.287315402566808 0.298643239936133 0.294100837249987 0.295866597009348 0.38798780985106 0.301044213067372 0.335078515518928 0.309887803822834 0.245672604785071 0.286588126304332 0.207443791442541 0.269507287368061 0.21364190646726 0.236649191134495 0.338069051951361 0.252809455146852 0.302501479476018 0.277690715148862 0.286771826078509 0.339791618894202 0.30053217349624 0.339315711482537 0.354314402290082 0.350158930103158 0.259423468474416 0.258281617805981 0.505768816700002 0.326804882333707 0.400169091860599 0.324131154187617 0.3584533721008 0.366537324161418 0.403136349240073 0.335204049736361 0.261974275433653 0.302763641372234 0.23811381952597 0.304317586382463 0.284618410794445 0.340473241588948 0.325522145630265 0.282685889038288 0.340644723427577 0.314332065868522 0.355317111649506 0.369984182756896 0.358815331872009 0.361755352336127 0.338934830105523 0.341861668199331 0.366899620802366 0.398528054561161 0.287616223590645 0.286228566196395 0.361286061236191 0.349658929522275 0.307412372506732 0.365352721348531 0.393251177778166 0.492555605403182 0.425999527421819 0.202773797133277 0.337157842585489 0.267399525281384 0.192360686573713 0.210329875026254 0.257523382640976 0.301456498264745 0.34672902745577 0.270560282154977 0.297227370619951 0.360075877949144 0.340788322428726 0.33412553372944 0.355870683015691 0.34542472117965 0.362042458278695 0.368269135575359 0.325579190932481 0.258502622319834 0.383820313710308 0.346582513968673 0.345470638852826 0.394338960220085 0.284883969425887 0.371113802902786 0.324793388634142 0.233299867202019 0.274489444243036 0.34851075443479 0.313611502927994 0.264544251464834 0.286244340815656 0.347437968798917 0.2802196647939 0.405095991623822 0.264344933462267 0.30303594279232 0.253773612521466 0.269170063960971 0.334490267860671 0.399795985533533 0.312535020473198 0.393858657452976 0.320625078206597 0.34202227884929 0.325821296074065 0.287990095373381 0.330391747927247 0.38754974564224 0.289412278366249 0.248328570394537 0.261692397712091 0.376609721680398 0.181176089636952 0.230913451420565 0.230312544389334 0.262155976606901 0.206350049123984 0.255371462210427 0
