"agnipurana_u" "bhagavatapurana_skandha-01_u" "bhagavatapurana_skandha-02_u" "bhagavatapurana_skandha-03_u" "bhagavatapurana_skandha-04_u" "bhagavatapurana_skandha-05_u" "bhagavatapurana_skandha-06_u" "bhagavatapurana_skandha-07_u" "bhagavatapurana_skandha-08_u" "bhagavatapurana_skandha-09_u" "bhagavatapurana_skandha-10_adhyaya-29-33_w_commentary" "bhagavatapurana_skandha-10_u" "bhagavatapurana_skandha-11_u" "bhagavatapurana_skandha-12_u" "bhavisyapurana" "brahmandapurana_khanda-1_u" "brahmandapurana_khanda-2_u" "brahmandapurana_khanda-3_u" "brahmandapurana" "brahmapurana_pu" "devibhagavatapurana_devigita_adhyaya-31-40" "devibhagavatapurana" "devipurana" "garudapurana_khanda-1_u" "garudapurana_khanda-2_u" "garudapurana_khanda-3_u" "harivamsa_appendix-29-30_mathura" "harivamsa_appendix-31" "harivamsa_appendix-41" "harivamsa_appendix-42_pradurbhava" "harivamsa" "kalikapurana" "karatoyamahatmya_pu" "kurmapurana_khanda-1_u" "kurmapurana_khanda-2_u" "lingapurana_khanda-1_u" "lingapurana_khanda-2_u" "mahabharata_01-adiparvan" "mahabharata_02-appendix-21_sisupala" "mahabharata_02-sabhaparvan" "mahabharata_03-aranyakaparvan" "mahabharata_04-virataparvan" "mahabharata_05-udyogaparvan" "mahabharata_06-bhismaparvan" "mahabharata_07-appendix-08_sodasarajika" "mahabharata_07-dronaparvan" "mahabharata_08-karnaparvan" "mahabharata_09-salyaparvan" "mahabharata_10-sauptikaparvan" "mahabharata_11-striparvan" "mahabharata_12-appendix-29_moksadharma" "mahabharata_12-santiparvan" "mahabharata_13-anusasanaparvan" "mahabharata_13-appendix-15_umamahesvara" "mahabharata_14-appendix-04_vaisnavadharma" "mahabharata_14-asvamedhikaparvan" "mahabharata_15-asramavasikaparvan" "mahabharata_16-mausalaparvan" "mahabharata_17-mahaprasthanikaparvan" "mahabharata_18-svargarohanaparvan" "markandeyapurana_adhyaya-1-80_u" "markandeyapurana_adhyaya-81-93_devimahatmya_u" "markandeyapurana_adhyaya-94-141_u" "markandeyapurana" "matsyapurana_pu" "naradapurana_khanda-1_u" "naradapurana_khanda-2_u" "nilamatapurana_au" "nrsimhapurana_pu" "padmapurana_a" "pranavakalpa" "ramayana_01-balakanda" "ramayana_02-ayodhyakanda_a" "ramayana_03-aranyakanda_a" "ramayana_04-kiskindhakanda" "ramayana_05-sundarakanda" "ramayana_06-yuddhakanda" "ramayana_07-uttarakanda" "saurapurana" "sivadharmasastra" "sivadharmottara" "sivapurana_dharmasamhita" "sivapurana_karvanamahatmya_au" "sivapurana_rudrasamhita" "sivapurana_sanatkumarasamhita" "sivapurana_satarudrasamhita_au" "sivapurana_umasamhita" "sivapurana_vayaviyasamhita_au" "sivapurana_vidyesvarasamhita_au" "skandamahapurana_himavatkhanda" "skandamahapurana_kasikhanda" "skandamahapurana_revakhanda" "skandamahapurana_sutasamhita_khanda-4" "skandapurana_adhyaya-1-31_pu" "skandapurana_pasupata_adhyaya174-183_u" "skandapurana" "vamanapurana_saromahatmya_u" "vamanapurana_u" "vayupurana_01_frame-and-cosmogony_iast" "vayupurana_02_pashupata-yoga_iast" "vayupurana_03_kalpas-and-shiva-lineages_iast" "vayupurana_04_bhuvana-vinyasa_iast" "vayupurana_05_jyotis-and-purvardha-close_iast" "vayupurana_06_prthu-and-prajapati-lineages_iast" "vayupurana_07_shraddha-kalpa_iast" "vayupurana_08_manu-candra-vishnu-vamsha_iast" "vayupurana_09_upasamhara_iast" "vayupurana_10_gaya-mahatmya_iast" "vayupurana_revakhanda" "vayupurana" "visnudharma_pu" "visnudharmottarapurana_khanda-3_adhyaya-343-353_pu" "visnupurana_amsa-1_u" "visnupurana_amsa-2_u" "visnupurana_amsa-3_u" "visnupurana_amsa-4_u" "visnupurana_amsa-5_u" "visnupurana_amsa-6_u" "visnupurana_u"
"agnipurana_u" 0 0.43006479673144 0.461326645299339 0.42507821305242 0.41219593260051 0.454853511239905 0.407555628211325 0.412503008765285 0.407941215369368 0.41233783783262 0.480820816712567 0.40354460529351 0.430988616870812 0.424873707616334 0.308799028071844 0.478836049205655 0.378109805053404 0.35267352980548 0.332597892633213 0.36839313430188 0.410513345160722 0.356801004208272 0.304236270410735 0.252799192092816 0.343780209119694 0.411809343072513 0.403645026558081 0.444195494210541 0.466607896638053 0.450685484344392 0.396291605890737 0.314565010370407 0.573668141182492 0.398121902770984 0.380934205787938 0.340029786778431 0.317294085145445 0.417209843866752 0.465083965331254 0.442871250526261 0.407859755100899 0.449534164694711 0.429301134127356 0.455233987878139 0.481190055386168 0.444554257440763 0.444156783477019 0.44348061441855 0.446445579564186 0.464167265160619 0.49929431210264 0.404273927229414 0.404896802995965 0.430130957079777 0.415712234863635 0.430358992526526 0.483081266042161 0.49802290270205 0.59579394451538 0.538290786517945 0.367795337085734 0.468023457063588 0.435593738935571 0.369620488184676 0.294730768524302 0.249969964009485 0.371286107568575 0.406998852279366 0.378659527829645 0.381706462161832 0.419591485278668 0.438970493881046 0.431507593437875 0.435724916021281 0.436941911873149 0.439043460740172 0.439590864975057 0.428800565842231 0.362716020694363 0.408023860466336 0.381361945960846 0.453040672966158 0.492862595366296 0.407619124913134 0.474310349759583 0.477728933596993 0.362102145494247 0.349436135237958 0.37509718044656 0.388116846668151 0.324060218578093 0.372543212076697 0.427747232290955 0.414760422033846 0.500760739532628 0.374093193753078 0.449775123040909 0.346926727350526 0.560772154708255 0.527571120192305 0.480942268377604 0.505273120579736 0.585906356191261 0.54007845603648 0.526293727065605 0.583321620423595 0.487201188924867 0.446458751115057 0.383032325277457 0.35085394517028 0.392159074225627 0.478548395613138 0.44520934146335 0.513873189505531 0.418610767223827 0.449228631843459 0.517678292816342 0.589873215079652 0.383799687997737
"bhagavatapurana_skandha-01_u" 0.43006479673144 0 0.340078259110734 0.304456379833684 0.293198997327199 0.380122268726613 0.301245027327456 0.309910369252835 0.316551248937959 0.328363028984104 0.422699304361819 0.279139826765214 0.319513783723931 0.347377703581764 0.392651597009477 0.484679636800679 0.363306029363094 0.425580106947527 0.380640175716774 0.371634505482662 0.44693681272718 0.390859991372126 0.421530216964776 0.419844352924444 0.422425999320237 0.461759827620521 0.382469222651859 0.413630852691134 0.455103158115417 0.434901119448243 0.350396602834904 0.400165758786888 0.600315044131382 0.393858166039827 0.405081975971263 0.402543513490685 0.439223871257279 0.354198442402686 0.437358366655292 0.37783459632652 0.346152122805744 0.396722514347477 0.366504322418949 0.41572531382164 0.442182294849514 0.409264673637527 0.414980692876638 0.404738474914549 0.400574576315591 0.410982899223679 0.469770650511497 0.349676247196443 0.362068114867879 0.433159950062763 0.430055361646788 0.371524913843837 0.41460186714416 0.453486455207038 0.552204837116222 0.493000220910958 0.365158189342204 0.478081979300854 0.387819827670309 0.357266699040527 0.367048537624842 0.392738584880902 0.400921699628661 0.451902192214718 0.373347516935701 0.404254874168442 0.441998952960664 0.406976937939251 0.389832024136103 0.414552007924986 0.413188542618202 0.420439499627803 0.42602268062278 0.393017213246831 0.394944293633839 0.478274939136348 0.450550800894627 0.471882170932982 0.498108376453421 0.425390872920753 0.495219020895901 0.460852357783045 0.396454139484238 0.421565441569704 0.46859791891994 0.3985733948697 0.378930668788921 0.408836172309394 0.461651630434436 0.407664170808461 0.498860549034704 0.355263141324084 0.45292148008825 0.373862145485589 0.532553645397495 0.548030441499691 0.47100586345498 0.528210064366373 0.574394985920778 0.536447893665294 0.539021992523299 0.574140714460165 0.480939194474441 0.500263513352472 0.426557331071922 0.392251930647529 0.372305022999321 0.499201462177627 0.427460995678239 0.516511397532191 0.447241159226056 0.441766628066261 0.502937911658605 0.56459920844286 0.382254285742484
"bhagavatapurana_skandha-02_u" 0.461326645299339 0.340078259110734 0 0.3280368576283 0.339045860476352 0.394572199783087 0.349378087593724 0.350390988944881 0.358324103571646 0.380870807424905 0.463174931107562 0.365437585230956 0.353322010971529 0.379649913606692 0.442963548714313 0.511532585773246 0.41580616498514 0.462010214035217 0.423992166808328 0.427564980856868 0.461934584803645 0.442147739730662 0.457620620144379 0.452812614290865 0.460995360809807 0.485608145899053 0.443380726732336 0.451385104497452 0.474481555315809 0.476152334841067 0.424624736357165 0.433413633686586 0.60776097371363 0.417302621650831 0.431366035043232 0.439435014850931 0.465980841366803 0.429175518887299 0.492374610473284 0.45167592294192 0.423567717361976 0.465057513132988 0.443212375281043 0.476782575807995 0.49153410718386 0.468975208218792 0.474790881127573 0.469181345008959 0.462238907047729 0.469457517638417 0.489791689155742 0.410761162670745 0.42762033448617 0.470997520616668 0.469180680439549 0.435128631823631 0.480562956782155 0.506649688466245 0.585676499847963 0.532505845183204 0.416744303164848 0.508470003983833 0.43729913054551 0.411427226717209 0.421948223171763 0.428780642365436 0.444822891762022 0.486468149697894 0.419232629235061 0.449057881782757 0.450994604161075 0.456786174214196 0.454121857071338 0.46133011908155 0.455329395644491 0.468297079841461 0.47114585289322 0.447626243215398 0.433151196520917 0.495452651233715 0.479527354465192 0.505107926441456 0.525861950671108 0.468670492601694 0.514603440367388 0.487801160614484 0.435908091012887 0.443063954944145 0.490100142697481 0.440263720728122 0.414104776914783 0.449490150934941 0.471703733439848 0.447116051517007 0.50381797300028 0.411958473909045 0.481525949537599 0.425503890096686 0.548276608805858 0.549390709537292 0.49397374671196 0.55562396611215 0.59796607343644 0.559858314109021 0.560194500696078 0.603208692929381 0.5049201520089 0.524657270733475 0.46195018286165 0.439156778185277 0.406431891683512 0.515916374177574 0.449179725152018 0.527224294917897 0.477578892104506 0.47529275982783 0.52552803185492 0.583711833496284 0.422651790877775
"bhagavatapurana_skandha-03_u" 0.42507821305242 0.304456379833684 0.3280368576283 0 0.231351413003014 0.339189046770681 0.313119261515178 0.323157417240571 0.321613860650904 0.346416385353428 0.388271557170943 0.268193877986082 0.271168382233074 0.321128369594323 0.41063709574639 0.496805861961615 0.385785149305579 0.429157673957372 0.389724749592308 0.353313992964137 0.446190807286131 0.408795255725447 0.424181851484982 0.427232010187003 0.432567622220102 0.467342211443248 0.369677896623938 0.402772365407679 0.424049290451873 0.41993180228981 0.344581367094141 0.399296076661691 0.595926608868206 0.398176804837267 0.40870992445721 0.405097310207343 0.437542853764274 0.347729064886543 0.439125012095202 0.382316016843748 0.335609364679323 0.394541727533212 0.366792585174049 0.411690287175182 0.436605083175832 0.400398891317007 0.406848615732923 0.396965584178201 0.396397317390139 0.413057432963295 0.43367931326594 0.325174788212051 0.343389936788136 0.408078071165288 0.407310106820101 0.359208705787156 0.42219685022314 0.457702488556524 0.553498016821345 0.499595129509337 0.377194658862528 0.487220402476239 0.409431929815714 0.371005996639366 0.385178624408515 0.400521945014675 0.406323045145389 0.464585423162934 0.35041581322243 0.41067414377383 0.439778407490929 0.390664527432631 0.373194126593951 0.390989096792414 0.393595703973998 0.394783169848297 0.400912206637384 0.374400806996704 0.409786103524181 0.475198230316575 0.44453077592757 0.478612336920219 0.512254659897654 0.434683653094177 0.497917191323216 0.470623434277909 0.400814249855843 0.413002729915544 0.470580631850397 0.410781251335707 0.376247628215385 0.409238505075442 0.465123130057436 0.415817202784665 0.492570525491448 0.363497374599154 0.463617044750662 0.384535558141463 0.550838472980312 0.548410355733834 0.482490003860065 0.549197141458627 0.593944461287639 0.550048960630242 0.558723547409621 0.596562986709675 0.498241114861144 0.511962777902607 0.436732742756782 0.411897956245925 0.33843080141099 0.487549944524452 0.42571528903208 0.515249822524591 0.450683306976758 0.453471632984137 0.50850561690217 0.577571284410057 0.387731655122036
"bhagavatapurana_skandha-04_u" 0.41219593260051 0.293198997327199 0.339045860476352 0.231351413003014 0 0.338128029333435 0.296336836224076 0.309975763774387 0.304947797153102 0.325624968130122 0.391629028353571 0.240006330784765 0.286486174245154 0.31679340639023 0.398106351089501 0.49164883106961 0.366646528354425 0.417289384694378 0.37191487011976 0.337102942379002 0.438230917424018 0.392077187146078 0.409542856350566 0.415866176671447 0.422906845962799 0.464593968984687 0.353583498708804 0.388400943747049 0.417743381258438 0.409076766902159 0.32908428329583 0.387851489481132 0.588262989825966 0.381767713829452 0.404451455884584 0.392649878970731 0.43136039007977 0.327726551519995 0.426215947600599 0.365606610920208 0.318536355015345 0.383199322742582 0.352002479310204 0.402188368260529 0.414014971061068 0.391843746173819 0.395077812721757 0.385028944702564 0.383801971439886 0.39663685099875 0.438770547130021 0.316216347343063 0.3318651965855 0.404550497292564 0.400568184994051 0.346081574223264 0.404865170459112 0.448178764136747 0.544923627087462 0.48695907495498 0.365484466234677 0.482181035044138 0.391097575084648 0.356550812124387 0.367332166432006 0.388031770091475 0.392458907967423 0.44928968581401 0.335145258480021 0.400147480710385 0.441234680898778 0.372150684992213 0.353002375518597 0.378779449921802 0.378205456191957 0.380750916533242 0.388403043510459 0.359181852292488 0.395822939205406 0.471467090038892 0.433512230350064 0.473547362119859 0.506136673778594 0.41860715244398 0.497833152998521 0.462175795321705 0.390780982144491 0.410024898683414 0.46448945740915 0.397597858536652 0.367869823463296 0.387407319537708 0.458455781039463 0.408505878094244 0.503143687574549 0.349818590960623 0.451972472527856 0.365015165918507 0.547850025115428 0.548130386430189 0.479528229673198 0.531541080025526 0.588301932005166 0.544139614938228 0.555302766153043 0.59011986141769 0.492863868943841 0.500323520604013 0.42071166378836 0.397073484372655 0.331690133354628 0.47656916032381 0.410976729745855 0.519248619197117 0.4447526310564 0.442704837458385 0.508761258407359 0.573159440515992 0.376155285687671
"bhagavatapurana_skandha-05_u" 0.454853511239905 0.380122268726613 0.394572199783087 0.339189046770681 0.338128029333435 0 0.380905352864609 0.398059870000874 0.380942536554204 0.410428383255527 0.422964500872619 0.354366953546018 0.368077815427387 0.374488723104262 0.445880316192273 0.520884207167089 0.42621613742847 0.445023697119302 0.42210128340182 0.422511634725064 0.484644819039151 0.456652710148965 0.456272677591391 0.455880218932481 0.467656244911163 0.495956804517279 0.429437505420358 0.462442875569176 0.467593264237318 0.462054305946355 0.40699359728958 0.450026469560217 0.605792677579245 0.446859937169901 0.454115001087895 0.452367576099504 0.473158164509573 0.413152704594605 0.478850918523115 0.436415010675605 0.403020440656287 0.449586710973726 0.426679943243076 0.463714013212922 0.486068159200849 0.456333085154702 0.459270841434903 0.455377572788925 0.452724894253637 0.457494971942445 0.470015959301125 0.397652007791006 0.411293474240661 0.453530569664467 0.458561262270319 0.425047859517102 0.470751941330193 0.504226513943557 0.584456701190656 0.537792448518883 0.430560031553706 0.518453566740105 0.467449918086986 0.427645013147458 0.413352231160667 0.441567506388418 0.457781086357964 0.493648231450219 0.410568865836389 0.437341353590545 0.447198825541987 0.445947715786614 0.433479295269757 0.441558166500251 0.438826157350995 0.443471307601073 0.450740918087015 0.436203978682453 0.448590365102136 0.503245772450412 0.472444061780303 0.491491369952419 0.549648478590868 0.478073285002081 0.495499548497273 0.515509386406568 0.449948432162204 0.451276043450193 0.50016310850946 0.461232042255096 0.41124880498069 0.443561654544433 0.49189058666372 0.460032752431814 0.538834073211792 0.422979158428971 0.500936000680628 0.427072980942616 0.568074528202426 0.560640801204673 0.521165607159819 0.530704718041869 0.613277098887454 0.568515172759912 0.57670958778874 0.610502906465057 0.518327027096632 0.552033549706482 0.46798627698714 0.440701236978663 0.403839359127202 0.50608850894817 0.478238671455974 0.534795203976966 0.487168736821899 0.441717493602408 0.527162007290414 0.592379139780779 0.419812017636149
"bhagavatapurana_skandha-06_u" 0.407555628211325 0.301245027327456 0.349378087593724 0.313119261515178 0.296336836224076 0.380905352864609 0 0.280774942053759 0.266159121387801 0.303656128913886 0.443087449126227 0.299318241740922 0.313016837634375 0.359776042835721 0.376855883290693 0.468126193885134 0.346603495810872 0.394406180864636 0.351456373648066 0.366532938831107 0.422130845691954 0.368461689066987 0.393378876611734 0.396616124962126 0.403963878934333 0.437903541177679 0.386489731036481 0.414907660548575 0.441054125337416 0.422940171253859 0.367125574344498 0.37712598887761 0.597624966345845 0.361973706319099 0.382323320965955 0.372276024431123 0.413498743091038 0.367911230841201 0.445609661572043 0.397821450956818 0.357312311081243 0.417126791350417 0.384963942452283 0.426777679376099 0.448082530882716 0.425865858468754 0.426210716220635 0.416124374989068 0.417627328117996 0.429084641524651 0.466202590109556 0.350293117512806 0.360187482691029 0.430552947920396 0.429339666481792 0.380594391265921 0.43255354482671 0.475356042656551 0.560579827613311 0.501713090445933 0.343597664379465 0.447122996568842 0.389339190891305 0.336319433853968 0.34625107756171 0.371498772912547 0.38469269272691 0.439126768529665 0.364240666777624 0.393171586391181 0.428230247292586 0.410341975262131 0.40044541055538 0.418803290238601 0.415125065255242 0.423868726005161 0.421921011145346 0.393588560819422 0.366735003230439 0.462070995451311 0.443035098082758 0.454523318608336 0.495861943469242 0.393636775332945 0.476664617396242 0.443713937545793 0.370057616161554 0.390275924199386 0.451065026622933 0.389721829458171 0.354175934571481 0.398782756180876 0.428771224762762 0.382916433331861 0.488901324017334 0.339856764389005 0.439763048468094 0.341961521642701 0.524466391909824 0.533014530591689 0.453488362541031 0.521470302662667 0.566549785988328 0.523707587647228 0.533285044496055 0.572706832704885 0.47721853759457 0.485172874285361 0.404018825993484 0.371535769087682 0.368832986670483 0.488076929442412 0.393920795591197 0.504366577894613 0.424728393136677 0.433037642787181 0.486532806080345 0.560399243098227 0.352363276767693
"bhagavatapurana_skandha-07_u" 0.412503008765285 0.309910369252835 0.350390988944881 0.323157417240571 0.309975763774387 0.398059870000874 0.280774942053759 0 0.302880169171293 0.326908382296333 0.434284544405349 0.318138500364467 0.313828511640457 0.372150331209422 0.389362084065004 0.476811406742087 0.362880263852417 0.408198967330546 0.368121935210248 0.383116334690839 0.431689688806928 0.381977310759466 0.402653924480459 0.40477219883535 0.402475280565167 0.444572164472295 0.405377857182555 0.430889698147559 0.463215594525989 0.4483810945613 0.386019113275886 0.385331690586649 0.597468980404072 0.382902784089719 0.39024104673403 0.385800367320989 0.419016280805655 0.39107714903666 0.462599969270772 0.414999435161966 0.381728145573205 0.434190681413482 0.404733467666974 0.453109844190212 0.459932271536721 0.444100850831343 0.445465572752789 0.440313400908496 0.434005397868605 0.449162066755211 0.479697301359307 0.36308786505707 0.385514408463374 0.431402832626336 0.435178676193899 0.39583779418002 0.45053750368438 0.485598136394875 0.564901000305779 0.514399975669705 0.354758732188038 0.46414358599996 0.40148940376627 0.352968436702238 0.359125993497426 0.37622182493993 0.389455806616259 0.451004481454664 0.382351247400629 0.398175783319393 0.4255729474387 0.432672666334085 0.419106257945623 0.432753704244944 0.432480893583635 0.442980072204723 0.443976514074307 0.414039445082588 0.376782889800341 0.460097736782756 0.442379773460828 0.456512609013463 0.499176913505625 0.410202100236483 0.481867083745293 0.456344673826064 0.382284879293946 0.398791972253038 0.449400370952074 0.39960875727372 0.358096197195936 0.40660165898116 0.435619244364165 0.401992245008701 0.494871472594862 0.36170479375093 0.441347720140537 0.364351420939716 0.5369968014344 0.537614803653578 0.469190462186168 0.535376032527348 0.572671752381747 0.538144019264531 0.529300726346307 0.57706725589421 0.485455582709139 0.483374462177825 0.416332355334408 0.386415486634678 0.374775318195926 0.495550334109923 0.396275170406901 0.51040779279566 0.423881198066915 0.445954606294236 0.493081247044003 0.56019952000112 0.362789807783542
"bhagavatapurana_skandha-08_u" 0.407941215369368 0.316551248937959 0.358324103571646 0.321613860650904 0.304947797153102 0.380942536554204 0.266159121387801 0.302880169171293 0 0.302328535686093 0.44129782263573 0.285826489988417 0.34754007929685 0.360418799006232 0.373605144531393 0.470926655244438 0.345738235263394 0.389493259049628 0.349272088441227 0.370383270268243 0.43302230863948 0.375389635034124 0.396517623595611 0.398001993514888 0.415541587528345 0.442729558929887 0.382803440010201 0.416047112314013 0.433408621804557 0.407277143093253 0.365115451393658 0.373642787325554 0.596101177720199 0.360585097300538 0.397203484180698 0.373721596775027 0.413727420312493 0.377144846231024 0.439956904587403 0.402025778525745 0.36591053406292 0.421023649960031 0.398271091754971 0.428272424515706 0.449992033606954 0.42232561665204 0.423235626325655 0.418107548365431 0.424767303162641 0.440442235518727 0.490499272757044 0.373049107586644 0.376730507504948 0.446660569855784 0.439522869638612 0.396041005758401 0.443501619864326 0.477999073380772 0.568765001714359 0.508515962398801 0.358764582164414 0.44446844848457 0.398722207599638 0.348938852982391 0.340192210435128 0.374047784948542 0.392077542752496 0.432215583128341 0.365771688072113 0.386550699876194 0.429102228936448 0.415276181472241 0.409222404960942 0.41883024606018 0.411317757171411 0.416812762833726 0.410470955730557 0.393219840789579 0.36492235069377 0.458587207603542 0.445242589616313 0.450025864549532 0.503865496489532 0.394876590239488 0.471328838632631 0.440932354503275 0.377890145068561 0.395552520452267 0.455564000120145 0.378923050380354 0.364119945994161 0.397262494923678 0.443222781974936 0.386197237100773 0.505025523942023 0.335634877770519 0.439969436998684 0.335959760458661 0.532552608923669 0.542667434101978 0.456081773160508 0.507251773050387 0.572836813779869 0.5256989670196 0.537349009211769 0.571784878657084 0.478681918674539 0.487808221170555 0.406558379398286 0.369794200241301 0.379030533488901 0.485215201833523 0.395068524321679 0.50873394895885 0.436599495894421 0.43023679764315 0.484988498906692 0.562841839946021 0.357023005310768
"bhagavatapurana_skandha-09_u" 0.41233783783262 0.328363028984104 0.380870807424905 0.346416385353428 0.325624968130122 0.410428383255527 0.303656128913886 0.326908382296333 0.302328535686093 0 0.454839350974017 0.305642726656009 0.375897837030222 0.380249578955987 0.379778355932367 0.476492978558126 0.343994557711513 0.408224699105219 0.359973557895425 0.384583660399076 0.446177884570452 0.378822007318053 0.412928197257668 0.409166789035478 0.421837359714307 0.452925998587502 0.396008246121481 0.424009520616846 0.467110660253693 0.441618631340087 0.368715625641052 0.376166139367818 0.604678961658502 0.381265871502079 0.407421850016813 0.394415117053662 0.427829708076712 0.365876280074995 0.439155214509568 0.403919747655966 0.366279444459439 0.415884504340126 0.391622777521229 0.434528253058019 0.444280678695872 0.424906837353996 0.427777535058993 0.414200579240837 0.422518652121164 0.437455076369845 0.49920709120229 0.379853389005208 0.381515661957209 0.457821938439529 0.45458967608941 0.397314693681545 0.433874202770129 0.467654988212638 0.563776232833723 0.511181835621827 0.346754726195872 0.468087801966895 0.380170836325088 0.340703849756216 0.361582883485156 0.38638083400877 0.388252354413109 0.443609566126302 0.371770110325741 0.406319893478767 0.444634766743403 0.393057865209759 0.392334874727475 0.420027403813735 0.412258866631322 0.423195656405702 0.426754578697176 0.393137000188817 0.386701033173733 0.473984262646343 0.456644158883194 0.460232888096843 0.504620313358807 0.411150327655396 0.489765560742972 0.449188424638215 0.385230418042226 0.409842961407028 0.471659714155302 0.403956658330611 0.370517606342061 0.408510737975714 0.460841234497292 0.397688941842539 0.51431142706002 0.360502515727464 0.440756345126144 0.349383432955381 0.544650177807122 0.551295596753592 0.466013938433439 0.52789378387036 0.578603918882594 0.529743508715657 0.539988989855595 0.554140730292064 0.492942013717209 0.488024087861078 0.417039707895716 0.386533168608166 0.408831569541224 0.505046925303247 0.417349433367912 0.511819261325321 0.449001050538921 0.399031276030112 0.503974990858938 0.571815703271919 0.359360034588519
"bhagavatapurana_skandha-10_adhyaya-29-33_w_commentary" 0.480820816712567 0.422699304361819 0.463174931107562 0.388271557170943 0.391629028353571 0.422964500872619 0.443087449126227 0.434284544405349 0.44129782263573 0.454839350974017 0 0.354476630899962 0.40036907674175 0.425063460751527 0.465624053914641 0.546448861060955 0.456727539875261 0.460287481786564 0.444761802854206 0.411946226959764 0.491356717610705 0.458443092780733 0.472444125924866 0.48267147277896 0.46816510986242 0.501513862806462 0.425272728599784 0.461293305352264 0.50139054510855 0.490138279602192 0.404901300477816 0.457542703176486 0.612761172738646 0.486473858453371 0.479359333361827 0.473120646635303 0.491382827011466 0.424545240646383 0.482947604618188 0.444046590006697 0.414388264456376 0.450984188150928 0.43373217167921 0.472881178826098 0.496129071266572 0.462764458869373 0.468331718424797 0.459937145233738 0.452985906444955 0.461125775935401 0.481093226877635 0.411335281611925 0.424691383377517 0.441791403061538 0.453170190576206 0.433140982057818 0.473569152848595 0.495697742113866 0.587019299728619 0.533951119374052 0.440525457628692 0.518348643363557 0.465792387641536 0.436867370166556 0.441867362723753 0.462115162766985 0.462727078638432 0.497116300447086 0.419370640222649 0.465482966475167 0.474910886153144 0.461138783083417 0.430485474875917 0.447538817234271 0.446551668633492 0.441333274996216 0.465517296730827 0.441623168983337 0.463691382352103 0.527393711551468 0.492688607317021 0.530707725033291 0.534117988202383 0.481442436331533 0.542507520882011 0.529398996927054 0.461031996841776 0.475296209757686 0.512931957241935 0.482281764842007 0.419183368515492 0.455783614891035 0.500220736521308 0.478481699696712 0.547792287137517 0.431312647831572 0.501696084101898 0.452431050035815 0.599965042561505 0.579619372112341 0.545534540450322 0.57127635241283 0.627291351260463 0.587270784490994 0.589440705699019 0.626937812093196 0.528881286676429 0.554482384459711 0.479338474168383 0.475626224540205 0.405102299813538 0.523213652224164 0.494231753062276 0.555342784956989 0.495963062669206 0.497716406076136 0.535509417837681 0.604847015034202 0.455206732858302
"bhagavatapurana_skandha-10_u" 0.40354460529351 0.279139826765214 0.365437585230956 0.268193877986082 0.240006330784765 0.354366953546018 0.299318241740922 0.318138500364467 0.285826489988417 0.305642726656009 0.354476630899962 0 0.287329090089423 0.314521967060308 0.383461771356207 0.49920966223154 0.348475686504955 0.401214209498583 0.354359133267545 0.323867953106561 0.448031875417926 0.378186952024348 0.405450109110419 0.407098387176164 0.418421554902402 0.457858957276356 0.333236351110462 0.36934386215856 0.426841037086044 0.396580161160503 0.283135343594557 0.383436583916468 0.594169328640166 0.391209862998231 0.412016203774717 0.391135452401262 0.432479077058982 0.3133690588417 0.394926784946355 0.34105099902364 0.30162964366662 0.36352886436099 0.337264742317796 0.379348552880776 0.414199838445101 0.365440694400225 0.370533203673108 0.360603645930716 0.371321844557201 0.384434199678523 0.460899042633543 0.324126589760016 0.332334688583551 0.413996387755253 0.407086131765046 0.344456604631749 0.393946051172587 0.41948871821569 0.542609708871005 0.484408514264219 0.358668738973742 0.465739084594416 0.387719544540291 0.346533421052529 0.351222728731923 0.380571023347913 0.395638029397833 0.438844862116626 0.320127380855736 0.38763680123757 0.452537787318859 0.362089801973956 0.3416110484727 0.367161660920594 0.364086374407098 0.361579358444394 0.364234373915723 0.346611297215913 0.388002530418021 0.474893170569758 0.435897661915161 0.471377443626223 0.501981237588947 0.410566610284679 0.501954607727024 0.456494732763478 0.38541456276668 0.416714201311591 0.474718999541971 0.394096242867523 0.361012399231097 0.384222516482405 0.470127959035267 0.408638892133885 0.520196881364227 0.334203232697875 0.458947176942245 0.35023977153153 0.560705122678828 0.562537120711495 0.485123816756198 0.527115761244514 0.591768453894509 0.549128008284685 0.55964393737693 0.582368128690661 0.490496584389412 0.503348650920044 0.412134506370099 0.391908429083077 0.339538936222002 0.47805038867782 0.423325134246699 0.520127406999883 0.447192355383606 0.435551660476629 0.479552634406188 0.573102325524575 0.367973815702841
"bhagavatapurana_skandha-11_u" 0.430988616870812 0.319513783723931 0.353322010971529 0.271168382233074 0.286486174245154 0.368077815427387 0.313016837634375 0.313828511640457 0.34754007929685 0.375897837030222 0.40036907674175 0.287329090089423 0 0.327558257330359 0.413957245478652 0.497124158264213 0.396959379028921 0.436311072302752 0.401038762579426 0.354773539963403 0.438883580547876 0.406717300542847 0.420703818725397 0.42899886801315 0.416644281295601 0.46115211955047 0.385224891711962 0.402461639830066 0.433391063186496 0.434592330201573 0.360320927794419 0.413038820372461 0.591602698268179 0.404331018865352 0.395751857222499 0.407963263572743 0.44184239033026 0.360657428218868 0.45156094796787 0.385427868065587 0.346257960058001 0.400811708359054 0.363617815952117 0.417936954344624 0.44520143427958 0.412727344482658 0.419074419646288 0.414225118417388 0.410248852958229 0.417477483832138 0.429918828933738 0.31326153281673 0.345252033956332 0.390119792033708 0.396283740670556 0.357001140770977 0.422025295296056 0.467582578440598 0.55464116890072 0.500872232093353 0.383878624083001 0.492882950671721 0.416339810266421 0.380930675469514 0.389670302138019 0.402194379611991 0.413095023939642 0.465316344832749 0.359111943057533 0.42382363660645 0.446061650092294 0.413314996139179 0.389005342617565 0.411320262652491 0.407699383365872 0.410331277990648 0.419863112631957 0.396130784070436 0.407529761268049 0.475968422412052 0.437412958513184 0.494310487336534 0.510320298069417 0.442597944762666 0.508378352149987 0.478174901589075 0.402666586684352 0.422206483711307 0.46740687620701 0.421649957819514 0.385792886990518 0.408332163226441 0.441316468348507 0.424721915048955 0.482761844440269 0.379543043309671 0.472136352615849 0.403029186496677 0.550414895368831 0.540787770518031 0.486198882077371 0.551195171714384 0.586247309286224 0.554127194463275 0.551005061056742 0.599792180897626 0.497597673713467 0.515254413111693 0.43048178885273 0.413356652726805 0.332074355976158 0.490562235523517 0.436117436275934 0.51802249611952 0.443871800715502 0.474873077970743 0.510356384464424 0.568377460518174 0.398595300332274
"bhagavatapurana_skandha-12_u" 0.424873707616334 0.347377703581764 0.379649913606692 0.321128369594323 0.31679340639023 0.374488723104262 0.359776042835721 0.372150331209422 0.360418799006232 0.380249578955987 0.425063460751527 0.314521967060308 0.327558257330359 0 0.410108948020574 0.485197339552646 0.395296806049146 0.434085865979257 0.39428435410552 0.364506467480744 0.45944975486564 0.420823833663368 0.435621577671021 0.422941796950216 0.438307864825606 0.471154118639209 0.396086940501348 0.416258957962804 0.433561178249561 0.431610240444374 0.366008092820566 0.41028765193925 0.589676638435664 0.402335803170053 0.415893627909565 0.405593296498467 0.446066324630487 0.366670892366894 0.445542153724896 0.39977630984317 0.361522228753152 0.41644991502822 0.386908738146413 0.430451423678493 0.441488330182294 0.422943977401223 0.426649311921337 0.423202616556086 0.421378570431713 0.429804782921849 0.454280338617612 0.35110653217361 0.363458189218469 0.426394591922154 0.410880206649128 0.385240631957766 0.4339357641646 0.466194178801001 0.563273354281443 0.504819111004437 0.393851711365106 0.494443838876928 0.420071407372996 0.386740489485908 0.379481832940886 0.398968596647468 0.430151179918915 0.461362008817598 0.364175039807989 0.423903691016896 0.454749943806015 0.406378185469796 0.399010926093997 0.420908892839967 0.417222161414962 0.422164948035505 0.427074440376801 0.398094095523376 0.408027465967362 0.484632439759196 0.453395923633214 0.492861474703862 0.518035295709998 0.452423280051241 0.501338079226351 0.473322399606258 0.402367310129839 0.426288964257573 0.471536865858067 0.41752640238101 0.40140135742002 0.402809437512981 0.464325346476875 0.427932297862648 0.507635216663308 0.388375102047796 0.473556073640307 0.401400173340498 0.548573482998568 0.551601088546464 0.474992230016507 0.536363789883202 0.576063268712509 0.551156996772631 0.548193921155792 0.5813570127205 0.491049826573698 0.525814489428422 0.435490146748364 0.405761193435489 0.360702231115315 0.479045713000683 0.434124335952937 0.50757331949875 0.450767467416912 0.442919571002169 0.50691450381472 0.561618485543937 0.385199390812665
"bhavisyapurana" 0.308799028071844 0.392651597009477 0.442963548714313 0.41063709574639 0.398106351089501 0.445880316192273 0.376855883290693 0.389362084065004 0.373605144531393 0.379778355932367 0.465624053914641 0.383461771356207 0.413957245478652 0.410108948020574 0 0.425323374659085 0.291863404966819 0.332855237320728 0.279779154558773 0.305568060960358 0.380664530370372 0.225868432835642 0.284639911616095 0.292797398573204 0.298960536423351 0.352572230273786 0.351748251331668 0.401214670523504 0.440563081919133 0.426872034858878 0.345076060838115 0.268132259285938 0.569343072836464 0.350519485954623 0.344240485267867 0.286241780313214 0.301999356673918 0.353592205219606 0.426462177289039 0.387257559587914 0.345275113320463 0.406122942450348 0.374928138800592 0.425754910891828 0.441055581620516 0.420463876377332 0.418658191029161 0.401816421122789 0.410549770963893 0.425136791474357 0.469382923649401 0.345531717628959 0.339210306869085 0.395540145823476 0.382905264151836 0.369018175251899 0.427227528267219 0.471735941617909 0.555265836492823 0.498154182886459 0.310827420468424 0.430442478809693 0.361562858356694 0.300263712307683 0.262200521142308 0.255398201233467 0.287891477750678 0.345415431212548 0.312411220014555 0.325310990882132 0.417814980515017 0.38731559667167 0.382451643523476 0.402514653496694 0.402975100112986 0.410791755400574 0.417336452799122 0.374030065536726 0.277534833891001 0.402845288861373 0.398099041091711 0.386809893452738 0.443269797096641 0.295093451860756 0.411648333187162 0.415888854604957 0.282476437569074 0.294823372814319 0.334222272155867 0.344008860883948 0.292929872131515 0.318141616935143 0.378101028154988 0.343777454875287 0.479811400802972 0.308919435764078 0.390907281786836 0.293254934312582 0.534946500722887 0.512114532125289 0.438076317364156 0.487822631823572 0.556031768188713 0.518834550212787 0.495293199650643 0.553844440525207 0.462387644163477 0.426345840993076 0.299224658511176 0.309373951991075 0.345564322875917 0.451764970796315 0.390089992372155 0.472566519997692 0.376982154994149 0.414495436914361 0.481332472468312 0.554602448303581 0.327204295188385
"brahmandapurana_khanda-1_u" 0.478836049205655 0.484679636800679 0.511532585773246 0.496805861961615 0.49164883106961 0.520884207167089 0.468126193885134 0.476811406742087 0.470926655244438 0.476492978558126 0.546448861060955 0.49920966223154 0.497124158264213 0.485197339552646 0.425323374659085 0 0.408424538658084 0.445985120518977 0.389005065790714 0.461947076196468 0.47932748333414 0.447501217458479 0.460624863913202 0.43773544894123 0.451597531874462 0.463902260031157 0.48589762021783 0.509436131207925 0.496902648066502 0.491375428623409 0.468074406105025 0.451438852773114 0.622148965223712 0.4540618287782 0.458660937282424 0.406888182876688 0.45361449373128 0.461947075292113 0.519802282072279 0.485184601378958 0.463306845441368 0.504031950153683 0.481422628254311 0.510745308424958 0.511681605169906 0.513097480697289 0.514496400809496 0.501071477833445 0.500417928289808 0.521253165902669 0.529234237625369 0.453700531441576 0.449305574027296 0.495034092974364 0.48817553378906 0.466612190667076 0.50780985461795 0.543494008606238 0.609019665754489 0.556848180376288 0.431788194930356 0.503488147674679 0.469822726813375 0.430161886504004 0.402663516675974 0.436214899138011 0.470778797723969 0.482732661412737 0.478953319297478 0.487506149374332 0.492325802402779 0.490206735931034 0.501838135286943 0.52400962799382 0.504222380567937 0.522784036025747 0.518293440142681 0.486487337346922 0.422540996906519 0.516961632770367 0.510664903599413 0.512126856186434 0.536514681871248 0.460911158184876 0.501502349222506 0.502483282217133 0.421485192983007 0.441107898050407 0.480825720105268 0.467715451029203 0.462784701665773 0.453078830984337 0.472392542026653 0.441930509035265 0.518074354802468 0.436610528550275 0.482281509866376 0.457941185279368 0.511818485510183 0.541963103178911 0.455680111197974 0.527201567553563 0.529311804846578 0.499466619362749 0.535275791727598 0.560937527533618 0.500859927921363 0.532262636178318 0.445711932604975 0.393560389192864 0.482253417428862 0.53734003299409 0.471973181014763 0.515297094101587 0.475013153477126 0.50384534056752 0.549724759447009 0.580429858371336 0.442467541766585
"brahmandapurana_khanda-2_u" 0.378109805053404 0.363306029363094 0.41580616498514 0.385785149305579 0.366646528354425 0.42621613742847 0.346603495810872 0.362880263852417 0.345738235263394 0.343994557711513 0.456727539875261 0.348475686504955 0.396959379028921 0.395296806049146 0.291863404966819 0.408424538658084 0 0.325497833224063 0.203986854583588 0.336391759289216 0.40010036780307 0.294354325309698 0.349220724950663 0.346989730677334 0.361215360017705 0.393768516739563 0.364436504522845 0.390962531946749 0.435121569002725 0.408373457443635 0.329636470882175 0.321262752846762 0.589921087238746 0.336812353734897 0.359841654820148 0.309197506559628 0.35717856946211 0.337769251052289 0.419878208699132 0.379884258060586 0.331481560309592 0.394538846672818 0.370567346102227 0.40556498644715 0.441087923498473 0.399378745835867 0.400717275858567 0.380224537728551 0.39853885823396 0.424539733287071 0.476886003277705 0.350973326225688 0.356806165936758 0.423465843165785 0.428079517561661 0.366719667130439 0.415810729218757 0.459818318391777 0.55765563364675 0.49381842691614 0.300088232525369 0.420756074391263 0.347156030317357 0.287914259626651 0.29704137042122 0.309293443498071 0.331873840533819 0.398692706387834 0.320817758362454 0.333944274250842 0.411823643540673 0.36402894460669 0.368102332721646 0.385997158824399 0.376333420029394 0.388204827858917 0.38518748094082 0.357154913159025 0.306536034134866 0.431319061517431 0.423817763731044 0.398902677687393 0.474799880324453 0.32570232784687 0.427930099829379 0.411572312201361 0.310966335036363 0.330669623026935 0.399517773777851 0.359257417948753 0.323379137650808 0.35301770192176 0.394125666516683 0.331588203223555 0.479064326079546 0.297878645576249 0.401871382498199 0.292345930021726 0.528463860746261 0.525322707867958 0.435680887346114 0.481901286929605 0.551989751905519 0.508731692565621 0.518521316074832 0.545672548027892 0.447837885730417 0.455365140436025 0.344024449452167 0.318032312861547 0.368572394954957 0.469049505026579 0.379373562443853 0.475523686799005 0.398196951176999 0.392702879747855 0.470269815890109 0.545403706885374 0.316518881733842
"brahmandapurana_khanda-3_u" 0.35267352980548 0.425580106947527 0.462010214035217 0.429157673957372 0.417289384694378 0.445023697119302 0.394406180864636 0.408198967330546 0.389493259049628 0.408224699105219 0.460287481786564 0.401214209498583 0.436311072302752 0.434085865979257 0.332855237320728 0.445985120518977 0.325497833224063 0 0.160743142166909 0.392925493812217 0.395664288144136 0.333764638764076 0.326961072931857 0.342774653798998 0.391696220385735 0.410789595712628 0.398001791624813 0.441932953712135 0.45946530411173 0.406107217535053 0.385539557367762 0.326878089985563 0.584570085203684 0.366457063437912 0.400957500803262 0.347698724523303 0.353498364757333 0.419671894752451 0.451635830869742 0.444403715120974 0.406532784208484 0.450320737283422 0.434171652339417 0.443736467085571 0.48287313673004 0.439085111818207 0.442583291284084 0.437041736580138 0.447278371747087 0.464556057494242 0.507109324371396 0.417531703920425 0.420925614298305 0.435612801267534 0.462496181898388 0.438970600806075 0.477093347790971 0.500292773202177 0.599461524282613 0.533234294721849 0.356370636915956 0.411925088568838 0.418253451475662 0.348182456933925 0.293965839021021 0.297701577808773 0.378193282500754 0.423146263145689 0.392283983002204 0.373417371169491 0.40938233285276 0.430791705635482 0.432361700763649 0.43206943439681 0.425802720021317 0.420554686739838 0.425745477111898 0.416601950484451 0.333500575203042 0.439745580945769 0.434800358680564 0.418361575802848 0.499805408752195 0.361386473487551 0.433036807519406 0.449096108374831 0.338040245719835 0.342083103745963 0.406358631431896 0.386860525177842 0.313977012745168 0.385001829070199 0.397685604077588 0.393979074704978 0.498130645195087 0.334688420645908 0.44674024878277 0.330559232620619 0.549458926447803 0.545628546679833 0.469397220275999 0.456976120090184 0.570551023825911 0.51519765734239 0.540876836547914 0.575528144257263 0.452928688999707 0.475498339212129 0.377249608756246 0.335675956305505 0.408466548967114 0.487297848547138 0.421589133106287 0.507134075957695 0.436623824885549 0.423492251385048 0.489421666225263 0.577850291959177 0.36798855157154
"brahmandapurana" 0.332597892633213 0.380640175716774 0.423992166808328 0.389724749592308 0.37191487011976 0.42210128340182 0.351456373648066 0.368121935210248 0.349272088441227 0.359973557895425 0.444761802854206 0.354359133267545 0.401038762579426 0.39428435410552 0.279779154558773 0.389005065790714 0.203986854583588 0.160743142166909 0 0.343986387318655 0.374350717562827 0.286059023216183 0.304335809968324 0.311392044286067 0.353633535703977 0.378847297677174 0.362150563439725 0.404892945143063 0.429010148647144 0.383876897435473 0.334906879450903 0.292603330954703 0.577604500634524 0.324878694887768 0.357840067173671 0.298338808250348 0.326072887576227 0.362300966081273 0.420944220160755 0.398699319615405 0.351874875997435 0.411451710760531 0.387617013093444 0.409096886408512 0.449440997583664 0.404417956368004 0.407437690042242 0.39404150258585 0.40625926483516 0.431332262129272 0.480152941506066 0.366392561678045 0.368036995953326 0.413160476338134 0.426945855114871 0.388913367656744 0.435848432732443 0.467702181867495 0.574960250267202 0.503367534120049 0.3026593589977 0.396265680054908 0.36762015072231 0.290943284579187 0.248739388236347 0.264513577725435 0.335548112888498 0.391417938256188 0.340180173611917 0.329623730032214 0.392443353347737 0.385675946391926 0.388156434584288 0.397881719507572 0.387933674054055 0.391000134582304 0.392945466922761 0.37287501360192 0.284952484999711 0.421139058159161 0.413722958061861 0.389743359069742 0.475714056679357 0.321390914845472 0.409775604900521 0.415263903152075 0.289248259819589 0.308473732825462 0.381988651308648 0.35158129224567 0.28627599113057 0.344331956146552 0.376396901792564 0.346147236967948 0.478652306333101 0.288504697920741 0.411427233940231 0.287236101288867 0.524448599126117 0.525192622036133 0.435909694813064 0.450650897242743 0.547619269139694 0.496029842283642 0.516306987838151 0.551093014035505 0.431577554125505 0.45058598505011 0.33228281317725 0.290714624590367 0.37264489872646 0.463377052491309 0.382692114506131 0.478736116456463 0.398971882900282 0.390971972686445 0.467804271368701 0.554090153468813 0.316939959075902
"brahmapurana_pu" 0.36839313430188 0.371634505482662 0.427564980856868 0.353313992964137 0.337102942379002 0.422511634725064 0.366532938831107 0.383116334690839 0.370383270268243 0.384583660399076 0.411946226959764 0.323867953106561 0.354773539963403 0.364506467480744 0.305568060960358 0.461947076196468 0.336391759289216 0.392925493812217 0.343986387318655 0 0.412486015276528 0.288583570701288 0.344448631780295 0.375769200467364 0.354911787454373 0.395152391397545 0.284405475247003 0.331367181522671 0.40661831786346 0.38864728869379 0.275204928992041 0.306380457472408 0.557771851575103 0.356876075787823 0.354312729939197 0.311640383761918 0.365757804697083 0.260643289722518 0.381388048558585 0.317962941282325 0.250837457852565 0.34176712294223 0.302804261598376 0.372457117703091 0.38322353035377 0.363270283212004 0.366654038244912 0.336364716071094 0.351907649094422 0.380094080346611 0.413266831867956 0.25762403994754 0.24550699657058 0.33347842930663 0.325581974433121 0.281671211475313 0.357924887974217 0.412338375386514 0.514807440564056 0.450914739191526 0.308684986454397 0.445253072355098 0.334573504234234 0.292781154916041 0.306177852388836 0.346407988335348 0.32497060158147 0.351963665988194 0.242486707859986 0.351861014226847 0.454355692310724 0.311110946036462 0.31118736551284 0.344290479980099 0.337429906188055 0.352831921046664 0.359114586172042 0.295418840556313 0.317603906626471 0.450009892180025 0.416364878530292 0.452315555651753 0.439281327150387 0.341031915421129 0.472447372900858 0.413314621870634 0.317379861446287 0.367878481159428 0.398403290120909 0.337818418457536 0.326822935417539 0.261930301683924 0.4114263633735 0.340524350127134 0.485710790737553 0.284945953144867 0.37249772691585 0.297506820865828 0.540879610267872 0.526321045589525 0.455926582243903 0.519488917510295 0.570999801725971 0.527658407289008 0.511871711042413 0.563376936910154 0.481475199104943 0.445301119073134 0.322508884699922 0.336981153064287 0.277138418436667 0.429529495555223 0.379934761159788 0.481381365799749 0.397823375177557 0.434109610158408 0.480105405381752 0.555163249120161 0.336501999325906
"devibhagavatapurana_devigita_adhyaya-31-40" 0.410513345160722 0.44693681272718 0.461934584803645 0.446190807286131 0.438230917424018 0.484644819039151 0.422130845691954 0.431689688806928 0.43302230863948 0.446177884570452 0.491356717610705 0.448031875417926 0.438883580547876 0.45944975486564 0.380664530370372 0.47932748333414 0.40010036780307 0.395664288144136 0.374350717562827 0.412486015276528 0 0.36984678433712 0.390062127741419 0.397402491965405 0.415482813080149 0.417257875285529 0.434289748585683 0.46595496014942 0.489704696064947 0.487113028720965 0.443113768475794 0.362587046893204 0.587163878304146 0.391965516168142 0.398341383749538 0.378450547280245 0.3830391152185 0.449049147659697 0.496340581815366 0.476251577592054 0.443602107029026 0.485274805230961 0.460533998436565 0.493763554109889 0.504472991008444 0.495253482837275 0.493078709383943 0.485166504195664 0.481227020850153 0.500885225439134 0.497218429599282 0.428959355037427 0.440631400309466 0.448653268481895 0.466969165678996 0.448085065509195 0.494322413001703 0.523102994172942 0.591653218915099 0.535567948869879 0.394609418969327 0.473903637623298 0.438577813176079 0.39171968971855 0.388506678202111 0.368151585584506 0.408640901947539 0.440528476350461 0.421811340404245 0.421646574719768 0.418656907655419 0.466409063586649 0.457686900698451 0.475488821215235 0.472351430780614 0.475938859051832 0.487463562284835 0.45829546903407 0.380262575337512 0.45344927476855 0.438757284694063 0.483203089438512 0.493266994618405 0.407509850006779 0.484154278695232 0.458096439679849 0.379401729186841 0.377594751452305 0.408596808263858 0.415061330742177 0.378244029328053 0.41509929610302 0.387064708173961 0.408721351773923 0.46706942872935 0.394923231768942 0.448530168630274 0.394169839237569 0.552664961124822 0.519285231559938 0.483564838756119 0.531249811358294 0.584486871901536 0.550781644022782 0.537602696069001 0.587291211446334 0.477954819733963 0.485998193946249 0.413460024401863 0.400034205011326 0.419714951278238 0.508515938809363 0.43597560133072 0.514333949470006 0.443655820571916 0.480285324299426 0.526393867864723 0.577844875114268 0.416646333986078
"devibhagavatapurana" 0.356801004208272 0.390859991372126 0.442147739730662 0.408795255725447 0.392077187146078 0.456652710148965 0.368461689066987 0.381977310759466 0.375389635034124 0.378822007318053 0.458443092780733 0.378186952024348 0.406717300542847 0.420823833663368 0.225868432835642 0.447501217458479 0.294354325309698 0.333764638764076 0.286059023216183 0.288583570701288 0.36984678433712 0 0.297114354874073 0.345866730464477 0.337296130805992 0.349990811930678 0.337968777357402 0.389337528056223 0.446356832287011 0.4277136987907 0.335884447357418 0.270949114266541 0.567409942913202 0.330580986947694 0.34937796213523 0.28837505248566 0.320118372559535 0.342109269302407 0.429386925246511 0.381565415809894 0.334801765313447 0.40177660537013 0.367357637648418 0.424143466785458 0.439915018241255 0.422813275175097 0.422106307314703 0.400906415149313 0.409287188649261 0.422357200549053 0.472346394583546 0.336755322399626 0.33717412112035 0.391773549505445 0.405052739966704 0.359644028454559 0.412884341549238 0.466469803277524 0.552689856899157 0.490617507909123 0.295600749626991 0.416441922653615 0.343953865182407 0.28121138057013 0.289750897702634 0.300795877028121 0.28055140113901 0.359608211470523 0.30096881149375 0.32180984078659 0.424069373877196 0.375446618215783 0.364168082648303 0.390382986871534 0.390312111127728 0.395383382284438 0.412225718226559 0.36443265910075 0.274954495573623 0.437238566374693 0.420327341928884 0.382284798198112 0.442028995274818 0.250203535878245 0.417958853556454 0.399570697106914 0.274014105374548 0.323569223626266 0.36023247910612 0.341330303434738 0.291431724097227 0.31902760995223 0.3684439396335 0.33046415303083 0.482294396107674 0.299970422073787 0.38105164829767 0.283065386137528 0.537628343867994 0.521038001521108 0.446402441950943 0.500883249344515 0.560444766300634 0.518768299040448 0.511982604029109 0.554129534977799 0.458458659546999 0.432802910242257 0.323217421100775 0.324969380852131 0.3433350909723 0.462426434578608 0.37247845757726 0.483797671697568 0.39673019625295 0.424005040275855 0.472735486722593 0.551121905600277 0.327394688963486
"devipurana" 0.304236270410735 0.421530216964776 0.457620620144379 0.424181851484982 0.409542856350566 0.456272677591391 0.393378876611734 0.402653924480459 0.396517623595611 0.412928197257668 0.472444125924866 0.405450109110419 0.420703818725397 0.435621577671021 0.284639911616095 0.460624863913202 0.349220724950663 0.326961072931857 0.304335809968324 0.344448631780295 0.390062127741419 0.297114354874073 0 0.327097592315426 0.349978510360564 0.400790742577074 0.365123753104976 0.423085835411176 0.444555328220482 0.427191861779471 0.366032530244335 0.283643091094061 0.563423476067315 0.358551483763757 0.375219923008926 0.318381135223231 0.313970522463128 0.394272706393782 0.442234366442997 0.419403189253547 0.379782393264255 0.423810002480563 0.406431974317317 0.435146238086535 0.464143454062597 0.432046411819138 0.431190279743491 0.421469964566251 0.43158304378465 0.446871787179005 0.486756891223317 0.380364157073185 0.374506571684978 0.399311908777926 0.404933775279094 0.405994893858168 0.451578708542575 0.490893156980484 0.579228353710245 0.508683327945339 0.332254024246358 0.425899585291096 0.397421738432562 0.326382751509847 0.268079986992358 0.291005864405229 0.337861513147738 0.365761473503972 0.363887428504514 0.380850491181948 0.421502883974535 0.41652964129821 0.410487003882527 0.421740258098536 0.417224536109626 0.419147731939214 0.428403191251796 0.405656613217906 0.312861636434625 0.393836068136473 0.386195817354025 0.438952773278608 0.458780834060296 0.354588436539741 0.443612671188305 0.443614850307156 0.316147859747827 0.336993813913382 0.381493894176693 0.372001685471387 0.30061573251044 0.332857456490515 0.382394412332143 0.375359395250468 0.487273822524013 0.321238654479592 0.412933253052035 0.31866900393273 0.537328134595671 0.512868472450413 0.453841422714624 0.467304714481791 0.559531949813464 0.507689945817902 0.512715594539838 0.555765808990618 0.453930241079964 0.440588776969108 0.343622237764727 0.311781479035471 0.365285324306414 0.459020257547944 0.419688408234056 0.503430011310697 0.412357272377569 0.45592962787782 0.499760470008986 0.574423854887765 0.377561902708683
"garudapurana_khanda-1_u" 0.252799192092816 0.419844352924444 0.452812614290865 0.427232010187003 0.415866176671447 0.455880218932481 0.396616124962126 0.40477219883535 0.398001993514888 0.409166789035478 0.48267147277896 0.407098387176164 0.42899886801315 0.422941796950216 0.292797398573204 0.43773544894123 0.346989730677334 0.342774653798998 0.311392044286067 0.375769200467364 0.397402491965405 0.345866730464477 0.327097592315426 0 0.317514433038935 0.388199974067731 0.410684885349446 0.446327349353279 0.472541727611662 0.451508147037055 0.398110313570219 0.327138206354714 0.575969622087265 0.389709866929053 0.372286634938577 0.333804150591712 0.332265543022101 0.416467864260808 0.468597236271377 0.443297946647284 0.409365497124499 0.450078282443447 0.428256911065721 0.459201436398558 0.48763729444213 0.449593268301028 0.449673180378211 0.451429939352972 0.455034837018761 0.465643523362321 0.503286952965464 0.402958537581833 0.404091267951699 0.437024222433128 0.428713957882576 0.431303797707895 0.482616407402125 0.502677077327778 0.596552329596398 0.541459422507223 0.354088213357604 0.457324558936238 0.42022486996948 0.353437816716144 0.297886061836302 0.261900958832248 0.370985991810577 0.407662265982552 0.377722039360456 0.37576414505082 0.416467680308175 0.440560191090533 0.430777667992964 0.442072028216274 0.440200849584183 0.443212993321608 0.441848931883397 0.431260560229052 0.338385852289635 0.40682211185404 0.397771194703611 0.439730241959087 0.490741186135653 0.391414668227407 0.454401787705366 0.457726968736231 0.343824232559532 0.339017823408978 0.373512124281833 0.382564257050705 0.319947680004984 0.378841605360514 0.403051071597785 0.39026064877006 0.495171911447542 0.361533515606283 0.443263045513726 0.344676217501611 0.551547065576839 0.527688784254407 0.471276620831864 0.488943677441248 0.579745011356598 0.538436420899904 0.520842649904784 0.58076999617643 0.479635435630801 0.454207985373644 0.355797223472905 0.340823476972474 0.391947723492945 0.474835618439488 0.431589223486562 0.507268597225779 0.417199145556426 0.44527679979353 0.50326333235197 0.577157344693264 0.371635812225185
"garudapurana_khanda-2_u" 0.343780209119694 0.422425999320237 0.460995360809807 0.432567622220102 0.422906845962799 0.467656244911163 0.403963878934333 0.402475280565167 0.415541587528345 0.421837359714307 0.46816510986242 0.418421554902402 0.416644281295601 0.438307864825606 0.298960536423351 0.451597531874462 0.361215360017705 0.391696220385735 0.353633535703977 0.354911787454373 0.415482813080149 0.337296130805992 0.349978510360564 0.317514433038935 0 0.382084717537974 0.407724962713169 0.442735183338908 0.482764093647731 0.475027827874848 0.396510392427269 0.345775505217948 0.570280615174457 0.414355025578064 0.367440702045751 0.361147308401409 0.372771412926052 0.408165926384249 0.478954399552153 0.432209283116042 0.396600569092961 0.439175590751982 0.409917064227367 0.467394094615997 0.478935026034125 0.460381477699199 0.460205701853677 0.452197870362618 0.446980546399037 0.454578800803135 0.480747271475925 0.377093083052627 0.379490029892196 0.395748524148697 0.380613375306962 0.407908098967913 0.466252119167974 0.503504443863867 0.577082141399196 0.526152631530692 0.333305738141368 0.46329003157966 0.399977863665178 0.337696271634124 0.322737297711895 0.321276289344866 0.337195077051642 0.406633938170699 0.378436342018379 0.384564121208816 0.438294837651275 0.44668088372527 0.427396907110472 0.447679229942025 0.451520248064379 0.460630047165107 0.466016990570182 0.43264707988512 0.347120882958925 0.432253724081431 0.413130293917503 0.454491221801956 0.465364521666841 0.383514114713093 0.477770212270448 0.469457734146749 0.335995734382205 0.365610437081708 0.382597247478285 0.397051063880773 0.328508104921667 0.367885028308327 0.412876602768118 0.401434587461075 0.483096592596556 0.365204055791676 0.422141150204463 0.362861751926101 0.543260598458266 0.506748899524219 0.469839386343284 0.518067104550183 0.566370528962393 0.537660674248398 0.500230954389171 0.57792989501095 0.481267070181852 0.43497460157835 0.342937246629573 0.34891866887702 0.372709059705771 0.477534433735979 0.42436742230164 0.490710902542165 0.391147104324969 0.460519646849576 0.50174287197818 0.566558143826026 0.370656496497166
"garudapurana_khanda-3_u" 0.411809343072513 0.461759827620521 0.485608145899053 0.467342211443248 0.464593968984687 0.495956804517279 0.437903541177679 0.444572164472295 0.442729558929887 0.452925998587502 0.501513862806462 0.457858957276356 0.46115211955047 0.471154118639209 0.352572230273786 0.463902260031157 0.393768516739563 0.410789595712628 0.378847297677174 0.395152391397545 0.417257875285529 0.349990811930678 0.400790742577074 0.388199974067731 0.382084717537974 0 0.426644550886187 0.446848920410474 0.498560146282547 0.496352582290903 0.433364491514556 0.372823009994642 0.579806076415689 0.407426759034292 0.404731861645982 0.366344278003132 0.38493142719224 0.441137293033513 0.48185947759508 0.464281683059232 0.437836907214232 0.477756530445483 0.45062273812128 0.49187420236164 0.509102273270506 0.489775729141401 0.489616246106864 0.479138524975867 0.478450681611696 0.493038294097066 0.500908257792055 0.424630361843598 0.426230257376269 0.452922030292341 0.455245794602933 0.442776661225928 0.494906009660876 0.518472610276427 0.596702216112268 0.542496782062398 0.402894044840701 0.48498450311929 0.446411577082913 0.40049138144258 0.387250479797659 0.375632204078759 0.383659100983315 0.431403679368715 0.405115181739485 0.42730530934891 0.446290785366757 0.472094543349424 0.463340709362362 0.475125676023449 0.470369080987152 0.475623785940281 0.483434134855527 0.452786465510479 0.373379567130713 0.477329142277708 0.472118560821163 0.487431590041431 0.491447524194812 0.375311268202029 0.494997998925807 0.448164008800795 0.372163655233061 0.386191646855704 0.407271365250928 0.40755345123253 0.38562765562149 0.408335775598398 0.403059557702073 0.400629161761489 0.50413723556645 0.396959302431669 0.446811250980452 0.387384526865986 0.556686445764144 0.532956705449748 0.472785905051023 0.534734877888126 0.578565049189361 0.535043865299241 0.528022371752138 0.582089487418591 0.496900874662493 0.469533770157475 0.39997093220293 0.391589773443277 0.414124830462401 0.491106843860777 0.435780236804927 0.512564232772298 0.452050098150963 0.472659355155199 0.506091691017478 0.581642735973543 0.402434226686113
"harivamsa_appendix-29-30_mathura" 0.403645026558081 0.382469222651859 0.443380726732336 0.369677896623938 0.353583498708804 0.429437505420358 0.386489731036481 0.405377857182555 0.382803440010201 0.396008246121481 0.425272728599784 0.333236351110462 0.385224891711962 0.396086940501348 0.351748251331668 0.48589762021783 0.364436504522845 0.398001791624813 0.362150563439725 0.284405475247003 0.434289748585683 0.337968777357402 0.365123753104976 0.410684885349446 0.407724962713169 0.426644550886187 0 0.341673202947439 0.406700837032956 0.359383690665761 0.251200049615108 0.345643333792953 0.588254227329042 0.379481921285527 0.401213667555276 0.350783250427255 0.396166531154573 0.278239657344183 0.351708619844479 0.308246542838402 0.262166328109655 0.325852136622294 0.300490820500492 0.344653457117803 0.391402540219671 0.339061092951836 0.339849723623067 0.318047241438435 0.33901644083994 0.366198745465316 0.435913273731114 0.299684539116604 0.285206046972271 0.367509390157451 0.378037607753742 0.30308979915903 0.358064013407147 0.385012640619957 0.508089950491397 0.44521334510115 0.359942710521278 0.442045571690856 0.375918614754412 0.341488345049147 0.333700559986834 0.382150800630619 0.369710333460625 0.393332736006633 0.306483229168806 0.395157059913706 0.469193808126076 0.317564709424882 0.312093929020083 0.337124446296595 0.321269065691538 0.335120374616011 0.340768999604773 0.307370184814018 0.368020959732178 0.476621029346274 0.442514659197532 0.468862025275515 0.481680888951899 0.370664904551395 0.487016090726668 0.435240428571389 0.361322951250413 0.40190044173833 0.447952312650367 0.375621171128128 0.370763646055711 0.334371661326484 0.437257216007817 0.366722972148311 0.508218520534772 0.302669189958194 0.43278775793282 0.316437127932521 0.550740903794829 0.542757893789674 0.479620794309424 0.512580390351749 0.583238918864463 0.526874178631101 0.535262723736327 0.57100974010557 0.492780258624997 0.485185694260524 0.388247479097811 0.375120810693817 0.320120195453044 0.441903422198649 0.415663130690539 0.514176670016796 0.432873948968849 0.447783824195323 0.493099714288009 0.573875098312277 0.379001894043414
"harivamsa_appendix-31" 0.444195494210541 0.413630852691134 0.451385104497452 0.402772365407679 0.388400943747049 0.462442875569176 0.414907660548575 0.430889698147559 0.416047112314013 0.424009520616846 0.461293305352264 0.36934386215856 0.402461639830066 0.416258957962804 0.401214670523504 0.509436131207925 0.390962531946749 0.441932953712135 0.404892945143063 0.331367181522671 0.46595496014942 0.389337528056223 0.423085835411176 0.446327349353279 0.442735183338908 0.446848920410474 0.341673202947439 0 0.434990665976205 0.395501402128137 0.317691110323625 0.392001887228502 0.591653715494477 0.403156674108741 0.41860875276206 0.393185848585938 0.429263891259485 0.334104352539553 0.38347703658926 0.356734963850256 0.323103014523504 0.366181071861482 0.349804342306867 0.375202966462406 0.431183332521232 0.364458424654171 0.369732911333358 0.35367957025793 0.374358440077394 0.40844521146454 0.459147131764133 0.345749939066932 0.354363355690003 0.419529775252898 0.422650963996741 0.338818409995533 0.393609359128481 0.418013560176966 0.531678343623657 0.476795002259053 0.412335643400395 0.476278363803399 0.411663208295883 0.393940319046403 0.396499740433977 0.42837505047382 0.423460078814072 0.438520301336807 0.324192469883018 0.43627846310037 0.490689254001218 0.360765441802588 0.374654805563999 0.376218457210393 0.372354932883291 0.389989690330389 0.36446760889215 0.338241712730233 0.399721292182805 0.491429989765093 0.475518697257937 0.506181798187179 0.509836821835076 0.404965164243574 0.521534624094427 0.447621755737762 0.403617797527906 0.431571634867507 0.472495988044569 0.394592072442173 0.418745356609525 0.384679960794401 0.459045179788803 0.399723525146752 0.509112466307511 0.343366593307539 0.450255737097055 0.365213195423762 0.57422627864075 0.552531542833906 0.481521410304662 0.552040891870269 0.599012126190571 0.558255746297626 0.559838006985992 0.586795204780614 0.521770650421265 0.505909486807442 0.420709302492902 0.422461628798956 0.355499180143727 0.459579944190515 0.431117143617881 0.521959615818366 0.469612032965877 0.484039700207608 0.504399872688907 0.588987709616699 0.416680009253358
"harivamsa_appendix-41" 0.466607896638053 0.455103158115417 0.474481555315809 0.424049290451873 0.417743381258438 0.467593264237318 0.441054125337416 0.463215594525989 0.433408621804557 0.467110660253693 0.50139054510855 0.426841037086044 0.433391063186496 0.433561178249561 0.440563081919133 0.496902648066502 0.435121569002725 0.45946530411173 0.429010148647144 0.40661831786346 0.489704696064947 0.446356832287011 0.444555328220482 0.472541727611662 0.482764093647731 0.498560146282547 0.406700837032956 0.434990665976205 0 0.389837560806912 0.382264285087928 0.4432534701395 0.601236962204377 0.432011098558774 0.45632405463201 0.414438297176534 0.451390420870609 0.398573569511588 0.439381792020122 0.41410581090177 0.38578110059185 0.430426145176735 0.407606399541223 0.413185757843334 0.451262156697698 0.427658134827289 0.425607488576921 0.415379323836008 0.429799574851598 0.434165582894637 0.47510053753348 0.376402687063203 0.378876159987955 0.425989981408905 0.435647028708359 0.390495061264314 0.447147797705575 0.481589192243449 0.563948019210844 0.497629555043289 0.451222653922603 0.515993204844973 0.465917750262791 0.440580666952565 0.415668733556896 0.450423323482426 0.469106194920045 0.486505322078406 0.421033889915537 0.477196822656271 0.495830705192641 0.427582320893178 0.435510241515686 0.438384963493159 0.423626219684147 0.438708274297766 0.424159216927244 0.420881840367304 0.439738162548734 0.498035779005963 0.464924449516205 0.518760359092745 0.536017040345793 0.473511731599979 0.510351687736444 0.508617541531537 0.437571335577788 0.455392044391292 0.48863274082525 0.432309003295147 0.453622212657953 0.419279213697454 0.480665248428063 0.435082580381826 0.502023901363266 0.400537424206588 0.490250454633281 0.437968013680215 0.562480909142585 0.5417637054912 0.492818401740721 0.529834924648107 0.586865585400115 0.542650458169049 0.56194457164681 0.602064410304629 0.49895989282014 0.538805019439478 0.472324673485384 0.421465483311106 0.412680674851119 0.50746212401557 0.467621642129887 0.522920408450772 0.485873735615279 0.50139304390128 0.545569365580085 0.593922855302625 0.447436678222472
"harivamsa_appendix-42_pradurbhava" 0.450685484344392 0.434901119448243 0.476152334841067 0.41993180228981 0.409076766902159 0.462054305946355 0.422940171253859 0.4483810945613 0.407277143093253 0.441618631340087 0.490138279602192 0.396580161160503 0.434592330201573 0.431610240444374 0.426872034858878 0.491375428623409 0.408373457443635 0.406107217535053 0.383876897435473 0.38864728869379 0.487113028720965 0.4277136987907 0.427191861779471 0.451508147037055 0.475027827874848 0.496352582290903 0.359383690665761 0.395501402128137 0.389837560806912 0 0.329224265948929 0.433397668486433 0.615276330269284 0.427519135157185 0.457231152442 0.396083087526283 0.445765536114206 0.371168999707813 0.382308371375162 0.384440689153893 0.355437408661702 0.386794912964288 0.387427001629186 0.348535176712461 0.428454465184928 0.355295219708493 0.358353562985215 0.354231400558373 0.386438935665167 0.413458780056537 0.491761087371647 0.387142883975643 0.38104003360259 0.444300838856808 0.442104546139353 0.39034387166485 0.430643654577404 0.447685645240686 0.550157430198905 0.48267288809144 0.43916689299315 0.459400712588308 0.450626945831488 0.420479916869147 0.370074072468618 0.436621657078866 0.464908217614164 0.467219507009152 0.401439869559325 0.44963931413814 0.496989914778375 0.389117176285756 0.414939650076686 0.401502788511623 0.374401441569865 0.384574639487075 0.34537597934568 0.378508422455515 0.420727078459122 0.498910911323681 0.473078720805545 0.490437195590254 0.537868356693475 0.439016990476499 0.498033832597462 0.477903043331403 0.426219079967408 0.447630657408305 0.494265522964185 0.410871879958758 0.438486843028616 0.408251629114227 0.486026428322487 0.418955231746602 0.530905849851588 0.335866252142814 0.485280820481556 0.386302445286784 0.55731274849438 0.57137615653212 0.486753558597739 0.490867826230294 0.593802960212087 0.525377969914216 0.566922528985239 0.594113069936113 0.496992928897749 0.533142520825242 0.45077032699867 0.399720748854416 0.418894736242487 0.492091297479976 0.45408918266825 0.527417356865312 0.483443872060764 0.48264003442363 0.529111873772587 0.592738655273738 0.430438930610687
"harivamsa" 0.396291605890737 0.350396602834904 0.424624736357165 0.344581367094141 0.32908428329583 0.40699359728958 0.367125574344498 0.386019113275886 0.365115451393658 0.368715625641052 0.404901300477816 0.283135343594557 0.360320927794419 0.366008092820566 0.345076060838115 0.468074406105025 0.329636470882175 0.385539557367762 0.334906879450903 0.275204928992041 0.443113768475794 0.335884447357418 0.366032530244335 0.398110313570219 0.396510392427269 0.433364491514556 0.251200049615108 0.317691110323625 0.382264285087928 0.329224265948929 0 0.348418250560918 0.586100453325528 0.376505269253063 0.401464234880685 0.351364987387553 0.396644605135465 0.243487745280348 0.329404828763242 0.274013388610038 0.226239787536238 0.2924647470337 0.268456745479326 0.321100108408031 0.382997269938254 0.30746442470892 0.31722630413889 0.295384050965358 0.308990300329425 0.335027683547057 0.437669498884025 0.273363104602085 0.270145114659029 0.373445775025797 0.372395857880422 0.276262512239064 0.336416135219922 0.366886872115475 0.501648285363539 0.436736999102277 0.337476958375176 0.435942806722105 0.358299515437142 0.316894802733927 0.310680129600257 0.37787754175269 0.367960774657547 0.397490232886269 0.288235914930226 0.385962159626557 0.462310500692699 0.29661989492041 0.287962794139359 0.302784198817451 0.283436487699885 0.29774067225665 0.292194930743771 0.267344629917438 0.362719529052223 0.468355704588151 0.431281477082934 0.46051319507616 0.483307082888116 0.378713077736803 0.483246208475128 0.444631967262061 0.352768380458219 0.393987826796299 0.449961147548183 0.374360904626146 0.360834192534256 0.329632033635751 0.442981170996909 0.364255195782869 0.502174901777628 0.283966847669994 0.425321387897567 0.313666789340373 0.54667189185643 0.539194637116428 0.456646027552546 0.50779741551509 0.580035544064974 0.523463704636551 0.539009233055617 0.561247114869531 0.484296571103633 0.490489456257198 0.378715980246167 0.363860098944787 0.311470199306442 0.445255378237497 0.403087405512241 0.494603933224262 0.424826811503062 0.431512228011366 0.470986016203463 0.566914776276586 0.358228921757583
"kalikapurana" 0.314565010370407 0.400165758786888 0.433413633686586 0.399296076661691 0.387851489481132 0.450026469560217 0.37712598887761 0.385331690586649 0.373642787325554 0.376166139367818 0.457542703176486 0.383436583916468 0.413038820372461 0.41028765193925 0.268132259285938 0.451438852773114 0.321262752846762 0.326878089985563 0.292603330954703 0.306380457472408 0.362587046893204 0.270949114266541 0.283643091094061 0.327138206354714 0.345775505217948 0.372823009994642 0.345643333792953 0.392001887228502 0.4432534701395 0.433397668486433 0.348418250560918 0 0.567536136401043 0.330549696852204 0.35001368590047 0.302680720907299 0.311398378826092 0.363745274269587 0.43427902223818 0.40167318563266 0.35414967056754 0.412215840421072 0.387868464581664 0.430303309514798 0.452634255607983 0.419986497056651 0.421388502588596 0.405274547874248 0.414303767746097 0.442235016512472 0.475474447090414 0.366693428700512 0.359211965526834 0.398797469050007 0.397101732360031 0.380772969795994 0.435268922495788 0.469692134959125 0.563288713780611 0.502145424910406 0.292877665387128 0.406499572628698 0.350912995900968 0.281307826985468 0.269089189794383 0.285935606722367 0.326442611278378 0.348003247565578 0.32076832225822 0.344329497708003 0.415045358150494 0.385048517155434 0.383774682996455 0.39889490388516 0.39835205201338 0.404385495691869 0.413996753764415 0.37031228162154 0.306387843441152 0.40754288207201 0.405497226911957 0.422168389850842 0.441356536248593 0.317370226365348 0.444688556094129 0.410610062650902 0.296117491663339 0.319144558571891 0.373735694564199 0.339480165754427 0.286238561520594 0.315781384261609 0.385344365209383 0.343273474433124 0.473636209526428 0.299791051981438 0.385639163572748 0.279075063819485 0.531232038946305 0.506535891941307 0.431063267857476 0.483144210847551 0.559590024416038 0.512256419225539 0.507036759261192 0.549836853463781 0.460327781203921 0.42539555925431 0.325166320512194 0.310178115123631 0.353213442344923 0.456633735089903 0.382415388545227 0.479541352250283 0.391784391573166 0.425011180145781 0.484488150069234 0.564495388101828 0.337201455115948
"karatoyamahatmya_pu" 0.573668141182492 0.600315044131382 0.60776097371363 0.595926608868206 0.588262989825966 0.605792677579245 0.597624966345845 0.597468980404072 0.596101177720199 0.604678961658502 0.612761172738646 0.594169328640166 0.591602698268179 0.589676638435664 0.569343072836464 0.622148965223712 0.589921087238746 0.584570085203684 0.577604500634524 0.557771851575103 0.587163878304146 0.567409942913202 0.563423476067315 0.575969622087265 0.570280615174457 0.579806076415689 0.588254227329042 0.591653715494477 0.601236962204377 0.615276330269284 0.586100453325528 0.567536136401043 0 0.573357406186426 0.573525648766685 0.570079729378444 0.573780333761569 0.592965003422796 0.612211844929335 0.601319182559056 0.587443364996764 0.605026383045824 0.591829682496622 0.613220521815573 0.61704809117974 0.614723107009899 0.609608591791276 0.607146938799274 0.604299251603219 0.605434662402248 0.608154497328515 0.575859930153551 0.576987703083835 0.579810159127174 0.576863716037152 0.588065618071672 0.610570270216797 0.628026656019798 0.657936107100321 0.621620017572994 0.589363309465487 0.615804941011143 0.602198468692046 0.586024538493813 0.571613082437582 0.565774787572208 0.574731293949212 0.581295650005088 0.57087552769993 0.592743755612047 0.604131714402139 0.60113344419111 0.591290010029545 0.609535376911414 0.602248715906014 0.612118552411918 0.613803664193382 0.599254531863052 0.563876292105485 0.596061922149565 0.586233492277799 0.642075367677875 0.592863952081967 0.591139706865541 0.637933684607181 0.611003527971022 0.572032869340929 0.579639880332833 0.583216588319283 0.586788017996629 0.554242219879453 0.552815940005318 0.580786041618176 0.594592627629113 0.617770227987325 0.582936754275737 0.579831879697907 0.576907706139982 0.656207995229804 0.633358472037338 0.619589492677618 0.631006423881874 0.658806051142169 0.654315941734625 0.632020287502766 0.677574881015432 0.61332019605244 0.601686645152004 0.568059608610282 0.578009151536014 0.567718708816028 0.607016373378898 0.59905102344239 0.621497946966133 0.60155690664651 0.624530649307458 0.639809168964898 0.6483940079449 0.59284129672433
"kurmapurana_khanda-1_u" 0.398121902770984 0.393858166039827 0.417302621650831 0.398176804837267 0.381767713829452 0.446859937169901 0.361973706319099 0.382902784089719 0.360585097300538 0.381265871502079 0.486473858453371 0.391209862998231 0.404331018865352 0.402335803170053 0.350519485954623 0.4540618287782 0.336812353734897 0.366457063437912 0.324878694887768 0.356876075787823 0.391965516168142 0.330580986947694 0.358551483763757 0.389709866929053 0.414355025578064 0.407426759034292 0.379481921285527 0.403156674108741 0.432011098558774 0.427519135157185 0.376505269253063 0.330549696852204 0.573357406186426 0 0.284697434442793 0.298455217854876 0.347903831645081 0.392294903165696 0.446045846066952 0.424227929706263 0.385123720368737 0.44106540182525 0.414691738755607 0.443667114037084 0.459935100730332 0.444976970935206 0.444341378873435 0.432667547165607 0.435750326420164 0.459262181387537 0.477723089210805 0.38344738721106 0.388173133253863 0.427432368764869 0.443942002677375 0.400635545524146 0.454045520031045 0.485525075817505 0.571993587306847 0.509910408832697 0.35413237970995 0.442734484014791 0.396062665487598 0.345243010570481 0.347280994014733 0.352006378737072 0.366616170749777 0.416182030245627 0.35426394841736 0.375251072292887 0.415673150367522 0.406240278435529 0.41704720085223 0.423094371128891 0.416447369018863 0.43219688358218 0.428123963668048 0.391423557186678 0.296260131905174 0.434375354000961 0.443493439525709 0.440304545838894 0.471717527954921 0.348081896128373 0.431767453911643 0.398090200103226 0.33896417765333 0.345727924336691 0.410613023492506 0.372355490086573 0.346777290229714 0.366750577305396 0.380923820749402 0.354529029429733 0.466526066737981 0.330356668016594 0.395322238075275 0.310529646135817 0.524242901687793 0.52436970683992 0.430648013021902 0.494479170972865 0.559859709366581 0.525812686914972 0.530340104197418 0.579440573328491 0.461571505180266 0.464134886344773 0.371828422548156 0.348385380939363 0.37454165635065 0.471887358708588 0.388442521214598 0.495816719177223 0.437320533309617 0.442257376707559 0.486711408230137 0.556294795197432 0.362523258834546
"kurmapurana_khanda-2_u" 0.380934205787938 0.405081975971263 0.431366035043232 0.40870992445721 0.404451455884584 0.454115001087895 0.382323320965955 0.39024104673403 0.397203484180698 0.407421850016813 0.479359333361827 0.412016203774717 0.395751857222499 0.415893627909565 0.344240485267867 0.458660937282424 0.359841654820148 0.400957500803262 0.357840067173671 0.354312729939197 0.398341383749538 0.34937796213523 0.375219923008926 0.372286634938577 0.367440702045751 0.404731861645982 0.401213667555276 0.41860875276206 0.45632405463201 0.457231152442 0.401464234880685 0.35001368590047 0.573525648766685 0.284697434442793 0 0.314528459614569 0.353719995085565 0.404017982573471 0.47039599902489 0.43681288227886 0.39863093835267 0.447450461206741 0.416146614050544 0.45885514086251 0.473418410178188 0.456484093216687 0.458721360572573 0.44707839399871 0.441583972126447 0.465907364133022 0.460447502404134 0.368398881450016 0.377189721690749 0.397358013846238 0.401693216201017 0.400233396048011 0.468074123857468 0.49429104284285 0.575404855674124 0.52583938055413 0.362277209337053 0.4744599332868 0.405989989781282 0.359643011824617 0.359230131675615 0.345752322587389 0.366729986895134 0.415349969712838 0.367028652942977 0.382059807608512 0.412978404314174 0.42978914716069 0.428430059666492 0.439634706274949 0.439389073899341 0.459075138332386 0.453168832569562 0.414914133109285 0.317485241831058 0.419777670642544 0.415336433780158 0.451634271582703 0.458185997931966 0.38148827411478 0.440898980439801 0.435776558890862 0.34391612985725 0.335295509015372 0.36668482892694 0.384495444772718 0.346828668396549 0.37708288967527 0.37132153265198 0.371963294811444 0.44309715270804 0.356137177387325 0.393951702907815 0.341560173397436 0.530632056265457 0.502015366714923 0.452539816474739 0.53376755010347 0.56257685042575 0.547883250979396 0.505809108598597 0.588100668622415 0.479630503703614 0.452772341747312 0.363071176398599 0.370366742949976 0.370781840498777 0.492053117907142 0.412791293391932 0.498549736970805 0.410266867049473 0.460335788145834 0.504360917329785 0.553160476562142 0.379215625945617
"lingapurana_khanda-1_u" 0.340029786778431 0.402543513490685 0.439435014850931 0.405097310207343 0.392649878970731 0.452367576099504 0.372276024431123 0.385800367320989 0.373721596775027 0.394415117053662 0.473120646635303 0.391135452401262 0.407963263572743 0.405593296498467 0.286241780313214 0.406888182876688 0.309197506559628 0.347698724523303 0.298338808250348 0.311640383761918 0.378450547280245 0.28837505248566 0.318381135223231 0.333804150591712 0.361147308401409 0.366344278003132 0.350783250427255 0.393185848585938 0.414438297176534 0.396083087526283 0.351364987387553 0.302680720907299 0.570079729378444 0.298455217854876 0.314528459614569 0 0.270697044634644 0.364155499124452 0.425234524389563 0.399418486802702 0.35709334640901 0.416523547453147 0.389527935195867 0.416977844825083 0.441032204358959 0.417720779051741 0.417333363793272 0.399181295057336 0.412392496130998 0.440708377228217 0.465870526976837 0.351293248773813 0.345187319728884 0.388627110812689 0.390084078386616 0.370494135973707 0.430984936610723 0.463359563531119 0.551598697630034 0.491017373951394 0.333104248811122 0.437023099644256 0.385076883344963 0.326699163035008 0.284687949293388 0.301373423566369 0.341206441256811 0.375732032266333 0.334997763850724 0.352562898522846 0.409490548187035 0.385483377451735 0.396490804747438 0.410654100310381 0.396142165841355 0.413214644924411 0.407501018594467 0.371909277238633 0.257485167664859 0.404457262986318 0.399454130165471 0.413510301126737 0.460685749165519 0.318544007396059 0.403842110579641 0.404892384586392 0.301217712518575 0.296005646701757 0.346635901020153 0.330574852207868 0.319169321598642 0.318615605977309 0.339578187056124 0.301668888655259 0.456936574172588 0.287360598331555 0.375613319813503 0.298839292918032 0.505980995056804 0.502264355380449 0.406248754398964 0.483570768267101 0.53957254924183 0.499790157713132 0.496913254281298 0.553071629520003 0.447496062184906 0.441571062650073 0.33774639408776 0.2950796448134 0.356204060875119 0.456888334061975 0.373093210003705 0.471904730358171 0.38610551846311 0.426689583926517 0.477678226142246 0.546114542557202 0.332568478457634
"lingapurana_khanda-2_u" 0.317294085145445 0.439223871257279 0.465980841366803 0.437542853764274 0.43136039007977 0.473158164509573 0.413498743091038 0.419016280805655 0.413727420312493 0.427829708076712 0.491382827011466 0.432479077058982 0.44184239033026 0.446066324630487 0.301999356673918 0.45361449373128 0.35717856946211 0.353498364757333 0.326072887576227 0.365757804697083 0.3830391152185 0.320118372559535 0.313970522463128 0.332265543022101 0.372771412926052 0.38493142719224 0.396166531154573 0.429263891259485 0.451390420870609 0.445765536114206 0.396644605135465 0.311398378826092 0.573780333761569 0.347903831645081 0.353719995085565 0.270697044634644 0 0.408805877844761 0.463124400303636 0.436228825969131 0.40150845387749 0.443947244779666 0.42517073546849 0.455841433812 0.476024912857526 0.453869510207891 0.45316177173332 0.441283380221175 0.443698473332071 0.462715452217742 0.485560745729727 0.397211271761722 0.397237776565105 0.42228981720113 0.421811862539588 0.413800147047622 0.466984222970107 0.499198154426649 0.57477571871863 0.524142665579441 0.369160219831909 0.458006366443789 0.421432713417416 0.365780016811144 0.318110419293757 0.297088156529321 0.363081962158069 0.394395294163095 0.372310696700019 0.388067235691193 0.419737588618781 0.426416516332907 0.434952559756644 0.439107481532912 0.435353840671661 0.441031855178653 0.446841839831527 0.422252951958786 0.316096465101027 0.409374421427862 0.401097410410967 0.445517903622079 0.471231621760366 0.355761914948425 0.441328948623071 0.438807946729006 0.337422703181387 0.300680552889268 0.356970376134127 0.374189636015144 0.33998315119792 0.3619553291356 0.371038846569444 0.365611264414008 0.480466246516419 0.35204984258491 0.414136308735274 0.342056685948285 0.53580234434278 0.506825841516656 0.451847687170913 0.503682904401666 0.564430475640037 0.525207716722158 0.51974729535525 0.577540363508449 0.470133112721531 0.455316200510556 0.369170435964781 0.350763476821503 0.389835619456126 0.466236940223314 0.420021205764337 0.497499453224473 0.415737479841762 0.456097476024343 0.499861058859224 0.571497269098628 0.37982259104073
"mahabharata_01-adiparvan" 0.417209843866752 0.354198442402686 0.429175518887299 0.347729064886543 0.327726551519995 0.413152704594605 0.367911230841201 0.39107714903666 0.377144846231024 0.365876280074995 0.424545240646383 0.3133690588417 0.360657428218868 0.366670892366894 0.353592205219606 0.461947075292113 0.337769251052289 0.419671894752451 0.362300966081273 0.260643289722518 0.449049147659697 0.342109269302407 0.394272706393782 0.416467864260808 0.408165926384249 0.441137293033513 0.278239657344183 0.334104352539553 0.398573569511588 0.371168999707813 0.243487745280348 0.363745274269587 0.592965003422796 0.392294903165696 0.404017982573471 0.364155499124452 0.408805877844761 0 0.351946005937993 0.218138099025917 0.154451985745291 0.241436707869167 0.202819004637529 0.299365301197447 0.36294483541452 0.292529621683525 0.298693283013717 0.26024451977537 0.275671205236266 0.310124593060727 0.419718795438119 0.223512823431765 0.225929696813796 0.364226294146351 0.356515572647132 0.219007197587028 0.275482682506688 0.361293690888713 0.468837015550043 0.409183015744608 0.330094513059372 0.461445662528307 0.328004434661571 0.309148175010715 0.336709312283102 0.400826295496819 0.383150412831327 0.401130235631568 0.286098869376337 0.403284136458098 0.472955744541339 0.275218196747082 0.269092611896829 0.31776177905062 0.306523259075143 0.321945339673601 0.32684807521612 0.274226307902044 0.376438972176664 0.485335616284089 0.444686353293207 0.47871953368822 0.481202380647122 0.386422204985055 0.497153893527706 0.44231489570805 0.362564940906254 0.404854583547924 0.453828152960284 0.38440201299277 0.382559127738872 0.327455249800242 0.445123781913398 0.358658741451931 0.508673502448914 0.303793146172907 0.423064631263646 0.337861576364657 0.544177583323936 0.540337813890143 0.459653581595531 0.5301663649112 0.574757920516502 0.526583992529872 0.526572631008527 0.550493014639646 0.498299207080356 0.498713081646414 0.382063851568055 0.376224562062046 0.308683598995761 0.445808219469528 0.402307891045182 0.495432413950899 0.425012978951927 0.422883447409265 0.497514082683535 0.565024476647214 0.351752614985669
"mahabharata_02-appendix-21_sisupala" 0.465083965331254 0.437358366655292 0.492374610473284 0.439125012095202 0.426215947600599 0.478850918523115 0.445609661572043 0.462599969270772 0.439956904587403 0.439155214509568 0.482947604618188 0.394926784946355 0.45156094796787 0.445542153724896 0.426462177289039 0.519802282072279 0.419878208699132 0.451635830869742 0.420944220160755 0.381388048558585 0.496340581815366 0.429386925246511 0.442234366442997 0.468597236271377 0.478954399552153 0.48185947759508 0.351708619844479 0.38347703658926 0.439381792020122 0.382308371375162 0.329404828763242 0.43427902223818 0.612211844929335 0.446045846066952 0.47039599902489 0.425234524389563 0.463124400303636 0.351946005937993 0 0.359010022809855 0.343320914405306 0.387107172018897 0.371123050024501 0.376055340386487 0.422821389322694 0.378656797151649 0.381072009195452 0.358118686803675 0.388206829448137 0.420075838985034 0.491458976823386 0.378152328029671 0.366373260488253 0.448303411343119 0.43988069527278 0.377893832422023 0.406133504348831 0.414316208475666 0.530573293930364 0.467192854437503 0.442219928949531 0.490065327291057 0.44955190244175 0.424818055766102 0.410308509332705 0.457569713999597 0.459185594445427 0.466819506061811 0.37713907438483 0.466869281199741 0.515759983236707 0.377393377270096 0.403578501272943 0.409109986748013 0.39070780809424 0.407448523955612 0.388004978545412 0.37281224852343 0.443394880050822 0.518849561156708 0.495041111948813 0.522182377416185 0.539763604442993 0.448552129481634 0.534425693190419 0.478549649214688 0.440066063230491 0.471877397612394 0.51063852764168 0.437253173744624 0.447801300961213 0.413436167649693 0.497993195190072 0.42605860022019 0.540476573922429 0.377048698879777 0.483820559402873 0.400008893692928 0.576170997657407 0.576696294855007 0.503598952983465 0.545137742645335 0.607869359061861 0.548803970196312 0.573751272118661 0.585171718406709 0.531467438836113 0.533068017717102 0.460103593790758 0.436653792184059 0.406147679988284 0.48225638566921 0.469267095176551 0.537670536837251 0.489089189639894 0.486215143266954 0.531057671229579 0.603718449175375 0.442857650605232
"mahabharata_02-sabhaparvan" 0.442871250526261 0.37783459632652 0.45167592294192 0.382316016843748 0.365606610920208 0.436415010675605 0.397821450956818 0.414999435161966 0.402025778525745 0.403919747655966 0.444046590006697 0.34105099902364 0.385427868065587 0.39977630984317 0.387257559587914 0.485184601378958 0.379884258060586 0.444403715120974 0.398699319615405 0.317962941282325 0.476251577592054 0.381565415809894 0.419403189253547 0.443297946647284 0.432209283116042 0.464281683059232 0.308246542838402 0.356734963850256 0.41410581090177 0.384440689153893 0.274013388610038 0.40167318563266 0.601319182559056 0.424227929706263 0.43681288227886 0.399418486802702 0.436228825969131 0.218138099025917 0.359010022809855 0 0.205894532441722 0.249483463030424 0.196746411569748 0.292837263146215 0.379028130991631 0.292618759595295 0.294243408552521 0.263001390367658 0.294840778234027 0.316429121759366 0.443874543355193 0.252376008519646 0.261514748484957 0.388228543914096 0.371244096958144 0.25462345089344 0.271918027747061 0.378673006079302 0.462232249310527 0.398415729065814 0.376041987467119 0.477317673246482 0.379874187331892 0.358383268268704 0.369340611798163 0.430964192773198 0.415844647854354 0.435757929892551 0.330117240964936 0.436523051260394 0.497147259943746 0.323108200932979 0.306130270680929 0.357964712740135 0.337215484927345 0.356322964733785 0.351899763245988 0.317220713225365 0.409298709425463 0.502947959856631 0.465427477112158 0.505468925511789 0.510177317655002 0.422847602344527 0.521049906466731 0.46890336413256 0.400016345156265 0.434051777040709 0.480867318986442 0.415065998348759 0.412702547598895 0.360905802523228 0.470977548079246 0.398706365895318 0.528106422186559 0.343576211157451 0.456842312132979 0.37719645138831 0.558957370001764 0.555460427361237 0.486774779576695 0.547144564078003 0.587271666937509 0.542388058743771 0.546801457010535 0.566090143730017 0.51431324320741 0.520479577686748 0.418649707612974 0.41193392626734 0.343533001020617 0.470756592528494 0.434054114065118 0.519917094251317 0.447867115467342 0.459586542479075 0.514646307357159 0.577603577245257 0.394639086042206
"mahabharata_03-aranyakaparvan" 0.407859755100899 0.346152122805744 0.423567717361976 0.335609364679323 0.318536355015345 0.403020440656287 0.357312311081243 0.381728145573205 0.36591053406292 0.366279444459439 0.414388264456376 0.30162964366662 0.346257960058001 0.361522228753152 0.345275113320463 0.463306845441368 0.331481560309592 0.406532784208484 0.351874875997435 0.250837457852565 0.443602107029026 0.334801765313447 0.379782393264255 0.409365497124499 0.396600569092961 0.437836907214232 0.262166328109655 0.323103014523504 0.38578110059185 0.355437408661702 0.226239787536238 0.35414967056754 0.587443364996764 0.385123720368737 0.39863093835267 0.35709334640901 0.40150845387749 0.154451985745291 0.343320914405306 0.205894532441722 0 0.229218049701712 0.184188546563321 0.281286808011057 0.351844566379476 0.275875199563682 0.282348736840884 0.242305176993398 0.267781904321232 0.296161100843249 0.412512794610089 0.199192628567244 0.202180811029143 0.344323707227762 0.338079269007242 0.201114268572426 0.272497082517167 0.363545696071659 0.464023722212959 0.401168525358293 0.320812356942967 0.449719399814431 0.330730916124354 0.301199796685627 0.322595876010858 0.390700815571223 0.369353638351944 0.395616042643693 0.264951532510551 0.391479395221654 0.469355506339685 0.266380851832227 0.244440800733893 0.287250688260796 0.278573782419301 0.291191839052175 0.29559309875657 0.249633106738749 0.365718384803408 0.475029843573971 0.436781698039855 0.470501308189995 0.475184030245219 0.381377362039218 0.489846975092766 0.442450720404058 0.353903488833374 0.399130466495539 0.445714764053553 0.37180323655976 0.36796242983674 0.312397646657427 0.442112514112755 0.35080606917091 0.504472208572672 0.282331758591166 0.412890875515294 0.32071046570116 0.543108252415529 0.530960654870388 0.457047348923066 0.522512616787436 0.573328725032267 0.523244316495473 0.524435858148923 0.555099533145869 0.489181288463062 0.493368712539274 0.368629993265339 0.363818813754824 0.298261868648053 0.438064699197736 0.40134338235445 0.492882780753316 0.420056921918509 0.428502503602452 0.49443181848133 0.564905140211128 0.353535466244397
"mahabharata_04-virataparvan" 0.449534164694711 0.396722514347477 0.465057513132988 0.394541727533212 0.383199322742582 0.449586710973726 0.417126791350417 0.434190681413482 0.421023649960031 0.415884504340126 0.450984188150928 0.36352886436099 0.400811708359054 0.41644991502822 0.406122942450348 0.504031950153683 0.394538846672818 0.450320737283422 0.411451710760531 0.34176712294223 0.485274805230961 0.40177660537013 0.423810002480563 0.450078282443447 0.439175590751982 0.477756530445483 0.325852136622294 0.366181071861482 0.430426145176735 0.386794912964288 0.2924647470337 0.412215840421072 0.605026383045824 0.44106540182525 0.447450461206741 0.416523547453147 0.443947244779666 0.241436707869167 0.387107172018897 0.249483463030424 0.229218049701712 0 0.22809446239464 0.282100233394357 0.399165093643491 0.270815631199081 0.275747047521427 0.273688981283994 0.300093856794745 0.31988035265995 0.459291658346489 0.286949019675274 0.297720789534862 0.407122213429349 0.39285041869213 0.274417415058224 0.323010409600299 0.38854756066281 0.481034330440877 0.432370564890899 0.390684940612759 0.48164145654817 0.390963153441306 0.37493905855549 0.379042928448447 0.442268983901726 0.427300641141735 0.442277527488946 0.347528805560926 0.454808851816595 0.503592783703909 0.337093707808709 0.314927435599339 0.345042746231185 0.337590687284364 0.346062893232918 0.337334214059124 0.326737941927144 0.425676354051322 0.512441829643139 0.468756813597905 0.515842430223392 0.512973484219498 0.435888295750203 0.530058617429116 0.483062032847623 0.413162275333303 0.446753896563318 0.493876778666286 0.423836063292421 0.423032791721138 0.385650432115606 0.481054397598493 0.410574843007526 0.528428658168574 0.349835362081904 0.465855635751307 0.388744070689369 0.565384326090195 0.550121882340971 0.492898599873403 0.548089129546222 0.593010617680902 0.545021816868419 0.556811581253033 0.574298235163176 0.519142897366762 0.528530601643213 0.432395483158664 0.422776386267327 0.366089191523432 0.480987264296734 0.453465303887169 0.525550151645779 0.460766059038067 0.471113565336099 0.521808839779269 0.58903289233602 0.414795606572311
"mahabharata_05-udyogaparvan" 0.429301134127356 0.366504322418949 0.443212375281043 0.366792585174049 0.352002479310204 0.426679943243076 0.384963942452283 0.404733467666974 0.398271091754971 0.391622777521229 0.43373217167921 0.337264742317796 0.363617815952117 0.386908738146413 0.374928138800592 0.481422628254311 0.370567346102227 0.434171652339417 0.387617013093444 0.302804261598376 0.460533998436565 0.367357637648418 0.406431974317317 0.428256911065721 0.409917064227367 0.45062273812128 0.300490820500492 0.349804342306867 0.407606399541223 0.387427001629186 0.268456745479326 0.387868464581664 0.591829682496622 0.414691738755607 0.416146614050544 0.389527935195867 0.42517073546849 0.202819004637529 0.371123050024501 0.196746411569748 0.184188546563321 0.22809446239464 0 0.270648760626232 0.374685479377898 0.272800760337453 0.275623250076879 0.249337775404622 0.274943333232286 0.28784549711767 0.423187745023336 0.210847973605576 0.23652171657895 0.36021401488404 0.354870758653755 0.224914480568642 0.27365542996713 0.372989192138491 0.476586650122625 0.408980501270337 0.358937171195354 0.475256637171734 0.360440308044515 0.342147710790798 0.360877140469317 0.416847039179305 0.394489690269372 0.427736355146218 0.316229187274281 0.426902148641876 0.482632987941149 0.314810930336542 0.286097037547223 0.343408268517575 0.323241862220513 0.344925446352949 0.341227880615132 0.302746049624481 0.396712045258342 0.489346350308451 0.450224022105835 0.496450552414681 0.494093669679976 0.411397431824873 0.513124277161609 0.466610153287689 0.380749724946966 0.420429975513736 0.462189355897201 0.400842494208557 0.397123817002768 0.353497740422832 0.460027503691509 0.384356514037563 0.51264380970568 0.328376543997975 0.44210695699799 0.362380243181922 0.55281588680858 0.536761842432989 0.477750792666647 0.547555239974219 0.578857822693883 0.540629143712146 0.536362905496804 0.567368623674541 0.510447135471576 0.511215734728674 0.404942283930297 0.402526297412948 0.317676206061581 0.46742756306702 0.424319253029478 0.515788190618462 0.43461388816671 0.448817720680517 0.510813752923111 0.572599067405064 0.382638115434603
"mahabharata_06-bhismaparvan" 0.455233987878139 0.41572531382164 0.476782575807995 0.411690287175182 0.402188368260529 0.463714013212922 0.426777679376099 0.453109844190212 0.428272424515706 0.434528253058019 0.472881178826098 0.379348552880776 0.417936954344624 0.430451423678493 0.425754910891828 0.510745308424958 0.40556498644715 0.443736467085571 0.409096886408512 0.372457117703091 0.493763554109889 0.424143466785458 0.435146238086535 0.459201436398558 0.467394094615997 0.49187420236164 0.344653457117803 0.375202966462406 0.413185757843334 0.348535176712461 0.321100108408031 0.430303309514798 0.613220521815573 0.443667114037084 0.45885514086251 0.416977844825083 0.455841433812 0.299365301197447 0.376055340386487 0.292837263146215 0.281286808011057 0.282100233394357 0.270648760626232 0 0.415338904738417 0.179039254549756 0.194470128145451 0.210170889522842 0.303413002908915 0.340116581118813 0.475182068294578 0.330858996411982 0.340898827411387 0.419736185220373 0.422866339440808 0.31793619280969 0.35508159984061 0.397518014172324 0.512005419423056 0.4400823865016 0.42020502754605 0.478098146377886 0.423654501711056 0.403037107728968 0.386770979995195 0.446374753938008 0.456920803819281 0.463959360676911 0.377539109048966 0.464123171210456 0.512345477872425 0.36922425184805 0.359433111403103 0.372394689839355 0.36000141058289 0.375304599663625 0.323502328472993 0.349457900697545 0.43295985423182 0.518984318428283 0.474164779665594 0.51554044036962 0.532521713912737 0.448842899183364 0.531133955898363 0.488003408560085 0.425737333233736 0.44966514982587 0.49627799680225 0.423053905388329 0.443943877830473 0.405819766484552 0.486200925290722 0.428516904963957 0.530327851620044 0.352532789225048 0.484216835214399 0.395982864760326 0.575125602741021 0.564840005520294 0.503956119250183 0.537172599295641 0.604812196382315 0.555328744900462 0.569716858462326 0.586556802300699 0.520501510542966 0.53886275893758 0.44844522997729 0.427434787080781 0.395603521025152 0.495148461394423 0.464370365815196 0.541515041500557 0.476395884987705 0.478547316501273 0.536213901266598 0.593567317721172 0.428551162032492
"mahabharata_07-appendix-08_sodasarajika" 0.481190055386168 0.442182294849514 0.49153410718386 0.436605083175832 0.414014971061068 0.486068159200849 0.448082530882716 0.459932271536721 0.449992033606954 0.444280678695872 0.496129071266572 0.414199838445101 0.44520143427958 0.441488330182294 0.441055581620516 0.511681605169906 0.441087923498473 0.48287313673004 0.449440997583664 0.38322353035377 0.504472991008444 0.439915018241255 0.464143454062597 0.48763729444213 0.478935026034125 0.509102273270506 0.391402540219671 0.431183332521232 0.451262156697698 0.428454465184928 0.382997269938254 0.452634255607983 0.61704809117974 0.459935100730332 0.473418410178188 0.441032204358959 0.476024912857526 0.36294483541452 0.422821389322694 0.379028130991631 0.351844566379476 0.399165093643491 0.374685479377898 0.415338904738417 0 0.407557988314993 0.405696001150842 0.390442463613588 0.391467080914915 0.425875711326847 0.472750968721417 0.352617580449157 0.354553279487183 0.432101674583902 0.425058725965912 0.367298219048675 0.404360057276054 0.456095195985295 0.530145125947352 0.478645251051407 0.441452690637218 0.513440013424953 0.435339258159303 0.426631521025801 0.427984109178187 0.467311865145362 0.465314344233707 0.475545343659541 0.404608571391615 0.476622110812579 0.529604108398682 0.391852013717648 0.400566293141032 0.429978621606948 0.410147467635718 0.431243513755048 0.426683042798116 0.393187533782996 0.45861822110919 0.526830254541917 0.49908985031133 0.527126985385402 0.528786456866786 0.467729841130383 0.54184872420222 0.496709282613521 0.446737483456882 0.473286428666701 0.508205412424602 0.456667601498742 0.464661025389129 0.411997398020184 0.513385116026695 0.440251446941347 0.542203858640265 0.399667240877416 0.482351741710393 0.435667722848557 0.565592028186034 0.570822010978265 0.516151186556956 0.553967234249198 0.601308487327137 0.555014095823166 0.554249355776331 0.588496898768946 0.52263866081377 0.539628026640767 0.464019085630284 0.444152987161971 0.416168311446659 0.495870383220692 0.46761290304217 0.543733200724846 0.481740128114561 0.493864576341268 0.555535942201296 0.599292696486646 0.445122181567958
"mahabharata_07-dronaparvan" 0.444554257440763 0.409264673637527 0.468975208218792 0.400398891317007 0.391843746173819 0.456333085154702 0.425865858468754 0.444100850831343 0.42232561665204 0.424906837353996 0.462764458869373 0.365440694400225 0.412727344482658 0.422943977401223 0.420463876377332 0.513097480697289 0.399378745835867 0.439085111818207 0.404417956368004 0.363270283212004 0.495253482837275 0.422813275175097 0.432046411819138 0.449593268301028 0.460381477699199 0.489775729141401 0.339061092951836 0.364458424654171 0.427658134827289 0.355295219708493 0.30746442470892 0.419986497056651 0.614723107009899 0.444976970935206 0.456484093216687 0.417720779051741 0.453869510207891 0.292529621683525 0.378656797151649 0.292618759595295 0.275875199563682 0.270815631199081 0.272800760337453 0.179039254549756 0.407557988314993 0 0.148566189011721 0.208283246897463 0.279692593209266 0.334779833755208 0.474679434228123 0.333673838907324 0.347033710244061 0.422978645985838 0.422922429401801 0.318179159393381 0.361711265907878 0.388220017257764 0.510024894410815 0.440469728716756 0.415744468616121 0.476001113262458 0.421912093259508 0.398658241816365 0.383148091243899 0.439147217519001 0.453749399271456 0.457819609904426 0.368747096944115 0.458158335860165 0.508062431277311 0.361431248493213 0.352113000962803 0.361852008712685 0.351480214438606 0.362865816363329 0.308696244743329 0.337703897673779 0.429151455066112 0.515655507215251 0.471811714419355 0.509127335293327 0.53008062242977 0.447016414289066 0.530161301534232 0.488295509717196 0.424293522385678 0.445306955647793 0.493196914030327 0.4165300216578 0.434490513123397 0.407004454035802 0.486848667988937 0.431297658793038 0.534262486163637 0.349492384364489 0.482173825226687 0.388373833182544 0.576831084902517 0.565663081885795 0.505032727137041 0.538938801614918 0.60955268091614 0.560432491187383 0.568057749096251 0.586018740363394 0.522187008463024 0.53232437268923 0.444161202365378 0.427596119964949 0.389090342849996 0.488511011640089 0.46781371039243 0.54191199831963 0.477574565475428 0.472549982568173 0.534322661051689 0.597484747889008 0.427239823182606
"mahabharata_08-karnaparvan" 0.444156783477019 0.414980692876638 0.474790881127573 0.406848615732923 0.395077812721757 0.459270841434903 0.426210716220635 0.445465572752789 0.423235626325655 0.427777535058993 0.468331718424797 0.370533203673108 0.419074419646288 0.426649311921337 0.418658191029161 0.514496400809496 0.400717275858567 0.442583291284084 0.407437690042242 0.366654038244912 0.493078709383943 0.422106307314703 0.431190279743491 0.449673180378211 0.460205701853677 0.489616246106864 0.339849723623067 0.369732911333358 0.425607488576921 0.358353562985215 0.31722630413889 0.421388502588596 0.609608591791276 0.444341378873435 0.458721360572573 0.417333363793272 0.45316177173332 0.298693283013717 0.381072009195452 0.294243408552521 0.282348736840884 0.275747047521427 0.275623250076879 0.194470128145451 0.405696001150842 0.148566189011721 0 0.213627927994586 0.285681690875181 0.335730326690341 0.476375291892479 0.334485366039103 0.349808641511909 0.425117991534686 0.424212712171128 0.321215178756967 0.362748588029426 0.39453584052317 0.511230937991821 0.440993408508083 0.415623696783981 0.473027289174262 0.421253681916895 0.398557117366523 0.382426804438095 0.439330052190099 0.456290112875893 0.456917370111465 0.370699383064538 0.458763878198682 0.51063973940586 0.367941558788593 0.358485664367994 0.369599660993055 0.358692952512511 0.370362519645805 0.320375451149786 0.347090318745037 0.430494397575823 0.518019612704301 0.47113328048202 0.511708690266499 0.528921108327294 0.445152242946088 0.532391232632241 0.485525330798713 0.424104272041551 0.44750904905078 0.492392701823153 0.417396134724695 0.436995639329206 0.401694946457107 0.487900821502292 0.435085157271689 0.537040059966637 0.352220698701629 0.482148796227939 0.387544038946505 0.577361107660786 0.567731755077018 0.501218548597492 0.535261490306755 0.606355766849147 0.557702856631298 0.571100000200313 0.586679193162323 0.52127446113409 0.533030527632383 0.443571158758354 0.42774318208468 0.391604290924806 0.487595610918975 0.467024243700855 0.54210755142092 0.477115238928142 0.475501920367019 0.534191859053382 0.594318004282876 0.426797186895791
"mahabharata_09-salyaparvan" 0.44348061441855 0.404738474914549 0.469181345008959 0.396965584178201 0.385028944702564 0.455377572788925 0.416124374989068 0.440313400908496 0.418107548365431 0.414200579240837 0.459937145233738 0.360603645930716 0.414225118417388 0.423202616556086 0.401816421122789 0.501071477833445 0.380224537728551 0.437041736580138 0.39404150258585 0.336364716071094 0.485166504195664 0.400906415149313 0.421469964566251 0.451429939352972 0.452197870362618 0.479138524975867 0.318047241438435 0.35367957025793 0.415379323836008 0.354231400558373 0.295384050965358 0.405274547874248 0.607146938799274 0.432667547165607 0.44707839399871 0.399181295057336 0.441283380221175 0.26024451977537 0.358118686803675 0.263001390367658 0.242305176993398 0.273688981283994 0.249337775404622 0.210170889522842 0.390442463613588 0.208283246897463 0.213627927994586 0 0.275022380882143 0.324820940893754 0.461228321782584 0.308346991646787 0.309018440286821 0.411039798427784 0.398493047107575 0.288018470746583 0.315119761587349 0.369995365771946 0.484721599589513 0.415366570540041 0.395104244786597 0.465889502796453 0.396671079560171 0.377188358828627 0.374313862514471 0.433744512000115 0.436813545284113 0.438557302266691 0.347089352373668 0.449492113664892 0.510617041206169 0.330014914533151 0.335630734039257 0.353577603393216 0.33865445377985 0.359858777441038 0.315872705716816 0.315292490938115 0.418416413829368 0.508910595249323 0.473740180691564 0.507894518939092 0.50951007408364 0.428117381396292 0.526404849567566 0.474559955900269 0.412030797524042 0.441036269379875 0.487271637736795 0.405610998310136 0.428753894540438 0.375817178103395 0.481499586807388 0.407545317225169 0.531045165465005 0.332756916891789 0.458966549342245 0.367197650960862 0.567156153136498 0.560340962985406 0.497370767840634 0.534206134299707 0.59396428558474 0.545763253914228 0.559716524143169 0.568544925397441 0.517938743524878 0.519529662681514 0.424804235787588 0.411103237601326 0.374824510236381 0.484475354703144 0.449937175734152 0.528679897765702 0.458383085703865 0.462469470065604 0.528847902046637 0.584975750491171 0.410532889164809
"mahabharata_10-sauptikaparvan" 0.446445579564186 0.400574576315591 0.462238907047729 0.396397317390139 0.383801971439886 0.452724894253637 0.417627328117996 0.434005397868605 0.424767303162641 0.422518652121164 0.452985906444955 0.371321844557201 0.410248852958229 0.421378570431713 0.410549770963893 0.500417928289808 0.39853885823396 0.447278371747087 0.40625926483516 0.351907649094422 0.481227020850153 0.409287188649261 0.43158304378465 0.455034837018761 0.446980546399037 0.478450681611696 0.33901644083994 0.374358440077394 0.429799574851598 0.386438935665167 0.308990300329425 0.414303767746097 0.604299251603219 0.435750326420164 0.441583972126447 0.412392496130998 0.443698473332071 0.275671205236266 0.388206829448137 0.294840778234027 0.267781904321232 0.300093856794745 0.274943333232286 0.303413002908915 0.391467080914915 0.279692593209266 0.285681690875181 0.275022380882143 0 0.320481513479425 0.448554289292579 0.305150909898714 0.31833821814676 0.398553462913915 0.400298110380338 0.299529243632327 0.349833426419018 0.389323466739571 0.492986775743633 0.433982582376685 0.398896880735922 0.476755192250578 0.405187159169217 0.384680391558891 0.387863107768711 0.443140958734261 0.434967594039367 0.457694688537633 0.359188626240716 0.447630116063219 0.503088683227682 0.348634929943472 0.341100262449849 0.362220448383438 0.346729675111992 0.361714527279576 0.348548739706705 0.337646037127846 0.421992860203059 0.506597489075684 0.470875902373169 0.506967112341279 0.51492053731817 0.436760026775403 0.525501955008335 0.481923454888556 0.414770983348318 0.442229318012559 0.484119759873315 0.423603676676135 0.429018814663775 0.393175964114211 0.479870164656394 0.411266979515115 0.524568957948612 0.350544049539768 0.466900533482718 0.389676929185928 0.558877235322984 0.545881208394995 0.49461811783881 0.551360426296183 0.59300564519121 0.547528687666271 0.550056516110147 0.578713933859217 0.51756039760795 0.522865460978734 0.438929130865738 0.422842579972705 0.367644126191327 0.479255950088562 0.450960518553464 0.531825292260497 0.464085260332003 0.47053865412007 0.528735013035509 0.591287571647485 0.41803910534666
"mahabharata_11-striparvan" 0.464167265160619 0.410982899223679 0.469457517638417 0.413057432963295 0.39663685099875 0.457494971942445 0.429084641524651 0.449162066755211 0.440442235518727 0.437455076369845 0.461125775935401 0.384434199678523 0.417477483832138 0.429804782921849 0.425136791474357 0.521253165902669 0.424539733287071 0.464556057494242 0.431332262129272 0.380094080346611 0.500885225439134 0.422357200549053 0.446871787179005 0.465643523362321 0.454578800803135 0.493038294097066 0.366198745465316 0.40844521146454 0.434165582894637 0.413458780056537 0.335027683547057 0.442235016512472 0.605434662402248 0.459262181387537 0.465907364133022 0.440708377228217 0.462715452217742 0.310124593060727 0.420075838985034 0.316429121759366 0.296161100843249 0.31988035265995 0.28784549711767 0.340116581118813 0.425875711326847 0.334779833755208 0.335730326690341 0.324820940893754 0.320481513479425 0 0.466193863035703 0.326163939288083 0.341466274223822 0.406544845519441 0.410925473779638 0.323548618661647 0.347446914402513 0.409691528034941 0.500608824191716 0.4358268439876 0.420476412778814 0.499831259666388 0.422015177576525 0.407485352114428 0.408953033061402 0.452486596259702 0.442190691415167 0.470083529397306 0.384634011250417 0.468677422217468 0.519604314912645 0.389066029402909 0.353934450488778 0.381730947160743 0.37323873620149 0.376891599209902 0.381127294920667 0.376488573723361 0.445790608331586 0.520686178647389 0.47645593254427 0.528655394852446 0.520159339338312 0.46356595061681 0.542997376845146 0.509079105083342 0.435182921154135 0.462549967133782 0.506020611516291 0.452470856738526 0.444405742579707 0.409346258232619 0.495834929078933 0.442918485760487 0.533817112216035 0.391415263447742 0.489574001818915 0.420568621151483 0.56733238155428 0.556789708671694 0.52007106799783 0.550228073433428 0.606485632276694 0.563412425557639 0.56153518062033 0.589398864688758 0.521275690278024 0.541232143000015 0.449846511228276 0.442111441804479 0.384744108590051 0.489398163637542 0.472012562601052 0.542345582908253 0.476060453748401 0.486465090077183 0.538236336044732 0.594642608094647 0.436342117139029
"mahabharata_12-appendix-29_moksadharma" 0.49929431210264 0.469770650511497 0.489791689155742 0.43367931326594 0.438770547130021 0.470015959301125 0.466202590109556 0.479697301359307 0.490499272757044 0.49920709120229 0.481093226877635 0.460899042633543 0.429918828933738 0.454280338617612 0.469382923649401 0.529234237625369 0.476886003277705 0.507109324371396 0.480152941506066 0.413266831867956 0.497218429599282 0.472346394583546 0.486756891223317 0.503286952965464 0.480747271475925 0.500908257792055 0.435913273731114 0.459147131764133 0.47510053753348 0.491761087371647 0.437669498884025 0.475474447090414 0.608154497328515 0.477723089210805 0.460447502404134 0.465870526976837 0.485560745729727 0.419718795438119 0.491458976823386 0.443874543355193 0.412512794610089 0.459291658346489 0.423187745023336 0.475182068294578 0.472750968721417 0.474679434228123 0.476375291892479 0.461228321782584 0.448554289292579 0.466193863035703 0 0.364682947153454 0.392819213396568 0.430123485580341 0.440245317186656 0.399048567762989 0.459867500801029 0.504665077050165 0.561551334353414 0.522511458585018 0.461116311802451 0.546428941994335 0.473875592923086 0.4565261401358 0.463735215296671 0.486781903501156 0.487115043614325 0.507791562884815 0.434070796097166 0.49558604305902 0.496541869075673 0.44420755612226 0.441708819148013 0.468065399862446 0.46261305426022 0.4746391947014 0.481628371112565 0.445336221788138 0.473247030384243 0.533365003822842 0.488789141888377 0.543171838929115 0.536700495800418 0.490153763444544 0.538631781840285 0.524484141060392 0.463761221298574 0.47081159570636 0.496865321209714 0.48884671038413 0.467542896201004 0.449450486863037 0.491010031540462 0.47296887124566 0.499383065442587 0.446344056760797 0.498296463296413 0.46915800405239 0.575284246896334 0.552492724056793 0.526181272103379 0.582540617540127 0.613575058354969 0.585569709581786 0.567032973467828 0.621060257121247 0.535202152808105 0.558513068670414 0.47838527940204 0.474565984656361 0.408472553547384 0.515199269774426 0.48952280917947 0.55403988134165 0.502986360147003 0.516909338301808 0.562385426453571 0.597968210070676 0.470068795861657
"mahabharata_12-santiparvan" 0.404273927229414 0.349676247196443 0.410761162670745 0.325174788212051 0.316216347343063 0.397652007791006 0.350293117512806 0.36308786505707 0.373049107586644 0.379853389005208 0.411335281611925 0.324126589760016 0.31326153281673 0.35110653217361 0.345531717628959 0.453700531441576 0.350973326225688 0.417531703920425 0.366392561678045 0.25762403994754 0.428959355037427 0.336755322399626 0.380364157073185 0.402958537581833 0.377093083052627 0.424630361843598 0.299684539116604 0.345749939066932 0.376402687063203 0.387142883975643 0.273363104602085 0.366693428700512 0.575859930153551 0.38344738721106 0.368398881450016 0.351293248773813 0.397211271761722 0.223512823431765 0.378152328029671 0.252376008519646 0.199192628567244 0.286949019675274 0.210847973605576 0.330858996411982 0.352617580449157 0.333673838907324 0.334485366039103 0.308346991646787 0.305150909898714 0.326163939288083 0.364682947153454 0 0.173818855882214 0.293631999674125 0.302807522731104 0.203200322152115 0.305210055222499 0.399475287909922 0.4868061162567 0.423774635288431 0.327076195488479 0.467344588233164 0.343070072057163 0.315100293115773 0.328669666726854 0.38366890181957 0.364884224801645 0.405887446678852 0.292208035135545 0.400796825928968 0.445669829607671 0.31207869177298 0.283997802658797 0.338803218927293 0.321190489239694 0.34430805262055 0.348089916596378 0.301902622155226 0.361483710663312 0.458511737375725 0.415756175939143 0.472237244156942 0.474472410826536 0.392167791013661 0.479412546542099 0.449466606614479 0.347476265216376 0.380836720326738 0.421127500360732 0.380338437737287 0.359393853882116 0.313919257520767 0.416790337756139 0.361459203016505 0.467195683871076 0.309279037499747 0.410352557660828 0.348446461858696 0.528812143751502 0.507355734480719 0.455548296477393 0.538170847260204 0.566452540001785 0.530445687942027 0.514651341452538 0.569444490878495 0.486702453926537 0.493549084872349 0.375893827722833 0.369020985469499 0.266389667668608 0.447145910068972 0.39174684911796 0.489383692252164 0.402181328465779 0.438561079973342 0.49789550596105 0.558502127858801 0.353212469654059
"mahabharata_13-anusasanaparvan" 0.404896802995965 0.362068114867879 0.42762033448617 0.343389936788136 0.3318651965855 0.411293474240661 0.360187482691029 0.385514408463374 0.376730507504948 0.381515661957209 0.424691383377517 0.332334688583551 0.345252033956332 0.363458189218469 0.339210306869085 0.449305574027296 0.356806165936758 0.420925614298305 0.368036995953326 0.24550699657058 0.440631400309466 0.33717412112035 0.374506571684978 0.404091267951699 0.379490029892196 0.426230257376269 0.285206046972271 0.354363355690003 0.378876159987955 0.38104003360259 0.270145114659029 0.359211965526834 0.576987703083835 0.388173133253863 0.377189721690749 0.345187319728884 0.397237776565105 0.225929696813796 0.366373260488253 0.261514748484957 0.202180811029143 0.297720789534862 0.23652171657895 0.340898827411387 0.354553279487183 0.347033710244061 0.349808641511909 0.309018440286821 0.31833821814676 0.341466274223822 0.392819213396568 0.173818855882214 0 0.310818067333163 0.287038716250658 0.23217630343367 0.303238790645741 0.397963601731048 0.484127792449471 0.418533890320728 0.330366936834241 0.462455265608967 0.346364124517785 0.315900448663995 0.325588463587789 0.386222490357237 0.36391283077391 0.392038237891053 0.293781452364514 0.397190663062776 0.466453517308288 0.30694150177814 0.295470927138418 0.345698056969745 0.330974953250858 0.354429049947278 0.358122354979589 0.301644445075895 0.36418953323754 0.462360449705855 0.428876203118889 0.474966330589017 0.466558379219095 0.392732876953593 0.484392232773082 0.447798958341457 0.348678361615904 0.399364243489915 0.429597524295082 0.376877870813882 0.368410890387345 0.298462073703741 0.432653809674799 0.34624621009145 0.491388970810556 0.303820314924178 0.407970722440231 0.339557232475563 0.529516039425257 0.521792014313722 0.455685667591909 0.533022244299166 0.559203049682363 0.519396353755209 0.503840677118878 0.561878487992029 0.49410491544394 0.481614492133705 0.364669663307583 0.359226518100695 0.278721173223762 0.446505910924004 0.394821298083909 0.484085829878813 0.403397246237954 0.443649435252488 0.501513424071667 0.56020359953691 0.354018288222194
"mahabharata_13-appendix-15_umamahesvara" 0.430130957079777 0.433159950062763 0.470997520616668 0.408078071165288 0.404550497292564 0.453530569664467 0.430552947920396 0.431402832626336 0.446660569855784 0.457821938439529 0.441791403061538 0.413996387755253 0.390119792033708 0.426394591922154 0.395540145823476 0.495034092974364 0.423465843165785 0.435612801267534 0.413160476338134 0.33347842930663 0.448653268481895 0.391773549505445 0.399311908777926 0.437024222433128 0.395748524148697 0.452922030292341 0.367509390157451 0.419529775252898 0.425989981408905 0.444300838856808 0.373445775025797 0.398797469050007 0.579810159127174 0.427432368764869 0.397358013846238 0.388627110812689 0.42228981720113 0.364226294146351 0.448303411343119 0.388228543914096 0.344323707227762 0.407122213429349 0.36021401488404 0.419736185220373 0.432101674583902 0.422978645985838 0.425117991534686 0.411039798427784 0.398553462913915 0.406544845519441 0.430123485580341 0.293631999674125 0.310818067333163 0 0.348589462437399 0.346818982291321 0.409098987929385 0.468703132550853 0.542625350160187 0.479605386315392 0.398329746155505 0.502138440902405 0.426375772971058 0.394684835639656 0.38341422975197 0.402878139925876 0.397971821996966 0.441012016889892 0.376174441089013 0.432129362157286 0.47346992497577 0.4055211550334 0.3774907636831 0.410384331376387 0.399827198292939 0.411647800766918 0.425821894583425 0.388022173913588 0.405945282914418 0.462701091122197 0.424826025131692 0.493415665546771 0.483677039304825 0.433888643057275 0.488499687295733 0.493893320120363 0.388091496935302 0.41087587810139 0.421403083270937 0.427090228589601 0.39876582125961 0.370934466583587 0.430669366968347 0.419392711108455 0.473649922098035 0.377169931668252 0.446191789409745 0.406291126411081 0.551372539189043 0.524033293027749 0.506216810818124 0.546139318421671 0.587509002434779 0.554451529772431 0.525706011242833 0.609277960645632 0.509807061180122 0.510279771714103 0.416107531363524 0.41889089131186 0.323202195457001 0.488371716275338 0.45615747281913 0.52388427210769 0.436041694627098 0.489989819403753 0.543715007022592 0.586820425170856 0.424968797342111
"mahabharata_14-appendix-04_vaisnavadharma" 0.415712234863635 0.430055361646788 0.469180680439549 0.407310106820101 0.400568184994051 0.458561262270319 0.429339666481792 0.435178676193899 0.439522869638612 0.45458967608941 0.453170190576206 0.407086131765046 0.396283740670556 0.410880206649128 0.382905264151836 0.48817553378906 0.428079517561661 0.462496181898388 0.426945855114871 0.325581974433121 0.466969165678996 0.405052739966704 0.404933775279094 0.428713957882576 0.380613375306962 0.455245794602933 0.378037607753742 0.422650963996741 0.435647028708359 0.442104546139353 0.372395857880422 0.397101732360031 0.576863716037152 0.443942002677375 0.401693216201017 0.390084078386616 0.421811862539588 0.356515572647132 0.43988069527278 0.371244096958144 0.338079269007242 0.39285041869213 0.354870758653755 0.422866339440808 0.425058725965912 0.422922429401801 0.424212712171128 0.398493047107575 0.400298110380338 0.410925473779638 0.440245317186656 0.302807522731104 0.287038716250658 0.348589462437399 0 0.342272586674137 0.402879036819632 0.459429595645643 0.528145965105796 0.474439305442851 0.397760212293658 0.500403826320766 0.422443889830283 0.39210100087612 0.37533665863786 0.408926971426781 0.407646869774589 0.426198436450604 0.36620224965208 0.440980366529788 0.49722434491755 0.404779160705006 0.400133914030571 0.43264260861049 0.417046164288036 0.429900521011185 0.436411421163443 0.39942367559738 0.405488026481283 0.464076732869654 0.438600640887452 0.517760300416609 0.488020747656379 0.452267630272066 0.514624474290024 0.501075736666822 0.406018409561952 0.429431567822424 0.446140617794842 0.430826042483615 0.408404927566708 0.351781358557111 0.454579496249459 0.417635728854653 0.510521587667203 0.386084248908187 0.448688498524806 0.408816784714267 0.551762610795854 0.520641387730464 0.496030045152539 0.552592846141283 0.580390750554106 0.545914011729846 0.52041980429771 0.591438338200506 0.521844979474764 0.504457165275664 0.40960777822603 0.410241836911971 0.332946109132477 0.481186770495723 0.456967493509059 0.503850023491388 0.422478673405905 0.488629052367283 0.536261333021403 0.578019590297348 0.414276287825761
"mahabharata_14-asvamedhikaparvan" 0.430358992526526 0.371524913843837 0.435128631823631 0.359208705787156 0.346081574223264 0.425047859517102 0.380594391265921 0.39583779418002 0.396041005758401 0.397314693681545 0.433140982057818 0.344456604631749 0.357001140770977 0.385240631957766 0.369018175251899 0.466612190667076 0.366719667130439 0.438970600806075 0.388913367656744 0.281671211475313 0.448085065509195 0.359644028454559 0.405994893858168 0.431303797707895 0.407908098967913 0.442776661225928 0.30308979915903 0.338818409995533 0.390495061264314 0.39034387166485 0.276262512239064 0.380772969795994 0.588065618071672 0.400635545524146 0.400233396048011 0.370494135973707 0.413800147047622 0.219007197587028 0.377893832422023 0.25462345089344 0.201114268572426 0.274417415058224 0.224914480568642 0.31793619280969 0.367298219048675 0.318179159393381 0.321215178756967 0.288018470746583 0.299529243632327 0.323548618661647 0.399048567762989 0.203200322152115 0.23217630343367 0.346818982291321 0.342272586674137 0 0.289151507722508 0.374263508567218 0.477887729557718 0.422004698550158 0.353562666677583 0.473022574126923 0.351328977583338 0.337561246958002 0.362676198004398 0.413456146546543 0.391721534163979 0.420194329623264 0.304352918743744 0.420029758711402 0.474516305945593 0.316073029360957 0.298293965342219 0.347212747657963 0.329971314795285 0.353395172363714 0.346267664204453 0.303008585618097 0.388387713059055 0.486604594282486 0.443050014239586 0.489601117934881 0.481828584792746 0.401811253602776 0.499972111401979 0.458474250984016 0.370397909979981 0.410318430813258 0.446284174057959 0.392234442987071 0.39731868283157 0.339939306598171 0.444425823937531 0.373146642693032 0.482585150284422 0.322395664220387 0.425209274981335 0.360971589666231 0.541467221254912 0.517420409945799 0.468537530882096 0.548298782521101 0.572107938122484 0.537104231451681 0.528586017718879 0.56736827465515 0.498689970641111 0.503008891811462 0.396243225675012 0.394115425367367 0.311162025370505 0.450296369414844 0.408155630477732 0.498582789832016 0.423358443435517 0.452381470673459 0.507871429675986 0.563463975315434 0.377507809247093
"mahabharata_15-asramavasikaparvan" 0.483081266042161 0.41460186714416 0.480562956782155 0.42219685022314 0.404865170459112 0.470751941330193 0.43255354482671 0.45053750368438 0.443501619864326 0.433874202770129 0.473569152848595 0.393946051172587 0.422025295296056 0.4339357641646 0.427227528267219 0.50780985461795 0.415810729218757 0.477093347790971 0.435848432732443 0.357924887974217 0.494322413001703 0.412884341549238 0.451578708542575 0.482616407402125 0.466252119167974 0.494906009660876 0.358064013407147 0.393609359128481 0.447147797705575 0.430643654577404 0.336416135219922 0.435268922495788 0.610570270216797 0.454045520031045 0.468074123857468 0.430984936610723 0.466984222970107 0.275482682506688 0.406133504348831 0.271918027747061 0.272497082517167 0.323010409600299 0.27365542996713 0.35508159984061 0.404360057276054 0.361711265907878 0.362748588029426 0.315119761587349 0.349833426419018 0.347446914402513 0.459867500801029 0.305210055222499 0.303238790645741 0.409098987929385 0.402879036819632 0.289151507722508 0 0.401257379784505 0.476798938307984 0.403609548880093 0.400378692525808 0.496866480570235 0.394972629373397 0.384673691496217 0.414571945825357 0.46527915139543 0.44590942119737 0.456586599019449 0.370010684759073 0.475105832111628 0.525506992647031 0.351261834857385 0.337864375228191 0.400411619460813 0.38184842794436 0.396819765645141 0.401177664684482 0.356846373235743 0.444581725660863 0.527507525856149 0.492607231816848 0.535299652296467 0.515886260267751 0.451553316853146 0.545161989822069 0.495360168891026 0.432603214492227 0.468161927780861 0.504465823378742 0.449301831199907 0.450241256901733 0.393897629328976 0.497819788559348 0.423547910721098 0.541903532563418 0.384630724385445 0.473307852132662 0.415096425238961 0.57355954605931 0.565986311730713 0.51256746045904 0.566328801995349 0.596433660987078 0.560244023634509 0.55585606941719 0.574149665564912 0.53172878340485 0.536919735002175 0.449596439311925 0.443546708666032 0.383038909865659 0.496951303984948 0.458137553996755 0.537185879940949 0.46235062364558 0.479406559152708 0.542067397950337 0.585201925051466 0.425345945072172
"mahabharata_16-mausalaparvan" 0.49802290270205 0.453486455207038 0.506649688466245 0.457702488556524 0.448178764136747 0.504226513943557 0.475356042656551 0.485598136394875 0.477999073380772 0.467654988212638 0.495697742113866 0.41948871821569 0.467582578440598 0.466194178801001 0.471735941617909 0.543494008606238 0.459818318391777 0.500292773202177 0.467702181867495 0.412338375386514 0.523102994172942 0.466469803277524 0.490893156980484 0.502677077327778 0.503504443863867 0.518472610276427 0.385012640619957 0.418013560176966 0.481589192243449 0.447685645240686 0.366886872115475 0.469692134959125 0.628026656019798 0.485525075817505 0.49429104284285 0.463359563531119 0.499198154426649 0.361293690888713 0.414316208475666 0.378673006079302 0.363545696071659 0.38854756066281 0.372989192138491 0.397518014172324 0.456095195985295 0.388220017257764 0.39453584052317 0.369995365771946 0.389323466739571 0.409691528034941 0.504665077050165 0.399475287909922 0.397963601731048 0.468703132550853 0.459429595645643 0.374263508567218 0.401257379784505 0 0.508339820511765 0.477083289164351 0.459877919792382 0.523929654016611 0.456399208378425 0.447960181248546 0.455946637592496 0.493904265170729 0.490186112875695 0.487593496377079 0.420202889944401 0.501423915707188 0.536816735620626 0.411480811637787 0.406824885259957 0.42914798523909 0.415625599151014 0.43312765558449 0.42183303937333 0.405481014552001 0.48120982937325 0.54813862257604 0.514468705211127 0.551580832314144 0.540179902046083 0.486668163915866 0.570076906990186 0.51733219009159 0.478703485468802 0.496859964473183 0.5285019263104 0.474569614158035 0.482620224561313 0.448537525082189 0.526400474294631 0.461686220552193 0.562253909018108 0.420663964327368 0.511107944715843 0.439369143245331 0.588819450287152 0.582001095410998 0.527445735441961 0.580248051840967 0.612723590014242 0.584728206179712 0.579298856261957 0.599286749496616 0.554969432663018 0.559896187316561 0.49390472350831 0.48336702485223 0.439432709674001 0.50918857275679 0.497810773460553 0.558847396319897 0.513984341004673 0.50914240213108 0.551620786812644 0.607331143147178 0.472854366881965
"mahabharata_17-mahaprasthanikaparvan" 0.59579394451538 0.552204837116222 0.585676499847963 0.553498016821345 0.544923627087462 0.584456701190656 0.560579827613311 0.564901000305779 0.568765001714359 0.563776232833723 0.587019299728619 0.542609708871005 0.55464116890072 0.563273354281443 0.555265836492823 0.609019665754489 0.55765563364675 0.599461524282613 0.574960250267202 0.514807440564056 0.591653218915099 0.552689856899157 0.579228353710245 0.596552329596398 0.577082141399196 0.596702216112268 0.508089950491397 0.531678343623657 0.563948019210844 0.550157430198905 0.501648285363539 0.563288713780611 0.657936107100321 0.571993587306847 0.575404855674124 0.551598697630034 0.57477571871863 0.468837015550043 0.530573293930364 0.462232249310527 0.464023722212959 0.481034330440877 0.476586650122625 0.512005419423056 0.530145125947352 0.510024894410815 0.511230937991821 0.484721599589513 0.492986775743633 0.500608824191716 0.561551334353414 0.4868061162567 0.484127792449471 0.542625350160187 0.528145965105796 0.477887729557718 0.476798938307984 0.508339820511765 0 0.493297990588925 0.547114010224187 0.597340096603872 0.539198929606242 0.539734930860536 0.555378927273785 0.58686606297668 0.565468358371518 0.572245381081542 0.516158426051789 0.592483221812884 0.626018811408655 0.502801628800091 0.503840433939817 0.532988767951267 0.517920901189012 0.534214011754148 0.532328839208353 0.511504636311361 0.569224872277248 0.616199776590079 0.59940904363537 0.638063557242701 0.590695915665119 0.567572452441953 0.641329921410699 0.581375603240722 0.567830486255575 0.576710055988602 0.60324013969204 0.56525395398636 0.579386473311363 0.52576663561175 0.593687543608847 0.55060724747191 0.615418889741552 0.538207087450472 0.565700871622056 0.547022332503456 0.624145003863039 0.623122044331164 0.593545118011863 0.642657776684844 0.641855351699648 0.630040988492387 0.609482219914691 0.627866609399957 0.616072277320151 0.606054477767893 0.56396127020442 0.565098225843162 0.529646415467325 0.575565240217914 0.564934223198583 0.599412075644788 0.575546109026986 0.597602760768808 0.614976186907754 0.638299827413077 0.556422808336929
"mahabharata_18-svargarohanaparvan" 0.538290786517945 0.493000220910958 0.532505845183204 0.499595129509337 0.48695907495498 0.537792448518883 0.501713090445933 0.514399975669705 0.508515962398801 0.511181835621827 0.533951119374052 0.484408514264219 0.500872232093353 0.504819111004437 0.498154182886459 0.556848180376288 0.49381842691614 0.533234294721849 0.503367534120049 0.450914739191526 0.535567948869879 0.490617507909123 0.508683327945339 0.541459422507223 0.526152631530692 0.542496782062398 0.44521334510115 0.476795002259053 0.497629555043289 0.48267288809144 0.436736999102277 0.502145424910406 0.621620017572994 0.509910408832697 0.52583938055413 0.491017373951394 0.524142665579441 0.409183015744608 0.467192854437503 0.398415729065814 0.401168525358293 0.432370564890899 0.408980501270337 0.4400823865016 0.478645251051407 0.440469728716756 0.440993408508083 0.415366570540041 0.433982582376685 0.4358268439876 0.522511458585018 0.423774635288431 0.418533890320728 0.479605386315392 0.474439305442851 0.422004698550158 0.403609548880093 0.477083289164351 0.493297990588925 0 0.485409349121238 0.54976808554615 0.491615876832114 0.47834668175856 0.488508610199735 0.524762875325712 0.509279587530423 0.510489497265242 0.459246404649841 0.534401754069838 0.573551169873344 0.448247865704161 0.450595141530375 0.479285809256809 0.464788641436768 0.478818497931593 0.477098430529466 0.451470673100038 0.506949798728387 0.567732148575665 0.545736590508964 0.585185006478969 0.554106543424589 0.51447531815324 0.585606800584165 0.544998246212488 0.501730743669298 0.528739799516542 0.555271066546217 0.507052031303662 0.515048224212274 0.458813252420792 0.54458301232483 0.48467750266408 0.577813487459475 0.463117884890622 0.515247958444292 0.490827234645526 0.593972808346731 0.593103483252715 0.548174951888999 0.584401489100534 0.613438501420931 0.578020185640413 0.588965563622952 0.605280877465092 0.558675997185031 0.563048237867417 0.508169520735238 0.498471584581646 0.470700159473748 0.536209859502603 0.520673790164778 0.564637242808845 0.523317528308813 0.552495117998145 0.583061964896922 0.617259594621087 0.509956408477525
"markandeyapurana_adhyaya-1-80_u" 0.367795337085734 0.365158189342204 0.416744303164848 0.377194658862528 0.365484466234677 0.430560031553706 0.343597664379465 0.354758732188038 0.358764582164414 0.346754726195872 0.440525457628692 0.358668738973742 0.383878624083001 0.393851711365106 0.310827420468424 0.431788194930356 0.300088232525369 0.356370636915956 0.3026593589977 0.308684986454397 0.394609418969327 0.295600749626991 0.332254024246358 0.354088213357604 0.333305738141368 0.402894044840701 0.359942710521278 0.412335643400395 0.451222653922603 0.43916689299315 0.337476958375176 0.292877665387128 0.589363309465487 0.35413237970995 0.362277209337053 0.333104248811122 0.369160219831909 0.330094513059372 0.442219928949531 0.376041987467119 0.320812356942967 0.390684940612759 0.358937171195354 0.42020502754605 0.441452690637218 0.415744468616121 0.415623696783981 0.395104244786597 0.398896880735922 0.420476412778814 0.461116311802451 0.327076195488479 0.330366936834241 0.398329746155505 0.397760212293658 0.353562666677583 0.400378692525808 0.459877919792382 0.547114010224187 0.485409349121238 0 0.404872274689429 0.275895970073534 0.114382966850139 0.280192325434014 0.331870861969749 0.319875875852581 0.375485317890425 0.321774697320677 0.361082903585462 0.42051255724111 0.382546485115442 0.360316702879949 0.395889352179316 0.391633863084981 0.398450138793618 0.418469369395484 0.371468574260558 0.329789369009366 0.432222210886083 0.421943387707723 0.427825513240469 0.452704994598357 0.35194380877622 0.451923870055652 0.430001265606934 0.318305646717796 0.354617986207106 0.410880328862958 0.369083908216497 0.304779871883153 0.326643853067607 0.401708093696338 0.339701736768009 0.482175385237815 0.307778697579333 0.385118226704704 0.298797494517078 0.517343835882974 0.512309945917637 0.427918138896941 0.486162411344839 0.547324360867942 0.501113199243687 0.503794398953114 0.534695807715429 0.45677268574913 0.456716918891219 0.332936294175322 0.315399609802631 0.331538483977937 0.466954878337679 0.35373615159078 0.452369148329839 0.368921899302529 0.392365787902626 0.472338330183159 0.541702614090621 0.291739342590241
"markandeyapurana_adhyaya-81-93_devimahatmya_u" 0.468023457063588 0.478081979300854 0.508470003983833 0.487220402476239 0.482181035044138 0.518453566740105 0.447122996568842 0.46414358599996 0.44446844848457 0.468087801966895 0.518348643363557 0.465739084594416 0.492882950671721 0.494443838876928 0.430442478809693 0.503488147674679 0.420756074391263 0.411925088568838 0.396265680054908 0.445253072355098 0.473903637623298 0.416441922653615 0.425899585291096 0.457324558936238 0.46329003157966 0.48498450311929 0.442045571690856 0.476278363803399 0.515993204844973 0.459400712588308 0.435942806722105 0.406499572628698 0.615804941011143 0.442734484014791 0.4744599332868 0.437023099644256 0.458006366443789 0.461445662528307 0.490065327291057 0.477317673246482 0.449719399814431 0.48164145654817 0.475256637171734 0.478098146377886 0.513440013424953 0.476001113262458 0.473027289174262 0.465889502796453 0.476755192250578 0.499831259666388 0.546428941994335 0.467344588233164 0.462455265608967 0.502138440902405 0.500403826320766 0.473022574126923 0.496866480570235 0.523929654016611 0.597340096603872 0.54976808554615 0.404872274689429 0 0.424223731120619 0.361869868350378 0.405452508975418 0.44255973683673 0.456325415066909 0.476823079297547 0.450268364859478 0.473860123451415 0.513651684817178 0.482015578925825 0.483380661336319 0.4797605754321 0.486703670720884 0.47955356071326 0.471025208081059 0.467122671979207 0.431408016366489 0.517260333506609 0.526914001012627 0.512606213009087 0.531997994083378 0.434286624620128 0.532737854764392 0.493110647706945 0.420651731657451 0.456616621252534 0.505409132319328 0.445978475857356 0.432393043187768 0.445952910837894 0.494546227441664 0.43972832159353 0.556283332672146 0.401206521640144 0.490081971464524 0.397802007272141 0.569968975759529 0.577690953781145 0.507087299161633 0.539538112095316 0.595048296045522 0.540768970709115 0.57084829628045 0.589282135134844 0.51108475074606 0.521993543145925 0.43178196572362 0.434901930360888 0.460220991163702 0.519950844759378 0.462921506749864 0.532185072365083 0.477367812750221 0.490077541073302 0.526090079062649 0.591036252009211 0.433845871080495
"markandeyapurana_adhyaya-94-141_u" 0.435593738935571 0.387819827670309 0.43729913054551 0.409431929815714 0.391097575084648 0.467449918086986 0.389339190891305 0.40148940376627 0.398722207599638 0.380170836325088 0.465792387641536 0.387719544540291 0.416339810266421 0.420071407372996 0.361562858356694 0.469822726813375 0.347156030317357 0.418253451475662 0.36762015072231 0.334573504234234 0.438577813176079 0.343953865182407 0.397421738432562 0.42022486996948 0.399977863665178 0.446411577082913 0.375918614754412 0.411663208295883 0.465917750262791 0.450626945831488 0.358299515437142 0.350912995900968 0.602198468692046 0.396062665487598 0.405989989781282 0.385076883344963 0.421432713417416 0.328004434661571 0.44955190244175 0.379874187331892 0.330730916124354 0.390963153441306 0.360440308044515 0.423654501711056 0.435339258159303 0.421912093259508 0.421253681916895 0.396671079560171 0.405187159169217 0.422015177576525 0.473875592923086 0.343070072057163 0.346364124517785 0.426375772971058 0.422443889830283 0.351328977583338 0.394972629373397 0.456399208378425 0.539198929606242 0.491615876832114 0.275895970073534 0.424223731120619 0 0.202450061217442 0.357257844104652 0.398822115068196 0.369345195776651 0.407826924665833 0.340716095728197 0.412057196153249 0.470624833413679 0.382871599785543 0.369861564897097 0.402344889727172 0.401142043956537 0.412071104019139 0.42538090173656 0.374162523158321 0.381438382482977 0.477435035435828 0.468512234786015 0.479702052487705 0.47304762871634 0.38644181419729 0.502819825051641 0.440150646873985 0.369595536942005 0.40264758571932 0.456407124854048 0.390075659699601 0.380523763430378 0.359409961382438 0.444107395401193 0.375721955535281 0.499967343885685 0.334726293286006 0.419652943479463 0.353345385597975 0.543693293301767 0.54472403023818 0.464981789749053 0.534127311082386 0.568009793935689 0.533260689261317 0.529325914982448 0.55164288538712 0.493154161757798 0.493499555423916 0.373873538537999 0.387651877489571 0.357987264074476 0.467067044330961 0.376541295341395 0.472178578745976 0.415681246743363 0.431169812731875 0.493653169523423 0.551160884323901 0.344341526604958
"markandeyapurana" 0.369620488184676 0.357266699040527 0.411427226717209 0.371005996639366 0.356550812124387 0.427645013147458 0.336319433853968 0.352968436702238 0.348938852982391 0.340703849756216 0.436867370166556 0.346533421052529 0.380930675469514 0.386740489485908 0.300263712307683 0.430161886504004 0.287914259626651 0.348182456933925 0.290943284579187 0.292781154916041 0.39171968971855 0.28121138057013 0.326382751509847 0.353437816716144 0.337696271634124 0.40049138144258 0.341488345049147 0.393940319046403 0.440580666952565 0.420479916869147 0.316894802733927 0.281307826985468 0.586024538493813 0.345243010570481 0.359643011824617 0.326699163035008 0.365780016811144 0.309148175010715 0.424818055766102 0.358383268268704 0.301199796685627 0.37493905855549 0.342147710790798 0.403037107728968 0.426631521025801 0.398658241816365 0.398557117366523 0.377188358828627 0.384680391558891 0.407485352114428 0.4565261401358 0.315100293115773 0.315900448663995 0.394684835639656 0.39210100087612 0.337561246958002 0.384673691496217 0.447960181248546 0.539734930860536 0.47834668175856 0.114382966850139 0.361869868350378 0.202450061217442 0 0.272406823257725 0.330157319087461 0.314893859418425 0.368083024722639 0.304929736645843 0.353164304033604 0.422772849250695 0.365977843471183 0.349243615788285 0.38053749753807 0.378615973767777 0.385764713901017 0.40190502132814 0.351692449296795 0.320515455138967 0.432492208222668 0.424884232126265 0.426073336419336 0.450824502386887 0.337848908519473 0.453471984755591 0.417159628795864 0.3055010326759 0.350921714389622 0.411595241543942 0.352185616885302 0.302956020082953 0.312816808955049 0.401605077698134 0.328636521636629 0.481418515252456 0.282634187514755 0.382787560131589 0.284797845874576 0.518591959532865 0.516280281752579 0.426576504121807 0.48907515566829 0.547914429408026 0.501060633323396 0.506625899586981 0.533231495889035 0.454282896745448 0.456236148479333 0.31893335823732 0.31495576216358 0.318852990590098 0.453200124916918 0.342266007512853 0.449865218367424 0.367866965878961 0.388658292020947 0.463947027722609 0.539427810804788 0.281981273521464
"matsyapurana_pu" 0.294730768524302 0.367048537624842 0.421948223171763 0.385178624408515 0.367332166432006 0.413352231160667 0.34625107756171 0.359125993497426 0.340192210435128 0.361582883485156 0.441867362723753 0.351222728731923 0.389670302138019 0.379481832940886 0.262200521142308 0.402663516675974 0.29704137042122 0.293965839021021 0.248739388236347 0.306177852388836 0.388506678202111 0.289750897702634 0.268079986992358 0.297886061836302 0.322737297711895 0.387250479797659 0.333700559986834 0.396499740433977 0.415668733556896 0.370074072468618 0.310680129600257 0.269089189794383 0.571613082437582 0.347280994014733 0.359230131675615 0.284687949293388 0.318110419293757 0.336709312283102 0.410308509332705 0.369340611798163 0.322595876010858 0.379042928448447 0.360877140469317 0.386770979995195 0.427984109178187 0.383148091243899 0.382426804438095 0.374313862514471 0.387863107768711 0.408953033061402 0.463735215296671 0.328669666726854 0.325588463587789 0.38341422975197 0.37533665863786 0.362676198004398 0.414571945825357 0.455946637592496 0.555378927273785 0.488508610199735 0.280192325434014 0.405452508975418 0.357257844104652 0.272406823257725 0 0.268912292083713 0.334484730717412 0.342466010021934 0.330544020922572 0.338515494161774 0.408494269403276 0.382644084545063 0.376632844259009 0.389853099899435 0.375182291226378 0.382674975605022 0.384268487968642 0.362363874831999 0.288668702371105 0.403263385644853 0.385781644765398 0.398707495205391 0.456080969519484 0.346273381220923 0.419495614462903 0.431195548097272 0.295806630178785 0.32270852689919 0.37810874804529 0.334525512535801 0.283768796237855 0.307185173961622 0.389750786870965 0.3308925936355 0.474104578759058 0.25984057889516 0.39538339031897 0.27554524184274 0.50377195735518 0.503331305307192 0.413324179113448 0.44185359477325 0.537174844061315 0.477111258762808 0.485804655566301 0.527561470182311 0.428286707812932 0.442285270923747 0.323180265577371 0.25310429879391 0.341482877183247 0.451310752147839 0.370984659056641 0.468770976665488 0.379269820710703 0.403398360550131 0.466510263999819 0.554907281049971 0.30798296706141
"naradapurana_khanda-1_u" 0.249969964009485 0.392738584880902 0.428780642365436 0.400521945014675 0.388031770091475 0.441567506388418 0.371498772912547 0.37622182493993 0.374047784948542 0.38638083400877 0.462115162766985 0.380571023347913 0.402194379611991 0.398968596647468 0.255398201233467 0.436214899138011 0.309293443498071 0.297701577808773 0.264513577725435 0.346407988335348 0.368151585584506 0.300795877028121 0.291005864405229 0.261900958832248 0.321276289344866 0.375632204078759 0.382150800630619 0.42837505047382 0.450423323482426 0.436621657078866 0.37787754175269 0.285935606722367 0.565774787572208 0.352006378737072 0.345752322587389 0.301373423566369 0.297088156529321 0.400826295496819 0.457569713999597 0.430964192773198 0.390700815571223 0.442268983901726 0.416847039179305 0.446374753938008 0.467311865145362 0.439147217519001 0.439330052190099 0.433744512000115 0.443140958734261 0.452486596259702 0.486781903501156 0.38366890181957 0.386222490357237 0.402878139925876 0.408926971426781 0.413456146546543 0.46527915139543 0.493904265170729 0.58686606297668 0.524762875325712 0.331870861969749 0.44255973683673 0.398822115068196 0.330157319087461 0.268912292083713 0 0.318728921924313 0.381559894184627 0.35479085397626 0.332218861922511 0.384727997485584 0.423372737459221 0.416980417265886 0.426585531583475 0.424408398756646 0.426059390203229 0.430660947620574 0.412058746997061 0.303840183103784 0.386200484274248 0.375974355567989 0.401489597247672 0.473433628362878 0.360327133911452 0.422444172275778 0.444516708244815 0.310465210643412 0.298465539017969 0.336521563784978 0.359394416184801 0.281026662593967 0.358104506770295 0.369686852740607 0.376761729140058 0.463634824436481 0.337355561037039 0.425622686746897 0.310484849323793 0.538123726632636 0.519525756056872 0.458997302331706 0.476540739314149 0.570097768081627 0.523519769097818 0.514809330932377 0.572928687622707 0.453609623172758 0.433424333332441 0.345397545268122 0.316494958525391 0.35508762044155 0.469061887126868 0.40984103148409 0.485609092242729 0.385374958955923 0.421691538307541 0.49194734400534 0.561374309218361 0.340220532996981
"naradapurana_khanda-2_u" 0.371286107568575 0.400921699628661 0.444822891762022 0.406323045145389 0.392458907967423 0.457781086357964 0.38469269272691 0.389455806616259 0.392077542752496 0.388252354413109 0.462727078638432 0.395638029397833 0.413095023939642 0.430151179918915 0.287891477750678 0.470778797723969 0.331873840533819 0.378193282500754 0.335548112888498 0.32497060158147 0.408640901947539 0.28055140113901 0.337861513147738 0.370985991810577 0.337195077051642 0.383659100983315 0.369710333460625 0.423460078814072 0.469106194920045 0.464908217614164 0.367960774657547 0.326442611278378 0.574731293949212 0.366616170749777 0.366729986895134 0.341206441256811 0.363081962158069 0.383150412831327 0.459185594445427 0.415844647854354 0.369353638351944 0.427300641141735 0.394489690269372 0.456920803819281 0.465314344233707 0.453749399271456 0.456290112875893 0.436813545284113 0.434967594039367 0.442190691415167 0.487115043614325 0.364884224801645 0.36391283077391 0.397971821996966 0.407646869774589 0.391721534163979 0.44590942119737 0.490186112875695 0.565468358371518 0.509279587530423 0.319875875852581 0.456325415066909 0.369345195776651 0.314893859418425 0.334484730717412 0.318728921924313 0 0.388122668167524 0.332651166525856 0.351159580551255 0.441120677191567 0.405432824978892 0.375903420447304 0.402988856059545 0.410481160704216 0.411458396560642 0.435675229267821 0.386177567223592 0.333951823022165 0.439500610111446 0.436000206698897 0.438256407108112 0.459534032530638 0.344300411005205 0.464863431834202 0.444200093735853 0.333009937551339 0.372635007108529 0.396584214416726 0.380747935917182 0.311641920659601 0.348722846380477 0.40222035831454 0.375825528355782 0.490577685271251 0.350958386948346 0.408967458333892 0.316520290163309 0.554237371559597 0.525056251487687 0.476585958286163 0.519393805687067 0.576195145751325 0.54483341125276 0.528197773530289 0.572180393355711 0.486509633743424 0.443977862128344 0.339669112333085 0.366232380788252 0.348913248940112 0.479876468375444 0.411267110997427 0.493362508269279 0.402928407490736 0.44216130428498 0.492419930458599 0.564085336129613 0.361967980969714
"nilamatapurana_au" 0.406998852279366 0.451902192214718 0.486468149697894 0.464585423162934 0.44928968581401 0.493648231450219 0.439126768529665 0.451004481454664 0.432215583128341 0.443609566126302 0.497116300447086 0.438844862116626 0.465316344832749 0.461362008817598 0.345415431212548 0.482732661412737 0.398692706387834 0.423146263145689 0.391417938256188 0.351963665988194 0.440528476350461 0.359608211470523 0.365761473503972 0.407662265982552 0.406633938170699 0.431403679368715 0.393332736006633 0.438520301336807 0.486505322078406 0.467219507009152 0.397490232886269 0.348003247565578 0.581295650005088 0.416182030245627 0.415349969712838 0.375732032266333 0.394395294163095 0.401130235631568 0.466819506061811 0.435757929892551 0.395616042643693 0.442277527488946 0.427736355146218 0.463959360676911 0.475545343659541 0.457819609904426 0.456917370111465 0.438557302266691 0.457694688537633 0.470083529397306 0.507791562884815 0.405887446678852 0.392038237891053 0.441012016889892 0.426198436450604 0.420194329623264 0.456586599019449 0.487593496377079 0.572245381081542 0.510489497265242 0.375485317890425 0.476823079297547 0.407826924665833 0.368083024722639 0.342466010021934 0.381559894184627 0.388122668167524 0 0.382510355873014 0.415984406553064 0.482050374174146 0.428873155433924 0.428526880660969 0.442148415367699 0.436835858484184 0.448843228732418 0.456538762457201 0.41898162617227 0.379127669486531 0.45462182671292 0.453271884413668 0.487569243529137 0.4492887701924 0.400320809318039 0.496163419397284 0.455926542764517 0.387305728587813 0.409684864791228 0.436320714172338 0.394365817565175 0.373266133713304 0.361796313064028 0.454042414834216 0.396660586109281 0.520027061972776 0.357555436128376 0.417391548341976 0.366315848249224 0.561919056363417 0.551170758737777 0.486449693615106 0.504289688780655 0.581975627493629 0.537190435270206 0.522515577588932 0.577913897631346 0.505232372999603 0.472260834876603 0.371459977896178 0.378424298720699 0.407299954998268 0.47581174569443 0.449026131594937 0.512405796614009 0.444972680023892 0.478072701057277 0.521731656511985 0.592087551184534 0.410335354551438
"nrsimhapurana_pu" 0.378659527829645 0.373347516935701 0.419232629235061 0.35041581322243 0.335145258480021 0.410568865836389 0.364240666777624 0.382351247400629 0.365771688072113 0.371770110325741 0.419370640222649 0.320127380855736 0.359111943057533 0.364175039807989 0.312411220014555 0.478953319297478 0.320817758362454 0.392283983002204 0.340180173611917 0.242486707859986 0.421811340404245 0.30096881149375 0.363887428504514 0.377722039360456 0.378436342018379 0.405115181739485 0.306483229168806 0.324192469883018 0.421033889915537 0.401439869559325 0.288235914930226 0.32076832225822 0.57087552769993 0.35426394841736 0.367028652942977 0.334997763850724 0.372310696700019 0.286098869376337 0.37713907438483 0.330117240964936 0.264951532510551 0.347528805560926 0.316229187274281 0.377539109048966 0.404608571391615 0.368747096944115 0.370699383064538 0.347089352373668 0.359188626240716 0.384634011250417 0.434070796097166 0.292208035135545 0.293781452364514 0.376174441089013 0.36620224965208 0.304352918743744 0.370010684759073 0.420202889944401 0.516158426051789 0.459246404649841 0.321774697320677 0.450268364859478 0.340716095728197 0.304929736645843 0.330544020922572 0.35479085397626 0.332651166525856 0.382510355873014 0 0.351554916196524 0.451942615770582 0.307233225405357 0.293845428579808 0.311217012468777 0.321818336340273 0.330457681780779 0.337478973441731 0.279607969356485 0.342316335697722 0.453660142514821 0.424230995367163 0.457284432023947 0.454478198928037 0.349167007274713 0.482724101826116 0.414099498637467 0.336618313570579 0.380849756302919 0.420598688209677 0.354003338792977 0.337950113827137 0.303648110311666 0.425728916708688 0.36171900335791 0.491016045650909 0.308689081259208 0.392457269381302 0.299034167445422 0.551750613287373 0.532775691010996 0.461797734826939 0.532418131520711 0.578424528294032 0.538852172084692 0.533886560140956 0.5647429673626 0.490644580691874 0.461736109497514 0.344350010853355 0.365024011998078 0.290914027461993 0.422219189290921 0.389205696371392 0.484675157738373 0.415065128465025 0.434331453602985 0.484013550005997 0.560037885539272 0.346799569651036
"padmapurana_a" 0.381706462161832 0.404254874168442 0.449057881782757 0.41067414377383 0.400147480710385 0.437341353590545 0.393171586391181 0.398175783319393 0.386550699876194 0.406319893478767 0.465482966475167 0.38763680123757 0.42382363660645 0.423903691016896 0.325310990882132 0.487506149374332 0.333944274250842 0.373417371169491 0.329623730032214 0.351861014226847 0.421646574719768 0.32180984078659 0.380850491181948 0.37576414505082 0.384564121208816 0.42730530934891 0.395157059913706 0.43627846310037 0.477196822656271 0.44963931413814 0.385962159626557 0.344329497708003 0.592743755612047 0.375251072292887 0.382059807608512 0.352562898522846 0.388067235691193 0.403284136458098 0.466869281199741 0.436523051260394 0.391479395221654 0.454808851816595 0.426902148641876 0.464123171210456 0.476622110812579 0.458158335860165 0.458763878198682 0.449492113664892 0.447630116063219 0.468677422217468 0.49558604305902 0.400796825928968 0.397190663062776 0.432129362157286 0.440980366529788 0.420029758711402 0.475105832111628 0.501423915707188 0.592483221812884 0.534401754069838 0.361082903585462 0.473860123451415 0.412057196153249 0.353164304033604 0.338515494161774 0.332218861922511 0.351159580551255 0.415984406553064 0.351554916196524 0 0.419638935644609 0.421311618674086 0.417153503999151 0.426693581500184 0.431597086862786 0.430921842737195 0.442088350221889 0.405422313310606 0.344614667334813 0.441024634242342 0.415472801596981 0.313650341933557 0.488215983056096 0.365677237620122 0.360619114758895 0.455340876504093 0.348665411859287 0.373323715497125 0.396077015318577 0.391727294523398 0.330822877985392 0.373281318812192 0.425733649783525 0.38550685326803 0.511238594187775 0.357817922510331 0.43031851708477 0.3423898227601 0.559223573440506 0.548780634924765 0.489860304929503 0.506171771127439 0.595908956247001 0.560513118020066 0.545453825574774 0.591421449658607 0.485100476979096 0.469205945250787 0.368004340820662 0.369550222633882 0.382719590511888 0.485374513920529 0.421502239048161 0.51232579690544 0.424652315672961 0.420520982073214 0.505679643715155 0.57264576628126 0.354131330944289
"pranavakalpa" 0.419591485278668 0.441998952960664 0.450994604161075 0.439778407490929 0.441234680898778 0.447198825541987 0.428230247292586 0.4255729474387 0.429102228936448 0.444634766743403 0.474910886153144 0.452537787318859 0.446061650092294 0.454749943806015 0.417814980515017 0.492325802402779 0.411823643540673 0.40938233285276 0.392443353347737 0.454355692310724 0.418656907655419 0.424069373877196 0.421502883974535 0.416467680308175 0.438294837651275 0.446290785366757 0.469193808126076 0.490689254001218 0.495830705192641 0.496989914778375 0.462310500692699 0.415045358150494 0.604131714402139 0.415673150367522 0.412978404314174 0.409490548187035 0.419737588618781 0.472955744541339 0.515759983236707 0.497147259943746 0.469355506339685 0.503592783703909 0.482632987941149 0.512345477872425 0.529604108398682 0.508062431277311 0.51063973940586 0.510617041206169 0.503088683227682 0.519604314912645 0.496541869075673 0.445669829607671 0.466453517308288 0.47346992497577 0.49722434491755 0.474516305945593 0.525506992647031 0.536816735620626 0.626018811408655 0.573551169873344 0.42051255724111 0.513651684817178 0.470624833413679 0.422772849250695 0.408494269403276 0.384727997485584 0.441120677191567 0.482050374174146 0.451942615770582 0.419638935644609 0 0.490401740427104 0.489492271451293 0.493150992454391 0.488102296051058 0.497116941604783 0.501951456395748 0.485684049454101 0.400679235135211 0.468319487898024 0.443978944902658 0.462115485084619 0.532168776914941 0.440432239776341 0.462809095487291 0.493022463448899 0.412447019469463 0.38433566233914 0.419464535300149 0.450651244170892 0.361739114076811 0.456920383831611 0.393929671261387 0.446751541883531 0.483719447532181 0.422572371416457 0.475215600521688 0.427246325610374 0.552862448596078 0.525041750178997 0.492630602098369 0.53761623847656 0.590577956297484 0.56260896066499 0.546609843286234 0.612608290438947 0.492984385452965 0.50062199864554 0.45236442966175 0.414397825888001 0.4402515027708 0.531721767871035 0.45160486602309 0.536564162686222 0.470686036510855 0.458369800945278 0.523982118441525 0.58555191177476 0.411875678712852
"ramayana_01-balakanda" 0.438970493881046 0.406976937939251 0.456786174214196 0.390664527432631 0.372150684992213 0.445947715786614 0.410341975262131 0.432672666334085 0.415276181472241 0.393057865209759 0.461138783083417 0.362089801973956 0.413314996139179 0.406378185469796 0.38731559667167 0.490206735931034 0.36402894460669 0.430791705635482 0.385675946391926 0.311110946036462 0.466409063586649 0.375446618215783 0.41652964129821 0.440560191090533 0.44668088372527 0.472094543349424 0.317564709424882 0.360765441802588 0.427582320893178 0.389117176285756 0.29661989492041 0.385048517155434 0.60113344419111 0.406240278435529 0.42978914716069 0.385483377451735 0.426416516332907 0.275218196747082 0.377393377270096 0.323108200932979 0.266380851832227 0.337093707808709 0.314810930336542 0.36922425184805 0.391852013717648 0.361431248493213 0.367941558788593 0.330014914533151 0.348634929943472 0.389066029402909 0.44420755612226 0.31207869177298 0.30694150177814 0.4055211550334 0.404779160705006 0.316073029360957 0.351261834857385 0.411480811637787 0.502801628800091 0.448247865704161 0.382546485115442 0.482015578925825 0.382871599785543 0.365977843471183 0.382644084545063 0.423372737459221 0.405432824978892 0.428873155433924 0.307233225405357 0.421311618674086 0.490401740427104 0 0.275557738869625 0.306303338848093 0.301495104512678 0.316315203137226 0.316944732723451 0.259667007030726 0.396399859944965 0.495515133743095 0.468976085939964 0.497717367067127 0.495026815436759 0.403354047900705 0.50930188815442 0.448857384060426 0.396552617404679 0.423374743112145 0.470552303595565 0.406926860328456 0.408156346742048 0.357773737009432 0.467110642966778 0.384624885376008 0.519637948137594 0.339612539048734 0.436545211150637 0.348543942960263 0.565684426974936 0.553860367772606 0.48338141259783 0.53733664060302 0.584019346093778 0.540843631396386 0.548451381830933 0.571497433851166 0.512312407058195 0.503573766549117 0.412699167939576 0.403883918905815 0.355093679056782 0.469791896584105 0.434243164723089 0.516399946081305 0.457142719368481 0.452903528853573 0.522125933772258 0.580959718210782 0.397419665371152
"ramayana_02-ayodhyakanda_a" 0.431507593437875 0.389832024136103 0.454121857071338 0.373194126593951 0.353002375518597 0.433479295269757 0.40044541055538 0.419106257945623 0.409222404960942 0.392334874727475 0.430485474875917 0.3416110484727 0.389005342617565 0.399010926093997 0.382451643523476 0.501838135286943 0.368102332721646 0.432361700763649 0.388156434584288 0.31118736551284 0.457686900698451 0.364168082648303 0.410487003882527 0.430777667992964 0.427396907110472 0.463340709362362 0.312093929020083 0.374654805563999 0.435510241515686 0.414939650076686 0.287962794139359 0.383774682996455 0.591290010029545 0.41704720085223 0.428430059666492 0.396490804747438 0.434952559756644 0.269092611896829 0.403578501272943 0.306130270680929 0.244440800733893 0.314927435599339 0.286097037547223 0.359433111403103 0.400566293141032 0.352113000962803 0.358485664367994 0.335630734039257 0.341100262449849 0.353934450488778 0.441708819148013 0.283997802658797 0.295470927138418 0.3774907636831 0.400133914030571 0.298293965342219 0.337864375228191 0.406824885259957 0.503840433939817 0.450595141530375 0.360316702879949 0.483380661336319 0.369861564897097 0.349243615788285 0.376632844259009 0.416980417265886 0.375903420447304 0.428526880660969 0.293845428579808 0.417153503999151 0.489492271451293 0.275557738869625 0 0.258598852842804 0.272135848277641 0.281741694098054 0.305406446536335 0.267824440684455 0.406803276132019 0.491056128299012 0.455677621063648 0.495922536432732 0.490837689622475 0.409434564637773 0.516582449902703 0.467640122982987 0.390676420627336 0.418733822351013 0.46732750007479 0.410236023738213 0.392113399610234 0.366595748199748 0.464650190423705 0.389163586513307 0.516307622454597 0.342898435931737 0.446098531836038 0.356190015249517 0.567697268097301 0.551607484823858 0.490452784696582 0.537141408211991 0.590553148729421 0.55829720105081 0.55056567949323 0.575937380557368 0.514217221487462 0.50573528873088 0.410099044585379 0.406296244134514 0.346405120471722 0.474758166230962 0.43317901697052 0.520758257614767 0.450406823339371 0.458585123565574 0.52016008564598 0.58398780154621 0.397230774584166
"ramayana_03-aranyakanda_a" 0.435724916021281 0.414552007924986 0.46133011908155 0.390989096792414 0.378779449921802 0.441558166500251 0.418803290238601 0.432753704244944 0.41883024606018 0.420027403813735 0.447538817234271 0.367161660920594 0.411320262652491 0.420908892839967 0.402514653496694 0.52400962799382 0.385997158824399 0.43206943439681 0.397881719507572 0.344290479980099 0.475488821215235 0.390382986871534 0.421740258098536 0.442072028216274 0.447679229942025 0.475125676023449 0.337124446296595 0.376218457210393 0.438384963493159 0.401502788511623 0.302784198817451 0.39889490388516 0.609535376911414 0.423094371128891 0.439634706274949 0.410654100310381 0.439107481532912 0.31776177905062 0.409109986748013 0.357964712740135 0.287250688260796 0.345042746231185 0.343408268517575 0.372394689839355 0.429978621606948 0.361852008712685 0.369599660993055 0.353577603393216 0.362220448383438 0.381730947160743 0.468065399862446 0.338803218927293 0.345698056969745 0.410384331376387 0.43264260861049 0.347212747657963 0.400411619460813 0.42914798523909 0.532988767951267 0.479285809256809 0.395889352179316 0.4797605754321 0.402344889727172 0.38053749753807 0.389853099899435 0.426585531583475 0.402988856059545 0.442148415367699 0.311217012468777 0.426693581500184 0.493150992454391 0.306303338848093 0.258598852842804 0 0.267088328478626 0.251053936416329 0.254480304744604 0.265242167388448 0.421892498519205 0.501818321340175 0.469096129334896 0.499780447646244 0.502042843218245 0.421109207109887 0.521115541531581 0.475354685302484 0.410392400914293 0.430235994372479 0.479451309023919 0.412468328345995 0.404155846790142 0.389712828576706 0.470578142731499 0.409931859174969 0.522805635986763 0.351837663468316 0.453385343366433 0.365720435877539 0.578594343226296 0.560257495758984 0.502209358464477 0.536213017436666 0.608051715942274 0.55969190842055 0.570749374261134 0.591538442506242 0.519031652620047 0.520070832051797 0.42406617627314 0.424620545054891 0.372504148175477 0.472651567316835 0.453156636349503 0.525672615689511 0.476300580893687 0.479947887754479 0.518243458539875 0.59714284660846 0.422459266275293
"ramayana_04-kiskindhakanda" 0.436941911873149 0.413188542618202 0.455329395644491 0.393595703973998 0.378205456191957 0.438826157350995 0.415125065255242 0.432480893583635 0.411317757171411 0.412258866631322 0.446551668633492 0.364086374407098 0.407699383365872 0.417222161414962 0.402975100112986 0.504222380567937 0.376333420029394 0.425802720021317 0.387933674054055 0.337429906188055 0.472351430780614 0.390312111127728 0.417224536109626 0.440200849584183 0.451520248064379 0.470369080987152 0.321269065691538 0.372354932883291 0.423626219684147 0.374401441569865 0.283436487699885 0.39835205201338 0.602248715906014 0.416447369018863 0.439389073899341 0.396142165841355 0.435353840671661 0.306523259075143 0.39070780809424 0.337215484927345 0.278573782419301 0.337590687284364 0.323241862220513 0.36000141058289 0.410147467635718 0.351480214438606 0.358692952512511 0.33865445377985 0.346729675111992 0.37323873620149 0.46261305426022 0.321190489239694 0.330974953250858 0.399827198292939 0.417046164288036 0.329971314795285 0.38184842794436 0.415625599151014 0.517920901189012 0.464788641436768 0.391633863084981 0.486703670720884 0.401142043956537 0.378615973767777 0.375182291226378 0.424408398756646 0.410481160704216 0.436835858484184 0.321818336340273 0.431597086862786 0.488102296051058 0.301495104512678 0.272135848277641 0.267088328478626 0 0.252533052818491 0.255257478577898 0.269746985911815 0.411468583597194 0.490393448261887 0.456644080079276 0.500617036854577 0.506053480978382 0.417703464919737 0.510948339421429 0.464106109356433 0.40588878146762 0.426612903676551 0.482839915453357 0.415959235299128 0.407922651068449 0.380193575774215 0.467804464983067 0.404383180268381 0.51455151723922 0.337626248961264 0.447104050939855 0.364086407287978 0.570661773554515 0.554315350784528 0.489040272983894 0.516038602720386 0.597707000611681 0.550656030993005 0.562910752526801 0.582311609728914 0.507627413484779 0.518832177185355 0.42473752687315 0.407683551572328 0.369174830506152 0.47312536381462 0.44258518418748 0.523024864508634 0.467751535452582 0.476787466017391 0.518285727901646 0.592028730483637 0.419320757831638
"ramayana_05-sundarakanda" 0.439043460740172 0.420439499627803 0.468297079841461 0.394783169848297 0.380750916533242 0.443471307601073 0.423868726005161 0.442980072204723 0.416812762833726 0.423195656405702 0.441333274996216 0.361579358444394 0.410331277990648 0.422164948035505 0.410791755400574 0.522784036025747 0.388204827858917 0.420554686739838 0.391000134582304 0.352831921046664 0.475938859051832 0.395383382284438 0.419147731939214 0.443212993321608 0.460630047165107 0.475623785940281 0.335120374616011 0.389989690330389 0.438708274297766 0.384574639487075 0.29774067225665 0.404385495691869 0.612118552411918 0.43219688358218 0.459075138332386 0.413214644924411 0.441031855178653 0.321945339673601 0.407448523955612 0.356322964733785 0.291191839052175 0.346062893232918 0.344925446352949 0.375304599663625 0.431243513755048 0.362865816363329 0.370362519645805 0.359858777441038 0.361714527279576 0.376891599209902 0.4746391947014 0.34430805262055 0.354429049947278 0.411647800766918 0.429900521011185 0.353395172363714 0.396819765645141 0.43312765558449 0.534214011754148 0.478818497931593 0.398450138793618 0.47955356071326 0.412071104019139 0.385764713901017 0.382674975605022 0.426059390203229 0.411458396560642 0.448843228732418 0.330457681780779 0.430921842737195 0.497116941604783 0.316315203137226 0.281741694098054 0.251053936416329 0.252533052818491 0 0.249560249484824 0.281441739826547 0.427277397391243 0.502286981135325 0.469021411647469 0.500338906604044 0.515055454073158 0.429883967756381 0.51715468510597 0.481338351488116 0.416154693850658 0.437263903659992 0.490283554139308 0.427704349155859 0.407927283480253 0.402362435620219 0.47488977542035 0.416462393107136 0.52980914572592 0.354830869459517 0.468805491034574 0.375493158453298 0.575226369870097 0.568560677175454 0.5042852245669 0.515904822120331 0.610864020349953 0.554262884922517 0.578560856068997 0.594124965750581 0.51141802221487 0.53401765173442 0.437611435541969 0.421357361665215 0.373432288864943 0.47986719689919 0.456394755435479 0.53409193287002 0.474781423448111 0.478588902432205 0.524444346111339 0.599635538400472 0.425820159987044
"ramayana_06-yuddhakanda" 0.439590864975057 0.42602268062278 0.47114585289322 0.400912206637384 0.388403043510459 0.450740918087015 0.421921011145346 0.443976514074307 0.410470955730557 0.426754578697176 0.465517296730827 0.364234373915723 0.419863112631957 0.427074440376801 0.417336452799122 0.518293440142681 0.38518748094082 0.425745477111898 0.392945466922761 0.359114586172042 0.487463562284835 0.412225718226559 0.428403191251796 0.441848931883397 0.466016990570182 0.483434134855527 0.340768999604773 0.36446760889215 0.424159216927244 0.34537597934568 0.292194930743771 0.413996753764415 0.613803664193382 0.428123963668048 0.453168832569562 0.407501018594467 0.446841839831527 0.32684807521612 0.388004978545412 0.351899763245988 0.29559309875657 0.337334214059124 0.341227880615132 0.323502328472993 0.426683042798116 0.308696244743329 0.320375451149786 0.315872705716816 0.348548739706705 0.381127294920667 0.481628371112565 0.348089916596378 0.358122354979589 0.425821894583425 0.436411421163443 0.346267664204453 0.401177664684482 0.42183303937333 0.532328839208353 0.477098430529466 0.418469369395484 0.471025208081059 0.42538090173656 0.40190502132814 0.384268487968642 0.430660947620574 0.435675229267821 0.456538762457201 0.337478973441731 0.442088350221889 0.501951456395748 0.316944732723451 0.305406446536335 0.254480304744604 0.255257478577898 0.249560249484824 0 0.257605188650093 0.423857211633517 0.500780759848185 0.471018439582621 0.504413527931428 0.523455907694389 0.432444875239281 0.521852936208546 0.472059044816232 0.420655641702536 0.439335939213982 0.487631013351146 0.413244783874728 0.422996760948556 0.403419184099843 0.479025636743319 0.419921437439026 0.5250389138643 0.337332715174854 0.467025967309935 0.369283554134797 0.582872838360367 0.565869405384489 0.50310831248127 0.528012433060681 0.611656902914617 0.558158738950283 0.579100382833092 0.59621782877161 0.521317096693287 0.531932516843157 0.439554407800765 0.425163072081302 0.389141671229206 0.485546843684264 0.462455201650428 0.533299681884243 0.483324729082888 0.488033854378855 0.527081791087324 0.603679309963757 0.43398911125628
"ramayana_07-uttarakanda" 0.428800565842231 0.393017213246831 0.447626243215398 0.374400806996704 0.359181852292488 0.436203978682453 0.393588560819422 0.414039445082588 0.393219840789579 0.393137000188817 0.441623168983337 0.346611297215913 0.396130784070436 0.398094095523376 0.374030065536726 0.486487337346922 0.357154913159025 0.416601950484451 0.37287501360192 0.295418840556313 0.45829546903407 0.36443265910075 0.405656613217906 0.431260560229052 0.43264707988512 0.452786465510479 0.307370184814018 0.338241712730233 0.420881840367304 0.378508422455515 0.267344629917438 0.37031228162154 0.599254531863052 0.391423557186678 0.414914133109285 0.371909277238633 0.422252951958786 0.274226307902044 0.37281224852343 0.317220713225365 0.249633106738749 0.326737941927144 0.302746049624481 0.349457900697545 0.393187533782996 0.337703897673779 0.347090318745037 0.315292490938115 0.337646037127846 0.376488573723361 0.445336221788138 0.301902622155226 0.301644445075895 0.388022173913588 0.39942367559738 0.303008585618097 0.356846373235743 0.405481014552001 0.511504636311361 0.451470673100038 0.371468574260558 0.467122671979207 0.374162523158321 0.351692449296795 0.362363874831999 0.412058746997061 0.386177567223592 0.41898162617227 0.279607969356485 0.405422313310606 0.485684049454101 0.259667007030726 0.267824440684455 0.265242167388448 0.269746985911815 0.281441739826547 0.257605188650093 0 0.383712284025962 0.482835673390097 0.459296312869545 0.485401330876872 0.484343184894475 0.388254921224282 0.50171560859881 0.44385605524413 0.382138134966328 0.413521781865165 0.458778674428943 0.388066556294223 0.398119775811917 0.350868115348792 0.456974261918871 0.377318591647622 0.502367550013747 0.311667541653717 0.422251478935976 0.329140760549936 0.559101538402051 0.546122821791893 0.472026496229666 0.531296226147443 0.589130566527837 0.540781514838845 0.550316978961503 0.572922270888042 0.510171660878953 0.498969826901586 0.398669712980153 0.394727273107555 0.343957812795713 0.456681372066478 0.421005069668559 0.51519166052684 0.454952331801004 0.460113240661997 0.512359566176691 0.585026491980486 0.396672798333492
"saurapurana" 0.362716020694363 0.394944293633839 0.433151196520917 0.409786103524181 0.395822939205406 0.448590365102136 0.366735003230439 0.376782889800341 0.36492235069377 0.386701033173733 0.463691382352103 0.388002530418021 0.407529761268049 0.408027465967362 0.277534833891001 0.422540996906519 0.306536034134866 0.333500575203042 0.284952484999711 0.317603906626471 0.380262575337512 0.274954495573623 0.312861636434625 0.338385852289635 0.347120882958925 0.373379567130713 0.368020959732178 0.399721292182805 0.439738162548734 0.420727078459122 0.362719529052223 0.306387843441152 0.563876292105485 0.296260131905174 0.317485241831058 0.257485167664859 0.316096465101027 0.376438972176664 0.443394880050822 0.409298709425463 0.365718384803408 0.425676354051322 0.396712045258342 0.43295985423182 0.45861822110919 0.429151455066112 0.430494397575823 0.418416413829368 0.421992860203059 0.445790608331586 0.473247030384243 0.361483710663312 0.36418953323754 0.405945282914418 0.405488026481283 0.388387713059055 0.444581725660863 0.48120982937325 0.569224872277248 0.506949798728387 0.329789369009366 0.431408016366489 0.381438382482977 0.320515455138967 0.288668702371105 0.303840183103784 0.333951823022165 0.379127669486531 0.342316335697722 0.344614667334813 0.400679235135211 0.396399859944965 0.406803276132019 0.421892498519205 0.411468583597194 0.427277397391243 0.423857211633517 0.383712284025962 0 0.416665701267477 0.416056204268711 0.404562314047346 0.455757790011619 0.298052913296932 0.408613544024225 0.39818385398515 0.281827361507271 0.307162634188655 0.363664360277642 0.347736939306256 0.285630950975762 0.330447426350295 0.340181132946353 0.335973506558004 0.470102460101086 0.298767810024391 0.38061909949239 0.294543761798456 0.525191461380969 0.510606226745098 0.426150627085548 0.491587884718407 0.552220595012722 0.514670522118836 0.503733956899395 0.561581042929452 0.447155120303772 0.429384239138524 0.320430518207283 0.310488220825197 0.35873641350582 0.459894132221237 0.380255547638288 0.483060477492727 0.403753587396522 0.429930531942423 0.471956459047259 0.556382231650677 0.33935814226194
"sivadharmasastra" 0.408023860466336 0.478274939136348 0.495452651233715 0.475198230316575 0.471467090038892 0.503245772450412 0.462070995451311 0.460097736782756 0.458587207603542 0.473984262646343 0.527393711551468 0.474893170569758 0.475968422412052 0.484632439759196 0.402845288861373 0.516961632770367 0.431319061517431 0.439745580945769 0.421139058159161 0.450009892180025 0.45344927476855 0.437238566374693 0.393836068136473 0.40682211185404 0.432253724081431 0.477329142277708 0.476621029346274 0.491429989765093 0.498035779005963 0.498910911323681 0.468355704588151 0.40754288207201 0.596061922149565 0.434375354000961 0.419777670642544 0.404457262986318 0.409374421427862 0.485335616284089 0.518849561156708 0.502947959856631 0.475029843573971 0.512441829643139 0.489346350308451 0.518984318428283 0.526830254541917 0.515655507215251 0.518019612704301 0.508910595249323 0.506597489075684 0.520686178647389 0.533365003822842 0.458511737375725 0.462360449705855 0.462701091122197 0.464076732869654 0.486604594282486 0.527507525856149 0.54813862257604 0.616199776590079 0.567732148575665 0.432222210886083 0.517260333506609 0.477435035435828 0.432492208222668 0.403263385644853 0.386200484274248 0.439500610111446 0.45462182671292 0.453660142514821 0.441024634242342 0.468319487898024 0.495515133743095 0.491056128299012 0.501818321340175 0.490393448261887 0.502286981135325 0.500780759848185 0.482835673390097 0.416665701267477 0 0.380795557533203 0.485298317290118 0.51144962753266 0.454877285229233 0.478536739762078 0.495626889194981 0.42081006171593 0.398786319700466 0.418035075230208 0.436196740684472 0.405871823989226 0.440428565339058 0.449340432230004 0.443215971609312 0.502005139911744 0.423383633504669 0.469654667562791 0.426302919861628 0.575579160472967 0.537010982097825 0.507668155877835 0.526484361421968 0.599238262721849 0.575537272452203 0.534103483573908 0.606697740646706 0.514961194785541 0.501677716771028 0.44017632398236 0.421934859646506 0.442621836224302 0.544670931754848 0.482850659772227 0.548127018538904 0.467706048410593 0.507346143996631 0.551445969734114 0.604862438345886 0.453328942201624
"sivadharmottara" 0.381361945960846 0.450550800894627 0.479527354465192 0.44453077592757 0.433512230350064 0.472444061780303 0.443035098082758 0.442379773460828 0.445242589616313 0.456644158883194 0.492688607317021 0.435897661915161 0.437412958513184 0.453395923633214 0.398099041091711 0.510664903599413 0.423817763731044 0.434800358680564 0.413722958061861 0.416364878530292 0.438757284694063 0.420327341928884 0.386195817354025 0.397771194703611 0.413130293917503 0.472118560821163 0.442514659197532 0.475518697257937 0.464924449516205 0.473078720805545 0.431281477082934 0.405497226911957 0.586233492277799 0.443493439525709 0.415336433780158 0.399454130165471 0.401097410410967 0.444686353293207 0.495041111948813 0.465427477112158 0.436781698039855 0.468756813597905 0.450224022105835 0.474164779665594 0.49908985031133 0.471811714419355 0.47113328048202 0.473740180691564 0.470875902373169 0.47645593254427 0.488789141888377 0.415756175939143 0.428876203118889 0.424826025131692 0.438600640887452 0.443050014239586 0.492607231816848 0.514468705211127 0.59940904363537 0.545736590508964 0.421943387707723 0.526914001012627 0.468512234786015 0.424884232126265 0.385781644765398 0.375974355567989 0.436000206698897 0.453271884413668 0.424230995367163 0.415472801596981 0.443978944902658 0.468976085939964 0.455677621063648 0.469096129334896 0.456644080079276 0.469021411647469 0.471018439582621 0.459296312869545 0.416056204268711 0.380795557533203 0 0.474325185718011 0.51642115996172 0.454483539337791 0.477263110555769 0.501626936837809 0.415454164682889 0.39099133712689 0.412405506384799 0.434995053016878 0.395893264612914 0.424039785390269 0.430183991368188 0.451163646234967 0.484468755684196 0.414295544593882 0.471013103301151 0.427153665103304 0.572518639209566 0.524090405802041 0.50674226687041 0.518734818681953 0.603283830446199 0.572083598119044 0.540083986856257 0.599231178902324 0.502817719067049 0.504733583975363 0.440928987141915 0.411104508455789 0.416818337562779 0.513583582364309 0.475239501951652 0.548803067670719 0.451493404568063 0.491180455776322 0.546414827852866 0.590866847449234 0.439865104605272
"sivapurana_dharmasamhita" 0.453040672966158 0.471882170932982 0.505107926441456 0.478612336920219 0.473547362119859 0.491491369952419 0.454523318608336 0.456512609013463 0.450025864549532 0.460232888096843 0.530707725033291 0.471377443626223 0.494310487336534 0.492861474703862 0.386809893452738 0.512126856186434 0.398902677687393 0.418361575802848 0.389743359069742 0.452315555651753 0.483203089438512 0.382284798198112 0.438952773278608 0.439730241959087 0.454491221801956 0.487431590041431 0.468862025275515 0.506181798187179 0.518760359092745 0.490437195590254 0.46051319507616 0.422168389850842 0.642075367677875 0.440304545838894 0.451634271582703 0.413510301126737 0.445517903622079 0.47871953368822 0.522182377416185 0.505468925511789 0.470501308189995 0.515842430223392 0.496450552414681 0.51554044036962 0.527126985385402 0.509127335293327 0.511708690266499 0.507894518939092 0.506967112341279 0.528655394852446 0.543171838929115 0.472237244156942 0.474966330589017 0.493415665546771 0.517760300416609 0.489601117934881 0.535299652296467 0.551580832314144 0.638063557242701 0.585185006478969 0.427825513240469 0.512606213009087 0.479702052487705 0.426073336419336 0.398707495205391 0.401489597247672 0.438256407108112 0.487569243529137 0.457284432023947 0.313650341933557 0.462115485084619 0.497717367067127 0.495922536432732 0.499780447646244 0.500617036854577 0.500338906604044 0.504413527931428 0.485401330876872 0.404562314047346 0.485298317290118 0.474325185718011 0 0.554763970788357 0.416431410577705 0.261775568204128 0.514699772201687 0.402542217343723 0.407379433053926 0.444240582694636 0.44969811282112 0.410125357146459 0.470353389660499 0.464724473041589 0.447418266682539 0.535811902403652 0.418069720824962 0.49810708660099 0.419760365721922 0.585798783626391 0.579137220768711 0.52605439303023 0.538546532461696 0.621411344142954 0.578299864653658 0.57771427524588 0.61355647236202 0.53017088447422 0.53431720702883 0.46142157201151 0.427391111355371 0.464294501306332 0.548742886164648 0.476813223989932 0.553829784324213 0.469403098277961 0.449944816012055 0.543173175368292 0.605297162946216 0.409407443419528
"sivapurana_karvanamahatmya_au" 0.492862595366296 0.498108376453421 0.525861950671108 0.512254659897654 0.506136673778594 0.549648478590868 0.495861943469242 0.499176913505625 0.503865496489532 0.504620313358807 0.534117988202383 0.501981237588947 0.510320298069417 0.518035295709998 0.443269797096641 0.536514681871248 0.474799880324453 0.499805408752195 0.475714056679357 0.439281327150387 0.493266994618405 0.442028995274818 0.458780834060296 0.490741186135653 0.465364521666841 0.491447524194812 0.481680888951899 0.509836821835076 0.536017040345793 0.537868356693475 0.483307082888116 0.441356536248593 0.592863952081967 0.471717527954921 0.458185997931966 0.460685749165519 0.471231621760366 0.481202380647122 0.539763604442993 0.510177317655002 0.475184030245219 0.512973484219498 0.494093669679976 0.532521713912737 0.528786456866786 0.53008062242977 0.528921108327294 0.50951007408364 0.51492053731817 0.520159339338312 0.536700495800418 0.474472410826536 0.466558379219095 0.483677039304825 0.488020747656379 0.481828584792746 0.515886260267751 0.540179902046083 0.590695915665119 0.554106543424589 0.452704994598357 0.531997994083378 0.47304762871634 0.450824502386887 0.456080969519484 0.473433628362878 0.459534032530638 0.4492887701924 0.454478198928037 0.488215983056096 0.532168776914941 0.495026815436759 0.490837689622475 0.502042843218245 0.506053480978382 0.515055454073158 0.523455907694389 0.484343184894475 0.455757790011619 0.51144962753266 0.51642115996172 0.554763970788357 0 0.467283122640887 0.554453109048853 0.5028100265787 0.463508643559202 0.470917801966757 0.4872576798887 0.462689373260762 0.45715325603931 0.431111872216419 0.492464318891706 0.469231924088727 0.536722998329398 0.450177166615408 0.450722936862995 0.45284226330388 0.57679103133045 0.563769427722094 0.51564209985636 0.573547278978203 0.586436271996064 0.564041779756582 0.549798066537191 0.603590031732871 0.540027517273798 0.516285740527066 0.437375488648652 0.461513295376153 0.474305037495393 0.539191590034757 0.49824317596768 0.544587528698066 0.511348990739711 0.546574980154232 0.565598402359571 0.604490648725502 0.488249632353752
"sivapurana_rudrasamhita" 0.407619124913134 0.425390872920753 0.468670492601694 0.434683653094177 0.41860715244398 0.478073285002081 0.393636775332945 0.410202100236483 0.394876590239488 0.411150327655396 0.481442436331533 0.410566610284679 0.442597944762666 0.452423280051241 0.295093451860756 0.460911158184876 0.32570232784687 0.361386473487551 0.321390914845472 0.341031915421129 0.407509850006779 0.250203535878245 0.354588436539741 0.391414668227407 0.383514114713093 0.375311268202029 0.370664904551395 0.404965164243574 0.473511731599979 0.439016990476499 0.378713077736803 0.317370226365348 0.591139706865541 0.348081896128373 0.38148827411478 0.318544007396059 0.355761914948425 0.386422204985055 0.448552129481634 0.422847602344527 0.381377362039218 0.435888295750203 0.411397431824873 0.448842899183364 0.467729841130383 0.447016414289066 0.445152242946088 0.428117381396292 0.436760026775403 0.46356595061681 0.490153763444544 0.392167791013661 0.392732876953593 0.433888643057275 0.452267630272066 0.401811253602776 0.451553316853146 0.486668163915866 0.567572452441953 0.51447531815324 0.35194380877622 0.434286624620128 0.38644181419729 0.337848908519473 0.346273381220923 0.360327133911452 0.344300411005205 0.400320809318039 0.349167007274713 0.365677237620122 0.440432239776341 0.403354047900705 0.409434564637773 0.421109207109887 0.417703464919737 0.429883967756381 0.432444875239281 0.388254921224282 0.298052913296932 0.454877285229233 0.454483539337791 0.416431410577705 0.467283122640887 0 0.436264950933778 0.336326766141116 0.289304705068291 0.324132623241765 0.378872056829378 0.352028388749071 0.336655355337717 0.369287346208399 0.388846376361672 0.354333434196748 0.501435046221634 0.320297861420781 0.403624814278295 0.303611803284983 0.54778228512876 0.535200637148247 0.45101866533471 0.513741516009828 0.569753552991143 0.531197332497307 0.530228397623332 0.568566162503019 0.48163389831069 0.448636617221772 0.354163215195676 0.356145210237184 0.395325432773283 0.473737574666678 0.39401802789318 0.505826571604719 0.433080404189142 0.449347999557329 0.48961816157983 0.563919837370848 0.364042781691137
"sivapurana_sanatkumarasamhita" 0.474310349759583 0.495219020895901 0.514603440367388 0.497917191323216 0.497833152998521 0.495499548497273 0.476664617396242 0.481867083745293 0.471328838632631 0.489765560742972 0.542507520882011 0.501954607727024 0.508378352149987 0.501338079226351 0.411648333187162 0.501502349222506 0.427930099829379 0.433036807519406 0.409775604900521 0.472447372900858 0.484154278695232 0.417958853556454 0.443612671188305 0.454401787705366 0.477770212270448 0.494997998925807 0.487016090726668 0.521534624094427 0.510351687736444 0.498033832597462 0.483246208475128 0.444688556094129 0.637933684607181 0.431767453911643 0.440898980439801 0.403842110579641 0.441328948623071 0.497153893527706 0.534425693190419 0.521049906466731 0.489846975092766 0.530058617429116 0.513124277161609 0.531133955898363 0.54184872420222 0.530161301534232 0.532391232632241 0.526404849567566 0.525501955008335 0.542997376845146 0.538631781840285 0.479412546542099 0.484392232773082 0.488499687295733 0.514624474290024 0.499972111401979 0.545161989822069 0.570076906990186 0.641329921410699 0.585606800584165 0.451923870055652 0.532737854764392 0.502819825051641 0.453471984755591 0.419495614462903 0.422444172275778 0.464863431834202 0.496163419397284 0.482724101826116 0.360619114758895 0.462809095487291 0.50930188815442 0.516582449902703 0.521115541531581 0.510948339421429 0.51715468510597 0.521852936208546 0.50171560859881 0.408613544024225 0.478536739762078 0.477263110555769 0.261775568204128 0.554453109048853 0.436264950933778 0 0.51191749758195 0.416780614937922 0.403500670582551 0.434383308224546 0.469991289275098 0.427727637194903 0.471637541147428 0.448664950730667 0.443930006714446 0.513890079352905 0.426353970229705 0.494495914894997 0.447846606428154 0.569036275114146 0.564327782198727 0.515462872957143 0.530969077807688 0.610256547501611 0.574450036653669 0.575397260064227 0.620800592064148 0.523696043798388 0.545167832400141 0.464862977182606 0.424730800863061 0.473083938458188 0.546874599963164 0.492471375452333 0.555904063995009 0.486284912929144 0.475756677392807 0.556382259782433 0.605757840971574 0.437375590991638
"sivapurana_satarudrasamhita_au" 0.477728933596993 0.460852357783045 0.487801160614484 0.470623434277909 0.462175795321705 0.515509386406568 0.443713937545793 0.456344673826064 0.440932354503275 0.449188424638215 0.529398996927054 0.456494732763478 0.478174901589075 0.473322399606258 0.415888854604957 0.502483282217133 0.411572312201361 0.449096108374831 0.415263903152075 0.413314621870634 0.458096439679849 0.399570697106914 0.443614850307156 0.457726968736231 0.469457734146749 0.448164008800795 0.435240428571389 0.447621755737762 0.508617541531537 0.477903043331403 0.444631967262061 0.410610062650902 0.611003527971022 0.398090200103226 0.435776558890862 0.404892384586392 0.438807946729006 0.44231489570805 0.478549649214688 0.46890336413256 0.442450720404058 0.483062032847623 0.466610153287689 0.488003408560085 0.496709282613521 0.488295509717196 0.485525330798713 0.474559955900269 0.481923454888556 0.509079105083342 0.524484141060392 0.449466606614479 0.447798958341457 0.493893320120363 0.501075736666822 0.458474250984016 0.495360168891026 0.51733219009159 0.581375603240722 0.544998246212488 0.430001265606934 0.493110647706945 0.440150646873985 0.417159628795864 0.431195548097272 0.444516708244815 0.444200093735853 0.455926542764517 0.414099498637467 0.455340876504093 0.493022463448899 0.448857384060426 0.467640122982987 0.475354685302484 0.464106109356433 0.481338351488116 0.472059044816232 0.44385605524413 0.39818385398515 0.495626889194981 0.501626936837809 0.514699772201687 0.5028100265787 0.336326766141116 0.51191749758195 0 0.392076903453509 0.420136166471292 0.45934883871665 0.413789908483012 0.427348841004765 0.427148619725835 0.459596151205794 0.421896103457973 0.518413760414083 0.384971213788886 0.460993176563862 0.400363064776422 0.570779523417532 0.570546749170339 0.481130928008728 0.55370431701063 0.583425203487606 0.56078842790756 0.560634710253841 0.583897874880674 0.516659520378093 0.502698962143946 0.420487083772772 0.428978074996911 0.454518809607103 0.509756889155749 0.440039391563459 0.531616899298332 0.498562064939873 0.50439872571214 0.52187595229208 0.574909994492406 0.435794273437907
"sivapurana_umasamhita" 0.362102145494247 0.396454139484238 0.435908091012887 0.400814249855843 0.390780982144491 0.449948432162204 0.370057616161554 0.382284879293946 0.377890145068561 0.385230418042226 0.461031996841776 0.38541456276668 0.402666586684352 0.402367310129839 0.282476437569074 0.421485192983007 0.310966335036363 0.338040245719835 0.289248259819589 0.317379861446287 0.379401729186841 0.274014105374548 0.316147859747827 0.343824232559532 0.335995734382205 0.372163655233061 0.361322951250413 0.403617797527906 0.437571335577788 0.426219079967408 0.352768380458219 0.296117491663339 0.572032869340929 0.33896417765333 0.34391612985725 0.301217712518575 0.337422703181387 0.362564940906254 0.440066063230491 0.400016345156265 0.353903488833374 0.413162275333303 0.380749724946966 0.425737333233736 0.446737483456882 0.424293522385678 0.424104272041551 0.412030797524042 0.414770983348318 0.435182921154135 0.463761221298574 0.347476265216376 0.348678361615904 0.388091496935302 0.406018409561952 0.370397909979981 0.432603214492227 0.478703485468802 0.567830486255575 0.501730743669298 0.318305646717796 0.420651731657451 0.369595536942005 0.3055010326759 0.295806630178785 0.310465210643412 0.333009937551339 0.387305728587813 0.336618313570579 0.348665411859287 0.412447019469463 0.396552617404679 0.390676420627336 0.410392400914293 0.40588878146762 0.416154693850658 0.420655641702536 0.382138134966328 0.281827361507271 0.42081006171593 0.415454164682889 0.402542217343723 0.463508643559202 0.289304705068291 0.416780614937922 0.392076903453509 0 0.316376393712382 0.365329037233962 0.354525980692008 0.299832314708681 0.337747425391539 0.373906406677627 0.345198380662457 0.463664499682692 0.306246856665968 0.394982070980569 0.307924497068411 0.525198628186929 0.507147260270308 0.43361774189202 0.494458902223531 0.549989837223275 0.51230916801695 0.500231118198372 0.554610382816843 0.450047733335757 0.442552592663124 0.313882230032617 0.311925891681815 0.351103514998522 0.468165445436092 0.381081576402663 0.478970618660694 0.391682948189287 0.430252173909706 0.479275280738629 0.54956211462925 0.336053575495219
"sivapurana_vayaviyasamhita_au" 0.349436135237958 0.421565441569704 0.443063954944145 0.413002729915544 0.410024898683414 0.451276043450193 0.390275924199386 0.398791972253038 0.395552520452267 0.409842961407028 0.475296209757686 0.416714201311591 0.422206483711307 0.426288964257573 0.294823372814319 0.441107898050407 0.330669623026935 0.342083103745963 0.308473732825462 0.367878481159428 0.377594751452305 0.323569223626266 0.336993813913382 0.339017823408978 0.365610437081708 0.386191646855704 0.40190044173833 0.431571634867507 0.455392044391292 0.447630657408305 0.393987826796299 0.319144558571891 0.579639880332833 0.345727924336691 0.335295509015372 0.296005646701757 0.300680552889268 0.404854583547924 0.471877397612394 0.434051777040709 0.399130466495539 0.446753896563318 0.420429975513736 0.44966514982587 0.473286428666701 0.445306955647793 0.44750904905078 0.441036269379875 0.442229318012559 0.462549967133782 0.47081159570636 0.380836720326738 0.399364243489915 0.41087587810139 0.429431567822424 0.410318430813258 0.468161927780861 0.496859964473183 0.576710055988602 0.528739799516542 0.354617986207106 0.456616621252534 0.40264758571932 0.350921714389622 0.32270852689919 0.298465539017969 0.372635007108529 0.409684864791228 0.380849756302919 0.373323715497125 0.38433566233914 0.423374743112145 0.418733822351013 0.430235994372479 0.426612903676551 0.437263903659992 0.439335939213982 0.413521781865165 0.307162634188655 0.398786319700466 0.39099133712689 0.407379433053926 0.470917801966757 0.324132623241765 0.403500670582551 0.420136166471292 0.316376393712382 0 0.313488443978419 0.376849679873843 0.3186163090548 0.379900269437745 0.345798785805241 0.362117972853379 0.454002749673342 0.333716897326724 0.416615624572756 0.345304475265273 0.521654461249905 0.49720433547944 0.442080098542675 0.501099941882629 0.560238433753867 0.532066419128939 0.511582851158264 0.573856678726119 0.459144245354154 0.453004770202491 0.364415343116334 0.339510407373609 0.383378310501657 0.478823468851651 0.402173991221196 0.494314015594116 0.404480994411399 0.427960787695641 0.491470288409934 0.559718741545773 0.35057161977583
"sivapurana_vidyesvarasamhita_au" 0.37509718044656 0.46859791891994 0.490100142697481 0.470580631850397 0.46448945740915 0.50016310850946 0.451065026622933 0.449400370952074 0.455564000120145 0.471659714155302 0.512931957241935 0.474718999541971 0.46740687620701 0.471536865858067 0.334222272155867 0.480825720105268 0.399517773777851 0.406358631431896 0.381988651308648 0.398403290120909 0.408596808263858 0.36023247910612 0.381493894176693 0.373512124281833 0.382597247478285 0.407271365250928 0.447952312650367 0.472495988044569 0.48863274082525 0.494265522964185 0.449961147548183 0.373735694564199 0.583216588319283 0.410613023492506 0.36668482892694 0.346635901020153 0.356970376134127 0.453828152960284 0.51063852764168 0.480867318986442 0.445714764053553 0.493876778666286 0.462189355897201 0.49627799680225 0.508205412424602 0.493196914030327 0.492392701823153 0.487271637736795 0.484119759873315 0.506020611516291 0.496865321209714 0.421127500360732 0.429597524295082 0.421403083270937 0.446140617794842 0.446284174057959 0.504465823378742 0.5285019263104 0.60324013969204 0.555271066546217 0.410880328862958 0.505409132319328 0.456407124854048 0.411595241543942 0.37810874804529 0.336521563784978 0.396584214416726 0.436320714172338 0.420598688209677 0.396077015318577 0.419464535300149 0.470552303595565 0.46732750007479 0.479451309023919 0.482839915453357 0.490283554139308 0.487631013351146 0.458778674428943 0.363664360277642 0.418035075230208 0.412405506384799 0.444240582694636 0.4872576798887 0.378872056829378 0.434383308224546 0.45934883871665 0.365329037233962 0.313488443978419 0 0.404195601387936 0.371648522231881 0.406810549037033 0.376973227116464 0.417776557613899 0.481160354810212 0.403124135924776 0.440954909791197 0.397965144358124 0.558683006533936 0.511753530462847 0.48634592612576 0.541710175665415 0.581166532674067 0.561127016739634 0.522769435529431 0.602692430482988 0.498160595998333 0.471598062201265 0.398273145049633 0.396873414601517 0.420007296126414 0.509386918936371 0.452722466867845 0.521543374867088 0.436528003774244 0.478173809856126 0.535729581838566 0.580410866513856 0.412851748743807
"skandamahapurana_himavatkhanda" 0.388116846668151 0.3985733948697 0.440263720728122 0.410781251335707 0.397597858536652 0.461232042255096 0.389721829458171 0.39960875727372 0.378923050380354 0.403956658330611 0.482281764842007 0.394096242867523 0.421649957819514 0.41752640238101 0.344008860883948 0.467715451029203 0.359257417948753 0.386860525177842 0.35158129224567 0.337818418457536 0.415061330742177 0.341330303434738 0.372001685471387 0.382564257050705 0.397051063880773 0.40755345123253 0.375621171128128 0.394592072442173 0.432309003295147 0.410871879958758 0.374360904626146 0.339480165754427 0.586788017996629 0.372355490086573 0.384495444772718 0.330574852207868 0.374189636015144 0.38440201299277 0.437253173744624 0.415065998348759 0.37180323655976 0.423836063292421 0.400842494208557 0.423053905388329 0.456667601498742 0.4165300216578 0.417396134724695 0.405610998310136 0.423603676676135 0.452470856738526 0.48884671038413 0.380338437737287 0.376877870813882 0.427090228589601 0.430826042483615 0.392234442987071 0.449301831199907 0.474569614158035 0.56525395398636 0.507052031303662 0.369083908216497 0.445978475857356 0.390075659699601 0.352185616885302 0.334525512535801 0.359394416184801 0.380747935917182 0.394365817565175 0.354003338792977 0.391727294523398 0.450651244170892 0.406926860328456 0.410236023738213 0.412468328345995 0.415959235299128 0.427704349155859 0.413244783874728 0.388066556294223 0.347736939306256 0.436196740684472 0.434995053016878 0.44969811282112 0.462689373260762 0.352028388749071 0.469991289275098 0.413789908483012 0.354525980692008 0.376849679873843 0.404195601387936 0 0.360035713778745 0.364209797913615 0.428047147680404 0.353514680940535 0.476038325558519 0.301005077051746 0.417447898830531 0.325415114090999 0.547295992633009 0.524671111418494 0.443432412641845 0.50321631454968 0.574937803995013 0.534296320733628 0.532488511059449 0.571232496578211 0.478180041857155 0.469214751107879 0.379789079410458 0.35797910001621 0.384763713496 0.481340344503089 0.410893332327746 0.500725284953832 0.437545883099021 0.454765151938683 0.505914358280662 0.562574961988091 0.382063340129125
"skandamahapurana_kasikhanda" 0.324060218578093 0.378930668788921 0.414104776914783 0.376247628215385 0.367869823463296 0.41124880498069 0.354175934571481 0.358096197195936 0.364119945994161 0.370517606342061 0.419183368515492 0.361012399231097 0.385792886990518 0.40140135742002 0.292929872131515 0.462784701665773 0.323379137650808 0.313977012745168 0.28627599113057 0.326822935417539 0.378244029328053 0.291431724097227 0.30061573251044 0.319947680004984 0.328508104921667 0.38562765562149 0.370763646055711 0.418745356609525 0.453622212657953 0.438486843028616 0.360834192534256 0.286238561520594 0.554242219879453 0.346777290229714 0.346828668396549 0.319169321598642 0.33998315119792 0.382559127738872 0.447801300961213 0.412702547598895 0.36796242983674 0.423032791721138 0.397123817002768 0.443943877830473 0.464661025389129 0.434490513123397 0.436995639329206 0.428753894540438 0.429018814663775 0.444405742579707 0.467542896201004 0.359393853882116 0.368410890387345 0.39876582125961 0.408404927566708 0.39731868283157 0.450241256901733 0.482620224561313 0.579386473311363 0.515048224212274 0.304779871883153 0.432393043187768 0.380523763430378 0.302956020082953 0.283768796237855 0.281026662593967 0.311641920659601 0.373266133713304 0.337950113827137 0.330822877985392 0.361739114076811 0.408156346742048 0.392113399610234 0.404155846790142 0.407922651068449 0.407927283480253 0.422996760948556 0.398119775811917 0.285630950975762 0.405871823989226 0.395893264612914 0.410125357146459 0.45715325603931 0.336655355337717 0.427727637194903 0.427348841004765 0.299832314708681 0.3186163090548 0.371648522231881 0.360035713778745 0 0.328500014081898 0.364900844461932 0.365438452068014 0.472143413523285 0.317200145038234 0.392767375975741 0.300945565841222 0.533621030011202 0.511662218157185 0.45343341797414 0.485966047846052 0.565757328307044 0.527878812713737 0.513494202089005 0.569222299209607 0.454000760646288 0.43255337850915 0.322313027956099 0.316076817735358 0.343112123591527 0.471410274663535 0.395740782919795 0.488299112534344 0.402575876376641 0.417692183039084 0.476383392519963 0.559699588112908 0.334191391716982
"skandamahapurana_revakhanda" 0.372543212076697 0.408836172309394 0.449490150934941 0.409238505075442 0.387407319537708 0.443561654544433 0.398782756180876 0.40660165898116 0.397262494923678 0.408510737975714 0.455783614891035 0.384222516482405 0.408332163226441 0.402809437512981 0.318141616935143 0.453078830984337 0.35301770192176 0.385001829070199 0.344331956146552 0.261930301683924 0.41509929610302 0.31902760995223 0.332857456490515 0.378841605360514 0.367885028308327 0.408335775598398 0.334371661326484 0.384679960794401 0.419279213697454 0.408251629114227 0.329632033635751 0.315781384261609 0.552815940005318 0.366750577305396 0.37708288967527 0.318615605977309 0.3619553291356 0.327455249800242 0.413436167649693 0.360905802523228 0.312397646657427 0.385650432115606 0.353497740422832 0.405819766484552 0.411997398020184 0.407004454035802 0.401694946457107 0.375817178103395 0.393175964114211 0.409346258232619 0.449450486863037 0.313919257520767 0.298462073703741 0.370934466583587 0.351781358557111 0.339939306598171 0.393897629328976 0.448537525082189 0.52576663561175 0.458813252420792 0.326643853067607 0.445952910837894 0.359409961382438 0.312816808955049 0.307185173961622 0.358104506770295 0.348722846380477 0.361796313064028 0.303648110311666 0.373281318812192 0.456920383831611 0.357773737009432 0.366595748199748 0.389712828576706 0.380193575774215 0.402362435620219 0.403419184099843 0.350868115348792 0.330447426350295 0.440428565339058 0.424039785390269 0.470353389660499 0.431111872216419 0.369287346208399 0.471637541147428 0.427148619725835 0.337747425391539 0.379900269437745 0.406810549037033 0.364209797913615 0.328500014081898 0 0.414792656184907 0.356128677461403 0.495795236339761 0.323003319340867 0.372402609095594 0.320174041914674 0.537209903529834 0.528522884090742 0.452983686666489 0.502566174919854 0.555608642563406 0.524217882063467 0.520459230871797 0.561174150930984 0.477286320102753 0.441741674343028 0.279324129425617 0.332588984941541 0.336809395249932 0.429607856609548 0.400127830206306 0.47694334400569 0.411852224829673 0.45300010623483 0.492460062668668 0.566422709528432 0.363761322557362
"skandamahapurana_sutasamhita_khanda-4" 0.427747232290955 0.461651630434436 0.471703733439848 0.465123130057436 0.458455781039463 0.49189058666372 0.428771224762762 0.435619244364165 0.443222781974936 0.460841234497292 0.500220736521308 0.470127959035267 0.441316468348507 0.464325346476875 0.378101028154988 0.472392542026653 0.394125666516683 0.397685604077588 0.376396901792564 0.4114263633735 0.387064708173961 0.3684439396335 0.382394412332143 0.403051071597785 0.412876602768118 0.403059557702073 0.437257216007817 0.459045179788803 0.480665248428063 0.486026428322487 0.442981170996909 0.385344365209383 0.580786041618176 0.380923820749402 0.37132153265198 0.339578187056124 0.371038846569444 0.445123781913398 0.497993195190072 0.470977548079246 0.442112514112755 0.481054397598493 0.460027503691509 0.486200925290722 0.513385116026695 0.486848667988937 0.487900821502292 0.481499586807388 0.479870164656394 0.495834929078933 0.491010031540462 0.416790337756139 0.432653809674799 0.430669366968347 0.454579496249459 0.444425823937531 0.497819788559348 0.526400474294631 0.593687543608847 0.54458301232483 0.401708093696338 0.494546227441664 0.444107395401193 0.401605077698134 0.389750786870965 0.369686852740607 0.40222035831454 0.454042414834216 0.425728916708688 0.425733649783525 0.393929671261387 0.467110642966778 0.464650190423705 0.470578142731499 0.467804464983067 0.47488977542035 0.479025636743319 0.456974261918871 0.340181132946353 0.449340432230004 0.430183991368188 0.464724473041589 0.492464318891706 0.388846376361672 0.448664950730667 0.459596151205794 0.373906406677627 0.345798785805241 0.376973227116464 0.428047147680404 0.364900844461932 0.414792656184907 0 0.410850541187694 0.465970516188363 0.394909651220311 0.439563048174047 0.401979865941793 0.541336823716217 0.512090979911002 0.471178206146588 0.525281510601864 0.572978298467786 0.538527394363352 0.523262203207939 0.592254443301076 0.484558290767748 0.476958054338958 0.411203411714921 0.387420878713936 0.409299438616958 0.498775479605364 0.439054020704193 0.50733036498245 0.439055824872175 0.479308396737573 0.524012095136334 0.574783997458183 0.410105928529213
"skandapurana_adhyaya-1-31_pu" 0.414760422033846 0.407664170808461 0.447116051517007 0.415817202784665 0.408505878094244 0.460032752431814 0.382916433331861 0.401992245008701 0.386197237100773 0.397688941842539 0.478481699696712 0.408638892133885 0.424721915048955 0.427932297862648 0.343777454875287 0.441930509035265 0.331588203223555 0.393979074704978 0.346147236967948 0.340524350127134 0.408721351773923 0.33046415303083 0.375359395250468 0.39026064877006 0.401434587461075 0.400629161761489 0.366722972148311 0.399723525146752 0.435082580381826 0.418955231746602 0.364255195782869 0.343273474433124 0.594592627629113 0.354529029429733 0.371963294811444 0.301668888655259 0.365611264414008 0.358658741451931 0.42605860022019 0.398706365895318 0.35080606917091 0.410574843007526 0.384356514037563 0.428516904963957 0.440251446941347 0.431297658793038 0.435085157271689 0.407545317225169 0.411266979515115 0.442918485760487 0.47296887124566 0.361459203016505 0.34624621009145 0.419392711108455 0.417635728854653 0.373146642693032 0.423547910721098 0.461686220552193 0.55060724747191 0.48467750266408 0.339701736768009 0.43972832159353 0.375721955535281 0.328636521636629 0.3308925936355 0.376761729140058 0.375825528355782 0.396660586109281 0.36171900335791 0.38550685326803 0.446751541883531 0.384624885376008 0.389163586513307 0.409931859174969 0.404383180268381 0.416462393107136 0.419921437439026 0.377318591647622 0.335973506558004 0.443215971609312 0.451163646234967 0.447418266682539 0.469231924088727 0.354333434196748 0.443930006714446 0.421896103457973 0.345198380662457 0.362117972853379 0.417776557613899 0.353514680940535 0.365438452068014 0.356128677461403 0.410850541187694 0 0.480572330494761 0.26637193385495 0.385821596701774 0.324839522237403 0.521286240881538 0.509774606731123 0.422669322037758 0.510031567982709 0.547819760477143 0.500241523750229 0.499534631294105 0.54319968558076 0.467830511992948 0.462643676231102 0.364830468204254 0.337976672051457 0.379278200752547 0.478086287368198 0.38604734601001 0.48789808390651 0.418729069699471 0.438298470576286 0.488925949236754 0.558352179470055 0.357958922683411
"skandapurana_pasupata_adhyaya174-183_u" 0.500760739532628 0.498860549034704 0.50381797300028 0.492570525491448 0.503143687574549 0.538834073211792 0.488901324017334 0.494871472594862 0.505025523942023 0.51431142706002 0.547792287137517 0.520196881364227 0.482761844440269 0.507635216663308 0.479811400802972 0.518074354802468 0.479064326079546 0.498130645195087 0.478652306333101 0.485710790737553 0.46706942872935 0.482294396107674 0.487273822524013 0.495171911447542 0.483096592596556 0.50413723556645 0.508218520534772 0.509112466307511 0.502023901363266 0.530905849851588 0.502174901777628 0.473636209526428 0.617770227987325 0.466526066737981 0.44309715270804 0.456936574172588 0.480466246516419 0.508673502448914 0.540476573922429 0.528106422186559 0.504472208572672 0.528428658168574 0.51264380970568 0.530327851620044 0.542203858640265 0.534262486163637 0.537040059966637 0.531045165465005 0.524568957948612 0.533817112216035 0.499383065442587 0.467195683871076 0.491388970810556 0.473649922098035 0.510521587667203 0.482585150284422 0.541903532563418 0.562253909018108 0.615418889741552 0.577813487459475 0.482175385237815 0.556283332672146 0.499967343885685 0.481418515252456 0.474104578759058 0.463634824436481 0.490577685271251 0.520027061972776 0.491016045650909 0.511238594187775 0.483719447532181 0.519637948137594 0.516307622454597 0.522805635986763 0.51455151723922 0.52980914572592 0.5250389138643 0.502367550013747 0.470102460101086 0.502005139911744 0.484468755684196 0.535811902403652 0.536722998329398 0.501435046221634 0.513890079352905 0.518413760414083 0.463664499682692 0.454002749673342 0.481160354810212 0.476038325558519 0.472143413523285 0.495795236339761 0.465970516188363 0.480572330494761 0 0.449452399597629 0.499801459388106 0.483085820184685 0.559703774827105 0.510153173934744 0.506951616089955 0.579559419497075 0.60225195201694 0.585249389411062 0.563185314161808 0.617679600428568 0.521633456625246 0.546385413438909 0.50272127645876 0.468066554613268 0.469272025722152 0.561055982135772 0.495054747555243 0.551649835233327 0.516726083533308 0.551659571355636 0.584556042047374 0.60035335769636 0.496570996992016
"skandapurana" 0.374093193753078 0.355263141324084 0.411958473909045 0.363497374599154 0.349818590960623 0.422979158428971 0.339856764389005 0.36170479375093 0.335634877770519 0.360502515727464 0.431312647831572 0.334203232697875 0.379543043309671 0.388375102047796 0.308919435764078 0.436610528550275 0.297878645576249 0.334688420645908 0.288504697920741 0.284945953144867 0.394923231768942 0.299970422073787 0.321238654479592 0.361533515606283 0.365204055791676 0.396959302431669 0.302669189958194 0.343366593307539 0.400537424206588 0.335866252142814 0.283966847669994 0.299791051981438 0.582936754275737 0.330356668016594 0.356137177387325 0.287360598331555 0.35204984258491 0.303793146172907 0.377048698879777 0.343576211157451 0.282331758591166 0.349835362081904 0.328376543997975 0.352532789225048 0.399667240877416 0.349492384364489 0.352220698701629 0.332756916891789 0.350544049539768 0.391415263447742 0.446344056760797 0.309279037499747 0.303820314924178 0.377169931668252 0.386084248908187 0.322395664220387 0.384630724385445 0.420663964327368 0.538207087450472 0.463117884890622 0.307778697579333 0.401206521640144 0.334726293286006 0.282634187514755 0.25984057889516 0.337355561037039 0.350958386948346 0.357555436128376 0.308689081259208 0.357817922510331 0.422572371416457 0.339612539048734 0.342898435931737 0.351837663468316 0.337626248961264 0.354830869459517 0.337332715174854 0.311667541653717 0.298767810024391 0.423383633504669 0.414295544593882 0.418069720824962 0.450177166615408 0.320297861420781 0.426353970229705 0.384971213788886 0.306246856665968 0.333716897326724 0.403124135924776 0.301005077051746 0.317200145038234 0.323003319340867 0.394909651220311 0.26637193385495 0.449452399597629 0 0.385463276971672 0.256160441400028 0.518637155392317 0.505971158060188 0.421992211871173 0.474600786481311 0.549944186371783 0.488835623489088 0.505338826762966 0.540625368078358 0.447178975164244 0.45141936115715 0.340771234584855 0.300562135377126 0.332102066115248 0.455552067763183 0.376413448772391 0.48961878523865 0.41052079795388 0.421921096547506 0.477239761776253 0.563668771413615 0.338619806860974
"vamanapurana_saromahatmya_u" 0.449775123040909 0.45292148008825 0.481525949537599 0.463617044750662 0.451972472527856 0.500936000680628 0.439763048468094 0.441347720140537 0.439969436998684 0.440756345126144 0.501696084101898 0.458947176942245 0.472136352615849 0.473556073640307 0.390907281786836 0.482281509866376 0.401871382498199 0.44674024878277 0.411427233940231 0.37249772691585 0.448530168630274 0.38105164829767 0.412933253052035 0.443263045513726 0.422141150204463 0.446811250980452 0.43278775793282 0.450255737097055 0.490250454633281 0.485280820481556 0.425321387897567 0.385639163572748 0.579831879697907 0.395322238075275 0.393951702907815 0.375613319813503 0.414136308735274 0.423064631263646 0.483820559402873 0.456842312132979 0.412890875515294 0.465855635751307 0.44210695699799 0.484216835214399 0.482351741710393 0.482173825226687 0.482148796227939 0.458966549342245 0.466900533482718 0.489574001818915 0.498296463296413 0.410352557660828 0.407970722440231 0.446191789409745 0.448688498524806 0.425209274981335 0.473307852132662 0.511107944715843 0.565700871622056 0.515247958444292 0.385118226704704 0.490081971464524 0.419652943479463 0.382787560131589 0.39538339031897 0.425622686746897 0.408967458333892 0.417391548341976 0.392457269381302 0.43031851708477 0.475215600521688 0.436545211150637 0.446098531836038 0.453385343366433 0.447104050939855 0.468805491034574 0.467025967309935 0.422251478935976 0.38061909949239 0.469654667562791 0.471013103301151 0.49810708660099 0.450722936862995 0.403624814278295 0.494495914894997 0.460993176563862 0.394982070980569 0.416615624572756 0.440954909791197 0.417447898830531 0.392767375975741 0.372402609095594 0.439563048174047 0.385821596701774 0.499801459388106 0.385463276971672 0 0.377111008713832 0.544305630951317 0.531990915952017 0.457361636435596 0.535703977844804 0.567093149887725 0.552818917058364 0.519011559479953 0.577994499819313 0.500263764010932 0.454710225346939 0.377318395236398 0.387092241983049 0.419943605303691 0.500797952221662 0.426122476405944 0.505977909798966 0.452674604701686 0.488161297383861 0.523681684876034 0.574757349073915 0.412284752034657
"vamanapurana_u" 0.346926727350526 0.373862145485589 0.425503890096686 0.384535558141463 0.365015165918507 0.427072980942616 0.341961521642701 0.364351420939716 0.335959760458661 0.349383432955381 0.452431050035815 0.35023977153153 0.403029186496677 0.401400173340498 0.293254934312582 0.457941185279368 0.292345930021726 0.330559232620619 0.287236101288867 0.297506820865828 0.394169839237569 0.283065386137528 0.31866900393273 0.344676217501611 0.362861751926101 0.387384526865986 0.316437127932521 0.365213195423762 0.437968013680215 0.386302445286784 0.313666789340373 0.279075063819485 0.576907706139982 0.310529646135817 0.341560173397436 0.298839292918032 0.342056685948285 0.337861576364657 0.400008893692928 0.37719645138831 0.32071046570116 0.388744070689369 0.362380243181922 0.395982864760326 0.435667722848557 0.388373833182544 0.387544038946505 0.367197650960862 0.389676929185928 0.420568621151483 0.46915800405239 0.348446461858696 0.339557232475563 0.406291126411081 0.408816784714267 0.360971589666231 0.415096425238961 0.439369143245331 0.547022332503456 0.490827234645526 0.298797494517078 0.397802007272141 0.353345385597975 0.284797845874576 0.27554524184274 0.310484849323793 0.316520290163309 0.366315848249224 0.299034167445422 0.3423898227601 0.427246325610374 0.348543942960263 0.356190015249517 0.365720435877539 0.364086407287978 0.375493158453298 0.369283554134797 0.329140760549936 0.294543761798456 0.426302919861628 0.427153665103304 0.419760365721922 0.45284226330388 0.303611803284983 0.447846606428154 0.400363064776422 0.307924497068411 0.345304475265273 0.397965144358124 0.325415114090999 0.300945565841222 0.320174041914674 0.401979865941793 0.324839522237403 0.483085820184685 0.256160441400028 0.377111008713832 0 0.536139140102616 0.523728569436409 0.437508329049539 0.481525734211762 0.559093977032997 0.512754747367234 0.51865029669724 0.551771120527409 0.464433942172597 0.428125195811072 0.330185821280196 0.318690101338077 0.336559488944977 0.458185666103915 0.375139844731483 0.485093593687128 0.403868253643361 0.405872843154019 0.473185888390276 0.556132162900816 0.324901873284168
"vayupurana_01_frame-and-cosmogony_iast" 0.560772154708255 0.532553645397495 0.548276608805858 0.550838472980312 0.547850025115428 0.568074528202426 0.524466391909824 0.5369968014344 0.532552608923669 0.544650177807122 0.599965042561505 0.560705122678828 0.550414895368831 0.548573482998568 0.534946500722887 0.511818485510183 0.528463860746261 0.549458926447803 0.524448599126117 0.540879610267872 0.552664961124822 0.537628343867994 0.537328134595671 0.551547065576839 0.543260598458266 0.556686445764144 0.550740903794829 0.57422627864075 0.562480909142585 0.55731274849438 0.54667189185643 0.531232038946305 0.656207995229804 0.524242901687793 0.530632056265457 0.505980995056804 0.53580234434278 0.544177583323936 0.576170997657407 0.558957370001764 0.543108252415529 0.565384326090195 0.55281588680858 0.575125602741021 0.565592028186034 0.576831084902517 0.577361107660786 0.567156153136498 0.558877235322984 0.56733238155428 0.575284246896334 0.528812143751502 0.529516039425257 0.551372539189043 0.551762610795854 0.541467221254912 0.57355954605931 0.588819450287152 0.624145003863039 0.593972808346731 0.517343835882974 0.569968975759529 0.543693293301767 0.518591959532865 0.50377195735518 0.538123726632636 0.554237371559597 0.561919056363417 0.551750613287373 0.559223573440506 0.552862448596078 0.565684426974936 0.567697268097301 0.578594343226296 0.570661773554515 0.575226369870097 0.582872838360367 0.559101538402051 0.525191461380969 0.575579160472967 0.572518639209566 0.585798783626391 0.57679103133045 0.54778228512876 0.569036275114146 0.570779523417532 0.525198628186929 0.521654461249905 0.558683006533936 0.547295992633009 0.533621030011202 0.537209903529834 0.541336823716217 0.521286240881538 0.559703774827105 0.518637155392317 0.544305630951317 0.536139140102616 0 0.55981858091415 0.525192861812412 0.576517128414577 0.584224288137369 0.552816154607748 0.573718234691318 0.604557067064831 0.55213283415644 0.588926310913926 0.549001496877078 0.47657631234405 0.539123337704167 0.595028424269185 0.533438396656061 0.575486103333506 0.542374638429433 0.570631179518841 0.600306709891541 0.614967680669317 0.528433067458495
"vayupurana_02_pashupata-yoga_iast" 0.527571120192305 0.548030441499691 0.549390709537292 0.548410355733834 0.548130386430189 0.560640801204673 0.533014530591689 0.537614803653578 0.542667434101978 0.551295596753592 0.579619372112341 0.562537120711495 0.540787770518031 0.551601088546464 0.512114532125289 0.541963103178911 0.525322707867958 0.545628546679833 0.525192622036133 0.526321045589525 0.519285231559938 0.521038001521108 0.512868472450413 0.527688784254407 0.506748899524219 0.532956705449748 0.542757893789674 0.552531542833906 0.5417637054912 0.57137615653212 0.539194637116428 0.506535891941307 0.633358472037338 0.52436970683992 0.502015366714923 0.502264355380449 0.506825841516656 0.540337813890143 0.576696294855007 0.555460427361237 0.530960654870388 0.550121882340971 0.536761842432989 0.564840005520294 0.570822010978265 0.565663081885795 0.567731755077018 0.560340962985406 0.545881208394995 0.556789708671694 0.552492724056793 0.507355734480719 0.521792014313722 0.524033293027749 0.520641387730464 0.517420409945799 0.565986311730713 0.582001095410998 0.623122044331164 0.593103483252715 0.512309945917637 0.577690953781145 0.54472403023818 0.516280281752579 0.503331305307192 0.519525756056872 0.525056251487687 0.551170758737777 0.532775691010996 0.548780634924765 0.525041750178997 0.553860367772606 0.551607484823858 0.560257495758984 0.554315350784528 0.568560677175454 0.565869405384489 0.546122821791893 0.510606226745098 0.537010982097825 0.524090405802041 0.579137220768711 0.563769427722094 0.535200637148247 0.564327782198727 0.570546749170339 0.507147260270308 0.49720433547944 0.511753530462847 0.524671111418494 0.511662218157185 0.528522884090742 0.512090979911002 0.509774606731123 0.510153173934744 0.505971158060188 0.531990915952017 0.523728569436409 0.55981858091415 0 0.521454006632613 0.600637073450154 0.600041113868662 0.581353358351386 0.552563587795667 0.608522709576089 0.547592315280525 0.572916300318288 0.531903967248482 0.482385813058379 0.525612195363174 0.576775776135567 0.536120211037862 0.578805770825012 0.541337904374119 0.571429721414398 0.596283995222541 0.631488277311952 0.529228653208975
"vayupurana_03_kalpas-and-shiva-lineages_iast" 0.480942268377604 0.47100586345498 0.49397374671196 0.482490003860065 0.479528229673198 0.521165607159819 0.453488362541031 0.469190462186168 0.456081773160508 0.466013938433439 0.545534540450322 0.485123816756198 0.486198882077371 0.474992230016507 0.438076317364156 0.455680111197974 0.435680887346114 0.469397220275999 0.435909694813064 0.455926582243903 0.483564838756119 0.446402441950943 0.453841422714624 0.471276620831864 0.469839386343284 0.472785905051023 0.479620794309424 0.481521410304662 0.492818401740721 0.486753558597739 0.456646027552546 0.431063267857476 0.619589492677618 0.430648013021902 0.452539816474739 0.406248754398964 0.451847687170913 0.459653581595531 0.503598952983465 0.486774779576695 0.457047348923066 0.492898599873403 0.477750792666647 0.503956119250183 0.516151186556956 0.505032727137041 0.501218548597492 0.497370767840634 0.49461811783881 0.52007106799783 0.526181272103379 0.455548296477393 0.455685667591909 0.506216810818124 0.496030045152539 0.468537530882096 0.51256746045904 0.527445735441961 0.593545118011863 0.548174951888999 0.427918138896941 0.507087299161633 0.464981789749053 0.426576504121807 0.413324179113448 0.458997302331706 0.476585958286163 0.486449693615106 0.461797734826939 0.489860304929503 0.492630602098369 0.48338141259783 0.490452784696582 0.502209358464477 0.489040272983894 0.5042852245669 0.50310831248127 0.472026496229666 0.426150627085548 0.507668155877835 0.50674226687041 0.52605439303023 0.51564209985636 0.45101866533471 0.515462872957143 0.481130928008728 0.43361774189202 0.442080098542675 0.48634592612576 0.443432412641845 0.45343341797414 0.452983686666489 0.471178206146588 0.422669322037758 0.506951616089955 0.421992211871173 0.457361636435596 0.437508329049539 0.525192861812412 0.521454006632613 0 0.542381908508776 0.541675109517775 0.516045426066581 0.537271739480673 0.55912521008526 0.501435145313804 0.518078832066588 0.460753923146892 0.367026974193343 0.467733102122145 0.525483070523684 0.458989112229037 0.520881646116353 0.498546835376946 0.503331425389516 0.543769134326547 0.587408197537823 0.447023540819868
"vayupurana_04_bhuvana-vinyasa_iast" 0.505273120579736 0.528210064366373 0.55562396611215 0.549197141458627 0.531541080025526 0.530704718041869 0.521470302662667 0.535376032527348 0.507251773050387 0.52789378387036 0.57127635241283 0.527115761244514 0.551195171714384 0.536363789883202 0.487822631823572 0.527201567553563 0.481901286929605 0.456976120090184 0.450650897242743 0.519488917510295 0.531249811358294 0.500883249344515 0.467304714481791 0.488943677441248 0.518067104550183 0.534734877888126 0.512580390351749 0.552040891870269 0.529834924648107 0.490867826230294 0.50779741551509 0.483144210847551 0.631006423881874 0.494479170972865 0.53376755010347 0.483570768267101 0.503682904401666 0.5301663649112 0.545137742645335 0.547144564078003 0.522512616787436 0.548089129546222 0.547555239974219 0.537172599295641 0.553967234249198 0.538938801614918 0.535261490306755 0.534206134299707 0.551360426296183 0.550228073433428 0.582540617540127 0.538170847260204 0.533022244299166 0.546139318421671 0.552592846141283 0.548298782521101 0.566328801995349 0.580248051840967 0.642657776684844 0.584401489100534 0.486162411344839 0.539538112095316 0.534127311082386 0.48907515566829 0.44185359477325 0.476540739314149 0.519393805687067 0.504289688780655 0.532418131520711 0.506171771127439 0.53761623847656 0.53733664060302 0.537141408211991 0.536213017436666 0.516038602720386 0.515904822120331 0.528012433060681 0.531296226147443 0.491587884718407 0.526484361421968 0.518734818681953 0.538546532461696 0.573547278978203 0.513741516009828 0.530969077807688 0.55370431701063 0.494458902223531 0.501099941882629 0.541710175665415 0.50321631454968 0.485966047846052 0.502566174919854 0.525281510601864 0.510031567982709 0.579559419497075 0.474600786481311 0.535703977844804 0.481525734211762 0.576517128414577 0.600637073450154 0.542381908508776 0 0.612312053298082 0.543497965473113 0.587390447646497 0.60636897372835 0.50239199270315 0.568794147579993 0.503654535884773 0.38718084821192 0.537824793717278 0.568593674379492 0.533902785067815 0.578803160974009 0.543589673302875 0.541280200398549 0.582718611878516 0.635457606024498 0.50981287583475
"vayupurana_05_jyotis-and-purvardha-close_iast" 0.585906356191261 0.574394985920778 0.59796607343644 0.593944461287639 0.588301932005166 0.613277098887454 0.566549785988328 0.572671752381747 0.572836813779869 0.578603918882594 0.627291351260463 0.591768453894509 0.586247309286224 0.576063268712509 0.556031768188713 0.529311804846578 0.551989751905519 0.570551023825911 0.547619269139694 0.570999801725971 0.584486871901536 0.560444766300634 0.559531949813464 0.579745011356598 0.566370528962393 0.578565049189361 0.583238918864463 0.599012126190571 0.586865585400115 0.593802960212087 0.580035544064974 0.559590024416038 0.658806051142169 0.559859709366581 0.56257685042575 0.53957254924183 0.564430475640037 0.574757920516502 0.607869359061861 0.587271666937509 0.573328725032267 0.593010617680902 0.578857822693883 0.604812196382315 0.601308487327137 0.60955268091614 0.606355766849147 0.59396428558474 0.59300564519121 0.606485632276694 0.613575058354969 0.566452540001785 0.559203049682363 0.587509002434779 0.580390750554106 0.572107938122484 0.596433660987078 0.612723590014242 0.641855351699648 0.613438501420931 0.547324360867942 0.595048296045522 0.568009793935689 0.547914429408026 0.537174844061315 0.570097768081627 0.576195145751325 0.581975627493629 0.578424528294032 0.595908956247001 0.590577956297484 0.584019346093778 0.590553148729421 0.608051715942274 0.597707000611681 0.610864020349953 0.611656902914617 0.589130566527837 0.552220595012722 0.599238262721849 0.603283830446199 0.621411344142954 0.586436271996064 0.569753552991143 0.610256547501611 0.583425203487606 0.549989837223275 0.560238433753867 0.581166532674067 0.574937803995013 0.565757328307044 0.555608642563406 0.572978298467786 0.547819760477143 0.60225195201694 0.549944186371783 0.567093149887725 0.559093977032997 0.584224288137369 0.600041113868662 0.541675109517775 0.612312053298082 0 0.558051614125337 0.583401552731175 0.561143599242221 0.562762239926729 0.597892885100558 0.565899658135266 0.508642110409078 0.57830966520603 0.615385342330683 0.560202080076804 0.57818990391895 0.576135209822643 0.601849935872846 0.60374333647739 0.60899458538688 0.556088097258006
"vayupurana_06_prthu-and-prajapati-lineages_iast" 0.54007845603648 0.536447893665294 0.559858314109021 0.550048960630242 0.544139614938228 0.568515172759912 0.523707587647228 0.538144019264531 0.5256989670196 0.529743508715657 0.587270784490994 0.549128008284685 0.554127194463275 0.551156996772631 0.518834550212787 0.499466619362749 0.508731692565621 0.51519765734239 0.496029842283642 0.527658407289008 0.550781644022782 0.518768299040448 0.507689945817902 0.538436420899904 0.537660674248398 0.535043865299241 0.526874178631101 0.558255746297626 0.542650458169049 0.525377969914216 0.523463704636551 0.512256419225539 0.654315941734625 0.525812686914972 0.547883250979396 0.499790157713132 0.525207716722158 0.526583992529872 0.548803970196312 0.542388058743771 0.523244316495473 0.545021816868419 0.540629143712146 0.555328744900462 0.555014095823166 0.560432491187383 0.557702856631298 0.545763253914228 0.547528687666271 0.563412425557639 0.585569709581786 0.530445687942027 0.519396353755209 0.554451529772431 0.545914011729846 0.537104231451681 0.560244023634509 0.584728206179712 0.630040988492387 0.578020185640413 0.501113199243687 0.540768970709115 0.533260689261317 0.501060633323396 0.477111258762808 0.523519769097818 0.54483341125276 0.537190435270206 0.538852172084692 0.560513118020066 0.56260896066499 0.540843631396386 0.55829720105081 0.55969190842055 0.550656030993005 0.554262884922517 0.558158738950283 0.540781514838845 0.514670522118836 0.575537272452203 0.572083598119044 0.578299864653658 0.564041779756582 0.531197332497307 0.574450036653669 0.56078842790756 0.51230916801695 0.532066419128939 0.561127016739634 0.534296320733628 0.527878812713737 0.524217882063467 0.538527394363352 0.500241523750229 0.585249389411062 0.488835623489088 0.552818917058364 0.512754747367234 0.552816154607748 0.581353358351386 0.516045426066581 0.543497965473113 0.558051614125337 0 0.559343417341774 0.557004355948764 0.531850610229523 0.573559127263109 0.540618601533611 0.438792117249067 0.546010286430002 0.575849461567194 0.539974066614662 0.581964705127117 0.548438214382938 0.558139567091483 0.591772864056692 0.627461477209653 0.521201423436785
"vayupurana_07_shraddha-kalpa_iast" 0.526293727065605 0.539021992523299 0.560194500696078 0.558723547409621 0.555302766153043 0.57670958778874 0.533285044496055 0.529300726346307 0.537349009211769 0.539988989855595 0.589440705699019 0.55964393737693 0.551005061056742 0.548193921155792 0.495293199650643 0.535275791727598 0.518521316074832 0.540876836547914 0.516306987838151 0.511871711042413 0.537602696069001 0.511982604029109 0.512715594539838 0.520842649904784 0.500230954389171 0.528022371752138 0.535262723736327 0.559838006985992 0.56194457164681 0.566922528985239 0.539009233055617 0.507036759261192 0.632020287502766 0.530340104197418 0.505809108598597 0.496913254281298 0.51974729535525 0.526572631008527 0.573751272118661 0.546801457010535 0.524435858148923 0.556811581253033 0.536362905496804 0.569716858462326 0.554249355776331 0.568057749096251 0.571100000200313 0.559716524143169 0.550056516110147 0.56153518062033 0.567032973467828 0.514651341452538 0.503840677118878 0.525706011242833 0.52041980429771 0.528586017718879 0.55585606941719 0.579298856261957 0.609482219914691 0.588965563622952 0.503794398953114 0.57084829628045 0.529325914982448 0.506625899586981 0.485804655566301 0.514809330932377 0.528197773530289 0.522515577588932 0.533886560140956 0.545453825574774 0.546609843286234 0.548451381830933 0.55056567949323 0.570749374261134 0.562910752526801 0.578560856068997 0.579100382833092 0.550316978961503 0.503733956899395 0.534103483573908 0.540083986856257 0.57771427524588 0.549798066537191 0.530228397623332 0.575397260064227 0.560634710253841 0.500231118198372 0.511582851158264 0.522769435529431 0.532488511059449 0.513494202089005 0.520459230871797 0.523262203207939 0.499534631294105 0.563185314161808 0.505338826762966 0.519011559479953 0.51865029669724 0.573718234691318 0.552563587795667 0.537271739480673 0.587390447646497 0.583401552731175 0.559343417341774 0 0.592009659852644 0.548716516885127 0.535338590451034 0.522526945680429 0.464418006013661 0.525778514874071 0.57779933904607 0.532692665467678 0.571403561096287 0.519049484645086 0.559067018604172 0.591199884021132 0.605656092745209 0.513312224741913
"vayupurana_08_manu-candra-vishnu-vamsha_iast" 0.583321620423595 0.574140714460165 0.603208692929381 0.596562986709675 0.59011986141769 0.610502906465057 0.572706832704885 0.57706725589421 0.571784878657084 0.554140730292064 0.626937812093196 0.582368128690661 0.599792180897626 0.5813570127205 0.553844440525207 0.560937527533618 0.545672548027892 0.575528144257263 0.551093014035505 0.563376936910154 0.587291211446334 0.554129534977799 0.555765808990618 0.58076999617643 0.57792989501095 0.582089487418591 0.57100974010557 0.586795204780614 0.602064410304629 0.594113069936113 0.561247114869531 0.549836853463781 0.677574881015432 0.579440573328491 0.588100668622415 0.553071629520003 0.577540363508449 0.550493014639646 0.585171718406709 0.566090143730017 0.555099533145869 0.574298235163176 0.567368623674541 0.586556802300699 0.588496898768946 0.586018740363394 0.586679193162323 0.568544925397441 0.578713933859217 0.589398864688758 0.621060257121247 0.569444490878495 0.561878487992029 0.609277960645632 0.591438338200506 0.56736827465515 0.574149665564912 0.599286749496616 0.627866609399957 0.605280877465092 0.534695807715429 0.589282135134844 0.55164288538712 0.533231495889035 0.527561470182311 0.572928687622707 0.572180393355711 0.577913897631346 0.5647429673626 0.591421449658607 0.612608290438947 0.571497433851166 0.575937380557368 0.591538442506242 0.582311609728914 0.594124965750581 0.59621782877161 0.572922270888042 0.561581042929452 0.606697740646706 0.599231178902324 0.61355647236202 0.603590031732871 0.568566162503019 0.620800592064148 0.583897874880674 0.554610382816843 0.573856678726119 0.602692430482988 0.571232496578211 0.569222299209607 0.561174150930984 0.592254443301076 0.54319968558076 0.617679600428568 0.540625368078358 0.577994499819313 0.551771120527409 0.604557067064831 0.608522709576089 0.55912521008526 0.60636897372835 0.561143599242221 0.557004355948764 0.592009659852644 0 0.575510638790023 0.602637281946194 0.565251561647932 0.505773987358417 0.591231417042538 0.621364815692188 0.561245952423639 0.593541029810327 0.583401657422308 0.570470265451691 0.596093935689752 0.630955293975798 0.543748746476361
"vayupurana_09_upasamhara_iast" 0.487201188924867 0.480939194474441 0.5049201520089 0.498241114861144 0.492863868943841 0.518327027096632 0.47721853759457 0.485455582709139 0.478681918674539 0.492942013717209 0.528881286676429 0.490496584389412 0.497597673713467 0.491049826573698 0.462387644163477 0.500859927921363 0.447837885730417 0.452928688999707 0.431577554125505 0.481475199104943 0.477954819733963 0.458458659546999 0.453930241079964 0.479635435630801 0.481267070181852 0.496900874662493 0.492780258624997 0.521770650421265 0.49895989282014 0.496992928897749 0.484296571103633 0.460327781203921 0.61332019605244 0.461571505180266 0.479630503703614 0.447496062184906 0.470133112721531 0.498299207080356 0.531467438836113 0.51431324320741 0.489181288463062 0.519142897366762 0.510447135471576 0.520501510542966 0.52263866081377 0.522187008463024 0.52127446113409 0.517938743524878 0.51756039760795 0.521275690278024 0.535202152808105 0.486702453926537 0.49410491544394 0.509807061180122 0.521844979474764 0.498689970641111 0.53172878340485 0.554969432663018 0.616072277320151 0.558675997185031 0.45677268574913 0.51108475074606 0.493154161757798 0.454282896745448 0.428286707812932 0.453609623172758 0.486509633743424 0.505232372999603 0.490644580691874 0.485100476979096 0.492984385452965 0.512312407058195 0.514217221487462 0.519031652620047 0.507627413484779 0.51141802221487 0.521317096693287 0.510171660878953 0.447155120303772 0.514961194785541 0.502817719067049 0.53017088447422 0.540027517273798 0.48163389831069 0.523696043798388 0.516659520378093 0.450047733335757 0.459144245354154 0.498160595998333 0.478180041857155 0.454000760646288 0.477286320102753 0.484558290767748 0.467830511992948 0.521633456625246 0.447178975164244 0.500263764010932 0.464433942172597 0.55213283415644 0.547592315280525 0.501435145313804 0.50239199270315 0.562762239926729 0.531850610229523 0.548716516885127 0.575510638790023 0 0.52841739676172 0.475079507248499 0.392067411215548 0.496979718256136 0.541886516762546 0.491943240049584 0.536709186629779 0.506224859454806 0.527494044453746 0.557920233327652 0.586557484943953 0.476653988717322
"vayupurana_10_gaya-mahatmya_iast" 0.446458751115057 0.500263513352472 0.524657270733475 0.511962777902607 0.500323520604013 0.552033549706482 0.485172874285361 0.483374462177825 0.487808221170555 0.488024087861078 0.554482384459711 0.503348650920044 0.515254413111693 0.525814489428422 0.426345840993076 0.532262636178318 0.455365140436025 0.475498339212129 0.45058598505011 0.445301119073134 0.485998193946249 0.432802910242257 0.440588776969108 0.454207985373644 0.43497460157835 0.469533770157475 0.485185694260524 0.505909486807442 0.538805019439478 0.533142520825242 0.490489456257198 0.42539555925431 0.601686645152004 0.464134886344773 0.452772341747312 0.441571062650073 0.455316200510556 0.498713081646414 0.533068017717102 0.520479577686748 0.493368712539274 0.528530601643213 0.511215734728674 0.53886275893758 0.539628026640767 0.53232437268923 0.533030527632383 0.519529662681514 0.522865460978734 0.541232143000015 0.558513068670414 0.493549084872349 0.481614492133705 0.510279771714103 0.504457165275664 0.503008891811462 0.536919735002175 0.559896187316561 0.606054477767893 0.563048237867417 0.456716918891219 0.521993543145925 0.493499555423916 0.456236148479333 0.442285270923747 0.433424333332441 0.443977862128344 0.472260834876603 0.461736109497514 0.469205945250787 0.50062199864554 0.503573766549117 0.50573528873088 0.520070832051797 0.518832177185355 0.53401765173442 0.531932516843157 0.498969826901586 0.429384239138524 0.501677716771028 0.504733583975363 0.53431720702883 0.516285740527066 0.448636617221772 0.545167832400141 0.502698962143946 0.442552592663124 0.453004770202491 0.471598062201265 0.469214751107879 0.43255337850915 0.441741674343028 0.476958054338958 0.462643676231102 0.546385413438909 0.45141936115715 0.454710225346939 0.428125195811072 0.588926310913926 0.572916300318288 0.518078832066588 0.568794147579993 0.597892885100558 0.573559127263109 0.535338590451034 0.602637281946194 0.52841739676172 0 0.4373671915256 0.383191020788084 0.482284023529657 0.540677405647034 0.485329559935895 0.552685501567347 0.481744622438255 0.535675231805749 0.563310570633605 0.611189590831012 0.47165495853993
"vayupurana_revakhanda" 0.383032325277457 0.426557331071922 0.46195018286165 0.436732742756782 0.42071166378836 0.46798627698714 0.404018825993484 0.416332355334408 0.406558379398286 0.417039707895716 0.479338474168383 0.412134506370099 0.43048178885273 0.435490146748364 0.299224658511176 0.445711932604975 0.344024449452167 0.377249608756246 0.33228281317725 0.322508884699922 0.413460024401863 0.323217421100775 0.343622237764727 0.355797223472905 0.342937246629573 0.39997093220293 0.388247479097811 0.420709302492902 0.472324673485384 0.45077032699867 0.378715980246167 0.325166320512194 0.568059608610282 0.371828422548156 0.363071176398599 0.33774639408776 0.369170435964781 0.382063851568055 0.460103593790758 0.418649707612974 0.368629993265339 0.432395483158664 0.404942283930297 0.44844522997729 0.464019085630284 0.444161202365378 0.443571158758354 0.424804235787588 0.438929130865738 0.449846511228276 0.47838527940204 0.375893827722833 0.364669663307583 0.416107531363524 0.40960777822603 0.396243225675012 0.449596439311925 0.49390472350831 0.56396127020442 0.508169520735238 0.332936294175322 0.43178196572362 0.373873538537999 0.31893335823732 0.323180265577371 0.345397545268122 0.339669112333085 0.371459977896178 0.344350010853355 0.368004340820662 0.45236442966175 0.412699167939576 0.410099044585379 0.42406617627314 0.42473752687315 0.437611435541969 0.439554407800765 0.398669712980153 0.320430518207283 0.44017632398236 0.440928987141915 0.46142157201151 0.437375488648652 0.354163215195676 0.464862977182606 0.420487083772772 0.313882230032617 0.364415343116334 0.398273145049633 0.379789079410458 0.322313027956099 0.279324129425617 0.411203411714921 0.364830468204254 0.50272127645876 0.340771234584855 0.377318395236398 0.330185821280196 0.549001496877078 0.531903967248482 0.460753923146892 0.503654535884773 0.565899658135266 0.540618601533611 0.522526945680429 0.565251561647932 0.475079507248499 0.4373671915256 0 0.341399660123354 0.376749030705945 0.445863957880894 0.405800909442147 0.488192038555602 0.419201891579743 0.458562498847078 0.495278497279255 0.561250319050259 0.363673745477453
"vayupurana" 0.35085394517028 0.392251930647529 0.439156778185277 0.411897956245925 0.397073484372655 0.440701236978663 0.371535769087682 0.386415486634678 0.369794200241301 0.386533168608166 0.475626224540205 0.391908429083077 0.413356652726805 0.405761193435489 0.309373951991075 0.393560389192864 0.318032312861547 0.335675956305505 0.290714624590367 0.336981153064287 0.400034205011326 0.324969380852131 0.311781479035471 0.340823476972474 0.34891866887702 0.391589773443277 0.375120810693817 0.422461628798956 0.421465483311106 0.399720748854416 0.363860098944787 0.310178115123631 0.578009151536014 0.348385380939363 0.370366742949976 0.2950796448134 0.350763476821503 0.376224562062046 0.436653792184059 0.41193392626734 0.363818813754824 0.422776386267327 0.402526297412948 0.427434787080781 0.444152987161971 0.427596119964949 0.42774318208468 0.411103237601326 0.422842579972705 0.442111441804479 0.474565984656361 0.369020985469499 0.359226518100695 0.41889089131186 0.410241836911971 0.394115425367367 0.443546708666032 0.48336702485223 0.565098225843162 0.498471584581646 0.315399609802631 0.434901930360888 0.387651877489571 0.31495576216358 0.25310429879391 0.316494958525391 0.366232380788252 0.378424298720699 0.365024011998078 0.369550222633882 0.414397825888001 0.403883918905815 0.406296244134514 0.424620545054891 0.407683551572328 0.421357361665215 0.425163072081302 0.394727273107555 0.310488220825197 0.421934859646506 0.411104508455789 0.427391111355371 0.461513295376153 0.356145210237184 0.424730800863061 0.428978074996911 0.311925891681815 0.339510407373609 0.396873414601517 0.35797910001621 0.316076817735358 0.332588984941541 0.387420878713936 0.337976672051457 0.468066554613268 0.300562135377126 0.387092241983049 0.318690101338077 0.47657631234405 0.482385813058379 0.367026974193343 0.38718084821192 0.508642110409078 0.438792117249067 0.464418006013661 0.505773987358417 0.392067411215548 0.383191020788084 0.341399660123354 0 0.381537435595058 0.473234710501892 0.38468816963775 0.476222108301276 0.402071757000557 0.435582584180217 0.486550208440284 0.556092754631553 0.343066711886971
"visnudharma_pu" 0.392159074225627 0.372305022999321 0.406431891683512 0.33843080141099 0.331690133354628 0.403839359127202 0.368832986670483 0.374775318195926 0.379030533488901 0.408831569541224 0.405102299813538 0.339538936222002 0.332074355976158 0.360702231115315 0.345564322875917 0.482253417428862 0.368572394954957 0.408466548967114 0.37264489872646 0.277138418436667 0.419714951278238 0.3433350909723 0.365285324306414 0.391947723492945 0.372709059705771 0.414124830462401 0.320120195453044 0.355499180143727 0.412680674851119 0.418894736242487 0.311470199306442 0.353213442344923 0.567718708816028 0.37454165635065 0.370781840498777 0.356204060875119 0.389835619456126 0.308683598995761 0.406147679988284 0.343533001020617 0.298261868648053 0.366089191523432 0.317676206061581 0.395603521025152 0.416168311446659 0.389090342849996 0.391604290924806 0.374824510236381 0.367644126191327 0.384744108590051 0.408472553547384 0.266389667668608 0.278721173223762 0.323202195457001 0.332946109132477 0.311162025370505 0.383038909865659 0.439432709674001 0.529646415467325 0.470700159473748 0.331538483977937 0.460220991163702 0.357987264074476 0.318852990590098 0.341482877183247 0.35508762044155 0.348913248940112 0.407299954998268 0.290914027461993 0.382719590511888 0.4402515027708 0.355093679056782 0.346405120471722 0.372504148175477 0.369174830506152 0.373432288864943 0.389141671229206 0.343957812795713 0.35873641350582 0.442621836224302 0.416818337562779 0.464294501306332 0.474305037495393 0.395325432773283 0.473083938458188 0.454518809607103 0.351103514998522 0.383378310501657 0.420007296126414 0.384763713496 0.343112123591527 0.336809395249932 0.409299438616958 0.379278200752547 0.469272025722152 0.332102066115248 0.419943605303691 0.336559488944977 0.539123337704167 0.525612195363174 0.467733102122145 0.537824793717278 0.57830966520603 0.546010286430002 0.525778514874071 0.591231417042538 0.496979718256136 0.482284023529657 0.376749030705945 0.381537435595058 0 0.441471558003656 0.377752113142715 0.47636429450035 0.379650512746768 0.437140392220861 0.48318441358847 0.54696409939931 0.336691211280933
"visnudharmottarapurana_khanda-3_adhyaya-343-353_pu" 0.478548395613138 0.499201462177627 0.515916374177574 0.487549944524452 0.47656916032381 0.50608850894817 0.488076929442412 0.495550334109923 0.485215201833523 0.505046925303247 0.523213652224164 0.47805038867782 0.490562235523517 0.479045713000683 0.451764970796315 0.53734003299409 0.469049505026579 0.487297848547138 0.463377052491309 0.429529495555223 0.508515938809363 0.462426434578608 0.459020257547944 0.474835618439488 0.477534433735979 0.491106843860777 0.441903422198649 0.459579944190515 0.50746212401557 0.492091297479976 0.445255378237497 0.456633735089903 0.607016373378898 0.471887358708588 0.492053117907142 0.456888334061975 0.466236940223314 0.445808219469528 0.48225638566921 0.470756592528494 0.438064699197736 0.480987264296734 0.46742756306702 0.495148461394423 0.495870383220692 0.488511011640089 0.487595610918975 0.484475354703144 0.479255950088562 0.489398163637542 0.515199269774426 0.447145910068972 0.446505910924004 0.488371716275338 0.481186770495723 0.450296369414844 0.496951303984948 0.50918857275679 0.575565240217914 0.536209859502603 0.466954878337679 0.519950844759378 0.467067044330961 0.453200124916918 0.451310752147839 0.469061887126868 0.479876468375444 0.47581174569443 0.422219189290921 0.485374513920529 0.531721767871035 0.469791896584105 0.474758166230962 0.472651567316835 0.47312536381462 0.47986719689919 0.485546843684264 0.456681372066478 0.459894132221237 0.544670931754848 0.513583582364309 0.548742886164648 0.539191590034757 0.473737574666678 0.546874599963164 0.509756889155749 0.468165445436092 0.478823468851651 0.509386918936371 0.481340344503089 0.471410274663535 0.429607856609548 0.498775479605364 0.478086287368198 0.561055982135772 0.455552067763183 0.500797952221662 0.458185666103915 0.595028424269185 0.576775776135567 0.525483070523684 0.568593674379492 0.615385342330683 0.575849461567194 0.57779933904607 0.621364815692188 0.541886516762546 0.540677405647034 0.445863957880894 0.473234710501892 0.441471558003656 0 0.491971526295012 0.544880250048411 0.506530937706926 0.52790984038199 0.546221744949039 0.604865494220649 0.474817011017177
"visnupurana_amsa-1_u" 0.44520934146335 0.427460995678239 0.449179725152018 0.42571528903208 0.410976729745855 0.478238671455974 0.393920795591197 0.396275170406901 0.395068524321679 0.417349433367912 0.494231753062276 0.423325134246699 0.436117436275934 0.434124335952937 0.390089992372155 0.471973181014763 0.379373562443853 0.421589133106287 0.382692114506131 0.379934761159788 0.43597560133072 0.37247845757726 0.419688408234056 0.431589223486562 0.42436742230164 0.435780236804927 0.415663130690539 0.431117143617881 0.467621642129887 0.45408918266825 0.403087405512241 0.382415388545227 0.59905102344239 0.388442521214598 0.412791293391932 0.373093210003705 0.420021205764337 0.402307891045182 0.469267095176551 0.434054114065118 0.40134338235445 0.453465303887169 0.424319253029478 0.464370365815196 0.46761290304217 0.46781371039243 0.467024243700855 0.449937175734152 0.450960518553464 0.472012562601052 0.48952280917947 0.39174684911796 0.394821298083909 0.45615747281913 0.456967493509059 0.408155630477732 0.458137553996755 0.497810773460553 0.564934223198583 0.520673790164778 0.35373615159078 0.462921506749864 0.376541295341395 0.342266007512853 0.370984659056641 0.40984103148409 0.411267110997427 0.449026131594937 0.389205696371392 0.421502239048161 0.45160486602309 0.434243164723089 0.43317901697052 0.453156636349503 0.44258518418748 0.456394755435479 0.462455201650428 0.421005069668559 0.380255547638288 0.482850659772227 0.475239501951652 0.476813223989932 0.49824317596768 0.39401802789318 0.492471375452333 0.440039391563459 0.381081576402663 0.402173991221196 0.452722466867845 0.410893332327746 0.395740782919795 0.400127830206306 0.439054020704193 0.38604734601001 0.495054747555243 0.376413448772391 0.426122476405944 0.375139844731483 0.533438396656061 0.536120211037862 0.458989112229037 0.533902785067815 0.560202080076804 0.539974066614662 0.532692665467678 0.561245952423639 0.491943240049584 0.485329559935895 0.405800909442147 0.38468816963775 0.377752113142715 0.491971526295012 0 0.436310736280658 0.400474498356959 0.436739127703688 0.431424402114534 0.494642680204913 0.262026484930132
"visnupurana_amsa-2_u" 0.513873189505531 0.516511397532191 0.527224294917897 0.515249822524591 0.519248619197117 0.534795203976966 0.504366577894613 0.51040779279566 0.50873394895885 0.511819261325321 0.555342784956989 0.520127406999883 0.51802249611952 0.50757331949875 0.472566519997692 0.515297094101587 0.475523686799005 0.507134075957695 0.478736116456463 0.481381365799749 0.514333949470006 0.483797671697568 0.503430011310697 0.507268597225779 0.490710902542165 0.512564232772298 0.514176670016796 0.521959615818366 0.522920408450772 0.527417356865312 0.494603933224262 0.479541352250283 0.621497946966133 0.495816719177223 0.498549736970805 0.471904730358171 0.497499453224473 0.495432413950899 0.537670536837251 0.519917094251317 0.492882780753316 0.525550151645779 0.515788190618462 0.541515041500557 0.543733200724846 0.54191199831963 0.54210755142092 0.528679897765702 0.531825292260497 0.542345582908253 0.55403988134165 0.489383692252164 0.484085829878813 0.52388427210769 0.503850023491388 0.498582789832016 0.537185879940949 0.558847396319897 0.599412075644788 0.564637242808845 0.452369148329839 0.532185072365083 0.472178578745976 0.449865218367424 0.468770976665488 0.485609092242729 0.493362508269279 0.512405796614009 0.484675157738373 0.51232579690544 0.536564162686222 0.516399946081305 0.520758257614767 0.525672615689511 0.523024864508634 0.53409193287002 0.533299681884243 0.51519166052684 0.483060477492727 0.548127018538904 0.548803067670719 0.553829784324213 0.544587528698066 0.505826571604719 0.555904063995009 0.531616899298332 0.478970618660694 0.494314015594116 0.521543374867088 0.500725284953832 0.488299112534344 0.47694334400569 0.50733036498245 0.48789808390651 0.551649835233327 0.48961878523865 0.505977909798966 0.485093593687128 0.575486103333506 0.578805770825012 0.520881646116353 0.578803160974009 0.57818990391895 0.581964705127117 0.571403561096287 0.593541029810327 0.536709186629779 0.552685501567347 0.488192038555602 0.476222108301276 0.47636429450035 0.544880250048411 0.436310736280658 0 0.476525607564887 0.514258478721037 0.516955285223191 0.53550805961248 0.413110305558302
"visnupurana_amsa-3_u" 0.418610767223827 0.447241159226056 0.477578892104506 0.450683306976758 0.4447526310564 0.487168736821899 0.424728393136677 0.423881198066915 0.436599495894421 0.449001050538921 0.495963062669206 0.447192355383606 0.443871800715502 0.450767467416912 0.376982154994149 0.475013153477126 0.398196951176999 0.436623824885549 0.398971882900282 0.397823375177557 0.443655820571916 0.39673019625295 0.412357272377569 0.417199145556426 0.391147104324969 0.452050098150963 0.432873948968849 0.469612032965877 0.485873735615279 0.483443872060764 0.424826811503062 0.391784391573166 0.60155690664651 0.437320533309617 0.410266867049473 0.38610551846311 0.415737479841762 0.425012978951927 0.489089189639894 0.447867115467342 0.420056921918509 0.460766059038067 0.43461388816671 0.476395884987705 0.481740128114561 0.477574565475428 0.477115238928142 0.458383085703865 0.464085260332003 0.476060453748401 0.502986360147003 0.402181328465779 0.403397246237954 0.436041694627098 0.422478673405905 0.423358443435517 0.46235062364558 0.513984341004673 0.575546109026986 0.523317528308813 0.368921899302529 0.477367812750221 0.415681246743363 0.367866965878961 0.379269820710703 0.385374958955923 0.402928407490736 0.444972680023892 0.415065128465025 0.424652315672961 0.470686036510855 0.457142719368481 0.450406823339371 0.476300580893687 0.467751535452582 0.474781423448111 0.483324729082888 0.454952331801004 0.403753587396522 0.467706048410593 0.451493404568063 0.469403098277961 0.511348990739711 0.433080404189142 0.486284912929144 0.498562064939873 0.391682948189287 0.404480994411399 0.436528003774244 0.437545883099021 0.402575876376641 0.411852224829673 0.439055824872175 0.418729069699471 0.516726083533308 0.41052079795388 0.452674604701686 0.403868253643361 0.542374638429433 0.541337904374119 0.498546835376946 0.543589673302875 0.576135209822643 0.548438214382938 0.519049484645086 0.583401657422308 0.506224859454806 0.481744622438255 0.419201891579743 0.402071757000557 0.379650512746768 0.506530937706926 0.400474498356959 0.476525607564887 0 0.43592790755115 0.502315460231525 0.531911325985129 0.315580963828947
"visnupurana_amsa-4_u" 0.449228631843459 0.441766628066261 0.47529275982783 0.453471632984137 0.442704837458385 0.441717493602408 0.433037642787181 0.445954606294236 0.43023679764315 0.399031276030112 0.497716406076136 0.435551660476629 0.474873077970743 0.442919571002169 0.414495436914361 0.50384534056752 0.392702879747855 0.423492251385048 0.390971972686445 0.434109610158408 0.480285324299426 0.424005040275855 0.45592962787782 0.44527679979353 0.460519646849576 0.472659355155199 0.447783824195323 0.484039700207608 0.50139304390128 0.48264003442363 0.431512228011366 0.425011180145781 0.624530649307458 0.442257376707559 0.460335788145834 0.426689583926517 0.456097476024343 0.422883447409265 0.486215143266954 0.459586542479075 0.428502503602452 0.471113565336099 0.448817720680517 0.478547316501273 0.493864576341268 0.472549982568173 0.475501920367019 0.462469470065604 0.47053865412007 0.486465090077183 0.516909338301808 0.438561079973342 0.443649435252488 0.489989819403753 0.488629052367283 0.452381470673459 0.479406559152708 0.50914240213108 0.597602760768808 0.552495117998145 0.392365787902626 0.490077541073302 0.431169812731875 0.388658292020947 0.403398360550131 0.421691538307541 0.44216130428498 0.478072701057277 0.434331453602985 0.420520982073214 0.458369800945278 0.452903528853573 0.458585123565574 0.479947887754479 0.476787466017391 0.478588902432205 0.488033854378855 0.460113240661997 0.429930531942423 0.507346143996631 0.491180455776322 0.449944816012055 0.546574980154232 0.449347999557329 0.475756677392807 0.50439872571214 0.430252173909706 0.427960787695641 0.478173809856126 0.454765151938683 0.417692183039084 0.45300010623483 0.479308396737573 0.438298470576286 0.551659571355636 0.421921096547506 0.488161297383861 0.405872843154019 0.570631179518841 0.571429721414398 0.503331425389516 0.541280200398549 0.601849935872846 0.558139567091483 0.559067018604172 0.570470265451691 0.527494044453746 0.535675231805749 0.458562498847078 0.435582584180217 0.437140392220861 0.52790984038199 0.436739127703688 0.514258478721037 0.43592790755115 0 0.496270760306794 0.561660284528598 0.275035329388077
"visnupurana_amsa-5_u" 0.517678292816342 0.502937911658605 0.52552803185492 0.50850561690217 0.508761258407359 0.527162007290414 0.486532806080345 0.493081247044003 0.484988498906692 0.503974990858938 0.535509417837681 0.479552634406188 0.510356384464424 0.50691450381472 0.481332472468312 0.549724759447009 0.470269815890109 0.489421666225263 0.467804271368701 0.480105405381752 0.526393867864723 0.472735486722593 0.499760470008986 0.50326333235197 0.50174287197818 0.506091691017478 0.493099714288009 0.504399872688907 0.545569365580085 0.529111873772587 0.470986016203463 0.484488150069234 0.639809168964898 0.486711408230137 0.504360917329785 0.477678226142246 0.499861058859224 0.497514082683535 0.531057671229579 0.514646307357159 0.49443181848133 0.521808839779269 0.510813752923111 0.536213901266598 0.555535942201296 0.534322661051689 0.534191859053382 0.528847902046637 0.528735013035509 0.538236336044732 0.562385426453571 0.49789550596105 0.501513424071667 0.543715007022592 0.536261333021403 0.507871429675986 0.542067397950337 0.551620786812644 0.614976186907754 0.583061964896922 0.472338330183159 0.526090079062649 0.493653169523423 0.463947027722609 0.466510263999819 0.49194734400534 0.492419930458599 0.521731656511985 0.484013550005997 0.505679643715155 0.523982118441525 0.522125933772258 0.52016008564598 0.518243458539875 0.518285727901646 0.524444346111339 0.527081791087324 0.512359566176691 0.471956459047259 0.551445969734114 0.546414827852866 0.543173175368292 0.565598402359571 0.48961816157983 0.556382259782433 0.52187595229208 0.479275280738629 0.491470288409934 0.535729581838566 0.505914358280662 0.476383392519963 0.492460062668668 0.524012095136334 0.488925949236754 0.584556042047374 0.477239761776253 0.523681684876034 0.473185888390276 0.600306709891541 0.596283995222541 0.543769134326547 0.582718611878516 0.60374333647739 0.591772864056692 0.591199884021132 0.596093935689752 0.557920233327652 0.563310570633605 0.495278497279255 0.486550208440284 0.48318441358847 0.546221744949039 0.431424402114534 0.516955285223191 0.502315460231525 0.496270760306794 0 0.537286266097943 0.391298723758913
"visnupurana_amsa-6_u" 0.589873215079652 0.56459920844286 0.583711833496284 0.577571284410057 0.573159440515992 0.592379139780779 0.560399243098227 0.56019952000112 0.562841839946021 0.571815703271919 0.604847015034202 0.573102325524575 0.568377460518174 0.561618485543937 0.554602448303581 0.580429858371336 0.545403706885374 0.577850291959177 0.554090153468813 0.555163249120161 0.577844875114268 0.551121905600277 0.574423854887765 0.577157344693264 0.566558143826026 0.581642735973543 0.573875098312277 0.588987709616699 0.593922855302625 0.592738655273738 0.566914776276586 0.564495388101828 0.6483940079449 0.556294795197432 0.553160476562142 0.546114542557202 0.571497269098628 0.565024476647214 0.603718449175375 0.577603577245257 0.564905140211128 0.58903289233602 0.572599067405064 0.593567317721172 0.599292696486646 0.597484747889008 0.594318004282876 0.584975750491171 0.591287571647485 0.594642608094647 0.597968210070676 0.558502127858801 0.56020359953691 0.586820425170856 0.578019590297348 0.563463975315434 0.585201925051466 0.607331143147178 0.638299827413077 0.617259594621087 0.541702614090621 0.591036252009211 0.551160884323901 0.539427810804788 0.554907281049971 0.561374309218361 0.564085336129613 0.592087551184534 0.560037885539272 0.57264576628126 0.58555191177476 0.580959718210782 0.58398780154621 0.59714284660846 0.592028730483637 0.599635538400472 0.603679309963757 0.585026491980486 0.556382231650677 0.604862438345886 0.590866847449234 0.605297162946216 0.604490648725502 0.563919837370848 0.605757840971574 0.574909994492406 0.54956211462925 0.559718741545773 0.580410866513856 0.562574961988091 0.559699588112908 0.566422709528432 0.574783997458183 0.558352179470055 0.60035335769636 0.563668771413615 0.574757349073915 0.556132162900816 0.614967680669317 0.631488277311952 0.587408197537823 0.635457606024498 0.60899458538688 0.627461477209653 0.605656092745209 0.630955293975798 0.586557484943953 0.611189590831012 0.561250319050259 0.556092754631553 0.54696409939931 0.604865494220649 0.494642680204913 0.53550805961248 0.531911325985129 0.561660284528598 0.537286266097943 0 0.480629709173924
"visnupurana_u" 0.383799687997737 0.382254285742484 0.422651790877775 0.387731655122036 0.376155285687671 0.419812017636149 0.352363276767693 0.362789807783542 0.357023005310768 0.359360034588519 0.455206732858302 0.367973815702841 0.398595300332274 0.385199390812665 0.327204295188385 0.442467541766585 0.316518881733842 0.36798855157154 0.316939959075902 0.336501999325906 0.416646333986078 0.327394688963486 0.377561902708683 0.371635812225185 0.370656496497166 0.402434226686113 0.379001894043414 0.416680009253358 0.447436678222472 0.430438930610687 0.358228921757583 0.337201455115948 0.59284129672433 0.362523258834546 0.379215625945617 0.332568478457634 0.37982259104073 0.351752614985669 0.442857650605232 0.394639086042206 0.353535466244397 0.414795606572311 0.382638115434603 0.428551162032492 0.445122181567958 0.427239823182606 0.426797186895791 0.410532889164809 0.41803910534666 0.436342117139029 0.470068795861657 0.353212469654059 0.354018288222194 0.424968797342111 0.414276287825761 0.377507809247093 0.425345945072172 0.472854366881965 0.556422808336929 0.509956408477525 0.291739342590241 0.433845871080495 0.344341526604958 0.281981273521464 0.30798296706141 0.340220532996981 0.361967980969714 0.410335354551438 0.346799569651036 0.354131330944289 0.411875678712852 0.397419665371152 0.397230774584166 0.422459266275293 0.419320757831638 0.425820159987044 0.43398911125628 0.396672798333492 0.33935814226194 0.453328942201624 0.439865104605272 0.409407443419528 0.488249632353752 0.364042781691137 0.437375590991638 0.435794273437907 0.336053575495219 0.35057161977583 0.412851748743807 0.382063340129125 0.334191391716982 0.363761322557362 0.410105928529213 0.357958922683411 0.496570996992016 0.338619806860974 0.412284752034657 0.324901873284168 0.528433067458495 0.529228653208975 0.447023540819868 0.50981287583475 0.556088097258006 0.521201423436785 0.513312224741913 0.543748746476361 0.476653988717322 0.47165495853993 0.363673745477453 0.343066711886971 0.336691211280933 0.474817011017177 0.262026484930132 0.413110305558302 0.315580963828947 0.275035329388077 0.391298723758913 0.480629709173924 0
