"agnipurana_u" "bhagavatapurana_skandha-01_u" "bhagavatapurana_skandha-02_u" "bhagavatapurana_skandha-03_u" "bhagavatapurana_skandha-04_u" "bhagavatapurana_skandha-05_u" "bhagavatapurana_skandha-06_u" "bhagavatapurana_skandha-07_u" "bhagavatapurana_skandha-08_u" "bhagavatapurana_skandha-09_u" "bhagavatapurana_skandha-10_adhyaya-29-33_w_commentary" "bhagavatapurana_skandha-10_u" "bhagavatapurana_skandha-11_u" "bhagavatapurana_skandha-12_u" "bhavisyapurana" "brahmandapurana_khanda-1_u" "brahmandapurana_khanda-2_u" "brahmandapurana_khanda-3_u" "brahmandapurana" "brahmapurana_pu" "devibhagavatapurana_devigita_adhyaya-31-40" "devibhagavatapurana" "devipurana" "garudapurana_khanda-1_u" "garudapurana_khanda-2_u" "garudapurana_khanda-3_u" "harivamsa_appendix-29-30_mathura" "harivamsa_appendix-31" "harivamsa_appendix-41" "harivamsa_appendix-42_pradurbhava" "harivamsa" "kalikapurana" "karatoyamahatmya_pu" "kirfel_ppl_textgruppe_I_col1" "kirfel_ppl_textgruppe_Ia_col1" "kirfel_ppl_textgruppe_II_col1" "kirfel_ppl_textgruppe_IIA_col1" "kirfel_ppl_textgruppe_IIB_col1" "kirfel_ppl_textgruppe_III_col1" "kirfel_ppl_ungrouped_col1" "kurmapurana_khanda-1_u" "kurmapurana_khanda-2_u" "lingapurana_khanda-1_u" "lingapurana_khanda-2_u" "mahabharata_01-adiparvan" "mahabharata_02-appendix-21_sisupala" "mahabharata_02-sabhaparvan" "mahabharata_03-aranyakaparvan" "mahabharata_04-virataparvan" "mahabharata_05-udyogaparvan" "mahabharata_06-bhismaparvan" "mahabharata_07-appendix-08_sodasarajika" "mahabharata_07-dronaparvan" "mahabharata_08-karnaparvan" "mahabharata_09-salyaparvan" "mahabharata_10-sauptikaparvan" "mahabharata_11-striparvan" "mahabharata_12-appendix-29_moksadharma" "mahabharata_12-santiparvan" "mahabharata_13-anusasanaparvan" "mahabharata_13-appendix-15_umamahesvara" "mahabharata_14-appendix-04_vaisnavadharma" "mahabharata_14-asvamedhikaparvan" "mahabharata_15-asramavasikaparvan" "mahabharata_16-mausalaparvan" "mahabharata_17-mahaprasthanikaparvan" "mahabharata_18-svargarohanaparvan" "markandeyapurana_adhyaya-1-80_u" "markandeyapurana_adhyaya-81-93_devimahatmya_u" "markandeyapurana_adhyaya-94-141_u" "markandeyapurana" "matsyapurana_pu" "naradapurana_khanda-1_u" "naradapurana_khanda-2_u" "nilamatapurana_au" "nrsimhapurana_pu" "padmapurana_a" "pranavakalpa" "ramayana_01-balakanda" "ramayana_02-ayodhyakanda_a" "ramayana_03-aranyakanda_a" "ramayana_04-kiskindhakanda" "ramayana_05-sundarakanda" "ramayana_06-yuddhakanda" "ramayana_07-uttarakanda" "saurapurana" "sivadharmasastra" "sivadharmottara" "sivapurana_dharmasamhita" "sivapurana_karvanamahatmya_au" "sivapurana_rudrasamhita" "sivapurana_sanatkumarasamhita" "sivapurana_satarudrasamhita_au" "sivapurana_umasamhita" "sivapurana_vayaviyasamhita_au" "sivapurana_vidyesvarasamhita_au" "skandamahapurana_himavatkhanda" "skandamahapurana_kasikhanda" "skandamahapurana_revakhanda" "skandamahapurana_sutasamhita_khanda-4" "skandapurana_adhyaya-1-31_pu" "skandapurana_pasupata_adhyaya174-183_u" "skandapurana" "vamanapurana_saromahatmya_u" "vamanapurana_u" "vayu_ba" "vayupurana_01_frame-and-cosmogony_iast" "vayupurana_02_pashupata-yoga_iast" "vayupurana_03_kalpas-and-shiva-lineages_iast" "vayupurana_04_bhuvana-vinyasa_iast" "vayupurana_05_jyotis-and-purvardha-close_iast" "vayupurana_06_prthu-and-prajapati-lineages_iast" "vayupurana_07_shraddha-kalpa_iast" "vayupurana_08_manu-candra-vishnu-vamsha_iast" "vayupurana_09_upasamhara_iast" "vayupurana_10_gaya-mahatmya_iast" "vayupurana_revakhanda" "vayupurana" "visnudharma_pu" "visnudharmottarapurana_khanda-3_adhyaya-343-353_pu" "visnupurana_amsa-1_u" "visnupurana_amsa-2_u" "visnupurana_amsa-3_u" "visnupurana_amsa-4_u" "visnupurana_amsa-5_u" "visnupurana_amsa-6_u" "visnupurana_u"
"agnipurana_u" 0 0.414209384448259 0.447506847932329 0.410612216177874 0.398002526626076 0.44162475704358 0.390940794907295 0.400855213407346 0.395561189622807 0.398144823974899 0.472751722026791 0.391653232471624 0.412962395936339 0.408382702464232 0.289743225762855 0.381977435130028 0.339224059333494 0.329309384652171 0.314314145148309 0.338514032693687 0.402523412450735 0.344899388476838 0.29253393627947 0.228804297732085 0.321717686224147 0.401614862538374 0.390158659821683 0.432903078735823 0.441094434493663 0.427393250182628 0.374636217831815 0.302875479817969 0.554034139012286 0.43578476492161 0.496290693725506 0.426470040818915 0.471071877987636 0.458239308564305 0.521536194991241 0.445835666800236 0.353898650693346 0.338027546222683 0.313981468589875 0.316149511754226 0.399939028587169 0.433804301354689 0.426365703698367 0.390017262916212 0.436086623421349 0.413662912115716 0.436483103665816 0.465929139459379 0.434155737675509 0.434461198269543 0.426723086051531 0.431266508722401 0.451945095963299 0.487657212690227 0.386837558407885 0.384103883855438 0.415772296968241 0.396916793837312 0.415423494513859 0.471584712095473 0.484822593661288 0.585871467458059 0.5193834693565 0.331372239923145 0.453235161631401 0.412870221813182 0.33859685572986 0.276152139933773 0.239325163504125 0.353693998126018 0.39220618058951 0.361643523265436 0.364775520468022 0.412970443805935 0.434583159334696 0.420749735700169 0.425363179515881 0.426037477631722 0.431603993889917 0.433162634432726 0.41999107087694 0.335358265778079 0.386531033083724 0.351854799463254 0.439638599879805 0.464934847231657 0.384494012974861 0.462170897903229 0.418504746583924 0.332294983927377 0.331298415673487 0.367073482138369 0.375329580820171 0.310157688628305 0.348647773385206 0.416280646736478 0.387923985897748 0.469626797242652 0.358270855220763 0.404572362294567 0.33018885001251 0.356196819924899 0.425265671900113 0.458270183732658 0.405288376649079 0.452736163326202 0.388156178394173 0.418105090549626 0.38690267685628 0.398627876033518 0.412134333664895 0.426945706711929 0.355178851799349 0.335342817728074 0.364976817984422 0.459896464435511 0.386298299487146 0.388596914683143 0.37493983566115 0.431431844381532 0.399281746824167 0.429294301266287 0.333200772410352
"bhagavatapurana_skandha-01_u" 0.414209384448259 0 0.334717545366813 0.298630410717867 0.286627076006352 0.37022146673294 0.294346024489531 0.30362556596608 0.310953478086797 0.320723413957743 0.421479894540031 0.271146924374948 0.311537944528912 0.33780344553792 0.384302884748691 0.4132228484599 0.352622033540169 0.406185357694223 0.36440057736379 0.346497282966397 0.441507215564503 0.385505288710216 0.416878130934767 0.400654624544109 0.408000783796067 0.455032215322297 0.375683561447882 0.406168987362313 0.426403039189432 0.424269925818839 0.339123698166386 0.390759750081216 0.58889643473214 0.415473865358612 0.49912676007935 0.421684612646199 0.472866004107734 0.461672090666188 0.500687479530952 0.42345839236302 0.371013730356754 0.391881193640655 0.383276994642181 0.434393245751974 0.345537750870946 0.405721456830094 0.371157356647542 0.339356646179769 0.392182665908068 0.360374533269772 0.405826471991668 0.431732417180413 0.405102359033621 0.410411979570466 0.398040942784812 0.395131649337455 0.409291274223815 0.462877925040698 0.345089996745295 0.353127592125963 0.4275915234786 0.4311706040459 0.365383504399982 0.410781924109661 0.444951126922248 0.546756569249252 0.47818842001608 0.353623059764263 0.469271897641413 0.373522917558734 0.34725886094821 0.348469691156541 0.377672730538648 0.395281228637834 0.443657606622022 0.365252638250997 0.399735341800171 0.435945614373296 0.410264324493014 0.387013791962329 0.409485081165737 0.409633186504096 0.417181019596249 0.423236761169945 0.389597646838674 0.380977446590514 0.46652825754695 0.422318986250013 0.459659971110381 0.477793579354177 0.411780342810449 0.485601249639044 0.404154420162768 0.378851155746579 0.407392768394095 0.463101447932995 0.393982482874231 0.372821883587457 0.397848600426242 0.45526033488901 0.394668945492763 0.473389701351135 0.350221530047717 0.416861931461674 0.364209277612927 0.392933203691818 0.439593165929217 0.501574098392757 0.418821505614809 0.491769495220046 0.430320652689186 0.448388314423046 0.438809546715243 0.401290731595671 0.436404039796241 0.485802161909719 0.409047953081875 0.379454652870935 0.365313426689675 0.476748346328144 0.392679902523031 0.428463502689002 0.426048442832343 0.435268568236946 0.393369403895311 0.42842339554832 0.354710565985698
"bhagavatapurana_skandha-02_u" 0.447506847932329 0.334717545366813 0 0.322423924283039 0.335200045707722 0.381566696941065 0.341707855083454 0.343659114662693 0.353482014676544 0.377207937053586 0.460103078484135 0.361199904079144 0.346887254183617 0.374262115749362 0.431685681025476 0.449981582511432 0.409542988516488 0.444440110905792 0.416085976911343 0.406927860506181 0.45947322592586 0.4355202662533 0.452033279268943 0.436328925788693 0.447429534323718 0.47949179436605 0.43899450525114 0.445046999615052 0.448659931166085 0.465262855835142 0.415290802396335 0.425143996417606 0.594602539923197 0.460633717429079 0.527605174777634 0.460068028995936 0.480492573402887 0.481926102143408 0.512447404899698 0.467920495691467 0.400551587286129 0.419350279684316 0.416874915218744 0.455081756860994 0.42247830899001 0.463932406223726 0.446885973088356 0.417910661944933 0.461358692564421 0.438087149604696 0.467041382337946 0.483018413059484 0.464924205723236 0.470515009408213 0.462614807432357 0.458415296810882 0.466650756585075 0.482532894737682 0.402511906108701 0.417557312452368 0.463502874289416 0.46726623643541 0.429281309774533 0.478339135098563 0.501273345590079 0.580087379743223 0.519664282890229 0.40626006803487 0.4995303977545 0.422358848736733 0.401525991329689 0.401732358069535 0.413949700239793 0.437518387043803 0.480220787717508 0.408825427028116 0.445013972887541 0.446503721401383 0.460682190958696 0.453679054705579 0.457255342535465 0.452365583775715 0.46463743245851 0.469068173626366 0.44520771075894 0.41794951128161 0.48366171115696 0.453686369649599 0.494303531475084 0.507183837128265 0.455615913075261 0.506314714186153 0.437333632607402 0.420445074582401 0.427737866600745 0.484260801814192 0.434169194996918 0.407102051690952 0.439931859615424 0.466522325404025 0.434999963454798 0.478583440221574 0.40770057022239 0.447826028219004 0.416187112054846 0.437628100038228 0.465637089088535 0.50235149550537 0.447468930381794 0.517884768085633 0.466333337778956 0.480094789721186 0.472148899027924 0.453156963506024 0.463482546743859 0.514455836874941 0.444587752612514 0.424523632109249 0.399124805050846 0.495632527440049 0.418292287715373 0.447214044207554 0.458683492869407 0.470059734142226 0.443092406990685 0.445110917344862 0.400512825984388
"bhagavatapurana_skandha-03_u" 0.410612216177874 0.298630410717867 0.322423924283039 0 0.226833493670655 0.324665030389685 0.30588060750878 0.318453456948268 0.317008847302262 0.342782638795851 0.38451716777657 0.261134941091185 0.263683129464618 0.314778215388458 0.399853791859148 0.420888117181051 0.373757144237414 0.407645859518164 0.374581224823496 0.323925306650205 0.441897044908418 0.404505426138223 0.419560818211613 0.409445373560182 0.416167863066875 0.46121477312312 0.363345078021971 0.395819523190792 0.389505848793228 0.40395227641241 0.329242660481489 0.390931421220655 0.580570613038689 0.397864412150885 0.475710471670506 0.399863431092444 0.435954931553626 0.421710290931397 0.47388512124139 0.407718608392536 0.379019357273498 0.394938723444318 0.382140159162812 0.430960647016729 0.338980903072467 0.405176215780717 0.37591886084588 0.328659964508408 0.387103779632115 0.359631589516092 0.399692561042823 0.427506112282542 0.394743041901007 0.40174521035483 0.389605834179659 0.389556646268522 0.407383073520322 0.426999268719008 0.317001884211131 0.332950249923058 0.398284823980576 0.40345429936681 0.352566491864201 0.419200497978196 0.450310084183547 0.547753004694322 0.48368899738568 0.36524595147747 0.475454561793139 0.393903877971068 0.359585368687022 0.35877031421264 0.386075566251995 0.399753166901112 0.455514888102375 0.342984961834675 0.405404697826629 0.436131036603977 0.393686311065955 0.371445377248991 0.388307536056292 0.388352590557371 0.389399431560303 0.398026398666445 0.371877465165231 0.394444036109799 0.464114538236384 0.410551744645911 0.470981837140775 0.493448073836156 0.419594956643793 0.487893969190553 0.416452848708511 0.382814830010897 0.397847735158195 0.466370981124337 0.406092756558098 0.36929830574112 0.395258747001427 0.461800961290014 0.402251916479353 0.466436888766545 0.358080462139676 0.425336368528001 0.377733008459122 0.404623244629417 0.439131067162786 0.493362235557387 0.4246819087137 0.505428027266488 0.440141878377623 0.455185934006131 0.447196393867444 0.426397686308536 0.439139259689471 0.49881902290283 0.419135735203767 0.390708438896313 0.330394739522799 0.466884174391189 0.388608006494241 0.433871694807076 0.429982324510761 0.447385429811207 0.406378663359393 0.428029111562842 0.361047549243363
"bhagavatapurana_skandha-04_u" 0.398002526626076 0.286627076006352 0.335200045707722 0.226833493670655 0 0.324976595044124 0.289425885426193 0.303972867917703 0.303302119707706 0.319678762888531 0.389410659886487 0.23505611296982 0.27863669784869 0.310332255773993 0.387611396112947 0.412403388923558 0.354933904670221 0.400113135527394 0.361250936688182 0.310126993211411 0.436977673017566 0.388423259755008 0.406567251587312 0.397803504764389 0.407149327537276 0.459887614893758 0.348004441058752 0.380748801204713 0.388621538307095 0.392881430355104 0.311172385056293 0.37957873774227 0.57450195767257 0.380146795179693 0.471515092636622 0.386901965291353 0.438236381391357 0.424044783458336 0.477839726307362 0.396840109010888 0.362668217544766 0.390932695072429 0.373347415686902 0.426109632597429 0.318510653558159 0.392748275056394 0.359940440364067 0.311991030234009 0.37730906738333 0.345048881039952 0.390554686835157 0.401900131283588 0.387043665969819 0.390771222825704 0.376743883259357 0.377765043799369 0.391698852531042 0.431258648305206 0.309353308098675 0.323840547620834 0.396816813629205 0.396545386477171 0.339552801876231 0.402016814500238 0.440399597614168 0.538989161618806 0.470700864990354 0.353611749821064 0.472642496560921 0.373689873793769 0.345639596508017 0.341674965871227 0.3733162796302 0.386781836819545 0.440193871011877 0.327434201920716 0.395188233373544 0.438368681932204 0.376181103323078 0.351691369373784 0.375090281962638 0.375692174058413 0.37791975871244 0.387590260314868 0.356903063751319 0.382021088747679 0.46014988203678 0.404697853818266 0.463583285666752 0.487252609928646 0.404051809213826 0.488009920301398 0.408954970697389 0.373194249503398 0.395910362365439 0.461522337686576 0.393271004882061 0.361051106409793 0.376195899435693 0.455448848954561 0.391541459015136 0.479270045626918 0.345586380176878 0.411919243426621 0.358314140607419 0.392307455332256 0.442026127997994 0.497192253081317 0.418329680474848 0.492802516234416 0.435933208052767 0.443275766348015 0.436276159635976 0.408565617874437 0.439165216924484 0.486564430347152 0.403709807128142 0.377232621653852 0.32193345370996 0.454983690661077 0.376357046308391 0.428052671043908 0.422148493634147 0.436656872467398 0.398823194666339 0.429126111007189 0.349838585216186
"bhagavatapurana_skandha-05_u" 0.44162475704358 0.37022146673294 0.381566696941065 0.324665030389685 0.324976595044124 0 0.368145468543678 0.386306129297823 0.371211169103956 0.399369658716257 0.414740496144912 0.342692681125079 0.353471937703172 0.361258412872006 0.434415071027968 0.449871312329093 0.416510104937565 0.430882120074896 0.413537405857717 0.392129070398336 0.476029253099744 0.449249152605975 0.450175143902527 0.438887239910676 0.452081456434349 0.488342174911615 0.423037262548121 0.451989018417495 0.44452948994321 0.448844724356251 0.390903878093422 0.439166918261964 0.591857894175188 0.434362285672655 0.504893827643538 0.431573469327778 0.482187319012876 0.462458563077184 0.498090879906916 0.450585284215839 0.425547302089376 0.435469511028502 0.427841689470342 0.464211233664785 0.404076847147272 0.45030777599765 0.426538546857905 0.394436124096914 0.441946095283491 0.416211963843154 0.449770817208264 0.474644612795426 0.450491198061814 0.453860999216094 0.44541577508304 0.444595381270812 0.450983337156824 0.461519815386823 0.387450531575549 0.396887825474891 0.44324445722279 0.449307881505038 0.416986525130966 0.467136583224767 0.495707801426984 0.5780026400914 0.524194552355637 0.415165106291475 0.506015319980883 0.448171843704629 0.412047144042002 0.393367339404141 0.426221002157945 0.447632113332844 0.484352785504108 0.400336114837184 0.430521077567884 0.442605102569981 0.446807090952192 0.427816115274972 0.434996593364765 0.432634746617536 0.436171855432033 0.446875859163322 0.43035148579906 0.433114131386498 0.487537946966848 0.443515953883014 0.481522712928055 0.528530288119039 0.462368737375332 0.488869740153781 0.463818316758882 0.427370921736339 0.437794860930944 0.494241423340056 0.451319112564022 0.403235371976663 0.431246554536673 0.48535665508919 0.442965307299888 0.515413558513831 0.415323035655264 0.465965163483283 0.417451087531528 0.434913319802612 0.473415695614121 0.514308246170997 0.460314408122793 0.492175621045343 0.457534177136747 0.486255669461699 0.478093396206809 0.456571467814255 0.471551975170433 0.536840977482664 0.450759094429284 0.423516431296087 0.391665484608791 0.491426590002565 0.4447217491839 0.446082619614848 0.465728826870879 0.439802366522407 0.442221546993251 0.4626578192237 0.399403629555375
"bhagavatapurana_skandha-06_u" 0.390940794907295 0.294346024489531 0.341707855083454 0.30588060750878 0.289425885426193 0.368145468543678 0 0.273344350180059 0.261398978862843 0.300365971624627 0.440178788000369 0.294601294318214 0.30762291134535 0.350978772131898 0.367011915693616 0.393871513812631 0.330929949144998 0.373449692410772 0.336717075290626 0.342311082105168 0.416475570667236 0.36488475811176 0.38885366858941 0.37503320590611 0.388732864757882 0.430268972553842 0.382187465378894 0.408572913321251 0.4130896750561 0.410351211819557 0.350597404012273 0.368361557128077 0.58268857035017 0.399837106687453 0.478621202700679 0.40444620401886 0.454453509576699 0.44362721612491 0.491315732165749 0.410782033666231 0.336959259838174 0.366467745908234 0.348733319827262 0.404413644581151 0.360330605249303 0.416043573984621 0.392511003125827 0.351526814143245 0.412431835932982 0.379045290245157 0.416553491621201 0.437825578896579 0.422832081123354 0.423861829266601 0.409248429928065 0.412745789695777 0.426726451085165 0.458697373530187 0.34454533750877 0.35099870172617 0.423143954042407 0.424854288021681 0.377187840100097 0.429982908855151 0.469547053322041 0.556676962748147 0.49106673940319 0.329590494106077 0.437805292058326 0.373491047162716 0.324172391201906 0.324456598583063 0.354982097914748 0.378865029918457 0.431283975342377 0.354166335079725 0.390505251354366 0.42223195872004 0.412550661433802 0.398073560925765 0.413353245032763 0.411440283770254 0.420015624630064 0.421333584042832 0.391975198316687 0.352288194008401 0.447564659456793 0.410985683767842 0.442172882954191 0.475343087239379 0.38107014989683 0.46665944850506 0.388115093736986 0.352039893902036 0.37480211672388 0.445312910684214 0.382807011296222 0.346337812980933 0.389662443822961 0.422776228361456 0.370437419089713 0.462582053413099 0.335934730949637 0.395966774487061 0.33521866069238 0.371390324924971 0.420990071328551 0.474624281127343 0.39365877900402 0.476432017057933 0.418079407831348 0.420918116996999 0.418217124485543 0.387870303530182 0.418455222211902 0.473892341831514 0.388831172767836 0.355151639590076 0.359382118664452 0.466973963492549 0.351222259865574 0.408309741709024 0.402202233386236 0.424815986313811 0.385912493984074 0.413223241045088 0.328168104738309
"bhagavatapurana_skandha-07_u" 0.400855213407346 0.30362556596608 0.343659114662693 0.318453456948268 0.303972867917703 0.386306129297823 0.273344350180059 0 0.296609991176364 0.321965472326379 0.433250809753288 0.312909220670167 0.30904901923832 0.366187141434294 0.379379420797362 0.410508718988229 0.354654265944675 0.38925980169049 0.358798192630794 0.363306910853333 0.428408782640206 0.378433224600033 0.399734878475696 0.387812340390483 0.389149737880533 0.437105246717082 0.400261585480729 0.425457271549753 0.438982951707785 0.437173759722778 0.375555735232306 0.377248214902558 0.585730665905992 0.431493337206838 0.499237711644918 0.437942076164348 0.47452173477263 0.46162891560029 0.50987869418827 0.434914797026925 0.362063648003943 0.372888781936068 0.367368802120636 0.414406206047151 0.383088070065274 0.433422021031192 0.41012752925938 0.374776548145617 0.429366445903139 0.398980599341804 0.442350241947398 0.450530173154439 0.440213630119804 0.443138049471156 0.433039871014813 0.428855475235149 0.446307118249766 0.473288834985411 0.358353199725397 0.376213858087001 0.424675525199296 0.43249277709944 0.391841240647583 0.447287421282099 0.479265932746577 0.558717695306376 0.50056670035188 0.345099423787203 0.455563296461075 0.386901272130922 0.342224056486154 0.342741960407774 0.363584107057945 0.384708688267904 0.442959226463088 0.372295977736805 0.396655625336145 0.422110045923338 0.43454226712247 0.416675092482891 0.428949571647538 0.42819521769292 0.440408307158834 0.440992882761951 0.411409242780602 0.364849982671939 0.447564385703067 0.415346964771101 0.4467818933532 0.480638404918708 0.397023637598636 0.470307493383055 0.403624861641929 0.36751518983138 0.386411966849892 0.445248970327296 0.394375461730376 0.352058204230926 0.398168862239819 0.433395895962288 0.387705828082917 0.471484172450022 0.356071126245759 0.401236394960138 0.356027632242607 0.391133874958221 0.431857428800878 0.482230224677465 0.414245898337368 0.494989789927618 0.427078320882913 0.444103029690297 0.424620530667816 0.407727473485305 0.429775441058758 0.474257866179096 0.398242635847258 0.376849969387944 0.369053426960387 0.476599566190072 0.365615750727742 0.417361592457043 0.406776597284631 0.438961311890093 0.389767344034457 0.415183201589722 0.341013258437934
"bhagavatapurana_skandha-08_u" 0.395561189622807 0.310953478086797 0.353482014676544 0.317008847302262 0.303302119707706 0.371211169103956 0.261398978862843 0.296609991176364 0 0.299790700936564 0.440623935553925 0.283557632490226 0.341580401713004 0.355735582560163 0.365916092771676 0.403160886084597 0.335830792150306 0.373611123213878 0.342556632876774 0.350179726378739 0.428986840930948 0.372207808205483 0.393059626645426 0.378586990404918 0.402944917021009 0.436880053086612 0.379171873689071 0.408745116034306 0.408646917020335 0.393517376070299 0.351742537485227 0.364522492041609 0.584439033559786 0.412047803976395 0.482646451328521 0.413896911433172 0.468285414449027 0.457239019934868 0.485880806264519 0.412755986216985 0.340824477028391 0.382412891332459 0.354396335575444 0.406500644919273 0.371878051236853 0.406456389576197 0.398245168630909 0.361758376374107 0.41691833412786 0.394366443244069 0.418768033009871 0.442871911716844 0.418918464935312 0.420903874932511 0.409697825699468 0.420525893780823 0.437933509949537 0.485750033829301 0.372497026334468 0.370517334602847 0.441277595853571 0.436710887790045 0.393739581257522 0.441929765247156 0.47157879346495 0.564862526675813 0.498014703196204 0.348477835924329 0.435866980378124 0.382432270050851 0.339305354676529 0.323253650380367 0.360067570982262 0.387196614874501 0.424951351415754 0.35913208528481 0.384840151816594 0.425776657271577 0.417413222684156 0.410033864131196 0.416358805880431 0.40901378777223 0.41465694598462 0.410380330703856 0.392107730105345 0.352570047565251 0.443337014877246 0.419810681500126 0.442367874857732 0.483980649246288 0.379730349279333 0.458957992507866 0.386937820243739 0.362769883843446 0.382117220410023 0.451625929895233 0.372777431045853 0.358586030651126 0.391508964632781 0.437155861371518 0.370413834996167 0.479202997931675 0.332032785675165 0.393319342323942 0.330101256754499 0.378705081266763 0.432753910459243 0.493525664382125 0.398570330632441 0.465807123229056 0.424270685855823 0.429263951563382 0.432103856454565 0.388706005109883 0.426055004199703 0.477053443218847 0.393070195977074 0.361353322458959 0.366813578542379 0.466977028336862 0.361808483408912 0.417773086934338 0.413897172189899 0.424920194384511 0.378098788900549 0.427974455014237 0.33476722708261
"bhagavatapurana_skandha-09_u" 0.398144823974899 0.320723413957743 0.377207937053586 0.342782638795851 0.319678762888531 0.399369658716257 0.300365971624627 0.321965472326379 0.299790700936564 0 0.45252148967149 0.304249401759341 0.368796695907905 0.373772065246575 0.372081114463067 0.396304267897545 0.315717987146588 0.391006466162226 0.340042249364892 0.358160119125584 0.439637633007399 0.375031469689542 0.409850764700235 0.389843448566007 0.406762075172346 0.447700516937756 0.391101859440409 0.416222765170169 0.440036697054171 0.42885325282354 0.344800176898639 0.367858786737437 0.590708014753498 0.37616063244671 0.484493181641164 0.389733598687935 0.469858414973429 0.455623314413005 0.490897781730804 0.386865168209392 0.353368849590134 0.393394861134782 0.370290328353801 0.422325422029965 0.355010005747787 0.416526903431114 0.395615322363223 0.358266751634776 0.408106663536796 0.383466399115748 0.424577247226536 0.433409274950585 0.420395583908264 0.423898069279433 0.406433929644388 0.417821733440568 0.431032218081695 0.491618736018462 0.375587011883735 0.373656517532056 0.450823948351654 0.447181913573399 0.39216688543646 0.428811283774962 0.460224541082158 0.556892905359119 0.496996330199149 0.335932245113683 0.459924873068487 0.365944084047317 0.33023274118263 0.333966553193425 0.375178057425111 0.384775404824096 0.43370809305703 0.366469398520696 0.403051336405683 0.441210953673363 0.393150652576276 0.390017824311512 0.416977775171605 0.408610118578985 0.419862747575663 0.426259502820442 0.389328249973773 0.373511866008266 0.459754655048255 0.434361989359785 0.449023781364812 0.487113513455589 0.397901114418557 0.47901176439401 0.401410830329124 0.363887634810851 0.3968341488745 0.467602575873471 0.398482969933119 0.364921098270087 0.398345833202893 0.45774204093093 0.382860593240472 0.487703998895331 0.356622715119595 0.402489586892732 0.343806613073137 0.364539240436438 0.432861662324294 0.498120784905731 0.399570017943726 0.483937127688402 0.420617430129901 0.420938571711609 0.428405749471692 0.338746938424531 0.432370148409404 0.480788345127774 0.401282204726576 0.354465147314564 0.397134390015146 0.487415097498433 0.374353200982384 0.417633783130946 0.420089361648757 0.386989536224894 0.389118938624975 0.435451403286961 0.33432398854974
"bhagavatapurana_skandha-10_adhyaya-29-33_w_commentary" 0.472751722026791 0.421479894540031 0.460103078484135 0.38451716777657 0.389410659886487 0.414740496144912 0.440178788000369 0.433250809753288 0.440623935553925 0.45252148967149 0 0.354263563236775 0.395772766795531 0.418244271236989 0.459547491702624 0.490557001072505 0.449978372045062 0.451020037541022 0.447333381537227 0.40248533987825 0.484997532884558 0.454719285748687 0.469501337035086 0.471360498324933 0.457383995971066 0.497307341551145 0.424478832598903 0.459439165293263 0.483147892886097 0.47793462357171 0.407820925266709 0.451375596493263 0.600956297743338 0.467913653084036 0.514000909885797 0.461135434452787 0.502630358514829 0.481955628439682 0.528980380606672 0.473923080128131 0.468455195602699 0.468194996560126 0.462865724389743 0.489474444679182 0.421017541393827 0.471237235164058 0.440102735868727 0.412994910060958 0.447133094155482 0.430290901046841 0.465503346162832 0.490645128174765 0.460833960312402 0.467334898998903 0.454611025544652 0.450022469514987 0.459031141100314 0.478498236713715 0.410130493329372 0.421635690298434 0.438623880121092 0.452482987506058 0.4319558277956 0.473492960473207 0.491273376557181 0.584550825168873 0.525124636682809 0.435984433054983 0.511212038622153 0.455850501738778 0.432555021443753 0.432146802934985 0.452893022156245 0.459312952189201 0.493127898292255 0.417121764610084 0.465130025709057 0.473366852060405 0.466953187474056 0.432358174307547 0.448873443205391 0.445431151500753 0.442526229876211 0.466793990235402 0.443676095178955 0.461909034454081 0.519400453042758 0.464846751045552 0.527496122634966 0.521109392272501 0.471144816260637 0.538222239636725 0.485493619290572 0.448649249600064 0.469802077352511 0.509497939644257 0.480846084139032 0.416730388894294 0.445497472532342 0.499643265752008 0.467792188046344 0.527581288475892 0.431641899046244 0.479075816764159 0.449793486864157 0.479624028615353 0.512254449914929 0.53833628166155 0.500683453651659 0.538620623826939 0.499647966195359 0.524271540528778 0.495690726793169 0.494940644701707 0.500140888936625 0.54290449439523 0.465668068704855 0.469235883537732 0.406105949501871 0.507128287784442 0.473672158174492 0.480745872604865 0.485840385276905 0.491888439596093 0.444178125623351 0.481053713048342 0.431759642329086
"bhagavatapurana_skandha-10_u" 0.391653232471624 0.271146924374948 0.361199904079144 0.261134941091185 0.23505611296982 0.342692681125079 0.294601294318214 0.312909220670167 0.283557632490226 0.304249401759341 0.354263563236775 0 0.279444403248241 0.309713236976791 0.377844021412869 0.430770427341423 0.350786579706882 0.389856957557389 0.361258252808749 0.297595596791715 0.443191601984676 0.375354418434297 0.40456378194956 0.392172280081699 0.406151956431064 0.452797162401191 0.329152932952142 0.360879687179817 0.398844569171562 0.382410457880388 0.280060807738924 0.376496430648349 0.58041954677058 0.385610086534685 0.478511852314099 0.388140323034305 0.45499721867529 0.441453832025333 0.485688942279335 0.3917746167007 0.372017399505479 0.399280342408459 0.376122475489984 0.428295760818608 0.307860701418141 0.36482304035954 0.336635512225635 0.297473509928983 0.35754707625463 0.331313628032103 0.369429376115676 0.406071696784576 0.361897326691448 0.367630991193711 0.353532718401349 0.366091996138069 0.380301232767734 0.455259955974501 0.321669944700078 0.326387263485643 0.407356377173887 0.406507035621376 0.34157243585216 0.392061226265017 0.412195274881691 0.537769504023965 0.470836206087003 0.351624179369864 0.458211151557554 0.373705305933133 0.340415210828229 0.336523648296142 0.370372197600617 0.390796054872215 0.431167215539048 0.318090580088109 0.386893618505962 0.449494830071942 0.368903374768133 0.341534467321277 0.364155336185433 0.361003689318576 0.359781826720719 0.364653108360886 0.346264940911502 0.379297768155554 0.462246761683851 0.410740978834936 0.467340789230577 0.483020743402165 0.397476701509449 0.491286200531334 0.401865865827422 0.372343401441699 0.406078335384582 0.471603557133523 0.391221229856947 0.356788217880958 0.373519801251825 0.467070416370881 0.389887669475849 0.495014019334079 0.333086668576462 0.421295240522579 0.344758316024083 0.404148403926402 0.460193647256171 0.515688362688497 0.428571122355442 0.491543783802981 0.445746084905299 0.454759988838944 0.452006472617876 0.405529799161848 0.451057335867694 0.492121300909431 0.399781104677029 0.387350839049549 0.329590464718122 0.457962730778965 0.390352750174994 0.428270502105881 0.429346833749961 0.43027398625261 0.348058767376325 0.434103639876273 0.333832812805444
"bhagavatapurana_skandha-11_u" 0.412962395936339 0.311537944528912 0.346887254183617 0.263683129464618 0.27863669784869 0.353471937703172 0.30762291134535 0.30904901923832 0.341580401713004 0.368796695907905 0.395772766795531 0.279444403248241 0 0.322256047229901 0.401875939942901 0.425836949415578 0.385964266186039 0.414243890065918 0.386727277606474 0.331143091686552 0.433109291180462 0.400816377538633 0.414841753006711 0.406653475572081 0.401022400577756 0.454124548691011 0.379509924845232 0.396311149112578 0.403506021884603 0.422877398013845 0.352179955606532 0.401803767162473 0.578140795992978 0.414905574353748 0.487876318205881 0.421950525790108 0.447268873951021 0.429717114008053 0.484229182346344 0.426037252882189 0.383165659536576 0.381139324960838 0.38577118130724 0.432029532166337 0.352994049254091 0.425008967140315 0.379068463847936 0.340032592850682 0.394542025865295 0.357591342980746 0.407765746566335 0.437542041871159 0.409050415646748 0.415021345575983 0.408043906652663 0.405422269185775 0.414330026879809 0.423965618420274 0.305490933346878 0.33355818926229 0.381962383171295 0.396649602307125 0.351164266483149 0.419444334884996 0.460959673278821 0.552390682703908 0.487170431625692 0.369238215146351 0.480787475935958 0.402794677110311 0.367866973908525 0.366172108504255 0.381400735238546 0.405239313991212 0.456476537026245 0.351730365911935 0.416494873785989 0.439927800031539 0.416607540336667 0.386776314047272 0.407233576410606 0.404314155564586 0.407345626395047 0.418189591357174 0.393509153274133 0.390762705126433 0.462858799940297 0.398659537814219 0.48311647417497 0.489766157728737 0.428917032233685 0.500267313192563 0.424432576106502 0.387829342812551 0.405119688380469 0.460504189304235 0.416085846235902 0.376344336136411 0.393866910899933 0.439258503908938 0.409581890957028 0.459548239284077 0.373868441052197 0.434962662114505 0.391803220055135 0.410555170897 0.445000085090662 0.482554539980601 0.429331063037761 0.510356598189786 0.44220039096338 0.469842963349657 0.441861799170255 0.437860927805687 0.440713718932118 0.50127295846562 0.414836984835096 0.397151568165091 0.328817064078324 0.468601999218923 0.401515807838264 0.432080354229083 0.424962081634334 0.467119116625891 0.416583775783624 0.415400309272964 0.370094334631044
"bhagavatapurana_skandha-12_u" 0.408382702464232 0.33780344553792 0.374262115749362 0.314778215388458 0.310332255773993 0.361258412872006 0.350978772131898 0.366187141434294 0.355735582560163 0.373772065246575 0.418244271236989 0.309713236976791 0.322256047229901 0 0.396266076987449 0.409216948814987 0.370933830642905 0.411661575676169 0.371934290203538 0.328483975110516 0.449098932575655 0.41136745686199 0.425715197082327 0.404675644224543 0.420892869081318 0.461802990778333 0.386495041392371 0.405063699250604 0.398033377975191 0.416897204831929 0.344736284937728 0.398197575912983 0.570315337809695 0.395830460960893 0.463760158797658 0.400375467483931 0.428723112725413 0.424815365709981 0.457501566072645 0.405989152322776 0.373133447621758 0.397651457182556 0.37784821245292 0.431651104755575 0.353702574946108 0.41233552429191 0.388142925129071 0.347949994068402 0.406086989787782 0.374569247544987 0.414016191663505 0.427156487859444 0.415681824733316 0.419002048830757 0.410029958006739 0.412149600956375 0.419978531778794 0.441024310941136 0.338826672265506 0.346338381176145 0.412742305420323 0.401710144987539 0.372646584138935 0.427637196650533 0.455888058943233 0.553110694869753 0.487267342073659 0.37566624003545 0.481055461171708 0.398214681467018 0.369411632057356 0.35451877902487 0.382977477788658 0.420548442592046 0.448154842647237 0.348090107762763 0.41530098776696 0.448952110437511 0.403592625331784 0.39296683933556 0.413366454316502 0.409737025872731 0.417808981411624 0.422604105214161 0.388103521543426 0.388501430734307 0.468771562059063 0.420552750526949 0.483486379778021 0.493318814399589 0.436436398361649 0.492715262349851 0.421142881516083 0.380907993605956 0.411012268772533 0.463902758776285 0.409029325401281 0.393183726195534 0.381223003177521 0.457211609217994 0.408934965185804 0.479486301148943 0.376210809648077 0.425799162767379 0.387528381437735 0.393878320941073 0.439877050688074 0.50170599904252 0.413560596972019 0.492123018315159 0.421352019963802 0.450469271292874 0.445163169388469 0.411165248013293 0.431617311402688 0.508274408289871 0.414019323479211 0.379416931906509 0.343785658866011 0.452988665277388 0.388860902019422 0.407336192245672 0.415330493853255 0.42972660423337 0.413111943011604 0.415128740344769 0.353173855245337
"bhavisyapurana" 0.289743225762855 0.384302884748691 0.431685681025476 0.399853791859148 0.387611396112947 0.434415071027968 0.367011915693616 0.379379420797362 0.365916092771676 0.372081114463067 0.459547491702624 0.377844021412869 0.401875939942901 0.396266076987449 0 0.332109023469576 0.255602252562709 0.30325497001638 0.254817063867573 0.27802693881259 0.367652834905337 0.216382423387384 0.268068841228345 0.265539661621657 0.275599031015588 0.346205395440847 0.345856264286883 0.397465254815617 0.412905305533582 0.410325040680278 0.328660988194626 0.258179462650471 0.550843972711251 0.400948901981266 0.4798280030149 0.401334160560473 0.456297313811307 0.444827264750867 0.498396147216872 0.411832923475957 0.308309287350243 0.30294933921414 0.26170032507036 0.292213634118108 0.344894327871186 0.401342839441705 0.380826632115356 0.333955802410969 0.401532088878602 0.367598658088704 0.41263403849323 0.430893574263818 0.416641600973161 0.415669296143155 0.393154572830438 0.403235014122952 0.419491634390619 0.457888771144394 0.335313917439657 0.324388217092096 0.380627432161928 0.364085217505259 0.362404833945662 0.424176831016491 0.465175535625605 0.550121121412273 0.485241194215091 0.28400993963821 0.417101830894688 0.339996431269524 0.276205557691547 0.218212549927539 0.227308964456166 0.272789566216693 0.333492693077309 0.299125639049866 0.309703464800706 0.407906499284588 0.390251007930309 0.377702722016042 0.396791500645757 0.395506093535513 0.405998051542229 0.414954257013278 0.370323096232627 0.255908420650337 0.368308526967703 0.358205119442785 0.369903811771036 0.415853495975676 0.278456794283916 0.392400514225946 0.360343829913768 0.254562759534155 0.27250387169261 0.320960171887792 0.333936157061751 0.275948868304981 0.293202905731235 0.365569980482748 0.320802475290059 0.443214702711915 0.293729048506519 0.333472145540949 0.279228859481129 0.31846290853465 0.393560804791947 0.438217368460219 0.36665686420032 0.429566821119626 0.36659295495692 0.402283575376216 0.34841105051181 0.34922748305836 0.379853030952202 0.405017356555226 0.272210095613721 0.293306851164281 0.31415734407226 0.434073437216587 0.337691490428805 0.354881185526553 0.33592212939068 0.397981260011029 0.347957125793131 0.39213295981258 0.275549185960038
"brahmandapurana_khanda-1_u" 0.381977435130028 0.4132228484599 0.449981582511432 0.420888117181051 0.412403388923558 0.449871312329093 0.393871513812631 0.410508718988229 0.403160886084597 0.396304267897545 0.490557001072505 0.430770427341423 0.425836949415578 0.409216948814987 0.332109023469576 0 0.255115562445098 0.318384102933525 0.195518077858937 0.347972208960086 0.417616977343299 0.363958079610826 0.366901972048863 0.357381041083117 0.36977475825961 0.403512056269472 0.402789462333293 0.448180457688824 0.387812618712884 0.40002712028953 0.353136160454765 0.351546790854226 0.588850552459167 0.367899316114757 0.408202791744054 0.407676620873362 0.399128774890392 0.333803606881852 0.463641745095048 0.400833775799558 0.321402258920386 0.368703384482495 0.275948355617433 0.367159380221326 0.376854333268248 0.417608003046623 0.410813620173185 0.374143107121721 0.429021438405214 0.403914931003914 0.428893092775684 0.433225660062286 0.444829238450098 0.44633379232989 0.421176654541655 0.428708319762989 0.450399978661581 0.467212788925453 0.363294314045015 0.355154800821951 0.406945583485668 0.415091660107863 0.388328425906007 0.445570706374289 0.48784767359431 0.571136649982084 0.498271348786267 0.317880415439254 0.441371837914928 0.383875523280795 0.321881145947213 0.271263847632704 0.335807799012839 0.387950918497292 0.410946120607778 0.392451908731953 0.414549756660367 0.427900451759782 0.41846366460016 0.424852835947315 0.444611083381558 0.419919035491025 0.446049472265277 0.443933157246278 0.407632218417439 0.344769010981531 0.437304119135791 0.403406260131731 0.426919147838463 0.474900689982067 0.386138346326434 0.429637505806977 0.420023104882483 0.305409949577359 0.342127769768928 0.410105475239565 0.389099211573352 0.37010664032112 0.370046287139591 0.405336724956849 0.347132126306595 0.429096858191808 0.335412358023441 0.382328041782013 0.366187194573296 0.166413883876889 0.248490676251956 0.433184187825685 0.292212321743806 0.372650806787211 0.205909306995355 0.284228860415479 0.336350504452641 0.316561830092234 0.271794486491583 0.460079408596684 0.372577462937242 0.1856508128763 0.388130376009269 0.483458560289603 0.321533057362097 0.330866065951452 0.369602664629553 0.420928834168857 0.414968328746363 0.407350847250167 0.312911651067912
"brahmandapurana_khanda-2_u" 0.339224059333494 0.352622033540169 0.409542988516488 0.373757144237414 0.354933904670221 0.416510104937565 0.330929949144998 0.354654265944675 0.335830792150306 0.315717987146588 0.449978372045062 0.350786579706882 0.385964266186039 0.370933830642905 0.255602252562709 0.255115562445098 0 0.272258118806968 0.135347545298906 0.26643392586578 0.379894685699568 0.270495071622399 0.313997933515293 0.306284865946254 0.324701823700112 0.366473618339671 0.328963724678295 0.382531705241807 0.378367421211352 0.367382523056275 0.264603479775077 0.283339719185883 0.570021613392499 0.31811568298592 0.420883242678784 0.351290388553234 0.421155465869487 0.397820967024462 0.463258254625737 0.340310956643604 0.272042285226058 0.322104293031585 0.236778351641067 0.327194298594551 0.29277028473513 0.367320117319312 0.34635426507206 0.289626701052846 0.365965714891096 0.33530670586999 0.374003965777717 0.400647777269742 0.382495933585303 0.386862744428867 0.349146588854105 0.369271005852945 0.400671931424748 0.451088812825528 0.313316162723137 0.300558625820608 0.385641164077707 0.385295273999365 0.335911098959462 0.388366748252644 0.433816098281105 0.539087329463998 0.461628010510008 0.246862141315169 0.397570613670793 0.305410114241398 0.238094229526372 0.20157129313907 0.276689210615513 0.310163697807825 0.364619744475789 0.297857256809175 0.333975534346078 0.401067048008386 0.34244096030085 0.348757947214847 0.372376966805485 0.359159833895234 0.37953611346376 0.381521792393555 0.331347504404078 0.275745865929246 0.405911281046176 0.379918914616193 0.375719397824024 0.437805495701841 0.305755738037646 0.402027295927869 0.356142386849199 0.241463572740443 0.300477836960887 0.38228094137861 0.337898214117552 0.303168162831406 0.310327784049352 0.369841097831513 0.284351758202448 0.434456264960821 0.255122078996458 0.31753824207857 0.26588743229441 0.211877316071033 0.333385744444703 0.434773187372927 0.303749013678328 0.395011376103333 0.309364109259115 0.30961735348887 0.306053818736613 0.236436397371954 0.325052458991472 0.421669853751503 0.30597248389552 0.190889025015221 0.331387151200734 0.443234571464665 0.290346839504246 0.330391099920954 0.330160270617057 0.359174998083662 0.328865376166936 0.381032459439357 0.235047205364503
"brahmandapurana_khanda-3_u" 0.329309384652171 0.406185357694223 0.444440110905792 0.407645859518164 0.400113135527394 0.430882120074896 0.373449692410772 0.38925980169049 0.373611123213878 0.391006466162226 0.451020037541022 0.389856957557389 0.414243890065918 0.411661575676169 0.30325497001638 0.318384102933525 0.272258118806968 0 0.195509868898592 0.342616135661015 0.370143730416866 0.311401470204647 0.308907829911436 0.314302328399746 0.356132407023271 0.387394372382423 0.380857491231786 0.423791340861084 0.414109778061218 0.376713301040519 0.351756331103406 0.302790029094979 0.56793470180028 0.42229532663078 0.470105241402174 0.421489562997417 0.460321629338756 0.437881634284955 0.502633406051701 0.43622136307642 0.310463145997731 0.359786868446005 0.289345967010583 0.330071076107969 0.393499201713669 0.40963254317061 0.419098550952043 0.378804921616413 0.430281542970201 0.409405816330745 0.41635607615862 0.456874534057625 0.424844282528433 0.428720296317742 0.410758586094678 0.42422806435143 0.447462351815764 0.480801307731431 0.385222512526292 0.385063951453485 0.407526720172714 0.431470455480418 0.410316811968068 0.457925291162917 0.478950202883133 0.583471821585996 0.509344038389488 0.31215977940785 0.391256578409139 0.385852092428351 0.307682445392834 0.254901092702165 0.271316749982533 0.356285612486719 0.401594322095303 0.364541584712987 0.356661536384891 0.394412258152675 0.419335564643774 0.417194881257525 0.41879566487978 0.409915825817056 0.409901468614058 0.415937820790657 0.400920931955584 0.299558994506593 0.405281857648881 0.385546887909986 0.394953365477775 0.463227125051293 0.332029257273018 0.405292992281347 0.383732381815513 0.290442842161173 0.306091706223702 0.383086901681004 0.362412638168745 0.298211374484708 0.353743993284309 0.375015239076228 0.345876847117648 0.442812924997718 0.303570845193144 0.375821225641639 0.307508645299873 0.307019823576974 0.373283482352383 0.465202147630568 0.367890618940545 0.393446762521988 0.347493309940405 0.371415776690714 0.379899974705153 0.363753186419013 0.339969898187605 0.448524751630139 0.344609423346592 0.286489933472904 0.375348795956853 0.465010716802514 0.344822778601476 0.35953768215307 0.38136514674775 0.405111416688254 0.363110236758531 0.401194455779446 0.30171268811128
"brahmandapurana" 0.314314145148309 0.36440057736379 0.416085976911343 0.374581224823496 0.361250936688182 0.413537405857717 0.336717075290626 0.358798192630794 0.342556632876774 0.340042249364892 0.447333381537227 0.361258252808749 0.386727277606474 0.371934290203538 0.254817063867573 0.195518077858937 0.135347545298906 0.195509868898592 0 0.275940545943453 0.367504824732816 0.276725897070533 0.294135344367989 0.288982653912355 0.32175000848532 0.361927803398137 0.340628425294704 0.397898497451035 0.369861910805497 0.353666420577727 0.283796446578373 0.275564252836399 0.56785750131159 0.344707863732686 0.418414131918717 0.368813152496122 0.410189603323649 0.376944822846633 0.464188205693949 0.368349272238107 0.26037408134752 0.32064716431559 0.219811774475502 0.30927626723356 0.32333372633515 0.372147398261171 0.365501255781748 0.315311405181081 0.386805043047938 0.355937851337332 0.383015039106912 0.410193251355096 0.394448258367043 0.399365423703336 0.367646985016306 0.382736113076925 0.411067283412424 0.450704073281675 0.323256795363917 0.312663483644167 0.378999121649105 0.386764224945033 0.353448707026443 0.409734673321584 0.449108577107967 0.553897274627306 0.474595365993722 0.249909393119629 0.389118261767553 0.329141996064996 0.244343788554812 0.182183017943275 0.254722754295628 0.319438394145974 0.366854525155066 0.3188028778094 0.333886890796891 0.390268892141482 0.369017126568481 0.370837418079733 0.387772126546156 0.369952406549743 0.38919249317087 0.390978855584955 0.353691491781281 0.270022309687516 0.396988178984806 0.365409783830194 0.368411699281337 0.441390399824047 0.309748806279811 0.388846187036721 0.36154130900758 0.232155254187177 0.283977020366105 0.369687827722216 0.335784702306923 0.287077751579733 0.311016008447034 0.362893131996351 0.294417298866588 0.42223276986732 0.258879127900351 0.332291694846145 0.277550326105654 0.180502243986465 0.296931979408204 0.428615603754673 0.290279209668899 0.365451582422166 0.263410949989903 0.293179878659427 0.311605868557501 0.269106120764811 0.285564984841802 0.422440374525967 0.306201416053645 0.157683548787781 0.336554010272512 0.446577819108764 0.283223466366996 0.311074243756713 0.332785414437436 0.372267145063778 0.339864554457806 0.374054334689132 0.237580247759606
"brahmapurana_pu" 0.338514032693687 0.346497282966397 0.406927860506181 0.323925306650205 0.310126993211411 0.392129070398336 0.342311082105168 0.363306910853333 0.350179726378739 0.358160119125584 0.40248533987825 0.297595596791715 0.331143091686552 0.328483975110516 0.27802693881259 0.347972208960086 0.26643392586578 0.342616135661015 0.275940545943453 0 0.396208709346458 0.27919935965364 0.321818679945776 0.333356655331248 0.32899614856102 0.386330789903101 0.254491249088472 0.31087102824945 0.339491188526021 0.335454438331003 0.211514067866577 0.285128774570251 0.53852180396264 0.307326012255448 0.408201733583259 0.321050502735337 0.385721347842445 0.375526709020907 0.432591470919071 0.326700199070411 0.2939461257745 0.314237347066329 0.266701654594024 0.348013382281355 0.225992627415284 0.325198614188975 0.286167889130744 0.21330479981853 0.313919187882518 0.270652664512326 0.328578623037756 0.353271654534915 0.333952070909337 0.338810076213586 0.297346395223232 0.320978524930818 0.353072032029219 0.389070865642568 0.221667958554721 0.209600607047324 0.308067456617713 0.299840897862927 0.251682647868681 0.335727391622453 0.386363716914894 0.502862244647837 0.422238278230096 0.274046149497366 0.421052637855922 0.307257579577132 0.257868568314721 0.230456125521864 0.305448757076358 0.316511593948997 0.339733771574549 0.219982520244453 0.336214062170543 0.434167469113185 0.296291932472882 0.292716908917849 0.323260242498654 0.3076128313519 0.331423346402415 0.336810994943021 0.274908862153085 0.284471331338471 0.416521725060007 0.357969349941708 0.423788500681439 0.416595905414216 0.32061296656252 0.441981890734338 0.346983841771886 0.270536875764228 0.333500800745341 0.389244839566194 0.322451874547086 0.30306379006157 0.238862341008602 0.390320341658773 0.308188561931885 0.435617468193753 0.250412663207589 0.317514355155177 0.274620236576042 0.317324436983205 0.394441474693214 0.457714928978566 0.365450741811876 0.449319281705315 0.379104319795096 0.394497645258562 0.367490149170121 0.344892427480995 0.391075668150817 0.433270329110695 0.294484697721342 0.293881525163925 0.228332258431433 0.397352523816507 0.314238382355236 0.353074597051462 0.350660475313046 0.405437413448673 0.340948882481502 0.387522981361119 0.262889108669096
"devibhagavatapurana_devigita_adhyaya-31-40" 0.402523412450735 0.441507215564503 0.45947322592586 0.441897044908418 0.436977673017566 0.476029253099744 0.416475570667236 0.428408782640206 0.428986840930948 0.439637633007399 0.484997532884558 0.443191601984676 0.433109291180462 0.449098932575655 0.367652834905337 0.417616977343299 0.379894685699568 0.370143730416866 0.367504824732816 0.396208709346458 0 0.358450661307167 0.376678659773164 0.379415078799452 0.397317725287114 0.411878732500395 0.431214368692296 0.460666052728482 0.467805205624604 0.474226626374537 0.43384114222865 0.355905454612771 0.569144560256269 0.468179495442503 0.513484755231745 0.462230900197108 0.483646500651226 0.4755935438833 0.521245915604372 0.471693980776552 0.367903625672096 0.380333534456446 0.366160159299362 0.373195294842266 0.443062001434603 0.480764251552724 0.47120656571833 0.437209664669453 0.480640284639998 0.455518261376278 0.482072832756208 0.498945916053301 0.491307575304043 0.490000818821069 0.47767336898642 0.477241722926091 0.496532855396396 0.487962912852176 0.418894908078521 0.431778628620566 0.44093626075045 0.459572788691415 0.440050582118441 0.492845883951357 0.516086183283254 0.588196313007343 0.527884098341407 0.374833478618427 0.455136259270864 0.419031379295967 0.370948297632855 0.364572744301176 0.353946355949841 0.399589086120481 0.437316286281608 0.407947887916201 0.414241907355568 0.410573549489553 0.467029578322661 0.458537054254475 0.473459677669986 0.468915803577246 0.475298132126741 0.487698196832794 0.457010732471025 0.364831381138737 0.441554182107367 0.414172069462716 0.474519904034576 0.46808157962525 0.394200565346211 0.474003137781978 0.414912675311495 0.370232070824973 0.365181749886924 0.403370394214738 0.40806433108239 0.367556325154533 0.397324408797506 0.382410170041227 0.391785330674797 0.435779138335257 0.384236989148899 0.409657100238896 0.38517350995887 0.411993446207922 0.441934365741981 0.457877015523782 0.432254257509159 0.488684058729873 0.436076011700871 0.4653155311245 0.433199643001829 0.437749459264331 0.421777385927356 0.475690004224635 0.386827071729775 0.392234933248154 0.409820673972978 0.486771538445377 0.397892250494454 0.428183950661117 0.421113856499622 0.470515425093861 0.432525098424278 0.429691653549066 0.381114523421113
"devibhagavatapurana" 0.344899388476838 0.385505288710216 0.4355202662533 0.404505426138223 0.388423259755008 0.449249152605975 0.36488475811176 0.378433224600033 0.372207808205483 0.375031469689542 0.454719285748687 0.375354418434297 0.400816377538633 0.41136745686199 0.216382423387384 0.363958079610826 0.270495071622399 0.311401470204647 0.276725897070533 0.27919935965364 0.358450661307167 0 0.290732314639419 0.320391787653608 0.322339362987064 0.342461680171765 0.336208990787831 0.385951893211975 0.4189770851422 0.412000040883465 0.329582210482171 0.261066819249794 0.552121403111872 0.404847059622937 0.478372376378983 0.406072937006001 0.46493199320982 0.46018094980824 0.499477855708044 0.412689110051699 0.302971959690153 0.328861820435502 0.280686802228602 0.316273000515829 0.335465384023236 0.409169819800397 0.378309242655411 0.330191783754936 0.399774080189113 0.364259420024428 0.414183108053089 0.434841048766687 0.420505788107966 0.421120423201771 0.393207516436831 0.406392693257285 0.419916481352698 0.461908719042897 0.33483931235005 0.334546725875287 0.384145476731687 0.398330357869325 0.356822301663599 0.412444270737889 0.461027525275978 0.548579097215009 0.482311262382062 0.287468926380595 0.399757648147706 0.332583283161238 0.271567190760889 0.260445634979282 0.281266090146051 0.277823174719701 0.356862095945133 0.292652386426594 0.318238551501143 0.417849216286653 0.381053863673569 0.363664214365811 0.388400698951297 0.388077903782476 0.395253878898965 0.413383380607737 0.364386098244785 0.262396135831063 0.419557865168269 0.387687529273439 0.378394190561665 0.415134524703683 0.229685763928134 0.403784186479093 0.341660709402055 0.26011960746554 0.304768980510146 0.353068008999558 0.336770508891221 0.280967163452564 0.300888803132476 0.359983378280817 0.312789579391718 0.450719343038761 0.295818905902771 0.332423496289107 0.273647153944353 0.343484205919846 0.411094697028598 0.458235512466783 0.378322541974121 0.451220695111453 0.396505027322148 0.408439505647536 0.379387739149585 0.355544981776602 0.396983391229416 0.417902905921306 0.294068911631924 0.319204333334899 0.333454101757566 0.443764670396663 0.331709062585796 0.371343611295667 0.369826612396738 0.412945651200785 0.338541073880768 0.396956813604629 0.283651275763976
"devipurana" 0.29253393627947 0.416878130934767 0.452033279268943 0.419560818211613 0.406567251587312 0.450175143902527 0.38885366858941 0.399734878475696 0.393059626645426 0.409850764700235 0.469501337035086 0.40456378194956 0.414841753006711 0.425715197082327 0.268068841228345 0.366901972048863 0.313997933515293 0.308907829911436 0.294135344367989 0.321818679945776 0.376678659773164 0.290732314639419 0 0.301547834952092 0.331650428433053 0.394459624930457 0.364871071685248 0.419164895508235 0.424939102847758 0.41096927870074 0.357010204842564 0.275596417590317 0.551234311277811 0.429919481010871 0.481923683458701 0.423534558963862 0.471429215616006 0.456596987011662 0.515830325688468 0.430097833992661 0.326584391542474 0.338783170205077 0.30332096666582 0.312257941870133 0.388656490011186 0.420107803219169 0.41575251404537 0.373363829363064 0.422336126409902 0.403904312696031 0.427515009874815 0.456171367250257 0.432317344327191 0.43277695228766 0.417121592420899 0.428344688038243 0.447383631953873 0.47920044948345 0.376833017195698 0.365293303378406 0.392592812429623 0.395086261436731 0.402396527124259 0.452808876718948 0.485878755623013 0.576274096661137 0.498980589096202 0.310703936984435 0.408447070738033 0.382136183406172 0.306848378427803 0.253845950690585 0.274733497770419 0.332112232421733 0.357578964589945 0.349305076888545 0.370898882474117 0.415994364407323 0.421740525643701 0.411040000092727 0.419279258441508 0.414456654651872 0.419360677632951 0.430921309826384 0.405683483878889 0.296757082830052 0.367141219482414 0.350929116390668 0.429523401784926 0.427922884889027 0.337304061739965 0.432400266160578 0.386340686365494 0.294251890511441 0.320512896965228 0.37164915426209 0.36254381494494 0.29192906173697 0.313634951926923 0.37289590489258 0.35404384386055 0.454991948191962 0.315529273264196 0.365509861710524 0.310863512818271 0.333228398662093 0.402113003799217 0.44181952200433 0.379544114055216 0.415617283156604 0.37479249579049 0.39963429549405 0.357793974172996 0.36488390518204 0.387118613998491 0.424006662258387 0.313874968364291 0.307251402755968 0.35041444297876 0.443819467086052 0.374367104515641 0.387960944971894 0.384193290451539 0.444334564212628 0.388584300184502 0.415974789220115 0.334797605386344
"garudapurana_khanda-1_u" 0.228804297732085 0.400654624544109 0.436328925788693 0.409445373560182 0.397803504764389 0.438887239910676 0.37503320590611 0.387812340390483 0.378586990404918 0.389843448566007 0.471360498324933 0.392172280081699 0.406653475572081 0.404675644224543 0.265539661621657 0.357381041083117 0.306284865946254 0.314302328399746 0.288982653912355 0.333356655331248 0.379415078799452 0.320391787653608 0.301547834952092 0 0.289444596371669 0.372447545751774 0.394088147415073 0.429955013014086 0.438925750391362 0.426415980077865 0.371315496355117 0.30464537642656 0.554255031930554 0.433967571937878 0.501916361383008 0.426159992336494 0.477957322961528 0.462519738004324 0.519025059061583 0.443368193529696 0.331941390782019 0.319838698816437 0.2929676645072 0.3087912695538 0.396475484875158 0.435247403623669 0.424577015028563 0.386054674484405 0.435246419422804 0.409747606641176 0.438874695148229 0.471448763895547 0.437780106939339 0.439389444803971 0.431774174575635 0.437468227338085 0.452624758514419 0.48908027447335 0.380654112343512 0.376233183910073 0.416942953763797 0.405117938965975 0.412290178104939 0.469740930263727 0.486455555548325 0.583368314717384 0.520000787736451 0.308181579709623 0.43903783661535 0.387504839228525 0.312112723836888 0.262828653340408 0.233707082726675 0.343912710889484 0.385534662820978 0.349538939220513 0.353615711566028 0.403331254486 0.432147544049804 0.417808719101993 0.429122141015727 0.426867550397016 0.433661403527537 0.434025374811334 0.41899878238462 0.30343265932248 0.379280704616831 0.356827370025185 0.417726552868617 0.452132024958889 0.364059991766933 0.434863455326739 0.396838868768543 0.304022142079604 0.308697280365588 0.356898330541674 0.359538011774396 0.295764409802006 0.344254129302719 0.384611711761163 0.353369796017962 0.456585374131818 0.335849466046555 0.375917188061564 0.315350694801423 0.34344291869714 0.411028822223199 0.446106309007548 0.384953043281214 0.43523576541309 0.379320026095036 0.411422287915835 0.369218324825008 0.384511458205174 0.397892463827519 0.42156854660277 0.325756336163826 0.317240633639926 0.357959053330543 0.452324014027476 0.36712902769348 0.37368741681572 0.358854172233806 0.420288855847637 0.377682374797154 0.409990927158176 0.311140550238087
"garudapurana_khanda-2_u" 0.321717686224147 0.408000783796067 0.447429534323718 0.416167863066875 0.407149327537276 0.452081456434349 0.388732864757882 0.389149737880533 0.402944917021009 0.406762075172346 0.457383995971066 0.406151956431064 0.401022400577756 0.420892869081318 0.275599031015588 0.36977475825961 0.324701823700112 0.356132407023271 0.32175000848532 0.32899614856102 0.397317725287114 0.322339362987064 0.331650428433053 0.289444596371669 0 0.37104822762801 0.396093223842181 0.431113140166462 0.45207690869627 0.45357235865456 0.380250698984469 0.329954888035632 0.54898981732389 0.444008437898865 0.496579571247216 0.444977954634322 0.470626163465467 0.457368237837329 0.519050991022791 0.45106197702585 0.365005760524111 0.330205087679486 0.333770462696941 0.354721606882365 0.392058862630251 0.452101466269708 0.419199007519179 0.377735097472503 0.426542509282509 0.395434836667136 0.448010429076205 0.463191202039576 0.449172104847251 0.449074282083658 0.437793500720052 0.434337434997665 0.441529138229052 0.467759631080827 0.357994369367341 0.35765199655538 0.378163963433692 0.359247418027721 0.392302151669933 0.457797934392112 0.490870275494775 0.568910929566091 0.509180472363683 0.298454835582979 0.448083791089721 0.377071761890351 0.307655517514417 0.286317823114811 0.292924601759969 0.316176184726881 0.39203464508061 0.359900760048774 0.369556556783506 0.426107383363401 0.442216757756389 0.415301962188298 0.435364965191542 0.436818657255454 0.449781223580433 0.45672407571057 0.421676867402874 0.324575341677388 0.404691111728116 0.361554450025417 0.434958594423989 0.440630916864617 0.363935862498949 0.460802732291204 0.409098422087261 0.299589832371929 0.343189329430369 0.370521591250079 0.383809142935175 0.308956305755094 0.339820950041534 0.39801640194928 0.376257938304224 0.450235051729825 0.34729958785733 0.37589073872888 0.340102325607184 0.351732702381665 0.409635922293859 0.430021194047212 0.400321912319217 0.460151278108277 0.383332727455283 0.429426412920923 0.34324503465474 0.396832508770737 0.394202514695338 0.409537423670678 0.316009130083941 0.3306052066235 0.344678648324827 0.461023206749448 0.372379602565265 0.374040495250627 0.349869051422041 0.436568162940958 0.388492975383105 0.399010454337164 0.32037006244416
"garudapurana_khanda-3_u" 0.401614862538374 0.455032215322297 0.47949179436605 0.46121477312312 0.459887614893758 0.488342174911615 0.430268972553842 0.437105246717082 0.436880053086612 0.447700516937756 0.497307341551145 0.452797162401191 0.454124548691011 0.461802990778333 0.346205395440847 0.403512056269472 0.366473618339671 0.387394372382423 0.361927803398137 0.386330789903101 0.411878732500395 0.342461680171765 0.394459624930457 0.372447545751774 0.37104822762801 0 0.424296758996756 0.442292058327712 0.475676240013874 0.483020803409251 0.423346679897328 0.366210630483403 0.564200521158234 0.463031116754433 0.498996310511096 0.462249132468673 0.483977369115429 0.481561039768062 0.517523502117975 0.470433796005689 0.382724863287213 0.390024425285291 0.359803674142651 0.378155062021195 0.434905137871869 0.4697220764859 0.461002225793337 0.431024048841446 0.473860031433541 0.445706671483605 0.481975970173831 0.503736757378522 0.486799764849386 0.487380346722149 0.472101269858517 0.474215904486034 0.48919112604729 0.49447414039724 0.417036138844238 0.420784926776345 0.445533002735484 0.445713394697176 0.438779186738012 0.492793952542486 0.513493757662602 0.590205893069251 0.532839665945892 0.387504107057645 0.471023681327101 0.43427494366563 0.386581669759946 0.362480591854387 0.360892096215669 0.375490551987059 0.423279115621708 0.394553276694157 0.424374793677341 0.44215644092547 0.474272781467432 0.460901256412119 0.471200422194435 0.466442311175929 0.473381823091973 0.483078948964643 0.451564228053175 0.366230465820508 0.464673709682324 0.447023058504092 0.484015641452327 0.469638806682345 0.364982317946988 0.488980101231355 0.406095910470112 0.360366464949606 0.375117691651886 0.402479958272425 0.402937019510244 0.378012628774905 0.397956020528213 0.397309729044744 0.393633793617353 0.476326588654976 0.392777532148988 0.408249648481691 0.378412992938565 0.402880671492149 0.44275610484373 0.474092861297552 0.421177481725852 0.487036349954489 0.437575032797293 0.44921966149095 0.424868188877887 0.424318656933428 0.423929964500869 0.457341278722535 0.383559803459911 0.385758441727683 0.404677095418044 0.479786849477443 0.393936843631332 0.425099855977933 0.420936924142803 0.460881643343097 0.418066392822517 0.451473656821977 0.372364714806265
"harivamsa_appendix-29-30_mathura" 0.390158659821683 0.375683561447882 0.43899450525114 0.363345078021971 0.348004441058752 0.423037262548121 0.382187465378894 0.400261585480729 0.379171873689071 0.391101859440409 0.424478832598903 0.329152932952142 0.379509924845232 0.386495041392371 0.345856264286883 0.402789462333293 0.328963724678295 0.380857491231786 0.340628425294704 0.254491249088472 0.431214368692296 0.336208990787831 0.364871071685248 0.394088147415073 0.396093223842181 0.424296758996756 0 0.333969356518589 0.373963204342775 0.337584364567244 0.237731243364556 0.339719763278895 0.572035752444068 0.345019952340286 0.434566387366166 0.353417941177981 0.431278222112416 0.423027189848093 0.4708520306103 0.355232022765736 0.352848688640817 0.382777080923237 0.336769308793575 0.393279677310647 0.268476095986228 0.317611594526721 0.302481670053249 0.254312669549757 0.320430678588241 0.294358184184487 0.3300553151471 0.381850648223256 0.332567056115226 0.334240290527496 0.306574460906856 0.330639165283276 0.36119268483352 0.426912203487185 0.296078768599036 0.280054003312117 0.359524109393211 0.373440692879688 0.296088537835325 0.353353149460637 0.378401966142394 0.501013100357008 0.432399486166283 0.352705268526688 0.428987449089753 0.366638560239467 0.335191487305058 0.304756388490106 0.368319947437034 0.367887844127236 0.386430593959155 0.299755420559386 0.390362300202925 0.466454318696411 0.320571776598521 0.310859746912894 0.330933311287902 0.314262208200127 0.331217993415496 0.338294354044604 0.302210812051724 0.358700649445592 0.461186056025445 0.410654684329804 0.461221025321935 0.460509574267624 0.355517179516995 0.478007565112633 0.383804441571578 0.342046620740987 0.388106897173919 0.445399568279213 0.372082245996612 0.367494415437132 0.324066600154105 0.433755986610594 0.351635958613321 0.47815221827789 0.298831589428241 0.385164057337915 0.310458379514739 0.378053468488905 0.434927132297782 0.494074885502124 0.416604781066605 0.469712638562943 0.428109521160752 0.431357302717741 0.421231711693246 0.377738291616945 0.438428249115634 0.476466533158152 0.366981091922808 0.361938175128317 0.302166082175624 0.419623546281267 0.372201414770706 0.413915355904987 0.410028229878223 0.442700359639468 0.358936472512689 0.446005586319473 0.336201415594889
"harivamsa_appendix-31" 0.432903078735823 0.406168987362313 0.445046999615052 0.395819523190792 0.380748801204713 0.451989018417495 0.408572913321251 0.425457271549753 0.408745116034306 0.416222765170169 0.459439165293263 0.360879687179817 0.396311149112578 0.405063699250604 0.397465254815617 0.448180457688824 0.382531705241807 0.423791340861084 0.397898497451035 0.31087102824945 0.460666052728482 0.385951893211975 0.419164895508235 0.429955013014086 0.431113140166462 0.442292058327712 0.333969356518589 0 0.403975246587548 0.378422608748749 0.312981530860353 0.385058960919366 0.574716197086236 0.392562052155497 0.480587114637328 0.403085305502331 0.46052310048156 0.46147516998814 0.491984702408191 0.397703247635136 0.385575461588609 0.407151241609196 0.378060492041404 0.421449544935496 0.328912194555046 0.356082225036687 0.352333892048925 0.31634055734061 0.359783296945095 0.343955510255794 0.362400245937294 0.423508836759575 0.356683131142488 0.362989892784712 0.344164243465802 0.366990078792231 0.402581430278255 0.45068217304505 0.3403746019108 0.348629003457485 0.410762029693047 0.418513709251426 0.335455373048321 0.391361517722754 0.409524491691675 0.525545778415784 0.464187749822129 0.405185034923322 0.461640974380335 0.403315762826402 0.389135167749976 0.373658570841048 0.41261723009096 0.41871824294524 0.432636695128794 0.314885358823923 0.430338931849897 0.484864141686307 0.363381425296855 0.373089099443445 0.370574247833882 0.36859564858759 0.386276879687575 0.362276221110365 0.333787850779217 0.387870341627573 0.4773467813498 0.449430046246095 0.498806968495993 0.489340322071493 0.392240930631647 0.508077018111622 0.395606360621438 0.395329705245989 0.418876448959753 0.468996277654188 0.387890856448757 0.411521872266031 0.371524408845185 0.450796117509367 0.384331284485377 0.480395002747376 0.33722917166187 0.407708095934361 0.357425152189581 0.431416224874382 0.47642867978156 0.507387929909536 0.438043680969377 0.510508239604731 0.467212245763371 0.476551097467868 0.473382376059357 0.4201172893391 0.468647425808203 0.498102689662092 0.402251868528838 0.41579365136094 0.338655869014033 0.436320389089325 0.401828074196581 0.440329414559265 0.449538379517842 0.475426844642958 0.386941473237962 0.464404561099481 0.378517536203522
"harivamsa_appendix-41" 0.441094434493663 0.426403039189432 0.448659931166085 0.389505848793228 0.388621538307095 0.44452948994321 0.4130896750561 0.438982951707785 0.408646917020335 0.440036697054171 0.483147892886097 0.398844569171562 0.403506021884603 0.398033377975191 0.412905305533582 0.387812618712884 0.378367421211352 0.414109778061218 0.369861910805497 0.339491188526021 0.467805205624604 0.4189770851422 0.424939102847758 0.438925750391362 0.45207690869627 0.475676240013874 0.373963204342775 0.403975246587548 0 0.343774907779006 0.327753133128751 0.414124308991758 0.581254019334065 0.39259281882422 0.441887564455072 0.41141827041213 0.41365822007532 0.401119865570669 0.458343448187763 0.404718985327229 0.377058906277157 0.416167426560879 0.362756345305042 0.428154971375163 0.357098916144419 0.377526102457849 0.379172591754972 0.343996550265454 0.403338877104643 0.376600070882385 0.377824444681 0.419462201776319 0.401262864761501 0.402006797879918 0.383035930151987 0.403546139665497 0.413421335767314 0.442291166023957 0.336971508825513 0.334612106697728 0.39668632459548 0.403262836817134 0.356190959240344 0.418675469143087 0.457082706595511 0.547763829495722 0.467051188284693 0.411697646224315 0.485272882954018 0.422496253673686 0.398891170335604 0.367201741026416 0.417643724284787 0.445012062483212 0.461844642442207 0.3792845754828 0.4495133052647 0.480257259543591 0.395162768292504 0.406726887397353 0.407653695148915 0.395859137273947 0.410011505550633 0.40011576152374 0.384074266550099 0.401217095092795 0.467620272551783 0.420186168635419 0.487731539883831 0.502512688456292 0.438671860834596 0.481831096102545 0.444678496761991 0.392804776599147 0.416811382472708 0.470390015676164 0.405710225254361 0.429280305470119 0.386323767952881 0.457741204414062 0.397769328855205 0.463733544260268 0.36643466131532 0.425953515517076 0.407705445661648 0.385130257247067 0.416053614969536 0.493843249983111 0.412714290222934 0.473395477603595 0.416839683051635 0.438774561432486 0.446572505350684 0.426296732543492 0.411197268960192 0.514879704774087 0.429921792550682 0.374818108264878 0.370629312628554 0.470142043194165 0.397820645758445 0.422641978014263 0.438932969227771 0.476094959947308 0.445376599455599 0.451909878909987 0.390869752938082
"harivamsa_appendix-42_pradurbhava" 0.427393250182628 0.424269925818839 0.465262855835142 0.40395227641241 0.392881430355104 0.448844724356251 0.410351211819557 0.437173759722778 0.393517376070299 0.42885325282354 0.47793462357171 0.382410457880388 0.422877398013845 0.416897204831929 0.410325040680278 0.40002712028953 0.367382523056275 0.376713301040519 0.353666420577727 0.335454438331003 0.474226626374537 0.412000040883465 0.41096927870074 0.426415980077865 0.45357235865456 0.483020803409251 0.337584364567244 0.378422608748749 0.343774907779006 0 0.288656993377975 0.412561953928918 0.596062144006679 0.388438808327144 0.446857228986638 0.398497361945701 0.450493339986366 0.439893496281686 0.4771298801427 0.399257843137559 0.382613615373053 0.430655182937636 0.356350329747176 0.425433844198641 0.351675479086234 0.319958042045326 0.364470537405534 0.334337975696667 0.37113095063819 0.369744098103001 0.320371249314748 0.411439501896169 0.337036698623153 0.342276458541444 0.327542672982376 0.369233753791904 0.40192489501384 0.471630646496411 0.368608210760493 0.352582404019859 0.423033015470844 0.423505953923463 0.371951334175968 0.414531834480267 0.430418423497604 0.543649285849117 0.46463864792866 0.412816334243349 0.443992491605251 0.425816751369106 0.397102462965052 0.339967404833923 0.414682369938676 0.450922986063025 0.443604777788379 0.37821585256787 0.431000310591233 0.485910432125217 0.373034993712087 0.399219536885811 0.378631834753213 0.35635354592157 0.365910447704037 0.327891063896751 0.360780834309835 0.392760244509686 0.473256687047386 0.427272647233566 0.469799047722945 0.511291021208843 0.415809659621334 0.475117599711749 0.424945804494991 0.390826640534407 0.420535577926639 0.482831161139088 0.389872810302097 0.42302448384159 0.384743400672947 0.468321374998294 0.388279346391378 0.498147452271555 0.315647931845917 0.430260399222062 0.368928629217847 0.384125302382603 0.437782367012245 0.523373475535084 0.418247496060905 0.434741061764366 0.419854401736642 0.421350583691682 0.458331658390153 0.410576989023435 0.429128011783253 0.517861983126446 0.424889556024775 0.371128535423034 0.388400616070512 0.465650218256446 0.394343056711067 0.425732844755163 0.446663003204877 0.467887175818316 0.423878111692063 0.468653966610742 0.383224411614421
"harivamsa" 0.374636217831815 0.339123698166386 0.415290802396335 0.329242660481489 0.311172385056293 0.390903878093422 0.350597404012273 0.375555735232306 0.351742537485227 0.344800176898639 0.407820925266709 0.280060807738924 0.352179955606532 0.344736284937728 0.328660988194626 0.353136160454765 0.264603479775077 0.351756331103406 0.283796446578373 0.211514067866577 0.43384114222865 0.329582210482171 0.357010204842564 0.371315496355117 0.380250698984469 0.423346679897328 0.237731243364556 0.312981530860353 0.327753133128751 0.288656993377975 0 0.334555846937571 0.565668025574092 0.284051020123483 0.405705308775505 0.316376827272817 0.405328338093595 0.386047590301903 0.443285577214044 0.302895036905463 0.328416040295604 0.373877561865971 0.308991316481354 0.387554126028113 0.216492265965814 0.268572856413034 0.256616852910439 0.20706207440029 0.280260257525712 0.251390638874232 0.293587054091251 0.35586863839655 0.2950559840654 0.304832694194294 0.267293119869162 0.29394675874772 0.327924089486054 0.422011161062384 0.258370890510657 0.242095650359717 0.357523377428626 0.354619874104249 0.262902133489992 0.323476783836962 0.353798996711614 0.4937278746758 0.414258701068848 0.315970751416455 0.419103997965901 0.333629763787379 0.295864201002673 0.261022279047794 0.355625989590741 0.362118956374258 0.388214820654816 0.270209983368257 0.377490584654214 0.452705758636658 0.284426127107574 0.285813542908001 0.29749760132367 0.279508027273705 0.298788801416975 0.291549476961433 0.255796971233829 0.341218976332384 0.445813813348447 0.390425141105751 0.440186213590395 0.461297441327093 0.359251954261071 0.464481385737267 0.380194574931294 0.309122782811377 0.372426820827656 0.444481612267975 0.360514730338017 0.352085811602017 0.306150624928347 0.432576128896101 0.338767397926967 0.466801969041095 0.269865384632001 0.370257673882046 0.300302340908504 0.320989895130823 0.40516841846239 0.484585479409986 0.37335057647095 0.446959930826792 0.385971553111636 0.3874927168711 0.396985669578645 0.318683196097278 0.403613240239401 0.473686200193821 0.354907705833457 0.307193903092667 0.286170128207751 0.418444319793846 0.340544892103967 0.378083445465 0.388243417161143 0.406183072955372 0.327630820361224 0.4218072959492 0.286875610433951
"kalikapurana" 0.302875479817969 0.390759750081216 0.425143996417606 0.390931421220655 0.37957873774227 0.439166918261964 0.368361557128077 0.377248214902558 0.364522492041609 0.367858786737437 0.451375596493263 0.376496430648349 0.401803767162473 0.398197575912983 0.258179462650471 0.351546790854226 0.283339719185883 0.302790029094979 0.275564252836399 0.285128774570251 0.355905454612771 0.261066819249794 0.275596417590317 0.30464537642656 0.329954888035632 0.366210630483403 0.339719763278895 0.385058960919366 0.414124308991758 0.412561953928918 0.334555846937571 0 0.550278395843941 0.39656360222177 0.462732220575829 0.394857317936831 0.440045444612157 0.432929330664646 0.484355313776496 0.405297842178771 0.292406436605868 0.323478683936784 0.286518355899939 0.310700958488104 0.352655109711646 0.407437732361889 0.395004835859004 0.344113774704199 0.406691092307251 0.382321577231797 0.416930416025193 0.442537674983005 0.415554432891382 0.418342748777008 0.395824447496423 0.40711233880134 0.435450922520543 0.46638807837868 0.35771141650771 0.352001115620833 0.390042233106482 0.390709243228475 0.375613907917515 0.432703946342156 0.461829591979516 0.557201089292832 0.489902752824306 0.275324489861282 0.387051045798314 0.335152111949435 0.263979817693171 0.241189615026837 0.268677500650765 0.316445463059277 0.342683404506004 0.305947708884926 0.333111238779 0.40711687603279 0.386107379958491 0.377730085573278 0.391404870837829 0.391234303667399 0.398159030133479 0.411582474655413 0.365066527691231 0.286655525375838 0.390706266791303 0.376857347396558 0.412139691436005 0.416256332743941 0.288578838099877 0.430244281836278 0.344531374976779 0.278958641926705 0.303639973067207 0.366855628767678 0.329002365296719 0.273113334459608 0.297807086300082 0.37492801569043 0.320463918816591 0.437077634763578 0.289003520709026 0.336963329598977 0.265014496238349 0.321784452999373 0.38913705888517 0.441692238988232 0.363873742425057 0.428701520533005 0.371136983286157 0.392305330223539 0.361967614701253 0.347897096202016 0.384373719282077 0.410520503153346 0.298349343207165 0.298246173558938 0.333873937195186 0.434643585925514 0.329203706495084 0.363684492971024 0.364259436468357 0.413992625763109 0.348064170133386 0.405936419329944 0.290074492919761
"karatoyamahatmya_pu" 0.554034139012286 0.58889643473214 0.594602539923197 0.580570613038689 0.57450195767257 0.591857894175188 0.58268857035017 0.585730665905992 0.584439033559786 0.590708014753498 0.600956297743338 0.58041954677058 0.578140795992978 0.570315337809695 0.550843972711251 0.588850552459167 0.570021613392499 0.56793470180028 0.56785750131159 0.53852180396264 0.569144560256269 0.552121403111872 0.551234311277811 0.554255031930554 0.54898981732389 0.564200521158234 0.572035752444068 0.574716197086236 0.581254019334065 0.596062144006679 0.565668025574092 0.550278395843941 0 0.588175296036027 0.61150483026 0.580782172525195 0.602186969516242 0.599014199689437 0.611991254908205 0.59249252756118 0.551036306145383 0.54599895343289 0.553941962114993 0.556859109051877 0.573902002076325 0.588050558245434 0.585722763016058 0.566762733587941 0.588828490066222 0.574377037868264 0.594803476458048 0.602619575112168 0.600664338533212 0.594726913796581 0.589244513397004 0.590345703940584 0.589985007432038 0.589792803081649 0.55836523406787 0.557224012889904 0.562838179178443 0.555276057459645 0.571685474434972 0.594823642484303 0.608425441887309 0.6432412387919 0.60226718275982 0.568197810558493 0.600090089187651 0.581088910045913 0.56511796026068 0.548910490082989 0.546298385316361 0.553727744837566 0.56469514924074 0.545458384558912 0.574207772869288 0.595234519677656 0.586250719757877 0.577168894770395 0.593393482196512 0.587601939282761 0.596872411368772 0.599080806730482 0.582050693514966 0.547563218344881 0.572461050719211 0.559932742550961 0.628906165217452 0.564287851717115 0.573194607007898 0.628027598986396 0.574556996325685 0.55390187941465 0.564624858739293 0.563528234329447 0.571036886288498 0.538635946693139 0.525519270352633 0.568183791168661 0.577796325620855 0.587925198490885 0.568172747082221 0.547993703942612 0.556874765197015 0.585160013652681 0.60224209200191 0.601434230478577 0.590713832649954 0.605166907072981 0.596823590480778 0.610633157386712 0.57680953341881 0.593278667400188 0.591875846405585 0.58226204727595 0.535787481163286 0.573605878754328 0.543705947037537 0.586783723585052 0.573204985706573 0.568442231078471 0.578423615694861 0.607696246503839 0.582256275409297 0.580275973875615 0.562453031167211
"kirfel_ppl_textgruppe_I_col1" 0.43578476492161 0.415473865358612 0.460633717429079 0.397864412150885 0.380146795179693 0.434362285672655 0.399837106687453 0.431493337206838 0.412047803976395 0.37616063244671 0.467913653084036 0.385610086534685 0.414905574353748 0.395830460960893 0.400948901981266 0.367899316114757 0.31811568298592 0.42229532663078 0.344707863732686 0.307326012255448 0.468179495442503 0.404847059622937 0.429919481010871 0.433967571937878 0.444008437898865 0.463031116754433 0.345019952340286 0.392562052155497 0.39259281882422 0.388438808327144 0.284051020123483 0.39656360222177 0.588175296036027 0 0.335003222581677 0.255229594871174 0.38030499238957 0.341909571265225 0.388348860264873 0.236064279957333 0.382761967758497 0.430461617830992 0.366521286178383 0.434909702721637 0.300030229465347 0.375018155024903 0.347421160363931 0.313897995686821 0.368274311670428 0.337958408754479 0.378972811316804 0.395519102584581 0.388046163118152 0.389085437471722 0.3500118109371 0.378663829249807 0.411460645701138 0.450356681199699 0.336969226679234 0.32001479333709 0.416775445709397 0.408340797331783 0.334676615498146 0.375595644950051 0.427373210485403 0.521462692293282 0.444933460415545 0.37669898408436 0.476031773485087 0.377797078774553 0.363257027071393 0.347455976104676 0.428128359157353 0.432187365748672 0.439174800868724 0.346275821052629 0.451195466864904 0.492598777343854 0.343098781914961 0.372254250356375 0.402010624000494 0.386151752797559 0.407957070230447 0.40398466983952 0.344460859450445 0.405396847193499 0.495813323330993 0.453519145461594 0.495899357306992 0.497089752435313 0.419319688521147 0.513140158498659 0.430114295748397 0.377333598433761 0.428253217613644 0.486327593736127 0.419914682728757 0.42713311914815 0.375039339683523 0.466426587216573 0.396204988989941 0.493554018411232 0.361117625150505 0.407929058263279 0.380850725615999 0.330369663784474 0.418040890693823 0.503511560543697 0.391848018939119 0.4809011449623 0.412112786902992 0.372720722397699 0.420402770974149 0.295132506959324 0.427933988220502 0.50951100377403 0.422909356408526 0.335420496862759 0.368407286322204 0.464313513386191 0.377462833182083 0.420752396119171 0.426183663034277 0.4214606834076 0.4280536420898 0.467359278818508 0.363781289546055
"kirfel_ppl_textgruppe_Ia_col1" 0.496290693725506 0.49912676007935 0.527605174777634 0.475710471670506 0.471515092636622 0.504893827643538 0.478621202700679 0.499237711644918 0.482646451328521 0.484493181641164 0.514000909885797 0.478511852314099 0.487876318205881 0.463760158797658 0.4798280030149 0.408202791744054 0.420883242678784 0.470105241402174 0.418414131918717 0.408201733583259 0.513484755231745 0.478372376378983 0.481923683458701 0.501916361383008 0.496579571247216 0.498996310511096 0.434566387366166 0.480587114637328 0.441887564455072 0.446857228986638 0.405705308775505 0.462732220575829 0.61150483026 0.335003222581677 0 0.377773122949366 0.40522214958699 0.353396081093596 0.414077072729874 0.35800457889774 0.451240400232787 0.490845871203455 0.434341633396574 0.495432726975942 0.420664105210298 0.455128885903163 0.45094196367618 0.427494670466204 0.464283090964197 0.444262844008407 0.47120484555967 0.475062883699414 0.480198529090641 0.480340903186589 0.452683939415215 0.466665760664441 0.486297011669946 0.49941525655115 0.424662374641256 0.413982890565883 0.465456764753599 0.468302939087651 0.434486278069534 0.472158366840726 0.502241711068304 0.581776997876458 0.510869371823332 0.451482146498829 0.514492926775144 0.467078931502864 0.445387163322453 0.427176302864057 0.493322827561926 0.502724993916538 0.497163225754122 0.446392524503874 0.52789640488806 0.537245762535771 0.457165033482765 0.468135923845013 0.486230873802125 0.471646269608398 0.492601745093632 0.489204796791094 0.449636437690342 0.47302739582467 0.547869291497199 0.506997118700599 0.556159373709409 0.533097777519366 0.487408064518547 0.554144547717253 0.49768967664874 0.452556029333562 0.484822817297119 0.527522604209437 0.4842811358186 0.495334318913757 0.447732148343969 0.509909630986347 0.463242658601166 0.51863322802449 0.436047958940035 0.47876108443505 0.46182666685498 0.392351967667287 0.440609625574458 0.533047178787974 0.446544660124738 0.512138973019599 0.440866758353887 0.372577490066661 0.4779553070995 0.429469410447906 0.444630840174471 0.555790946212821 0.494179185413001 0.40232785417469 0.446091815284046 0.515828148822106 0.441951511712556 0.467483267014688 0.479559353888566 0.50383501422328 0.502367879704956 0.516208360468379 0.445836058923818
"kirfel_ppl_textgruppe_II_col1" 0.426470040818915 0.421684612646199 0.460068028995936 0.399863431092444 0.386901965291353 0.431573469327778 0.40444620401886 0.437942076164348 0.413896911433172 0.389733598687935 0.461135434452787 0.388140323034305 0.421950525790108 0.400375467483931 0.401334160560473 0.407676620873362 0.351290388553234 0.421489562997417 0.368813152496122 0.321050502735337 0.462230900197108 0.406072937006001 0.423534558963862 0.426159992336494 0.444977954634322 0.462249132468673 0.353417941177981 0.403085305502331 0.41141827041213 0.398497361945701 0.316376827272817 0.394857317936831 0.580782172525195 0.255229594871174 0.377773122949366 0 0.398963056227068 0.378110565999991 0.39789587861135 0.295483831350217 0.395282425671181 0.43522585541289 0.379228991775249 0.437554786904257 0.332629433213517 0.390257467193828 0.37691242265721 0.342192574330027 0.396608855879808 0.370276547546833 0.402096010190343 0.415936788822506 0.402389234333616 0.40290034952172 0.373121536104224 0.394821274476782 0.424515490853341 0.452870439531041 0.361216313612188 0.349926277560382 0.422349906494001 0.418375147340006 0.371934863351177 0.403623634871725 0.438172203282453 0.534583763893708 0.475249353230244 0.38838584320701 0.476342317542933 0.396658477318807 0.375773848293375 0.344832824905864 0.419556568477567 0.435808997704413 0.430762383034411 0.352999746484108 0.442534429218603 0.489428943270559 0.376314909488094 0.388242168909544 0.41403926964491 0.404074491557246 0.415099924806783 0.418431585106393 0.368832618045696 0.407650629115791 0.487929893457246 0.44689608248263 0.489658379624515 0.496661967705654 0.425192328053977 0.509634129984 0.423777281361595 0.393422722680834 0.42917760806651 0.486066121242486 0.419684778227095 0.422682398296307 0.375267889632877 0.473638676217008 0.405459214690603 0.500840814510456 0.368903228127448 0.42560743599293 0.379327601070309 0.378814888915147 0.447653182263643 0.510851993758057 0.421828739292798 0.485526886457749 0.438292703220636 0.413078395409119 0.444957243618149 0.361735886374173 0.45089980729464 0.509535111560926 0.425192220936683 0.373513825432427 0.370811827279155 0.461303057533035 0.396936247744064 0.434079553183394 0.434996007225889 0.420724028593566 0.426412271390878 0.477435370599209 0.37136103321926
"kirfel_ppl_textgruppe_IIA_col1" 0.471071877987636 0.472866004107734 0.480492573402887 0.435954931553626 0.438236381391357 0.482187319012876 0.454453509576699 0.47452173477263 0.468285414449027 0.469858414973429 0.502630358514829 0.45499721867529 0.447268873951021 0.428723112725413 0.456297313811307 0.399128774890392 0.421155465869487 0.460321629338756 0.410189603323649 0.385721347842445 0.483646500651226 0.46493199320982 0.471429215616006 0.477957322961528 0.470626163465467 0.483977369115429 0.431278222112416 0.46052310048156 0.41365822007532 0.450493339986366 0.405328338093595 0.440045444612157 0.602186969516242 0.38030499238957 0.40522214958699 0.398963056227068 0 0.302812570257016 0.397477920403456 0.390851878089528 0.419488014405487 0.455462393249316 0.409202635785782 0.465357705743331 0.41430952555463 0.453708990496307 0.446718192810472 0.420100145496689 0.465083914754597 0.442172786615729 0.455795734028127 0.453636765427207 0.470466652681859 0.469407102189294 0.448818341955651 0.453372799565616 0.483449433219777 0.463022982008596 0.399247948897581 0.404216703363012 0.443482645376371 0.441331288416174 0.412521590266051 0.466880386559086 0.497211961261458 0.567992630636693 0.508466529155811 0.4212573811407 0.507400370469309 0.440370145774012 0.415938971102124 0.41535708811848 0.456173139382806 0.488003187449867 0.487631559735213 0.426235741459783 0.498296812272126 0.502541369798716 0.45504667499295 0.463446962684329 0.48089209260485 0.467664496277389 0.489020975919708 0.482648445790912 0.442469020729086 0.453294633259337 0.522131066121758 0.477735383034421 0.5373075757526 0.519867735985096 0.478148162478619 0.537125926010515 0.478368245926064 0.439950317299014 0.451126773637155 0.494743746871024 0.458129083766303 0.473902446962372 0.431460902889025 0.483436790459041 0.451541542775643 0.472740628482095 0.432389477190686 0.457873638079417 0.453766887935043 0.40672213768687 0.398680240865777 0.507712910787655 0.429735544538249 0.518380380658519 0.43763245708762 0.451776795264707 0.468083962649403 0.456568733102566 0.42959679904882 0.528860164121178 0.473102845912153 0.405406968102569 0.408398825183902 0.498946155685564 0.369251750336869 0.430264057953762 0.444507693250077 0.491207506535071 0.482018661717012 0.461143361687164 0.405302415533484
"kirfel_ppl_textgruppe_IIB_col1" 0.458239308564305 0.461672090666188 0.481926102143408 0.421710290931397 0.424044783458336 0.462458563077184 0.44362721612491 0.46162891560029 0.457239019934868 0.455623314413005 0.481955628439682 0.441453832025333 0.429717114008053 0.424815365709981 0.444827264750867 0.333803606881852 0.397820967024462 0.437881634284955 0.376944822846633 0.375526709020907 0.4755935438833 0.46018094980824 0.456596987011662 0.462519738004324 0.457368237837329 0.481561039768062 0.423027189848093 0.46147516998814 0.401119865570669 0.439893496281686 0.386047590301903 0.432929330664646 0.599014199689437 0.341909571265225 0.353396081093596 0.378110565999991 0.302812570257016 0 0.404942541404706 0.360747834485778 0.414291462523837 0.442408311922222 0.395194113050736 0.460912477801866 0.395889194470273 0.442573656213581 0.429182000555618 0.399157318674258 0.44724227052822 0.421711758332339 0.447867627448546 0.440583967288506 0.45870118593794 0.459727554806154 0.435976400869884 0.441871736804779 0.469294857171838 0.451252410933948 0.374788105301666 0.379309862066938 0.416533931609169 0.42460453980961 0.39361074182486 0.451721843653895 0.488410341727696 0.566606315643921 0.503385531574182 0.412351458385911 0.507146136511643 0.441095159538288 0.409601878945436 0.395015642344425 0.447037507918489 0.474909656966208 0.482536583467364 0.416588679060218 0.492113424051564 0.491980885469122 0.444242056722931 0.442224093793308 0.466774503254083 0.448382247389899 0.469469165977607 0.470466053511307 0.430690321805128 0.446834459435724 0.501577420442493 0.454248882404306 0.524787547130736 0.519833464434746 0.474647577336262 0.524193158468361 0.478387892482009 0.415432347637555 0.439218420648667 0.488828501612263 0.458274781262475 0.455640911744642 0.419370046910824 0.484863195366538 0.43550195242544 0.46128049137216 0.417168442531086 0.451379063184662 0.448348692436087 0.349789145675934 0.322511181143471 0.486005504739753 0.397648707892853 0.489427779742837 0.394645976259387 0.408285012281777 0.436015707096633 0.426248899613848 0.391105524071582 0.526022758710878 0.461257699152663 0.359055070799838 0.402308033233946 0.507193992891825 0.395845648816776 0.433725597792837 0.446556928946007 0.486341199816343 0.483604088578788 0.466385963355373 0.407345040370383
"kirfel_ppl_textgruppe_III_col1" 0.521536194991241 0.500687479530952 0.512447404899698 0.47388512124139 0.477839726307362 0.498090879906916 0.491315732165749 0.50987869418827 0.485880806264519 0.490897781730804 0.528980380606672 0.485688942279335 0.484229182346344 0.457501566072645 0.498396147216872 0.463641745095048 0.463258254625737 0.502633406051701 0.464188205693949 0.432591470919071 0.521245915604372 0.499477855708044 0.515830325688468 0.519025059061583 0.519050991022791 0.517523502117975 0.4708520306103 0.491984702408191 0.458343448187763 0.4771298801427 0.443285577214044 0.484355313776496 0.611991254908205 0.388348860264873 0.414077072729874 0.39789587861135 0.397477920403456 0.404942541404706 0 0.411608821986961 0.46891949867998 0.506213732866341 0.461237979661634 0.51089333821661 0.448002479612515 0.481898072252902 0.479788106911024 0.453767439050281 0.489720466240816 0.469858536327186 0.485857720819917 0.497255126295929 0.494878126348033 0.494944324902808 0.475647906333907 0.487880187924994 0.510866531539779 0.499237117815063 0.44710318880457 0.443622399580654 0.489984879960565 0.487677289023309 0.45215317417111 0.489548058585824 0.522454115130581 0.583902497852014 0.52659745781511 0.470249979734146 0.532737583177594 0.47430718528927 0.462757299518605 0.457600668681497 0.509111824093364 0.526867475459182 0.523296000202387 0.4592771422015 0.532481879893618 0.546870108802168 0.480411286904406 0.493151564992969 0.510943063594987 0.499142424648282 0.512971006842169 0.510801576928588 0.46893749943937 0.490388647185185 0.555444083007566 0.525704559250232 0.560619904181934 0.55388598403281 0.507460746119357 0.562024673937358 0.499139014061389 0.480476998153249 0.503206739631261 0.542025915848548 0.492442216021702 0.517969717875633 0.472688958575901 0.522447346057377 0.485010525618759 0.528279613752379 0.469282796497664 0.494607580094893 0.489182185695742 0.459930933873537 0.486414692994426 0.551922647580438 0.472584773780427 0.54088028376164 0.494406639516648 0.485039817601876 0.514977692741279 0.475240230585998 0.486025072568549 0.567586262774802 0.51217672827187 0.459765313157569 0.460862884623543 0.524606763797446 0.453061477965356 0.476644468687969 0.477999649115762 0.501807196279971 0.515208309212449 0.511353417009533 0.454967244195676
"kirfel_ppl_ungrouped_col1" 0.445835666800236 0.42345839236302 0.467920495691467 0.407718608392536 0.396840109010888 0.450585284215839 0.410782033666231 0.434914797026925 0.412755986216985 0.386865168209392 0.473923080128131 0.3917746167007 0.426037252882189 0.405989152322776 0.411832923475957 0.400833775799558 0.340310956643604 0.43622136307642 0.368349272238107 0.326700199070411 0.471693980776552 0.412689110051699 0.430097833992661 0.443368193529696 0.45106197702585 0.470433796005689 0.355232022765736 0.397703247635136 0.404718985327229 0.399257843137559 0.302895036905463 0.405297842178771 0.59249252756118 0.236064279957333 0.35800457889774 0.295483831350217 0.390851878089528 0.360747834485778 0.411608821986961 0 0.395850996113347 0.437071479798679 0.374035066354704 0.441371522246555 0.313228585849305 0.379896545039655 0.356342755653036 0.326152781858279 0.376634000689258 0.348809281196714 0.387983262235084 0.414316078638089 0.392313273252206 0.393343391851436 0.361341314794321 0.384876077100319 0.420542018120209 0.460363240324559 0.350021450976625 0.33934872409188 0.425588422610428 0.422269955667049 0.350383641002038 0.388788186447052 0.434883284554861 0.519729145994466 0.460351172274825 0.3904291831804 0.478205607184682 0.393863775669427 0.374696599768251 0.354695640214072 0.437867343827081 0.440304612998081 0.451384288666708 0.357613631969227 0.460617618825247 0.502491914011872 0.366829578426058 0.386153477493722 0.412076845623134 0.399512534723553 0.421426049421143 0.414418163821727 0.356527552813497 0.41371642363351 0.496574987384506 0.463647837849733 0.50648805833787 0.495592098646868 0.429894053861563 0.519100798939596 0.436678004382553 0.394967946359961 0.439899725874908 0.494784740928182 0.419261613244668 0.437016858686818 0.380582628274096 0.473231372136858 0.398242812565985 0.500355827942424 0.365315662005432 0.411909478994424 0.384644379137541 0.366489582495924 0.438790430626773 0.507105383433633 0.406091075390738 0.503261399669658 0.429540296142354 0.412045470427926 0.440672526938124 0.307238342723537 0.449262620209033 0.511211855483364 0.428170387234014 0.363574711445888 0.377129349286002 0.470510452665112 0.397749062049983 0.439335282841186 0.434967688156809 0.434380951021104 0.425010837806484 0.473384855641848 0.376470521719364
"kurmapurana_khanda-1_u" 0.353898650693346 0.371013730356754 0.400551587286129 0.379019357273498 0.362668217544766 0.425547302089376 0.336959259838174 0.362063648003943 0.340824477028391 0.353368849590134 0.468455195602699 0.372017399505479 0.383165659536576 0.373133447621758 0.308309287350243 0.321402258920386 0.272042285226058 0.310463145997731 0.26037408134752 0.2939461257745 0.367903625672096 0.302971959690153 0.326584391542474 0.331941390782019 0.365005760524111 0.382724863287213 0.352848688640817 0.385575461588609 0.377058906277157 0.382613615373053 0.328416040295604 0.292406436605868 0.551036306145383 0.382761967758497 0.451240400232787 0.395282425671181 0.419488014405487 0.414291462523837 0.46891949867998 0.395850996113347 0 0.259207746989799 0.226115004943268 0.305380995776751 0.356607810262758 0.39129138064913 0.395984544080066 0.348185561936435 0.414870930999368 0.385213482052901 0.410277411472136 0.432228818702348 0.419502795315633 0.421040951211459 0.400241701981984 0.408827923360147 0.434001911128123 0.45154683708849 0.34681036854641 0.345319291650576 0.396180902124784 0.406498174243405 0.36855417633711 0.43281525759904 0.462604084143497 0.555808872387341 0.482100212586779 0.300108240908361 0.415325829553304 0.354528904232035 0.29252545261257 0.264637403864359 0.299761480734762 0.34312543545116 0.380681938585577 0.314904678206108 0.349128027554461 0.398034020984831 0.383724994474885 0.393187809020396 0.403761624796083 0.392125543211246 0.412894779428741 0.409858650474956 0.366926106666846 0.244925556261605 0.397667815422059 0.390763418619802 0.405281176953681 0.431324874555513 0.317971867629794 0.398641751547533 0.328940870716728 0.28806661199092 0.295627831389512 0.383292386539597 0.340542627945 0.310893285368659 0.319394262584383 0.357114193798816 0.299361788454928 0.409196283692224 0.280983564094593 0.307701718353412 0.273444246495435 0.304538699467237 0.362192467685148 0.445239681004137 0.317697296436598 0.420976662404777 0.360087258685126 0.378239132238163 0.373634547142682 0.339309346780492 0.362730326547032 0.431517842223453 0.317657171087428 0.279039048204943 0.334473170315734 0.439384405282302 0.307694623264401 0.363809912538065 0.381180525597784 0.412069920876748 0.366187754537752 0.396308353998156 0.292095401324914
"kurmapurana_khanda-2_u" 0.338027546222683 0.391881193640655 0.419350279684316 0.394938723444318 0.390932695072429 0.435469511028502 0.366467745908234 0.372888781936068 0.382412891332459 0.393394861134782 0.468194996560126 0.399280342408459 0.381139324960838 0.397651457182556 0.30294933921414 0.368703384482495 0.322104293031585 0.359786868446005 0.32064716431559 0.314237347066329 0.380333534456446 0.328861820435502 0.338783170205077 0.319838698816437 0.330205087679486 0.390024425285291 0.382777080923237 0.407151241609196 0.416167426560879 0.430655182937636 0.373877561865971 0.323478683936784 0.54599895343289 0.430461617830992 0.490845871203455 0.43522585541289 0.455462393249316 0.442408311922222 0.506213732866341 0.437071479798679 0.259207746989799 0 0.286201347175723 0.31703341120324 0.380487577232595 0.43188923699015 0.41689693825417 0.371020278455452 0.427455333906379 0.393927245139656 0.435430577322251 0.456412921916795 0.441133888137569 0.443271968106776 0.42758249482861 0.423888196055402 0.44707518200569 0.446988625093066 0.338770991102434 0.340103220791396 0.371856059394934 0.362320903997694 0.376831003588718 0.452846507312775 0.480385102355698 0.56409430809212 0.504696473885098 0.32389475840369 0.452370413774468 0.383616801857554 0.32577583767601 0.298448372714632 0.296368826796007 0.33520617817127 0.385943277900286 0.338308191851338 0.354237631529103 0.399845838698123 0.417983381027992 0.410022577711689 0.423290713275611 0.420378887486736 0.44109421549921 0.438302445619171 0.399405618225352 0.285350334107074 0.381761447150173 0.365641645644768 0.426133436598533 0.425424018208963 0.36155900254019 0.419640477963164 0.378095322627919 0.317424508508675 0.301745537316656 0.346973000205468 0.367629370340753 0.312975873545469 0.332450992132826 0.351114387567535 0.337724671282123 0.416387150596198 0.329766457753319 0.330049240085405 0.314604663914282 0.357219509419192 0.402827658923792 0.414898441338475 0.37640608914248 0.469539111939721 0.388344233146779 0.435631661203962 0.360604376255041 0.399784088369148 0.398116110735643 0.422789293554887 0.315746508435861 0.335287562215905 0.331285038008423 0.460586440597386 0.368978409052602 0.393396525763306 0.360486714166565 0.441097837142437 0.399953732827049 0.403976153170414 0.333839729797944
"lingapurana_khanda-1_u" 0.313981468589875 0.383276994642181 0.416874915218744 0.382140159162812 0.373347415686902 0.427841689470342 0.348733319827262 0.367368802120636 0.354396335575444 0.370290328353801 0.462865724389743 0.376122475489984 0.38577118130724 0.37784821245292 0.26170032507036 0.275948355617433 0.236778351641067 0.289345967010583 0.219811774475502 0.266701654594024 0.366160159299362 0.280686802228602 0.30332096666582 0.2929676645072 0.333770462696941 0.359803674142651 0.336769308793575 0.378060492041404 0.362756345305042 0.356350329747176 0.308991316481354 0.286518355899939 0.553941962114993 0.366521286178383 0.434341633396574 0.379228991775249 0.409202635785782 0.395194113050736 0.461237979661634 0.374035066354704 0.226115004943268 0.286201347175723 0 0.256709390503856 0.339667904588031 0.373239263170748 0.378601812253504 0.329588074686833 0.398148777477124 0.370635562250381 0.3909636371949 0.418634551560164 0.402753696033157 0.403537497125398 0.375943359259849 0.393283674404805 0.424419273328305 0.442783472159192 0.324428345629361 0.315128543095018 0.37132920309901 0.3758112087658 0.350799751306082 0.416906706680465 0.449802385180867 0.544557941379987 0.471580947049139 0.291767424058291 0.415466259342946 0.354907565695934 0.28789285954795 0.223022463465986 0.267370920592384 0.328748116514098 0.364355265360918 0.30615022212416 0.336385326285401 0.390497330947962 0.372516252953016 0.381085874921019 0.394703133097863 0.37614132622217 0.398059975116574 0.392820060095525 0.354605262941569 0.221962842131205 0.372039448718595 0.353663979761723 0.38351213497143 0.42914866189878 0.299390998356359 0.374299349123785 0.331250498313456 0.256480779695529 0.259137279640392 0.342427724584158 0.316334128645551 0.294909242200949 0.292156301701867 0.331000778372685 0.263826093825959 0.406869136315592 0.256567463372302 0.308333919071442 0.280513686972467 0.272345137056092 0.342897678399961 0.424472142491962 0.290593487898713 0.405527078714106 0.325549219397329 0.358541105216912 0.345946502337804 0.321572123302469 0.332975227379559 0.42346818470424 0.30358738743342 0.239101454033125 0.319967754700132 0.432042096410741 0.290782244997953 0.329566523726614 0.337459253994471 0.398364159498419 0.351937743832292 0.380480796718258 0.263684001111948
"lingapurana_khanda-2_u" 0.316149511754226 0.434393245751974 0.455081756860994 0.430960647016729 0.426109632597429 0.464211233664785 0.404413644581151 0.414406206047151 0.406500644919273 0.422325422029965 0.489474444679182 0.428295760818608 0.432029532166337 0.431651104755575 0.292213634118108 0.367159380221326 0.327194298594551 0.330071076107969 0.30927626723356 0.348013382281355 0.373195294842266 0.316273000515829 0.312257941870133 0.3087912695538 0.354721606882365 0.378155062021195 0.393279677310647 0.421449544935496 0.428154971375163 0.425433844198641 0.387554126028113 0.310700958488104 0.556859109051877 0.434909702721637 0.495432726975942 0.437554786904257 0.465357705743331 0.460912477801866 0.51089333821661 0.441371522246555 0.305380995776751 0.31703341120324 0.256709390503856 0 0.403607739925524 0.437416701936784 0.432607757104088 0.396467292342163 0.441435793830559 0.423060891362715 0.446030236437558 0.470180755806466 0.450833504723528 0.452171166786494 0.436952324855277 0.44013806522813 0.460628766031086 0.475041718961719 0.389407115437131 0.389685938317154 0.414110987818751 0.412760574621695 0.408253982512546 0.4672054873481 0.495725264855029 0.572969213558014 0.513413102718281 0.353500258549354 0.445473215179023 0.406364961673623 0.350619316036724 0.301811465474386 0.283677868555879 0.35632289886413 0.388380443799302 0.356631506377325 0.375979726685996 0.408071794235947 0.42754577710303 0.432056014295209 0.435558339484614 0.431384586386279 0.440950893246276 0.443886213541313 0.417922776969602 0.287619756216988 0.389428512010655 0.379782278205335 0.436301209427985 0.441776737258131 0.334178243763351 0.426274681853573 0.377625280284925 0.3186479677253 0.275437313217976 0.345461071392324 0.36443308306948 0.329760467689888 0.343703927963237 0.357515183082979 0.340163542524649 0.440230621474392 0.339344073357144 0.36190352764354 0.332331011518514 0.367386996174764 0.415170061374226 0.440893698074562 0.381648431449102 0.456017432633199 0.395905974927543 0.424555189186161 0.391289595787869 0.397371971040258 0.404767920639229 0.441908552008261 0.338837490541481 0.342229402708729 0.371203552451609 0.447343456450657 0.368308544919028 0.390880748945141 0.385966546950244 0.445761474987874 0.392911217855517 0.424628308154368 0.338419083708627
"mahabharata_01-adiparvan" 0.399939028587169 0.345537750870946 0.42247830899001 0.338980903072467 0.318510653558159 0.404076847147272 0.360330605249303 0.383088070065274 0.371878051236853 0.355010005747787 0.421017541393827 0.307860701418141 0.352994049254091 0.353702574946108 0.344894327871186 0.376854333268248 0.29277028473513 0.393499201713669 0.32333372633515 0.225992627415284 0.443062001434603 0.335465384023236 0.388656490011186 0.396475484875158 0.392058862630251 0.434905137871869 0.268476095986228 0.328912194555046 0.357098916144419 0.351675479086234 0.216492265965814 0.352655109711646 0.573902002076325 0.300030229465347 0.420664105210298 0.332629433213517 0.41430952555463 0.395889194470273 0.448002479612515 0.313228585849305 0.356607810262758 0.380487577232595 0.339667904588031 0.403607739925524 0 0.327959389100881 0.211760339359704 0.147809680002436 0.238930766747664 0.195025214424784 0.288994824993325 0.348525279908335 0.292816493272432 0.298178920582313 0.253434143465048 0.274230405767639 0.305865744482364 0.406539372379398 0.218912998162791 0.219590850048593 0.350392484634405 0.347596831773373 0.209996842002139 0.271532610238183 0.353645882139888 0.463951802078471 0.389945097658148 0.322249949882002 0.447503165542486 0.314762084518465 0.302254641196536 0.298257390751916 0.381620842169973 0.374062837276368 0.39194943366274 0.27303231533571 0.396120904273971 0.468232691778028 0.274168291790304 0.261698083008607 0.310305923412358 0.298774039374056 0.317293934136893 0.325760823720774 0.264380842236683 0.365129483143681 0.465951723999627 0.410936504427805 0.462448918956832 0.45881021460255 0.370405277941932 0.485261041246542 0.387004240482405 0.333256601878115 0.388217664314976 0.448562306392298 0.379297899010369 0.373711535287972 0.3120747386259 0.438384993765673 0.345690797484207 0.476488125527307 0.297839836548971 0.37762845351954 0.329272957587092 0.349912951108558 0.423914677774307 0.487839486038363 0.396203244607699 0.476488566411345 0.40916544173834 0.41563124205663 0.40615498689846 0.33976730859217 0.424830690094102 0.483046586100928 0.360896246449078 0.3388053887721 0.291024996237011 0.420612042373498 0.353340728818115 0.396126915734446 0.396483590205822 0.416016602339839 0.368030771397745 0.43095807262486 0.31792068449855
"mahabharata_02-appendix-21_sisupala" 0.433804301354689 0.405721456830094 0.463932406223726 0.405176215780717 0.392748275056394 0.45030777599765 0.416043573984621 0.433422021031192 0.406456389576197 0.416526903431114 0.471237235164058 0.36482304035954 0.425008967140315 0.41233552429191 0.401342839441705 0.417608003046623 0.367320117319312 0.40963254317061 0.372147398261171 0.325198614188975 0.480764251552724 0.409169819800397 0.420107803219169 0.435247403623669 0.452101466269708 0.4697220764859 0.317611594526721 0.356082225036687 0.377526102457849 0.319958042045326 0.268572856413034 0.407437732361889 0.588050558245434 0.375018155024903 0.455128885903163 0.390257467193828 0.453708990496307 0.442573656213581 0.481898072252902 0.379896545039655 0.39129138064913 0.43188923699015 0.373239263170748 0.437416701936784 0.327959389100881 0 0.338436178965185 0.313591665693968 0.363568429910945 0.348095642546212 0.348460002433852 0.3954688303371 0.360931321312925 0.365824306188606 0.336219932844124 0.370649186615852 0.399310910330195 0.466492737698798 0.35579614395236 0.33767050554938 0.427982576435735 0.420019205175774 0.355392067321728 0.396941079355484 0.398888473163869 0.52414772981664 0.448948791042672 0.413091122284439 0.463912198922716 0.422485442986636 0.397892436836348 0.357741301958554 0.424764998830922 0.439551021263019 0.442845003863478 0.349545865715407 0.43647417031069 0.492034308370995 0.353305917130283 0.380448572675929 0.376275819068002 0.356118363647122 0.373075970752932 0.356263394998028 0.343033275962231 0.405433401615248 0.484301283394034 0.447554542521458 0.493814252542578 0.507358254267251 0.420202568748187 0.499520868074165 0.42473290436277 0.396264748304794 0.434635084074147 0.490975371721044 0.408309536894139 0.4229032907829 0.382491766289166 0.475258108882846 0.393372920402921 0.506371231320165 0.34780717712751 0.426278632844344 0.373258925935636 0.399866493069595 0.450415256656403 0.528266313780007 0.427504482952021 0.474909547580448 0.442685996807585 0.443866726514968 0.46516011792237 0.403625978123471 0.449918105352472 0.514363937079287 0.423619805088877 0.390460052397267 0.367614773764865 0.446911362285216 0.40406228787409 0.436008199374573 0.450644965213322 0.462545316235267 0.394260154283908 0.476878755376322 0.377921026786483
"mahabharata_02-sabhaparvan" 0.426365703698367 0.371157356647542 0.446885973088356 0.37591886084588 0.359940440364067 0.426538546857905 0.392511003125827 0.41012752925938 0.398245168630909 0.395615322363223 0.440102735868727 0.336635512225635 0.379068463847936 0.388142925129071 0.380826632115356 0.410813620173185 0.34635426507206 0.419098550952043 0.365501255781748 0.286167889130744 0.47120656571833 0.378309242655411 0.41575251404537 0.424577015028563 0.419199007519179 0.461002225793337 0.302481670053249 0.352333892048925 0.379172591754972 0.364470537405534 0.256616852910439 0.395004835859004 0.585722763016058 0.347421160363931 0.45094196367618 0.37691242265721 0.446718192810472 0.429182000555618 0.479788106911024 0.356342755653036 0.395984544080066 0.41689693825417 0.378601812253504 0.432607757104088 0.211760339359704 0.338436178965185 0 0.204535216823145 0.245910476591118 0.192628205900979 0.280055880383169 0.367565434689678 0.290028622424935 0.290752911074266 0.253405351145211 0.289703910813959 0.308287755808588 0.435136643834113 0.255440561344947 0.258861095570031 0.379799216480854 0.365940941431558 0.250668297622232 0.265366718240996 0.371527630783238 0.457815393621851 0.382816580309249 0.365860660334171 0.466518401126031 0.368998604039679 0.351730118448077 0.340926592553907 0.413643446935217 0.410146468476085 0.426596979165261 0.324151612982348 0.432133651834643 0.492240049155861 0.323069135664081 0.301438283910361 0.35113528086938 0.329518609064931 0.351824255729575 0.348302442210283 0.311533144423748 0.39928812625464 0.487087604169229 0.432104522436369 0.491934752981171 0.489769552512052 0.410985407377362 0.510233517173644 0.422480491866777 0.376231008215119 0.420877265627067 0.477229635413133 0.410140606245045 0.404704672072606 0.353090364315197 0.465615158167825 0.389819300134802 0.500955799447058 0.340182210179393 0.420124355977968 0.370131035177366 0.390209621397276 0.450281866172956 0.508701602992525 0.430270800376508 0.494695824337806 0.435408243892387 0.447418020044498 0.439070307078235 0.379531129801687 0.45218581296737 0.507465171224149 0.401186376012569 0.381809508843348 0.329541919036568 0.452237088514926 0.395374024975631 0.422810897387712 0.422420330014206 0.449950660914467 0.395511961876564 0.454938300404338 0.359615438889263
"mahabharata_03-aranyakaparvan" 0.390017262916212 0.339356646179769 0.417910661944933 0.328659964508408 0.311991030234009 0.394436124096914 0.351526814143245 0.374776548145617 0.361758376374107 0.358266751634776 0.412994910060958 0.297473509928983 0.340032592850682 0.347949994068402 0.333955802410969 0.374143107121721 0.289626701052846 0.378804921616413 0.315311405181081 0.21330479981853 0.437209664669453 0.330191783754936 0.373363829363064 0.386054674484405 0.377735097472503 0.431024048841446 0.254312669549757 0.31634055734061 0.343996550265454 0.334337975696667 0.20706207440029 0.344113774704199 0.566762733587941 0.313897995686821 0.427494670466204 0.342192574330027 0.420100145496689 0.399157318674258 0.453767439050281 0.326152781858279 0.348185561936435 0.371020278455452 0.329588074686833 0.396467292342163 0.147809680002436 0.313591665693968 0.204535216823145 0 0.22972798464832 0.182698311371566 0.270169684335637 0.340309870531562 0.275120444238275 0.281993909627263 0.233677520066677 0.266539787817528 0.293041975836925 0.400348901395093 0.199405473921226 0.197265476042462 0.332448471388102 0.330226191829419 0.199002443587586 0.272727242276019 0.35716036156859 0.460917126927921 0.383173012431612 0.312513134145873 0.436656152224527 0.319021927914408 0.293757050184908 0.28474350474583 0.367758066657075 0.361927642101615 0.383853058769911 0.253271926331446 0.38163130048284 0.463330336476677 0.268613580324583 0.242372832721882 0.282009807366748 0.271991286749108 0.290448384130888 0.294517618676168 0.240155237375963 0.351384166117533 0.452296383790044 0.396219655333611 0.4552301966386 0.451722560612475 0.364837319343412 0.475405476737573 0.382157943454625 0.321740830247611 0.381002432130865 0.437988593393849 0.364962496437033 0.356367785132956 0.293468756834989 0.432666329824765 0.333031468025713 0.469374481479452 0.276932267682348 0.359964946144631 0.313300166378138 0.347571669163465 0.420345981735853 0.475967999243201 0.394799972155721 0.466944381126355 0.403416586599529 0.418599171612819 0.399244858653201 0.348475465012372 0.416097499408709 0.474369064103538 0.341928662714654 0.333762667259312 0.277617600826956 0.415241330121736 0.355590884107729 0.390076924757646 0.392023775483909 0.419403958089347 0.362745695644298 0.422457230677637 0.313457908816781
"mahabharata_04-virataparvan" 0.436086623421349 0.392182665908068 0.461358692564421 0.387103779632115 0.37730906738333 0.441946095283491 0.412431835932982 0.429366445903139 0.41691833412786 0.408106663536796 0.447133094155482 0.35754707625463 0.394542025865295 0.406086989787782 0.401532088878602 0.429021438405214 0.365965714891096 0.430281542970201 0.386805043047938 0.313919187882518 0.480640284639998 0.399774080189113 0.422336126409902 0.435246419422804 0.426542509282509 0.473860031433541 0.320430678588241 0.359783296945095 0.403338877104643 0.37113095063819 0.280260257525712 0.406691092307251 0.588828490066222 0.368274311670428 0.464283090964197 0.396608855879808 0.465083914754597 0.44724227052822 0.489720466240816 0.376634000689258 0.414870930999368 0.427455333906379 0.398148777477124 0.441435793830559 0.238930766747664 0.363568429910945 0.245910476591118 0.22972798464832 0 0.224297893507839 0.27052298900515 0.38749012272265 0.262959835361456 0.268651873678042 0.266588124224815 0.292921856858941 0.311223779314577 0.450232187239409 0.288020141526327 0.293647232403686 0.396181794720785 0.386445169657298 0.271727076553203 0.319293190359651 0.382028318353132 0.476399050661195 0.416363953192513 0.382792779272378 0.470980601589597 0.383613131619756 0.369075991456226 0.356592800410929 0.42706849450049 0.423310748701132 0.43658264457983 0.342027782820953 0.450395544478921 0.499595279517302 0.339289406469084 0.310907814614709 0.337729209793289 0.330881663009288 0.341103838688796 0.333899545361649 0.321292988196498 0.416579742601136 0.494536790766693 0.438866354173183 0.505519932340843 0.496657363976482 0.424027462839461 0.521859061501642 0.43396773682933 0.389900112780613 0.434405749366335 0.489954659346398 0.420485299840192 0.416621464243652 0.375737741834608 0.47605670034827 0.405897088225327 0.500423288245373 0.350082590217072 0.431993107273827 0.38329261388242 0.405117512888473 0.465866504057102 0.501496635617523 0.444284616490605 0.499576023273176 0.445072419809347 0.459764184969375 0.447662574764144 0.395863469061897 0.46001735209409 0.514960654124728 0.416017982851842 0.396915319148437 0.35349692230101 0.462888739841389 0.41341755347914 0.434659800274396 0.442411675930354 0.46270200442701 0.409164884194275 0.466564503565539 0.379192437891856
"mahabharata_05-udyogaparvan" 0.413662912115716 0.360374533269772 0.438087149604696 0.359631589516092 0.345048881039952 0.416211963843154 0.379045290245157 0.398980599341804 0.394366443244069 0.383466399115748 0.430290901046841 0.331313628032103 0.357591342980746 0.374569247544987 0.367598658088704 0.403914931003914 0.33530670586999 0.409405816330745 0.355937851337332 0.270652664512326 0.455518261376278 0.364259420024428 0.403904312696031 0.409747606641176 0.395434836667136 0.445706671483605 0.294358184184487 0.343955510255794 0.376600070882385 0.369744098103001 0.251390638874232 0.382321577231797 0.574377037868264 0.337958408754479 0.444262844008407 0.370276547546833 0.442172786615729 0.421711758332339 0.469858536327186 0.348809281196714 0.385213482052901 0.393927245139656 0.370635562250381 0.423060891362715 0.195025214424784 0.348095642546212 0.192628205900979 0.182698311371566 0.224297893507839 0 0.263582356918732 0.363831099755087 0.271816338006463 0.274083843187974 0.245498768849612 0.27118783463606 0.280746721061141 0.41301495568764 0.213696633162291 0.234228140809097 0.351146950597621 0.349432241568815 0.220842951813454 0.272207702375582 0.366137898860731 0.469820766059546 0.394454098813781 0.350073864255466 0.464158207937538 0.352359117211483 0.336335286098382 0.33041304425741 0.399375389655417 0.389115041878516 0.420620703795135 0.306812158283068 0.421287004294794 0.478506421874404 0.317980643081732 0.280939617222936 0.337531874480435 0.318189604730788 0.341444039390268 0.34031883226155 0.296277051350527 0.386459208525524 0.472968142301346 0.416298400786997 0.482880522858056 0.47554102376183 0.397903122090334 0.504127681254415 0.415871648039802 0.357060445932685 0.406480071405785 0.458221656042246 0.398079793232916 0.389882702447851 0.340964743084271 0.454070894385957 0.377997806390541 0.484531128074456 0.327632897278158 0.402441721473637 0.356904805996511 0.380309206766857 0.442174141140797 0.486470519701213 0.42211383784528 0.496262519368188 0.427982820011332 0.44432595291564 0.423322535343783 0.37371561175502 0.441697298957526 0.496653932789581 0.386314148914204 0.372821284149141 0.302827110720985 0.446401967047015 0.387092590602479 0.416720642480149 0.410031729426917 0.440383469910388 0.393579828449754 0.441598235172655 0.348362657160022
"mahabharata_06-bhismaparvan" 0.436483103665816 0.405826471991668 0.467041382337946 0.399692561042823 0.390554686835157 0.449770817208264 0.416553491621201 0.442350241947398 0.418768033009871 0.424577247226536 0.465503346162832 0.369429376115676 0.407765746566335 0.414016191663505 0.41263403849323 0.428893092775684 0.374003965777717 0.41635607615862 0.383015039106912 0.328578623037756 0.482072832756208 0.414183108053089 0.427515009874815 0.438874695148229 0.448010429076205 0.481975970173831 0.3300553151471 0.362400245937294 0.377824444681 0.320371249314748 0.293587054091251 0.416930416025193 0.594803476458048 0.378972811316804 0.47120484555967 0.402096010190343 0.455795734028127 0.447867627448546 0.485857720819917 0.387983262235084 0.410277411472136 0.435430577322251 0.3909636371949 0.446030236437558 0.288994824993325 0.348460002433852 0.280055880383169 0.270169684335637 0.27052298900515 0.263582356918732 0 0.399401173126937 0.175920999324372 0.189045795397358 0.202691271894797 0.29451917870051 0.333528500386006 0.459849614935403 0.320054916416145 0.327229155121166 0.404908197163934 0.4074419341228 0.305220779411166 0.345416798126192 0.386717407408177 0.505304451695538 0.42652969168681 0.399889182965073 0.463190191845291 0.406822898303927 0.386462349499586 0.361493312905234 0.426226581978046 0.447228731242376 0.449930656205144 0.362338234194254 0.451626645679923 0.502056849682102 0.362596922357539 0.351278732846559 0.35858198923221 0.34841175735833 0.366015599337669 0.313971096391605 0.338200945169021 0.416651016462471 0.494165400682329 0.431887336750128 0.500120632176521 0.511081277717908 0.430214410291458 0.513634325279541 0.440629997878827 0.393704402614635 0.431272876095396 0.485358450519793 0.410916394266226 0.430231853127695 0.384912894119656 0.473416172958433 0.409503100583617 0.498998409633236 0.342148615689029 0.43907256186506 0.386552794412246 0.410082600322781 0.463507786082191 0.51383452732779 0.445064712135239 0.48208207648332 0.447243796054162 0.463956215810695 0.463600897519783 0.411794292836103 0.455986868693552 0.521296862570189 0.427651523541619 0.400224944863862 0.375002730868186 0.47036578727898 0.417108463508311 0.440704243052669 0.445163007940571 0.466191630831076 0.421200247834236 0.473316562661283 0.389070354980695
"mahabharata_07-appendix-08_sodasarajika" 0.465929139459379 0.431732417180413 0.483018413059484 0.427506112282542 0.401900131283588 0.474644612795426 0.437825578896579 0.450530173154439 0.442871911716844 0.433409274950585 0.490645128174765 0.406071696784576 0.437542041871159 0.427156487859444 0.430893574263818 0.433225660062286 0.400647777269742 0.456874534057625 0.410193251355096 0.353271654534915 0.498945916053301 0.434841048766687 0.456171367250257 0.471448763895547 0.463191202039576 0.503736757378522 0.381850648223256 0.423508836759575 0.419462201776319 0.411439501896169 0.35586863839655 0.442537674983005 0.602619575112168 0.395519102584581 0.475062883699414 0.415936788822506 0.453636765427207 0.440583967288506 0.497255126295929 0.414316078638089 0.432228818702348 0.456412921916795 0.418634551560164 0.470180755806466 0.348525279908335 0.3954688303371 0.367565434689678 0.340309870531562 0.38749012272265 0.363831099755087 0.399401173126937 0 0.399166565343851 0.39755165200965 0.378537542271226 0.385370126263961 0.414160133117703 0.457735585690784 0.346015846273107 0.340984812698598 0.421730688796362 0.413104539427644 0.355305022037991 0.395222183650443 0.447575711071851 0.525644173773867 0.461613490664352 0.424041156575374 0.501873243580255 0.422237333061646 0.413132099843467 0.397412452670632 0.451260084831117 0.458592030234963 0.465576262041068 0.392913626769058 0.467381278775945 0.521635842689663 0.385455179255266 0.39376439056246 0.420510030933224 0.40148464693421 0.424453317151475 0.419560996386961 0.381904791893327 0.445909875860614 0.51380001299941 0.469705321260112 0.514105786303943 0.508249121250787 0.456363153230299 0.529309453068059 0.456981064350189 0.424858550504921 0.459013334512938 0.50291603147169 0.448164762607613 0.455149418915128 0.401751261224654 0.50649297789645 0.430632699831056 0.516913552062903 0.39254732707004 0.448543749117801 0.427739458699022 0.41779085934293 0.458945826993038 0.527491952468506 0.457910548454626 0.508374479224831 0.461554592849222 0.464988891328747 0.458500998545775 0.430019959690478 0.467776581400099 0.527064489715753 0.444049760067867 0.414440379549145 0.397674477745912 0.473659142531527 0.421636013681945 0.460873001074797 0.45565580773222 0.481110724221039 0.465911651701358 0.490338037090515 0.416921485838489
"mahabharata_07-dronaparvan" 0.434155737675509 0.405102359033621 0.464924205723236 0.394743041901007 0.387043665969819 0.450491198061814 0.422832081123354 0.440213630119804 0.418918464935312 0.420395583908264 0.460833960312402 0.361897326691448 0.409050415646748 0.415681824733316 0.416641600973161 0.444829238450098 0.382495933585303 0.424844282528433 0.394448258367043 0.333952070909337 0.491307575304043 0.420505788107966 0.432317344327191 0.437780106939339 0.449172104847251 0.486799764849386 0.332567056115226 0.356683131142488 0.401262864761501 0.337036698623153 0.2950559840654 0.415554432891382 0.600664338533212 0.388046163118152 0.480198529090641 0.402389234333616 0.470466652681859 0.45870118593794 0.494878126348033 0.392313273252206 0.419502795315633 0.441133888137569 0.402753696033157 0.450833504723528 0.292816493272432 0.360931321312925 0.290028622424935 0.275120444238275 0.262959835361456 0.271816338006463 0.175920999324372 0.399166565343851 0 0.144200975746811 0.207817079099741 0.274735154797052 0.331027601636176 0.468406701472321 0.333979039626053 0.345006708506982 0.417749851749803 0.417508108678973 0.316638404231692 0.359679571670058 0.382833680915344 0.50497419137908 0.429994104415739 0.406609507956845 0.46655340093731 0.411832828545909 0.39250717093834 0.368684561389735 0.429487426065504 0.450806033278971 0.452446604986776 0.363100515817661 0.453114894525904 0.506100349218651 0.36470799087106 0.349886814581558 0.354151298591297 0.348032249068333 0.358410793531453 0.304191420402201 0.33492207273046 0.421585343258646 0.498123096119168 0.439407576703811 0.501502406125524 0.515871909668165 0.434442864079632 0.520710909578074 0.442734758508016 0.403084790692384 0.436620066718377 0.489971837947064 0.412548510014591 0.43030338924961 0.3956749634579 0.482668021483365 0.417483570507176 0.509190718983486 0.350229312187942 0.446952771858683 0.386718330775992 0.422149837640381 0.474890723333707 0.521838208799684 0.456234898116151 0.496887399941999 0.458728191304007 0.47138365064219 0.470996597553054 0.415305736492235 0.467692873756272 0.521302078008785 0.432033130257481 0.41233357913827 0.379222481650296 0.470787631970413 0.429986200249004 0.451158714413618 0.45654396329407 0.467119979784334 0.41585686061057 0.478663412370841 0.394733340265072
"mahabharata_08-karnaparvan" 0.434461198269543 0.410411979570466 0.470515009408213 0.40174521035483 0.390771222825704 0.453860999216094 0.423861829266601 0.443138049471156 0.420903874932511 0.423898069279433 0.467334898998903 0.367630991193711 0.415021345575983 0.419002048830757 0.415669296143155 0.44633379232989 0.386862744428867 0.428720296317742 0.399365423703336 0.338810076213586 0.490000818821069 0.421120423201771 0.43277695228766 0.439389444803971 0.449074282083658 0.487380346722149 0.334240290527496 0.362989892784712 0.402006797879918 0.342276458541444 0.304832694194294 0.418342748777008 0.594726913796581 0.389085437471722 0.480340903186589 0.40290034952172 0.469407102189294 0.459727554806154 0.494944324902808 0.393343391851436 0.421040951211459 0.443271968106776 0.403537497125398 0.452171166786494 0.298178920582313 0.365824306188606 0.290752911074266 0.281993909627263 0.268651873678042 0.274083843187974 0.189045795397358 0.39755165200965 0.144200975746811 0 0.210377131286907 0.281087888707922 0.332184704506 0.469582398363708 0.335007421706357 0.347170698345428 0.419748121214079 0.418906913316583 0.319311558726374 0.359529580875151 0.389361310780211 0.506996090785799 0.429020021278988 0.40630951172228 0.465501542963161 0.41245166354019 0.392954878702462 0.371257087613345 0.43019742129304 0.453494083307753 0.452406131121276 0.36554811228632 0.455087505713123 0.508292696950487 0.373510678404451 0.356367039832964 0.363603031862206 0.35649956064637 0.367940075951992 0.316941891875869 0.344527369258176 0.424958247314762 0.50128262726681 0.439835592511319 0.505573363588933 0.515025126586408 0.434715095798544 0.523667071920302 0.441840630138391 0.404529102992836 0.439416881172925 0.48919100841955 0.414892911999638 0.433309172958934 0.392384958097882 0.484236053552485 0.421811594786548 0.511698650338332 0.355208155414693 0.448308145930243 0.387113716595639 0.426945361831498 0.477737850373694 0.522886106544391 0.457615241938811 0.495956289090786 0.46246970183031 0.47187073051263 0.474834941744615 0.418104530541605 0.47059232122382 0.523251112723362 0.43221030137675 0.417151693661288 0.382611120374437 0.469861561115173 0.429091002824171 0.450877228106326 0.456206782397076 0.468974369684931 0.41799221596153 0.477881395106177 0.395879423556943
"mahabharata_09-salyaparvan" 0.426723086051531 0.398040942784812 0.462614807432357 0.389605834179659 0.376743883259357 0.44541577508304 0.409248429928065 0.433039871014813 0.409697825699468 0.406433929644388 0.454611025544652 0.353532718401349 0.408043906652663 0.410029958006739 0.393154572830438 0.421176654541655 0.349146588854105 0.410758586094678 0.367646985016306 0.297346395223232 0.47767336898642 0.393207516436831 0.417121592420899 0.431774174575635 0.437793500720052 0.472101269858517 0.306574460906856 0.344164243465802 0.383035930151987 0.327542672982376 0.267293119869162 0.395824447496423 0.589244513397004 0.3500118109371 0.452683939415215 0.373121536104224 0.448818341955651 0.435976400869884 0.475647906333907 0.361341314794321 0.400241701981984 0.42758249482861 0.375943359259849 0.436952324855277 0.253434143465048 0.336219932844124 0.253405351145211 0.233677520066677 0.266588124224815 0.245498768849612 0.202691271894797 0.378537542271226 0.207817079099741 0.210377131286907 0 0.270851844864243 0.320898389936703 0.450406509770125 0.304792429139543 0.303005761995541 0.402247208262573 0.389913798361309 0.284107877589919 0.308006500843739 0.360475242572268 0.479833452458794 0.402952914364455 0.380540357882731 0.451205201185465 0.384582786470767 0.365281300015131 0.344294535716645 0.415729395925527 0.429237702602932 0.425326642067425 0.336584445617637 0.439946083870828 0.504319084567555 0.325749779427634 0.330525792385023 0.344107974927877 0.330760612009979 0.351252998841541 0.309105340934716 0.306330239505544 0.404675242235542 0.49126116731734 0.439855870762988 0.494852778252316 0.49075432798296 0.410746355514482 0.513279608903701 0.425456042985918 0.382946293082704 0.427273847503691 0.481564277560556 0.398375550576356 0.418631237044604 0.359610463682037 0.472991830652982 0.391004609097341 0.502672177767987 0.326733275783047 0.41208649122666 0.359881472560856 0.398084276132566 0.45741400230575 0.514412443320125 0.438277900152659 0.483211219583354 0.44353049884646 0.44966253954566 0.451636780107854 0.388838840963792 0.45312719420951 0.506005584042179 0.407681368338866 0.387630034567369 0.359526346078891 0.460711037321141 0.406371735971975 0.433563961401958 0.434081353255022 0.454039583487262 0.406506593142261 0.465571835241659 0.37250738887966
"mahabharata_10-sauptikaparvan" 0.431266508722401 0.395131649337455 0.458415296810882 0.389556646268522 0.377765043799369 0.444595381270812 0.412745789695777 0.428855475235149 0.420525893780823 0.417821733440568 0.450022469514987 0.366091996138069 0.405422269185775 0.412149600956375 0.403235014122952 0.428708319762989 0.369271005852945 0.42422806435143 0.382736113076925 0.320978524930818 0.477241722926091 0.406392693257285 0.428344688038243 0.437468227338085 0.434337434997665 0.474215904486034 0.330639165283276 0.366990078792231 0.403546139665497 0.369233753791904 0.29394675874772 0.40711233880134 0.590345703940584 0.378663829249807 0.466665760664441 0.394821274476782 0.453372799565616 0.441871736804779 0.487880187924994 0.384876077100319 0.408827923360147 0.423888196055402 0.393283674404805 0.44013806522813 0.274230405767639 0.370649186615852 0.289703910813959 0.266539787817528 0.292921856858941 0.27118783463606 0.29451917870051 0.385370126263961 0.274735154797052 0.281087888707922 0.270851844864243 0 0.314006961122419 0.439613228534001 0.305519590667032 0.315670202685561 0.389027150111115 0.393089895184011 0.296395886035354 0.348637153334567 0.380573958797885 0.488837267763838 0.421416008304526 0.387246801378191 0.466214346889647 0.395017212851965 0.375721302396586 0.363444265790032 0.426694723026175 0.430096806373084 0.448452041084918 0.349342771723142 0.441600062114767 0.498200041694903 0.351297531051159 0.33654587898066 0.355320494156642 0.3422622768385 0.357231081298556 0.345557335051382 0.331672176825652 0.414240702481505 0.490228695430081 0.436149785554503 0.496478846237093 0.497645393920907 0.422648312280347 0.515724593801831 0.434239527810081 0.390412130963016 0.428937066440496 0.479758518744704 0.418921947891658 0.421574419138054 0.38134241778726 0.473072834418492 0.401727711363083 0.499894453385749 0.348564920398478 0.430601048323678 0.384346218844865 0.40764557168592 0.457429063099687 0.506309652914166 0.440815021348712 0.504622915424425 0.448129603395819 0.459686671964067 0.449612084826904 0.408598223915181 0.457879064768145 0.511703215058477 0.420647347873413 0.399740839463883 0.357051428645338 0.458329226847283 0.413165017788508 0.440493678781944 0.439927728152736 0.463759522567269 0.419093348294483 0.46767549299169 0.38518818795036
"mahabharata_11-striparvan" 0.451945095963299 0.409291274223815 0.466650756585075 0.407383073520322 0.391698852531042 0.450983337156824 0.426726451085165 0.446307118249766 0.437933509949537 0.431032218081695 0.459031141100314 0.380301232767734 0.414330026879809 0.419978531778794 0.419491634390619 0.450399978661581 0.400671931424748 0.447462351815764 0.411067283412424 0.353072032029219 0.496532855396396 0.419916481352698 0.447383631953873 0.452624758514419 0.441529138229052 0.48919112604729 0.36119268483352 0.402581430278255 0.413421335767314 0.40192489501384 0.327924089486054 0.435450922520543 0.589985007432038 0.411460645701138 0.486297011669946 0.424515490853341 0.483449433219777 0.469294857171838 0.510866531539779 0.420542018120209 0.434001911128123 0.44707518200569 0.424419273328305 0.460628766031086 0.305865744482364 0.399310910330195 0.308287755808588 0.293041975836925 0.311223779314577 0.280746721061141 0.333528500386006 0.414160133117703 0.331027601636176 0.332184704506 0.320898389936703 0.314006961122419 0 0.457196316091569 0.322361377732012 0.337293771976564 0.400735010074619 0.403370371614507 0.316300761657678 0.340156398098597 0.400098926543247 0.490885884366009 0.421908365532411 0.410113009913932 0.491523027929869 0.414199330065493 0.400601141346468 0.38912951139162 0.440080821679531 0.436843271180827 0.464074922685999 0.377548629603283 0.46458217285855 0.516085209061734 0.38822635675622 0.346876028346497 0.373839706730406 0.365342283198702 0.371545791599134 0.375783489153411 0.370621070478427 0.43679197836652 0.506491848523684 0.440836416857225 0.518249676942305 0.503596329007394 0.452225467605153 0.536692164154934 0.464993169246669 0.411090252589028 0.451077222653674 0.500905296097137 0.449289181433296 0.438524977147037 0.398299377672428 0.489254409147914 0.435705006883418 0.509930115155872 0.390185597841329 0.458571115469274 0.415610770646055 0.433060554199805 0.479895401113459 0.515088470518473 0.466844256050425 0.509523381388162 0.465124480316319 0.478013519807195 0.465469966575304 0.434975897733276 0.474864879717676 0.529199860543502 0.43625467488853 0.424908005528673 0.373694487993414 0.472542129035632 0.4405123234553 0.459306418789077 0.45853694572435 0.479258880478991 0.435537454192442 0.479449969271765 0.408815357962997
"mahabharata_12-appendix-29_moksadharma" 0.487657212690227 0.462877925040698 0.482532894737682 0.426999268719008 0.431258648305206 0.461519815386823 0.458697373530187 0.473288834985411 0.485750033829301 0.491618736018462 0.478498236713715 0.455259955974501 0.423965618420274 0.441024310941136 0.457888771144394 0.467212788925453 0.451088812825528 0.480801307731431 0.450704073281675 0.389070865642568 0.487962912852176 0.461908719042897 0.47920044948345 0.48908027447335 0.467759631080827 0.49447414039724 0.426912203487185 0.45068217304505 0.442291166023957 0.471630646496411 0.422011161062384 0.46638807837868 0.589792803081649 0.450356681199699 0.49941525655115 0.452870439531041 0.463022982008596 0.451252410933948 0.499237117815063 0.460363240324559 0.45154683708849 0.446988625093066 0.442783472159192 0.475041718961719 0.406539372379398 0.466492737698798 0.435136643834113 0.400348901395093 0.450232187239409 0.41301495568764 0.459849614935403 0.457735585690784 0.468406701472321 0.469582398363708 0.450406509770125 0.439613228534001 0.457196316091569 0 0.34882432782078 0.382052846917232 0.420715817543248 0.433051642586991 0.385929327983754 0.453021205517905 0.494170952607782 0.551006983559812 0.504957838644968 0.446754403100086 0.533790504153054 0.45638863149005 0.442460580401323 0.436388448976194 0.468586744326227 0.47831615281221 0.496931217435042 0.418126560811495 0.485820178509557 0.491849355784032 0.436735385190021 0.435185609761763 0.460794977683982 0.452479302997195 0.467520616378018 0.476028091111136 0.433577273064344 0.458045124535492 0.523404502764395 0.464738208856162 0.530892123286014 0.516976573815809 0.476011448105213 0.527611825228512 0.480933808101985 0.447195642238693 0.457118248774939 0.492981446678888 0.480737329252633 0.459320430842954 0.4347228949838 0.485369758402528 0.46028754204715 0.471834081912158 0.436418995185268 0.463669275052288 0.459868336171413 0.459008002992071 0.481265626034839 0.499853894243653 0.482233817466808 0.539366272309369 0.48011784894564 0.511372842583198 0.480392260930674 0.482237878038636 0.466797046151377 0.545981637602025 0.459698016145146 0.452304069724495 0.397364187720024 0.493385597500349 0.453051983579409 0.477352195135526 0.477836522272712 0.506048505874644 0.487159953929471 0.474660340964463 0.441386828459808
"mahabharata_12-santiparvan" 0.386837558407885 0.345089996745295 0.402511906108701 0.317001884211131 0.309353308098675 0.387450531575549 0.34454533750877 0.358353199725397 0.372497026334468 0.375587011883735 0.410130493329372 0.321669944700078 0.305490933346878 0.338826672265506 0.335313917439657 0.363294314045015 0.313316162723137 0.385222512526292 0.323256795363917 0.221667958554721 0.418894908078521 0.33483931235005 0.376833017195698 0.380654112343512 0.357994369367341 0.417036138844238 0.296078768599036 0.3403746019108 0.336971508825513 0.368608210760493 0.258370890510657 0.35771141650771 0.55836523406787 0.336969226679234 0.424662374641256 0.361216313612188 0.399247948897581 0.374788105301666 0.44710318880457 0.350021450976625 0.34681036854641 0.338770991102434 0.324428345629361 0.389407115437131 0.218912998162791 0.35579614395236 0.255440561344947 0.199405473921226 0.288020141526327 0.213696633162291 0.320054916416145 0.346015846273107 0.333979039626053 0.335007421706357 0.304792429139543 0.305519590667032 0.322361377732012 0.34882432782078 0 0.170888860308914 0.279874145065113 0.298293861560554 0.193491962321695 0.308700954870889 0.394012369012267 0.483167152303107 0.410882454501771 0.310991992218692 0.455198606542699 0.336329117120643 0.303695002086029 0.295239449425206 0.35926851013014 0.360067611960928 0.398347085767358 0.280259500551179 0.395089690637868 0.439755215586806 0.318873002736845 0.284992973591587 0.336568898556401 0.319380648925633 0.345524076198104 0.35174837464825 0.299643306201543 0.345533924188236 0.441221050922973 0.369957833419377 0.455689770181819 0.451343015685643 0.378110885971354 0.468719964154684 0.391279605406895 0.318321317643888 0.361003453766663 0.414560424196978 0.374429651686546 0.351116073996172 0.303875547440345 0.408317722172618 0.352991584787373 0.428941239050187 0.30614082802641 0.36646886518364 0.342708785966275 0.343630010589264 0.396069832473864 0.440312298628812 0.393052568425454 0.484069313922789 0.391800674608672 0.422863949338464 0.384067036743739 0.374321240413089 0.39369464328363 0.478337414505961 0.354289956260407 0.333369964715942 0.249384469530463 0.426539099043535 0.347688482713444 0.381527844398074 0.372650813876306 0.43250007443917 0.39321624406455 0.399143226894692 0.318390778544858
"mahabharata_13-anusasanaparvan" 0.384103883855438 0.353127592125963 0.417557312452368 0.332950249923058 0.323840547620834 0.396887825474891 0.35099870172617 0.376213858087001 0.370517334602847 0.373656517532056 0.421635690298434 0.326387263485643 0.33355818926229 0.346338381176145 0.324388217092096 0.355154800821951 0.300558625820608 0.385063951453485 0.312663483644167 0.209600607047324 0.431778628620566 0.334546725875287 0.365293303378406 0.376233183910073 0.35765199655538 0.420784926776345 0.280054003312117 0.348629003457485 0.334612106697728 0.352582404019859 0.242095650359717 0.352001115620833 0.557224012889904 0.32001479333709 0.413982890565883 0.349926277560382 0.404216703363012 0.379309862066938 0.443622399580654 0.33934872409188 0.345319291650576 0.340103220791396 0.315128543095018 0.389685938317154 0.219590850048593 0.33767050554938 0.258861095570031 0.197265476042462 0.293647232403686 0.234228140809097 0.327229155121166 0.340984812698598 0.345006708506982 0.347170698345428 0.303005761995541 0.315670202685561 0.337293771976564 0.382052846917232 0.170888860308914 0 0.295689565380806 0.277917992298557 0.226797001369408 0.306418299058082 0.394677850000371 0.485216641369677 0.403005367230698 0.31191097707216 0.450213493195624 0.334536955263674 0.301582022649481 0.282780359282531 0.361217547314422 0.356192770700038 0.384249116804154 0.282209819729595 0.38645747792101 0.455469428315443 0.31231130156682 0.296476833400057 0.341992075047048 0.324861739178192 0.352390349993284 0.357505550743464 0.298871059637766 0.342165725084397 0.436075735926369 0.380346166175592 0.450676791806226 0.442429378887377 0.377492925877367 0.469114601392338 0.390956945299114 0.313475408014599 0.378128303787636 0.42175268418747 0.36860574397638 0.353861435375209 0.287978097140179 0.422189052804846 0.339463039264672 0.452416725657454 0.297738606685382 0.356702833327775 0.332391679369963 0.331397897845228 0.39801451707995 0.460076129615953 0.381476688933573 0.473026262091417 0.389255204550009 0.407815141745788 0.366748448021173 0.360411989196303 0.399376725753678 0.464908569761742 0.339633939310686 0.319256269143317 0.2508083685719 0.425784970553907 0.348326664374051 0.377829888479357 0.369863341323916 0.43296921793918 0.3899914521531 0.41513582032078 0.317140384227249
"mahabharata_13-appendix-15_umamahesvara" 0.415772296968241 0.4275915234786 0.463502874289416 0.398284823980576 0.396816813629205 0.44324445722279 0.423143954042407 0.424675525199296 0.441277595853571 0.450823948351654 0.438623880121092 0.407356377173887 0.381962383171295 0.412742305420323 0.380627432161928 0.406945583485668 0.385641164077707 0.407526720172714 0.378999121649105 0.308067456617713 0.44093626075045 0.384145476731687 0.392592812429623 0.416942953763797 0.378163963433692 0.445533002735484 0.359524109393211 0.410762029693047 0.39668632459548 0.423033015470844 0.357523377428626 0.390042233106482 0.562838179178443 0.416775445709397 0.465456764753599 0.422349906494001 0.443482645376371 0.416533931609169 0.489984879960565 0.425588422610428 0.396180902124784 0.371856059394934 0.37132920309901 0.414110987818751 0.350392484634405 0.427982576435735 0.379799216480854 0.332448471388102 0.396181794720785 0.351146950597621 0.404908197163934 0.421730688796362 0.417749851749803 0.419748121214079 0.402247208262573 0.389027150111115 0.400735010074619 0.420715817543248 0.279874145065113 0.295689565380806 0 0.336030687179261 0.336225457841056 0.404203808751582 0.459079164837574 0.535318823695064 0.464967276224489 0.381315848906297 0.485731712756711 0.413393909683226 0.379751679652329 0.352929550207222 0.383900816078952 0.388401289936027 0.431570950122644 0.359174131232766 0.422013261974066 0.469769627997056 0.403815230608286 0.369418936836228 0.402981748565714 0.391348280456263 0.406973385444737 0.4233398524725 0.382032152606883 0.387797142229627 0.442120396406436 0.380806132959728 0.478991107994726 0.45628801458736 0.415789429715837 0.480412628806941 0.438647886633482 0.360261352550928 0.394289225393392 0.415241339006742 0.418342593416441 0.390059021394075 0.352213812229262 0.42413373857311 0.403265158469098 0.445806243443851 0.3676276323803 0.408635883408934 0.394625797867975 0.395804472737466 0.426131802355288 0.46084456562895 0.440350069833299 0.49987109258167 0.426248756917781 0.465978581624962 0.401887381673757 0.444336438767044 0.422064886657933 0.491789411667341 0.388639105170416 0.390153848072572 0.308951702015555 0.467146910085103 0.410606349554519 0.425307530530677 0.411359143872959 0.482040151095506 0.449874697608845 0.438017349105956 0.391502489042398
"mahabharata_14-appendix-04_vaisnavadharma" 0.396916793837312 0.4311706040459 0.46726623643541 0.40345429936681 0.396545386477171 0.449307881505038 0.424854288021681 0.43249277709944 0.436710887790045 0.447181913573399 0.452482987506058 0.406507035621376 0.396649602307125 0.401710144987539 0.364085217505259 0.415091660107863 0.385295273999365 0.431470455480418 0.386764224945033 0.299840897862927 0.459572788691415 0.398330357869325 0.395086261436731 0.405117938965975 0.359247418027721 0.445713394697176 0.373440692879688 0.418513709251426 0.403262836817134 0.423505953923463 0.354619874104249 0.390709243228475 0.555276057459645 0.408340797331783 0.468302939087651 0.418375147340006 0.441331288416174 0.42460453980961 0.487677289023309 0.422269955667049 0.406498174243405 0.362320903997694 0.3758112087658 0.412760574621695 0.347596831773373 0.420019205175774 0.365940941431558 0.330226191829419 0.386445169657298 0.349432241568815 0.4074419341228 0.413104539427644 0.417508108678973 0.418906913316583 0.389913798361309 0.393089895184011 0.403370371614507 0.433051642586991 0.298293861560554 0.277917992298557 0.336030687179261 0 0.335697198279924 0.399980913355702 0.453058427942046 0.525867107624886 0.459974362264265 0.377570417313846 0.49171294200158 0.409523181330471 0.376279863783495 0.346462527739658 0.387072525761747 0.389684004056521 0.413078226516645 0.351013709965326 0.42688594562024 0.489353746889029 0.404299701700864 0.393019053433303 0.423509001887939 0.405928200138251 0.426354160664642 0.431725717666551 0.39292921546526 0.389049749998955 0.439171469906219 0.392334299266281 0.502572722011452 0.460917691440674 0.435792305429818 0.503628917458407 0.449970154481681 0.372802367928147 0.410507964932418 0.435065387955344 0.422317508537363 0.395242577116258 0.333327148463983 0.446786573912268 0.408124885781593 0.48420274208479 0.376255619686205 0.407450275879651 0.3995784192398 0.401529625888035 0.441598418450634 0.469844705284289 0.440272909069081 0.502281119793941 0.431164872355145 0.46561103686118 0.393129633131315 0.43478514464924 0.44580538017651 0.483410987582998 0.379008466899942 0.389945974487577 0.307346476117274 0.46089061081074 0.419581143585672 0.418157803609335 0.39527457817981 0.47822901498974 0.448193642270292 0.443570743722889 0.384896476030952
"mahabharata_14-asvamedhikaparvan" 0.415423494513859 0.365383504399982 0.429281309774533 0.352566491864201 0.339552801876231 0.416986525130966 0.377187840100097 0.391841240647583 0.393739581257522 0.39216688543646 0.4319558277956 0.34157243585216 0.351164266483149 0.372646584138935 0.362404833945662 0.388328425906007 0.335911098959462 0.410316811968068 0.353448707026443 0.251682647868681 0.440050582118441 0.356822301663599 0.402396527124259 0.412290178104939 0.392302151669933 0.438779186738012 0.296088537835325 0.335455373048321 0.356190959240344 0.371951334175968 0.262902133489992 0.375613907917515 0.571685474434972 0.334676615498146 0.434486278069534 0.371934863351177 0.412521590266051 0.39361074182486 0.45215317417111 0.350383641002038 0.36855417633711 0.376831003588718 0.350799751306082 0.408253982512546 0.209996842002139 0.355392067321728 0.250668297622232 0.199002443587586 0.271727076553203 0.220842951813454 0.305220779411166 0.355305022037991 0.316638404231692 0.319311558726374 0.284107877589919 0.296395886035354 0.316300761657678 0.385929327983754 0.193491962321695 0.226797001369408 0.336225457841056 0.335697198279924 0 0.288010863996596 0.370314895165189 0.472353313853801 0.403522500402933 0.34382008394706 0.461243701148571 0.341918260783921 0.3297752488729 0.329302836795704 0.392554377494871 0.386594957087618 0.415035078196401 0.295826102576486 0.414765997368842 0.468186743238447 0.319057901617135 0.296080179511473 0.343629915410847 0.323731476544294 0.351462736725196 0.346870238399351 0.296329524861114 0.376039013971475 0.472090052586184 0.406331322188674 0.475630702609139 0.463776668866604 0.389340640265891 0.489762633802094 0.405233715509569 0.349526963671575 0.393245937226744 0.442548321830773 0.388542596291307 0.388587566931929 0.327956807772502 0.437400739164639 0.365258671538644 0.449440335434507 0.319386553764151 0.384020665346774 0.356213989187513 0.368513918905125 0.415674601914159 0.461065473856813 0.411987285428558 0.494688953017509 0.418207165582673 0.436378154989739 0.413592200139049 0.376942827844337 0.416060230386913 0.491159472581688 0.377624763818327 0.360479134789042 0.293612864424797 0.42671724177702 0.366631932787635 0.40633087611146 0.398188044083858 0.444789319445354 0.394621223377058 0.422635781113171 0.341501727188991
"mahabharata_15-asramavasikaparvan" 0.471584712095473 0.410781924109661 0.478339135098563 0.419200497978196 0.402016814500238 0.467136583224767 0.429982908855151 0.447287421282099 0.441929765247156 0.428811283774962 0.473492960473207 0.392061226265017 0.419444334884996 0.427637196650533 0.424176831016491 0.445570706374289 0.388366748252644 0.457925291162917 0.409734673321584 0.335727391622453 0.492845883951357 0.412444270737889 0.452808876718948 0.469740930263727 0.457797934392112 0.492793952542486 0.353353149460637 0.391361517722754 0.418675469143087 0.414531834480267 0.323476783836962 0.432703946342156 0.594823642484303 0.375595644950051 0.472158366840726 0.403623634871725 0.466880386559086 0.451721843653895 0.489548058585824 0.388788186447052 0.43281525759904 0.452846507312775 0.416906706680465 0.4672054873481 0.271532610238183 0.396941079355484 0.265366718240996 0.272727242276019 0.319293190359651 0.272207702375582 0.345416798126192 0.395222183650443 0.359679571670058 0.359529580875151 0.308006500843739 0.348637153334567 0.340156398098597 0.453021205517905 0.308700954870889 0.306418299058082 0.404203808751582 0.399980913355702 0.288010863996596 0 0.395474747058063 0.468153319249266 0.391301035120659 0.397977921126122 0.487558635050214 0.392590630869622 0.384212896090061 0.389915810821003 0.451911706716986 0.444049906434432 0.453083713373897 0.367081084846959 0.472263242571112 0.523616162073934 0.351382876968639 0.336751100250538 0.39659057428139 0.379399605151659 0.39560854857316 0.399998704668624 0.3533485456761 0.439416257650035 0.516680989140966 0.469281105419318 0.523238296282413 0.502556379758141 0.442367413392244 0.538198469211615 0.455624321118182 0.415956992726783 0.458029212338559 0.503195222822148 0.447967558228212 0.447358338594444 0.390442921237913 0.495221768108234 0.420976128761471 0.517572581540729 0.384320187358981 0.441356363841882 0.412489270814313 0.428159926786623 0.477041538393098 0.529354798502327 0.462106962924425 0.521103197292659 0.471163823643783 0.475698411629616 0.465367163225365 0.414225011753962 0.481950539206921 0.525803942945253 0.435840698261406 0.421762950756067 0.376854925710003 0.481077504652702 0.428226532732944 0.454643455285383 0.443356888558789 0.476940981850953 0.440439509875003 0.47466389516161 0.402572442822503
"mahabharata_16-mausalaparvan" 0.484822593661288 0.444951126922248 0.501273345590079 0.450310084183547 0.440399597614168 0.495707801426984 0.469547053322041 0.479265932746577 0.47157879346495 0.460224541082158 0.491273376557181 0.412195274881691 0.460959673278821 0.455888058943233 0.465175535625605 0.48784767359431 0.433816098281105 0.478950202883133 0.449108577107967 0.386363716914894 0.516086183283254 0.461027525275978 0.485878755623013 0.486455555548325 0.490870275494775 0.513493757662602 0.378401966142394 0.409524491691675 0.457082706595511 0.430418423497604 0.353798996711614 0.461829591979516 0.608425441887309 0.427373210485403 0.502241711068304 0.438172203282453 0.497211961261458 0.488410341727696 0.522454115130581 0.434883284554861 0.462604084143497 0.480385102355698 0.449802385180867 0.495725264855029 0.353645882139888 0.398888473163869 0.371527630783238 0.35716036156859 0.382028318353132 0.366137898860731 0.386717407408177 0.447575711071851 0.382833680915344 0.389361310780211 0.360475242572268 0.380573958797885 0.400098926543247 0.494170952607782 0.394012369012267 0.394677850000371 0.459079164837574 0.453058427942046 0.370314895165189 0.395474747058063 0 0.503960734368443 0.46084445836433 0.449376629342361 0.513831493350236 0.447261570788084 0.439310464620044 0.434850205347448 0.480073964457748 0.483956434323593 0.48068519849991 0.4136415731219 0.4944013054633 0.531470052243714 0.408361141173275 0.399805034532511 0.420176518401232 0.406222562660276 0.426774024513292 0.414686052676932 0.397390408280898 0.469619180804838 0.537099576961194 0.487934675645744 0.542511273679603 0.525603608706429 0.473584499025616 0.559498488629238 0.476749745239341 0.457726700496404 0.484427620628714 0.523260535797793 0.471201661136358 0.473614109952853 0.438009755384888 0.520694239177787 0.454146746792555 0.5407350876778 0.41588457979713 0.478114966718617 0.431819590076767 0.47001560714975 0.506953590782026 0.545241198615557 0.49151698536229 0.542786371365784 0.498607005379055 0.508749654514448 0.504570973480363 0.45720386031412 0.506207137809507 0.549621766558525 0.476812561414602 0.462331999731557 0.426400073496315 0.488043392508593 0.470674468977788 0.493349126674559 0.493085485197091 0.498954337673159 0.444438769804433 0.511183002399258 0.442220523879771
"mahabharata_17-mahaprasthanikaparvan" 0.585871467458059 0.546756569249252 0.580087379743223 0.547753004694322 0.538989161618806 0.5780026400914 0.556676962748147 0.558717695306376 0.564862526675813 0.556892905359119 0.584550825168873 0.537769504023965 0.552390682703908 0.553110694869753 0.550121121412273 0.571136649982084 0.539087329463998 0.583471821585996 0.553897274627306 0.502862244647837 0.588196313007343 0.548579097215009 0.576274096661137 0.583368314717384 0.568910929566091 0.590205893069251 0.501013100357008 0.525545778415784 0.547763829495722 0.543649285849117 0.4937278746758 0.557201089292832 0.6432412387919 0.521462692293282 0.581776997876458 0.534583763893708 0.567992630636693 0.566606315643921 0.583902497852014 0.519729145994466 0.555808872387341 0.56409430809212 0.544557941379987 0.572969213558014 0.463951802078471 0.52414772981664 0.457815393621851 0.460917126927921 0.476399050661195 0.469820766059546 0.505304451695538 0.525644173773867 0.50497419137908 0.506996090785799 0.479833452458794 0.488837267763838 0.490885884366009 0.551006983559812 0.483167152303107 0.485216641369677 0.535318823695064 0.525867107624886 0.472353313853801 0.468153319249266 0.503960734368443 0 0.482643353358051 0.546841838235893 0.592457817001937 0.53483589733052 0.539596473508393 0.540127787248514 0.576262703097773 0.559352664955345 0.56680522852131 0.509875135805669 0.588391974923599 0.620522450182761 0.495383093130997 0.493940760087299 0.522456232216449 0.50775775818653 0.528330739406455 0.525366308120105 0.501271078042062 0.561544452228928 0.610365171258358 0.583442972141724 0.629324298165688 0.581476816269508 0.557516522588959 0.635230786205263 0.55865163544776 0.552391799649504 0.567639940201486 0.598017916403302 0.560057637915873 0.573468454652822 0.521945009545024 0.589186072237812 0.547718372240006 0.598513199216416 0.533434413122005 0.546271237478379 0.542101467967437 0.562284447000255 0.584059833307737 0.597569505986512 0.572404004934252 0.615796784834839 0.584670404766293 0.591758250368466 0.571927564591976 0.548683611145464 0.586358746784771 0.596463111791313 0.553545971732395 0.556646295464764 0.522206735025792 0.562600891659436 0.551643001782885 0.56892532011187 0.567272380525802 0.59216490393813 0.556468125652751 0.58573369862891 0.545794439059564
"mahabharata_18-svargarohanaparvan" 0.5193834693565 0.47818842001608 0.519664282890229 0.48368899738568 0.470700864990354 0.524194552355637 0.49106673940319 0.50056670035188 0.498014703196204 0.496996330199149 0.525124636682809 0.470836206087003 0.487170431625692 0.487267342073659 0.485241194215091 0.498271348786267 0.461628010510008 0.509344038389488 0.474595365993722 0.422238278230096 0.527884098341407 0.482311262382062 0.498980589096202 0.520000787736451 0.509180472363683 0.532839665945892 0.432399486166283 0.464187749822129 0.467051188284693 0.46463864792866 0.414258701068848 0.489902752824306 0.60226718275982 0.444933460415545 0.510869371823332 0.475249353230244 0.508466529155811 0.503385531574182 0.52659745781511 0.460351172274825 0.482100212586779 0.504696473885098 0.471580947049139 0.513413102718281 0.389945097658148 0.448948791042672 0.382816580309249 0.383173012431612 0.416363953192513 0.394454098813781 0.42652969168681 0.461613490664352 0.429994104415739 0.429020021278988 0.402952914364455 0.421416008304526 0.421908365532411 0.504957838644968 0.410882454501771 0.403005367230698 0.464967276224489 0.459974362264265 0.403522500402933 0.391301035120659 0.46084445836433 0.482643353358051 0 0.471059658422615 0.53513467988722 0.475172094747252 0.464784139789383 0.459740147330311 0.5049082460144 0.500646767916804 0.497439205115634 0.441556620777691 0.51930680674093 0.563214734961038 0.438389030039252 0.438958112190963 0.464001463671753 0.452336717213769 0.467827073117845 0.464634106814774 0.433392559317035 0.492568876139117 0.547522044436593 0.511927008207299 0.567112249213636 0.53299090530145 0.500556574838017 0.573187487526276 0.505588095524541 0.477254941376218 0.511759999453347 0.542815201093051 0.495623720473378 0.50248846450393 0.443288975466507 0.535060898469492 0.472018523518984 0.548269826483536 0.450781620769605 0.485758255637779 0.478847976136085 0.485024498794655 0.522614153886284 0.558056335220656 0.50653309780295 0.545284270589045 0.515667700429458 0.515001986242265 0.509431633575178 0.48124629301985 0.516902064134939 0.547243778946311 0.484247757694824 0.478231635350666 0.453869878716518 0.511501038062695 0.485535536018225 0.500300630977017 0.503957637765696 0.539434691133182 0.503099179741532 0.528518472926091 0.478125592071182
"markandeyapurana_adhyaya-1-80_u" 0.331372239923145 0.353623059764263 0.40626006803487 0.36524595147747 0.353611749821064 0.415165106291475 0.329590494106077 0.345099423787203 0.348477835924329 0.335932245113683 0.435984433054983 0.351624179369864 0.369238215146351 0.37566624003545 0.28400993963821 0.317880415439254 0.246862141315169 0.31215977940785 0.249909393119629 0.274046149497366 0.374833478618427 0.287468926380595 0.310703936984435 0.308181579709623 0.298454835582979 0.387504107057645 0.352705268526688 0.405185034923322 0.411697646224315 0.412816334243349 0.315970751416455 0.275324489861282 0.568197810558493 0.37669898408436 0.451482146498829 0.38838584320701 0.4212573811407 0.412351458385911 0.470249979734146 0.3904291831804 0.300108240908361 0.32389475840369 0.291767424058291 0.353500258549354 0.322249949882002 0.413091122284439 0.365860660334171 0.312513134145873 0.382792779272378 0.350073864255466 0.399889182965073 0.424041156575374 0.406609507956845 0.40630951172228 0.380540357882731 0.387246801378191 0.410113009913932 0.446754403100086 0.310991992218692 0.31191097707216 0.381315848906297 0.377570417313846 0.34382008394706 0.397977921126122 0.449376629342361 0.546841838235893 0.471059658422615 0 0.384923887135712 0.266192145832048 0.10013936456011 0.23211318624186 0.293475633278201 0.313523443619011 0.36512029797927 0.305609661827082 0.349891023895698 0.407368574388142 0.38538896282991 0.358573060249443 0.393632750874264 0.385443759615205 0.396838504190079 0.414786692642776 0.367642533585164 0.30608640292558 0.405461150130032 0.365221107469763 0.40335673469924 0.429632673738584 0.333634002025584 0.429031305265117 0.369907071801708 0.268452472282118 0.324424511906262 0.394694053043922 0.353527172454321 0.284808447824806 0.307909162446314 0.385890902162456 0.320870125884364 0.437729744871013 0.291026966493233 0.332438003459397 0.283522967419557 0.282090608443021 0.356888585895159 0.426785632133898 0.343340753177414 0.41437290743446 0.342118959214148 0.361576317426761 0.337467810552849 0.316089312221943 0.35940671019425 0.429959843494124 0.30560076717181 0.260782788727044 0.314690243462617 0.444366976332032 0.294051004317077 0.315796757132088 0.319606931241594 0.379485983027722 0.332465621104228 0.359678004664532 0.232693844412128
"markandeyapurana_adhyaya-81-93_devimahatmya_u" 0.453235161631401 0.469271897641413 0.4995303977545 0.475454561793139 0.472642496560921 0.506015319980883 0.437805292058326 0.455563296461075 0.435866980378124 0.459924873068487 0.511212038622153 0.458211151557554 0.480787475935958 0.481055461171708 0.417101830894688 0.441371837914928 0.397570613670793 0.391256578409139 0.389118261767553 0.421052637855922 0.455136259270864 0.399757648147706 0.408447070738033 0.43903783661535 0.448083791089721 0.471023681327101 0.428987449089753 0.461640974380335 0.485272882954018 0.443992491605251 0.419103997965901 0.387051045798314 0.600090089187651 0.476031773485087 0.514492926775144 0.476342317542933 0.507400370469309 0.507146136511643 0.532737583177594 0.478205607184682 0.415325829553304 0.452370413774468 0.415466259342946 0.445473215179023 0.447503165542486 0.463912198922716 0.466518401126031 0.436656152224527 0.470980601589597 0.464158207937538 0.463190191845291 0.501873243580255 0.46655340093731 0.465501542963161 0.451205201185465 0.466214346889647 0.491523027929869 0.533790504153054 0.455198606542699 0.450213493195624 0.485731712756711 0.49171294200158 0.461243701148571 0.487558635050214 0.513831493350236 0.592457817001937 0.53513467988722 0.384923887135712 0 0.402289625964494 0.347120594934508 0.386675887037885 0.422078672914262 0.440593911778895 0.466515032160184 0.432449948521779 0.46124450866704 0.499731480592271 0.475741397604149 0.473959765521508 0.467576105147571 0.473107294438854 0.469073384553248 0.461499942697827 0.455877474737501 0.417483132758403 0.49616148710643 0.491369273860557 0.499549517344924 0.510568305633224 0.410124098930794 0.51225274022042 0.44561841735342 0.400213164492571 0.438764442442686 0.493285614695741 0.430317971015806 0.420193417835207 0.42946344582851 0.477292675875226 0.413720148616756 0.517219129226484 0.385025645764198 0.437446513740236 0.380492617610041 0.429816000978107 0.469464374439357 0.526446338137178 0.44957891187411 0.496808386869286 0.45699085279599 0.463724756300089 0.472144180778877 0.438804734622873 0.46738452172067 0.503949997014383 0.413302243782783 0.416469583885364 0.440407379767906 0.500333313027915 0.414290782735024 0.438689140008018 0.449421637003305 0.473453984140105 0.408901324773285 0.467071028293926 0.386223897987148
"markandeyapurana_adhyaya-94-141_u" 0.412870221813182 0.373522917558734 0.422358848736733 0.393903877971068 0.373689873793769 0.448171843704629 0.373491047162716 0.386901272130922 0.382432270050851 0.365944084047317 0.455850501738778 0.373705305933133 0.402794677110311 0.398214681467018 0.339996431269524 0.383875523280795 0.305410114241398 0.385852092428351 0.329141996064996 0.307257579577132 0.419031379295967 0.332583283161238 0.382136183406172 0.387504839228525 0.377071761890351 0.43427494366563 0.366638560239467 0.403315762826402 0.422496253673686 0.425816751369106 0.333629763787379 0.335152111949435 0.581088910045913 0.377797078774553 0.467078931502864 0.396658477318807 0.440370145774012 0.441095159538288 0.47430718528927 0.393863775669427 0.354528904232035 0.383616801857554 0.354907565695934 0.406364961673623 0.314762084518465 0.422485442986636 0.368998604039679 0.319021927914408 0.383613131619756 0.352359117211483 0.406822898303927 0.422237333061646 0.411832828545909 0.41245166354019 0.384582786470767 0.395017212851965 0.414199330065493 0.45638863149005 0.336329117120643 0.334536955263674 0.413393909683226 0.409523181330471 0.341918260783921 0.392590630869622 0.447261570788084 0.53483589733052 0.475172094747252 0.266192145832048 0.402289625964494 0 0.200879341944912 0.318450456112738 0.369762077054503 0.358721451467886 0.395699516107504 0.32283139356638 0.398542206214189 0.455085846306143 0.378305722997693 0.363933006286849 0.392697907104653 0.39153343544234 0.406060671753411 0.417973889547421 0.361931438969038 0.35941615287378 0.454855586213628 0.428497726135573 0.455256216686184 0.448739839110809 0.364614000389047 0.478660369955709 0.377703484168616 0.333451091172017 0.380759479233531 0.444217689151068 0.374349568335603 0.3603664661866 0.34521723660447 0.429243391901805 0.356252865965925 0.462285010092466 0.317089210438604 0.369295315564885 0.333768775077508 0.357061645350713 0.417594908494996 0.477916898730595 0.394896536239474 0.474284132396423 0.409597167807466 0.415962158709706 0.398225275823928 0.360652137481261 0.420421592742823 0.469596772743165 0.346083661136404 0.344889374618535 0.338310516807751 0.440050983849678 0.331091323774333 0.380598472695114 0.380553586531022 0.410384663691525 0.36308962971176 0.40670175374419 0.302087149776327
"markandeyapurana" 0.33859685572986 0.34725886094821 0.401525991329689 0.359585368687022 0.345639596508017 0.412047144042002 0.324172391201906 0.342224056486154 0.339305354676529 0.33023274118263 0.432555021443753 0.340415210828229 0.367866973908525 0.369411632057356 0.276205557691547 0.321881145947213 0.238094229526372 0.307682445392834 0.244343788554812 0.257868568314721 0.370948297632855 0.271567190760889 0.306848378427803 0.312112723836888 0.307655517514417 0.386581669759946 0.335191487305058 0.389135167749976 0.398891170335604 0.397102462965052 0.295864201002673 0.263979817693171 0.56511796026068 0.363257027071393 0.445387163322453 0.375773848293375 0.415938971102124 0.409601878945436 0.462757299518605 0.374696599768251 0.29252545261257 0.32577583767601 0.28789285954795 0.350619316036724 0.302254641196536 0.397892436836348 0.351730118448077 0.293757050184908 0.369075991456226 0.336335286098382 0.386462349499586 0.413132099843467 0.39250717093834 0.392954878702462 0.365281300015131 0.375721302396586 0.400601141346468 0.442460580401323 0.303695002086029 0.301582022649481 0.379751679652329 0.376279863783495 0.3297752488729 0.384212896090061 0.439310464620044 0.539596473508393 0.464784139789383 0.10013936456011 0.347120594934508 0.200879341944912 0 0.225271405253241 0.294613017052007 0.307384092718488 0.359196278256384 0.289497935232869 0.342662161094747 0.408985936686425 0.370415298309318 0.347670649059772 0.378583160550367 0.37346691235845 0.384889009358745 0.399463754606354 0.349583111400672 0.297832044634625 0.406536239042154 0.372089300821838 0.401831408747862 0.424851277678484 0.318470410581739 0.43016225219138 0.353555288911492 0.260265760393223 0.323897437576627 0.396777903146952 0.338420036001889 0.28394699472515 0.295923676499166 0.386504550633574 0.308303601282914 0.436223296424369 0.269708802838415 0.325649916681909 0.269190759668426 0.282746143176155 0.362050636320941 0.434297830414315 0.341775809919174 0.421779799541579 0.348416613974033 0.361648133547562 0.342113807103496 0.311516471906052 0.362548424198325 0.429928085131586 0.292027970809948 0.263116950249428 0.301329807803245 0.43072623522212 0.284279481974763 0.31792668991392 0.32096719697834 0.373961928691318 0.316509923848485 0.361842785905455 0.220048440170335
"matsyapurana_pu" 0.276152139933773 0.348469691156541 0.401732358069535 0.35877031421264 0.341674965871227 0.393367339404141 0.324456598583063 0.342741960407774 0.323253650380367 0.333966553193425 0.432146802934985 0.336523648296142 0.366172108504255 0.35451877902487 0.218212549927539 0.271263847632704 0.20157129313907 0.254901092702165 0.182183017943275 0.230456125521864 0.364572744301176 0.260445634979282 0.253845950690585 0.262828653340408 0.286317823114811 0.362480591854387 0.304756388490106 0.373658570841048 0.367201741026416 0.339967404833923 0.261022279047794 0.241189615026837 0.548910490082989 0.347455976104676 0.427176302864057 0.344832824905864 0.41535708811848 0.395015642344425 0.457600668681497 0.354695640214072 0.264637403864359 0.298448372714632 0.223022463465986 0.301811465474386 0.298257390751916 0.357741301958554 0.340926592553907 0.28474350474583 0.356592800410929 0.33041304425741 0.361493312905234 0.397412452670632 0.368684561389735 0.371257087613345 0.344294535716645 0.363444265790032 0.38912951139162 0.436388448976194 0.295239449425206 0.282780359282531 0.352929550207222 0.346462527739658 0.329302836795704 0.389915810821003 0.434850205347448 0.540127787248514 0.459740147330311 0.23211318624186 0.386675887037885 0.318450456112738 0.225271405253241 0 0.235509340824394 0.298666528797604 0.323861653595547 0.288704460012672 0.304366546983701 0.393687822189777 0.354642614531474 0.347195141169807 0.361609010420955 0.348864109375897 0.363670006928 0.369348469169408 0.331760332280231 0.246439103353983 0.366216266070306 0.330396917346383 0.370299949004037 0.415384870715089 0.304763300544735 0.38992385048503 0.349270773043856 0.228702408353741 0.283186346185424 0.357753830523233 0.308652350285528 0.257506728874764 0.264215132843554 0.366194545279255 0.278669088721164 0.423930708632505 0.229720979632942 0.315467096196854 0.24359255919358 0.234918051175317 0.338077326891613 0.421829892955244 0.309504542324774 0.375544386366007 0.296111402957047 0.33594099024293 0.307045120691908 0.284748015120371 0.323846497005732 0.409531566999843 0.271099691880464 0.206562109661464 0.292361515625125 0.423100505634822 0.2923557146306 0.315776709611789 0.326313218120351 0.376803224635525 0.327520670579611 0.376935785438164 0.236959558951568
"naradapurana_khanda-1_u" 0.239325163504125 0.377672730538648 0.413949700239793 0.386075566251995 0.3733162796302 0.426221002157945 0.354982097914748 0.363584107057945 0.360067570982262 0.375178057425111 0.452893022156245 0.370372197600617 0.381400735238546 0.382977477788658 0.227308964456166 0.335807799012839 0.276689210615513 0.271316749982533 0.254722754295628 0.305448757076358 0.353946355949841 0.281266090146051 0.274733497770419 0.233707082726675 0.292924601759969 0.360892096215669 0.368319947437034 0.41261723009096 0.417643724284787 0.414682369938676 0.355625989590741 0.268677500650765 0.546298385316361 0.428128359157353 0.493322827561926 0.419556568477567 0.456173139382806 0.447037507918489 0.509111824093364 0.437867343827081 0.299761480734762 0.296368826796007 0.267370920592384 0.283677868555879 0.381620842169973 0.424764998830922 0.413643446935217 0.367758066657075 0.42706849450049 0.399375389655417 0.426226581978046 0.451260084831117 0.429487426065504 0.43019742129304 0.415729395925527 0.426694723026175 0.440080821679531 0.468586744326227 0.35926851013014 0.361217547314422 0.383900816078952 0.387072525761747 0.392554377494871 0.451911706716986 0.480073964457748 0.576262703097773 0.5049082460144 0.293475633278201 0.422078672914262 0.369762077054503 0.294613017052007 0.235509340824394 0 0.296347000263727 0.36538983274094 0.327740150609126 0.312912463402164 0.373269957113508 0.416899770308693 0.403866175982411 0.413376488309645 0.411047275404982 0.416003140052612 0.423510830709067 0.400923711309016 0.268833939569917 0.359631706253283 0.33576219684497 0.386170026193184 0.439785146338589 0.3315389853228 0.404292118187667 0.376428219445028 0.277615361534766 0.26952688543994 0.32197214291505 0.342127682692048 0.262463978116461 0.328269833585249 0.350699367303267 0.341563401525739 0.427606374088504 0.316195010628728 0.363753140346683 0.288147404545672 0.33062867614876 0.392362625570721 0.433228802993802 0.374073822283688 0.424125999099544 0.364491352383895 0.40369881114615 0.36024803737785 0.376571150356543 0.370779847184452 0.410115082400188 0.308738125865478 0.304942307327095 0.322884355159314 0.446257793766451 0.345291721968946 0.357101292121 0.341243216234197 0.404222747428574 0.360933238368982 0.378579916437009 0.284349728324901
"naradapurana_khanda-2_u" 0.353693998126018 0.395281228637834 0.437518387043803 0.399753166901112 0.386781836819545 0.447632113332844 0.378865029918457 0.384708688267904 0.387196614874501 0.384775404824096 0.459312952189201 0.390796054872215 0.405239313991212 0.420548442592046 0.272789566216693 0.387950918497292 0.310163697807825 0.356285612486719 0.319438394145974 0.316511593948997 0.399589086120481 0.277823174719701 0.332112232421733 0.343912710889484 0.316176184726881 0.375490551987059 0.367887844127236 0.41871824294524 0.445012062483212 0.450922986063025 0.362118956374258 0.316445463059277 0.553727744837566 0.432187365748672 0.502724993916538 0.435808997704413 0.488003187449867 0.474909656966208 0.526867475459182 0.440304612998081 0.34312543545116 0.33520617817127 0.328748116514098 0.35632289886413 0.374062837276368 0.439551021263019 0.410146468476085 0.361927642101615 0.423310748701132 0.389115041878516 0.447228731242376 0.458592030234963 0.450806033278971 0.453494083307753 0.429237702602932 0.430096806373084 0.436843271180827 0.47831615281221 0.360067611960928 0.356192770700038 0.388401289936027 0.389684004056521 0.386594957087618 0.444049906434432 0.483956434323593 0.559352664955345 0.500646767916804 0.313523443619011 0.440593911778895 0.358721451467886 0.307384092718488 0.298666528797604 0.296347000263727 0 0.380667137084161 0.326743455348313 0.345416983610151 0.434158040402392 0.410980191547867 0.374829953516795 0.401276443399474 0.406118966367448 0.410629201353636 0.436134559323412 0.386539829874771 0.318603452517799 0.415623518113363 0.398843529420969 0.430655224559757 0.43156425748518 0.326942473847589 0.452411609514549 0.391701247025511 0.317124440110162 0.354368089440952 0.386020535545644 0.37616788661923 0.298375188319 0.325962984033932 0.393767235880003 0.355511770602529 0.463282945830401 0.344653060704568 0.359871210793397 0.30736462635041 0.375267826729552 0.435640910976148 0.460969220090716 0.40871776637051 0.474776205723083 0.417074669521372 0.440249854849929 0.391036872115007 0.391154103260667 0.421739942341919 0.424750838748476 0.306864718418631 0.3554985011053 0.335159999463849 0.462749959315753 0.37715551230343 0.400799685298588 0.380342126787474 0.432582333071519 0.375514473623615 0.412472625965021 0.328133052140898
"nilamatapurana_au" 0.39220618058951 0.443657606622022 0.480220787717508 0.455514888102375 0.440193871011877 0.484352785504108 0.431283975342377 0.442959226463088 0.424951351415754 0.43370809305703 0.493127898292255 0.431167215539048 0.456476537026245 0.448154842647237 0.333492693077309 0.410946120607778 0.364619744475789 0.401594322095303 0.366854525155066 0.339733771574549 0.437316286281608 0.356862095945133 0.357578964589945 0.385534662820978 0.39203464508061 0.423279115621708 0.386430593959155 0.432636695128794 0.461844642442207 0.443604777788379 0.388214820654816 0.342683404506004 0.56469514924074 0.439174800868724 0.497163225754122 0.430762383034411 0.487631559735213 0.482536583467364 0.523296000202387 0.451384288666708 0.380681938585577 0.385943277900286 0.364355265360918 0.388380443799302 0.39194943366274 0.442845003863478 0.426596979165261 0.383853058769911 0.43658264457983 0.420620703795135 0.449930656205144 0.465576262041068 0.452446604986776 0.452406131121276 0.425326642067425 0.448452041084918 0.464074922685999 0.496931217435042 0.398347085767358 0.384249116804154 0.431570950122644 0.413078226516645 0.415035078196401 0.453083713373897 0.48068519849991 0.56680522852131 0.497439205115634 0.36512029797927 0.466515032160184 0.395699516107504 0.359196278256384 0.323861653595547 0.36538983274094 0.380667137084161 0 0.374273890433975 0.40916978165686 0.475762891716595 0.428882843302006 0.4249934612332 0.435735814493517 0.429703992322353 0.444893046012284 0.45278277102631 0.413126555538405 0.365452761304892 0.432717698453034 0.431216400425245 0.4814139229233 0.425921647864713 0.386080952980861 0.484676543623503 0.401796947600145 0.366278901509669 0.394625224442393 0.426586726342732 0.387234237466551 0.363611821715341 0.341418016326315 0.446828553540783 0.377061066075297 0.485758860773842 0.345735473970627 0.381650669693354 0.357065134110319 0.394309640597088 0.451747084117599 0.493300659148232 0.433809590302396 0.455334622105717 0.429558690537406 0.442381752794873 0.41808453377775 0.413839305495245 0.450049116762495 0.456517504703015 0.343066750089889 0.378941272430402 0.386616126484732 0.458253717888672 0.412711416643694 0.423303459093802 0.421629552709002 0.468994604615981 0.419945231470546 0.466267968856868 0.382135072144487
"nrsimhapurana_pu" 0.361643523265436 0.365252638250997 0.408825427028116 0.342984961834675 0.327434201920716 0.400336114837184 0.354166335079725 0.372295977736805 0.35913208528481 0.366469398520696 0.417121764610084 0.318090580088109 0.351730365911935 0.348090107762763 0.299125639049866 0.392451908731953 0.297857256809175 0.364541584712987 0.3188028778094 0.219982520244453 0.407947887916201 0.292652386426594 0.349305076888545 0.349538939220513 0.359900760048774 0.394553276694157 0.299755420559386 0.314885358823923 0.3792845754828 0.37821585256787 0.270209983368257 0.305947708884926 0.545458384558912 0.346275821052629 0.446392524503874 0.352999746484108 0.426235741459783 0.416588679060218 0.4592771422015 0.357613631969227 0.314904678206108 0.338308191851338 0.30615022212416 0.356631506377325 0.27303231533571 0.349545865715407 0.324151612982348 0.253271926331446 0.342027782820953 0.306812158283068 0.362338234194254 0.392913626769058 0.363100515817661 0.36554811228632 0.336584445617637 0.349342771723142 0.377548629603283 0.418126560811495 0.280259500551179 0.282209819729595 0.359174131232766 0.351013709965326 0.295826102576486 0.367081084846959 0.4136415731219 0.509875135805669 0.441556620777691 0.305609661827082 0.432449948521779 0.32283139356638 0.289497935232869 0.288704460012672 0.327740150609126 0.326743455348313 0.374273890433975 0 0.344520564786904 0.441174848965222 0.305811659312887 0.294324136521629 0.31025963199247 0.316616987003272 0.329887511562461 0.338978371178754 0.276908222883353 0.316084431547481 0.430148433576129 0.388928411148825 0.445002964903662 0.427598596716393 0.330543776871573 0.461947812819565 0.343675131359281 0.309978243035968 0.357025129729864 0.409766330998604 0.345257311627464 0.32304200722099 0.27621721578465 0.40761795847598 0.336283550643484 0.456482261895889 0.295078129556626 0.335634305816793 0.285532141535231 0.366791146286623 0.428814544781694 0.469515722127978 0.392171632104162 0.47649479629621 0.41945033813438 0.428905708984315 0.405861015959669 0.369619274387978 0.426089818490387 0.445912465102336 0.313742235566739 0.345078541925903 0.263064409588705 0.390290360576471 0.340757629948835 0.384016185804398 0.381306122520467 0.419843042337159 0.346226671466259 0.408149673776107 0.300124446766537
"padmapurana_a" 0.364775520468022 0.399735341800171 0.445013972887541 0.405404697826629 0.395188233373544 0.430521077567884 0.390505251354366 0.396655625336145 0.384840151816594 0.403051336405683 0.465130025709057 0.386893618505962 0.416494873785989 0.41530098776696 0.309703464800706 0.414549756660367 0.333975534346078 0.356661536384891 0.333886890796891 0.336214062170543 0.414241907355568 0.318238551501143 0.370898882474117 0.353615711566028 0.369556556783506 0.424374793677341 0.390362300202925 0.430338931849897 0.4495133052647 0.431000310591233 0.377490584654214 0.333111238779 0.574207772869288 0.451195466864904 0.52789640488806 0.442534429218603 0.498296812272126 0.492113424051564 0.532481879893618 0.460617618825247 0.349128027554461 0.354237631529103 0.336385326285401 0.375979726685996 0.396120904273971 0.43647417031069 0.432133651834643 0.38163130048284 0.450395544478921 0.421287004294794 0.451626645679923 0.467381278775945 0.453114894525904 0.455087505713123 0.439946083870828 0.441600062114767 0.46458217285855 0.485820178509557 0.395089690637868 0.38645747792101 0.422013261974066 0.42688594562024 0.414765997368842 0.472263242571112 0.4944013054633 0.588391974923599 0.51930680674093 0.349891023895698 0.46124450866704 0.398542206214189 0.342662161094747 0.304366546983701 0.312912463402164 0.345416983610151 0.40916978165686 0.344520564786904 0 0.413636159027443 0.42234353319201 0.415640517145667 0.424531303136216 0.426820125707732 0.428783206882958 0.441440760751367 0.402523412251406 0.327350930637555 0.416597019320903 0.381740109623211 0.292375394003487 0.466971559847161 0.350737663748928 0.334592130063447 0.401273925634235 0.331832890250254 0.353553785080289 0.388293707012833 0.3844144594643 0.322830312244721 0.348292360124545 0.416400800218462 0.363798229614 0.485952614717832 0.346920263315477 0.385348143169125 0.329621257476912 0.394668912280322 0.447950940640711 0.490725687855817 0.430096669848115 0.46806059097803 0.427882667759597 0.461671238584846 0.417460405560058 0.416779400576799 0.433523437483971 0.450292228496563 0.336756336095052 0.370655638504003 0.364620654682579 0.464928481130363 0.379888198605937 0.414480492649378 0.396911021258832 0.410334200447714 0.376869594407931 0.42611640674948 0.322079312159471
"pranavakalpa" 0.412970443805935 0.435945614373296 0.446503721401383 0.436131036603977 0.438368681932204 0.442605102569981 0.42223195872004 0.422110045923338 0.425776657271577 0.441210953673363 0.473366852060405 0.449494830071942 0.439927800031539 0.448952110437511 0.407906499284588 0.427900451759782 0.401067048008386 0.394412258152675 0.390268892141482 0.434167469113185 0.410573549489553 0.417849216286653 0.415994364407323 0.403331254486 0.426107383363401 0.44215644092547 0.466454318696411 0.484864141686307 0.480257259543591 0.485910432125217 0.452705758636658 0.40711687603279 0.595234519677656 0.492598777343854 0.537245762535771 0.489428943270559 0.502541369798716 0.491980885469122 0.546870108802168 0.502491914011872 0.398034020984831 0.399845838698123 0.390497330947962 0.408071794235947 0.468232691778028 0.492034308370995 0.492240049155861 0.463330336476677 0.499595279517302 0.478506421874404 0.502056849682102 0.521635842689663 0.506100349218651 0.508292696950487 0.504319084567555 0.498200041694903 0.516085209061734 0.491849355784032 0.439755215586806 0.455469428315443 0.469769627997056 0.489353746889029 0.468186743238447 0.523616162073934 0.531470052243714 0.620522450182761 0.563214734961038 0.407368574388142 0.499731480592271 0.455085846306143 0.408985936686425 0.393687822189777 0.373269957113508 0.434158040402392 0.475762891716595 0.441174848965222 0.413636159027443 0 0.492205730090625 0.487983202361907 0.491341369073324 0.485138057312018 0.494532213313614 0.500718166821068 0.483854002671805 0.382685770224982 0.458890718815172 0.417986564874368 0.452283029046907 0.509695583773269 0.427735045502069 0.455045864090812 0.443088248207438 0.398615401068193 0.372649040651818 0.416576671029848 0.442741256581771 0.358629937858756 0.446931064421885 0.390153914475904 0.431738583789032 0.465245615757666 0.415559790446111 0.43985445670495 0.419758556069395 0.419173921933085 0.444245516811733 0.470663200614848 0.439619876542958 0.500716629361851 0.437700968805013 0.472154294185051 0.445898322157245 0.455365778583658 0.427621746509235 0.490683449939623 0.4364247399535 0.404467250505755 0.432554993136489 0.519107261222959 0.417047193023346 0.447031898475806 0.448714450610839 0.452973986071324 0.445117163888836 0.445822138610591 0.392903791950196
"ramayana_01-balakanda" 0.434583159334696 0.410264324493014 0.460682190958696 0.393686311065955 0.376181103323078 0.446807090952192 0.412550661433802 0.43454226712247 0.417413222684156 0.393150652576276 0.466953187474056 0.368903374768133 0.416607540336667 0.403592625331784 0.390251007930309 0.41846366460016 0.34244096030085 0.419335564643774 0.369017126568481 0.296291932472882 0.467029578322661 0.381053863673569 0.421740525643701 0.432147544049804 0.442216757756389 0.474272781467432 0.320571776598521 0.363381425296855 0.395162768292504 0.373034993712087 0.284426127107574 0.386107379958491 0.586250719757877 0.343098781914961 0.457165033482765 0.376314909488094 0.45504667499295 0.444242056722931 0.480411286904406 0.366829578426058 0.383724994474885 0.417983381027992 0.372516252953016 0.42754577710303 0.274168291790304 0.353305917130283 0.323069135664081 0.268613580324583 0.339289406469084 0.317980643081732 0.362596922357539 0.385455179255266 0.36470799087106 0.373510678404451 0.325749779427634 0.351297531051159 0.38822635675622 0.436735385190021 0.318873002736845 0.31231130156682 0.403815230608286 0.404299701700864 0.319057901617135 0.351382876968639 0.408361141173275 0.495383093130997 0.438389030039252 0.38538896282991 0.475741397604149 0.378305722997693 0.370415298309318 0.354642614531474 0.416899770308693 0.410980191547867 0.428882843302006 0.305811659312887 0.42234353319201 0.492205730090625 0 0.27945402201446 0.306035321185235 0.305041718620165 0.322333815402388 0.321066702301129 0.252926888574444 0.390577269175003 0.485363169770396 0.448798203959493 0.48953536778663 0.47846240277934 0.396858230416256 0.501505921855031 0.408477795640675 0.383228612696135 0.41591778196105 0.472351442896343 0.411843145249495 0.411347835043156 0.354522894494494 0.465206591060021 0.379571838007253 0.496106725009835 0.34259225003332 0.391433220262268 0.352312020687974 0.393998121911084 0.458431982680942 0.515081899024276 0.429695207519648 0.490971449850217 0.44521341666522 0.443030230053826 0.445094643387569 0.376158223151322 0.457175705118308 0.495150272414276 0.40066226710597 0.384364565336685 0.34981469909163 0.449750152369356 0.396174078983083 0.435116958199724 0.440076578366066 0.452691895900563 0.41356997218839 0.469519968664659 0.374804335141796
"ramayana_02-ayodhyakanda_a" 0.420749735700169 0.387013791962329 0.453679054705579 0.371445377248991 0.351691369373784 0.427816115274972 0.398073560925765 0.416675092482891 0.410033864131196 0.390017824311512 0.432358174307547 0.341534467321277 0.386776314047272 0.39296683933556 0.377702722016042 0.424852835947315 0.348757947214847 0.417194881257525 0.370837418079733 0.292716908917849 0.458537054254475 0.363664214365811 0.411040000092727 0.417808719101993 0.415301962188298 0.460901256412119 0.310859746912894 0.373089099443445 0.406726887397353 0.399219536885811 0.285813542908001 0.377730085573278 0.577168894770395 0.372254250356375 0.468135923845013 0.388242168909544 0.463446962684329 0.442224093793308 0.493151564992969 0.386153477493722 0.393187809020396 0.410022577711689 0.381085874921019 0.432056014295209 0.261698083008607 0.380448572675929 0.301438283910361 0.242372832721882 0.310907814614709 0.280939617222936 0.351278732846559 0.39376439056246 0.349886814581558 0.356367039832964 0.330525792385023 0.33654587898066 0.346876028346497 0.435185609761763 0.284992973591587 0.296476833400057 0.369418936836228 0.393019053433303 0.296080179511473 0.336751100250538 0.399805034532511 0.493940760087299 0.438958112190963 0.358573060249443 0.473959765521508 0.363933006286849 0.347670649059772 0.347195141169807 0.403866175982411 0.374829953516795 0.4249934612332 0.294324136521629 0.415640517145667 0.487983202361907 0.27945402201446 0 0.255364730451306 0.271361833594947 0.281784778571986 0.306258921170304 0.265956897394678 0.400535523551184 0.478629942138608 0.425928170235862 0.489073161840348 0.473421844359361 0.396697495304427 0.508719836843026 0.415900173030961 0.372742263439562 0.408511226526384 0.466112218382366 0.409647399152136 0.389775632284242 0.357060587608584 0.461409379259162 0.377102729156472 0.489885095773995 0.341993859862129 0.407732229642499 0.353494946929308 0.400533508639335 0.460804486558609 0.50006266483743 0.435649189654471 0.492937864692926 0.448460167586708 0.459182221423673 0.441375079830469 0.395650333890014 0.459008331800234 0.494508955124174 0.39453798762198 0.388155916270271 0.332550172755382 0.454484544674273 0.402525906567572 0.434159796416152 0.431256759605172 0.454592400861561 0.4055942872281 0.455837881030006 0.369330750401835
"ramayana_03-aranyakanda_a" 0.425363179515881 0.409485081165737 0.457255342535465 0.388307536056292 0.375090281962638 0.434996593364765 0.413353245032763 0.428949571647538 0.416358805880431 0.416977775171605 0.448873443205391 0.364155336185433 0.407233576410606 0.413366454316502 0.396791500645757 0.444611083381558 0.372376966805485 0.41879566487978 0.387772126546156 0.323260242498654 0.473459677669986 0.388400698951297 0.419279258441508 0.429122141015727 0.435364965191542 0.471200422194435 0.330933311287902 0.370574247833882 0.407653695148915 0.378631834753213 0.29749760132367 0.391404870837829 0.593393482196512 0.402010624000494 0.486230873802125 0.41403926964491 0.48089209260485 0.466774503254083 0.510943063594987 0.412076845623134 0.403761624796083 0.423290713275611 0.394703133097863 0.435558339484614 0.310305923412358 0.376275819068002 0.35113528086938 0.282009807366748 0.337729209793289 0.337531874480435 0.35858198923221 0.420510030933224 0.354151298591297 0.363603031862206 0.344107974927877 0.355320494156642 0.373839706730406 0.460794977683982 0.336568898556401 0.341992075047048 0.402981748565714 0.423509001887939 0.343629915410847 0.39659057428139 0.420176518401232 0.522456232216449 0.464001463671753 0.393632750874264 0.467576105147571 0.392697907104653 0.378583160550367 0.361609010420955 0.413376488309645 0.401276443399474 0.435735814493517 0.31025963199247 0.424531303136216 0.491341369073324 0.306035321185235 0.255364730451306 0 0.25936183136074 0.243835852584418 0.248371690735433 0.262341170254668 0.410989736685386 0.485432683678945 0.440050877683815 0.496115252586009 0.484636755358039 0.407416140917149 0.512186835082798 0.423998983041245 0.394844671257844 0.420821433083911 0.476984461429858 0.40815516981117 0.401003898159771 0.375036418746784 0.466669356524444 0.393943427705525 0.497796199216785 0.349515417955438 0.417853812824721 0.361405455886865 0.421029933194743 0.477627928713683 0.510409865117646 0.451630011735818 0.492422646784698 0.458814768368691 0.46446557428784 0.461569452329121 0.423527363591716 0.470393524598702 0.509280812353858 0.406461782602957 0.409639503105628 0.359984731305152 0.450022511553487 0.420768289092658 0.449901560236328 0.457898390437281 0.474897790584715 0.403257646485065 0.476245934133279 0.389606689011591
"ramayana_04-kiskindhakanda" 0.426037477631722 0.409633186504096 0.452365583775715 0.388352590557371 0.375692174058413 0.432634746617536 0.411440283770254 0.42819521769292 0.40901378777223 0.408610118578985 0.445431151500753 0.361003689318576 0.404314155564586 0.409737025872731 0.395506093535513 0.419919035491025 0.359159833895234 0.409915825817056 0.369952406549743 0.3076128313519 0.468915803577246 0.388077903782476 0.414456654651872 0.426867550397016 0.436818657255454 0.466442311175929 0.314262208200127 0.36859564858759 0.395859137273947 0.35635354592157 0.279508027273705 0.391234303667399 0.587601939282761 0.386151752797559 0.471646269608398 0.404074491557246 0.467664496277389 0.448382247389899 0.499142424648282 0.399512534723553 0.392125543211246 0.420378887486736 0.37614132622217 0.431384586386279 0.298774039374056 0.356118363647122 0.329518609064931 0.271991286749108 0.330881663009288 0.318189604730788 0.34841175735833 0.40148464693421 0.348032249068333 0.35649956064637 0.330760612009979 0.3422622768385 0.365342283198702 0.452479302997195 0.319380648925633 0.324861739178192 0.391348280456263 0.405928200138251 0.323731476544294 0.379399605151659 0.406222562660276 0.50775775818653 0.452336717213769 0.385443759615205 0.473107294438854 0.39153343544234 0.37346691235845 0.348864109375897 0.411047275404982 0.406118966367448 0.429703992322353 0.316616987003272 0.426820125707732 0.485138057312018 0.305041718620165 0.271361833594947 0.25936183136074 0 0.246936192705559 0.253201337999261 0.267169559669217 0.39978433206048 0.473289109468676 0.425042712982016 0.489741872971069 0.48568327757795 0.4036654339037 0.500224641434011 0.415906935560765 0.38425189655879 0.413010330047817 0.480167222471856 0.410849191348552 0.402652660654445 0.366885966811943 0.461799324723671 0.385581084574938 0.487161296461452 0.334807075276933 0.40734666805713 0.36027549437818 0.399029545323448 0.457879285896948 0.501703536247062 0.434455257443093 0.463959626963847 0.437843533407372 0.453840033309919 0.452744313741506 0.408790006999248 0.450156239347627 0.506619725540601 0.405203655774545 0.388107006073473 0.353062701487475 0.451552387684861 0.406974329753037 0.427936858448439 0.448470136125987 0.471607775543173 0.402202361507077 0.465810494314573 0.381790757292762
"ramayana_05-sundarakanda" 0.431603993889917 0.417181019596249 0.46463743245851 0.389399431560303 0.37791975871244 0.436171855432033 0.420015624630064 0.440408307158834 0.41465694598462 0.419862747575663 0.442526229876211 0.359781826720719 0.407345626395047 0.417808981411624 0.405998051542229 0.446049472265277 0.37953611346376 0.409901468614058 0.38919249317087 0.331423346402415 0.475298132126741 0.395253878898965 0.419360677632951 0.433661403527537 0.449781223580433 0.473381823091973 0.331217993415496 0.386276879687575 0.410011505550633 0.365910447704037 0.298788801416975 0.398159030133479 0.596872411368772 0.407957070230447 0.492601745093632 0.415099924806783 0.489020975919708 0.469469165977607 0.512971006842169 0.421426049421143 0.412894779428741 0.44109421549921 0.398059975116574 0.440950893246276 0.317293934136893 0.373075970752932 0.351824255729575 0.290448384130888 0.341103838688796 0.341444039390268 0.366015599337669 0.424453317151475 0.358410793531453 0.367940075951992 0.351252998841541 0.357231081298556 0.371545791599134 0.467520616378018 0.345524076198104 0.352390349993284 0.406973385444737 0.426354160664642 0.351462736725196 0.39560854857316 0.426774024513292 0.528330739406455 0.467827073117845 0.396838504190079 0.469073384553248 0.406060671753411 0.384889009358745 0.363670006928 0.416003140052612 0.410629201353636 0.444893046012284 0.329887511562461 0.428783206882958 0.494532213313614 0.322333815402388 0.281784778571986 0.243835852584418 0.246936192705559 0 0.246486057974743 0.281058551435452 0.418851669788457 0.484153455083552 0.4371980746578 0.493703505996341 0.498378938923039 0.415765053359959 0.507753653205952 0.434550022458352 0.398862296969868 0.427142471412991 0.48954601488851 0.424260039237346 0.406121446947181 0.391196640015386 0.471507319787649 0.402060559326618 0.505246270056109 0.355376616774966 0.434630750375771 0.373839386985195 0.4236291711193 0.477150231279258 0.519389319965718 0.452529845496892 0.478250572947778 0.463360610514095 0.464851207011692 0.46758511267503 0.427498881078102 0.470619310034703 0.523506334499598 0.422848745364099 0.411992813333712 0.364862917189711 0.460500976767756 0.426215911781549 0.454712691968597 0.458651015439891 0.475623514201792 0.404223306894956 0.478030622528707 0.395215449500729
"ramayana_06-yuddhakanda" 0.433162634432726 0.423236761169945 0.469068173626366 0.398026398666445 0.387590260314868 0.446875859163322 0.421333584042832 0.440992882761951 0.410380330703856 0.426259502820442 0.466793990235402 0.364653108360886 0.418189591357174 0.422604105214161 0.414954257013278 0.443933157246278 0.381521792393555 0.415937820790657 0.390978855584955 0.336810994943021 0.487698196832794 0.413383380607737 0.430921309826384 0.434025374811334 0.45672407571057 0.483078948964643 0.338294354044604 0.362276221110365 0.40011576152374 0.327891063896751 0.291549476961433 0.411582474655413 0.599080806730482 0.40398466983952 0.489204796791094 0.418431585106393 0.482648445790912 0.470466053511307 0.510801576928588 0.414418163821727 0.409858650474956 0.438302445619171 0.392820060095525 0.443886213541313 0.325760823720774 0.356263394998028 0.348302442210283 0.294517618676168 0.333899545361649 0.34031883226155 0.313971096391605 0.419560996386961 0.304191420402201 0.316941891875869 0.309105340934716 0.345557335051382 0.375783489153411 0.476028091111136 0.35174837464825 0.357505550743464 0.4233398524725 0.431725717666551 0.346870238399351 0.399998704668624 0.414686052676932 0.525366308120105 0.464634106814774 0.414786692642776 0.461499942697827 0.417973889547421 0.399463754606354 0.369348469169408 0.423510830709067 0.436134559323412 0.45278277102631 0.338978371178754 0.441440760751367 0.500718166821068 0.321066702301129 0.306258921170304 0.248371690735433 0.253201337999261 0.246486057974743 0 0.260146032786254 0.417015737980851 0.48724249240736 0.444707129600276 0.499692122219161 0.507794594973752 0.421816300679448 0.513093077314826 0.42876552456543 0.406605311591249 0.430385718435353 0.48751381443121 0.412684243588536 0.42188104906029 0.394246178452716 0.475514243685431 0.408490240811687 0.502380230982175 0.340823877392268 0.434273725449622 0.37046099125941 0.425708686025077 0.480201947760426 0.522634297324856 0.454953089487977 0.485609962018082 0.459900496289905 0.468339428119776 0.476974550453866 0.429883443854071 0.470585513269766 0.523390274258038 0.427280159721473 0.414840757813196 0.380266566758975 0.469225636130188 0.428605346220663 0.455720153155273 0.46725271695245 0.484714595833871 0.408925161830133 0.486964686138407 0.402039378685309
"ramayana_07-uttarakanda" 0.41999107087694 0.389597646838674 0.44520771075894 0.371877465165231 0.356903063751319 0.43035148579906 0.391975198316687 0.411409242780602 0.392107730105345 0.389328249973773 0.443676095178955 0.346264940911502 0.393509153274133 0.388103521543426 0.370323096232627 0.407632218417439 0.331347504404078 0.400920931955584 0.353691491781281 0.274908862153085 0.457010732471025 0.364386098244785 0.405683483878889 0.41899878238462 0.421676867402874 0.451564228053175 0.302210812051724 0.333787850779217 0.384074266550099 0.360780834309835 0.255796971233829 0.365066527691231 0.582050693514966 0.344460859450445 0.449636437690342 0.368832618045696 0.442469020729086 0.430690321805128 0.46893749943937 0.356527552813497 0.366926106666846 0.399405618225352 0.354605262941569 0.417922776969602 0.264380842236683 0.343033275962231 0.311533144423748 0.240155237375963 0.321292988196498 0.296277051350527 0.338200945169021 0.381904791893327 0.33492207273046 0.344527369258176 0.306330239505544 0.331672176825652 0.370621070478427 0.433577273064344 0.299643306201543 0.298871059637766 0.382032152606883 0.39292921546526 0.296329524861114 0.3533485456761 0.397390408280898 0.501271078042062 0.433392559317035 0.367642533585164 0.455877474737501 0.361931438969038 0.349583111400672 0.331760332280231 0.400923711309016 0.386539829874771 0.413126555538405 0.276908222883353 0.402523412251406 0.483854002671805 0.252926888574444 0.265956897394678 0.262341170254668 0.267169559669217 0.281058551435452 0.260146032786254 0 0.374712348575964 0.471288636799299 0.434822917651782 0.476169309291685 0.469009568469868 0.374290717373007 0.491548926739456 0.391864562492906 0.363374849370977 0.399775018649177 0.458122936150272 0.38508348706717 0.396178389053993 0.339935872164685 0.452978774457735 0.362746720105109 0.475339592710864 0.309734816780103 0.379815855585905 0.329103097981791 0.386065995715924 0.447562634480871 0.498484226387758 0.415427407538755 0.481944719297359 0.433695291423195 0.439644203627211 0.439773270424573 0.377696313571045 0.445145790769831 0.489672231851788 0.380907459351448 0.372695936146697 0.331530362549358 0.433155177513416 0.382068412730212 0.426511402467844 0.433811579096423 0.452720309066673 0.387950423850656 0.455373137608364 0.360784559459984
"saurapurana" 0.335358265778079 0.380977446590514 0.41794951128161 0.394444036109799 0.382021088747679 0.433114131386498 0.352288194008401 0.364849982671939 0.352570047565251 0.373511866008266 0.461909034454081 0.379297768155554 0.390762705126433 0.388501430734307 0.255908420650337 0.344769010981531 0.275745865929246 0.299558994506593 0.270022309687516 0.284471331338471 0.364831381138737 0.262396135831063 0.296757082830052 0.30343265932248 0.324575341677388 0.366230465820508 0.358700649445592 0.387870341627573 0.401217095092795 0.392760244509686 0.341218976332384 0.286655525375838 0.547563218344881 0.405396847193499 0.47302739582467 0.407650629115791 0.453294633259337 0.446834459435724 0.490388647185185 0.41371642363351 0.244925556261605 0.285350334107074 0.221962842131205 0.287619756216988 0.365129483143681 0.405433401615248 0.39928812625464 0.351384166117533 0.416579742601136 0.386459208525524 0.416651016462471 0.445909875860614 0.421585343258646 0.424958247314762 0.404675242235542 0.414240702481505 0.43679197836652 0.458045124535492 0.345533924188236 0.342165725084397 0.387797142229627 0.389049749998955 0.376039013971475 0.439416257650035 0.469619180804838 0.561544452228928 0.492568876139117 0.30608640292558 0.417483132758403 0.35941615287378 0.297832044634625 0.246439103353983 0.268833939569917 0.318603452517799 0.365452761304892 0.316084431547481 0.327350930637555 0.382685770224982 0.390577269175003 0.400535523551184 0.410989736685386 0.39978433206048 0.418851669788457 0.417015737980851 0.374712348575964 0 0.376815883186188 0.365841428891927 0.385020295685035 0.424966763071357 0.281486997088902 0.384171109912555 0.328549066776759 0.263288627769303 0.273122535410076 0.344760624793351 0.32985405855228 0.267219803305033 0.304225734776113 0.32168456158286 0.300756333243454 0.419523061780247 0.278130024467609 0.313616821968156 0.275440620482349 0.32714907793812 0.391768925224402 0.439524927458786 0.343366308560181 0.435307905240948 0.371873752560335 0.396337427200783 0.365293627410953 0.35574345052171 0.368048723044417 0.409955449905347 0.293500302937063 0.29517125426937 0.331749643796241 0.440431323309524 0.324917214492353 0.361219472686504 0.367228402424657 0.411649865320202 0.357953275087688 0.389112233126274 0.291271912812252
"sivadharmasastra" 0.386531033083724 0.46652825754695 0.48366171115696 0.464114538236384 0.46014988203678 0.487537946966848 0.447564659456793 0.447564385703067 0.443337014877246 0.459754655048255 0.519400453042758 0.462246761683851 0.462858799940297 0.468771562059063 0.368308526967703 0.437304119135791 0.405911281046176 0.405281857648881 0.396988178984806 0.416521725060007 0.441554182107367 0.419557865168269 0.367141219482414 0.379280704616831 0.404691111728116 0.464673709682324 0.461186056025445 0.4773467813498 0.467620272551783 0.473256687047386 0.445813813348447 0.390706266791303 0.572461050719211 0.495813323330993 0.547869291497199 0.487929893457246 0.522131066121758 0.501577420442493 0.555444083007566 0.496574987384506 0.397667815422059 0.381761447150173 0.372039448718595 0.389428512010655 0.465951723999627 0.484301283394034 0.487087604169229 0.452296383790044 0.494536790766693 0.472968142301346 0.494165400682329 0.51380001299941 0.498123096119168 0.50128262726681 0.49126116731734 0.490228695430081 0.506491848523684 0.523404502764395 0.441221050922973 0.436075735926369 0.442120396406436 0.439171469906219 0.472090052586184 0.516680989140966 0.537099576961194 0.610365171258358 0.547522044436593 0.405461150130032 0.49616148710643 0.454855586213628 0.406536239042154 0.366216266070306 0.359631706253283 0.415623518113363 0.432717698453034 0.430148433576129 0.416597019320903 0.458890718815172 0.485363169770396 0.478629942138608 0.485432683678945 0.473289109468676 0.484153455083552 0.48724249240736 0.471288636799299 0.376815883186188 0 0.354522011750132 0.459542588572718 0.476305962992931 0.432147220292741 0.452941716025263 0.44774121812194 0.391420759030515 0.374112749841348 0.398056520688261 0.405674769380171 0.382732265062649 0.405156299881587 0.427627472280736 0.406828749865403 0.479784380234326 0.399595260917017 0.424354993330698 0.409372526563337 0.420190825597211 0.462197868296194 0.476342332989398 0.439250743299331 0.471912026616538 0.441226492973971 0.48435998249267 0.419521739850901 0.459897498251127 0.445086031522904 0.482431593512496 0.401048663845202 0.402874104487413 0.414265328474802 0.519528054784747 0.446315853393108 0.448737967097635 0.441940262873276 0.491704204798168 0.464676437871643 0.46817013470213 0.416599015101048
"sivadharmottara" 0.351854799463254 0.422318986250013 0.453686369649599 0.410551744645911 0.404697853818266 0.443515953883014 0.410985683767842 0.415346964771101 0.419810681500126 0.434361989359785 0.464846751045552 0.410740978834936 0.398659537814219 0.420552750526949 0.358205119442785 0.403406260131731 0.379918914616193 0.385546887909986 0.365409783830194 0.357969349941708 0.414172069462716 0.387687529273439 0.350929116390668 0.356827370025185 0.361554450025417 0.447023058504092 0.410654684329804 0.449430046246095 0.420186168635419 0.427272647233566 0.390425141105751 0.376857347396558 0.559932742550961 0.453519145461594 0.506997118700599 0.44689608248263 0.477735383034421 0.454248882404306 0.525704559250232 0.463647837849733 0.390763418619802 0.365641645644768 0.353663979761723 0.379782278205335 0.410936504427805 0.447554542521458 0.432104522436369 0.396219655333611 0.438866354173183 0.416298400786997 0.431887336750128 0.469705321260112 0.439407576703811 0.439835592511319 0.439855870762988 0.436149785554503 0.440836416857225 0.464738208856162 0.369957833419377 0.380346166175592 0.380806132959728 0.392334299266281 0.406331322188674 0.469281105419318 0.487934675645744 0.583442972141724 0.511927008207299 0.365221107469763 0.491369273860557 0.428497726135573 0.372089300821838 0.330396917346383 0.33576219684497 0.398843529420969 0.431216400425245 0.388928411148825 0.381740109623211 0.417986564874368 0.448798203959493 0.425928170235862 0.440050877683815 0.425042712982016 0.4371980746578 0.444707129600276 0.434822917651782 0.365841428891927 0.354522011750132 0 0.431578318951818 0.480613959189966 0.422527889170733 0.450193736841224 0.438234238456375 0.348875774022906 0.34964434058786 0.389703505838841 0.398860181241499 0.356132621675558 0.37072889614135 0.393794405547479 0.40829889771197 0.438003639030365 0.37367674186639 0.41809197738896 0.396326054857859 0.382849470969511 0.42513524550322 0.448223759010763 0.42197216105564 0.45427183103748 0.407518459467062 0.454082774214595 0.396718675620866 0.435613591799034 0.407339150125072 0.478919130296883 0.392868555674523 0.368701518788548 0.368604320107054 0.488113588560692 0.41201969765071 0.417049273603481 0.412134795659527 0.465366670412849 0.439437862458954 0.422126502344168 0.379122323188379
"sivapurana_dharmasamhita" 0.439638599879805 0.459659971110381 0.494303531475084 0.470981837140775 0.463583285666752 0.481522712928055 0.442172882954191 0.4467818933532 0.442367874857732 0.449023781364812 0.527496122634966 0.467340789230577 0.48311647417497 0.483486379778021 0.369903811771036 0.426919147838463 0.375719397824024 0.394953365477775 0.368411699281337 0.423788500681439 0.474519904034576 0.378394190561665 0.429523401784926 0.417726552868617 0.434958594423989 0.484015641452327 0.461221025321935 0.498806968495993 0.487731539883831 0.469799047722945 0.440186213590395 0.412139691436005 0.628906165217452 0.495899357306992 0.556159373709409 0.489658379624515 0.5373075757526 0.524787547130736 0.560619904181934 0.50648805833787 0.405281176953681 0.426133436598533 0.38351213497143 0.436301209427985 0.462448918956832 0.493814252542578 0.491934752981171 0.4552301966386 0.505519932340843 0.482880522858056 0.500120632176521 0.514105786303943 0.501502406125524 0.505573363588933 0.494852778252316 0.496478846237093 0.518249676942305 0.530892123286014 0.455689770181819 0.450676791806226 0.478991107994726 0.502572722011452 0.475630702609139 0.523238296282413 0.542511273679603 0.629324298165688 0.567112249213636 0.40335673469924 0.499549517344924 0.455256216686184 0.401831408747862 0.370299949004037 0.386170026193184 0.430655224559757 0.4814139229233 0.445002964903662 0.292375394003487 0.452283029046907 0.48953536778663 0.489073161840348 0.496115252586009 0.489741872971069 0.493703505996341 0.499692122219161 0.476169309291685 0.385020295685035 0.459542588572718 0.431578318951818 0 0.53614050620268 0.400504379082483 0.218020966342192 0.461710874491303 0.372238027654821 0.384730123552714 0.433296698862065 0.441790909260593 0.402016526597524 0.448771895625328 0.448344124530013 0.422144655899621 0.509762359803508 0.402331581168048 0.453821233878192 0.411788999060989 0.41903678470636 0.465562338382986 0.521222438311116 0.458720250236392 0.496633439577437 0.452995725307898 0.475452988314192 0.456971954927922 0.446820751133194 0.453988292869432 0.520626941875077 0.436533797351552 0.401199365107701 0.448588092614952 0.532129067102921 0.427281505876378 0.45323131265782 0.436237089492078 0.435255303068531 0.441727557428 0.459823808277331 0.374888029973107
"sivapurana_karvanamahatmya_au" 0.464934847231657 0.477793579354177 0.507183837128265 0.493448073836156 0.487252609928646 0.528530288119039 0.475343087239379 0.480638404918708 0.483980649246288 0.487113513455589 0.521109392272501 0.483020743402165 0.489766157728737 0.493318814399589 0.415853495975676 0.474900689982067 0.437805495701841 0.463227125051293 0.441390399824047 0.416595905414216 0.46808157962525 0.415134524703683 0.427922884889027 0.452132024958889 0.440630916864617 0.469638806682345 0.460509574267624 0.489340322071493 0.502512688456292 0.511291021208843 0.461297441327093 0.416256332743941 0.564287851717115 0.497089752435313 0.533097777519366 0.496661967705654 0.519867735985096 0.519833464434746 0.55388598403281 0.495592098646868 0.431324874555513 0.425424018208963 0.42914866189878 0.441776737258131 0.45881021460255 0.507358254267251 0.489769552512052 0.451722560612475 0.496657363976482 0.47554102376183 0.511081277717908 0.508249121250787 0.515871909668165 0.515025126586408 0.49075432798296 0.497645393920907 0.503596329007394 0.516976573815809 0.451343015685643 0.442429378887377 0.45628801458736 0.460917691440674 0.463776668866604 0.502556379758141 0.525603608706429 0.581476816269508 0.53299090530145 0.429632673738584 0.510568305633224 0.448739839110809 0.424851277678484 0.415384870715089 0.439785146338589 0.43156425748518 0.425921647864713 0.427598596716393 0.466971559847161 0.509695583773269 0.47846240277934 0.473421844359361 0.484636755358039 0.48568327757795 0.498378938923039 0.507794594973752 0.469009568469868 0.424966763071357 0.476305962992931 0.480613959189966 0.53614050620268 0 0.437316598865728 0.528887262460521 0.444463987496466 0.431547516028259 0.442292243763136 0.463473824973356 0.434700534908282 0.427291677637081 0.390825033541184 0.466892828556631 0.43295075279141 0.499264833264847 0.421749312026606 0.410528143704278 0.425569476889927 0.461925950286549 0.492633323324052 0.5070102569701 0.473563991666334 0.526360046020773 0.485858984140389 0.499106959025669 0.458965365356082 0.474562573667423 0.488111064794458 0.489601988380909 0.391836017462777 0.445796837339562 0.436332253292325 0.512008334690735 0.458225494889217 0.48050262335702 0.477189114341736 0.528620735002628 0.47318488523616 0.496486027789494 0.447854189866576
"sivapurana_rudrasamhita" 0.384494012974861 0.411780342810449 0.455615913075261 0.419594956643793 0.404051809213826 0.462368737375332 0.38107014989683 0.397023637598636 0.379730349279333 0.397901114418557 0.471144816260637 0.397476701509449 0.428917032233685 0.436436398361649 0.278456794283916 0.386138346326434 0.305755738037646 0.332029257273018 0.309748806279811 0.32061296656252 0.394200565346211 0.229685763928134 0.337304061739965 0.364059991766933 0.363935862498949 0.364982317946988 0.355517179516995 0.392240930631647 0.438671860834596 0.415809659621334 0.359251954261071 0.288578838099877 0.573194607007898 0.419319688521147 0.487408064518547 0.425192328053977 0.478148162478619 0.474647577336262 0.507460746119357 0.429894053861563 0.317971867629794 0.36155900254019 0.299390998356359 0.334178243763351 0.370405277941932 0.420202568748187 0.410985407377362 0.364837319343412 0.424027462839461 0.397903122090334 0.430214410291458 0.456363153230299 0.434442864079632 0.434715095798544 0.410746355514482 0.422648312280347 0.452225467605153 0.476011448105213 0.378110885971354 0.377492925877367 0.415789429715837 0.435792305429818 0.389340640265891 0.442367413392244 0.473584499025616 0.557516522588959 0.500556574838017 0.333634002025584 0.410124098930794 0.364614000389047 0.318470410581739 0.304763300544735 0.3315389853228 0.326942473847589 0.386080952980861 0.330543776871573 0.350737663748928 0.427735045502069 0.396858230416256 0.396697495304427 0.407416140917149 0.4036654339037 0.415765053359959 0.421816300679448 0.374290717373007 0.281486997088902 0.432147220292741 0.422527889170733 0.400504379082483 0.437316598865728 0 0.410488706771025 0.295298580330575 0.281104706644576 0.301810784084396 0.366768786156204 0.336696400530238 0.316186912144839 0.344847651659065 0.375273447279945 0.320142145149674 0.458768441159142 0.298153593220553 0.346456593517689 0.283398632266889 0.371237121061965 0.427047826626517 0.473274188437471 0.38712308309529 0.463638838523716 0.41745531728698 0.423729264040873 0.404580170045864 0.377485887175127 0.4181432796649 0.43166110546326 0.325790926254695 0.346243825113321 0.369939423124153 0.451322116596836 0.348631893039013 0.398008060269829 0.398627248981314 0.431428996585368 0.351759398183844 0.423437259184685 0.317015431052363
"sivapurana_sanatkumarasamhita" 0.462170897903229 0.485601249639044 0.506314714186153 0.487893969190553 0.488009920301398 0.488869740153781 0.46665944850506 0.470307493383055 0.458957992507866 0.47901176439401 0.538222239636725 0.491286200531334 0.500267313192563 0.492715262349851 0.392400514225946 0.429637505806977 0.402027295927869 0.405292992281347 0.388846187036721 0.441981890734338 0.474003137781978 0.403784186479093 0.432400266160578 0.434863455326739 0.460802732291204 0.488980101231355 0.478007565112633 0.508077018111622 0.481831096102545 0.475117599711749 0.464481385737267 0.430244281836278 0.628027598986396 0.513140158498659 0.554144547717253 0.509634129984 0.537125926010515 0.524193158468361 0.562024673937358 0.519100798939596 0.398641751547533 0.419640477963164 0.374299349123785 0.426274681853573 0.485261041246542 0.499520868074165 0.510233517173644 0.475405476737573 0.521859061501642 0.504127681254415 0.513634325279541 0.529309453068059 0.520710909578074 0.523667071920302 0.513279608903701 0.515724593801831 0.536692164154934 0.527611825228512 0.468719964154684 0.469114601392338 0.480412628806941 0.503628917458407 0.489762633802094 0.538198469211615 0.559498488629238 0.635230786205263 0.573187487526276 0.429031305265117 0.51225274022042 0.478660369955709 0.43016225219138 0.38992385048503 0.404292118187667 0.452411609514549 0.484676543623503 0.461947812819565 0.334592130063447 0.455045864090812 0.501505921855031 0.508719836843026 0.512186835082798 0.500224641434011 0.507753653205952 0.513093077314826 0.491548926739456 0.384171109912555 0.452941716025263 0.450193736841224 0.218020966342192 0.528887262460521 0.410488706771025 0 0.457707604414962 0.394795880245735 0.382587946471621 0.424882690574112 0.453275103164669 0.415689390450893 0.448678440022635 0.440160482511641 0.404358243455526 0.485620438688598 0.403321718113685 0.446057527504412 0.429164568761923 0.427809213241464 0.459813059188955 0.511690620360697 0.44707954893497 0.485398881537598 0.44973135472702 0.485168438856804 0.46088741430999 0.465887948654442 0.448210268805972 0.527649147253413 0.436166028203664 0.407104275438709 0.456313304646134 0.53024898590523 0.443532714431815 0.457198661057206 0.455687500015586 0.459046774564598 0.463510312201059 0.471187565315188 0.403001407180632
"sivapurana_satarudrasamhita_au" 0.418504746583924 0.404154420162768 0.437333632607402 0.416452848708511 0.408954970697389 0.463818316758882 0.388115093736986 0.403624861641929 0.386937820243739 0.401410830329124 0.485493619290572 0.401865865827422 0.424432576106502 0.421142881516083 0.360343829913768 0.420023104882483 0.356142386849199 0.383732381815513 0.36154130900758 0.346983841771886 0.414912675311495 0.341660709402055 0.386340686365494 0.396838868768543 0.409098422087261 0.406095910470112 0.383804441571578 0.395606360621438 0.444678496761991 0.424945804494991 0.380194574931294 0.344531374976779 0.574556996325685 0.430114295748397 0.49768967664874 0.423777281361595 0.478368245926064 0.478387892482009 0.499139014061389 0.436678004382553 0.328940870716728 0.378095322627919 0.331250498313456 0.377625280284925 0.387004240482405 0.42473290436277 0.422480491866777 0.382157943454625 0.43396773682933 0.415871648039802 0.440629997878827 0.456981064350189 0.442734758508016 0.441840630138391 0.425456042985918 0.434239527810081 0.464993169246669 0.480933808101985 0.391279605406895 0.390956945299114 0.438647886633482 0.449970154481681 0.405233715509569 0.455624321118182 0.476749745239341 0.55865163544776 0.505588095524541 0.369907071801708 0.44561841735342 0.377703484168616 0.353555288911492 0.349270773043856 0.376428219445028 0.391701247025511 0.401796947600145 0.343675131359281 0.401273925634235 0.443088248207438 0.408477795640675 0.415900173030961 0.423998983041245 0.415906935560765 0.434550022458352 0.42876552456543 0.391864562492906 0.328549066776759 0.44774121812194 0.438234238456375 0.461710874491303 0.444463987496466 0.295298580330575 0.457707604414962 0 0.34160497632984 0.357517211792846 0.415025464142331 0.360061845509283 0.358584642224336 0.366851043789053 0.413252090598409 0.347679184669522 0.445959976588667 0.311637175520183 0.373587585959934 0.337526126665711 0.401207776780524 0.445992970323393 0.489785252226765 0.386160950266795 0.483838134929786 0.437975155590589 0.448680138644887 0.442696516178597 0.401626089873701 0.438692414010008 0.461519602411115 0.362514974177403 0.378443473587538 0.386123601314204 0.463866939012155 0.375825569617073 0.425413421014133 0.434758056953867 0.452763069079891 0.392433235869826 0.447208021798184 0.361758730130317
"sivapurana_umasamhita" 0.332294983927377 0.378851155746579 0.420445074582401 0.382814830010897 0.373194249503398 0.427370921736339 0.352039893902036 0.36751518983138 0.362769883843446 0.363887634810851 0.448649249600064 0.372343401441699 0.387829342812551 0.380907993605956 0.254562759534155 0.305409949577359 0.241463572740443 0.290442842161173 0.232155254187177 0.270536875764228 0.370232070824973 0.26011960746554 0.294251890511441 0.304022142079604 0.299589832371929 0.360366464949606 0.342046620740987 0.395329705245989 0.392804776599147 0.390826640534407 0.309122782811377 0.278958641926705 0.55390187941465 0.377333598433761 0.452556029333562 0.393422722680834 0.439950317299014 0.415432347637555 0.480476998153249 0.394967946359961 0.28806661199092 0.317424508508675 0.256480779695529 0.3186479677253 0.333256601878115 0.396264748304794 0.376231008215119 0.321740830247611 0.389900112780613 0.357060445932685 0.393704402614635 0.424858550504921 0.403084790692384 0.404529102992836 0.382946293082704 0.390412130963016 0.411090252589028 0.447195642238693 0.318321317643888 0.313475408014599 0.360261352550928 0.372802367928147 0.349526963671575 0.415956992726783 0.457726700496404 0.552391799649504 0.477254941376218 0.268452472282118 0.400213164492571 0.333451091172017 0.260265760393223 0.228702408353741 0.277615361534766 0.317124440110162 0.366278901509669 0.309978243035968 0.331832890250254 0.398615401068193 0.383228612696135 0.372742263439562 0.394844671257844 0.38425189655879 0.398862296969868 0.406605311591249 0.363374849370977 0.263288627769303 0.391420759030515 0.348875774022906 0.372238027654821 0.431547516028259 0.281104706644576 0.394795880245735 0.34160497632984 0 0.292515349961456 0.352992404421292 0.333701186660278 0.278357479703108 0.301937395409722 0.35845369236373 0.307953254892577 0.423384839934532 0.27687175390081 0.32825567870776 0.285794111210151 0.28188892653948 0.358399824965757 0.428468395310919 0.332987860173265 0.413185792087566 0.341162752130835 0.363189853328784 0.329522752014202 0.326754431701612 0.348560018546974 0.419162336614318 0.288671325905636 0.25495819287739 0.315857494376484 0.444035213461342 0.313364202690267 0.332329400230355 0.337391516455026 0.399353886924673 0.347517488508422 0.379079033182049 0.264654543920834
"sivapurana_vayaviyasamhita_au" 0.331298415673487 0.407392768394095 0.427737866600745 0.397847735158195 0.395910362365439 0.437794860930944 0.37480211672388 0.386411966849892 0.382117220410023 0.3968341488745 0.469802077352511 0.406078335384582 0.405119688380469 0.411012268772533 0.27250387169261 0.342127769768928 0.300477836960887 0.306091706223702 0.283977020366105 0.333500800745341 0.365181749886924 0.304768980510146 0.320512896965228 0.308697280365588 0.343189329430369 0.375117691651886 0.388106897173919 0.418876448959753 0.416811382472708 0.420535577926639 0.372426820827656 0.303639973067207 0.564624858739293 0.428253217613644 0.484822817297119 0.42917760806651 0.451126773637155 0.439218420648667 0.503206739631261 0.439899725874908 0.295627831389512 0.301745537316656 0.259137279640392 0.275437313217976 0.388217664314976 0.434635084074147 0.420877265627067 0.381002432130865 0.434405749366335 0.406480071405785 0.431272876095396 0.459013334512938 0.436620066718377 0.439416881172925 0.427273847503691 0.428937066440496 0.451077222653674 0.457118248774939 0.361003453766663 0.378128303787636 0.394289225393392 0.410507964932418 0.393245937226744 0.458029212338559 0.484427620628714 0.567639940201486 0.511759999453347 0.324424511906262 0.438764442442686 0.380759479233531 0.323897437576627 0.283186346185424 0.26952688543994 0.354368089440952 0.394625224442393 0.357025129729864 0.353553785080289 0.372649040651818 0.41591778196105 0.408511226526384 0.420821433083911 0.413010330047817 0.427142471412991 0.430385718435353 0.399775018649177 0.273122535410076 0.374112749841348 0.34964434058786 0.384730123552714 0.442292243763136 0.301810784084396 0.382587946471621 0.357517211792846 0.292515349961456 0 0.301060582474554 0.357731540828152 0.302637127691033 0.354739254262202 0.331733436502386 0.327772338816967 0.409167665231494 0.309919077042828 0.35954731779522 0.326270158055646 0.339646407141692 0.379515314992869 0.418179300665724 0.366525762552229 0.443077042418793 0.372397883719568 0.414519354520646 0.37240095338461 0.385098866657407 0.367458179041778 0.432358689062641 0.336615492127158 0.315829219364439 0.357559503667207 0.458535495736355 0.34513883766154 0.377412075711131 0.366218117844224 0.414720255737584 0.381835006947028 0.391695785112163 0.306772722675533
"sivapurana_vidyesvarasamhita_au" 0.367073482138369 0.463101447932995 0.484260801814192 0.466370981124337 0.461522337686576 0.494241423340056 0.445312910684214 0.445248970327296 0.451625929895233 0.467602575873471 0.509497939644257 0.471603557133523 0.460504189304235 0.463902758776285 0.320960171887792 0.410105475239565 0.38228094137861 0.383086901681004 0.369687827722216 0.389244839566194 0.403370394214738 0.353068008999558 0.37164915426209 0.356898330541674 0.370521591250079 0.402479958272425 0.445399568279213 0.468996277654188 0.470390015676164 0.482831161139088 0.444481612267975 0.366855628767678 0.563528234329447 0.486327593736127 0.527522604209437 0.486066121242486 0.494743746871024 0.488828501612263 0.542025915848548 0.494784740928182 0.383292386539597 0.346973000205468 0.342427724584158 0.345461071392324 0.448562306392298 0.490975371721044 0.477229635413133 0.437988593393849 0.489954659346398 0.458221656042246 0.485358450519793 0.50291603147169 0.489971837947064 0.48919100841955 0.481564277560556 0.479758518744704 0.500905296097137 0.492981446678888 0.414560424196978 0.42175268418747 0.415241339006742 0.435065387955344 0.442548321830773 0.503195222822148 0.523260535797793 0.598017916403302 0.542815201093051 0.394694053043922 0.493285614695741 0.444217689151068 0.396777903146952 0.357753830523233 0.32197214291505 0.386020535545644 0.426586726342732 0.409766330998604 0.388293707012833 0.416576671029848 0.472351442896343 0.466112218382366 0.476984461429858 0.480167222471856 0.48954601488851 0.48751381443121 0.458122936150272 0.344760624793351 0.398056520688261 0.389703505838841 0.433296698862065 0.463473824973356 0.366768786156204 0.424882690574112 0.415025464142331 0.352992404421292 0.301060582474554 0 0.397642553724229 0.364644521477547 0.390705415806312 0.368177236332377 0.39913143250105 0.454280860478045 0.393797348322325 0.405580951710421 0.388614786749485 0.412162182523378 0.442993717887776 0.451125738100436 0.439516393743788 0.49948644295781 0.430999281750077 0.473190230958687 0.409705446627715 0.452402413328894 0.424833428335904 0.454898965888512 0.376946999765875 0.39359586756613 0.404940633757552 0.495941904104218 0.413673063908731 0.431159251173838 0.408715216634876 0.469961910812527 0.445860409158294 0.44166677317545 0.385529712400375
"skandamahapurana_himavatkhanda" 0.375329580820171 0.393982482874231 0.434169194996918 0.406092756558098 0.393271004882061 0.451319112564022 0.382807011296222 0.394375461730376 0.372777431045853 0.398482969933119 0.480846084139032 0.391221229856947 0.416085846235902 0.409029325401281 0.333936157061751 0.389099211573352 0.337898214117552 0.362412638168745 0.335784702306923 0.322451874547086 0.40806433108239 0.336770508891221 0.36254381494494 0.359538011774396 0.383809142935175 0.402937019510244 0.372082245996612 0.387890856448757 0.405710225254361 0.389872810302097 0.360514730338017 0.329002365296719 0.571036886288498 0.419914682728757 0.4842811358186 0.419684778227095 0.458129083766303 0.458274781262475 0.492442216021702 0.419261613244668 0.340542627945 0.367629370340753 0.316334128645551 0.36443308306948 0.379297899010369 0.408309536894139 0.410140606245045 0.364962496437033 0.420485299840192 0.398079793232916 0.410916394266226 0.448164762607613 0.412548510014591 0.414892911999638 0.398375550576356 0.418921947891658 0.449289181433296 0.480737329252633 0.374429651686546 0.36860574397638 0.418342593416441 0.422317508537363 0.388542596291307 0.447967558228212 0.471201661136358 0.560057637915873 0.495623720473378 0.353527172454321 0.430317971015806 0.374349568335603 0.338420036001889 0.308652350285528 0.342127682692048 0.37616788661923 0.387234237466551 0.345257311627464 0.3844144594643 0.442741256581771 0.411843145249495 0.409647399152136 0.40815516981117 0.410849191348552 0.424260039237346 0.412684243588536 0.38508348706717 0.32985405855228 0.405674769380171 0.398860181241499 0.441790909260593 0.434700534908282 0.336696400530238 0.453275103164669 0.360061845509283 0.333701186660278 0.357731540828152 0.397642553724229 0 0.35004135659247 0.345995011756766 0.414214754847772 0.327896705500693 0.444711420180638 0.291048806192235 0.366813998528572 0.320683327247707 0.375435123597538 0.425852504543145 0.475999785897671 0.383688345823611 0.451072063798179 0.40970647059573 0.43382541255913 0.420991500082084 0.395088339236378 0.417905649959958 0.4573249040156 0.357061576400572 0.353235378164087 0.367169330059742 0.460419939346941 0.370792278988149 0.403606108592336 0.411430767013185 0.447516866117766 0.396780745465027 0.435413273861285 0.348953136048404
"skandamahapurana_kasikhanda" 0.310157688628305 0.372821883587457 0.407102051690952 0.36929830574112 0.361051106409793 0.403235371976663 0.346337812980933 0.352058204230926 0.358586030651126 0.364921098270087 0.416730388894294 0.356788217880958 0.376344336136411 0.393183726195534 0.275948868304981 0.37010664032112 0.303168162831406 0.298211374484708 0.287077751579733 0.30306379006157 0.367556325154533 0.280967163452564 0.29192906173697 0.295764409802006 0.308956305755094 0.378012628774905 0.367494415437132 0.411521872266031 0.429280305470119 0.42302448384159 0.352085811602017 0.273113334459608 0.538635946693139 0.42713311914815 0.495334318913757 0.422682398296307 0.473902446962372 0.455640911744642 0.517969717875633 0.437016858686818 0.310893285368659 0.312975873545469 0.294909242200949 0.329760467689888 0.373711535287972 0.4229032907829 0.404704672072606 0.356367785132956 0.416621464243652 0.389882702447851 0.430231853127695 0.455149418915128 0.43030338924961 0.433309172958934 0.418631237044604 0.421574419138054 0.438524977147037 0.459320430842954 0.351116073996172 0.353861435375209 0.390059021394075 0.395242577116258 0.388587566931929 0.447358338594444 0.473614109952853 0.573468454652822 0.50248846450393 0.284808447824806 0.420193417835207 0.3603664661866 0.28394699472515 0.257506728874764 0.262463978116461 0.298375188319 0.363611821715341 0.32304200722099 0.322830312244721 0.358629937858756 0.411347835043156 0.389775632284242 0.401003898159771 0.402652660654445 0.406121446947181 0.42188104906029 0.396178389053993 0.267219803305033 0.382732265062649 0.356132621675558 0.402016526597524 0.427291677637081 0.316186912144839 0.415689390450893 0.358584642224336 0.278357479703108 0.302637127691033 0.364644521477547 0.35004135659247 0 0.309059656360616 0.35678247697962 0.333000514658273 0.44270836224686 0.306996915288741 0.34463552244127 0.288337405019498 0.338765241764673 0.399216770863111 0.439311764694911 0.376057745359746 0.434951334392387 0.379240236382219 0.414575019024525 0.357754767139992 0.378208552833638 0.386955089220657 0.411081823653852 0.296819553728714 0.313055474258511 0.328766217007306 0.454424982595961 0.35388989066784 0.374983744669866 0.3737543391551 0.407040198807243 0.356453938445757 0.395538807405763 0.296511690861026
"skandamahapurana_revakhanda" 0.348647773385206 0.397848600426242 0.439931859615424 0.395258747001427 0.376195899435693 0.431246554536673 0.389662443822961 0.398168862239819 0.391508964632781 0.398345833202893 0.445497472532342 0.373519801251825 0.393866910899933 0.381223003177521 0.293202905731235 0.370046287139591 0.310327784049352 0.353743993284309 0.311016008447034 0.238862341008602 0.397324408797506 0.300888803132476 0.313634951926923 0.344254129302719 0.339820950041534 0.397956020528213 0.324066600154105 0.371524408845185 0.386323767952881 0.384743400672947 0.306150624928347 0.297807086300082 0.525519270352633 0.375039339683523 0.447732148343969 0.375267889632877 0.431460902889025 0.419370046910824 0.472688958575901 0.380582628274096 0.319394262584383 0.332450992132826 0.292156301701867 0.343703927963237 0.3120747386259 0.382491766289166 0.353090364315197 0.293468756834989 0.375737741834608 0.340964743084271 0.384912894119656 0.401751261224654 0.3956749634579 0.392384958097882 0.359610463682037 0.38134241778726 0.398299377672428 0.4347228949838 0.303875547440345 0.287978097140179 0.352213812229262 0.333327148463983 0.327956807772502 0.390442921237913 0.438009755384888 0.521945009545024 0.443288975466507 0.307909162446314 0.42946344582851 0.34521723660447 0.295923676499166 0.264215132843554 0.328269833585249 0.325962984033932 0.341418016326315 0.27621721578465 0.348292360124545 0.446931064421885 0.354522894494494 0.357060587608584 0.375036418746784 0.366885966811943 0.391196640015386 0.394246178452716 0.339935872164685 0.304225734776113 0.405156299881587 0.37072889614135 0.448771895625328 0.390825033541184 0.344847651659065 0.448678440022635 0.366851043789053 0.301937395409722 0.354739254262202 0.390705415806312 0.345995011756766 0.309059656360616 0 0.398639295791289 0.325113218618506 0.455401974403312 0.302520590156886 0.314271643777532 0.297674568375392 0.349554086721455 0.413116792085109 0.470174110970118 0.3875780937459 0.447257583352287 0.390660814849874 0.421566498257678 0.382229504801256 0.376416235646027 0.409287325816107 0.419299530742911 0.222115582172425 0.326099333610192 0.298323683896557 0.406738765291389 0.348946405301746 0.368020965802717 0.374155001807894 0.436110219941554 0.375334332519344 0.415739717333823 0.318304643981774
"skandamahapurana_sutasamhita_khanda-4" 0.416280646736478 0.45526033488901 0.466522325404025 0.461800961290014 0.455448848954561 0.48535665508919 0.422776228361456 0.433395895962288 0.437155861371518 0.45774204093093 0.499643265752008 0.467070416370881 0.439258503908938 0.457211609217994 0.365569980482748 0.405336724956849 0.369841097831513 0.375015239076228 0.362893131996351 0.390320341658773 0.382410170041227 0.359983378280817 0.37289590489258 0.384611711761163 0.39801640194928 0.397309729044744 0.433755986610594 0.450796117509367 0.457741204414062 0.468321374998294 0.432576128896101 0.37492801569043 0.568183791168661 0.466426587216573 0.509909630986347 0.473638676217008 0.483436790459041 0.484863195366538 0.522447346057377 0.473231372136858 0.357114193798816 0.351114387567535 0.331000778372685 0.357515183082979 0.438384993765673 0.475258108882846 0.465615158167825 0.432666329824765 0.47605670034827 0.454070894385957 0.473416172958433 0.50649297789645 0.482668021483365 0.484236053552485 0.472991830652982 0.473072834418492 0.489254409147914 0.485369758402528 0.408317722172618 0.422189052804846 0.42413373857311 0.446786573912268 0.437400739164639 0.495221768108234 0.520694239177787 0.589186072237812 0.535060898469492 0.385890902162456 0.477292675875226 0.429243391901805 0.386504550633574 0.366194545279255 0.350699367303267 0.393767235880003 0.446828553540783 0.40761795847598 0.416400800218462 0.390153914475904 0.465206591060021 0.461409379259162 0.466669356524444 0.461799324723671 0.471507319787649 0.475514243685431 0.452978774457735 0.32168456158286 0.427627472280736 0.393794405547479 0.448344124530013 0.466892828556631 0.375273447279945 0.440160482511641 0.413252090598409 0.35845369236373 0.331733436502386 0.368177236332377 0.414214754847772 0.35678247697962 0.398639295791289 0 0.389575742567763 0.433468068679257 0.384734152609895 0.390521314401287 0.390954771602687 0.395208563295135 0.433616338748415 0.446978373721264 0.413686867887672 0.475947571064288 0.421638181121345 0.448646994015678 0.409697906587807 0.426124947053569 0.410027693923238 0.463756072586298 0.388828735021548 0.376177249253101 0.398892807078876 0.480261615484014 0.397883040040919 0.416392269090091 0.41548072870844 0.472027927652298 0.440166808924725 0.425887739145008 0.383314570064497
"skandapurana_adhyaya-1-31_pu" 0.387923985897748 0.394668945492763 0.434999963454798 0.402251916479353 0.391541459015136 0.442965307299888 0.370437419089713 0.387705828082917 0.370413834996167 0.382860593240472 0.467792188046344 0.389887669475849 0.409581890957028 0.408934965185804 0.320802475290059 0.347132126306595 0.284351758202448 0.345876847117648 0.294417298866588 0.308188561931885 0.391785330674797 0.312789579391718 0.35404384386055 0.353369796017962 0.376257938304224 0.393633793617353 0.351635958613321 0.384331284485377 0.397769328855205 0.388279346391378 0.338767397926967 0.320463918816591 0.577796325620855 0.396204988989941 0.463242658601166 0.405459214690603 0.451541542775643 0.43550195242544 0.485010525618759 0.398242812565985 0.299361788454928 0.337724671282123 0.263826093825959 0.340163542524649 0.345690797484207 0.393372920402921 0.389819300134802 0.333031468025713 0.405897088225327 0.377997806390541 0.409503100583617 0.430632699831056 0.417483570507176 0.421811594786548 0.391004609097341 0.401727711363083 0.435705006883418 0.46028754204715 0.352991584787373 0.339463039264672 0.403265158469098 0.408124885781593 0.365258671538644 0.420976128761471 0.454146746792555 0.547718372240006 0.472018523518984 0.320870125884364 0.413720148616756 0.356252865965925 0.308303601282914 0.278669088721164 0.341563401525739 0.355511770602529 0.377061066075297 0.336283550643484 0.363798229614 0.431738583789032 0.379571838007253 0.377102729156472 0.393943427705525 0.385581084574938 0.402060559326618 0.408490240811687 0.362746720105109 0.300756333243454 0.406828749865403 0.40829889771197 0.422144655899621 0.43295075279141 0.320142145149674 0.404358243455526 0.347679184669522 0.307953254892577 0.327772338816967 0.39913143250105 0.327896705500693 0.333000514658273 0.325113218618506 0.389575742567763 0 0.439157977339411 0.225490211139997 0.317404517515519 0.299332438274938 0.336773865437309 0.392276567829197 0.456171939414367 0.344246350637531 0.439716500128615 0.383527476378685 0.399930644543678 0.38340749283223 0.360678142837867 0.387893037133256 0.445019866971204 0.324324554958794 0.311636082357131 0.352273061471034 0.450272180051412 0.333947121747923 0.381531046968129 0.388080022000671 0.425885840210855 0.370678617139225 0.419302231656185 0.315637408671966
"skandapurana_pasupata_adhyaya174-183_u" 0.469626797242652 0.473389701351135 0.478583440221574 0.466436888766545 0.479270045626918 0.515413558513831 0.462582053413099 0.471484172450022 0.479202997931675 0.487703998895331 0.527581288475892 0.495014019334079 0.459548239284077 0.479486301148943 0.443214702711915 0.429096858191808 0.434456264960821 0.442812924997718 0.42223276986732 0.435617468193753 0.435779138335257 0.450719343038761 0.454991948191962 0.456585374131818 0.450235051729825 0.476326588654976 0.47815221827789 0.480395002747376 0.463733544260268 0.498147452271555 0.466801969041095 0.437077634763578 0.587925198490885 0.493554018411232 0.51863322802449 0.500840814510456 0.472740628482095 0.46128049137216 0.528279613752379 0.500355827942424 0.409196283692224 0.416387150596198 0.406869136315592 0.440230621474392 0.476488125527307 0.506371231320165 0.500955799447058 0.469374481479452 0.500423288245373 0.484531128074456 0.498998409633236 0.516913552062903 0.509190718983486 0.511698650338332 0.502672177767987 0.499894453385749 0.509930115155872 0.471834081912158 0.428941239050187 0.452416725657454 0.445806243443851 0.48420274208479 0.449440335434507 0.517572581540729 0.5407350876778 0.598513199216416 0.548269826483536 0.437729744871013 0.517219129226484 0.462285010092466 0.436223296424369 0.423930708632505 0.427606374088504 0.463282945830401 0.485758860773842 0.456482261895889 0.485952614717832 0.465245615757666 0.496106725009835 0.489885095773995 0.497796199216785 0.487161296461452 0.505246270056109 0.502380230982175 0.475339592710864 0.419523061780247 0.479784380234326 0.438003639030365 0.509762359803508 0.499264833264847 0.458768441159142 0.485620438688598 0.445959976588667 0.423384839934532 0.409167665231494 0.454280860478045 0.444711420180638 0.44270836224686 0.455401974403312 0.433468068679257 0.439157977339411 0 0.406155834067619 0.449188532745934 0.448440447452896 0.428079816341767 0.438692713416766 0.447336480102498 0.440423405148099 0.511382711925906 0.441943738492627 0.486520151600067 0.459252508231397 0.473860495149487 0.42176116364185 0.520588374982276 0.456094315590659 0.4201257134335 0.442456045576289 0.527673790831433 0.44102879507835 0.458049512348536 0.478322064264879 0.526818715881384 0.494746967385806 0.462843010061634 0.44663605074186
"skandapurana" 0.358270855220763 0.350221530047717 0.40770057022239 0.358080462139676 0.345586380176878 0.415323035655264 0.335934730949637 0.356071126245759 0.332032785675165 0.356622715119595 0.431641899046244 0.333086668576462 0.373868441052197 0.376210809648077 0.293729048506519 0.335412358023441 0.255122078996458 0.303570845193144 0.258879127900351 0.250412663207589 0.384236989148899 0.295818905902771 0.315529273264196 0.335849466046555 0.34729958785733 0.392777532148988 0.298831589428241 0.33722917166187 0.36643466131532 0.315647931845917 0.269865384632001 0.289003520709026 0.568172747082221 0.361117625150505 0.436047958940035 0.368903228127448 0.432389477190686 0.417168442531086 0.469282796497664 0.365315662005432 0.280983564094593 0.329766457753319 0.256567463372302 0.339344073357144 0.297839836548971 0.34780717712751 0.340182210179393 0.276932267682348 0.350082590217072 0.327632897278158 0.342148615689029 0.39254732707004 0.350229312187942 0.355208155414693 0.326733275783047 0.348564920398478 0.390185597841329 0.436418995185268 0.30614082802641 0.297738606685382 0.3676276323803 0.376255619686205 0.319386553764151 0.384320187358981 0.41588457979713 0.533434413122005 0.450781620769605 0.291026966493233 0.385025645764198 0.317089210438604 0.269708802838415 0.229720979632942 0.316195010628728 0.344653060704568 0.345735473970627 0.295078129556626 0.346920263315477 0.415559790446111 0.34259225003332 0.341993859862129 0.349515417955438 0.334807075276933 0.355376616774966 0.340823877392268 0.309734816780103 0.278130024467609 0.399595260917017 0.37367674186639 0.402331581168048 0.421749312026606 0.298153593220553 0.403321718113685 0.311637175520183 0.27687175390081 0.309919077042828 0.393797348322325 0.291048806192235 0.306996915288741 0.302520590156886 0.384734152609895 0.225490211139997 0.406155834067619 0 0.317078315211902 0.250305730015939 0.304617172601592 0.376269266709342 0.447316998076682 0.33931161081847 0.417619211735343 0.359722202621522 0.370882436754287 0.366154518417033 0.327255912263674 0.367570106489356 0.435068404602189 0.312312848871365 0.280523783362065 0.313375932656274 0.428188802199757 0.324055981393535 0.370987836706852 0.382194527159884 0.413973261333304 0.347454040601922 0.410219439015637 0.293552393516753
"vamanapurana_saromahatmya_u" 0.404572362294567 0.416861931461674 0.447826028219004 0.425336368528001 0.411919243426621 0.465965163483283 0.395966774487061 0.401236394960138 0.393319342323942 0.402489586892732 0.479075816764159 0.421295240522579 0.434962662114505 0.425799162767379 0.333472145540949 0.382328041782013 0.31753824207857 0.375821225641639 0.332291694846145 0.317514355155177 0.409657100238896 0.332423496289107 0.365509861710524 0.375917188061564 0.37589073872888 0.408249648481691 0.385164057337915 0.407708095934361 0.425953515517076 0.430260399222062 0.370257673882046 0.336963329598977 0.547993703942612 0.407929058263279 0.47876108443505 0.42560743599293 0.457873638079417 0.451379063184662 0.494607580094893 0.411909478994424 0.307701718353412 0.330049240085405 0.308333919071442 0.36190352764354 0.37762845351954 0.426278632844344 0.420124355977968 0.359964946144631 0.431993107273827 0.402441721473637 0.43907256186506 0.448543749117801 0.446952771858683 0.448308145930243 0.41208649122666 0.430601048323678 0.458571115469274 0.463669275052288 0.36646886518364 0.356702833327775 0.408635883408934 0.407450275879651 0.384020665346774 0.441356363841882 0.478114966718617 0.546271237478379 0.485758255637779 0.332438003459397 0.437446513740236 0.369295315564885 0.325649916681909 0.315467096196854 0.363753140346683 0.359871210793397 0.381650669693354 0.335634305816793 0.385348143169125 0.43985445670495 0.391433220262268 0.407732229642499 0.417853812824721 0.40734666805713 0.434630750375771 0.434273725449622 0.379815855585905 0.313616821968156 0.424354993330698 0.41809197738896 0.453821233878192 0.410528143704278 0.346456593517689 0.446057527504412 0.373587585959934 0.32825567870776 0.35954731779522 0.405580951710421 0.366813998528572 0.34463552244127 0.314271643777532 0.390521314401287 0.317404517515519 0.449188532745934 0.317078315211902 0 0.309638550836187 0.361361011939158 0.411282266672343 0.4533577927508 0.366831055205276 0.462312709419535 0.403018471007056 0.42590796813242 0.384687577004297 0.374266170201156 0.412769116419796 0.41177011945325 0.309416740216534 0.33779081516313 0.353530313919281 0.450800214947078 0.346675755352947 0.3973178142243 0.398641807952983 0.442186896809483 0.39414946831115 0.424999412909375 0.338892652470937
"vamanapurana_u" 0.33018885001251 0.364209277612927 0.416187112054846 0.377733008459122 0.358314140607419 0.417451087531528 0.33521866069238 0.356027632242607 0.330101256754499 0.343806613073137 0.449793486864157 0.344758316024083 0.391803220055135 0.387528381437735 0.279228859481129 0.366187194573296 0.26588743229441 0.307508645299873 0.277550326105654 0.274620236576042 0.38517350995887 0.273647153944353 0.310863512818271 0.315350694801423 0.340102325607184 0.378412992938565 0.310458379514739 0.357425152189581 0.407705445661648 0.368928629217847 0.300302340908504 0.265014496238349 0.556874765197015 0.380850725615999 0.46182666685498 0.379327601070309 0.453766887935043 0.448348692436087 0.489182185695742 0.384644379137541 0.273444246495435 0.314604663914282 0.280513686972467 0.332331011518514 0.329272957587092 0.373258925935636 0.370131035177366 0.313300166378138 0.38329261388242 0.356904805996511 0.386552794412246 0.427739458699022 0.386718330775992 0.387113716595639 0.359881472560856 0.384346218844865 0.415610770646055 0.459868336171413 0.342708785966275 0.332391679369963 0.394625797867975 0.3995784192398 0.356213989187513 0.412489270814313 0.431819590076767 0.542101467967437 0.478847976136085 0.283522967419557 0.380492617610041 0.333768775077508 0.269190759668426 0.24359255919358 0.288147404545672 0.30736462635041 0.357065134110319 0.285532141535231 0.329621257476912 0.419758556069395 0.352312020687974 0.353494946929308 0.361405455886865 0.36027549437818 0.373839386985195 0.37046099125941 0.329103097981791 0.275440620482349 0.409372526563337 0.396326054857859 0.411788999060989 0.425569476889927 0.283398632266889 0.429164568761923 0.337526126665711 0.285794111210151 0.326270158055646 0.388614786749485 0.320683327247707 0.288337405019498 0.297674568375392 0.390954771602687 0.299332438274938 0.448440447452896 0.250305730015939 0.309638550836187 0 0.335896610760886 0.411433680268817 0.464158209157355 0.36526457549094 0.430910034896612 0.390129453166237 0.395764003195853 0.381440883051428 0.342217078330088 0.403007602021631 0.412647074369266 0.297879127699629 0.310247491802989 0.315478127872282 0.431659251524151 0.327349508499473 0.37283828250669 0.374490470720598 0.396794275870295 0.321313952601821 0.405930647269756 0.281957241922325
"vayu_ba" 0.356196819924899 0.392933203691818 0.437628100038228 0.404623244629417 0.392307455332256 0.434913319802612 0.371390324924971 0.391133874958221 0.378705081266763 0.364539240436438 0.479624028615353 0.404148403926402 0.410555170897 0.393878320941073 0.31846290853465 0.166413883876889 0.211877316071033 0.307019823576974 0.180502243986465 0.317324436983205 0.411993446207922 0.343484205919846 0.333228398662093 0.34344291869714 0.351732702381665 0.402880671492149 0.378053468488905 0.431416224874382 0.385130257247067 0.384125302382603 0.320989895130823 0.321784452999373 0.585160013652681 0.330369663784474 0.392351967667287 0.378814888915147 0.40672213768687 0.349789145675934 0.459930933873537 0.366489582495924 0.304538699467237 0.357219509419192 0.272345137056092 0.367386996174764 0.349912951108558 0.399866493069595 0.390209621397276 0.347571669163465 0.405117512888473 0.380309206766857 0.410082600322781 0.41779085934293 0.422149837640381 0.426945361831498 0.398084276132566 0.40764557168592 0.433060554199805 0.459008002992071 0.343630010589264 0.331397897845228 0.395804472737466 0.401529625888035 0.368513918905125 0.428159926786623 0.47001560714975 0.562284447000255 0.485024498794655 0.282090608443021 0.429816000978107 0.357061645350713 0.282746143176155 0.234918051175317 0.33062867614876 0.375267826729552 0.394309640597088 0.366791146286623 0.394668912280322 0.419173921933085 0.393998121911084 0.400533508639335 0.421029933194743 0.399029545323448 0.4236291711193 0.425708686025077 0.386065995715924 0.32714907793812 0.420190825597211 0.382849470969511 0.41903678470636 0.461925950286549 0.371237121061965 0.427809213241464 0.401207776780524 0.28188892653948 0.339646407141692 0.412162182523378 0.375435123597538 0.338765241764673 0.349554086721455 0.395208563295135 0.336773865437309 0.428079816341767 0.304617172601592 0.361361011939158 0.335896610760886 0 0.24617277682318 0.417063318413269 0.262020338452796 0.360063506180159 0.205275791897466 0.237522442101134 0.283033612182149 0.234739472414783 0.247475214454323 0.438229858972736 0.355527974813632 0.0860497371847486 0.367468376829363 0.47223257458043 0.314402697999808 0.336237709576044 0.367442998105337 0.404697661143504 0.402894821772702 0.410929524285957 0.296301403070859
"vayupurana_01_frame-and-cosmogony_iast" 0.425265671900113 0.439593165929217 0.465637089088535 0.439131067162786 0.442026127997994 0.473415695614121 0.420990071328551 0.431857428800878 0.432753910459243 0.432861662324294 0.512254449914929 0.460193647256171 0.445000085090662 0.439877050688074 0.393560804791947 0.248490676251956 0.333385744444703 0.373283482352383 0.296931979408204 0.394441474693214 0.441934365741981 0.411094697028598 0.402113003799217 0.411028822223199 0.409635922293859 0.44275610484373 0.434927132297782 0.47642867978156 0.416053614969536 0.437782367012245 0.40516841846239 0.38913705888517 0.60224209200191 0.418040890693823 0.440609625574458 0.447653182263643 0.398680240865777 0.322511181143471 0.486414692994426 0.438790430626773 0.362192467685148 0.402827658923792 0.342897678399961 0.415170061374226 0.423914677774307 0.450415256656403 0.450281866172956 0.420345981735853 0.465866504057102 0.442174141140797 0.463507786082191 0.458945826993038 0.474890723333707 0.477737850373694 0.45741400230575 0.457429063099687 0.479895401113459 0.481265626034839 0.396069832473864 0.39801451707995 0.426131802355288 0.441598418450634 0.415674601914159 0.477041538393098 0.506953590782026 0.584059833307737 0.522614153886284 0.356888585895159 0.469464374439357 0.417594908494996 0.362050636320941 0.338077326891613 0.392362625570721 0.435640910976148 0.451747084117599 0.428814544781694 0.447950940640711 0.444245516811733 0.458431982680942 0.460804486558609 0.477627928713683 0.457879285896948 0.477150231279258 0.480201947760426 0.447562634480871 0.391768925224402 0.462197868296194 0.42513524550322 0.465562338382986 0.492633323324052 0.427047826626517 0.459813059188955 0.445992970323393 0.358399824965757 0.379515314992869 0.442993717887776 0.425852504543145 0.399216770863111 0.413116792085109 0.433616338748415 0.392276567829197 0.438692713416766 0.376269266709342 0.411282266672343 0.411433680268817 0.24617277682318 0 0.42946834434621 0.329225428818817 0.417517718794614 0.297099049860078 0.329336011504924 0.366186520037305 0.360926357146672 0.300407636363001 0.475220978823348 0.418285051540241 0.251776081778718 0.41759966766119 0.509672717036954 0.356522531489777 0.398700446494824 0.412019570196999 0.460510259373567 0.457034196836377 0.438302572614086 0.370511247544089
"vayupurana_02_pashupata-yoga_iast" 0.458270183732658 0.501574098392757 0.50235149550537 0.493362235557387 0.497192253081317 0.514308246170997 0.474624281127343 0.482230224677465 0.493525664382125 0.498120784905731 0.53833628166155 0.515688362688497 0.482554539980601 0.50170599904252 0.438217368460219 0.433184187825685 0.434773187372927 0.465202147630568 0.428615603754673 0.457714928978566 0.457877015523782 0.458235512466783 0.44181952200433 0.446106309007548 0.430021194047212 0.474092861297552 0.494074885502124 0.507387929909536 0.493843249983111 0.523373475535084 0.484585479409986 0.441692238988232 0.601434230478577 0.503511560543697 0.533047178787974 0.510851993758057 0.507712910787655 0.486005504739753 0.551922647580438 0.507105383433633 0.445239681004137 0.414898441338475 0.424472142491962 0.440893698074562 0.487839486038363 0.528266313780007 0.508701602992525 0.475967999243201 0.501496635617523 0.486470519701213 0.51383452732779 0.527491952468506 0.521838208799684 0.522886106544391 0.514412443320125 0.506309652914166 0.515088470518473 0.499853894243653 0.440312298628812 0.460076129615953 0.46084456562895 0.469844705284289 0.461065473856813 0.529354798502327 0.545241198615557 0.597569505986512 0.558056335220656 0.426785632133898 0.526446338137178 0.477916898730595 0.434297830414315 0.421829892955244 0.433228802993802 0.460969220090716 0.493300659148232 0.469515722127978 0.490725687855817 0.470663200614848 0.515081899024276 0.50006266483743 0.510409865117646 0.501703536247062 0.519389319965718 0.522634297324856 0.498484226387758 0.439524927458786 0.476342332989398 0.448223759010763 0.521222438311116 0.5070102569701 0.473274188437471 0.511690620360697 0.489785252226765 0.428468395310919 0.418179300665724 0.451125738100436 0.475999785897671 0.439311764694911 0.470174110970118 0.446978373721264 0.456171939414367 0.447336480102498 0.447316998076682 0.4533577927508 0.464158209157355 0.417063318413269 0.42946834434621 0 0.436235460853467 0.509772722255116 0.432431912307874 0.47379302377501 0.418258043122922 0.45857289508849 0.423576064596028 0.515151732867259 0.461623410379579 0.400933543348563 0.456549137072296 0.5253467669949 0.453749881391266 0.46810936019356 0.462579723429161 0.517059558113317 0.496931475277675 0.479834964164978 0.447846949358202
"vayupurana_03_kalpas-and-shiva-lineages_iast" 0.405288376649079 0.418821505614809 0.447468930381794 0.4246819087137 0.418329680474848 0.460314408122793 0.39365877900402 0.414245898337368 0.398570330632441 0.399570017943726 0.500683453651659 0.428571122355442 0.429331063037761 0.413560596972019 0.36665686420032 0.292212321743806 0.303749013678328 0.367890618940545 0.290279209668899 0.365450741811876 0.432254257509159 0.378322541974121 0.379544114055216 0.384953043281214 0.400321912319217 0.421177481725852 0.416604781066605 0.438043680969377 0.412714290222934 0.418247496060905 0.37335057647095 0.363873742425057 0.590713832649954 0.391848018939119 0.446544660124738 0.421828739292798 0.429735544538249 0.397648707892853 0.472584773780427 0.406091075390738 0.317697296436598 0.37640608914248 0.290593487898713 0.381648431449102 0.396203244607699 0.427504482952021 0.430270800376508 0.394799972155721 0.444284616490605 0.42211383784528 0.445064712135239 0.457910548454626 0.456234898116151 0.457615241938811 0.438277900152659 0.440815021348712 0.466844256050425 0.482233817466808 0.393052568425454 0.381476688933573 0.440350069833299 0.440272909069081 0.411987285428558 0.462106962924425 0.49151698536229 0.572404004934252 0.50653309780295 0.343340753177414 0.44957891187411 0.394896536239474 0.341775809919174 0.309504542324774 0.374073822283688 0.40871776637051 0.433809590302396 0.392171632104162 0.430096669848115 0.439619876542958 0.429695207519648 0.435649189654471 0.451630011735818 0.434455257443093 0.452529845496892 0.454953089487977 0.415427407538755 0.343366308560181 0.439250743299331 0.42197216105564 0.458720250236392 0.473563991666334 0.38712308309529 0.44707954893497 0.386160950266795 0.332987860173265 0.366525762552229 0.439516393743788 0.383688345823611 0.376057745359746 0.3875780937459 0.413686867887672 0.344246350637531 0.440423405148099 0.33931161081847 0.366831055205276 0.36526457549094 0.262020338452796 0.329225428818817 0.436235460853467 0 0.417062866314456 0.321343374909701 0.333125181126519 0.368921338850451 0.316186297259305 0.332589594244976 0.456006623496728 0.389319532526074 0.234513833675621 0.400473045993954 0.480741897931426 0.355372275189402 0.389933824836218 0.411231617400064 0.438608311141945 0.424034018998073 0.435559213527983 0.348783580477582
"vayupurana_04_bhuvana-vinyasa_iast" 0.452736163326202 0.491769495220046 0.517884768085633 0.505428027266488 0.492802516234416 0.492175621045343 0.476432017057933 0.494989789927618 0.465807123229056 0.483937127688402 0.538620623826939 0.491543783802981 0.510356598189786 0.492123018315159 0.429566821119626 0.372650806787211 0.395011376103333 0.393446762521988 0.365451582422166 0.449319281705315 0.488684058729873 0.451220695111453 0.415617283156604 0.43523576541309 0.460151278108277 0.487036349954489 0.469712638562943 0.510508239604731 0.473395477603595 0.434741061764366 0.446959930826792 0.428701520533005 0.605166907072981 0.4809011449623 0.512138973019599 0.485526886457749 0.518380380658519 0.489427779742837 0.54088028376164 0.503261399669658 0.420976662404777 0.469539111939721 0.405527078714106 0.456017432633199 0.476488566411345 0.474909547580448 0.494695824337806 0.466944381126355 0.499576023273176 0.496262519368188 0.48208207648332 0.508374479224831 0.496887399941999 0.495956289090786 0.483211219583354 0.504622915424425 0.509523381388162 0.539366272309369 0.484069313922789 0.473026262091417 0.49987109258167 0.502281119793941 0.494688953017509 0.521103197292659 0.542786371365784 0.615796784834839 0.545284270589045 0.41437290743446 0.496808386869286 0.474284132396423 0.421779799541579 0.375544386366007 0.424125999099544 0.474776205723083 0.455334622105717 0.47649479629621 0.46806059097803 0.500716629361851 0.490971449850217 0.492937864692926 0.492422646784698 0.463959626963847 0.478250572947778 0.485609962018082 0.481944719297359 0.435307905240948 0.471912026616538 0.45427183103748 0.496633439577437 0.526360046020773 0.463638838523716 0.485398881537598 0.483838134929786 0.413185792087566 0.443077042418793 0.49948644295781 0.451072063798179 0.434951334392387 0.447257583352287 0.475947571064288 0.439716500128615 0.511382711925906 0.417619211735343 0.462312709419535 0.430910034896612 0.360063506180159 0.417517718794614 0.509772722255116 0.417062866314456 0 0.385577407725342 0.404029144006795 0.433462533776486 0.422102382215838 0.404805948286245 0.521855750150712 0.449488790822342 0.342806188502412 0.480994464873099 0.526159288816593 0.448585425125565 0.41744639248616 0.480000515748461 0.498980353928358 0.478044493832287 0.496723480032201 0.430356365310301
"vayupurana_05_jyotis-and-purvardha-close_iast" 0.388156178394173 0.430320652689186 0.466333337778956 0.440141878377623 0.435933208052767 0.457534177136747 0.418079407831348 0.427078320882913 0.424270685855823 0.420617430129901 0.499647966195359 0.445746084905299 0.44220039096338 0.421352019963802 0.36659295495692 0.205909306995355 0.309364109259115 0.347493309940405 0.263410949989903 0.379104319795096 0.436076011700871 0.396505027322148 0.37479249579049 0.379320026095036 0.383332727455283 0.437575032797293 0.428109521160752 0.467212245763371 0.416839683051635 0.419854401736642 0.385971553111636 0.371136983286157 0.596823590480778 0.412112786902992 0.440866758353887 0.438292703220636 0.43763245708762 0.394645976259387 0.494406639516648 0.429540296142354 0.360087258685126 0.388344233146779 0.325549219397329 0.395905974927543 0.40916544173834 0.442685996807585 0.435408243892387 0.403416586599529 0.445072419809347 0.427982820011332 0.447243796054162 0.461554592849222 0.458728191304007 0.46246970183031 0.44353049884646 0.448129603395819 0.465124480316319 0.48011784894564 0.391800674608672 0.389255204550009 0.426248756917781 0.431164872355145 0.418207165582673 0.471163823643783 0.498607005379055 0.584670404766293 0.515667700429458 0.342118959214148 0.45699085279599 0.409597167807466 0.348416613974033 0.296111402957047 0.364491352383895 0.417074669521372 0.429558690537406 0.41945033813438 0.427882667759597 0.437700968805013 0.44521341666522 0.448460167586708 0.458814768368691 0.437843533407372 0.463360610514095 0.459900496289905 0.433695291423195 0.371873752560335 0.441226492973971 0.407518459467062 0.452995725307898 0.485858984140389 0.41745531728698 0.44973135472702 0.437975155590589 0.341162752130835 0.372397883719568 0.430999281750077 0.40970647059573 0.379240236382219 0.390660814849874 0.421638181121345 0.383527476378685 0.441943738492627 0.359722202621522 0.403018471007056 0.390129453166237 0.205275791897466 0.297099049860078 0.432431912307874 0.321343374909701 0.385577407725342 0 0.322445450792147 0.345495409035134 0.334609807256666 0.283308979239492 0.469761988282614 0.394998461361048 0.218373513585028 0.410849326175712 0.496315871847623 0.372494917092813 0.357769362253543 0.398518773014279 0.446430206122473 0.441284499827567 0.434095611721637 0.35566012779294
"vayupurana_06_prthu-and-prajapati-lineages_iast" 0.418105090549626 0.448388314423046 0.480094789721186 0.455185934006131 0.443275766348015 0.486255669461699 0.420918116996999 0.444103029690297 0.429263951563382 0.420938571711609 0.524271540528778 0.454759988838944 0.469842963349657 0.450469271292874 0.402283575376216 0.284228860415479 0.30961735348887 0.371415776690714 0.293179878659427 0.394497645258562 0.4653155311245 0.408439505647536 0.39963429549405 0.411422287915835 0.429426412920923 0.44921966149095 0.431357302717741 0.476551097467868 0.438774561432486 0.421350583691682 0.3874927168711 0.392305330223539 0.610633157386712 0.372720722397699 0.372577490066661 0.413078395409119 0.451776795264707 0.408285012281777 0.485039817601876 0.412045470427926 0.378239132238163 0.435631661203962 0.358541105216912 0.424555189186161 0.41563124205663 0.443866726514968 0.447418020044498 0.418599171612819 0.459764184969375 0.44432595291564 0.463956215810695 0.464988891328747 0.47138365064219 0.47187073051263 0.44966253954566 0.459686671964067 0.478013519807195 0.511372842583198 0.422863949338464 0.407815141745788 0.465978581624962 0.46561103686118 0.436378154989739 0.475698411629616 0.508749654514448 0.591758250368466 0.515001986242265 0.361576317426761 0.463724756300089 0.415962158709706 0.361648133547562 0.33594099024293 0.40369881114615 0.440249854849929 0.442381752794873 0.428905708984315 0.461671238584846 0.472154294185051 0.443030230053826 0.459182221423673 0.46446557428784 0.453840033309919 0.464851207011692 0.468339428119776 0.439644203627211 0.396337427200783 0.48435998249267 0.454082774214595 0.475452988314192 0.499106959025669 0.423729264040873 0.485168438856804 0.448680138644887 0.363189853328784 0.414519354520646 0.473190230958687 0.43382541255913 0.414575019024525 0.421566498257678 0.448646994015678 0.399930644543678 0.486520151600067 0.370882436754287 0.42590796813242 0.395764003195853 0.237522442101134 0.329336011504924 0.47379302377501 0.333125181126519 0.404029144006795 0.322445450792147 0 0.382547464156837 0.322483750655951 0.34426252180438 0.489201350857197 0.43011798506969 0.246207854262258 0.439142674343764 0.50538124481594 0.372214300173625 0.409612256859252 0.428877258556011 0.455726477755639 0.450558680182182 0.469812228995897 0.376419529017538
"vayupurana_07_shraddha-kalpa_iast" 0.38690267685628 0.438809546715243 0.472148899027924 0.447196393867444 0.436276159635976 0.478093396206809 0.418217124485543 0.424620530667816 0.432103856454565 0.428405749471692 0.495690726793169 0.452006472617876 0.441861799170255 0.445163169388469 0.34841105051181 0.336350504452641 0.306053818736613 0.379899974705153 0.311605868557501 0.367490149170121 0.433199643001829 0.379387739149585 0.357793974172996 0.369218324825008 0.34324503465474 0.424868188877887 0.421231711693246 0.473382376059357 0.446572505350684 0.458331658390153 0.396985669578645 0.361967614701253 0.57680953341881 0.420402770974149 0.4779553070995 0.444957243618149 0.468083962649403 0.436015707096633 0.514977692741279 0.440672526938124 0.373634547142682 0.360604376255041 0.345946502337804 0.391289595787869 0.40615498689846 0.46516011792237 0.439070307078235 0.399244858653201 0.447662574764144 0.423322535343783 0.463600897519783 0.458500998545775 0.470996597553054 0.474834941744615 0.451636780107854 0.449612084826904 0.465469966575304 0.480392260930674 0.384067036743739 0.366748448021173 0.401887381673757 0.393129633131315 0.413592200139049 0.465367163225365 0.504570973480363 0.571927564591976 0.509431633575178 0.337467810552849 0.472144180778877 0.398225275823928 0.342113807103496 0.307045120691908 0.36024803737785 0.391036872115007 0.41808453377775 0.405861015959669 0.417460405560058 0.445898322157245 0.445094643387569 0.441375079830469 0.461569452329121 0.452744313741506 0.46758511267503 0.476974550453866 0.439773270424573 0.365293627410953 0.419521739850901 0.396718675620866 0.456971954927922 0.458965365356082 0.404580170045864 0.46088741430999 0.442696516178597 0.329522752014202 0.37240095338461 0.409705446627715 0.420991500082084 0.357754767139992 0.382229504801256 0.409697906587807 0.38340749283223 0.459252508231397 0.366154518417033 0.384687577004297 0.381440883051428 0.283033612182149 0.366186520037305 0.418258043122922 0.368921338850451 0.433462533776486 0.345495409035134 0.382547464156837 0 0.358525448835278 0.364449251213752 0.411317916080605 0.375964560810623 0.272602653579184 0.389855232970914 0.498156679217622 0.381846093174463 0.397779522571656 0.380656927958531 0.460374305497872 0.444026439051729 0.439268278025579 0.365390096555494
"vayupurana_08_manu-candra-vishnu-vamsha_iast" 0.398627876033518 0.401290731595671 0.453156963506024 0.426397686308536 0.408565617874437 0.456571467814255 0.387870303530182 0.407727473485305 0.388706005109883 0.338746938424531 0.494940644701707 0.405529799161848 0.437860927805687 0.411165248013293 0.34922748305836 0.316561830092234 0.236436397371954 0.363753186419013 0.269106120764811 0.344892427480995 0.437749459264331 0.355544981776602 0.36488390518204 0.384511458205174 0.396832508770737 0.424318656933428 0.377738291616945 0.4201172893391 0.426296732543492 0.410576989023435 0.318683196097278 0.347897096202016 0.593278667400188 0.295132506959324 0.429469410447906 0.361735886374173 0.456568733102566 0.426248899613848 0.475240230585998 0.307238342723537 0.339309346780492 0.399784088369148 0.321572123302469 0.397371971040258 0.33976730859217 0.403625978123471 0.379531129801687 0.348475465012372 0.395863469061897 0.37371561175502 0.411794292836103 0.430019959690478 0.415305736492235 0.418104530541605 0.388838840963792 0.408598223915181 0.434975897733276 0.482237878038636 0.374321240413089 0.360411989196303 0.444336438767044 0.43478514464924 0.376942827844337 0.414225011753962 0.45720386031412 0.548683611145464 0.48124629301985 0.316089312221943 0.438804734622873 0.360652137481261 0.311516471906052 0.284748015120371 0.376571150356543 0.391154103260667 0.413839305495245 0.369619274387978 0.416779400576799 0.455365778583658 0.376158223151322 0.395650333890014 0.423527363591716 0.408790006999248 0.427498881078102 0.429883443854071 0.377696313571045 0.35574345052171 0.459897498251127 0.435613591799034 0.446820751133194 0.474562573667423 0.377485887175127 0.465887948654442 0.401626089873701 0.326754431701612 0.385098866657407 0.452402413328894 0.395088339236378 0.378208552833638 0.376416235646027 0.426124947053569 0.360678142837867 0.473860495149487 0.327255912263674 0.374266170201156 0.342217078330088 0.234739472414783 0.360926357146672 0.45857289508849 0.316186297259305 0.422102382215838 0.334609807256666 0.322483750655951 0.358525448835278 0 0.360317378449612 0.459150375600951 0.381404921798599 0.230406626470712 0.397523438708816 0.483773438309051 0.358910706640305 0.388885622290934 0.401943316869432 0.380200381402521 0.393985623705162 0.440577066573298 0.323624212437588
"vayupurana_09_upasamhara_iast" 0.412134333664895 0.436404039796241 0.463482546743859 0.439139259689471 0.439165216924484 0.471551975170433 0.418455222211902 0.429775441058758 0.426055004199703 0.432370148409404 0.500140888936625 0.451057335867694 0.440713718932118 0.431617311402688 0.379853030952202 0.271794486491583 0.325052458991472 0.339969898187605 0.285564984841802 0.391075668150817 0.421777385927356 0.396983391229416 0.387118613998491 0.397892463827519 0.394202514695338 0.423929964500869 0.438428249115634 0.468647425808203 0.411197268960192 0.429128011783253 0.403613240239401 0.384373719282077 0.591875846405585 0.427933988220502 0.444630840174471 0.45089980729464 0.42959679904882 0.391105524071582 0.486025072568549 0.449262620209033 0.362730326547032 0.398116110735643 0.332975227379559 0.404767920639229 0.424830690094102 0.449918105352472 0.45218581296737 0.416097499408709 0.46001735209409 0.441697298957526 0.455986868693552 0.467776581400099 0.467692873756272 0.47059232122382 0.45312719420951 0.457879064768145 0.474864879717676 0.466797046151377 0.39369464328363 0.399376725753678 0.422064886657933 0.44580538017651 0.416060230386913 0.481950539206921 0.506207137809507 0.586358746784771 0.516902064134939 0.35940671019425 0.46738452172067 0.420421592742823 0.362548424198325 0.323846497005732 0.370779847184452 0.421739942341919 0.450049116762495 0.426089818490387 0.433523437483971 0.427621746509235 0.457175705118308 0.459008331800234 0.470393524598702 0.450156239347627 0.470619310034703 0.470585513269766 0.445145790769831 0.368048723044417 0.445086031522904 0.407339150125072 0.453988292869432 0.488111064794458 0.4181432796649 0.448210268805972 0.438692414010008 0.348560018546974 0.367458179041778 0.424833428335904 0.417905649959958 0.386955089220657 0.409287325816107 0.410027693923238 0.387893037133256 0.42176116364185 0.367570106489356 0.412769116419796 0.403007602021631 0.247475214454323 0.300407636363001 0.423576064596028 0.332589594244976 0.404805948286245 0.283308979239492 0.34426252180438 0.364449251213752 0.360317378449612 0 0.468370048802954 0.407857539812055 0.250203878315279 0.415100481497831 0.503809268626567 0.370768061774792 0.38067871247185 0.415733395246429 0.459941470796811 0.448773958240157 0.420433303031258 0.367325226792124
"vayupurana_10_gaya-mahatmya_iast" 0.426945706711929 0.485802161909719 0.514455836874941 0.49881902290283 0.486564430347152 0.536840977482664 0.473892341831514 0.474257866179096 0.477053443218847 0.480788345127774 0.54290449439523 0.492121300909431 0.50127295846562 0.508274408289871 0.405017356555226 0.460079408596684 0.421669853751503 0.448524751630139 0.422440374525967 0.433270329110695 0.475690004224635 0.417902905921306 0.424006662258387 0.42156854660277 0.409537423670678 0.457341278722535 0.476466533158152 0.498102689662092 0.514879704774087 0.517861983126446 0.473686200193821 0.410520503153346 0.58226204727595 0.50951100377403 0.555790946212821 0.509535111560926 0.528860164121178 0.526022758710878 0.567586262774802 0.511211855483364 0.431517842223453 0.422789293554887 0.42346818470424 0.441908552008261 0.483046586100928 0.514363937079287 0.507465171224149 0.474369064103538 0.514960654124728 0.496653932789581 0.521296862570189 0.527064489715753 0.521302078008785 0.523251112723362 0.506005584042179 0.511703215058477 0.529199860543502 0.545981637602025 0.478337414505961 0.464908569761742 0.491789411667341 0.483410987582998 0.491159472581688 0.525803942945253 0.549621766558525 0.596463111791313 0.547243778946311 0.429959843494124 0.503949997014383 0.469596772743165 0.429928085131586 0.409531566999843 0.410115082400188 0.424750838748476 0.456517504703015 0.445912465102336 0.450292228496563 0.490683449939623 0.495150272414276 0.494508955124174 0.509280812353858 0.506619725540601 0.523506334499598 0.523390274258038 0.489672231851788 0.409955449905347 0.482431593512496 0.478919130296883 0.520626941875077 0.489601988380909 0.43166110546326 0.527649147253413 0.461519602411115 0.419162336614318 0.432358689062641 0.454898965888512 0.4573249040156 0.411081823653852 0.419299530742911 0.463756072586298 0.445019866971204 0.520588374982276 0.435068404602189 0.41177011945325 0.412647074369266 0.438229858972736 0.475220978823348 0.515151732867259 0.456006623496728 0.521855750150712 0.469761988282614 0.489201350857197 0.411317916080605 0.459150375600951 0.468370048802954 0 0.401676721599951 0.410502109792099 0.457517970079539 0.524312109978134 0.449607487511139 0.471436596451598 0.452221085291718 0.518075711331483 0.472276995724235 0.498454664371182 0.43380038977837
"vayupurana_revakhanda" 0.355178851799349 0.409047953081875 0.444587752612514 0.419135735203767 0.403709807128142 0.450759094429284 0.388831172767836 0.398242635847258 0.393070195977074 0.401282204726576 0.465668068704855 0.399781104677029 0.414836984835096 0.414019323479211 0.272210095613721 0.372577462937242 0.30597248389552 0.344609423346592 0.306201416053645 0.294484697721342 0.386827071729775 0.294068911631924 0.313874968364291 0.325756336163826 0.316009130083941 0.383559803459911 0.366981091922808 0.402251868528838 0.429921792550682 0.424889556024775 0.354907705833457 0.298349343207165 0.535787481163286 0.422909356408526 0.494179185413001 0.425192220936683 0.473102845912153 0.461257699152663 0.51217672827187 0.428170387234014 0.317657171087428 0.315746508435861 0.30358738743342 0.338837490541481 0.360896246449078 0.423619805088877 0.401186376012569 0.341928662714654 0.416017982851842 0.386314148914204 0.427651523541619 0.444049760067867 0.432033130257481 0.43221030137675 0.407681368338866 0.420647347873413 0.43625467488853 0.459698016145146 0.354289956260407 0.339633939310686 0.388639105170416 0.379008466899942 0.377624763818327 0.435840698261406 0.476812561414602 0.553545971732395 0.484247757694824 0.30560076717181 0.413302243782783 0.346083661136404 0.292027970809948 0.271099691880464 0.308738125865478 0.306864718418631 0.343066750089889 0.313742235566739 0.336756336095052 0.4364247399535 0.40066226710597 0.39453798762198 0.406461782602957 0.405203655774545 0.422848745364099 0.427280159721473 0.380907459351448 0.293500302937063 0.401048663845202 0.392868555674523 0.436533797351552 0.391836017462777 0.325790926254695 0.436166028203664 0.362514974177403 0.288671325905636 0.336615492127158 0.376946999765875 0.357061576400572 0.296819553728714 0.222115582172425 0.388828735021548 0.324324554958794 0.456094315590659 0.312312848871365 0.309416740216534 0.297879127699629 0.355527974813632 0.418285051540241 0.461623410379579 0.389319532526074 0.449488790822342 0.394998461361048 0.43011798506969 0.375964560810623 0.381404921798599 0.407857539812055 0.401676721599951 0 0.329577867038216 0.334917167999801 0.422608994402472 0.354253474074844 0.378213589422531 0.376540014025402 0.434862351192218 0.367427874236369 0.415173520121127 0.317270829380728
"vayupurana" 0.335342817728074 0.379454652870935 0.424523632109249 0.390708438896313 0.377232621653852 0.423516431296087 0.355151639590076 0.376849969387944 0.361353322458959 0.354465147314564 0.469235883537732 0.387350839049549 0.397151568165091 0.379416931906509 0.293306851164281 0.1856508128763 0.190889025015221 0.286489933472904 0.157683548787781 0.293881525163925 0.392234933248154 0.319204333334899 0.307251402755968 0.317240633639926 0.3306052066235 0.385758441727683 0.361938175128317 0.41579365136094 0.374818108264878 0.371128535423034 0.307193903092667 0.298246173558938 0.573605878754328 0.335420496862759 0.40232785417469 0.373513825432427 0.405406968102569 0.359055070799838 0.459765313157569 0.363574711445888 0.279039048204943 0.335287562215905 0.239101454033125 0.342229402708729 0.3388053887721 0.390460052397267 0.381809508843348 0.333762667259312 0.396915319148437 0.372821284149141 0.400224944863862 0.414440379549145 0.41233357913827 0.417151693661288 0.387630034567369 0.399740839463883 0.424908005528673 0.452304069724495 0.333369964715942 0.319256269143317 0.390153848072572 0.389945974487577 0.360479134789042 0.421762950756067 0.462331999731557 0.556646295464764 0.478231635350666 0.260782788727044 0.416469583885364 0.344889374618535 0.263116950249428 0.206562109661464 0.304942307327095 0.3554985011053 0.378941272430402 0.345078541925903 0.370655638504003 0.404467250505755 0.384364565336685 0.388155916270271 0.409639503105628 0.388107006073473 0.411992813333712 0.414840757813196 0.372695936146697 0.29517125426937 0.402874104487413 0.368701518788548 0.401199365107701 0.445796837339562 0.346243825113321 0.407104275438709 0.378443473587538 0.25495819287739 0.315829219364439 0.39359586756613 0.353235378164087 0.313055474258511 0.326099333610192 0.376177249253101 0.311636082357131 0.4201257134335 0.280523783362065 0.33779081516313 0.310247491802989 0.0860497371847486 0.251776081778718 0.400933543348563 0.234513833675621 0.342806188502412 0.218373513585028 0.246207854262258 0.272602653579184 0.230406626470712 0.250203878315279 0.410502109792099 0.329577867038216 0 0.350595451560185 0.45862297112854 0.301413182797707 0.326464430920628 0.351479006029922 0.397065749346502 0.382198993099142 0.398129096622603 0.275991008170806
"visnudharma_pu" 0.364976817984422 0.365313426689675 0.399124805050846 0.330394739522799 0.32193345370996 0.391665484608791 0.359382118664452 0.369053426960387 0.366813578542379 0.397134390015146 0.406105949501871 0.329590464718122 0.328817064078324 0.343785658866011 0.31415734407226 0.388130376009269 0.331387151200734 0.375348795956853 0.336554010272512 0.228332258431433 0.409820673972978 0.333454101757566 0.35041444297876 0.357959053330543 0.344678648324827 0.404677095418044 0.302166082175624 0.338655869014033 0.370629312628554 0.388400616070512 0.286170128207751 0.333873937195186 0.543705947037537 0.368407286322204 0.446091815284046 0.370811827279155 0.408398825183902 0.402308033233946 0.460862884623543 0.377129349286002 0.334473170315734 0.331285038008423 0.319967754700132 0.371203552451609 0.291024996237011 0.367614773764865 0.329541919036568 0.277617600826956 0.35349692230101 0.302827110720985 0.375002730868186 0.397674477745912 0.379222481650296 0.382611120374437 0.359526346078891 0.357051428645338 0.373694487993414 0.397364187720024 0.249384469530463 0.2508083685719 0.308951702015555 0.307346476117274 0.293612864424797 0.376854925710003 0.426400073496315 0.522206735025792 0.453869878716518 0.314690243462617 0.440407379767906 0.338310516807751 0.301329807803245 0.292361515625125 0.322884355159314 0.335159999463849 0.386616126484732 0.263064409588705 0.364620654682579 0.432554993136489 0.34981469909163 0.332550172755382 0.359984731305152 0.353062701487475 0.364862917189711 0.380266566758975 0.331530362549358 0.331749643796241 0.414265328474802 0.368604320107054 0.448588092614952 0.436332253292325 0.369939423124153 0.456313304646134 0.386123601314204 0.315857494376484 0.357559503667207 0.404940633757552 0.367169330059742 0.328766217007306 0.298323683896557 0.398892807078876 0.352273061471034 0.442456045576289 0.313375932656274 0.353530313919281 0.315478127872282 0.367468376829363 0.41759966766119 0.456549137072296 0.400473045993954 0.480994464873099 0.410849326175712 0.439142674343764 0.389855232970914 0.397523438708816 0.415100481497831 0.457517970079539 0.334917167999801 0.350595451560185 0 0.404989495952657 0.338904881179081 0.369819002078098 0.351398519077961 0.424633067449674 0.361695402436427 0.380011618250191 0.2926320743972
"visnudharmottarapurana_khanda-3_adhyaya-343-353_pu" 0.459896464435511 0.476748346328144 0.495632527440049 0.466884174391189 0.454983690661077 0.491426590002565 0.466973963492549 0.476599566190072 0.466977028336862 0.487415097498433 0.507128287784442 0.457962730778965 0.468601999218923 0.452988665277388 0.434073437216587 0.483458560289603 0.443234571464665 0.465010716802514 0.446577819108764 0.397352523816507 0.486771538445377 0.443764670396663 0.443819467086052 0.452324014027476 0.461023206749448 0.479786849477443 0.419623546281267 0.436320389089325 0.470142043194165 0.465650218256446 0.418444319793846 0.434643585925514 0.586783723585052 0.464313513386191 0.515828148822106 0.461303057533035 0.498946155685564 0.507193992891825 0.524606763797446 0.470510452665112 0.439384405282302 0.460586440597386 0.432042096410741 0.447343456450657 0.420612042373498 0.446911362285216 0.452237088514926 0.415241330121736 0.462888739841389 0.446401967047015 0.47036578727898 0.473659142531527 0.470787631970413 0.469861561115173 0.460711037321141 0.458329226847283 0.472542129035632 0.493385597500349 0.426539099043535 0.425784970553907 0.467146910085103 0.46089061081074 0.42671724177702 0.481077504652702 0.488043392508593 0.562600891659436 0.511501038062695 0.444366976332032 0.500333313027915 0.440050983849678 0.43072623522212 0.423100505634822 0.446257793766451 0.462749959315753 0.458253717888672 0.390290360576471 0.464928481130363 0.519107261222959 0.449750152369356 0.454484544674273 0.450022511553487 0.451552387684861 0.460500976767756 0.469225636130188 0.433155177513416 0.440431323309524 0.519528054784747 0.488113588560692 0.532129067102921 0.512008334690735 0.451322116596836 0.53024898590523 0.463866939012155 0.444035213461342 0.458535495736355 0.495941904104218 0.460419939346941 0.454424982595961 0.406738765291389 0.480261615484014 0.450272180051412 0.527673790831433 0.428188802199757 0.450800214947078 0.431659251524151 0.47223257458043 0.509672717036954 0.5253467669949 0.480741897931426 0.526159288816593 0.496315871847623 0.50538124481594 0.498156679217622 0.483773438309051 0.503809268626567 0.524312109978134 0.422608994402472 0.45862297112854 0.404989495952657 0 0.447604384566809 0.467652452259807 0.472029484882724 0.505929993731539 0.450225239135421 0.490860070730413 0.429132370719946
"visnupurana_amsa-1_u" 0.386298299487146 0.392679902523031 0.418292287715373 0.388608006494241 0.376357046308391 0.4447217491839 0.351222259865574 0.365615750727742 0.361808483408912 0.374353200982384 0.473672158174492 0.390352750174994 0.401515807838264 0.388860902019422 0.337691490428805 0.321533057362097 0.290346839504246 0.344822778601476 0.283223466366996 0.314238382355236 0.397892250494454 0.331709062585796 0.374367104515641 0.36712902769348 0.372379602565265 0.393936843631332 0.372201414770706 0.401828074196581 0.397820645758445 0.394343056711067 0.340544892103967 0.329203706495084 0.573204985706573 0.377462833182083 0.441951511712556 0.396936247744064 0.369251750336869 0.395845648816776 0.453061477965356 0.397749062049983 0.307694623264401 0.368978409052602 0.290782244997953 0.368308544919028 0.353340728818115 0.40406228787409 0.395374024975631 0.355590884107729 0.41341755347914 0.387092590602479 0.417108463508311 0.421636013681945 0.429986200249004 0.429091002824171 0.406371735971975 0.413165017788508 0.4405123234553 0.453051983579409 0.347688482713444 0.348326664374051 0.410606349554519 0.419581143585672 0.366631932787635 0.428226532732944 0.470674468977788 0.551643001782885 0.485535536018225 0.294051004317077 0.414290782735024 0.331091323774333 0.284279481974763 0.2923557146306 0.345291721968946 0.37715551230343 0.412711416643694 0.340757629948835 0.379888198605937 0.417047193023346 0.396174078983083 0.402525906567572 0.420768289092658 0.406974329753037 0.426215911781549 0.428605346220663 0.382068412730212 0.324917214492353 0.446315853393108 0.41201969765071 0.427281505876378 0.458225494889217 0.348631893039013 0.443532714431815 0.375825569617073 0.313364202690267 0.34513883766154 0.413673063908731 0.370792278988149 0.35388989066784 0.348946405301746 0.397883040040919 0.333947121747923 0.44102879507835 0.324055981393535 0.346675755352947 0.327349508499473 0.314402697999808 0.356522531489777 0.453749881391266 0.355372275189402 0.448585425125565 0.372494917092813 0.372214300173625 0.381846093174463 0.358910706640305 0.370768061774792 0.449607487511139 0.354253474074844 0.301413182797707 0.338904881179081 0.447604384566809 0 0.3241682936981 0.342891620180344 0.388153504172739 0.331674015146241 0.359063083350635 0.213406016105413
"visnupurana_amsa-2_u" 0.388596914683143 0.428463502689002 0.447214044207554 0.433871694807076 0.428052671043908 0.446082619614848 0.408309741709024 0.417361592457043 0.417773086934338 0.417633783130946 0.480745872604865 0.428270502105881 0.432080354229083 0.407336192245672 0.354881185526553 0.330866065951452 0.330391099920954 0.35953768215307 0.311074243756713 0.353074597051462 0.428183950661117 0.371343611295667 0.387960944971894 0.37368741681572 0.374040495250627 0.425099855977933 0.413915355904987 0.440329414559265 0.422641978014263 0.425732844755163 0.378083445465 0.363684492971024 0.568442231078471 0.420752396119171 0.467483267014688 0.434079553183394 0.430264057953762 0.433725597792837 0.476644468687969 0.439335282841186 0.363809912538065 0.393396525763306 0.329566523726614 0.390880748945141 0.396126915734446 0.436008199374573 0.422810897387712 0.390076924757646 0.434659800274396 0.416720642480149 0.440704243052669 0.460873001074797 0.451158714413618 0.450877228106326 0.433563961401958 0.440493678781944 0.459306418789077 0.477352195135526 0.381527844398074 0.377829888479357 0.425307530530677 0.418157803609335 0.40633087611146 0.454643455285383 0.493349126674559 0.56892532011187 0.500300630977017 0.315796757132088 0.438689140008018 0.380598472695114 0.31792668991392 0.315776709611789 0.357101292121 0.400799685298588 0.423303459093802 0.384016185804398 0.414480492649378 0.447031898475806 0.435116958199724 0.434159796416152 0.449901560236328 0.427936858448439 0.454712691968597 0.455720153155273 0.426511402467844 0.361219472686504 0.448737967097635 0.417049273603481 0.45323131265782 0.48050262335702 0.398008060269829 0.457198661057206 0.425413421014133 0.332329400230355 0.377412075711131 0.431159251173838 0.403606108592336 0.374983744669866 0.368020965802717 0.416392269090091 0.381531046968129 0.458049512348536 0.370987836706852 0.3973178142243 0.37283828250669 0.336237709576044 0.398700446494824 0.46810936019356 0.389933824836218 0.41744639248616 0.357769362253543 0.409612256859252 0.397779522571656 0.388885622290934 0.38067871247185 0.471436596451598 0.378213589422531 0.326464430920628 0.369819002078098 0.467652452259807 0.3241682936981 0 0.349150279878506 0.411589408068104 0.38628235538179 0.36484306434101 0.271317660151385
"visnupurana_amsa-3_u" 0.37493983566115 0.426048442832343 0.458683492869407 0.429982324510761 0.422148493634147 0.465728826870879 0.402202233386236 0.406776597284631 0.413897172189899 0.420089361648757 0.485840385276905 0.429346833749961 0.424962081634334 0.415330493853255 0.33592212939068 0.369602664629553 0.330160270617057 0.38136514674775 0.332785414437436 0.350660475313046 0.421113856499622 0.369826612396738 0.384193290451539 0.358854172233806 0.349869051422041 0.420936924142803 0.410028229878223 0.449538379517842 0.438932969227771 0.446663003204877 0.388243417161143 0.364259436468357 0.578423615694861 0.426183663034277 0.479559353888566 0.434996007225889 0.444507693250077 0.446556928946007 0.477999649115762 0.434967688156809 0.381180525597784 0.360486714166565 0.337459253994471 0.385966546950244 0.396483590205822 0.450644965213322 0.422420330014206 0.392023775483909 0.442411675930354 0.410031729426917 0.445163007940571 0.45565580773222 0.45654396329407 0.456206782397076 0.434081353255022 0.439927728152736 0.45853694572435 0.477836522272712 0.372650813876306 0.369863341323916 0.411359143872959 0.39527457817981 0.398188044083858 0.443356888558789 0.493085485197091 0.567272380525802 0.503957637765696 0.319606931241594 0.449421637003305 0.380553586531022 0.32096719697834 0.326313218120351 0.341243216234197 0.380342126787474 0.421629552709002 0.381306122520467 0.396911021258832 0.448714450610839 0.440076578366066 0.431256759605172 0.457898390437281 0.448470136125987 0.458651015439891 0.46725271695245 0.433811579096423 0.367228402424657 0.441940262873276 0.412134795659527 0.436237089492078 0.477189114341736 0.398627248981314 0.455687500015586 0.434758056953867 0.337391516455026 0.366218117844224 0.408715216634876 0.411430767013185 0.3737543391551 0.374155001807894 0.41548072870844 0.388080022000671 0.478322064264879 0.382194527159884 0.398641807952983 0.374490470720598 0.367442998105337 0.412019570196999 0.462579723429161 0.411231617400064 0.480000515748461 0.398518773014279 0.428877258556011 0.380656927958531 0.401943316869432 0.415733395246429 0.452221085291718 0.376540014025402 0.351479006029922 0.351398519077961 0.472029484882724 0.342891620180344 0.349150279878506 0 0.398839527823935 0.383632921302681 0.376782844812773 0.269354634584774
"visnupurana_amsa-4_u" 0.431431844381532 0.435268568236946 0.470059734142226 0.447385429811207 0.436656872467398 0.439802366522407 0.424815986313811 0.438961311890093 0.424920194384511 0.386989536224894 0.491888439596093 0.43027398625261 0.467119116625891 0.42972660423337 0.397981260011029 0.420928834168857 0.359174998083662 0.405111416688254 0.372267145063778 0.405437413448673 0.470515425093861 0.412945651200785 0.444334564212628 0.420288855847637 0.436568162940958 0.460881643343097 0.442700359639468 0.475426844642958 0.476094959947308 0.467887175818316 0.406183072955372 0.413992625763109 0.607696246503839 0.4214606834076 0.50383501422328 0.420724028593566 0.491207506535071 0.486341199816343 0.501807196279971 0.434380951021104 0.412069920876748 0.441097837142437 0.398364159498419 0.445761474987874 0.416016602339839 0.462545316235267 0.449950660914467 0.419403958089347 0.46270200442701 0.440383469910388 0.466191630831076 0.481110724221039 0.467119979784334 0.468974369684931 0.454039583487262 0.463759522567269 0.479258880478991 0.506048505874644 0.43250007443917 0.43296921793918 0.482040151095506 0.47822901498974 0.444789319445354 0.476940981850953 0.498954337673159 0.59216490393813 0.539434691133182 0.379485983027722 0.473453984140105 0.410384663691525 0.373961928691318 0.376803224635525 0.404222747428574 0.432582333071519 0.468994604615981 0.419843042337159 0.410334200447714 0.452973986071324 0.452691895900563 0.454592400861561 0.474897790584715 0.471607775543173 0.475623514201792 0.484714595833871 0.452720309066673 0.411649865320202 0.491704204798168 0.465366670412849 0.435255303068531 0.528620735002628 0.431428996585368 0.459046774564598 0.452763069079891 0.399353886924673 0.414720255737584 0.469961910812527 0.447516866117766 0.407040198807243 0.436110219941554 0.472027927652298 0.425885840210855 0.526818715881384 0.413973261333304 0.442186896809483 0.396794275870295 0.404697661143504 0.460510259373567 0.517059558113317 0.438608311141945 0.498980353928358 0.446430206122473 0.455726477755639 0.460374305497872 0.380200381402521 0.459941470796811 0.518075711331483 0.434862351192218 0.397065749346502 0.424633067449674 0.505929993731539 0.388153504172739 0.411589408068104 0.398839527823935 0 0.376617254803709 0.425719571444829 0.292269014017264
"visnupurana_amsa-5_u" 0.399281746824167 0.393369403895311 0.443092406990685 0.406378663359393 0.398823194666339 0.442221546993251 0.385912493984074 0.389767344034457 0.378098788900549 0.389118938624975 0.444178125623351 0.348058767376325 0.416583775783624 0.413111943011604 0.347957125793131 0.414968328746363 0.328865376166936 0.363110236758531 0.339864554457806 0.340948882481502 0.432525098424278 0.338541073880768 0.388584300184502 0.377682374797154 0.388492975383105 0.418066392822517 0.358936472512689 0.386941473237962 0.445376599455599 0.423878111692063 0.327630820361224 0.348064170133386 0.582256275409297 0.4280536420898 0.502367879704956 0.426412271390878 0.482018661717012 0.483604088578788 0.515208309212449 0.425010837806484 0.366187754537752 0.399953732827049 0.351937743832292 0.392911217855517 0.368030771397745 0.394260154283908 0.395511961876564 0.362745695644298 0.409164884194275 0.393579828449754 0.421200247834236 0.465911651701358 0.41585686061057 0.41799221596153 0.406506593142261 0.419093348294483 0.435537454192442 0.487159953929471 0.39321624406455 0.3899914521531 0.449874697608845 0.448193642270292 0.394621223377058 0.440439509875003 0.444438769804433 0.556468125652751 0.503099179741532 0.332465621104228 0.408901324773285 0.36308962971176 0.316509923848485 0.327520670579611 0.360933238368982 0.375514473623615 0.419945231470546 0.346226671466259 0.376869594407931 0.445117163888836 0.41356997218839 0.4055942872281 0.403257646485065 0.402202361507077 0.404223306894956 0.408925161830133 0.387950423850656 0.357953275087688 0.464676437871643 0.439437862458954 0.441727557428 0.47318488523616 0.351759398183844 0.463510312201059 0.392433235869826 0.347517488508422 0.381835006947028 0.445860409158294 0.396780745465027 0.356453938445757 0.375334332519344 0.440166808924725 0.370678617139225 0.494746967385806 0.347454040601922 0.39414946831115 0.321313952601821 0.402894821772702 0.457034196836377 0.496931475277675 0.424034018998073 0.478044493832287 0.441284499827567 0.450558680182182 0.444026439051729 0.393985623705162 0.448773958240157 0.472276995724235 0.367427874236369 0.382198993099142 0.361695402436427 0.450225239135421 0.331674015146241 0.38628235538179 0.383632921302681 0.376617254803709 0 0.383990401964446 0.235323063916895
"visnupurana_amsa-6_u" 0.429294301266287 0.42842339554832 0.445110917344862 0.428029111562842 0.429126111007189 0.4626578192237 0.413223241045088 0.415183201589722 0.427974455014237 0.435451403286961 0.481053713048342 0.434103639876273 0.415400309272964 0.415128740344769 0.39213295981258 0.407350847250167 0.381032459439357 0.401194455779446 0.374054334689132 0.387522981361119 0.429691653549066 0.396956813604629 0.415974789220115 0.409990927158176 0.399010454337164 0.451473656821977 0.446005586319473 0.464404561099481 0.451909878909987 0.468653966610742 0.4218072959492 0.405936419329944 0.580275973875615 0.467359278818508 0.516208360468379 0.477435370599209 0.461143361687164 0.466385963355373 0.511353417009533 0.473384855641848 0.396308353998156 0.403976153170414 0.380480796718258 0.424628308154368 0.43095807262486 0.476878755376322 0.454938300404338 0.422457230677637 0.466564503565539 0.441598235172655 0.473316562661283 0.490338037090515 0.478663412370841 0.477881395106177 0.465571835241659 0.46767549299169 0.479449969271765 0.474660340964463 0.399143226894692 0.41513582032078 0.438017349105956 0.443570743722889 0.422635781113171 0.47466389516161 0.511183002399258 0.58573369862891 0.528518472926091 0.359678004664532 0.467071028293926 0.40670175374419 0.361842785905455 0.376935785438164 0.378579916437009 0.412472625965021 0.466267968856868 0.408149673776107 0.42611640674948 0.445822138610591 0.469519968664659 0.455837881030006 0.476245934133279 0.465810494314573 0.478030622528707 0.486964686138407 0.455373137608364 0.389112233126274 0.46817013470213 0.422126502344168 0.459823808277331 0.496486027789494 0.423437259184685 0.471187565315188 0.447208021798184 0.379079033182049 0.391695785112163 0.44166677317545 0.435413273861285 0.395538807405763 0.415739717333823 0.425887739145008 0.419302231656185 0.462843010061634 0.410219439015637 0.424999412909375 0.405930647269756 0.410929524285957 0.438302572614086 0.479834964164978 0.435559213527983 0.496723480032201 0.434095611721637 0.469812228995897 0.439268278025579 0.440577066573298 0.420433303031258 0.498454664371182 0.415173520121127 0.398129096622603 0.380011618250191 0.490860070730413 0.359063083350635 0.36484306434101 0.376782844812773 0.425719571444829 0.383990401964446 0 0.300697426050033
"visnupurana_u" 0.333200772410352 0.354710565985698 0.400512825984388 0.361047549243363 0.349838585216186 0.399403629555375 0.328168104738309 0.341013258437934 0.33476722708261 0.33432398854974 0.431759642329086 0.333832812805444 0.370094334631044 0.353173855245337 0.275549185960038 0.312911651067912 0.235047205364503 0.30171268811128 0.237580247759606 0.262889108669096 0.381114523421113 0.283651275763976 0.334797605386344 0.311140550238087 0.32037006244416 0.372364714806265 0.336201415594889 0.378517536203522 0.390869752938082 0.383224411614421 0.286875610433951 0.290074492919761 0.562453031167211 0.363781289546055 0.445836058923818 0.37136103321926 0.405302415533484 0.407345040370383 0.454967244195676 0.376470521719364 0.292095401324914 0.333839729797944 0.263684001111948 0.338419083708627 0.31792068449855 0.377921026786483 0.359615438889263 0.313457908816781 0.379192437891856 0.348362657160022 0.389070354980695 0.416921485838489 0.394733340265072 0.395879423556943 0.37250738887966 0.38518818795036 0.408815357962997 0.441386828459808 0.318390778544858 0.317140384227249 0.391502489042398 0.384896476030952 0.341501727188991 0.402572442822503 0.442220523879771 0.545794439059564 0.478125592071182 0.232693844412128 0.386223897987148 0.302087149776327 0.220048440170335 0.236959558951568 0.284349728324901 0.328133052140898 0.382135072144487 0.300124446766537 0.322079312159471 0.392903791950196 0.374804335141796 0.369330750401835 0.389606689011591 0.381790757292762 0.395215449500729 0.402039378685309 0.360784559459984 0.291271912812252 0.416599015101048 0.379122323188379 0.374888029973107 0.447854189866576 0.317015431052363 0.403001407180632 0.361758730130317 0.264654543920834 0.306772722675533 0.385529712400375 0.348953136048404 0.296511690861026 0.318304643981774 0.383314570064497 0.315637408671966 0.44663605074186 0.293552393516753 0.338892652470937 0.281957241922325 0.296301403070859 0.370511247544089 0.447846949358202 0.348783580477582 0.430356365310301 0.35566012779294 0.376419529017538 0.365390096555494 0.323624212437588 0.367325226792124 0.43380038977837 0.317270829380728 0.275991008170806 0.2926320743972 0.429132370719946 0.213406016105413 0.271317660151385 0.269354634584774 0.292269014017264 0.235323063916895 0.300697426050033 0
