text	feature	z	rho_x	contribution	rate_permille	corpus_permille
kirfel_ppl_textgruppe_I_col1	put	3.358	-0.478	-1.604	2.341	0.585
kirfel_ppl_textgruppe_I_col1	utr	3.323	-0.452	-1.504	2.456	0.644
kirfel_ppl_textgruppe_I_col1	asu	3.010	-0.462	-1.392	1.297	0.572
kirfel_ppl_textgruppe_I_col1	sya	4.631	-0.294	-1.362	4.650	2.015
kirfel_ppl_textgruppe_I_col1	apu	2.070	-0.508	-1.052	1.136	0.660
kirfel_ppl_textgruppe_I_col1	yām	2.203	-0.475	-1.047	1.742	1.089
kirfel_ppl_textgruppe_I_col1	yav	2.427	-0.396	-0.962	1.374	0.868
kirfel_ppl_textgruppe_I_col1	ava	1.577	-0.565	-0.892	4.681	3.656
kirfel_ppl_textgruppe_I_col1	vān	1.360	-0.632	-0.860	1.872	1.312
kirfel_ppl_textgruppe_I_col1	hat	1.201	-0.693	-0.833	1.558	1.098
kirfel_ppl_textgruppe_I_col1	rut	2.282	-0.362	-0.826	1.067	0.567
kirfel_ppl_textgruppe_I_col1	pūr	1.474	0.527	0.776	0.867	0.562
kirfel_ppl_textgruppe_I_col1	aha	1.470	-0.519	-0.762	2.663	1.937
kirfel_ppl_textgruppe_I_col1	rāj	0.924	-0.810	-0.748	2.103	1.235
kirfel_ppl_textgruppe_I_col1	stu	2.026	0.368	0.746	1.558	0.699
kirfel_ppl_textgruppe_I_col1	uta	3.842	-0.186	-0.715	1.803	0.812
kirfel_ppl_textgruppe_I_col1	ikā	-0.892	0.766	-0.683	0.330	0.602
kirfel_ppl_textgruppe_I_col1	akt	-1.343	0.504	-0.678	0.238	0.742
kirfel_ppl_textgruppe_I_col1	ṃva	2.191	-0.309	-0.676	1.097	0.672
kirfel_ppl_textgruppe_I_col1	arṣ	1.164	-0.577	-0.672	1.120	0.687
kirfel_ppl_textgruppe_I_col1	asy	4.480	-0.147	-0.657	5.318	2.353
kirfel_ppl_textgruppe_I_col1	sth	-1.078	0.573	-0.618	0.683	1.090
kirfel_ppl_textgruppe_I_col1	tām	-1.244	-0.490	0.609	0.445	0.706
kirfel_ppl_textgruppe_I_col1	sat	1.914	-0.315	-0.604	1.328	0.853
kirfel_ppl_textgruppe_I_col1	āha	-1.050	-0.555	0.583	0.445	0.731
kirfel_ppl_textgruppe_I_col1	hāb	1.025	-0.562	-0.576	0.714	0.515
kirfel_ppl_textgruppe_I_col1	tap	1.548	-0.364	-0.563	1.013	0.674
kirfel_ppl_textgruppe_I_col1	mah	1.120	-0.494	-0.553	3.545	2.558
kirfel_ppl_textgruppe_I_col1	ṛṣṭ	-1.038	-0.508	0.527	0.660	0.986
kirfel_ppl_textgruppe_I_col1	kta	-1.018	0.509	-0.518	0.330	0.572
kirfel_ppl_textgruppe_I_col1	bal	0.777	-0.656	-0.510	0.714	0.472
kirfel_ppl_textgruppe_I_col1	pat	1.144	-0.442	-0.506	1.458	1.114
kirfel_ppl_textgruppe_I_col1	ḥpu	2.656	-0.187	-0.495	1.166	0.602
kirfel_ppl_textgruppe_I_col1	mit	1.439	-0.339	-0.487	0.936	0.565
kirfel_ppl_textgruppe_I_col1	vād	-1.041	0.467	-0.486	0.430	0.629
kirfel_ppl_textgruppe_I_col1	atā	-0.732	-0.650	0.476	1.542	1.836
kirfel_ppl_textgruppe_I_col1	har	1.047	-0.444	-0.465	2.555	1.957
kirfel_ppl_textgruppe_I_col1	van	1.751	-0.264	-0.463	1.688	1.163
kirfel_ppl_textgruppe_I_col1	ṣaṇ	-1.519	0.300	-0.456	0.215	0.531
kirfel_ppl_textgruppe_I_col1	abh	0.897	-0.505	-0.453	3.576	3.060
kirfel_ppl_textgruppe_I_col1	aṃg	-1.307	-0.339	0.443	0.276	0.587
kirfel_ppl_textgruppe_I_col1	aṃs	-1.309	0.338	-0.442	1.466	2.042
kirfel_ppl_textgruppe_I_col1	hāy	1.306	-0.337	-0.440	0.668	0.508
kirfel_ppl_textgruppe_I_col1	kār	-0.883	0.472	-0.417	0.529	0.939
kirfel_ppl_textgruppe_I_col1	aiv	1.738	0.239	0.415	2.494	1.413
kirfel_ppl_textgruppe_I_col1	nān	-1.832	0.223	-0.409	0.230	0.683
kirfel_ppl_textgruppe_I_col1	atu	0.975	0.417	0.407	0.844	0.620
kirfel_ppl_textgruppe_I_col1	rak	-1.074	0.374	-0.401	0.760	1.082
kirfel_ppl_textgruppe_I_col1	aye	-0.636	0.625	-0.398	0.399	0.698
kirfel_ppl_textgruppe_I_col1	yas	2.561	-0.155	-0.396	2.410	1.568
kirfel_ppl_textgruppe_I_col1	ādi	-0.569	0.691	-0.393	0.529	0.780
kirfel_ppl_textgruppe_I_col1	lak	-1.162	0.336	-0.390	0.153	0.467
kirfel_ppl_textgruppe_I_col1	adh	1.285	-0.303	-0.390	2.110	1.695
kirfel_ppl_textgruppe_I_col1	aṇa	-1.252	0.311	-0.389	0.721	1.358
kirfel_ppl_textgruppe_I_col1	vij	0.884	0.440	0.389	0.813	0.550
kirfel_ppl_textgruppe_I_col1	rya	0.756	-0.510	-0.385	0.936	0.784
kirfel_ppl_textgruppe_I_col1	uvā	-0.868	-0.438	0.380	0.476	0.947
kirfel_ppl_textgruppe_I_col1	tāṃ	0.479	-0.783	-0.375	0.967	0.813
kirfel_ppl_textgruppe_I_col1	iva	1.472	0.254	0.374	3.330	2.189
kirfel_ppl_textgruppe_I_col1	hak	-0.959	0.387	-0.372	0.391	0.681
kirfel_ppl_textgruppe_I_col1	par	-1.655	0.224	-0.371	1.343	2.268
kirfel_ppl_textgruppe_I_col1	aṃy	-1.371	0.269	-0.369	0.437	0.754
kirfel_ppl_textgruppe_I_col1	tta	0.827	0.441	0.365	1.466	1.236
kirfel_ppl_textgruppe_I_col1	dhy	-0.660	0.548	-0.362	0.537	0.727
kirfel_ppl_textgruppe_I_col1	yān	-1.515	0.237	-0.359	0.691	1.046
kirfel_ppl_textgruppe_I_col1	dṛṣ	-0.684	-0.525	0.359	0.345	0.520
kirfel_ppl_textgruppe_I_col1	āṃv	1.089	-0.330	-0.359	0.622	0.484
kirfel_ppl_textgruppe_I_col1	aṇḍ	-1.014	0.352	-0.357	0.146	0.511
kirfel_ppl_textgruppe_I_col1	ṃvi	-1.497	0.238	-0.356	0.414	0.711
kirfel_ppl_textgruppe_I_col1	rat	0.687	-0.517	-0.355	2.479	2.014
kirfel_ppl_textgruppe_I_col1	yāt	0.538	0.655	0.352	1.220	1.061
kirfel_ppl_textgruppe_I_col1	āma	0.924	-0.376	-0.347	3.070	2.534
kirfel_ppl_textgruppe_I_col1	eva	1.251	0.274	0.343	2.678	2.014
kirfel_ppl_textgruppe_I_col1	aty	1.439	-0.232	-0.335	1.028	0.735
kirfel_ppl_textgruppe_I_col1	nti	-0.947	0.350	-0.332	0.384	0.717
kirfel_ppl_textgruppe_I_col1	ahā	0.637	-0.514	-0.328	2.456	1.974
kirfel_ppl_textgruppe_I_col1	śar	-0.748	-0.435	0.326	0.269	0.523
kirfel_ppl_textgruppe_I_col1	ddh	-1.008	0.323	-0.325	0.806	1.322
kirfel_ppl_textgruppe_I_col1	mās	1.238	-0.263	-0.325	0.975	0.727
kirfel_ppl_textgruppe_I_col1	āmi	0.726	-0.444	-0.322	0.836	0.644
kirfel_ppl_textgruppe_I_col1	sah	0.614	-0.524	-0.322	1.021	0.793
kirfel_ppl_textgruppe_I_col1	asm	0.709	0.453	0.321	0.913	0.709
kirfel_ppl_textgruppe_I_col1	ṃma	0.489	-0.656	-0.320	0.913	0.811
kirfel_ppl_textgruppe_I_col1	laṃ	-1.256	0.254	-0.319	0.307	0.597
kirfel_ppl_textgruppe_I_col1	mar	0.605	-0.520	-0.314	0.852	0.719
kirfel_ppl_textgruppe_I_col1	avā	0.539	-0.579	-0.312	2.072	1.872
kirfel_ppl_textgruppe_I_col1	tsa	0.743	0.413	0.307	0.691	0.562
kirfel_ppl_textgruppe_I_col1	nāt	-0.931	0.328	-0.306	0.338	0.606
kirfel_ppl_textgruppe_I_col1	vat	1.793	0.168	0.301	2.601	1.855
kirfel_ppl_textgruppe_I_col1	āśa	-1.509	0.199	-0.301	0.299	0.691
kirfel_ppl_textgruppe_I_col1	dha	0.895	-0.332	-0.297	3.415	2.882
kirfel_ppl_textgruppe_I_col1	vāc	-0.747	-0.396	0.296	0.714	1.148
kirfel_ppl_textgruppe_I_col1	ast	2.344	0.124	0.292	4.090	2.592
kirfel_ppl_textgruppe_I_col1	tra	1.518	0.191	0.291	2.947	2.152
kirfel_ppl_textgruppe_I_col1	hir	-0.570	-0.509	0.290	0.468	0.665
kirfel_ppl_textgruppe_I_col1	āṃs	-0.658	-0.439	0.289	0.790	0.933
kirfel_ppl_textgruppe_I_col1	iṣṇ	-0.675	0.426	-0.288	0.192	0.454
kirfel_ppl_textgruppe_I_col1	yet	-0.403	0.711	-0.286	0.391	0.533
kirfel_ppl_textgruppe_I_col1	kal	-0.468	0.610	-0.286	0.384	0.504
kirfel_ppl_textgruppe_I_col1	aḥk	-1.057	-0.269	0.284	0.929	1.198
kirfel_ppl_textgruppe_I_col1	ajñ	0.751	0.378	0.284	0.890	0.629
kirfel_ppl_textgruppe_I_col1	śaṃ	-0.718	-0.395	0.283	0.269	0.521
kirfel_ppl_textgruppe_I_col1	iṣy	0.669	-0.423	-0.283	0.706	0.509
kirfel_ppl_textgruppe_I_col1	bhi	-0.689	-0.406	0.280	1.128	1.461
kirfel_ppl_textgruppe_I_col1	yap	2.354	-0.119	-0.279	1.220	0.762
kirfel_ppl_textgruppe_I_col1	akṣ	-0.767	0.359	-0.275	1.389	1.741
kirfel_ppl_textgruppe_I_col1	rūp	-0.733	0.375	-0.275	0.338	0.636
kirfel_ppl_textgruppe_I_col1	āmā	0.726	-0.378	-0.274	1.105	0.923
kirfel_ppl_textgruppe_I_col1	raj	1.808	0.151	0.273	1.404	0.687
kirfel_ppl_textgruppe_I_col1	aṇā	-0.824	0.329	-0.271	0.675	0.837
kirfel_ppl_textgruppe_I_col1	hār	0.459	-0.583	-0.268	1.343	1.115
kirfel_ppl_textgruppe_I_col1	daṃ	-1.048	-0.252	0.264	0.315	0.489
kirfel_ppl_textgruppe_I_col1	gat	-0.905	-0.291	0.263	0.668	0.948
kirfel_ppl_textgruppe_I_col1	trā	1.571	-0.167	-0.263	1.266	0.841
kirfel_ppl_textgruppe_I_col1	ata	0.473	-0.553	-0.261	4.965	4.592
kirfel_ppl_textgruppe_I_col1	vāp	-0.871	0.299	-0.260	0.345	0.522
kirfel_ppl_textgruppe_I_col1	yaś	1.315	-0.197	-0.259	0.990	0.705
kirfel_ppl_textgruppe_I_col1	vas	4.023	0.064	0.258	2.502	1.270
kirfel_ppl_textgruppe_I_col1	vit	-1.114	0.230	-0.256	0.368	0.562
kirfel_ppl_textgruppe_I_col1	ṇam	-1.668	0.153	-0.255	0.207	0.519
kirfel_ppl_textgruppe_I_col1	ābh	-0.760	-0.333	0.253	1.381	1.600
kirfel_ppl_textgruppe_I_col1	tān	-1.091	-0.229	0.250	0.875	1.215
kirfel_ppl_textgruppe_I_col1	idh	-0.595	0.419	-0.249	0.591	0.723
kirfel_ppl_textgruppe_I_col1	daś	0.643	0.387	0.249	0.760	0.589
kirfel_ppl_textgruppe_I_col1	ñca	-0.496	0.496	-0.246	0.330	0.579
kirfel_ppl_textgruppe_I_col1	jag	-0.514	-0.472	0.243	0.338	0.487
kirfel_ppl_textgruppe_I_col1	any	0.831	-0.292	-0.242	0.706	0.553
kirfel_ppl_textgruppe_I_col1	tyā	-0.906	0.267	-0.242	0.414	0.659
kirfel_ppl_textgruppe_I_col1	āna	-1.072	0.224	-0.240	2.126	2.723
kirfel_ppl_textgruppe_I_col1	mat	0.725	-0.329	-0.239	1.159	0.975
kirfel_ppl_textgruppe_I_col1	ātr	-0.320	0.746	-0.238	0.506	0.596
kirfel_ppl_textgruppe_I_col1	vac	1.166	-0.203	-0.237	0.836	0.601
kirfel_ppl_textgruppe_I_col1	ami	0.471	-0.502	-0.237	0.652	0.540
kirfel_ppl_textgruppe_I_col1	yan	-0.763	-0.308	0.235	1.120	1.452
kirfel_ppl_textgruppe_I_col1	āni	-1.234	0.190	-0.234	0.783	1.271
kirfel_ppl_textgruppe_I_col1	sar	-0.553	0.419	-0.232	1.980	2.313
kirfel_ppl_textgruppe_I_col1	kṣi	-1.201	-0.193	0.232	0.361	0.594
kirfel_ppl_textgruppe_I_col1	ram	-1.288	0.179	-0.231	1.481	1.980
kirfel_ppl_textgruppe_I_col1	taṃ	-0.918	-0.251	0.230	1.773	2.176
kirfel_ppl_textgruppe_I_col1	hād	0.580	0.393	0.228	0.568	0.457
kirfel_ppl_textgruppe_I_col1	dvi	0.448	0.507	0.227	0.813	0.683
kirfel_ppl_textgruppe_I_col1	dar	-1.119	-0.201	0.225	0.299	0.555
kirfel_ppl_textgruppe_I_col1	āda	-0.562	0.397	-0.223	1.051	1.212
kirfel_ppl_textgruppe_I_col1	kar	-1.085	0.203	-0.221	0.921	1.547
kirfel_ppl_textgruppe_I_col1	āga	-0.662	-0.333	0.220	0.691	0.846
kirfel_ppl_textgruppe_I_col1	mam	-0.538	-0.408	0.219	0.591	0.720
kirfel_ppl_textgruppe_I_col1	pra	1.159	0.189	0.219	4.612	3.747
kirfel_ppl_textgruppe_I_col1	evā	0.799	0.274	0.219	0.813	0.619
kirfel_ppl_textgruppe_I_col1	vās	-0.667	-0.322	0.215	0.706	0.859
kirfel_ppl_textgruppe_I_col1	vam	1.052	-0.204	-0.214	1.136	0.937
kirfel_ppl_textgruppe_I_col1	ḥśa	-0.440	-0.487	0.214	0.376	0.481
kirfel_ppl_textgruppe_I_col1	ham	-1.079	-0.198	0.213	0.675	0.872
kirfel_ppl_textgruppe_I_col1	āyā	0.647	0.324	0.210	1.067	0.857
kirfel_ppl_textgruppe_I_col1	rah	-0.381	0.537	-0.205	0.913	1.097
kirfel_ppl_textgruppe_I_col1	ato	0.457	-0.447	-0.204	0.944	0.792
kirfel_ppl_textgruppe_I_col1	ura	-0.393	-0.519	0.204	0.645	0.768
kirfel_ppl_textgruppe_I_col1	aca	0.951	-0.213	-0.203	1.658	1.333
kirfel_ppl_textgruppe_I_col1	ika	-0.354	0.564	-0.200	0.514	0.593
kirfel_ppl_textgruppe_I_col1	ṃst	-1.567	-0.126	0.198	0.276	0.559
kirfel_ppl_textgruppe_I_col1	bhu	0.746	0.260	0.194	0.752	0.577
kirfel_ppl_textgruppe_I_col1	amā	-1.680	-0.115	0.193	2.525	3.395
kirfel_ppl_textgruppe_I_col1	ati	0.829	-0.232	-0.193	2.179	1.852
kirfel_ppl_textgruppe_I_col1	aja	0.659	-0.290	-0.191	1.044	0.869
kirfel_ppl_textgruppe_I_col1	nan	-0.861	-0.221	0.190	0.376	0.604
kirfel_ppl_textgruppe_I_col1	kṛt	-1.686	-0.113	0.190	0.714	1.361
kirfel_ppl_textgruppe_I_col1	ana	0.387	-0.486	-0.188	3.461	3.242
kirfel_ppl_textgruppe_I_col1	eta	-0.461	0.408	-0.188	0.836	0.973
kirfel_ppl_textgruppe_I_col1	ānā	-0.790	0.236	-0.187	1.596	2.000
kirfel_ppl_textgruppe_I_col1	eśa	-0.788	-0.235	0.185	0.315	0.501
kirfel_ppl_textgruppe_I_col1	paś	-1.024	-0.179	0.183	0.299	0.514
kirfel_ppl_textgruppe_I_col1	āca	-0.722	-0.253	0.183	1.220	1.639
kirfel_ppl_textgruppe_I_col1	sva	0.861	0.212	0.182	1.305	1.039
kirfel_ppl_textgruppe_I_col1	ṅga	-1.002	0.182	-0.182	0.192	0.489
kirfel_ppl_textgruppe_I_col1	dan	-0.633	-0.284	0.180	0.407	0.531
kirfel_ppl_textgruppe_I_col1	auv	-0.448	-0.401	0.180	0.499	0.715
kirfel_ppl_textgruppe_I_col1	aṃn	-0.967	-0.185	0.179	0.606	0.833
kirfel_ppl_textgruppe_I_col1	tav	0.334	-0.535	-0.179	0.844	0.761
kirfel_ppl_textgruppe_I_col1	nam	-1.222	0.145	-0.178	0.706	1.251
kirfel_ppl_textgruppe_I_col1	jñā	-0.557	0.318	-0.177	0.545	0.798
kirfel_ppl_textgruppe_I_col1	cak	-0.789	-0.222	0.175	0.706	0.874
kirfel_ppl_textgruppe_I_col1	rva	0.373	0.469	0.175	1.872	1.691
kirfel_ppl_textgruppe_I_col1	arv	-0.556	0.314	-0.174	1.719	2.064
kirfel_ppl_textgruppe_I_col1	thā	-0.568	0.307	-0.174	2.310	2.648
kirfel_ppl_textgruppe_I_col1	tva	0.444	-0.381	-0.169	1.274	1.115
kirfel_ppl_textgruppe_I_col1	yaṃ	-0.884	0.190	-0.168	1.742	2.195
kirfel_ppl_textgruppe_I_col1	aiḥ	-1.138	-0.148	0.168	0.522	1.107
kirfel_ppl_textgruppe_I_col1	aśa	0.612	-0.274	-0.168	1.588	1.395
kirfel_ppl_textgruppe_I_col1	oma	1.979	-0.085	-0.168	1.090	0.665
kirfel_ppl_textgruppe_I_col1	urā	-0.726	-0.231	0.167	0.576	0.747
kirfel_ppl_textgruppe_I_col1	rai	-0.900	-0.185	0.167	0.276	0.476
kirfel_ppl_textgruppe_I_col1	ivā	-1.289	-0.129	0.167	0.391	0.696
kirfel_ppl_textgruppe_I_col1	syā	1.178	0.140	0.164	1.097	0.770
kirfel_ppl_textgruppe_I_col1	āṃś	-0.438	-0.373	0.163	0.514	0.601
kirfel_ppl_textgruppe_I_col1	haṃ	-0.865	-0.189	0.163	1.174	1.572
kirfel_ppl_textgruppe_I_col1	ray	0.671	0.242	0.163	0.975	0.824
kirfel_ppl_textgruppe_I_col1	ṇaṃ	-1.176	0.137	-0.162	0.453	0.693
kirfel_ppl_textgruppe_I_col1	may	-0.550	-0.294	0.161	0.591	0.697
kirfel_ppl_textgruppe_I_col1	nta	1.215	-0.132	-0.161	1.673	1.187
kirfel_ppl_textgruppe_I_col1	dev	0.573	0.279	0.160	2.179	1.691
kirfel_ppl_textgruppe_I_col1	str	-0.558	-0.286	0.159	0.476	0.601
kirfel_ppl_textgruppe_I_col1	hya	-0.787	0.202	-0.159	0.921	1.124
kirfel_ppl_textgruppe_I_col1	ari	-0.404	-0.383	0.155	0.852	0.970
kirfel_ppl_textgruppe_I_col1	raṇ	-0.972	0.159	-0.155	0.706	1.067
kirfel_ppl_textgruppe_I_col1	yād	-0.385	0.401	-0.154	0.629	0.739
kirfel_ppl_textgruppe_I_col1	anu	0.396	-0.385	-0.152	0.660	0.570
kirfel_ppl_textgruppe_I_col1	ras	1.470	0.102	0.150	1.957	1.562
kirfel_ppl_textgruppe_I_col1	ukt	-0.739	0.203	-0.150	0.460	0.647
kirfel_ppl_textgruppe_I_col1	aṃc	-0.852	-0.175	0.149	0.706	1.108
kirfel_ppl_textgruppe_I_col1	hāt	0.865	-0.171	-0.148	1.105	0.883
kirfel_ppl_textgruppe_I_col1	arm	0.906	-0.163	-0.148	1.550	1.097
kirfel_ppl_textgruppe_I_col1	hay	-0.600	-0.244	0.147	0.506	0.617
kirfel_ppl_textgruppe_I_col1	rav	0.281	-0.517	-0.145	1.404	1.309
kirfel_ppl_textgruppe_I_col1	has	0.771	-0.188	-0.145	1.558	1.303
kirfel_ppl_textgruppe_I_col1	cai	1.173	0.121	0.142	1.512	0.882
kirfel_ppl_textgruppe_I_col1	hāv	-0.399	0.355	-0.142	0.752	0.833
kirfel_ppl_textgruppe_I_col1	air	-0.508	-0.274	0.139	0.760	0.928
kirfel_ppl_textgruppe_I_col1	mād	-0.270	0.516	-0.139	0.499	0.545
kirfel_ppl_textgruppe_I_col1	ṣṭh	0.720	-0.190	-0.137	1.366	1.002
kirfel_ppl_textgruppe_I_col1	kṣa	-0.600	0.226	-0.136	1.335	1.611
kirfel_ppl_textgruppe_I_col1	āsa	0.587	-0.231	-0.136	1.988	1.786
kirfel_ppl_textgruppe_I_col1	ala	-1.308	0.104	-0.136	0.852	1.429
kirfel_ppl_textgruppe_I_col1	vid	-0.455	0.296	-0.135	0.813	0.947
kirfel_ppl_textgruppe_I_col1	eṣā	0.426	0.311	0.132	0.721	0.615
kirfel_ppl_textgruppe_I_col1	sād	-1.294	-0.102	0.131	0.307	0.515
kirfel_ppl_textgruppe_I_col1	ṃpa	-1.610	0.081	-0.130	0.330	0.697
kirfel_ppl_textgruppe_I_col1	ayo	0.300	0.430	0.129	0.829	0.756
kirfel_ppl_textgruppe_I_col1	ṇāṃ	-1.023	-0.122	0.125	0.437	0.627
kirfel_ppl_textgruppe_I_col1	mya	-1.596	-0.078	0.125	0.269	0.536
kirfel_ppl_textgruppe_I_col1	ṃśa	0.482	0.260	0.125	0.806	0.690
kirfel_ppl_textgruppe_I_col1	aya	0.342	-0.364	-0.125	3.469	3.301
kirfel_ppl_textgruppe_I_col1	ātā	0.991	0.125	0.124	0.660	0.500
kirfel_ppl_textgruppe_I_col1	var	0.251	0.493	0.124	2.816	2.664
kirfel_ppl_textgruppe_I_col1	itā	-0.777	-0.159	0.123	1.374	1.675
kirfel_ppl_textgruppe_I_col1	ṇḍa	-0.987	-0.124	0.123	0.153	0.588
kirfel_ppl_textgruppe_I_col1	ndh	0.754	-0.160	-0.120	0.790	0.586
kirfel_ppl_textgruppe_I_col1	rma	0.535	-0.225	-0.120	1.090	0.907
kirfel_ppl_textgruppe_I_col1	ayā	0.223	-0.535	-0.120	2.110	1.989
kirfel_ppl_textgruppe_I_col1	hma	-0.237	0.504	-0.120	0.583	0.676
kirfel_ppl_textgruppe_I_col1	ity	-0.449	0.264	-0.118	0.622	0.763
kirfel_ppl_textgruppe_I_col1	hūt	-0.350	0.336	-0.118	0.675	0.812
kirfel_ppl_textgruppe_I_col1	apr	0.316	0.372	0.118	1.228	1.146
kirfel_ppl_textgruppe_I_col1	ānt	-0.360	0.325	-0.117	0.767	0.879
kirfel_ppl_textgruppe_I_col1	mṛt	-0.164	0.702	-0.115	0.545	0.617
kirfel_ppl_textgruppe_I_col1	āpi	-0.733	0.156	-0.114	0.422	0.590
kirfel_ppl_textgruppe_I_col1	māt	-0.274	0.416	-0.114	0.783	0.859
kirfel_ppl_textgruppe_I_col1	ina	-0.456	-0.248	0.113	0.645	0.723
kirfel_ppl_textgruppe_I_col1	yaḥ	0.292	0.380	0.111	1.282	1.198
kirfel_ppl_textgruppe_I_col1	ṃya	-0.582	0.190	-0.111	0.422	0.527
kirfel_ppl_textgruppe_I_col1	udh	0.230	-0.476	-0.109	0.652	0.564
kirfel_ppl_textgruppe_I_col1	yad	0.203	-0.537	-0.109	1.090	1.023
kirfel_ppl_textgruppe_I_col1	acc	-0.290	-0.376	0.109	0.430	0.473
kirfel_ppl_textgruppe_I_col1	rāṇ	-0.434	0.250	-0.109	0.752	0.886
kirfel_ppl_textgruppe_I_col1	vāt	-0.384	0.283	-0.108	0.491	0.548
kirfel_ppl_textgruppe_I_col1	inā	-1.378	0.078	-0.107	0.399	0.629
kirfel_ppl_textgruppe_I_col1	akā	-0.486	0.220	-0.107	1.097	1.251
kirfel_ppl_textgruppe_I_col1	aḥś	-0.592	-0.181	0.107	0.767	0.940
kirfel_ppl_textgruppe_I_col1	uru	-0.750	-0.141	0.105	0.445	0.668
kirfel_ppl_textgruppe_I_col1	ṃbh	-0.964	0.109	-0.105	0.591	0.856
kirfel_ppl_textgruppe_I_col1	ibh	-0.725	0.143	-0.104	0.867	1.085
kirfel_ppl_textgruppe_I_col1	ārt	-0.387	-0.266	0.103	0.583	0.694
kirfel_ppl_textgruppe_I_col1	hit	-1.002	0.102	-0.102	0.982	1.279
kirfel_ppl_textgruppe_I_col1	iḥs	-1.136	0.089	-0.102	0.483	0.698
kirfel_ppl_textgruppe_I_col1	maṇ	-0.423	0.239	-0.101	0.660	0.784
kirfel_ppl_textgruppe_I_col1	ḥpa	-0.525	0.187	-0.098	0.775	0.887
kirfel_ppl_textgruppe_I_col1	aṃk	-1.297	0.075	-0.098	0.752	1.329
kirfel_ppl_textgruppe_I_col1	are	0.255	0.383	0.098	0.721	0.653
kirfel_ppl_textgruppe_I_col1	tha	1.130	-0.086	-0.097	2.410	1.949
kirfel_ppl_textgruppe_I_col1	aṃb	-0.671	0.142	-0.096	0.783	1.001
kirfel_ppl_textgruppe_I_col1	cch	-0.380	-0.250	0.095	0.737	0.813
kirfel_ppl_textgruppe_I_col1	śat	0.756	-0.123	-0.093	0.829	0.624
kirfel_ppl_textgruppe_I_col1	ant	-0.383	0.243	-0.093	1.941	2.192
kirfel_ppl_textgruppe_I_col1	aṃd	-0.741	-0.126	0.093	0.867	1.150
kirfel_ppl_textgruppe_I_col1	ipr	0.406	0.222	0.090	0.583	0.518
kirfel_ppl_textgruppe_I_col1	apa	0.372	-0.242	-0.090	1.888	1.776
kirfel_ppl_textgruppe_I_col1	nas	0.497	0.180	0.090	1.021	0.920
kirfel_ppl_textgruppe_I_col1	nām	0.789	0.112	0.088	1.182	0.934
kirfel_ppl_textgruppe_I_col1	vap	0.863	0.101	0.087	0.675	0.543
kirfel_ppl_textgruppe_I_col1	nār	-0.694	-0.124	0.086	0.284	0.480
kirfel_ppl_textgruppe_I_col1	śva	-0.224	0.382	-0.085	0.929	1.060
kirfel_ppl_textgruppe_I_col1	āta	-0.631	-0.135	0.085	1.343	1.512
kirfel_ppl_textgruppe_I_col1	ave	-0.932	0.090	-0.084	0.361	0.556
kirfel_ppl_textgruppe_I_col1	ate	0.184	0.451	0.083	1.688	1.589
kirfel_ppl_textgruppe_I_col1	dya	-1.163	-0.071	0.083	0.422	0.645
kirfel_ppl_textgruppe_I_col1	jan	-0.293	-0.277	0.081	0.829	0.914
kirfel_ppl_textgruppe_I_col1	dhi	-0.794	0.102	-0.081	0.729	1.080
kirfel_ppl_textgruppe_I_col1	avy	-0.488	0.166	-0.081	0.407	0.507
kirfel_ppl_textgruppe_I_col1	śya	-0.239	-0.336	0.080	0.483	0.542
kirfel_ppl_textgruppe_I_col1	akṛ	-0.738	-0.108	0.080	0.330	0.495
kirfel_ppl_textgruppe_I_col1	āla	-1.499	-0.053	0.079	0.384	0.785
kirfel_ppl_textgruppe_I_col1	vyā	-0.663	0.117	-0.078	0.430	0.583
kirfel_ppl_textgruppe_I_col1	raś	-0.409	-0.190	0.078	0.483	0.548
kirfel_ppl_textgruppe_I_col1	ajā	2.374	0.032	0.077	1.581	0.685
kirfel_ppl_textgruppe_I_col1	saṃ	-0.899	-0.085	0.077	1.611	2.350
kirfel_ppl_textgruppe_I_col1	rap	-0.387	0.195	-0.076	0.453	0.505
kirfel_ppl_textgruppe_I_col1	avi	0.240	0.314	0.075	2.034	1.936
kirfel_ppl_textgruppe_I_col1	alā	-0.618	0.122	-0.075	0.460	0.583
kirfel_ppl_textgruppe_I_col1	ṃta	-0.379	0.198	-0.075	1.028	1.171
kirfel_ppl_textgruppe_I_col1	aṅg	-0.274	0.274	-0.075	0.391	0.468
kirfel_ppl_textgruppe_I_col1	rad	-0.957	0.077	-0.073	0.583	0.852
kirfel_ppl_textgruppe_I_col1	isa	-0.170	0.428	-0.073	0.721	0.754
kirfel_ppl_textgruppe_I_col1	arṇ	0.411	0.176	0.072	0.591	0.480
kirfel_ppl_textgruppe_I_col1	nav	0.388	0.184	0.071	0.798	0.714
kirfel_ppl_textgruppe_I_col1	śak	-0.669	-0.106	0.071	0.361	0.488
kirfel_ppl_textgruppe_I_col1	āsā	-0.954	0.074	-0.070	0.322	0.494
kirfel_ppl_textgruppe_I_col1	cam	-0.409	-0.171	0.070	0.483	0.541
kirfel_ppl_textgruppe_I_col1	hān	-1.408	0.049	-0.070	0.829	1.207
kirfel_ppl_textgruppe_I_col1	rām	-0.145	-0.471	0.068	0.476	0.546
kirfel_ppl_textgruppe_I_col1	san	-1.006	0.067	-0.068	0.399	0.611
kirfel_ppl_textgruppe_I_col1	kaṃ	0.170	0.395	0.067	0.537	0.496
kirfel_ppl_textgruppe_I_col1	āṇa	-0.462	0.144	-0.066	0.407	0.490
kirfel_ppl_textgruppe_I_col1	yās	-0.240	0.275	-0.066	0.675	0.738
kirfel_ppl_textgruppe_I_col1	tam	-1.381	-0.048	0.066	1.481	1.936
kirfel_ppl_textgruppe_I_col1	āvi	-0.506	0.129	-0.065	0.729	0.823
kirfel_ppl_textgruppe_I_col1	imā	0.305	0.207	0.063	0.522	0.485
kirfel_ppl_textgruppe_I_col1	āka	-0.554	0.112	-0.062	0.368	0.453
kirfel_ppl_textgruppe_I_col1	ubh	-0.596	-0.104	0.062	0.629	0.747
kirfel_ppl_textgruppe_I_col1	ada	-0.246	-0.251	0.062	1.504	1.603
kirfel_ppl_textgruppe_I_col1	eṣu	-0.335	0.183	-0.061	0.553	0.630
kirfel_ppl_textgruppe_I_col1	ann	-0.357	-0.171	0.061	0.468	0.533
kirfel_ppl_textgruppe_I_col1	aṃv	-0.880	-0.069	0.061	1.174	1.462
kirfel_ppl_textgruppe_I_col1	ṛta	-1.234	0.048	-0.059	0.683	1.075
kirfel_ppl_textgruppe_I_col1	bra	0.175	0.339	0.059	0.913	0.833
kirfel_ppl_textgruppe_I_col1	asa	0.316	-0.186	-0.059	3.722	3.554
kirfel_ppl_textgruppe_I_col1	aḥt	0.188	-0.311	-0.059	0.714	0.675
kirfel_ppl_textgruppe_I_col1	āṃt	0.648	-0.089	-0.058	0.660	0.507
kirfel_ppl_textgruppe_I_col1	ena	0.574	-0.101	-0.058	1.895	1.692
kirfel_ppl_textgruppe_I_col1	āya	-0.269	0.212	-0.057	2.233	2.428
kirfel_ppl_textgruppe_I_col1	ara	-1.372	0.041	-0.056	3.062	4.351
kirfel_ppl_textgruppe_I_col1	āst	0.251	0.223	0.056	1.351	1.249
kirfel_ppl_textgruppe_I_col1	nir	-0.508	0.110	-0.056	0.506	0.615
kirfel_ppl_textgruppe_I_col1	maḥ	-0.525	0.106	-0.055	0.376	0.511
kirfel_ppl_textgruppe_I_col1	cav	0.273	0.202	0.055	0.599	0.548
kirfel_ppl_textgruppe_I_col1	rān	-0.123	-0.447	0.055	0.483	0.506
kirfel_ppl_textgruppe_I_col1	arā	-0.092	-0.596	0.055	2.064	2.119
kirfel_ppl_textgruppe_I_col1	ita	-1.475	-0.037	0.055	1.895	2.539
kirfel_ppl_textgruppe_I_col1	dān	-0.215	0.253	-0.054	0.468	0.522
kirfel_ppl_textgruppe_I_col1	tma	0.662	-0.082	-0.054	1.105	0.814
kirfel_ppl_textgruppe_I_col1	ten	0.433	0.125	0.054	0.675	0.596
kirfel_ppl_textgruppe_I_col1	āḥs	0.647	-0.083	-0.053	1.312	1.032
kirfel_ppl_textgruppe_I_col1	śca	1.098	-0.048	-0.053	3.660	2.543
kirfel_ppl_textgruppe_I_col1	obh	-0.618	-0.085	0.053	0.553	0.641
kirfel_ppl_textgruppe_I_col1	riy	-0.767	-0.068	0.052	0.445	0.645
kirfel_ppl_textgruppe_I_col1	aḥs	0.772	0.068	0.052	2.763	2.383
kirfel_ppl_textgruppe_I_col1	mas	0.389	-0.134	-0.052	0.859	0.787
kirfel_ppl_textgruppe_I_col1	vay	-0.195	-0.266	0.052	0.698	0.740
kirfel_ppl_textgruppe_I_col1	ḥpr	1.647	0.031	0.052	1.811	1.280
kirfel_ppl_textgruppe_I_col1	man	1.185	-0.043	-0.051	2.740	2.078
kirfel_ppl_textgruppe_I_col1	ṃka	-0.767	0.066	-0.051	0.330	0.496
kirfel_ppl_textgruppe_I_col1	aka	-0.149	0.339	-0.050	1.788	1.857
kirfel_ppl_textgruppe_I_col1	ṣṭa	-1.520	0.033	-0.050	0.491	0.798
kirfel_ppl_textgruppe_I_col1	ḥta	0.171	-0.290	-0.050	0.806	0.759
kirfel_ppl_textgruppe_I_col1	nya	0.244	-0.203	-0.050	0.760	0.703
kirfel_ppl_textgruppe_I_col1	anā	-0.978	-0.051	0.049	1.328	1.676
kirfel_ppl_textgruppe_I_col1	āṇā	-0.643	-0.075	0.048	0.476	0.625
kirfel_ppl_textgruppe_I_col1	vār	0.324	-0.147	-0.048	0.645	0.572
kirfel_ppl_textgruppe_I_col1	yam	-0.104	-0.451	0.047	1.688	1.723
kirfel_ppl_textgruppe_I_col1	ath	0.804	-0.058	-0.047	3.752	3.148
kirfel_ppl_textgruppe_I_col1	ait	0.932	0.050	0.047	0.836	0.575
kirfel_ppl_textgruppe_I_col1	amu	0.148	-0.314	-0.047	1.021	0.987
kirfel_ppl_textgruppe_I_col1	tad	-0.226	-0.203	0.046	1.220	1.296
kirfel_ppl_textgruppe_I_col1	viṣ	-0.175	0.258	-0.045	0.829	0.898
kirfel_ppl_textgruppe_I_col1	āśc	0.529	-0.085	-0.045	1.044	0.816
kirfel_ppl_textgruppe_I_col1	hiḥ	-1.213	0.037	-0.044	0.307	0.523
kirfel_ppl_textgruppe_I_col1	bhū	-0.231	0.188	-0.043	1.320	1.432
kirfel_ppl_textgruppe_I_col1	ani	-0.170	-0.254	0.043	0.729	0.761
kirfel_ppl_textgruppe_I_col1	ḥsa	0.146	-0.295	-0.043	2.517	2.438
kirfel_ppl_textgruppe_I_col1	adv	-0.236	0.181	-0.043	0.514	0.558
kirfel_ppl_textgruppe_I_col1	mad	0.169	-0.252	-0.042	0.836	0.796
kirfel_ppl_textgruppe_I_col1	naḥ	0.160	-0.264	-0.042	1.258	1.205
kirfel_ppl_textgruppe_I_col1	mān	-0.250	-0.168	0.042	1.466	1.561
kirfel_ppl_textgruppe_I_col1	viś	0.193	0.215	0.041	0.836	0.781
kirfel_ppl_textgruppe_I_col1	dad	0.150	-0.275	-0.041	0.499	0.469
kirfel_ppl_textgruppe_I_col1	yaj	0.128	0.321	0.041	0.606	0.573
kirfel_ppl_textgruppe_I_col1	atv	1.032	0.039	0.041	0.798	0.582
kirfel_ppl_textgruppe_I_col1	āḥp	1.138	-0.035	-0.040	1.120	0.776
kirfel_ppl_textgruppe_I_col1	ṣya	-0.075	-0.534	0.040	0.660	0.683
kirfel_ppl_textgruppe_I_col1	ṃga	-0.104	-0.384	0.040	0.430	0.459
kirfel_ppl_textgruppe_I_col1	ira	-0.073	-0.537	0.039	0.952	0.978
kirfel_ppl_textgruppe_I_col1	ndr	-0.602	0.065	-0.039	0.399	0.541
kirfel_ppl_textgruppe_I_col1	nāṃ	-0.324	0.120	-0.039	1.113	1.222
kirfel_ppl_textgruppe_I_col1	maṃ	-0.499	0.078	-0.039	0.430	0.544
kirfel_ppl_textgruppe_I_col1	nat	0.353	0.109	0.038	0.560	0.509
kirfel_ppl_textgruppe_I_col1	ṛtā	-0.536	0.072	-0.038	0.430	0.558
kirfel_ppl_textgruppe_I_col1	bha	0.460	0.083	0.038	3.461	3.142
kirfel_ppl_textgruppe_I_col1	aṃś	-0.342	0.112	-0.038	0.921	1.027
kirfel_ppl_textgruppe_I_col1	ḥka	-0.235	-0.161	0.038	0.506	0.549
kirfel_ppl_textgruppe_I_col1	aḥp	1.125	-0.034	-0.038	2.433	2.019
kirfel_ppl_textgruppe_I_col1	kha	-1.376	-0.027	0.037	0.315	0.645
kirfel_ppl_textgruppe_I_col1	att	0.925	-0.039	-0.036	1.128	0.891
kirfel_ppl_textgruppe_I_col1	iti	0.254	0.143	0.036	0.622	0.519
kirfel_ppl_textgruppe_I_col1	ama	0.065	-0.556	-0.036	5.049	4.998
kirfel_ppl_textgruppe_I_col1	hav	1.017	-0.035	-0.035	2.118	1.665
kirfel_ppl_textgruppe_I_col1	yāṃ	0.811	0.043	0.035	1.282	0.986
kirfel_ppl_textgruppe_I_col1	āja	0.044	-0.789	-0.035	0.852	0.830
kirfel_ppl_textgruppe_I_col1	ṃca	-0.224	-0.156	0.035	1.205	1.324
kirfel_ppl_textgruppe_I_col1	hyā	-0.057	0.610	-0.035	1.021	1.041
kirfel_ppl_textgruppe_I_col1	bhy	-0.144	-0.242	0.035	0.583	0.614
kirfel_ppl_textgruppe_I_col1	tar	0.872	0.039	0.034	1.496	1.110
kirfel_ppl_textgruppe_I_col1	jay	0.113	-0.302	-0.034	0.468	0.432
kirfel_ppl_textgruppe_I_col1	dra	-0.107	-0.316	0.034	0.721	0.751
kirfel_ppl_textgruppe_I_col1	aiś	-0.246	-0.137	0.034	0.437	0.505
kirfel_ppl_textgruppe_I_col1	ārā	-0.106	-0.318	0.034	0.829	0.860
kirfel_ppl_textgruppe_I_col1	una	0.764	-0.044	-0.034	0.844	0.665
kirfel_ppl_textgruppe_I_col1	aṃp	-1.023	0.032	-0.033	1.466	2.013
kirfel_ppl_textgruppe_I_col1	vad	-0.450	-0.072	0.032	0.806	0.911
kirfel_ppl_textgruppe_I_col1	sta	2.109	-0.015	-0.032	2.855	1.684
kirfel_ppl_textgruppe_I_col1	tvā	-0.526	-0.059	0.031	1.312	1.611
kirfel_ppl_textgruppe_I_col1	ṭha	0.669	0.046	0.031	0.698	0.588
kirfel_ppl_textgruppe_I_col1	vak	-0.085	0.356	-0.030	0.652	0.667
kirfel_ppl_textgruppe_I_col1	haḥ	0.172	-0.176	-0.030	0.576	0.542
kirfel_ppl_textgruppe_I_col1	sam	0.627	-0.046	-0.029	2.103	1.876
kirfel_ppl_textgruppe_I_col1	āva	0.424	0.068	0.029	1.727	1.603
kirfel_ppl_textgruppe_I_col1	ādh	-0.759	0.037	-0.028	0.882	1.098
kirfel_ppl_textgruppe_I_col1	vaṃ	0.246	0.115	0.028	1.696	1.600
kirfel_ppl_textgruppe_I_col1	vin	0.169	-0.168	-0.028	0.514	0.487
kirfel_ppl_textgruppe_I_col1	yat	-0.124	0.228	-0.028	3.392	3.471
kirfel_ppl_textgruppe_I_col1	vaḥ	0.355	-0.078	-0.028	0.599	0.537
kirfel_ppl_textgruppe_I_col1	tat	0.142	0.194	0.028	3.860	3.721
kirfel_ppl_textgruppe_I_col1	rvā	-0.463	-0.059	0.027	0.491	0.571
kirfel_ppl_textgruppe_I_col1	āṇi	-0.606	0.043	-0.026	0.468	0.606
kirfel_ppl_textgruppe_I_col1	muk	-0.751	-0.035	0.026	0.399	0.569
kirfel_ppl_textgruppe_I_col1	aṃt	-0.241	0.109	-0.026	1.527	1.680
kirfel_ppl_textgruppe_I_col1	udd	-0.682	0.038	-0.026	0.353	0.509
kirfel_ppl_textgruppe_I_col1	and	0.138	0.185	0.026	0.982	0.935
kirfel_ppl_textgruppe_I_col1	tāḥ	0.253	0.100	0.025	1.235	1.105
kirfel_ppl_textgruppe_I_col1	aśā	0.414	-0.061	-0.025	0.545	0.478
kirfel_ppl_textgruppe_I_col1	aśc	1.012	0.024	0.024	1.988	1.443
kirfel_ppl_textgruppe_I_col1	ahm	-0.036	0.656	-0.024	0.629	0.646
kirfel_ppl_textgruppe_I_col1	thi	0.368	-0.064	-0.024	0.975	0.876
kirfel_ppl_textgruppe_I_col1	yay	0.094	-0.251	-0.024	0.599	0.574
kirfel_ppl_textgruppe_I_col1	iya	-0.227	-0.094	0.021	0.599	0.646
kirfel_ppl_textgruppe_I_col1	kām	0.182	0.112	0.020	0.529	0.490
kirfel_ppl_textgruppe_I_col1	āṃp	0.100	-0.202	-0.020	0.645	0.630
kirfel_ppl_textgruppe_I_col1	kra	-0.215	-0.091	0.020	0.483	0.522
kirfel_ppl_textgruppe_I_col1	āpr	-0.157	0.125	-0.020	0.445	0.468
kirfel_ppl_textgruppe_I_col1	asā	-0.064	-0.305	0.019	1.128	1.146
kirfel_ppl_textgruppe_I_col1	nna	-0.975	-0.019	0.019	0.315	0.483
kirfel_ppl_textgruppe_I_col1	art	0.282	0.066	0.019	0.775	0.707
kirfel_ppl_textgruppe_I_col1	rāh	-0.804	0.023	-0.018	0.338	0.514
kirfel_ppl_textgruppe_I_col1	hās	-0.093	0.188	-0.018	0.553	0.571
kirfel_ppl_textgruppe_I_col1	tas	2.707	0.006	0.017	3.676	1.941
kirfel_ppl_textgruppe_I_col1	dhā	0.141	0.124	0.017	1.550	1.495
kirfel_ppl_textgruppe_I_col1	akr	-0.038	-0.410	0.016	0.476	0.484
kirfel_ppl_textgruppe_I_col1	ākṣ	-0.362	0.042	-0.015	0.453	0.594
kirfel_ppl_textgruppe_I_col1	ima	0.073	-0.200	-0.015	0.629	0.617
kirfel_ppl_textgruppe_I_col1	rād	0.079	0.183	0.014	0.652	0.623
kirfel_ppl_textgruppe_I_col1	tan	-0.081	0.173	-0.014	0.675	0.693
kirfel_ppl_textgruppe_I_col1	atī	-0.638	-0.022	0.014	0.422	0.574
kirfel_ppl_textgruppe_I_col1	ṃpr	0.119	-0.115	-0.014	1.120	1.092
kirfel_ppl_textgruppe_I_col1	āpa	0.039	0.350	0.014	1.212	1.202
kirfel_ppl_textgruppe_I_col1	eṇa	-0.355	-0.038	0.013	0.606	0.695
kirfel_ppl_textgruppe_I_col1	pad	-0.437	0.030	-0.013	0.460	0.559
kirfel_ppl_textgruppe_I_col1	rāp	-0.181	-0.071	0.013	0.460	0.498
kirfel_ppl_textgruppe_I_col1	taḥ	0.127	0.099	0.013	2.862	2.799
kirfel_ppl_textgruppe_I_col1	vai	2.695	0.004	0.012	2.601	1.232
kirfel_ppl_textgruppe_I_col1	rāt	-0.049	-0.240	0.012	0.545	0.555
kirfel_ppl_textgruppe_I_col1	rab	0.870	0.013	0.011	0.882	0.698
kirfel_ppl_textgruppe_I_col1	sur	-0.418	-0.025	0.011	0.338	0.510
kirfel_ppl_textgruppe_I_col1	lok	-0.046	0.219	-0.010	0.652	0.665
kirfel_ppl_textgruppe_I_col1	raṃ	-0.626	-0.016	0.010	1.335	1.606
kirfel_ppl_textgruppe_I_col1	api	-0.061	0.164	-0.010	0.545	0.559
kirfel_ppl_textgruppe_I_col1	naṃ	-0.404	0.025	-0.010	1.220	1.411
kirfel_ppl_textgruppe_I_col1	pur	-0.062	-0.154	0.010	0.890	0.908
kirfel_ppl_textgruppe_I_col1	cap	0.330	0.029	0.009	0.683	0.615
kirfel_ppl_textgruppe_I_col1	tit	-0.017	0.552	-0.009	0.583	0.587
kirfel_ppl_textgruppe_I_col1	rth	-0.348	0.027	-0.009	0.767	0.937
kirfel_ppl_textgruppe_I_col1	iṣṭ	0.054	-0.169	-0.009	0.982	0.959
kirfel_ppl_textgruppe_I_col1	raḥ	0.463	0.019	0.009	1.082	0.949
kirfel_ppl_textgruppe_I_col1	yak	-0.655	0.014	-0.009	0.706	0.842
kirfel_ppl_textgruppe_I_col1	ame	-0.135	0.064	-0.009	0.882	0.910
kirfel_ppl_textgruppe_I_col1	tri	-0.029	0.294	-0.008	0.606	0.611
kirfel_ppl_textgruppe_I_col1	can	-0.032	-0.259	0.008	0.767	0.774
kirfel_ppl_textgruppe_I_col1	eya	0.208	0.039	0.008	0.614	0.561
kirfel_ppl_textgruppe_I_col1	ṃsa	-0.293	-0.027	0.008	1.389	1.475
kirfel_ppl_textgruppe_I_col1	nar	0.023	-0.290	-0.007	0.767	0.759
kirfel_ppl_textgruppe_I_col1	aṃm	-0.015	-0.442	0.007	0.936	0.940
kirfel_ppl_textgruppe_I_col1	ryā	0.038	0.175	0.007	0.468	0.460
kirfel_ppl_textgruppe_I_col1	cas	-0.382	-0.017	0.007	0.675	0.751
kirfel_ppl_textgruppe_I_col1	rṇa	-0.371	-0.017	0.006	0.368	0.464
kirfel_ppl_textgruppe_I_col1	āny	-1.179	0.004	-0.005	0.353	0.559
kirfel_ppl_textgruppe_I_col1	cat	0.015	0.321	0.005	0.982	0.978
kirfel_ppl_textgruppe_I_col1	vya	-0.042	0.112	-0.005	0.675	0.687
kirfel_ppl_textgruppe_I_col1	bhā	-0.170	0.027	-0.005	1.558	1.615
kirfel_ppl_textgruppe_I_col1	āra	-0.861	-0.005	0.005	1.527	1.976
kirfel_ppl_textgruppe_I_col1	adā	-0.645	0.007	-0.004	1.381	1.685
kirfel_ppl_textgruppe_I_col1	han	0.009	-0.487	-0.004	1.128	1.125
kirfel_ppl_textgruppe_I_col1	iśc	0.074	0.057	0.004	0.522	0.506
kirfel_ppl_textgruppe_I_col1	aga	0.066	-0.060	-0.004	1.305	1.275
kirfel_ppl_textgruppe_I_col1	mār	0.175	0.018	0.003	0.591	0.549
kirfel_ppl_textgruppe_I_col1	aṃj	-0.644	0.003	-0.002	0.414	0.561
kirfel_ppl_textgruppe_I_col1	atr	0.555	0.004	0.002	1.458	1.264
kirfel_ppl_textgruppe_I_col1	sad	-0.008	0.254	-0.002	0.506	0.508
kirfel_ppl_textgruppe_I_col1	tay	-0.024	-0.086	0.002	0.499	0.502
kirfel_ppl_textgruppe_I_col1	apā	-0.006	-0.335	0.002	0.882	0.884
kirfel_ppl_textgruppe_I_col1	tya	0.035	-0.026	-0.001	1.496	1.485
kirfel_ppl_textgruppe_I_col1	ātm	0.160	-0.004	-0.001	1.404	1.307
kirfel_ppl_textgruppe_I_col1	prā	-0.060	0.008	-0.000	1.220	1.240
kirfel_ppl_textgruppe_I_col1	pit	-0.147	-0.003	0.000	0.606	0.672
kirfel_ppl_textgruppe_I_col1	car	-0.025	0.012	-0.000	0.583	0.588
kirfel_ppl_textgruppe_I_col1	ade	0.000	0.349	0.000	0.614	0.614
kirfel_ppl_ungrouped_col1	asu	3.344	-0.462	-1.546	1.377	0.572
kirfel_ppl_ungrouped_col1	put	2.926	-0.478	-1.398	2.115	0.585
kirfel_ppl_ungrouped_col1	apu	2.697	-0.508	-1.370	1.280	0.660
kirfel_ppl_ungrouped_col1	utr	2.953	-0.452	-1.336	2.254	0.644
kirfel_ppl_ungrouped_col1	sya	4.306	-0.294	-1.267	4.466	2.015
kirfel_ppl_ungrouped_col1	hat	1.675	-0.693	-1.161	1.739	1.098
kirfel_ppl_ungrouped_col1	atu	2.687	0.417	1.120	1.238	0.620
kirfel_ppl_ungrouped_col1	stu	2.815	0.368	1.036	1.892	0.699
kirfel_ppl_ungrouped_col1	hāy	3.017	-0.337	-1.018	0.876	0.508
kirfel_ppl_ungrouped_col1	abh	1.937	-0.505	-0.978	4.174	3.060
kirfel_ppl_ungrouped_col1	bal	1.480	-0.656	-0.971	0.932	0.472
kirfel_ppl_ungrouped_col1	rān	2.108	-0.447	-0.942	0.890	0.506
kirfel_ppl_ungrouped_col1	rav	1.804	-0.517	-0.932	1.920	1.309
kirfel_ppl_ungrouped_col1	ava	1.459	-0.565	-0.825	4.605	3.656
kirfel_ppl_ungrouped_col1	yav	2.044	-0.396	-0.810	1.294	0.868
kirfel_ppl_ungrouped_col1	ātr	-1.081	0.746	-0.806	0.292	0.596
kirfel_ppl_ungrouped_col1	has	4.190	-0.188	-0.786	2.685	1.303
kirfel_ppl_ungrouped_col1	yad	1.387	-0.537	-0.745	1.475	1.023
kirfel_ppl_ungrouped_col1	ṃma	-1.082	-0.656	0.709	0.584	0.811
kirfel_ppl_ungrouped_col1	ajñ	1.872	0.378	0.707	1.280	0.629
kirfel_ppl_ungrouped_col1	mar	1.349	-0.520	-0.701	1.016	0.719
kirfel_ppl_ungrouped_col1	uta	3.754	-0.186	-0.699	1.781	0.812
kirfel_ppl_ungrouped_col1	āya	3.267	0.212	0.694	4.800	2.428
kirfel_ppl_ungrouped_col1	ādi	-0.982	0.691	-0.678	0.348	0.780
kirfel_ppl_ungrouped_col1	aja	2.236	-0.290	-0.649	1.461	0.869
kirfel_ppl_ungrouped_col1	tām	-1.310	-0.490	0.641	0.431	0.706
kirfel_ppl_ungrouped_col1	yet	-0.842	0.711	-0.599	0.237	0.533
kirfel_ppl_ungrouped_col1	aṃm	-1.346	-0.442	0.594	0.626	0.940
kirfel_ppl_ungrouped_col1	asy	3.970	-0.147	-0.582	4.981	2.353
kirfel_ppl_ungrouped_col1	rut	1.605	-0.362	-0.580	0.918	0.567
kirfel_ppl_ungrouped_col1	ura	1.098	-0.519	-0.569	1.113	0.768
kirfel_ppl_ungrouped_col1	yaj	1.757	0.321	0.565	1.029	0.573
kirfel_ppl_ungrouped_col1	adh	1.858	-0.303	-0.564	2.295	1.695
kirfel_ppl_ungrouped_col1	sat	1.722	-0.315	-0.543	1.280	0.853
kirfel_ppl_ungrouped_col1	yaś	2.716	-0.197	-0.535	1.294	0.705
kirfel_ppl_ungrouped_col1	evā	1.917	0.274	0.525	1.085	0.619
kirfel_ppl_ungrouped_col1	aca	2.410	-0.213	-0.514	2.156	1.333
kirfel_ppl_ungrouped_col1	asm	1.113	0.453	0.504	1.029	0.709
kirfel_ppl_ungrouped_col1	akt	-0.977	0.504	-0.493	0.376	0.742
kirfel_ppl_ungrouped_col1	vād	-1.033	0.467	-0.483	0.431	0.629
kirfel_ppl_ungrouped_col1	urā	2.079	-0.231	-0.480	1.238	0.747
kirfel_ppl_ungrouped_col1	kal	-0.770	0.610	-0.470	0.306	0.504
kirfel_ppl_ungrouped_col1	rat	0.869	-0.517	-0.449	2.602	2.014
kirfel_ppl_ungrouped_col1	yas	2.892	-0.155	-0.448	2.518	1.568
kirfel_ppl_ungrouped_col1	vān	0.699	-0.632	-0.442	1.600	1.312
kirfel_ppl_ungrouped_col1	ata	0.792	-0.553	-0.438	5.217	4.592
kirfel_ppl_ungrouped_col1	aha	0.839	-0.519	-0.435	2.351	1.937
kirfel_ppl_ungrouped_col1	sah	0.826	-0.524	-0.432	1.099	0.793
kirfel_ppl_ungrouped_col1	dhy	-0.787	0.548	-0.431	0.501	0.727
kirfel_ppl_ungrouped_col1	hād	-1.088	0.393	-0.428	0.250	0.457
kirfel_ppl_ungrouped_col1	lak	-1.267	0.336	-0.425	0.125	0.467
kirfel_ppl_ungrouped_col1	idh	-1.000	0.419	-0.419	0.501	0.723
kirfel_ppl_ungrouped_col1	āpa	-1.198	0.350	-0.419	0.876	1.202
kirfel_ppl_ungrouped_col1	nti	-1.168	0.350	-0.409	0.306	0.717
kirfel_ppl_ungrouped_col1	aṇa	-1.275	0.311	-0.397	0.710	1.358
kirfel_ppl_ungrouped_col1	kta	-0.767	0.509	-0.390	0.390	0.572
kirfel_ppl_ungrouped_col1	ani	-1.510	-0.254	0.384	0.473	0.761
kirfel_ppl_ungrouped_col1	jay	1.266	-0.302	-0.383	0.835	0.432
kirfel_ppl_ungrouped_col1	āyā	1.176	0.324	0.382	1.238	0.857
kirfel_ppl_ungrouped_col1	kār	-0.795	0.472	-0.375	0.570	0.939
kirfel_ppl_ungrouped_col1	yām	0.786	-0.475	-0.374	1.322	1.089
kirfel_ppl_ungrouped_col1	yān	-1.553	0.237	-0.368	0.682	1.046
kirfel_ppl_ungrouped_col1	aty	1.582	-0.232	-0.368	1.057	0.735
kirfel_ppl_ungrouped_col1	ast	2.953	0.124	0.367	4.480	2.592
kirfel_ppl_ungrouped_col1	ānā	-1.546	0.236	-0.365	1.210	2.000
kirfel_ppl_ungrouped_col1	bhi	-0.893	-0.406	0.363	1.029	1.461
kirfel_ppl_ungrouped_col1	ham	-1.807	-0.198	0.357	0.543	0.872
kirfel_ppl_ungrouped_col1	ato	0.799	-0.447	-0.357	1.057	0.792
kirfel_ppl_ungrouped_col1	ṛṣṭ	-0.702	-0.508	0.357	0.765	0.986
kirfel_ppl_ungrouped_col1	isa	-0.816	0.428	-0.349	0.598	0.754
kirfel_ppl_ungrouped_col1	eva	1.264	0.274	0.347	2.685	2.014
kirfel_ppl_ungrouped_col1	bhy	1.432	-0.242	-0.346	0.918	0.614
kirfel_ppl_ungrouped_col1	rak	-0.916	0.374	-0.342	0.807	1.082
kirfel_ppl_ungrouped_col1	auv	-0.849	-0.401	0.340	0.306	0.715
kirfel_ppl_ungrouped_col1	ḥpu	1.816	-0.187	-0.339	0.988	0.602
kirfel_ppl_ungrouped_col1	hak	-0.873	0.387	-0.338	0.417	0.681
kirfel_ppl_ungrouped_col1	aṇḍ	-0.956	0.352	-0.336	0.167	0.511
kirfel_ppl_ungrouped_col1	dev	1.199	0.279	0.335	2.713	1.691
kirfel_ppl_ungrouped_col1	ārā	-1.046	-0.318	0.332	0.556	0.860
kirfel_ppl_ungrouped_col1	ḥśa	-0.674	-0.487	0.328	0.320	0.481
kirfel_ppl_ungrouped_col1	nān	-1.468	0.223	-0.328	0.320	0.683
kirfel_ppl_ungrouped_col1	tra	1.709	0.191	0.327	3.047	2.152
kirfel_ppl_ungrouped_col1	nāt	-0.992	0.328	-0.326	0.320	0.606
kirfel_ppl_ungrouped_col1	śya	-0.965	-0.336	0.325	0.306	0.542
kirfel_ppl_ungrouped_col1	hāb	0.574	-0.562	-0.323	0.626	0.515
kirfel_ppl_ungrouped_col1	śaṃ	-0.809	-0.395	0.320	0.237	0.521
kirfel_ppl_ungrouped_col1	are	-0.833	0.383	-0.319	0.431	0.653
kirfel_ppl_ungrouped_col1	aye	-0.508	0.625	-0.318	0.459	0.698
kirfel_ppl_ungrouped_col1	mit	0.937	-0.339	-0.317	0.807	0.565
kirfel_ppl_ungrouped_col1	sva	-1.478	0.212	-0.313	0.584	1.039
kirfel_ppl_ungrouped_col1	arā	-0.523	-0.596	0.312	1.809	2.119
kirfel_ppl_ungrouped_col1	āni	-1.629	0.190	-0.309	0.626	1.271
kirfel_ppl_ungrouped_col1	ṣaṇ	-1.015	0.300	-0.304	0.320	0.531
kirfel_ppl_ungrouped_col1	hir	-0.596	-0.509	0.304	0.459	0.665
kirfel_ppl_ungrouped_col1	thā	-0.989	0.307	-0.303	2.059	2.648
kirfel_ppl_ungrouped_col1	ṃvi	-1.271	0.238	-0.302	0.459	0.711
kirfel_ppl_ungrouped_col1	mam	-0.739	-0.408	0.301	0.543	0.720
kirfel_ppl_ungrouped_col1	tri	-1.020	0.294	-0.300	0.431	0.611
kirfel_ppl_ungrouped_col1	daṃ	-1.183	-0.252	0.299	0.292	0.489
kirfel_ppl_ungrouped_col1	ira	-0.547	-0.537	0.294	0.779	0.978
kirfel_ppl_ungrouped_col1	tva	0.770	-0.381	-0.294	1.391	1.115
kirfel_ppl_ungrouped_col1	aka	-0.858	0.339	-0.291	1.461	1.857
kirfel_ppl_ungrouped_col1	rāj	0.359	-0.810	-0.291	1.572	1.235
kirfel_ppl_ungrouped_col1	tap	0.798	-0.364	-0.290	0.849	0.674
kirfel_ppl_ungrouped_col1	arṣ	-0.501	-0.577	0.289	0.501	0.687
kirfel_ppl_ungrouped_col1	rap	-1.466	0.195	-0.286	0.306	0.505
kirfel_ppl_ungrouped_col1	dan	-1.003	-0.284	0.285	0.334	0.531
kirfel_ppl_ungrouped_col1	akṣ	-0.792	0.359	-0.284	1.377	1.741
kirfel_ppl_ungrouped_col1	āṃp	-1.396	-0.202	0.282	0.431	0.630
kirfel_ppl_ungrouped_col1	ahm	-0.430	0.656	-0.282	0.445	0.646
kirfel_ppl_ungrouped_col1	ddh	-0.870	0.323	-0.281	0.876	1.322
kirfel_ppl_ungrouped_col1	ṃga	-0.731	-0.384	0.281	0.250	0.459
kirfel_ppl_ungrouped_col1	ada	-1.112	-0.251	0.279	1.155	1.603
kirfel_ppl_ungrouped_col1	hma	-0.553	0.504	-0.279	0.459	0.676
kirfel_ppl_ungrouped_col1	aya	0.759	-0.364	-0.276	3.673	3.301
kirfel_ppl_ungrouped_col1	hār	0.473	-0.583	-0.276	1.349	1.115
kirfel_ppl_ungrouped_col1	āga	-0.819	-0.333	0.272	0.654	0.846
kirfel_ppl_ungrouped_col1	ārt	1.021	-0.266	-0.272	0.988	0.694
kirfel_ppl_ungrouped_col1	uvā	-0.617	-0.438	0.270	0.612	0.947
kirfel_ppl_ungrouped_col1	jñā	-0.838	0.318	-0.266	0.417	0.798
kirfel_ppl_ungrouped_col1	ahā	0.518	-0.514	-0.266	2.365	1.974
kirfel_ppl_ungrouped_col1	mah	0.539	-0.494	-0.266	3.033	2.558
kirfel_ppl_ungrouped_col1	aṇā	-0.791	0.329	-0.261	0.682	0.837
kirfel_ppl_ungrouped_col1	yap	2.161	-0.119	-0.256	1.183	0.762
kirfel_ppl_ungrouped_col1	may	-0.871	-0.294	0.256	0.529	0.697
kirfel_ppl_ungrouped_col1	yād	0.630	0.401	0.253	0.918	0.739
kirfel_ppl_ungrouped_col1	ari	-0.653	-0.383	0.250	0.779	0.970
kirfel_ppl_ungrouped_col1	air	-0.910	-0.274	0.250	0.626	0.928
kirfel_ppl_ungrouped_col1	aṃy	-0.915	0.269	-0.247	0.543	0.754
kirfel_ppl_ungrouped_col1	tsa	-0.592	0.413	-0.245	0.459	0.562
kirfel_ppl_ungrouped_col1	āna	-1.091	0.224	-0.244	2.115	2.723
kirfel_ppl_ungrouped_col1	ṣya	0.452	-0.534	-0.241	0.821	0.683
kirfel_ppl_ungrouped_col1	asa	-1.298	-0.186	0.241	2.866	3.554
kirfel_ppl_ungrouped_col1	sth	-0.418	0.573	-0.240	0.932	1.090
kirfel_ppl_ungrouped_col1	bhu	0.921	0.260	0.240	0.793	0.577
kirfel_ppl_ungrouped_col1	āst	1.072	0.223	0.239	1.683	1.249
kirfel_ppl_ungrouped_col1	apā	-0.713	-0.335	0.239	0.710	0.884
kirfel_ppl_ungrouped_col1	vāp	-0.790	0.299	-0.236	0.362	0.522
kirfel_ppl_ungrouped_col1	ānt	-0.725	0.325	-0.236	0.654	0.879
kirfel_ppl_ungrouped_col1	ant	-0.969	0.243	-0.236	1.558	2.192
kirfel_ppl_ungrouped_col1	aiv	0.972	0.239	0.232	2.017	1.413
kirfel_ppl_ungrouped_col1	vak	-0.649	0.356	-0.231	0.556	0.667
kirfel_ppl_ungrouped_col1	ram	-1.268	0.179	-0.227	1.489	1.980
kirfel_ppl_ungrouped_col1	rūp	-0.606	0.375	-0.227	0.390	0.636
kirfel_ppl_ungrouped_col1	paś	-1.258	-0.179	0.225	0.250	0.514
kirfel_ppl_ungrouped_col1	par	-0.996	0.224	-0.223	1.711	2.268
kirfel_ppl_ungrouped_col1	yāt	-0.340	0.655	-0.222	0.960	1.061
kirfel_ppl_ungrouped_col1	aṃg	-0.655	-0.339	0.222	0.431	0.587
kirfel_ppl_ungrouped_col1	aiḥ	-1.503	-0.148	0.222	0.334	1.107
kirfel_ppl_ungrouped_col1	oma	2.607	-0.085	-0.221	1.224	0.665
kirfel_ppl_ungrouped_col1	aḥś	-1.219	-0.181	0.221	0.584	0.940
kirfel_ppl_ungrouped_col1	vam	1.079	-0.204	-0.220	1.141	0.937
kirfel_ppl_ungrouped_col1	śva	-0.574	0.382	-0.219	0.723	1.060
kirfel_ppl_ungrouped_col1	ras	2.110	0.102	0.215	2.129	1.562
kirfel_ppl_ungrouped_col1	rah	-0.400	0.537	-0.215	0.904	1.097
kirfel_ppl_ungrouped_col1	vāc	-0.539	-0.396	0.213	0.835	1.148
kirfel_ppl_ungrouped_col1	kṣa	-0.932	0.226	-0.211	1.183	1.611
kirfel_ppl_ungrouped_col1	acc	-0.559	-0.376	0.210	0.390	0.473
kirfel_ppl_ungrouped_col1	ṇam	-1.362	0.153	-0.209	0.264	0.519
kirfel_ppl_ungrouped_col1	aḥt	-0.652	-0.311	0.203	0.543	0.675
kirfel_ppl_ungrouped_col1	haḥ	1.150	-0.176	-0.203	0.765	0.542
kirfel_ppl_ungrouped_col1	vār	-1.364	-0.147	0.200	0.264	0.572
kirfel_ppl_ungrouped_col1	ina	-0.807	-0.248	0.200	0.584	0.723
kirfel_ppl_ungrouped_col1	cat	0.621	0.321	0.199	1.169	0.978
kirfel_ppl_ungrouped_col1	āca	-0.786	-0.253	0.199	1.183	1.639
kirfel_ppl_ungrouped_col1	mat	0.599	-0.329	-0.197	1.127	0.975
kirfel_ppl_ungrouped_col1	vāt	-0.696	0.283	-0.197	0.445	0.548
kirfel_ppl_ungrouped_col1	sar	-0.468	0.419	-0.196	2.031	2.313
kirfel_ppl_ungrouped_col1	eṣā	-0.629	0.311	-0.195	0.459	0.615
kirfel_ppl_ungrouped_col1	akā	-0.877	0.220	-0.193	0.974	1.251
kirfel_ppl_ungrouped_col1	pūr	-0.364	0.527	-0.192	0.487	0.562
kirfel_ppl_ungrouped_col1	iṣṇ	0.443	0.426	0.189	0.626	0.454
kirfel_ppl_ungrouped_col1	tāṃ	0.241	-0.783	-0.189	0.890	0.813
kirfel_ppl_ungrouped_col1	hya	0.923	0.202	0.187	1.363	1.124
kirfel_ppl_ungrouped_col1	apr	-0.499	0.372	-0.186	1.016	1.146
kirfel_ppl_ungrouped_col1	amā	-1.612	-0.115	0.185	2.560	3.395
kirfel_ppl_ungrouped_col1	tha	2.114	-0.086	-0.181	2.810	1.949
kirfel_ppl_ungrouped_col1	atā	0.278	-0.650	-0.180	1.948	1.836
kirfel_ppl_ungrouped_col1	tta	0.409	0.441	0.180	1.349	1.236
kirfel_ppl_ungrouped_col1	vac	0.882	-0.203	-0.179	0.779	0.601
kirfel_ppl_ungrouped_col1	āṃś	0.476	-0.373	-0.177	0.696	0.601
kirfel_ppl_ungrouped_col1	rāṇ	-0.707	0.250	-0.177	0.668	0.886
kirfel_ppl_ungrouped_col1	ṇaṃ	-1.281	0.137	-0.176	0.431	0.693
kirfel_ppl_ungrouped_col1	āda	-0.443	0.397	-0.176	1.085	1.212
kirfel_ppl_ungrouped_col1	aṃn	-0.941	-0.185	0.174	0.612	0.833
kirfel_ppl_ungrouped_col1	dra	0.550	-0.316	-0.174	0.904	0.751
kirfel_ppl_ungrouped_col1	nāṃ	-1.439	0.120	-0.172	0.737	1.222
kirfel_ppl_ungrouped_col1	āja	-0.217	-0.789	0.171	0.723	0.830
kirfel_ppl_ungrouped_col1	tav	-0.320	-0.535	0.171	0.682	0.761
kirfel_ppl_ungrouped_col1	mṛt	0.241	0.702	0.169	0.723	0.617
kirfel_ppl_ungrouped_col1	āṇa	-1.170	0.144	-0.168	0.278	0.490
kirfel_ppl_ungrouped_col1	trā	1.005	-0.167	-0.168	1.113	0.841
kirfel_ppl_ungrouped_col1	iva	0.657	0.254	0.167	2.699	2.189
kirfel_ppl_ungrouped_col1	āvi	-1.286	0.129	-0.166	0.584	0.823
kirfel_ppl_ungrouped_col1	pat	0.367	-0.442	-0.162	1.224	1.114
kirfel_ppl_ungrouped_col1	yan	-0.524	-0.308	0.161	1.224	1.452
kirfel_ppl_ungrouped_col1	aiś	-1.176	-0.137	0.161	0.181	0.505
kirfel_ppl_ungrouped_col1	ābh	-0.484	-0.333	0.161	1.461	1.600
kirfel_ppl_ungrouped_col1	iḥs	-1.780	0.089	-0.159	0.362	0.698
kirfel_ppl_ungrouped_col1	hay	0.649	-0.244	-0.158	0.737	0.617
kirfel_ppl_ungrouped_col1	rāt	-0.657	-0.240	0.158	0.417	0.555
kirfel_ppl_ungrouped_col1	ubh	1.500	-0.104	-0.156	1.043	0.747
kirfel_ppl_ungrouped_col1	śar	-0.352	-0.435	0.153	0.403	0.523
kirfel_ppl_ungrouped_col1	eśa	-0.648	-0.235	0.152	0.348	0.501
kirfel_ppl_ungrouped_col1	laṃ	-0.598	0.254	-0.152	0.459	0.597
kirfel_ppl_ungrouped_col1	vaṃ	1.320	0.115	0.152	2.115	1.600
kirfel_ppl_ungrouped_col1	hūt	0.448	0.336	0.151	0.988	0.812
kirfel_ppl_ungrouped_col1	vya	1.339	0.112	0.150	1.043	0.687
kirfel_ppl_ungrouped_col1	ikā	-0.194	0.766	-0.148	0.543	0.602
kirfel_ppl_ungrouped_col1	nir	-1.317	0.110	-0.145	0.334	0.615
kirfel_ppl_ungrouped_col1	raṇ	-0.888	0.159	-0.142	0.737	1.067
kirfel_ppl_ungrouped_col1	vid	-0.478	0.296	-0.141	0.807	0.947
kirfel_ppl_ungrouped_col1	maṇ	-0.585	0.239	-0.140	0.612	0.784
kirfel_ppl_ungrouped_col1	rām	-0.295	-0.471	0.139	0.403	0.546
kirfel_ppl_ungrouped_col1	ṇḍa	-1.114	-0.124	0.139	0.097	0.588
kirfel_ppl_ungrouped_col1	kar	-0.680	0.203	-0.138	1.155	1.547
kirfel_ppl_ungrouped_col1	ṃpa	-1.714	0.081	-0.138	0.306	0.697
kirfel_ppl_ungrouped_col1	viś	-0.634	0.215	-0.136	0.598	0.781
kirfel_ppl_ungrouped_col1	aśa	-0.497	-0.274	0.136	1.238	1.395
kirfel_ppl_ungrouped_col1	āśa	-0.678	0.199	-0.135	0.515	0.691
kirfel_ppl_ungrouped_col1	āsa	-0.585	-0.231	0.135	1.586	1.786
kirfel_ppl_ungrouped_col1	nar	-0.465	-0.290	0.135	0.584	0.759
kirfel_ppl_ungrouped_col1	hās	-0.713	0.188	-0.134	0.431	0.571
kirfel_ppl_ungrouped_col1	cak	0.603	-0.222	-0.134	1.002	0.874
kirfel_ppl_ungrouped_col1	dar	-0.663	-0.201	0.133	0.403	0.555
kirfel_ppl_ungrouped_col1	ibh	-0.926	0.143	-0.132	0.807	1.085
kirfel_ppl_ungrouped_col1	arm	0.811	-0.163	-0.132	1.503	1.097
kirfel_ppl_ungrouped_col1	āmā	-0.351	-0.378	0.132	0.835	0.923
kirfel_ppl_ungrouped_col1	viṣ	0.511	0.258	0.132	1.099	0.898
kirfel_ppl_ungrouped_col1	syā	0.934	0.140	0.130	1.029	0.770
kirfel_ppl_ungrouped_col1	kṛt	-1.154	-0.113	0.130	0.918	1.361
kirfel_ppl_ungrouped_col1	kām	-1.157	0.112	-0.130	0.237	0.490
kirfel_ppl_ungrouped_col1	ṅga	-0.710	0.182	-0.129	0.278	0.489
kirfel_ppl_ungrouped_col1	mad	0.512	-0.252	-0.129	0.918	0.796
kirfel_ppl_ungrouped_col1	can	-0.498	-0.259	0.129	0.668	0.774
kirfel_ppl_ungrouped_col1	āha	-0.232	-0.555	0.129	0.668	0.731
kirfel_ppl_ungrouped_col1	sad	-0.504	0.254	-0.128	0.403	0.508
kirfel_ppl_ungrouped_col1	āpr	-1.009	0.125	-0.126	0.320	0.468
kirfel_ppl_ungrouped_col1	nav	0.684	0.184	0.126	0.863	0.714
kirfel_ppl_ungrouped_col1	ṃva	0.407	-0.309	-0.126	0.751	0.672
kirfel_ppl_ungrouped_col1	har	0.275	-0.444	-0.122	2.115	1.957
kirfel_ppl_ungrouped_col1	str	0.423	-0.286	-0.121	0.696	0.601
kirfel_ppl_ungrouped_col1	ṇāṃ	-0.981	-0.122	0.120	0.445	0.627
kirfel_ppl_ungrouped_col1	pur	0.777	-0.154	-0.120	1.127	0.908
kirfel_ppl_ungrouped_col1	anu	0.308	-0.385	-0.119	0.640	0.570
kirfel_ppl_ungrouped_col1	nām	1.057	0.112	0.118	1.266	0.934
kirfel_ppl_ungrouped_col1	aṅg	-0.429	0.274	-0.118	0.348	0.468
kirfel_ppl_ungrouped_col1	any	0.396	-0.292	-0.116	0.626	0.553
kirfel_ppl_ungrouped_col1	san	-1.712	0.067	-0.115	0.250	0.611
kirfel_ppl_ungrouped_col1	imā	-0.557	0.207	-0.115	0.417	0.485
kirfel_ppl_ungrouped_col1	akr	0.280	-0.410	-0.115	0.543	0.484
kirfel_ppl_ungrouped_col1	arṇ	-0.647	0.176	-0.114	0.306	0.480
kirfel_ppl_ungrouped_col1	ala	-1.095	0.104	-0.113	0.946	1.429
kirfel_ppl_ungrouped_col1	nam	-0.778	0.145	-0.113	0.904	1.251
kirfel_ppl_ungrouped_col1	ami	-0.223	-0.502	0.112	0.487	0.540
kirfel_ppl_ungrouped_col1	han	-0.229	-0.487	0.112	1.043	1.125
kirfel_ppl_ungrouped_col1	ama	-0.200	-0.556	0.111	4.841	4.998
kirfel_ppl_ungrouped_col1	alā	-0.904	0.122	-0.110	0.403	0.583
kirfel_ppl_ungrouped_col1	māt	0.264	0.416	0.110	0.932	0.859
kirfel_ppl_ungrouped_col1	nan	-0.494	-0.221	0.109	0.473	0.604
kirfel_ppl_ungrouped_col1	ann	-0.635	-0.171	0.109	0.417	0.533
kirfel_ppl_ungrouped_col1	aśā	1.784	-0.061	-0.109	0.765	0.478
kirfel_ppl_ungrouped_col1	apa	-0.446	-0.242	0.108	1.642	1.776
kirfel_ppl_ungrouped_col1	kaṃ	-0.265	0.395	-0.105	0.431	0.496
kirfel_ppl_ungrouped_col1	aṃs	-0.308	0.338	-0.104	1.906	2.042
kirfel_ppl_ungrouped_col1	cai	0.845	0.121	0.102	1.336	0.882
kirfel_ppl_ungrouped_col1	āva	-1.482	0.068	-0.101	1.169	1.603
kirfel_ppl_ungrouped_col1	cav	0.498	0.202	0.101	0.640	0.548
kirfel_ppl_ungrouped_col1	dvi	-0.197	0.507	-0.100	0.626	0.683
kirfel_ppl_ungrouped_col1	avā	-0.172	-0.579	0.099	1.809	1.872
kirfel_ppl_ungrouped_col1	hyā	0.162	0.610	0.099	1.099	1.041
kirfel_ppl_ungrouped_col1	asā	-0.320	-0.305	0.098	1.057	1.146
kirfel_ppl_ungrouped_col1	pra	0.516	0.189	0.098	4.132	3.747
kirfel_ppl_ungrouped_col1	ati	0.419	-0.232	-0.097	2.017	1.852
kirfel_ppl_ungrouped_col1	iya	-1.018	-0.094	0.096	0.431	0.646
kirfel_ppl_ungrouped_col1	riy	-1.407	-0.068	0.096	0.278	0.645
kirfel_ppl_ungrouped_col1	anā	-1.892	-0.051	0.096	1.002	1.676
kirfel_ppl_ungrouped_col1	bra	0.278	0.339	0.094	0.960	0.833
kirfel_ppl_ungrouped_col1	mas	0.703	-0.134	-0.094	0.918	0.787
kirfel_ppl_ungrouped_col1	arv	-0.299	0.314	-0.094	1.878	2.064
kirfel_ppl_ungrouped_col1	and	-0.500	0.185	-0.093	0.765	0.935
kirfel_ppl_ungrouped_col1	ivā	-0.709	-0.129	0.092	0.529	0.696
kirfel_ppl_ungrouped_col1	dad	-0.333	-0.275	0.092	0.403	0.469
kirfel_ppl_ungrouped_col1	api	-0.556	0.164	-0.091	0.431	0.559
kirfel_ppl_ungrouped_col1	mād	-0.177	0.516	-0.091	0.515	0.545
kirfel_ppl_ungrouped_col1	ima	-0.451	-0.200	0.090	0.543	0.617
kirfel_ppl_ungrouped_col1	rma	0.399	-0.225	-0.090	1.043	0.907
kirfel_ppl_ungrouped_col1	kra	0.984	-0.091	-0.090	0.696	0.522
kirfel_ppl_ungrouped_col1	iṣṭ	-0.524	-0.169	0.089	0.737	0.959
kirfel_ppl_ungrouped_col1	hāt	0.516	-0.171	-0.088	1.016	0.883
kirfel_ppl_ungrouped_col1	sād	-0.867	-0.102	0.088	0.376	0.515
kirfel_ppl_ungrouped_col1	śat	-0.710	-0.123	0.088	0.431	0.624
kirfel_ppl_ungrouped_col1	āṃs	-0.196	-0.439	0.086	0.890	0.933
kirfel_ppl_ungrouped_col1	bha	1.027	0.083	0.085	3.854	3.142
kirfel_ppl_ungrouped_col1	cam	0.499	-0.171	-0.085	0.612	0.541
kirfel_ppl_ungrouped_col1	bhū	0.433	0.188	0.082	1.642	1.432
kirfel_ppl_ungrouped_col1	gat	-0.276	-0.291	0.080	0.863	0.948
kirfel_ppl_ungrouped_col1	tay	0.931	-0.086	-0.080	0.640	0.502
kirfel_ppl_ungrouped_col1	āka	-0.688	0.112	-0.077	0.348	0.453
kirfel_ppl_ungrouped_col1	udh	0.162	-0.476	-0.077	0.626	0.564
kirfel_ppl_ungrouped_col1	dṛṣ	0.142	-0.525	-0.074	0.556	0.520
kirfel_ppl_ungrouped_col1	aṃv	-1.067	-0.069	0.074	1.113	1.462
kirfel_ppl_ungrouped_col1	ena	0.721	-0.101	-0.073	1.948	1.692
kirfel_ppl_ungrouped_col1	āla	-1.373	-0.053	0.072	0.417	0.785
kirfel_ppl_ungrouped_col1	hāv	-0.196	0.355	-0.070	0.793	0.833
kirfel_ppl_ungrouped_col1	van	-0.261	-0.264	0.069	1.085	1.163
kirfel_ppl_ungrouped_col1	ten	0.543	0.125	0.068	0.696	0.596
kirfel_ppl_ungrouped_col1	nya	-0.331	-0.203	0.067	0.626	0.703
kirfel_ppl_ungrouped_col1	nat	0.615	0.109	0.067	0.598	0.509
kirfel_ppl_ungrouped_col1	dhi	-0.649	0.102	-0.066	0.793	1.080
kirfel_ppl_ungrouped_col1	ḥsa	0.225	-0.295	-0.066	2.560	2.438
kirfel_ppl_ungrouped_col1	tma	0.807	-0.082	-0.066	1.169	0.814
kirfel_ppl_ungrouped_col1	vas	1.032	0.064	0.066	1.586	1.270
kirfel_ppl_ungrouped_col1	hān	-1.335	0.049	-0.066	0.849	1.207
kirfel_ppl_ungrouped_col1	āṃv	-0.199	-0.330	0.066	0.459	0.484
kirfel_ppl_ungrouped_col1	vap	-0.643	0.101	-0.065	0.445	0.543
kirfel_ppl_ungrouped_col1	aṃt	0.596	0.109	0.065	2.059	1.680
kirfel_ppl_ungrouped_col1	akṛ	-0.596	-0.108	0.064	0.362	0.495
kirfel_ppl_ungrouped_col1	maḥ	0.610	0.106	0.064	0.668	0.511
kirfel_ppl_ungrouped_col1	ñca	-0.128	0.496	-0.064	0.515	0.579
kirfel_ppl_ungrouped_col1	yay	0.252	-0.251	-0.063	0.640	0.574
kirfel_ppl_ungrouped_col1	āḥs	0.765	-0.083	-0.063	1.363	1.032
kirfel_ppl_ungrouped_col1	āmi	0.142	-0.444	-0.063	0.682	0.644
kirfel_ppl_ungrouped_col1	ray	-0.259	0.242	-0.063	0.765	0.824
kirfel_ppl_ungrouped_col1	āma	0.165	-0.376	-0.062	2.629	2.534
kirfel_ppl_ungrouped_col1	rad	-0.805	0.077	-0.062	0.626	0.852
kirfel_ppl_ungrouped_col1	ukt	-0.304	0.203	-0.062	0.570	0.647
kirfel_ppl_ungrouped_col1	rva	-0.131	0.469	-0.061	1.628	1.691
kirfel_ppl_ungrouped_col1	taṃ	0.242	-0.251	-0.061	2.282	2.176
kirfel_ppl_ungrouped_col1	ate	-0.134	0.451	-0.060	1.516	1.589
kirfel_ppl_ungrouped_col1	cch	-0.238	-0.250	0.059	0.765	0.813
kirfel_ppl_ungrouped_col1	tat	0.306	0.194	0.059	4.021	3.721
kirfel_ppl_ungrouped_col1	hiḥ	-1.609	0.037	-0.059	0.237	0.523
kirfel_ppl_ungrouped_col1	eta	0.143	0.408	0.058	1.016	0.973
kirfel_ppl_ungrouped_col1	tān	0.254	-0.229	-0.058	1.294	1.215
kirfel_ppl_ungrouped_col1	ḥpa	-0.311	0.187	-0.058	0.821	0.887
kirfel_ppl_ungrouped_col1	ṃka	-0.877	0.066	-0.058	0.306	0.496
kirfel_ppl_ungrouped_col1	ika	-0.103	0.564	-0.058	0.570	0.593
kirfel_ppl_ungrouped_col1	ṃca	-0.370	-0.156	0.058	1.127	1.324
kirfel_ppl_ungrouped_col1	ṣṭa	-1.748	0.033	-0.058	0.445	0.798
kirfel_ppl_ungrouped_col1	nār	-0.467	-0.124	0.058	0.348	0.480
kirfel_ppl_ungrouped_col1	ṃya	-0.299	0.190	-0.057	0.473	0.527
kirfel_ppl_ungrouped_col1	raś	-0.299	-0.190	0.057	0.501	0.548
kirfel_ppl_ungrouped_col1	avi	-0.177	0.314	-0.056	1.864	1.936
kirfel_ppl_ungrouped_col1	aṃk	-0.736	0.075	-0.056	1.002	1.329
kirfel_ppl_ungrouped_col1	āsā	-0.735	0.074	-0.054	0.362	0.494
kirfel_ppl_ungrouped_col1	daś	0.139	0.387	0.054	0.626	0.589
kirfel_ppl_ungrouped_col1	yam	-0.119	-0.451	0.054	1.683	1.723
kirfel_ppl_ungrouped_col1	inā	-0.686	0.078	-0.053	0.515	0.629
kirfel_ppl_ungrouped_col1	iti	0.368	0.143	0.053	0.668	0.519
kirfel_ppl_ungrouped_col1	ita	-1.419	-0.037	0.052	1.920	2.539
kirfel_ppl_ungrouped_col1	adv	0.289	0.181	0.052	0.612	0.558
kirfel_ppl_ungrouped_col1	ādh	-1.367	0.037	-0.051	0.710	1.098
kirfel_ppl_ungrouped_col1	kha	-1.875	-0.027	0.051	0.195	0.645
kirfel_ppl_ungrouped_col1	kṣi	-0.263	-0.193	0.051	0.543	0.594
kirfel_ppl_ungrouped_col1	ath	0.846	-0.058	-0.049	3.784	3.148
kirfel_ppl_ungrouped_col1	tar	-1.246	0.039	-0.049	0.556	1.110
kirfel_ppl_ungrouped_col1	iṣy	0.115	-0.423	-0.049	0.543	0.509
kirfel_ppl_ungrouped_col1	eṣu	-0.258	0.183	-0.047	0.570	0.630
kirfel_ppl_ungrouped_col1	iśc	-0.782	0.057	-0.045	0.334	0.506
kirfel_ppl_ungrouped_col1	āṇi	-1.012	0.043	-0.044	0.376	0.606
kirfel_ppl_ungrouped_col1	vās	0.135	-0.322	-0.044	0.890	0.859
kirfel_ppl_ungrouped_col1	ṭha	-0.944	0.046	-0.043	0.431	0.588
kirfel_ppl_ungrouped_col1	rvā	-0.730	-0.059	0.043	0.445	0.571
kirfel_ppl_ungrouped_col1	aḥk	0.159	-0.269	-0.043	1.238	1.198
kirfel_ppl_ungrouped_col1	yās	0.154	0.275	0.042	0.779	0.738
kirfel_ppl_ungrouped_col1	ipr	-0.189	0.222	-0.042	0.487	0.518
kirfel_ppl_ungrouped_col1	ndh	-0.263	-0.160	0.042	0.515	0.586
kirfel_ppl_ungrouped_col1	saṃ	-0.490	-0.085	0.042	1.948	2.350
kirfel_ppl_ungrouped_col1	ākṣ	-0.990	0.042	-0.042	0.209	0.594
kirfel_ppl_ungrouped_col1	tit	-0.075	0.552	-0.042	0.570	0.587
kirfel_ppl_ungrouped_col1	ayā	-0.076	-0.535	0.040	1.948	1.989
kirfel_ppl_ungrouped_col1	āṇā	-0.535	-0.075	0.040	0.501	0.625
kirfel_ppl_ungrouped_col1	aga	-0.671	-0.060	0.040	0.974	1.275
kirfel_ppl_ungrouped_col1	uru	-0.282	-0.141	0.040	0.584	0.668
kirfel_ppl_ungrouped_col1	śak	-0.371	-0.106	0.039	0.417	0.488
kirfel_ppl_ungrouped_col1	ṃśa	-0.150	0.260	-0.039	0.654	0.690
kirfel_ppl_ungrouped_col1	dhā	-0.303	0.124	-0.037	1.377	1.495
kirfel_ppl_ungrouped_col1	āśc	0.432	-0.085	-0.037	1.002	0.816
kirfel_ppl_ungrouped_col1	ait	0.727	0.050	0.036	0.779	0.575
kirfel_ppl_ungrouped_col1	eṇa	0.951	-0.038	-0.036	0.932	0.695
kirfel_ppl_ungrouped_col1	ara	-0.870	0.041	-0.036	3.534	4.351
kirfel_ppl_ungrouped_col1	vat	-0.210	0.168	-0.035	1.767	1.855
kirfel_ppl_ungrouped_col1	sur	1.390	-0.025	-0.035	1.085	0.510
kirfel_ppl_ungrouped_col1	art	0.529	0.066	0.035	0.835	0.707
kirfel_ppl_ungrouped_col1	vaḥ	0.433	-0.078	-0.034	0.612	0.537
kirfel_ppl_ungrouped_col1	śca	0.686	-0.048	-0.033	3.242	2.543
kirfel_ppl_ungrouped_col1	hav	0.947	-0.035	-0.033	2.087	1.665
kirfel_ppl_ungrouped_col1	ayo	-0.076	0.430	-0.033	0.737	0.756
kirfel_ppl_ungrouped_col1	ṛta	-0.669	0.048	-0.032	0.863	1.075
kirfel_ppl_ungrouped_col1	aḥs	0.473	0.068	0.032	2.615	2.383
kirfel_ppl_ungrouped_col1	tāḥ	0.313	0.100	0.031	1.266	1.105
kirfel_ppl_ungrouped_col1	sta	2.054	-0.015	-0.031	2.824	1.684
kirfel_ppl_ungrouped_col1	vij	-0.070	0.440	-0.031	0.529	0.550
kirfel_ppl_ungrouped_col1	āta	0.226	-0.135	-0.030	1.572	1.512
kirfel_ppl_ungrouped_col1	ṃpr	0.262	-0.115	-0.030	1.155	1.092
kirfel_ppl_ungrouped_col1	rab	2.353	0.013	0.030	1.196	0.698
kirfel_ppl_ungrouped_col1	vit	0.129	0.230	0.030	0.584	0.562
kirfel_ppl_ungrouped_col1	aṃd	0.230	-0.126	-0.029	1.238	1.150
kirfel_ppl_ungrouped_col1	raj	-0.189	0.151	-0.029	0.612	0.687
kirfel_ppl_ungrouped_col1	yaṃ	0.142	0.190	0.027	2.268	2.195
kirfel_ppl_ungrouped_col1	yāṃ	0.616	0.043	0.027	1.210	0.986
kirfel_ppl_ungrouped_col1	tad	-0.131	-0.203	0.027	1.252	1.296
kirfel_ppl_ungrouped_col1	naḥ	0.100	-0.264	-0.026	1.238	1.205
kirfel_ppl_ungrouped_col1	mān	-0.154	-0.168	0.026	1.503	1.561
kirfel_ppl_ungrouped_col1	att	0.650	-0.039	-0.026	1.057	0.891
kirfel_ppl_ungrouped_col1	ryā	-0.144	0.175	-0.025	0.431	0.460
kirfel_ppl_ungrouped_col1	ṃbh	-0.230	0.109	-0.025	0.793	0.856
kirfel_ppl_ungrouped_col1	ity	0.094	0.264	0.025	0.793	0.763
kirfel_ppl_ungrouped_col1	tam	-0.514	-0.048	0.024	1.767	1.936
kirfel_ppl_ungrouped_col1	eya	-0.615	0.039	-0.024	0.403	0.561
kirfel_ppl_ungrouped_col1	obh	0.282	-0.085	-0.024	0.682	0.641
kirfel_ppl_ungrouped_col1	lok	0.108	0.219	0.024	0.696	0.665
kirfel_ppl_ungrouped_col1	ana	0.049	-0.486	-0.024	3.269	3.242
kirfel_ppl_ungrouped_col1	ḥta	-0.080	-0.290	0.023	0.737	0.759
kirfel_ppl_ungrouped_col1	mya	-0.293	-0.078	0.023	0.487	0.536
kirfel_ppl_ungrouped_col1	jag	-0.048	-0.472	0.023	0.473	0.487
kirfel_ppl_ungrouped_col1	dya	-0.317	-0.071	0.022	0.584	0.645
kirfel_ppl_ungrouped_col1	mās	-0.085	-0.263	0.022	0.710	0.727
kirfel_ppl_ungrouped_col1	rya	0.043	-0.510	-0.022	0.793	0.784
kirfel_ppl_ungrouped_col1	ātā	0.175	0.125	0.022	0.529	0.500
kirfel_ppl_ungrouped_col1	atv	0.544	0.039	0.021	0.696	0.582
kirfel_ppl_ungrouped_col1	ṃst	-0.169	-0.126	0.021	0.529	0.559
kirfel_ppl_ungrouped_col1	tas	3.245	0.006	0.021	4.021	1.941
kirfel_ppl_ungrouped_col1	ṃta	0.106	0.198	0.021	1.210	1.171
kirfel_ppl_ungrouped_col1	dān	0.081	0.253	0.020	0.543	0.522
kirfel_ppl_ungrouped_col1	ṛtā	0.282	0.072	0.020	0.626	0.558
kirfel_ppl_ungrouped_col1	nta	-0.150	-0.132	0.020	1.127	1.187
kirfel_ppl_ungrouped_col1	hit	0.190	0.102	0.019	1.336	1.279
kirfel_ppl_ungrouped_col1	ame	-0.298	0.064	-0.019	0.849	0.910
kirfel_ppl_ungrouped_col1	tyā	-0.071	0.267	-0.019	0.640	0.659
kirfel_ppl_ungrouped_col1	ade	0.054	0.349	0.019	0.626	0.614
kirfel_ppl_ungrouped_col1	tvā	-0.314	-0.059	0.018	1.433	1.611
kirfel_ppl_ungrouped_col1	atī	-0.834	-0.022	0.018	0.376	0.574
kirfel_ppl_ungrouped_col1	aṃp	-0.564	0.032	-0.018	1.711	2.013
kirfel_ppl_ungrouped_col1	āṃt	-0.202	-0.089	0.018	0.459	0.507
kirfel_ppl_ungrouped_col1	aḥp	0.524	-0.034	-0.018	2.212	2.019
kirfel_ppl_ungrouped_col1	jan	0.063	-0.277	-0.017	0.932	0.914
kirfel_ppl_ungrouped_col1	haṃ	0.092	-0.189	-0.017	1.614	1.572
kirfel_ppl_ungrouped_col1	yat	0.075	0.228	0.017	3.520	3.471
kirfel_ppl_ungrouped_col1	var	0.034	0.493	0.017	2.685	2.664
kirfel_ppl_ungrouped_col1	muk	-0.485	-0.035	0.017	0.459	0.569
kirfel_ppl_ungrouped_col1	bhā	0.611	0.027	0.017	1.822	1.615
kirfel_ppl_ungrouped_col1	yaḥ	0.043	0.380	0.016	1.210	1.198
kirfel_ppl_ungrouped_col1	una	0.369	-0.044	-0.016	0.751	0.665
kirfel_ppl_ungrouped_col1	mār	-0.888	0.018	-0.016	0.334	0.549
kirfel_ppl_ungrouped_col1	ajā	0.471	0.032	0.015	0.863	0.685
kirfel_ppl_ungrouped_col1	naṃ	-0.601	0.025	-0.015	1.127	1.411
kirfel_ppl_ungrouped_col1	vay	0.054	-0.266	-0.014	0.751	0.740
kirfel_ppl_ungrouped_col1	rāh	-0.631	0.023	-0.014	0.376	0.514
kirfel_ppl_ungrouped_col1	nas	-0.079	0.180	-0.014	0.904	0.920
kirfel_ppl_ungrouped_col1	vin	0.085	-0.168	-0.014	0.501	0.487
kirfel_ppl_ungrouped_col1	aṃś	-0.127	0.112	-0.014	0.988	1.027
kirfel_ppl_ungrouped_col1	tan	0.079	0.173	0.014	0.710	0.693
kirfel_ppl_ungrouped_col1	nna	-0.703	-0.019	0.013	0.362	0.483
kirfel_ppl_ungrouped_col1	man	-0.309	-0.043	0.013	1.906	2.078
kirfel_ppl_ungrouped_col1	aṃb	0.089	0.142	0.013	1.029	1.001
kirfel_ppl_ungrouped_col1	rād	-0.068	0.183	-0.012	0.598	0.623
kirfel_ppl_ungrouped_col1	ave	0.137	0.090	0.012	0.584	0.556
kirfel_ppl_ungrouped_col1	aṃc	0.070	-0.175	-0.012	1.141	1.108
kirfel_ppl_ungrouped_col1	rth	0.449	0.027	0.012	1.155	0.937
kirfel_ppl_ungrouped_col1	cap	-0.415	0.029	-0.012	0.529	0.615
kirfel_ppl_ungrouped_col1	ndr	0.182	0.065	0.012	0.584	0.541
kirfel_ppl_ungrouped_col1	ṣṭh	-0.056	-0.190	0.011	0.974	1.002
kirfel_ppl_ungrouped_col1	rṇa	-0.612	-0.017	0.010	0.306	0.464
kirfel_ppl_ungrouped_col1	taḥ	-0.088	0.099	-0.009	2.755	2.799
kirfel_ppl_ungrouped_col1	itā	-0.050	-0.159	0.008	1.656	1.675
kirfel_ppl_ungrouped_col1	pad	-0.257	0.030	-0.008	0.501	0.559
kirfel_ppl_ungrouped_col1	āra	-1.389	-0.005	0.007	1.252	1.976
kirfel_ppl_ungrouped_col1	āḥp	0.195	-0.035	-0.007	0.835	0.776
kirfel_ppl_ungrouped_col1	vai	1.518	0.004	0.007	2.003	1.232
kirfel_ppl_ungrouped_col1	prā	-0.802	0.008	-0.006	0.974	1.240
kirfel_ppl_ungrouped_col1	ḥka	0.040	-0.161	-0.006	0.556	0.549
kirfel_ppl_ungrouped_col1	dha	0.019	-0.332	-0.006	2.894	2.882
kirfel_ppl_ungrouped_col1	vad	-0.088	-0.072	0.006	0.890	0.911
kirfel_ppl_ungrouped_col1	aśc	0.266	0.024	0.006	1.586	1.443
kirfel_ppl_ungrouped_col1	vyā	-0.053	0.117	-0.006	0.570	0.583
kirfel_ppl_ungrouped_col1	tya	0.224	-0.026	-0.006	1.558	1.485
kirfel_ppl_ungrouped_col1	āny	-1.289	0.004	-0.005	0.334	0.559
kirfel_ppl_ungrouped_col1	maṃ	-0.068	0.078	-0.005	0.529	0.544
kirfel_ppl_ungrouped_col1	avy	-0.032	0.166	-0.005	0.501	0.507
kirfel_ppl_ungrouped_col1	ṃsa	0.190	-0.027	-0.005	1.530	1.475
kirfel_ppl_ungrouped_col1	ḥpr	-0.131	0.031	-0.004	1.238	1.280
kirfel_ppl_ungrouped_col1	āpi	-0.026	0.156	-0.004	0.584	0.590
kirfel_ppl_ungrouped_col1	cas	0.215	-0.017	-0.004	0.793	0.751
kirfel_ppl_ungrouped_col1	atr	-0.952	0.004	-0.004	0.932	1.264
kirfel_ppl_ungrouped_col1	thi	0.055	-0.064	-0.004	0.890	0.876
kirfel_ppl_ungrouped_col1	raḥ	-0.157	0.019	-0.003	0.904	0.949
kirfel_ppl_ungrouped_col1	car	0.210	0.012	0.002	0.626	0.588
kirfel_ppl_ungrouped_col1	rai	-0.012	-0.185	0.002	0.473	0.476
kirfel_ppl_ungrouped_col1	yak	0.167	0.014	0.002	0.876	0.842
kirfel_ppl_ungrouped_col1	sam	0.044	-0.046	-0.002	1.892	1.876
kirfel_ppl_ungrouped_col1	aṃj	-0.570	0.003	-0.002	0.431	0.561
kirfel_ppl_ungrouped_col1	pit	-0.628	-0.003	0.002	0.390	0.672
kirfel_ppl_ungrouped_col1	ātm	0.367	-0.004	-0.002	1.530	1.307
kirfel_ppl_ungrouped_col1	adā	0.174	0.007	0.001	1.767	1.685
kirfel_ppl_ungrouped_col1	amu	0.004	-0.314	-0.001	0.988	0.987
kirfel_ppl_ungrouped_col1	rāp	0.014	-0.071	-0.001	0.501	0.498
kirfel_ppl_ungrouped_col1	udd	0.026	0.038	0.001	0.515	0.509
kirfel_ppl_ungrouped_col1	raṃ	0.018	-0.016	-0.000	1.614	1.606
skandapurana	bal	1.762	-0.656	-1.155	1.019	0.472
skandapurana	dān	2.915	0.253	0.737	1.255	0.522
skandapurana	ātr	-0.800	0.746	-0.597	0.371	0.596
skandapurana	ikā	-0.757	0.766	-0.579	0.371	0.602
skandapurana	asu	1.222	-0.462	-0.565	0.866	0.572
skandapurana	arṣ	-0.971	-0.577	0.561	0.326	0.687
skandapurana	āha	0.995	-0.555	-0.552	1.002	0.731
skandapurana	ura	1.044	-0.519	-0.542	1.096	0.768
skandapurana	tit	-0.945	0.552	-0.521	0.380	0.587
skandapurana	idh	-1.216	0.419	-0.510	0.453	0.723
skandapurana	nav	2.735	0.184	0.503	1.309	0.714
skandapurana	yet	-0.688	0.711	-0.489	0.291	0.533
skandapurana	vān	0.758	-0.632	-0.479	1.624	1.312
skandapurana	ata	0.857	-0.553	-0.474	5.268	4.592
skandapurana	hāb	0.823	-0.562	-0.463	0.674	0.515
skandapurana	ade	1.319	0.349	0.460	0.915	0.614
skandapurana	vac	2.236	-0.203	-0.455	1.053	0.601
skandapurana	hyā	-0.741	0.610	-0.452	0.775	1.041
skandapurana	āṃs	1.028	-0.439	-0.451	1.155	0.933
skandapurana	har	-0.980	-0.444	0.435	1.398	1.957
skandapurana	āja	-0.541	-0.789	0.427	0.565	0.830
skandapurana	rāj	-0.518	-0.810	0.419	0.749	1.235
skandapurana	kal	-0.686	0.610	-0.419	0.328	0.504
skandapurana	ḥśa	0.843	-0.487	-0.410	0.683	0.481
skandapurana	ārā	-1.288	-0.318	0.409	0.486	0.860
skandapurana	ahā	0.769	-0.514	-0.395	2.555	1.974
skandapurana	pūr	-0.747	0.527	-0.393	0.408	0.562
skandapurana	yāt	-0.597	0.655	-0.391	0.884	1.061
skandapurana	ina	1.574	-0.248	-0.391	0.993	0.723
skandapurana	daṃ	1.531	-0.252	-0.386	0.744	0.489
skandapurana	hat	0.550	-0.693	-0.382	1.309	1.098
skandapurana	dev	1.361	0.279	0.380	2.851	1.691
skandapurana	ṛṣṭ	0.741	-0.508	-0.376	1.218	0.986
skandapurana	ika	-0.666	0.564	-0.376	0.444	0.593
skandapurana	śar	0.830	-0.435	-0.361	0.805	0.523
skandapurana	yās	1.311	0.275	0.361	1.084	0.738
skandapurana	jan	-1.300	-0.277	0.360	0.537	0.914
skandapurana	māt	-0.865	0.416	-0.360	0.619	0.859
skandapurana	sar	0.854	0.419	0.358	2.827	2.313
skandapurana	ity	1.356	0.264	0.358	1.192	0.763
skandapurana	aha	0.687	-0.519	-0.356	2.276	1.937
skandapurana	ṣya	0.612	-0.534	-0.326	0.870	0.683
skandapurana	jag	0.689	-0.472	-0.325	0.687	0.487
skandapurana	yaḥ	-0.844	0.380	-0.320	0.957	1.198
skandapurana	ṃma	0.488	-0.656	-0.320	0.913	0.811
skandapurana	ama	0.576	-0.556	-0.320	5.451	4.998
skandapurana	atā	0.479	-0.650	-0.311	2.028	1.836
skandapurana	tad	1.515	-0.203	-0.308	1.802	1.296
skandapurana	ādi	-0.438	0.691	-0.303	0.587	0.780
skandapurana	āyā	-0.930	0.324	-0.302	0.556	0.857
skandapurana	hāy	0.890	-0.337	-0.300	0.617	0.508
skandapurana	yād	-0.746	0.401	-0.299	0.526	0.739
skandapurana	sth	0.519	0.573	0.298	1.286	1.090
skandapurana	nan	1.328	-0.221	-0.294	0.955	0.604
skandapurana	rav	-0.567	-0.517	0.293	1.117	1.309
skandapurana	var	0.594	0.493	0.292	3.023	2.664
skandapurana	ḥsa	0.991	-0.295	-0.292	2.973	2.438
skandapurana	evā	1.059	0.274	0.290	0.877	0.619
skandapurana	tri	-0.985	0.294	-0.290	0.437	0.611
skandapurana	dṛṣ	0.549	-0.525	-0.288	0.660	0.520
skandapurana	arv	0.910	0.314	0.285	2.628	2.064
skandapurana	aśa	1.039	-0.274	-0.285	1.723	1.395
skandapurana	akr	0.693	-0.410	-0.284	0.629	0.484
skandapurana	vij	-0.633	0.440	-0.278	0.361	0.550
skandapurana	āna	1.217	0.224	0.272	3.402	2.723
skandapurana	aca	1.276	-0.213	-0.272	1.769	1.333
skandapurana	daś	-0.703	0.387	-0.272	0.403	0.589
skandapurana	āsa	1.169	-0.231	-0.270	2.187	1.786
skandapurana	nāt	-0.820	0.328	-0.269	0.369	0.606
skandapurana	ñca	-0.543	0.496	-0.269	0.307	0.579
skandapurana	eva	0.966	0.274	0.265	2.527	2.014
skandapurana	atu	-0.633	0.417	-0.264	0.474	0.620
skandapurana	abh	0.518	-0.505	-0.262	3.358	3.060
skandapurana	tta	-0.586	0.441	-0.259	1.073	1.236
skandapurana	avā	0.446	-0.579	-0.258	2.037	1.872
skandapurana	and	1.381	0.185	0.256	1.405	0.935
skandapurana	tap	0.702	-0.364	-0.255	0.828	0.674
skandapurana	ari	-0.648	-0.383	0.248	0.781	0.970
skandapurana	rān	0.551	-0.447	-0.246	0.606	0.506
skandapurana	sah	0.465	-0.524	-0.244	0.965	0.793
skandapurana	mat	0.739	-0.329	-0.243	1.162	0.975
skandapurana	auv	-0.598	-0.401	0.240	0.427	0.715
skandapurana	mah	0.482	-0.494	-0.238	2.983	2.558
skandapurana	aye	-0.380	0.625	-0.238	0.519	0.698
skandapurana	aṃm	0.536	-0.442	-0.237	1.065	0.940
skandapurana	ajñ	-0.616	0.378	-0.233	0.415	0.629
skandapurana	eśa	0.988	-0.235	-0.232	0.734	0.501
skandapurana	can	0.894	-0.259	-0.231	0.965	0.774
skandapurana	ana	-0.472	-0.486	0.230	2.975	3.242
skandapurana	akṣ	-0.634	0.359	-0.227	1.450	1.741
skandapurana	dhy	-0.413	0.548	-0.226	0.608	0.727
skandapurana	vay	0.850	-0.266	-0.226	0.920	0.740
skandapurana	vyā	1.900	0.117	0.223	1.021	0.583
skandapurana	tān	0.968	-0.229	-0.221	1.516	1.215
skandapurana	apa	0.914	-0.242	-0.221	2.051	1.776
skandapurana	hār	-0.379	-0.583	0.221	0.927	1.115
skandapurana	bhi	0.539	-0.406	-0.219	1.722	1.461
skandapurana	rat	-0.416	-0.517	0.215	1.732	2.014
skandapurana	tāṃ	0.274	-0.783	-0.214	0.901	0.813
skandapurana	aty	-0.919	-0.232	0.214	0.547	0.735
skandapurana	anu	-0.549	-0.385	0.211	0.444	0.570
skandapurana	yam	0.445	-0.451	-0.201	1.870	1.723
skandapurana	rūp	-0.527	0.375	-0.197	0.422	0.636
skandapurana	kār	-0.409	0.472	-0.193	0.749	0.939
skandapurana	yaj	-0.596	0.321	-0.192	0.418	0.573
skandapurana	stu	-0.520	0.368	-0.191	0.479	0.699
skandapurana	śva	0.500	0.382	0.191	1.352	1.060
skandapurana	aya	0.522	-0.364	-0.190	3.557	3.301
skandapurana	āmā	-0.503	-0.378	0.190	0.796	0.923
skandapurana	hās	1.002	0.188	0.189	0.767	0.571
skandapurana	air	0.684	-0.274	-0.188	1.155	0.928
skandapurana	kta	-0.368	0.509	-0.187	0.484	0.572
skandapurana	hma	-0.364	0.504	-0.184	0.533	0.676
skandapurana	rai	0.991	-0.185	-0.183	0.695	0.476
skandapurana	ārt	-0.689	-0.266	0.183	0.497	0.694
skandapurana	yaś	0.913	-0.197	-0.180	0.903	0.705
skandapurana	viś	-0.829	0.215	-0.178	0.542	0.781
skandapurana	vid	-0.602	0.296	-0.178	0.770	0.947
skandapurana	lak	-0.522	0.336	-0.175	0.326	0.467
skandapurana	ṣaṇ	-0.585	0.300	-0.175	0.410	0.531
skandapurana	ṃst	1.373	-0.126	-0.173	0.807	0.559
skandapurana	tav	-0.321	-0.535	0.172	0.681	0.761
skandapurana	tsa	-0.415	0.413	-0.172	0.490	0.562
skandapurana	apā	0.511	-0.335	-0.171	1.009	0.884
skandapurana	ṃta	0.855	0.198	0.169	1.492	1.171
skandapurana	hak	0.436	0.387	0.169	0.812	0.681
skandapurana	rāt	-0.703	-0.240	0.169	0.408	0.555
skandapurana	ate	-0.374	0.451	-0.168	1.387	1.589
skandapurana	dha	-0.506	-0.332	0.168	2.581	2.882
skandapurana	aḥk	-0.618	-0.269	0.166	1.040	1.198
skandapurana	ato	0.370	-0.447	-0.165	0.915	0.792
skandapurana	par	-0.734	0.224	-0.165	1.858	2.268
skandapurana	iva	0.644	0.254	0.164	2.689	2.189
skandapurana	tām	0.332	-0.490	-0.162	0.775	0.706
skandapurana	raṇ	1.006	0.159	0.160	1.441	1.067
skandapurana	aṃs	0.473	0.338	0.160	2.250	2.042
skandapurana	aiv	0.665	0.239	0.159	1.826	1.413
skandapurana	urā	0.689	-0.231	-0.159	0.910	0.747
skandapurana	sad	0.624	0.254	0.158	0.638	0.508
skandapurana	uvā	-0.361	-0.438	0.158	0.751	0.947
skandapurana	dvi	-0.307	0.507	-0.156	0.594	0.683
skandapurana	ryā	-0.888	0.175	-0.155	0.281	0.460
skandapurana	api	0.935	0.164	0.154	0.774	0.559
skandapurana	str	-0.535	-0.286	0.153	0.481	0.601
skandapurana	aṃg	0.449	-0.339	-0.152	0.694	0.587
skandapurana	ham	0.761	-0.198	-0.150	1.011	0.872
skandapurana	ubh	1.449	-0.104	-0.150	1.033	0.747
skandapurana	are	-0.391	0.383	-0.150	0.549	0.653
skandapurana	mit	-0.435	-0.339	0.147	0.453	0.565
skandapurana	hir	0.288	-0.509	-0.147	0.765	0.665
skandapurana	aṇā	0.438	0.329	0.144	0.924	0.837
skandapurana	rma	-0.637	-0.225	0.143	0.690	0.907
skandapurana	rām	-0.304	-0.471	0.143	0.399	0.546
skandapurana	acc	0.378	-0.376	-0.142	0.530	0.473
skandapurana	adh	-0.455	-0.303	0.138	1.547	1.695
skandapurana	āmi	0.305	-0.444	-0.135	0.725	0.644
skandapurana	mād	-0.262	0.516	-0.135	0.500	0.545
skandapurana	āga	0.406	-0.333	-0.135	0.941	0.846
skandapurana	akā	-0.611	0.220	-0.135	1.058	1.251
skandapurana	arm	-0.817	-0.163	0.133	0.688	1.097
skandapurana	rak	-0.353	0.374	-0.132	0.976	1.082
skandapurana	sya	-0.445	-0.294	0.131	1.762	2.015
skandapurana	ima	0.652	-0.200	-0.130	0.725	0.617
skandapurana	ṃvi	-0.537	0.238	-0.128	0.605	0.711
skandapurana	ānt	-0.390	0.325	-0.127	0.758	0.879
skandapurana	asm	0.279	0.453	0.126	0.789	0.709
skandapurana	itā	0.794	-0.159	-0.126	1.983	1.675
skandapurana	ḥpu	-0.673	-0.187	0.126	0.458	0.602
skandapurana	iṣṇ	-0.294	0.426	-0.125	0.340	0.454
skandapurana	ayā	-0.232	-0.535	0.124	1.863	1.989
skandapurana	uru	-0.882	-0.141	0.124	0.406	0.668
skandapurana	tra	-0.646	0.191	-0.124	1.814	2.152
skandapurana	āpa	-0.351	0.350	-0.123	1.107	1.202
skandapurana	ipr	0.550	0.222	0.122	0.606	0.518
skandapurana	ahm	-0.186	0.656	-0.122	0.559	0.646
skandapurana	laṃ	-0.473	0.254	-0.120	0.488	0.597
skandapurana	ira	0.224	-0.537	-0.120	1.060	0.978
skandapurana	ḥpa	-0.638	0.187	-0.119	0.751	0.887
skandapurana	jay	-0.394	-0.302	0.119	0.307	0.432
skandapurana	pur	-0.765	-0.154	0.118	0.692	0.908
skandapurana	āṃv	-0.357	-0.330	0.118	0.439	0.484
skandapurana	amu	0.373	-0.314	-0.117	1.072	0.987
skandapurana	thā	0.379	0.307	0.116	2.874	2.648
skandapurana	āṃp	-0.571	-0.202	0.115	0.549	0.630
skandapurana	ayo	-0.264	0.430	-0.113	0.692	0.756
skandapurana	vin	0.677	-0.168	-0.113	0.594	0.487
skandapurana	cak	0.506	-0.222	-0.112	0.981	0.874
skandapurana	śaṃ	0.283	-0.395	-0.112	0.620	0.521
skandapurana	kaṃ	0.282	0.395	0.112	0.565	0.496
skandapurana	nār	-0.897	-0.124	0.111	0.227	0.480
skandapurana	aṃd	0.880	-0.126	-0.111	1.486	1.150
skandapurana	raj	-0.695	0.151	-0.105	0.411	0.687
skandapurana	avy	-0.626	0.166	-0.104	0.378	0.507
skandapurana	hūt	-0.308	0.336	-0.104	0.692	0.812
skandapurana	aṃb	-0.726	0.142	-0.103	0.765	1.001
skandapurana	any	-0.354	-0.292	0.103	0.488	0.553
skandapurana	asa	0.554	-0.186	-0.103	3.848	3.554
skandapurana	sva	-0.484	0.212	-0.103	0.890	1.039
skandapurana	aṅg	-0.371	0.274	-0.102	0.364	0.468
skandapurana	imā	-0.478	0.207	-0.099	0.427	0.485
skandapurana	ābh	0.296	-0.333	-0.099	1.685	1.600
skandapurana	rva	0.210	0.469	0.098	1.793	1.691
skandapurana	ati	-0.418	-0.232	0.097	1.687	1.852
skandapurana	pat	0.219	-0.442	-0.097	1.180	1.114
skandapurana	asy	-0.654	-0.147	0.096	1.920	2.353
skandapurana	bra	-0.280	0.339	-0.095	0.706	0.833
skandapurana	ṃbh	-0.876	0.109	-0.095	0.615	0.856
skandapurana	ṃga	0.247	-0.384	-0.095	0.530	0.459
skandapurana	kām	-0.844	0.112	-0.095	0.305	0.490
skandapurana	yām	-0.198	-0.475	0.094	1.030	1.089
skandapurana	jñā	-0.295	0.318	-0.094	0.664	0.798
skandapurana	rya	-0.182	-0.510	0.093	0.748	0.784
skandapurana	alā	0.757	0.122	0.092	0.734	0.583
skandapurana	rād	-0.499	0.183	-0.092	0.439	0.623
skandapurana	yat	0.401	0.228	0.091	3.729	3.471
skandapurana	aiḥ	0.605	-0.148	-0.089	1.419	1.107
skandapurana	aḥt	0.286	-0.311	-0.089	0.734	0.675
skandapurana	āṃś	0.237	-0.373	-0.088	0.648	0.601
skandapurana	taṃ	0.352	-0.251	-0.088	2.330	2.176
skandapurana	eṣu	-0.478	0.183	-0.087	0.519	0.630
skandapurana	nti	-0.249	0.350	-0.087	0.629	0.717
skandapurana	van	-0.329	-0.264	0.087	1.065	1.163
skandapurana	maṇ	-0.362	0.239	-0.087	0.678	0.784
skandapurana	ray	-0.353	0.242	-0.085	0.744	0.824
skandapurana	āni	0.448	0.190	0.085	1.448	1.271
skandapurana	hād	0.215	0.393	0.085	0.498	0.457
skandapurana	arā	0.142	-0.596	-0.084	2.203	2.119
skandapurana	avi	-0.262	0.314	-0.082	1.830	1.936
skandapurana	āca	-0.320	-0.253	0.081	1.453	1.639
skandapurana	ram	0.450	0.179	0.081	2.154	1.980
skandapurana	eta	0.197	0.408	0.080	1.032	0.973
skandapurana	hay	0.327	-0.244	-0.080	0.678	0.617
skandapurana	ani	0.311	-0.254	-0.079	0.821	0.761
skandapurana	aṇḍ	-0.224	0.352	-0.079	0.430	0.511
skandapurana	ann	-0.458	-0.171	0.078	0.450	0.533
skandapurana	rap	0.397	0.195	0.077	0.559	0.505
skandapurana	sat	0.244	-0.315	-0.077	0.913	0.853
skandapurana	ḥta	0.265	-0.290	-0.077	0.831	0.759
skandapurana	cat	-0.238	0.321	-0.077	0.904	0.978
skandapurana	aṃc	0.437	-0.175	-0.076	1.314	1.108
skandapurana	dad	-0.276	-0.275	0.076	0.415	0.469
skandapurana	aṇa	0.240	0.311	0.075	1.479	1.358
skandapurana	asā	0.244	-0.305	-0.075	1.213	1.146
skandapurana	bhy	-0.305	-0.242	0.074	0.549	0.614
skandapurana	āya	0.345	0.212	0.073	2.678	2.428
skandapurana	iṣṭ	-0.430	-0.169	0.073	0.777	0.959
skandapurana	haṃ	0.379	-0.189	-0.072	1.746	1.572
skandapurana	dar	-0.355	-0.201	0.071	0.474	0.555
skandapurana	ḥka	-0.443	-0.161	0.071	0.469	0.549
skandapurana	aṃś	0.636	0.112	0.071	1.225	1.027
skandapurana	śya	0.207	-0.336	-0.070	0.592	0.542
skandapurana	dhi	-0.677	0.102	-0.069	0.781	1.080
skandapurana	yan	-0.225	-0.308	0.069	1.354	1.452
skandapurana	iḥs	0.770	0.089	0.069	0.843	0.698
skandapurana	nas	-0.380	0.180	-0.069	0.843	0.920
skandapurana	vād	-0.146	0.467	-0.068	0.601	0.629
skandapurana	ṃśa	0.262	0.260	0.068	0.753	0.690
skandapurana	ṇaṃ	-0.491	0.137	-0.068	0.592	0.693
skandapurana	yav	-0.167	-0.396	0.066	0.833	0.868
skandapurana	aṃy	0.245	0.269	0.066	0.810	0.754
skandapurana	udh	-0.135	-0.476	0.064	0.512	0.564
skandapurana	ṃca	0.410	-0.156	-0.064	1.542	1.324
skandapurana	akt	0.125	0.504	0.063	0.789	0.742
skandapurana	yad	0.116	-0.537	-0.062	1.061	1.023
skandapurana	pra	0.326	0.189	0.062	3.991	3.747
skandapurana	inā	0.790	0.078	0.062	0.762	0.629
skandapurana	cai	0.506	0.121	0.061	1.154	0.882
skandapurana	bhū	-0.326	0.188	-0.061	1.274	1.432
skandapurana	ibh	-0.421	0.143	-0.060	0.958	1.085
skandapurana	mad	-0.234	-0.252	0.059	0.741	0.796
skandapurana	ṃva	0.191	-0.309	-0.059	0.709	0.672
skandapurana	aṃn	-0.313	-0.185	0.058	0.760	0.833
skandapurana	ddh	-0.179	0.323	-0.058	1.230	1.322
skandapurana	rah	0.107	0.537	0.058	1.148	1.097
skandapurana	ada	0.229	-0.251	-0.058	1.696	1.603
skandapurana	āḥs	0.679	-0.083	-0.056	1.326	1.032
skandapurana	vaṃ	0.482	0.115	0.056	1.788	1.600
skandapurana	uta	-0.298	-0.186	0.055	0.735	0.812
skandapurana	tma	-0.673	-0.082	0.055	0.518	0.814
skandapurana	tva	-0.143	-0.381	0.055	1.063	1.115
skandapurana	āka	0.489	0.112	0.055	0.528	0.453
skandapurana	nar	-0.188	-0.290	0.055	0.688	0.759
skandapurana	ndr	0.837	0.065	0.054	0.739	0.541
skandapurana	vaḥ	0.690	-0.078	-0.054	0.657	0.537
skandapurana	han	0.110	-0.487	-0.054	1.164	1.125
skandapurana	ṅga	0.292	0.182	0.053	0.575	0.489
skandapurana	riy	-0.770	-0.068	0.053	0.444	0.645
skandapurana	ala	0.505	0.104	0.052	1.652	1.429
skandapurana	mar	0.099	-0.520	-0.052	0.741	0.719
skandapurana	āst	-0.230	0.223	-0.051	1.155	1.249
skandapurana	vār	-0.348	-0.147	0.051	0.493	0.572
skandapurana	iśc	0.889	0.057	0.051	0.701	0.506
skandapurana	gat	0.174	-0.291	-0.051	1.002	0.948
skandapurana	sam	1.092	-0.046	-0.050	2.271	1.876
skandapurana	āpi	0.321	0.156	0.050	0.664	0.590
skandapurana	rut	-0.137	-0.362	0.050	0.537	0.567
skandapurana	mas	-0.366	-0.134	0.049	0.718	0.787
skandapurana	ndh	0.300	-0.160	-0.048	0.667	0.586
skandapurana	eṣā	0.153	0.311	0.048	0.653	0.615
skandapurana	aja	-0.163	-0.290	0.047	0.826	0.869
skandapurana	utr	-0.104	-0.452	0.047	0.587	0.644
skandapurana	rvā	0.792	-0.059	-0.047	0.708	0.571
skandapurana	yān	-0.196	0.237	-0.046	1.000	1.046
skandapurana	kṣa	-0.203	0.226	-0.046	1.518	1.611
skandapurana	sur	1.813	-0.025	-0.046	1.260	0.510
skandapurana	yay	-0.181	-0.251	0.046	0.526	0.574
skandapurana	maḥ	0.426	0.106	0.045	0.620	0.511
skandapurana	ṃpa	-0.551	0.081	-0.044	0.572	0.697
skandapurana	kṛt	0.393	-0.113	-0.044	1.513	1.361
skandapurana	vad	0.612	-0.072	-0.044	1.054	0.911
skandapurana	iti	-0.305	0.143	-0.044	0.396	0.519
skandapurana	iya	-0.461	-0.094	0.044	0.549	0.646
skandapurana	tyā	-0.163	0.267	-0.043	0.615	0.659
skandapurana	mam	0.106	-0.408	-0.043	0.746	0.720
skandapurana	tan	0.249	0.173	0.043	0.746	0.693
skandapurana	ṇḍa	-0.343	-0.124	0.043	0.437	0.588
skandapurana	eya	-1.075	0.039	-0.042	0.286	0.561
skandapurana	ait	0.838	0.050	0.042	0.810	0.575
skandapurana	nām	-0.375	0.112	-0.042	0.816	0.934
skandapurana	isa	-0.096	0.428	-0.041	0.735	0.754
skandapurana	kṣi	-0.213	-0.193	0.041	0.552	0.594
skandapurana	vap	0.401	0.101	0.040	0.605	0.543
skandapurana	nam	0.278	0.145	0.040	1.375	1.251
skandapurana	ami	-0.080	-0.502	0.040	0.521	0.540
skandapurana	amā	0.348	-0.115	-0.040	3.576	3.395
skandapurana	tay	-0.462	-0.086	0.040	0.434	0.502
skandapurana	ath	0.674	-0.058	-0.039	3.654	3.148
skandapurana	ṃka	0.592	0.066	0.039	0.624	0.496
skandapurana	bhu	-0.149	0.260	-0.039	0.542	0.577
skandapurana	ant	-0.157	0.243	-0.038	2.089	2.192
skandapurana	ṣṭh	-0.197	-0.190	0.037	0.903	1.002
skandapurana	aḥś	0.206	-0.181	-0.037	1.000	0.940
skandapurana	nta	-0.279	-0.132	0.037	1.075	1.187
skandapurana	vāc	-0.092	-0.396	0.036	1.094	1.148
skandapurana	ṇam	0.237	0.153	0.036	0.563	0.519
skandapurana	viṣ	0.141	0.258	0.036	0.953	0.898
skandapurana	mya	0.461	-0.078	-0.036	0.613	0.536
skandapurana	hya	-0.177	0.202	-0.036	1.079	1.124
skandapurana	śca	0.727	-0.048	-0.035	3.283	2.543
skandapurana	vak	-0.099	0.356	-0.035	0.650	0.667
skandapurana	vam	0.170	-0.204	-0.035	0.969	0.937
skandapurana	ava	0.061	-0.565	-0.035	3.696	3.656
skandapurana	āśa	0.172	0.199	0.034	0.735	0.691
skandapurana	ṇāṃ	-0.278	-0.122	0.034	0.575	0.627
skandapurana	yap	-0.287	-0.119	0.034	0.706	0.762
skandapurana	has	0.180	-0.188	-0.034	1.363	1.303
skandapurana	haḥ	-0.190	-0.176	0.034	0.505	0.542
skandapurana	man	-0.773	-0.043	0.033	1.647	2.078
skandapurana	āta	0.245	-0.135	-0.033	1.577	1.512
skandapurana	syā	-0.236	0.140	-0.033	0.704	0.770
skandapurana	tar	-0.831	0.039	-0.033	0.741	1.110
skandapurana	yas	-0.211	-0.155	0.033	1.499	1.568
skandapurana	ivā	0.253	-0.129	-0.033	0.756	0.696
skandapurana	yāṃ	-0.744	0.043	-0.032	0.714	0.986
skandapurana	śak	0.304	-0.106	-0.032	0.545	0.488
skandapurana	vya	-0.287	0.112	-0.032	0.610	0.687
skandapurana	tāḥ	0.315	0.100	0.032	1.267	1.105
skandapurana	hit	0.306	0.102	0.031	1.370	1.279
skandapurana	nya	-0.153	-0.203	0.031	0.667	0.703
skandapurana	āva	-0.450	0.068	-0.031	1.471	1.603
skandapurana	taḥ	-0.304	0.099	-0.030	2.647	2.799
skandapurana	thi	-0.462	-0.064	0.030	0.751	0.876
skandapurana	āśc	0.347	-0.085	-0.030	0.965	0.816
skandapurana	tvā	0.507	-0.059	-0.030	1.899	1.611
skandapurana	nāṃ	0.248	0.120	0.030	1.305	1.222
skandapurana	dhā	-0.233	0.124	-0.029	1.405	1.495
skandapurana	vit	-0.125	0.230	-0.029	0.540	0.562
skandapurana	trā	-0.170	-0.167	0.028	0.795	0.841
skandapurana	ara	0.694	0.041	0.028	5.003	4.351
skandapurana	iṣy	0.066	-0.423	-0.028	0.528	0.509
skandapurana	kar	0.136	0.203	0.028	1.626	1.547
skandapurana	cch	0.109	-0.250	-0.027	0.835	0.813
skandapurana	ten	-0.217	0.125	-0.027	0.556	0.596
skandapurana	cam	-0.156	-0.171	0.027	0.519	0.541
skandapurana	put	-0.055	-0.478	0.027	0.556	0.585
skandapurana	una	-0.603	-0.044	0.026	0.523	0.665
skandapurana	may	0.089	-0.294	-0.026	0.714	0.697
skandapurana	aka	-0.077	0.339	-0.026	1.821	1.857
skandapurana	tam	0.538	-0.048	-0.026	2.114	1.936
skandapurana	aṃt	0.235	0.109	0.026	1.830	1.680
skandapurana	pad	-0.818	0.030	-0.024	0.375	0.559
skandapurana	sād	0.233	-0.102	-0.024	0.552	0.515
skandapurana	apr	-0.063	0.372	-0.023	1.129	1.146
skandapurana	naḥ	-0.084	-0.264	0.022	1.176	1.205
skandapurana	hāt	-0.129	-0.171	0.022	0.850	0.883
skandapurana	aḥs	0.321	0.068	0.022	2.541	2.383
skandapurana	rth	-0.806	0.027	-0.021	0.545	0.937
skandapurana	āṇā	0.282	-0.075	-0.021	0.690	0.625
skandapurana	art	-0.316	0.066	-0.021	0.631	0.707
skandapurana	aṃp	-0.639	0.032	-0.020	1.671	2.013
skandapurana	rāh	0.888	0.023	0.020	0.709	0.514
skandapurana	aṃk	0.267	0.075	0.020	1.448	1.329
skandapurana	aḥp	-0.596	-0.034	0.020	1.800	2.019
skandapurana	dan	-0.070	-0.284	0.020	0.518	0.531
skandapurana	oma	-0.234	-0.085	0.020	0.615	0.665
skandapurana	dya	0.271	-0.071	-0.019	0.697	0.645
skandapurana	muk	0.551	-0.035	-0.019	0.694	0.569
skandapurana	nat	-0.168	0.109	-0.018	0.484	0.509
skandapurana	mān	-0.109	-0.168	0.018	1.520	1.561
skandapurana	aga	0.304	-0.060	-0.018	1.412	1.275
skandapurana	ṛtā	-0.250	0.072	-0.018	0.498	0.558
skandapurana	adv	-0.096	0.181	-0.017	0.540	0.558
skandapurana	nir	-0.154	0.110	-0.017	0.582	0.615
skandapurana	kra	0.184	-0.091	-0.017	0.554	0.522
skandapurana	nān	-0.075	0.223	-0.017	0.664	0.683
skandapurana	ṃsa	0.618	-0.027	-0.017	1.656	1.475
skandapurana	rāp	-0.234	-0.071	0.017	0.450	0.498
skandapurana	ave	0.184	0.090	0.017	0.594	0.556
skandapurana	ṃya	0.083	0.190	0.016	0.542	0.527
skandapurana	āṃt	0.171	-0.089	-0.015	0.547	0.507
skandapurana	aśc	0.641	0.024	0.015	1.788	1.443
skandapurana	mār	-0.834	0.018	-0.015	0.347	0.549
skandapurana	ajā	-0.466	0.032	-0.015	0.509	0.685
skandapurana	āṇa	0.102	0.144	0.015	0.509	0.490
skandapurana	vat	-0.084	0.168	-0.014	1.819	1.855
skandapurana	ādh	-0.368	0.037	-0.014	0.993	1.098
skandapurana	vāp	-0.046	0.299	-0.014	0.512	0.522
skandapurana	eṇa	-0.361	-0.038	0.014	0.605	0.695
skandapurana	āma	-0.036	-0.376	0.013	2.513	2.534
skandapurana	ṃpr	-0.114	-0.115	0.013	1.065	1.092
skandapurana	āpr	-0.103	0.125	-0.013	0.453	0.468
skandapurana	hān	0.254	0.049	0.013	1.276	1.207
skandapurana	tya	0.479	-0.026	-0.012	1.642	1.485
skandapurana	akṛ	0.115	-0.108	-0.012	0.521	0.495
skandapurana	hav	-0.345	-0.035	0.012	1.511	1.665
skandapurana	bha	0.141	0.083	0.012	3.240	3.142
skandapurana	rab	0.917	0.013	0.012	0.892	0.698
skandapurana	ānā	0.049	0.236	0.012	2.025	2.000
skandapurana	cas	0.657	-0.017	-0.011	0.880	0.751
skandapurana	adā	1.612	0.007	0.011	2.443	1.685
skandapurana	rad	0.143	0.077	0.011	0.892	0.852
skandapurana	atī	-0.500	-0.022	0.011	0.455	0.574
skandapurana	bhā	-0.396	0.027	-0.011	1.481	1.615
skandapurana	ukt	0.053	0.203	0.011	0.660	0.647
skandapurana	vāt	-0.038	0.283	-0.011	0.542	0.548
skandapurana	āda	-0.027	0.397	-0.011	1.204	1.212
skandapurana	āṇi	-0.228	0.043	-0.010	0.554	0.606
skandapurana	āla	0.179	-0.053	-0.009	0.833	0.785
skandapurana	vas	-0.147	0.064	-0.009	1.225	1.270
skandapurana	apu	0.018	-0.508	-0.009	0.664	0.660
skandapurana	mās	-0.034	-0.263	0.009	0.720	0.727
skandapurana	att	0.223	-0.039	-0.009	0.948	0.891
skandapurana	anā	0.173	-0.051	-0.009	1.737	1.676
skandapurana	ṭha	0.188	0.046	0.009	0.619	0.588
skandapurana	arṇ	-0.049	0.176	-0.009	0.467	0.480
skandapurana	ame	0.130	0.064	0.008	0.938	0.910
skandapurana	obh	-0.097	-0.085	0.008	0.627	0.641
skandapurana	saṃ	-0.097	-0.085	0.008	2.271	2.350
skandapurana	āsā	0.110	0.074	0.008	0.514	0.494
skandapurana	raṃ	0.494	-0.016	-0.008	1.819	1.606
skandapurana	rāṇ	0.031	0.250	0.008	0.896	0.886
skandapurana	raś	0.041	-0.190	-0.008	0.554	0.548
skandapurana	san	-0.113	0.067	-0.008	0.587	0.611
skandapurana	ras	-0.074	0.102	-0.008	1.542	1.562
skandapurana	vās	-0.024	-0.322	0.008	0.854	0.859
skandapurana	naṃ	-0.297	0.025	-0.007	1.270	1.411
skandapurana	āvi	0.055	0.129	0.007	0.833	0.823
skandapurana	ita	0.192	-0.037	-0.007	2.623	2.539
skandapurana	raḥ	0.360	0.019	0.007	1.053	0.949
skandapurana	ṛta	-0.137	0.048	-0.007	1.032	1.075
skandapurana	ṣṭa	-0.190	0.033	-0.006	0.760	0.798
skandapurana	rṇa	0.362	-0.017	-0.006	0.558	0.464
skandapurana	tha	0.071	-0.086	-0.006	1.978	1.949
skandapurana	āḥp	-0.168	-0.035	0.006	0.725	0.776
skandapurana	ena	0.055	-0.101	-0.006	1.711	1.692
skandapurana	hiḥ	0.148	0.037	0.005	0.549	0.523
skandapurana	hāv	-0.015	0.355	-0.005	0.829	0.833
skandapurana	ast	-0.041	0.124	-0.005	2.565	2.592
skandapurana	car	-0.414	0.012	-0.005	0.512	0.588
skandapurana	cap	-0.166	0.029	-0.005	0.580	0.615
skandapurana	yaṃ	0.025	0.190	0.005	2.208	2.195
skandapurana	kha	0.172	-0.027	-0.005	0.687	0.645
skandapurana	maṃ	-0.055	0.078	-0.004	0.532	0.544
skandapurana	aiś	-0.031	-0.137	0.004	0.497	0.505
skandapurana	sta	0.276	-0.015	-0.004	1.837	1.684
skandapurana	udd	0.107	0.038	0.004	0.533	0.509
skandapurana	atv	0.094	0.039	0.004	0.601	0.582
skandapurana	ākṣ	0.087	0.042	0.004	0.627	0.594
skandapurana	aśā	0.060	-0.061	-0.004	0.488	0.478
skandapurana	nna	-0.184	-0.019	0.004	0.451	0.483
skandapurana	yak	0.260	0.014	0.004	0.896	0.842
skandapurana	prā	-0.423	0.008	-0.003	1.100	1.240
skandapurana	vai	-0.701	0.004	-0.003	0.877	1.232
skandapurana	āra	-0.578	-0.005	0.003	1.675	1.976
skandapurana	ātm	-0.677	-0.004	0.003	0.896	1.307
skandapurana	ḥpr	0.083	0.031	0.003	1.307	1.280
skandapurana	ātā	0.020	0.125	0.002	0.504	0.500
skandapurana	lok	-0.011	0.219	-0.002	0.662	0.665
skandapurana	tas	0.357	0.006	0.002	2.170	1.941
skandapurana	atr	-0.542	0.004	-0.002	1.075	1.264
skandapurana	dra	0.006	-0.316	-0.002	0.753	0.751
skandapurana	aṃj	-0.589	0.003	-0.002	0.427	0.561
skandapurana	aṃv	0.026	-0.069	-0.002	1.471	1.462
skandapurana	paś	-0.006	-0.179	0.001	0.512	0.514
skandapurana	cav	0.003	0.202	0.001	0.549	0.548
skandapurana	pit	0.171	-0.003	-0.000	0.749	0.672
skandapurana	mṛt	-0.000	0.702	-0.000	0.617	0.617
skandapurana	āny	0.064	0.004	0.000	0.570	0.559
skandapurana	tat	-0.000	0.194	-0.000	3.721	3.721
skandapurana	śat	0.000	-0.123	-0.000	0.624	0.624
sivadharmasastra	yet	2.889	0.711	2.054	1.551	0.533
sivadharmasastra	aye	3.255	0.625	2.034	2.225	0.698
sivadharmasastra	ika	3.372	0.564	1.903	1.348	0.593
sivadharmasastra	ānt	5.270	0.325	1.714	2.518	0.879
sivadharmasastra	akt	3.372	0.504	1.701	2.009	0.742
sivadharmasastra	yāt	2.599	0.655	1.701	1.831	1.061
sivadharmasastra	rva	3.564	0.469	1.671	3.421	1.691
sivadharmasastra	atā	-2.388	-0.650	1.552	0.877	1.836
sivadharmasastra	ātr	1.856	0.746	1.385	1.119	0.596
sivadharmasastra	kta	2.623	0.509	1.334	1.195	0.572
sivadharmasastra	hak	3.394	0.387	1.315	1.704	0.681
sivadharmasastra	vān	-2.011	-0.632	1.272	0.483	1.312
sivadharmasastra	ava	-2.065	-0.565	1.168	2.314	3.656
sivadharmasastra	ṛṣṭ	-2.290	-0.508	1.162	0.267	0.986
sivadharmasastra	yaḥ	2.747	0.380	1.043	1.984	1.198
sivadharmasastra	tāṃ	-1.302	-0.783	1.019	0.394	0.813
sivadharmasastra	aḥś	5.449	-0.181	-0.986	2.530	0.940
sivadharmasastra	āṃs	-2.135	-0.439	0.936	0.470	0.933
sivadharmasastra	rav	-1.801	-0.517	0.931	0.699	1.309
sivadharmasastra	ate	1.934	0.451	0.872	2.632	1.589
sivadharmasastra	ayā	-1.623	-0.535	0.869	1.106	1.989
sivadharmasastra	iva	3.409	0.254	0.865	4.832	2.189
sivadharmasastra	dṛṣ	-1.637	-0.525	0.859	0.102	0.520
sivadharmasastra	nti	2.410	0.350	0.844	1.564	0.717
sivadharmasastra	āha	-1.517	-0.555	0.842	0.318	0.731
sivadharmasastra	aha	-1.603	-0.519	0.831	1.144	1.937
sivadharmasastra	aṃy	3.016	0.269	0.812	1.450	0.754
sivadharmasastra	ādi	1.174	0.691	0.810	1.297	0.780
sivadharmasastra	ivā	6.189	-0.129	-0.800	2.162	0.696
sivadharmasastra	isa	1.850	0.428	0.792	1.106	0.754
sivadharmasastra	āja	-0.993	-0.789	0.783	0.343	0.830
sivadharmasastra	yām	-1.612	-0.475	0.766	0.610	1.089
sivadharmasastra	sad	2.940	0.254	0.747	1.119	0.508
sivadharmasastra	ṅga	4.062	0.182	0.739	1.691	0.489
sivadharmasastra	sar	1.757	0.419	0.737	3.370	2.313
sivadharmasastra	tva	-1.900	-0.381	0.724	0.432	1.115
sivadharmasastra	uvā	-1.651	-0.438	0.723	0.051	0.947
sivadharmasastra	arv	2.270	0.314	0.712	3.471	2.064
sivadharmasastra	mat	-2.096	-0.329	0.690	0.445	0.975
sivadharmasastra	rut	-1.890	-0.362	0.684	0.153	0.567
sivadharmasastra	rān	-1.519	-0.447	0.679	0.229	0.506
sivadharmasastra	ṃma	-1.018	-0.656	0.668	0.598	0.811
sivadharmasastra	aḥt	-2.068	-0.311	0.644	0.254	0.675
sivadharmasastra	ura	-1.231	-0.519	0.638	0.381	0.768
sivadharmasastra	vāc	-1.582	-0.396	0.626	0.229	1.148
sivadharmasastra	yād	1.558	0.401	0.625	1.183	0.739
sivadharmasastra	apā	1.843	-0.335	-0.617	1.335	0.884
sivadharmasastra	sah	-1.178	-0.524	0.617	0.356	0.793
sivadharmasastra	rap	3.109	0.195	0.606	0.928	0.505
sivadharmasastra	imā	2.923	0.207	0.605	0.839	0.485
sivadharmasastra	yad	-1.114	-0.537	0.598	0.661	1.023
sivadharmasastra	ḥta	-2.042	-0.290	0.593	0.203	0.759
sivadharmasastra	ato	-1.315	-0.447	0.588	0.356	0.792
sivadharmasastra	jag	-1.240	-0.472	0.585	0.127	0.487
sivadharmasastra	ṣya	-1.072	-0.534	0.572	0.356	0.683
sivadharmasastra	hir	-1.115	-0.509	0.568	0.280	0.665
sivadharmasastra	auv	-1.405	-0.401	0.564	0.038	0.715
sivadharmasastra	laṃ	2.202	0.254	0.560	1.106	0.597
sivadharmasastra	asu	-1.211	-0.462	0.560	0.280	0.572
sivadharmasastra	ryā	3.190	0.175	0.558	1.106	0.460
sivadharmasastra	can	2.147	-0.259	-0.556	1.233	0.774
sivadharmasastra	ukt	2.727	0.203	0.553	1.335	0.647
sivadharmasastra	anu	-1.437	-0.385	0.553	0.242	0.570
sivadharmasastra	tām	-1.123	-0.490	0.550	0.470	0.706
sivadharmasastra	akr	-1.338	-0.410	0.548	0.203	0.484
sivadharmasastra	āmā	-1.447	-0.378	0.546	0.560	0.923
sivadharmasastra	jay	1.800	-0.302	-0.544	1.005	0.432
sivadharmasastra	tav	-1.017	-0.535	0.544	0.509	0.761
sivadharmasastra	atu	1.286	0.417	0.536	0.916	0.620
sivadharmasastra	urā	-2.301	-0.231	0.531	0.203	0.747
sivadharmasastra	āmi	-1.183	-0.444	0.525	0.331	0.644
sivadharmasastra	aṃś	4.671	0.112	0.522	2.480	1.027
sivadharmasastra	abh	1.025	-0.505	-0.518	3.649	3.060
sivadharmasastra	pat	-1.168	-0.442	0.516	0.763	1.114
sivadharmasastra	mṛt	-0.735	0.702	-0.516	0.292	0.617
sivadharmasastra	arṣ	-0.890	-0.577	0.514	0.356	0.687
sivadharmasastra	hāv	1.419	0.355	0.504	1.119	0.833
sivadharmasastra	cak	-2.257	-0.222	0.501	0.394	0.874
sivadharmasastra	put	-1.046	-0.478	0.500	0.038	0.585
sivadharmasastra	rāj	-0.612	-0.810	0.495	0.661	1.235
sivadharmasastra	any	-1.692	-0.292	0.494	0.242	0.553
sivadharmasastra	āya	2.295	0.212	0.488	4.095	2.428
sivadharmasastra	ñca	0.974	0.496	0.483	1.068	0.579
sivadharmasastra	ṃva	-1.565	-0.309	0.483	0.369	0.672
sivadharmasastra	āda	-1.215	0.397	-0.482	0.865	1.212
sivadharmasastra	utr	-1.065	-0.452	0.482	0.064	0.644
sivadharmasastra	dra	1.502	-0.316	-0.475	1.170	0.751
sivadharmasastra	nān	2.128	0.223	0.475	1.208	0.683
sivadharmasastra	thā	-1.521	0.307	-0.467	1.742	2.648
sivadharmasastra	yav	-1.174	-0.396	0.465	0.623	0.868
sivadharmasastra	han	-0.948	-0.487	0.461	0.788	1.125
sivadharmasastra	āma	-1.189	-0.376	0.447	1.844	2.534
sivadharmasastra	ata	-0.808	-0.553	0.446	3.955	4.592
sivadharmasastra	ārā	-1.342	-0.318	0.426	0.470	0.860
sivadharmasastra	yās	-1.548	0.275	-0.426	0.331	0.738
sivadharmasastra	mad	-1.687	-0.252	0.425	0.394	0.796
sivadharmasastra	aṃs	1.227	0.338	0.414	2.581	2.042
sivadharmasastra	śya	-1.229	-0.336	0.413	0.242	0.542
sivadharmasastra	ḥśa	-0.842	-0.487	0.410	0.280	0.481
sivadharmasastra	aya	1.126	-0.364	-0.410	3.853	3.301
sivadharmasastra	aṃm	-0.922	-0.442	0.407	0.725	0.940
sivadharmasastra	nya	-1.987	-0.203	0.404	0.242	0.703
sivadharmasastra	ten	3.195	0.125	0.398	1.183	0.596
sivadharmasastra	ḥpu	-2.110	-0.187	0.394	0.153	0.602
sivadharmasastra	hya	-1.937	0.202	-0.392	0.623	1.124
sivadharmasastra	arā	-0.657	-0.596	0.391	1.729	2.119
sivadharmasastra	air	1.417	-0.274	-0.389	1.399	0.928
sivadharmasastra	yaṃ	2.043	0.190	0.388	3.243	2.195
sivadharmasastra	nam	2.642	0.145	0.384	2.429	1.251
sivadharmasastra	iṣy	-0.905	-0.423	0.383	0.242	0.509
sivadharmasastra	rat	-0.739	-0.517	0.382	1.513	2.014
sivadharmasastra	avā	-0.660	-0.579	0.382	1.628	1.872
sivadharmasastra	pūr	0.725	0.527	0.382	0.712	0.562
sivadharmasastra	āst	-1.700	0.223	-0.379	0.560	1.249
sivadharmasastra	tad	-1.861	-0.203	0.378	0.674	1.296
sivadharmasastra	āca	-1.487	-0.253	0.376	0.776	1.639
sivadharmasastra	ira	-0.696	-0.537	0.374	0.725	0.978
sivadharmasastra	ayo	0.867	0.430	0.373	0.966	0.756
sivadharmasastra	hār	-0.632	-0.583	0.369	0.801	1.115
sivadharmasastra	udh	-0.774	-0.476	0.369	0.267	0.564
sivadharmasastra	vit	1.597	0.230	0.366	0.839	0.562
sivadharmasastra	vac	-1.781	-0.203	0.362	0.242	0.601
sivadharmasastra	hma	-0.719	0.504	-0.362	0.394	0.676
sivadharmasastra	ṃga	-0.940	-0.384	0.361	0.191	0.459
sivadharmasastra	ṃca	-2.296	-0.156	0.359	0.102	1.324
sivadharmasastra	ari	-0.926	-0.383	0.355	0.699	0.970
sivadharmasastra	aṃc	-2.026	-0.175	0.355	0.153	1.108
sivadharmasastra	sya	-1.195	-0.294	0.351	1.335	2.015
sivadharmasastra	avi	-1.106	0.314	-0.347	1.488	1.936
sivadharmasastra	tat	-1.783	0.194	-0.347	1.971	3.721
sivadharmasastra	asm	0.761	0.453	0.345	0.928	0.709
sivadharmasastra	yān	1.448	0.237	0.343	1.386	1.046
sivadharmasastra	tri	-1.158	0.294	-0.341	0.407	0.611
sivadharmasastra	eva	-1.231	0.274	-0.338	1.361	2.014
sivadharmasastra	vāp	1.128	0.299	0.337	0.750	0.522
sivadharmasastra	mam	-0.827	-0.408	0.337	0.521	0.720
sivadharmasastra	sth	0.582	0.573	0.334	1.310	1.090
sivadharmasastra	aiv	-1.392	0.239	-0.333	0.547	1.413
sivadharmasastra	ity	1.246	0.264	0.329	1.157	0.763
sivadharmasastra	yap	2.749	-0.119	-0.326	1.297	0.762
sivadharmasastra	sat	-1.027	-0.315	0.324	0.598	0.853
sivadharmasastra	aca	-1.518	-0.213	0.324	0.814	1.333
sivadharmasastra	vij	-0.733	0.440	-0.323	0.331	0.550
sivadharmasastra	stu	-0.870	0.368	-0.320	0.331	0.699
sivadharmasastra	mar	-0.608	-0.520	0.316	0.585	0.719
sivadharmasastra	har	-0.711	-0.444	0.316	1.551	1.957
sivadharmasastra	ṃta	-1.593	0.198	-0.315	0.572	1.171
sivadharmasastra	lok	1.440	0.219	0.315	1.068	0.665
sivadharmasastra	apu	0.615	-0.508	-0.312	0.801	0.660
sivadharmasastra	rya	-0.612	-0.510	0.312	0.661	0.784
sivadharmasastra	śar	-0.716	-0.435	0.312	0.280	0.523
sivadharmasastra	haṃ	-1.649	-0.189	0.311	0.814	1.572
sivadharmasastra	dha	-0.933	-0.332	0.310	2.327	2.882
sivadharmasastra	ābh	-0.920	-0.333	0.306	1.335	1.600
sivadharmasastra	ṃya	1.591	0.190	0.302	0.814	0.527
sivadharmasastra	maḥ	2.861	0.106	0.302	1.246	0.511
sivadharmasastra	daṃ	-1.181	-0.252	0.298	0.292	0.489
sivadharmasastra	tsa	0.721	0.413	0.298	0.687	0.562
sivadharmasastra	āga	0.894	-0.333	-0.297	1.055	0.846
sivadharmasastra	aṃn	-1.599	-0.185	0.296	0.458	0.833
sivadharmasastra	āna	1.319	0.224	0.295	3.459	2.723
sivadharmasastra	kal	-0.477	0.610	-0.291	0.381	0.504
sivadharmasastra	ddh	-0.893	0.323	-0.288	0.865	1.322
sivadharmasastra	tta	-0.651	0.441	-0.287	1.055	1.236
sivadharmasastra	maṇ	-1.196	0.239	-0.286	0.432	0.784
sivadharmasastra	hāt	-1.661	-0.171	0.284	0.458	0.883
sivadharmasastra	mah	0.575	-0.494	-0.284	3.065	2.558
sivadharmasastra	api	1.719	0.164	0.283	0.954	0.559
sivadharmasastra	pur	-1.819	-0.154	0.281	0.394	0.908
sivadharmasastra	aiḥ	1.852	-0.148	-0.273	2.060	1.107
sivadharmasastra	rām	-0.579	-0.471	0.272	0.267	0.546
sivadharmasastra	dan	-0.955	-0.284	0.271	0.343	0.531
sivadharmasastra	cch	1.084	-0.250	-0.270	1.030	0.813
sivadharmasastra	ham	-1.365	-0.198	0.270	0.623	0.872
sivadharmasastra	dad	0.972	-0.275	-0.268	0.661	0.469
sivadharmasastra	cav	-1.322	0.202	-0.267	0.305	0.548
sivadharmasastra	ala	2.553	0.104	0.264	2.556	1.429
sivadharmasastra	hay	-1.070	-0.244	0.261	0.420	0.617
sivadharmasastra	dvi	-0.514	0.507	-0.261	0.534	0.683
sivadharmasastra	ama	0.468	-0.556	-0.260	5.366	4.998
sivadharmasastra	hyā	-0.421	0.610	-0.257	0.890	1.041
sivadharmasastra	śaṃ	-0.650	-0.395	0.257	0.292	0.521
sivadharmasastra	viṣ	-0.988	0.258	-0.255	0.509	0.898
sivadharmasastra	āta	-1.850	-0.135	0.249	1.017	1.512
sivadharmasastra	iṣṇ	-0.580	0.426	-0.247	0.229	0.454
sivadharmasastra	naḥ	-0.935	-0.264	0.247	0.890	1.205
sivadharmasastra	dhy	-0.449	0.548	-0.246	0.598	0.727
sivadharmasastra	āṃp	-1.211	-0.202	0.245	0.458	0.630
sivadharmasastra	eṣā	-0.787	0.311	-0.245	0.420	0.615
sivadharmasastra	yat	1.069	0.228	0.243	4.158	3.471
sivadharmasastra	bra	-0.713	0.339	-0.242	0.509	0.833
sivadharmasastra	mit	-0.713	-0.339	0.241	0.381	0.565
sivadharmasastra	jan	-0.871	-0.277	0.241	0.661	0.914
sivadharmasastra	ipr	-1.078	0.222	-0.240	0.343	0.518
sivadharmasastra	vās	0.743	-0.322	-0.239	1.030	0.859
sivadharmasastra	āni	-1.251	0.190	-0.237	0.776	1.271
sivadharmasastra	vid	-0.800	0.296	-0.236	0.712	0.947
sivadharmasastra	mād	0.455	0.516	0.235	0.623	0.545
sivadharmasastra	kṣa	1.032	0.226	0.234	2.085	1.611
sivadharmasastra	vād	-0.497	0.467	-0.232	0.534	0.629
sivadharmasastra	ada	-0.917	-0.251	0.230	1.233	1.603
sivadharmasastra	cat	-0.698	0.321	-0.224	0.763	0.978
sivadharmasastra	obh	2.619	-0.085	-0.224	1.017	0.641
sivadharmasastra	nāṃ	-1.816	0.120	-0.217	0.610	1.222
sivadharmasastra	rāt	-0.889	-0.240	0.214	0.369	0.555
sivadharmasastra	tān	-0.920	-0.229	0.210	0.928	1.215
sivadharmasastra	āsa	-0.909	-0.231	0.210	1.475	1.786
sivadharmasastra	nav	-1.118	0.184	-0.206	0.470	0.714
sivadharmasastra	ahā	0.400	-0.514	-0.205	2.276	1.974
sivadharmasastra	aṇa	-0.645	0.311	-0.201	1.030	1.358
sivadharmasastra	sva	-0.939	0.212	-0.199	0.750	1.039
sivadharmasastra	asā	-0.650	-0.305	0.198	0.966	1.146
sivadharmasastra	āyā	-0.604	0.324	-0.196	0.661	0.857
sivadharmasastra	vap	1.937	0.101	0.195	0.839	0.543
sivadharmasastra	vay	-0.730	-0.266	0.194	0.585	0.740
sivadharmasastra	ahm	-0.294	0.656	-0.193	0.509	0.646
sivadharmasastra	vyā	-1.643	0.117	-0.193	0.203	0.583
sivadharmasastra	rāṇ	-0.769	0.250	-0.193	0.649	0.886
sivadharmasastra	idh	-0.449	0.419	-0.188	0.623	0.723
sivadharmasastra	ṇāṃ	-1.532	-0.122	0.188	0.343	0.627
sivadharmasastra	ajñ	0.495	0.378	0.187	0.801	0.629
sivadharmasastra	ḥpa	-0.999	0.187	-0.187	0.674	0.887
sivadharmasastra	asy	-1.269	-0.147	0.186	1.513	2.353
sivadharmasastra	hād	0.470	0.393	0.185	0.547	0.457
sivadharmasastra	uru	-1.306	-0.141	0.184	0.280	0.668
sivadharmasastra	uta	-0.979	-0.186	0.182	0.560	0.812
sivadharmasastra	ikā	0.238	0.766	0.182	0.674	0.602
sivadharmasastra	eśa	-0.774	-0.235	0.182	0.318	0.501
sivadharmasastra	ārt	0.681	-0.266	-0.181	0.890	0.694
sivadharmasastra	bha	2.126	0.083	0.177	4.616	3.142
sivadharmasastra	hāy	0.524	-0.337	-0.177	0.572	0.508
sivadharmasastra	nan	-0.792	-0.221	0.175	0.394	0.604
sivadharmasastra	aṃt	-1.582	0.109	-0.172	0.674	1.680
sivadharmasastra	akṣ	0.473	0.359	0.170	1.958	1.741
sivadharmasastra	tap	-0.465	-0.364	0.169	0.572	0.674
sivadharmasastra	āṃv	-0.511	-0.330	0.169	0.420	0.484
sivadharmasastra	ṃvi	-0.701	0.238	-0.167	0.572	0.711
sivadharmasastra	dān	0.654	0.253	0.166	0.687	0.522
sivadharmasastra	ast	-1.329	0.124	-0.165	1.742	2.592
sivadharmasastra	eṣu	0.902	0.183	0.165	0.839	0.630
sivadharmasastra	mās	0.626	-0.263	-0.164	0.852	0.727
sivadharmasastra	rād	-0.897	0.183	-0.164	0.292	0.623
sivadharmasastra	amā	1.423	-0.115	-0.163	4.133	3.395
sivadharmasastra	ina	-0.655	-0.248	0.163	0.610	0.723
sivadharmasastra	ṣṭh	-0.851	-0.190	0.162	0.572	1.002
sivadharmasastra	ḥka	-0.994	-0.161	0.160	0.369	0.549
sivadharmasastra	aja	-0.546	-0.290	0.158	0.725	0.869
sivadharmasastra	vad	2.193	-0.072	-0.157	1.424	0.911
sivadharmasastra	ena	1.538	-0.101	-0.155	2.238	1.692
sivadharmasastra	raj	-1.026	0.151	-0.155	0.280	0.687
sivadharmasastra	tyā	0.572	0.267	0.153	0.814	0.659
sivadharmasastra	tha	-1.757	-0.086	0.150	1.233	1.949
sivadharmasastra	ani	-0.591	-0.254	0.150	0.649	0.761
sivadharmasastra	vār	1.019	-0.147	-0.150	0.801	0.572
sivadharmasastra	ant	0.614	0.243	0.149	2.594	2.192
sivadharmasastra	ave	1.659	0.090	0.149	0.903	0.556
sivadharmasastra	and	0.803	0.185	0.149	1.208	0.935
sivadharmasastra	ṇam	0.968	0.153	0.148	0.699	0.519
sivadharmasastra	vak	0.416	0.356	0.148	0.738	0.667
sivadharmasastra	raṇ	-0.921	0.159	-0.147	0.725	1.067
sivadharmasastra	pra	-0.762	0.189	-0.144	3.179	3.747
sivadharmasastra	ann	0.841	-0.171	-0.144	0.687	0.533
sivadharmasastra	māt	-0.345	0.416	-0.144	0.763	0.859
sivadharmasastra	ṣaṇ	-0.475	0.300	-0.142	0.432	0.531
sivadharmasastra	avy	-0.857	0.166	-0.142	0.331	0.507
sivadharmasastra	aty	-0.609	-0.232	0.142	0.610	0.735
sivadharmasastra	āpr	-1.110	0.125	-0.138	0.305	0.468
sivadharmasastra	āla	2.578	-0.053	-0.136	1.475	0.785
sivadharmasastra	ras	-1.320	0.102	-0.135	1.208	1.562
sivadharmasastra	āpi	0.863	0.156	0.135	0.788	0.590
sivadharmasastra	adh	-0.443	-0.303	0.134	1.551	1.695
sivadharmasastra	āṃt	-1.500	-0.089	0.134	0.153	0.507
sivadharmasastra	amu	-0.426	-0.314	0.134	0.890	0.987
sivadharmasastra	yas	-0.864	-0.155	0.134	1.284	1.568
sivadharmasastra	rah	-0.244	0.537	-0.131	0.979	1.097
sivadharmasastra	ima	-0.657	-0.200	0.131	0.509	0.617
sivadharmasastra	dar	-0.648	-0.201	0.130	0.407	0.555
sivadharmasastra	hūt	-0.386	0.336	-0.130	0.661	0.812
sivadharmasastra	ubh	1.239	-0.104	-0.129	0.992	0.747
sivadharmasastra	bhi	-0.313	-0.406	0.127	1.310	1.461
sivadharmasastra	vaṃ	-1.102	0.115	-0.127	1.170	1.600
sivadharmasastra	gat	-0.433	-0.291	0.126	0.814	0.948
sivadharmasastra	ram	0.700	0.179	0.125	2.251	1.980
sivadharmasastra	cai	-1.027	0.121	-0.125	0.331	0.882
sivadharmasastra	raś	-0.654	-0.190	0.124	0.445	0.548
sivadharmasastra	vāt	-0.438	0.283	-0.124	0.483	0.548
sivadharmasastra	ade	-0.349	0.349	-0.122	0.534	0.614
sivadharmasastra	aṃb	-0.850	0.142	-0.121	0.725	1.001
sivadharmasastra	var	-0.242	0.493	-0.119	2.518	2.664
sivadharmasastra	alā	0.968	0.122	0.118	0.776	0.583
sivadharmasastra	ath	-1.990	-0.058	0.116	1.653	3.148
sivadharmasastra	ṃpr	-1.003	-0.115	0.116	0.852	1.092
sivadharmasastra	dhā	-0.933	0.124	-0.115	1.132	1.495
sivadharmasastra	iḥs	1.219	0.089	0.109	0.928	0.698
sivadharmasastra	nāt	0.324	0.328	0.106	0.699	0.606
sivadharmasastra	art	-1.613	0.066	-0.106	0.318	0.707
sivadharmasastra	daś	0.272	0.387	0.105	0.661	0.589
sivadharmasastra	iti	-0.718	0.143	-0.103	0.229	0.519
sivadharmasastra	acc	-0.273	-0.376	0.103	0.432	0.473
sivadharmasastra	par	0.447	0.224	0.100	2.518	2.268
sivadharmasastra	are	-0.256	0.383	-0.098	0.585	0.653
sivadharmasastra	rak	-0.257	0.374	-0.096	1.005	1.082
sivadharmasastra	evā	-0.350	0.274	-0.096	0.534	0.619
sivadharmasastra	akā	0.427	0.220	0.094	1.386	1.251
sivadharmasastra	oma	1.108	-0.085	-0.094	0.903	0.665
sivadharmasastra	ṭha	-2.013	0.046	-0.093	0.254	0.588
sivadharmasastra	nar	0.317	-0.290	-0.092	0.877	0.759
sivadharmasastra	inā	-1.179	0.078	-0.092	0.432	0.629
sivadharmasastra	hāb	-0.162	-0.562	0.091	0.483	0.515
sivadharmasastra	aiś	0.658	-0.137	-0.090	0.687	0.505
sivadharmasastra	bhu	-0.345	0.260	-0.090	0.496	0.577
sivadharmasastra	ṇaṃ	-0.653	0.137	-0.090	0.560	0.693
sivadharmasastra	apr	0.240	0.372	0.089	1.208	1.146
sivadharmasastra	ndr	1.370	0.065	0.089	0.865	0.541
sivadharmasastra	aśā	1.454	-0.061	-0.089	0.712	0.478
sivadharmasastra	sam	1.917	-0.046	-0.089	2.569	1.876
sivadharmasastra	ana	0.181	-0.486	-0.088	3.344	3.242
sivadharmasastra	ati	-0.375	-0.232	0.087	1.704	1.852
sivadharmasastra	itā	-0.548	-0.159	0.087	1.462	1.675
sivadharmasastra	vat	-0.514	0.168	-0.086	1.640	1.855
sivadharmasastra	āṇa	-0.601	0.144	-0.086	0.381	0.490
sivadharmasastra	aśa	-0.310	-0.274	0.085	1.297	1.395
sivadharmasastra	ātā	-0.660	0.125	-0.083	0.394	0.500
sivadharmasastra	tma	-0.982	-0.082	0.081	0.381	0.814
sivadharmasastra	kār	0.170	0.472	0.080	1.017	0.939
sivadharmasastra	āṇā	-1.050	-0.075	0.079	0.381	0.625
sivadharmasastra	ṣṭa	2.344	0.033	0.077	1.272	0.798
sivadharmasastra	str	0.270	-0.286	-0.077	0.661	0.601
sivadharmasastra	aṅg	0.280	0.274	0.077	0.547	0.468
sivadharmasastra	vin	0.457	-0.168	-0.077	0.560	0.487
sivadharmasastra	kām	0.668	0.112	0.075	0.636	0.490
sivadharmasastra	att	-1.887	-0.039	0.074	0.407	0.891
sivadharmasastra	hās	-0.383	0.188	-0.072	0.496	0.571
sivadharmasastra	taṃ	0.287	-0.251	-0.072	2.302	2.176
sivadharmasastra	aṇḍ	0.205	0.352	0.072	0.585	0.511
sivadharmasastra	dev	-0.254	0.279	-0.071	1.475	1.691
sivadharmasastra	ṃst	-0.561	-0.126	0.071	0.458	0.559
sivadharmasastra	tay	-0.817	-0.086	0.070	0.381	0.502
sivadharmasastra	cam	-0.410	-0.171	0.070	0.483	0.541
sivadharmasastra	śat	0.560	-0.123	-0.069	0.776	0.624
sivadharmasastra	tit	-0.125	0.552	-0.069	0.560	0.587
sivadharmasastra	ṃpa	0.845	0.081	0.068	0.890	0.697
sivadharmasastra	ḥsa	-0.230	-0.295	0.068	2.314	2.438
sivadharmasastra	nat	0.611	0.109	0.067	0.598	0.509
sivadharmasastra	trā	-0.381	-0.167	0.064	0.738	0.841
sivadharmasastra	arm	-0.388	-0.163	0.063	0.903	1.097
sivadharmasastra	kṛt	0.560	-0.113	-0.063	1.577	1.361
sivadharmasastra	una	-1.420	-0.044	0.062	0.331	0.665
sivadharmasastra	van	-0.233	-0.264	0.062	1.094	1.163
sivadharmasastra	aḥp	-1.827	-0.034	0.061	1.348	2.019
sivadharmasastra	śva	-0.159	0.382	-0.061	0.966	1.060
sivadharmasastra	sād	-0.593	-0.102	0.060	0.420	0.515
sivadharmasastra	nār	-0.483	-0.124	0.060	0.343	0.480
sivadharmasastra	vam	0.292	-0.204	-0.059	0.992	0.937
sivadharmasastra	śak	-0.560	-0.106	0.059	0.381	0.488
sivadharmasastra	anā	-1.170	-0.051	0.059	1.259	1.676
sivadharmasastra	paś	-0.328	-0.179	0.059	0.445	0.514
sivadharmasastra	hān	-1.180	0.049	-0.058	0.890	1.207
sivadharmasastra	apa	-0.239	-0.242	0.058	1.704	1.776
sivadharmasastra	aṃg	-0.168	-0.339	0.057	0.547	0.587
sivadharmasastra	jñā	0.176	0.318	0.056	0.877	0.798
sivadharmasastra	eya	1.388	0.039	0.055	0.916	0.561
sivadharmasastra	mya	-0.695	-0.078	0.054	0.420	0.536
sivadharmasastra	ḥpr	-1.724	0.031	-0.054	0.725	1.280
sivadharmasastra	ait	-1.055	0.050	-0.053	0.280	0.575
sivadharmasastra	yan	0.171	-0.308	-0.053	1.526	1.452
sivadharmasastra	aṃv	-0.738	-0.069	0.051	1.221	1.462
sivadharmasastra	akṛ	0.457	-0.108	-0.049	0.598	0.495
sivadharmasastra	āḥs	-0.592	-0.083	0.049	0.776	1.032
sivadharmasastra	adv	-0.266	0.181	-0.048	0.509	0.558
sivadharmasastra	man	-1.103	-0.043	0.048	1.462	2.078
sivadharmasastra	has	-0.251	-0.188	0.047	1.221	1.303
sivadharmasastra	kṣi	-0.242	-0.193	0.047	0.547	0.594
sivadharmasastra	āśa	0.229	0.199	0.046	0.750	0.691
sivadharmasastra	tāḥ	0.448	0.100	0.045	1.335	1.105
sivadharmasastra	aṃd	-0.348	-0.126	0.044	1.017	1.150
sivadharmasastra	āka	-0.385	0.112	-0.043	0.394	0.453
sivadharmasastra	aḥk	-0.159	-0.269	0.043	1.157	1.198
sivadharmasastra	nām	-0.381	0.112	-0.043	0.814	0.934
sivadharmasastra	iya	0.431	-0.094	-0.041	0.738	0.646
sivadharmasastra	āḥp	-1.134	-0.035	0.040	0.432	0.776
sivadharmasastra	ajā	-1.208	0.032	-0.039	0.229	0.685
sivadharmasastra	āśc	-0.448	-0.085	0.038	0.623	0.816
sivadharmasastra	asa	0.204	-0.186	-0.038	3.662	3.554
sivadharmasastra	ray	-0.156	0.242	-0.038	0.788	0.824
sivadharmasastra	aṃk	0.499	0.075	0.038	1.551	1.329
sivadharmasastra	aka	0.110	0.339	0.037	1.907	1.857
sivadharmasastra	hit	0.361	0.102	0.037	1.386	1.279
sivadharmasastra	ṃbh	-0.339	0.109	-0.037	0.763	0.856
sivadharmasastra	muk	-1.053	-0.035	0.037	0.331	0.569
sivadharmasastra	saṃ	-0.415	-0.085	0.035	2.009	2.350
sivadharmasastra	rūp	0.093	0.375	0.035	0.674	0.636
sivadharmasastra	tya	1.291	-0.026	-0.034	1.907	1.485
sivadharmasastra	ṇḍa	-0.267	-0.124	0.033	0.470	0.588
sivadharmasastra	bhy	-0.135	-0.242	0.033	0.585	0.614
sivadharmasastra	āvi	-0.254	0.129	-0.033	0.776	0.823
sivadharmasastra	dhi	-0.315	0.102	-0.032	0.941	1.080
sivadharmasastra	nta	0.244	-0.132	-0.032	1.284	1.187
sivadharmasastra	vya	0.287	0.112	0.032	0.763	0.687
sivadharmasastra	arṇ	-0.178	0.176	-0.031	0.432	0.480
sivadharmasastra	rad	0.407	0.077	0.031	0.966	0.852
sivadharmasastra	ṃka	-0.470	0.066	-0.031	0.394	0.496
sivadharmasastra	cas	-1.809	-0.017	0.031	0.394	0.751
sivadharmasastra	rāh	-1.357	0.023	-0.031	0.216	0.514
sivadharmasastra	yaj	0.095	0.321	0.030	0.598	0.573
sivadharmasastra	bal	-0.046	-0.656	0.030	0.458	0.472
sivadharmasastra	aṃp	0.942	0.032	0.030	2.518	2.013
sivadharmasastra	rāp	0.422	-0.071	-0.030	0.585	0.498
sivadharmasastra	yaś	0.152	-0.197	-0.030	0.738	0.705
sivadharmasastra	vas	0.462	0.064	0.030	1.411	1.270
sivadharmasastra	dya	0.416	-0.071	-0.030	0.725	0.645
sivadharmasastra	ādh	-0.776	0.037	-0.029	0.877	1.098
sivadharmasastra	sta	-1.911	-0.015	0.029	0.623	1.684
sivadharmasastra	ibh	0.199	0.143	0.028	1.144	1.085
sivadharmasastra	rma	-0.125	-0.225	0.028	0.865	0.907
sivadharmasastra	ṛta	-0.582	0.048	-0.028	0.890	1.075
sivadharmasastra	iṣṭ	-0.163	-0.169	0.028	0.890	0.959
sivadharmasastra	bhū	-0.147	0.188	-0.028	1.361	1.432
sivadharmasastra	rai	0.148	-0.185	-0.027	0.509	0.476
sivadharmasastra	iśc	0.478	0.057	0.027	0.610	0.506
sivadharmasastra	lak	-0.080	0.336	-0.027	0.445	0.467
sivadharmasastra	nna	1.397	-0.019	-0.027	0.725	0.483
sivadharmasastra	eta	-0.066	0.408	-0.027	0.954	0.973
sivadharmasastra	mān	-0.159	-0.168	0.027	1.500	1.561
sivadharmasastra	ame	-0.404	0.064	-0.026	0.827	0.910
sivadharmasastra	eṇa	0.681	-0.038	-0.026	0.865	0.695
sivadharmasastra	tan	-0.147	0.173	-0.025	0.661	0.693
sivadharmasastra	maṃ	-0.321	0.078	-0.025	0.470	0.544
sivadharmasastra	śca	-0.512	-0.048	0.025	2.022	2.543
sivadharmasastra	āpa	0.069	0.350	0.024	1.221	1.202
sivadharmasastra	āva	-0.349	0.068	-0.024	1.500	1.603
sivadharmasastra	aśc	-0.979	0.024	-0.023	0.916	1.443
sivadharmasastra	aga	-0.376	-0.060	0.023	1.106	1.275
sivadharmasastra	syā	-0.161	0.140	-0.023	0.725	0.770
sivadharmasastra	kaṃ	0.052	0.395	0.021	0.509	0.496
sivadharmasastra	ānā	-0.082	0.236	-0.019	1.958	2.000
sivadharmasastra	yāṃ	-0.436	0.043	-0.019	0.827	0.986
sivadharmasastra	rvā	0.302	-0.059	-0.018	0.623	0.571
sivadharmasastra	mas	-0.126	-0.134	0.017	0.763	0.787
sivadharmasastra	yak	1.152	0.014	0.016	1.081	0.842
sivadharmasastra	nir	-0.141	0.110	-0.015	0.585	0.615
sivadharmasastra	āsā	-0.202	0.074	-0.015	0.458	0.494
sivadharmasastra	ṛtā	-0.207	0.072	-0.015	0.509	0.558
sivadharmasastra	hat	0.021	-0.693	-0.015	1.106	1.098
sivadharmasastra	ita	0.388	-0.037	-0.014	2.709	2.539
sivadharmasastra	ndh	0.090	-0.160	-0.014	0.610	0.586
sivadharmasastra	viś	-0.062	0.215	-0.013	0.763	0.781
sivadharmasastra	rṇa	0.763	-0.017	-0.013	0.661	0.464
sivadharmasastra	naṃ	0.513	0.025	0.013	1.653	1.411
sivadharmasastra	ami	-0.025	-0.502	0.013	0.534	0.540
sivadharmasastra	hav	-0.339	-0.035	0.012	1.513	1.665
sivadharmasastra	ākṣ	0.272	0.042	0.011	0.699	0.594
sivadharmasastra	kha	-0.410	-0.027	0.011	0.547	0.645
sivadharmasastra	tra	-0.054	0.191	-0.010	2.124	2.152
sivadharmasastra	aḥs	-0.139	0.068	-0.009	2.314	2.383
sivadharmasastra	bhā	-0.339	0.027	-0.009	1.500	1.615
sivadharmasastra	riy	-0.134	-0.068	0.009	0.610	0.645
sivadharmasastra	yam	0.020	-0.451	-0.009	1.729	1.723
sivadharmasastra	pad	-0.279	0.030	-0.008	0.496	0.559
sivadharmasastra	āṇi	0.187	0.043	0.008	0.649	0.606
sivadharmasastra	raḥ	0.414	0.019	0.008	1.068	0.949
sivadharmasastra	san	0.117	0.067	0.008	0.636	0.611
sivadharmasastra	haḥ	-0.042	-0.176	0.007	0.534	0.542
sivadharmasastra	prā	-0.901	0.008	-0.007	0.941	1.240
sivadharmasastra	nas	0.040	0.180	0.007	0.928	0.920
sivadharmasastra	sur	-0.281	-0.025	0.007	0.394	0.510
sivadharmasastra	āny	-1.599	0.004	-0.007	0.280	0.559
sivadharmasastra	kra	-0.073	-0.091	0.007	0.509	0.522
sivadharmasastra	thi	0.101	-0.064	-0.007	0.903	0.876
sivadharmasastra	atv	-0.166	0.039	-0.007	0.547	0.582
sivadharmasastra	āṃś	-0.017	-0.373	0.006	0.598	0.601
sivadharmasastra	car	0.543	0.012	0.006	0.687	0.588
sivadharmasastra	ṃsa	0.219	-0.027	-0.006	1.539	1.475
sivadharmasastra	adā	0.851	0.007	0.006	2.085	1.685
sivadharmasastra	āra	-1.034	-0.005	0.005	1.437	1.976
sivadharmasastra	hiḥ	0.135	0.037	0.005	0.547	0.523
sivadharmasastra	vai	-1.074	0.004	-0.005	0.687	1.232
sivadharmasastra	rab	-0.355	0.013	-0.005	0.623	0.698
sivadharmasastra	raṃ	-0.273	-0.016	0.004	1.488	1.606
sivadharmasastra	ātm	-0.958	-0.004	0.004	0.725	1.307
sivadharmasastra	tas	-0.647	0.006	-0.004	1.526	1.941
sivadharmasastra	cap	-0.143	0.029	-0.004	0.585	0.615
sivadharmasastra	atr	-1.072	0.004	-0.004	0.890	1.264
sivadharmasastra	ṃśa	-0.013	0.260	-0.003	0.687	0.690
sivadharmasastra	aṃj	-1.068	0.003	-0.003	0.318	0.561
sivadharmasastra	may	0.011	-0.294	-0.003	0.699	0.697
sivadharmasastra	aṇā	0.009	0.329	0.003	0.839	0.837
sivadharmasastra	kar	-0.015	0.203	-0.003	1.539	1.547
sivadharmasastra	taḥ	-0.028	0.099	-0.003	2.785	2.799
sivadharmasastra	tar	-0.065	0.039	-0.003	1.081	1.110
sivadharmasastra	pit	-0.816	-0.003	0.002	0.305	0.672
sivadharmasastra	tam	-0.049	-0.048	0.002	1.920	1.936
sivadharmasastra	tvā	-0.039	-0.059	0.002	1.590	1.611
sivadharmasastra	udd	0.055	0.038	0.002	0.521	0.509
sivadharmasastra	rth	0.061	0.027	0.002	0.966	0.937
sivadharmasastra	yay	-0.006	-0.251	0.002	0.572	0.574
sivadharmasastra	atī	-0.059	-0.022	0.001	0.560	0.574
sivadharmasastra	vaḥ	-0.016	-0.078	0.001	0.534	0.537
sivadharmasastra	mār	-0.060	0.018	-0.001	0.534	0.549
sivadharmasastra	ara	-0.002	0.041	-0.000	4.349	4.351
sivadharmottara	dhy	2.796	0.548	1.534	1.530	0.727
sivadharmottara	ika	2.442	0.564	1.378	1.140	0.593
sivadharmottara	tāṃ	-1.532	-0.783	1.200	0.320	0.813
sivadharmottara	sth	1.933	0.573	1.108	1.820	1.090
sivadharmottara	vān	-1.704	-0.632	1.077	0.610	1.312
sivadharmottara	yaḥ	2.628	0.380	0.998	1.950	1.198
sivadharmottara	aye	1.581	0.625	0.988	1.440	0.698
sivadharmottara	atā	-1.510	-0.650	0.982	1.230	1.836
sivadharmottara	jñā	3.089	0.318	0.981	2.200	0.798
sivadharmottara	ṛṣṭ	-1.930	-0.508	0.980	0.380	0.986
sivadharmottara	yet	1.352	0.711	0.962	1.010	0.533
sivadharmottara	ajñ	2.532	0.378	0.957	1.510	0.629
sivadharmottara	tav	-1.777	-0.535	0.950	0.320	0.761
sivadharmottara	yām	-1.984	-0.475	0.943	0.500	1.089
sivadharmottara	āja	-1.183	-0.789	0.933	0.250	0.830
sivadharmottara	nti	2.653	0.350	0.929	1.650	0.717
sivadharmottara	ātr	1.220	0.746	0.910	0.940	0.596
sivadharmottara	tām	-1.841	-0.490	0.901	0.320	0.706
sivadharmottara	tva	-2.324	-0.381	0.886	0.280	1.115
sivadharmottara	dṛṣ	-1.644	-0.525	0.863	0.100	0.520
sivadharmottara	mṛt	1.229	0.702	0.862	1.160	0.617
sivadharmottara	mād	1.661	0.516	0.857	0.830	0.545
sivadharmottara	ava	-1.503	-0.565	0.850	2.679	3.656
sivadharmottara	aka	2.457	0.339	0.833	2.989	1.857
sivadharmottara	hyā	1.363	0.610	0.831	1.530	1.041
sivadharmottara	yān	3.424	0.237	0.812	1.850	1.046
sivadharmottara	rak	2.162	0.374	0.808	1.730	1.082
sivadharmottara	aha	-1.511	-0.519	0.784	1.190	1.937
sivadharmottara	ñca	1.555	0.496	0.772	1.360	0.579
sivadharmottara	āmā	-1.963	-0.378	0.741	0.430	0.923
sivadharmottara	air	2.684	-0.274	-0.736	1.820	0.928
sivadharmottara	ato	-1.635	-0.447	0.730	0.250	0.792
sivadharmottara	apu	1.435	-0.508	-0.729	0.990	0.660
sivadharmottara	āha	-1.289	-0.555	0.715	0.380	0.731
sivadharmottara	mam	-1.747	-0.408	0.712	0.300	0.720
sivadharmottara	sah	-1.356	-0.524	0.710	0.290	0.793
sivadharmottara	kta	1.380	0.509	0.702	0.900	0.572
sivadharmottara	uvā	-1.579	-0.438	0.692	0.090	0.947
sivadharmottara	rāj	-0.847	-0.810	0.686	0.440	1.235
sivadharmottara	āna	3.059	0.224	0.685	4.429	2.723
sivadharmottara	yāt	1.009	0.655	0.660	1.360	1.061
sivadharmottara	akt	1.297	0.504	0.654	1.230	0.742
sivadharmottara	aṃs	1.927	0.338	0.651	2.889	2.042
sivadharmottara	aḥś	3.596	-0.181	-0.651	1.990	0.940
sivadharmottara	rah	-1.136	0.537	-0.611	0.550	1.097
sivadharmottara	apr	1.629	0.372	0.607	1.570	1.146
sivadharmottara	akr	-1.450	-0.410	0.594	0.180	0.484
sivadharmottara	vād	1.256	0.467	0.586	0.870	0.629
sivadharmottara	tit	1.063	0.552	0.586	0.820	0.587
sivadharmottara	pūr	1.101	0.527	0.580	0.790	0.562
sivadharmottara	mās	-2.180	-0.263	0.573	0.290	0.727
sivadharmottara	arṣ	-0.987	-0.577	0.570	0.320	0.687
sivadharmottara	ami	-1.134	-0.502	0.569	0.270	0.540
sivadharmottara	māt	1.336	0.416	0.556	1.230	0.859
sivadharmottara	ṃva	-1.765	-0.309	0.545	0.330	0.672
sivadharmottara	rut	-1.492	-0.362	0.540	0.240	0.567
sivadharmottara	bhi	1.321	-0.406	-0.536	2.100	1.461
sivadharmottara	har	-1.187	-0.444	0.527	1.280	1.957
sivadharmottara	iṣy	-1.216	-0.423	0.514	0.150	0.509
sivadharmottara	auv	-1.277	-0.401	0.512	0.100	0.715
sivadharmottara	hāb	-0.900	-0.562	0.506	0.340	0.515
sivadharmottara	asu	-1.086	-0.462	0.502	0.310	0.572
sivadharmottara	aṃy	1.846	0.269	0.497	1.180	0.754
sivadharmottara	ant	2.042	0.243	0.497	3.529	2.192
sivadharmottara	tsa	1.200	0.413	0.496	0.770	0.562
sivadharmottara	rap	2.532	0.195	0.494	0.850	0.505
sivadharmottara	ayā	-0.918	-0.535	0.491	1.490	1.989
sivadharmottara	ddh	1.500	0.323	0.484	2.090	1.322
sivadharmottara	ānt	1.481	0.325	0.482	1.340	0.879
sivadharmottara	stu	-1.297	0.368	-0.477	0.150	0.699
sivadharmottara	mat	-1.445	-0.329	0.475	0.610	0.975
sivadharmottara	ahm	-0.720	0.656	-0.472	0.310	0.646
sivadharmottara	iva	1.844	0.254	0.468	3.619	2.189
sivadharmottara	vāc	-1.167	-0.396	0.462	0.470	1.148
sivadharmottara	āma	-1.214	-0.376	0.456	1.830	2.534
sivadharmottara	yād	1.127	0.401	0.452	1.060	0.739
sivadharmottara	jag	-0.955	-0.472	0.450	0.210	0.487
sivadharmottara	hak	1.158	0.387	0.449	1.030	0.681
sivadharmottara	rya	0.873	-0.510	-0.445	0.960	0.784
sivadharmottara	āmi	-0.996	-0.444	0.442	0.380	0.644
sivadharmottara	dān	1.741	0.253	0.440	0.960	0.522
sivadharmottara	hāv	1.225	0.355	0.435	1.080	0.833
sivadharmottara	aḥk	1.617	-0.269	-0.435	1.610	1.198
sivadharmottara	āṃś	-1.164	-0.373	0.434	0.370	0.601
sivadharmottara	rav	-0.825	-0.517	0.426	1.030	1.309
sivadharmottara	eva	-1.534	0.274	-0.421	1.200	2.014
sivadharmottara	kaṃ	1.043	0.395	0.412	0.750	0.496
sivadharmottara	put	-0.851	-0.478	0.407	0.140	0.585
sivadharmottara	hma	-0.806	0.504	-0.406	0.360	0.676
sivadharmottara	ṃga	-1.048	-0.384	0.402	0.160	0.459
sivadharmottara	śya	-1.195	-0.336	0.402	0.250	0.542
sivadharmottara	utr	-0.888	-0.452	0.402	0.160	0.644
sivadharmottara	dha	1.205	-0.332	-0.400	3.599	2.882
sivadharmottara	ānā	1.682	0.236	0.397	2.859	2.000
sivadharmottara	vid	1.335	0.296	0.395	1.340	0.947
sivadharmottara	asā	-1.290	-0.305	0.394	0.790	1.146
sivadharmottara	han	0.802	-0.487	-0.391	1.410	1.125
sivadharmottara	dev	-1.398	0.279	-0.390	0.500	1.691
sivadharmottara	pat	-0.879	-0.442	0.389	0.850	1.114
sivadharmottara	nar	1.337	-0.290	-0.388	1.260	0.759
sivadharmottara	sat	-1.220	-0.315	0.385	0.550	0.853
sivadharmottara	gat	-1.317	-0.291	0.383	0.540	0.948
sivadharmottara	cch	1.532	-0.250	-0.382	1.120	0.813
sivadharmottara	aiv	-1.596	0.239	-0.381	0.420	1.413
sivadharmottara	atu	-0.911	0.417	-0.380	0.410	0.620
sivadharmottara	aiḥ	2.570	-0.148	-0.379	2.430	1.107
sivadharmottara	avā	-0.655	-0.579	0.379	1.630	1.872
sivadharmottara	are	-0.988	0.383	-0.378	0.390	0.653
sivadharmottara	āṃs	-0.845	-0.439	0.371	0.750	0.933
sivadharmottara	urā	-1.596	-0.231	0.368	0.370	0.747
sivadharmottara	may	-1.227	-0.294	0.360	0.460	0.697
sivadharmottara	dan	1.262	-0.284	-0.358	0.780	0.531
sivadharmottara	hūt	-1.054	0.336	-0.355	0.400	0.812
sivadharmottara	vit	1.543	0.230	0.354	0.830	0.562
sivadharmottara	bra	-1.018	0.339	-0.345	0.370	0.833
sivadharmottara	bal	-0.522	-0.656	0.342	0.310	0.472
sivadharmottara	nān	1.528	0.223	0.341	1.060	0.683
sivadharmottara	yam	0.747	-0.451	-0.337	1.970	1.723
sivadharmottara	tri	-1.141	0.294	-0.336	0.410	0.611
sivadharmottara	vās	-1.042	-0.322	0.336	0.620	0.859
sivadharmottara	āpa	0.949	0.350	0.332	1.460	1.202
sivadharmottara	yan	1.077	-0.308	-0.332	1.920	1.452
sivadharmottara	āsa	-1.391	-0.231	0.322	1.310	1.786
sivadharmottara	van	-1.214	-0.264	0.321	0.800	1.163
sivadharmottara	yad	-0.595	-0.537	0.320	0.830	1.023
sivadharmottara	rva	0.677	0.469	0.317	2.020	1.691
sivadharmottara	ṃma	-0.482	-0.656	0.316	0.710	0.811
sivadharmottara	āca	-1.221	-0.253	0.309	0.930	1.639
sivadharmottara	taḥ	3.065	0.099	0.304	4.329	2.799
sivadharmottara	daṃ	-1.196	-0.252	0.302	0.290	0.489
sivadharmottara	iṣṇ	-0.706	0.426	-0.301	0.180	0.454
sivadharmottara	cat	-0.936	0.321	-0.301	0.690	0.978
sivadharmottara	asm	0.663	0.453	0.300	0.900	0.709
sivadharmottara	laṃ	1.179	0.254	0.300	0.870	0.597
sivadharmottara	āṃv	-0.905	-0.330	0.299	0.370	0.484
sivadharmottara	śar	-0.686	-0.435	0.298	0.290	0.523
sivadharmottara	str	1.022	-0.286	-0.292	0.830	0.601
sivadharmottara	tap	0.803	-0.364	-0.292	0.850	0.674
sivadharmottara	yās	-1.057	0.275	-0.291	0.460	0.738
sivadharmottara	udh	-0.611	-0.476	0.291	0.330	0.564
sivadharmottara	ahā	-0.562	-0.514	0.289	1.550	1.974
sivadharmottara	hat	-0.414	-0.693	0.287	0.940	1.098
sivadharmottara	adh	0.943	-0.303	-0.286	2.000	1.695
sivadharmottara	aṇḍ	0.801	0.352	0.282	0.800	0.511
sivadharmottara	aṃś	2.516	0.112	0.281	1.810	1.027
sivadharmottara	ray	1.138	0.242	0.276	1.080	0.824
sivadharmottara	ḥpa	1.466	0.187	0.274	1.200	0.887
sivadharmottara	vac	-1.343	-0.203	0.273	0.330	0.601
sivadharmottara	var	-0.553	0.493	-0.272	2.330	2.664
sivadharmottara	evā	-0.984	0.274	-0.270	0.380	0.619
sivadharmottara	anu	-0.700	-0.385	0.269	0.410	0.570
sivadharmottara	apā	0.800	-0.335	-0.268	1.080	0.884
sivadharmottara	adv	1.456	0.181	0.264	0.830	0.558
sivadharmottara	aṇā	-0.801	0.329	-0.264	0.680	0.837
sivadharmottara	mah	-0.532	-0.494	0.263	2.090	2.558
sivadharmottara	rān	-0.581	-0.447	0.260	0.400	0.506
sivadharmottara	ipr	-1.161	0.222	-0.258	0.330	0.518
sivadharmottara	mar	-0.495	-0.520	0.257	0.610	0.719
sivadharmottara	aśa	-0.935	-0.274	0.256	1.100	1.395
sivadharmottara	vam	-1.252	-0.204	0.255	0.700	0.937
sivadharmottara	hay	1.041	-0.244	-0.254	0.810	0.617
sivadharmottara	amu	0.805	-0.314	-0.253	1.170	0.987
sivadharmottara	ukt	1.240	0.203	0.251	0.960	0.647
sivadharmottara	hās	-1.334	0.188	-0.251	0.310	0.571
sivadharmottara	ṣya	-0.469	-0.534	0.250	0.540	0.683
sivadharmottara	rām	-0.531	-0.471	0.250	0.290	0.546
sivadharmottara	śaṃ	-0.629	-0.395	0.248	0.300	0.521
sivadharmottara	viṣ	-0.959	0.258	-0.248	0.520	0.898
sivadharmottara	vāt	-0.868	0.283	-0.245	0.420	0.548
sivadharmottara	aty	-1.053	-0.232	0.245	0.520	0.735
sivadharmottara	hāy	-0.724	-0.337	0.244	0.420	0.508
sivadharmottara	yaj	0.758	0.321	0.244	0.770	0.573
sivadharmottara	ṃta	-1.227	0.198	-0.243	0.710	1.171
sivadharmottara	ivā	1.872	-0.129	-0.242	1.140	0.696
sivadharmottara	thā	-0.786	0.307	-0.241	2.180	2.648
sivadharmottara	ham	-1.218	-0.198	0.241	0.650	0.872
sivadharmottara	rma	1.063	-0.225	-0.239	1.270	0.907
sivadharmottara	bhū	-1.262	0.188	-0.238	0.820	1.432
sivadharmottara	āga	-0.708	-0.333	0.235	0.680	0.846
sivadharmottara	aiś	1.686	-0.137	-0.231	0.970	0.505
sivadharmottara	aya	-0.634	-0.364	0.231	2.989	3.301
sivadharmottara	arā	-0.386	-0.596	0.230	1.890	2.119
sivadharmottara	arv	0.719	0.314	0.225	2.509	2.064
sivadharmottara	idh	0.528	0.419	0.221	0.840	0.723
sivadharmottara	ayo	0.510	0.430	0.220	0.880	0.756
sivadharmottara	avi	0.699	0.314	0.219	2.220	1.936
sivadharmottara	rāt	-0.884	-0.240	0.212	0.370	0.555
sivadharmottara	sar	0.493	0.419	0.207	2.609	2.313
sivadharmottara	aṇa	-0.665	0.311	-0.207	1.020	1.358
sivadharmottara	yay	-0.815	-0.251	0.205	0.360	0.574
sivadharmottara	viś	-0.940	0.215	-0.202	0.510	0.781
sivadharmottara	śva	-0.529	0.382	-0.202	0.750	1.060
sivadharmottara	aca	-0.944	-0.213	0.201	1.010	1.333
sivadharmottara	vay	-0.753	-0.266	0.201	0.580	0.740
sivadharmottara	dar	-0.985	-0.201	0.198	0.330	0.555
sivadharmottara	haḥ	1.122	-0.176	-0.198	0.760	0.542
sivadharmottara	imā	0.949	0.207	0.196	0.600	0.485
sivadharmottara	ann	1.133	-0.171	-0.194	0.740	0.533
sivadharmottara	pra	1.021	0.189	0.193	4.509	3.747
sivadharmottara	acc	0.513	-0.376	-0.193	0.550	0.473
sivadharmottara	naḥ	0.729	-0.264	-0.192	1.450	1.205
sivadharmottara	eśa	-0.808	-0.235	0.190	0.310	0.501
sivadharmottara	hāt	-1.107	-0.171	0.189	0.600	0.883
sivadharmottara	isa	-0.440	0.428	-0.188	0.670	0.754
sivadharmottara	nas	1.037	0.180	0.187	1.130	0.920
sivadharmottara	ṃśa	0.706	0.260	0.183	0.860	0.690
sivadharmottara	eṣā	-0.585	0.311	-0.182	0.470	0.615
sivadharmottara	ṃca	-1.153	-0.156	0.180	0.710	1.324
sivadharmottara	dya	2.529	-0.071	-0.179	1.130	0.645
sivadharmottara	ity	-0.675	0.264	-0.178	0.550	0.763
sivadharmottara	ima	-0.891	-0.200	0.178	0.470	0.617
sivadharmottara	mit	-0.525	-0.339	0.178	0.430	0.565
sivadharmottara	cav	0.878	0.202	0.177	0.710	0.548
sivadharmottara	ata	-0.320	-0.553	0.177	4.339	4.592
sivadharmottara	ena	1.739	-0.101	-0.176	2.310	1.692
sivadharmottara	vat	-1.044	0.168	-0.175	1.420	1.855
sivadharmottara	aṃc	-0.992	-0.175	0.174	0.640	1.108
sivadharmottara	akā	0.787	0.220	0.173	1.500	1.251
sivadharmottara	dra	-0.542	-0.316	0.172	0.600	0.751
sivadharmottara	rat	-0.331	-0.517	0.171	1.790	2.014
sivadharmottara	ada	-0.678	-0.251	0.170	1.330	1.603
sivadharmottara	any	-0.561	-0.292	0.164	0.450	0.553
sivadharmottara	itā	-1.019	-0.159	0.162	1.280	1.675
sivadharmottara	vij	-0.367	0.440	-0.162	0.440	0.550
sivadharmottara	cak	-0.724	-0.222	0.161	0.720	0.874
sivadharmottara	rad	2.093	0.077	0.160	1.440	0.852
sivadharmottara	oma	-1.892	-0.085	0.160	0.260	0.665
sivadharmottara	yas	-1.030	-0.155	0.159	1.230	1.568
sivadharmottara	sva	-0.746	0.212	-0.158	0.810	1.039
sivadharmottara	rāṇ	0.628	0.250	0.157	1.080	0.886
sivadharmottara	aḥs	2.311	0.068	0.156	3.519	2.383
sivadharmottara	rai	0.831	-0.185	-0.154	0.660	0.476
sivadharmottara	aja	-0.526	-0.290	0.153	0.730	0.869
sivadharmottara	aṃm	-0.343	-0.442	0.151	0.860	0.940
sivadharmottara	tat	-0.776	0.194	-0.151	2.959	3.721
sivadharmottara	tra	0.779	0.191	0.149	2.559	2.152
sivadharmottara	ala	1.429	0.104	0.148	2.060	1.429
sivadharmottara	iḥs	1.650	0.089	0.148	1.010	0.698
sivadharmottara	cai	-1.215	0.121	-0.147	0.230	0.882
sivadharmottara	iśc	2.572	0.057	0.147	1.070	0.506
sivadharmottara	ikā	0.192	0.766	0.147	0.660	0.602
sivadharmottara	lak	-0.433	0.336	-0.145	0.350	0.467
sivadharmottara	inā	1.857	0.078	0.145	0.940	0.629
sivadharmottara	ari	0.375	-0.383	-0.144	1.080	0.970
sivadharmottara	ndh	0.899	-0.160	-0.144	0.830	0.586
sivadharmottara	sya	-0.484	-0.294	0.142	1.740	2.015
sivadharmottara	kar	0.697	0.203	0.142	1.950	1.547
sivadharmottara	āda	-0.357	0.397	-0.142	1.110	1.212
sivadharmottara	arm	0.846	-0.163	-0.138	1.520	1.097
sivadharmottara	taṃ	0.533	-0.251	-0.134	2.410	2.176
sivadharmottara	nta	1.007	-0.132	-0.133	1.590	1.187
sivadharmottara	āṃt	-1.469	-0.089	0.131	0.160	0.507
sivadharmottara	cam	0.765	-0.171	-0.131	0.650	0.541
sivadharmottara	ṃvi	0.549	0.238	0.130	0.820	0.711
sivadharmottara	vāp	0.435	0.299	0.130	0.610	0.522
sivadharmottara	aṃt	-1.164	0.109	-0.126	0.940	1.680
sivadharmottara	ina	0.506	-0.248	-0.126	0.810	0.723
sivadharmottara	kṣi	0.650	-0.193	-0.125	0.720	0.594
sivadharmottara	par	0.557	0.224	0.125	2.579	2.268
sivadharmottara	pur	-0.807	-0.154	0.124	0.680	0.908
sivadharmottara	api	-0.736	0.164	-0.121	0.390	0.559
sivadharmottara	lok	0.553	0.219	0.121	0.820	0.665
sivadharmottara	nan	-0.544	-0.221	0.120	0.460	0.604
sivadharmottara	ārā	-0.378	-0.318	0.120	0.750	0.860
sivadharmottara	āka	-1.066	0.112	-0.119	0.290	0.453
sivadharmottara	bhu	-0.456	0.260	-0.119	0.470	0.577
sivadharmottara	akṣ	-0.330	0.359	-0.118	1.590	1.741
sivadharmottara	raś	-0.623	-0.190	0.118	0.450	0.548
sivadharmottara	tyā	-0.441	0.267	-0.118	0.540	0.659
sivadharmottara	and	0.631	0.185	0.117	1.150	0.935
sivadharmottara	rūp	-0.310	0.375	-0.116	0.510	0.636
sivadharmottara	ama	0.204	-0.556	-0.113	5.159	4.998
sivadharmottara	kār	0.240	0.472	0.113	1.050	0.939
sivadharmottara	ṣaṇ	0.377	0.300	0.113	0.610	0.531
sivadharmottara	ryā	0.640	0.175	0.112	0.590	0.460
sivadharmottara	mas	-0.836	-0.134	0.112	0.630	0.787
sivadharmottara	ram	0.620	0.179	0.111	2.220	1.980
sivadharmottara	ath	-1.901	-0.058	0.111	1.720	3.148
sivadharmottara	uta	-0.590	-0.186	0.110	0.660	0.812
sivadharmottara	hir	0.216	-0.509	-0.110	0.740	0.665
sivadharmottara	āśa	-0.543	0.199	-0.108	0.550	0.691
sivadharmottara	tay	-1.233	-0.086	0.106	0.320	0.502
sivadharmottara	mad	-0.405	-0.252	0.102	0.700	0.796
sivadharmottara	ira	-0.188	-0.537	0.101	0.910	0.978
sivadharmottara	hār	-0.172	-0.583	0.100	1.030	1.115
sivadharmottara	yat	-0.439	0.228	-0.100	3.189	3.471
sivadharmottara	dhā	0.808	0.124	0.100	1.810	1.495
sivadharmottara	tān	-0.433	-0.229	0.099	1.080	1.215
sivadharmottara	āst	-0.441	0.223	-0.098	1.070	1.249
sivadharmottara	mān	-0.582	-0.168	0.098	1.340	1.561
sivadharmottara	hya	0.484	0.202	0.098	1.250	1.124
sivadharmottara	raṇ	-0.612	0.159	-0.098	0.840	1.067
sivadharmottara	sam	2.113	-0.046	-0.098	2.639	1.876
sivadharmottara	ame	-1.495	0.064	-0.096	0.600	0.910
sivadharmottara	āsā	-1.299	0.074	-0.096	0.260	0.494
sivadharmottara	aṃg	-0.282	-0.339	0.095	0.520	0.587
sivadharmottara	ani	-0.375	-0.254	0.095	0.690	0.761
sivadharmottara	tan	0.548	0.173	0.095	0.810	0.693
sivadharmottara	ḥsa	0.317	-0.295	-0.094	2.609	2.438
sivadharmottara	āta	-0.680	-0.135	0.092	1.330	1.512
sivadharmottara	aṃb	-0.619	0.142	-0.088	0.800	1.001
sivadharmottara	hād	0.223	0.393	0.088	0.500	0.457
sivadharmottara	sad	0.345	0.254	0.088	0.580	0.508
sivadharmottara	ṃya	0.460	0.190	0.087	0.610	0.527
sivadharmottara	eṣu	-0.475	0.183	-0.087	0.520	0.630
sivadharmottara	vār	-0.584	-0.147	0.086	0.440	0.572
sivadharmottara	udd	2.236	0.038	0.085	1.020	0.509
sivadharmottara	ṃpr	-0.720	-0.115	0.083	0.920	1.092
sivadharmottara	paś	0.460	-0.179	-0.082	0.610	0.514
sivadharmottara	āya	-0.384	0.212	-0.081	2.150	2.428
sivadharmottara	rād	-0.443	0.183	-0.081	0.460	0.623
sivadharmottara	jan	-0.290	-0.277	0.080	0.830	0.914
sivadharmottara	tha	-0.932	-0.086	0.080	1.570	1.949
sivadharmottara	āvi	-0.609	0.129	-0.078	0.710	0.823
sivadharmottara	hān	1.571	0.049	0.078	1.630	1.207
sivadharmottara	yaś	-0.390	-0.197	0.077	0.620	0.705
sivadharmottara	tad	-0.377	-0.203	0.077	1.170	1.296
sivadharmottara	asy	-0.519	-0.147	0.076	2.010	2.353
sivadharmottara	ādh	1.977	0.037	0.074	1.660	1.098
sivadharmottara	ḥta	-0.255	-0.290	0.074	0.690	0.759
sivadharmottara	aṃn	-0.398	-0.185	0.074	0.740	0.833
sivadharmottara	āṇā	0.972	-0.075	-0.073	0.850	0.625
sivadharmottara	bhy	-0.300	-0.242	0.073	0.550	0.614
sivadharmottara	ita	1.948	-0.037	-0.072	3.389	2.539
sivadharmottara	yap	0.607	-0.119	-0.072	0.880	0.762
sivadharmottara	ḥka	0.444	-0.161	-0.071	0.630	0.549
sivadharmottara	has	-0.375	-0.188	0.070	1.180	1.303
sivadharmottara	ārt	0.262	-0.266	-0.070	0.770	0.694
sivadharmottara	ṃbh	-0.641	0.109	-0.070	0.680	0.856
sivadharmottara	tta	0.157	0.441	0.069	1.280	1.236
sivadharmottara	apa	-0.286	-0.242	0.069	1.690	1.776
sivadharmottara	att	-1.759	-0.039	0.069	0.440	0.891
sivadharmottara	dad	-0.250	-0.275	0.069	0.420	0.469
sivadharmottara	iṣṭ	-0.400	-0.169	0.068	0.790	0.959
sivadharmottara	āyā	-0.208	0.324	-0.067	0.790	0.857
sivadharmottara	ait	-1.340	0.050	-0.067	0.200	0.575
sivadharmottara	can	-0.255	-0.259	0.066	0.720	0.774
sivadharmottara	aṃd	-0.525	-0.126	0.066	0.950	1.150
sivadharmottara	aḥp	1.960	-0.034	-0.066	2.739	2.019
sivadharmottara	nav	0.350	0.184	0.064	0.790	0.714
sivadharmottara	ḥśa	-0.131	-0.487	0.064	0.450	0.481
sivadharmottara	ura	-0.122	-0.519	0.063	0.730	0.768
sivadharmottara	yāṃ	-1.414	0.043	-0.061	0.470	0.986
sivadharmottara	nār	-0.495	-0.124	0.061	0.340	0.480
sivadharmottara	daś	0.154	0.387	0.059	0.630	0.589
sivadharmottara	ate	0.131	0.451	0.059	1.660	1.589
sivadharmottara	āpr	-0.465	0.125	-0.058	0.400	0.468
sivadharmottara	nna	2.987	-0.019	-0.057	1.000	0.483
sivadharmottara	hiḥ	1.558	0.037	0.057	0.800	0.523
sivadharmottara	śat	-0.457	-0.123	0.056	0.500	0.624
sivadharmottara	kṛt	-0.499	-0.113	0.056	1.170	1.361
sivadharmottara	iti	-0.393	0.143	-0.056	0.360	0.519
sivadharmottara	vaṃ	-0.487	0.115	-0.056	1.410	1.600
sivadharmottara	syā	-0.395	0.140	-0.055	0.660	0.770
sivadharmottara	aga	-0.902	-0.060	0.054	0.870	1.275
sivadharmottara	ṃka	-0.813	0.066	-0.054	0.320	0.496
sivadharmottara	yav	-0.134	-0.396	0.053	0.840	0.868
sivadharmottara	alā	0.436	0.122	0.053	0.670	0.583
sivadharmottara	kha	1.934	-0.027	-0.053	1.110	0.645
sivadharmottara	ṅga	0.275	0.182	0.050	0.570	0.489
sivadharmottara	yaṃ	0.262	0.190	0.050	2.330	2.195
sivadharmottara	maḥ	0.463	0.106	0.049	0.630	0.511
sivadharmottara	mya	0.619	-0.078	-0.049	0.640	0.536
sivadharmottara	nam	0.334	0.145	0.049	1.400	1.251
sivadharmottara	saṃ	-0.560	-0.085	0.048	1.890	2.350
sivadharmottara	ndr	-0.726	0.065	-0.047	0.370	0.541
sivadharmottara	nya	-0.229	-0.203	0.046	0.650	0.703
sivadharmottara	dhi	0.450	0.102	0.046	1.280	1.080
sivadharmottara	nām	0.401	0.112	0.045	1.060	0.934
sivadharmottara	san	0.658	0.067	0.044	0.750	0.611
sivadharmottara	ḥpr	1.395	0.031	0.044	1.730	1.280
sivadharmottara	vad	0.593	-0.072	-0.042	1.050	0.911
sivadharmottara	una	0.915	-0.044	-0.040	0.880	0.665
sivadharmottara	haṃ	0.213	-0.189	-0.040	1.670	1.572
sivadharmottara	vas	-0.622	0.064	-0.040	1.080	1.270
sivadharmottara	āṇa	0.273	0.144	0.039	0.540	0.490
sivadharmottara	vyā	0.334	0.117	0.039	0.660	0.583
sivadharmottara	tam	-0.809	-0.048	0.038	1.670	1.936
sivadharmottara	tāḥ	0.379	0.100	0.038	1.300	1.105
sivadharmottara	vaḥ	0.477	-0.078	-0.037	0.620	0.537
sivadharmottara	ten	0.294	0.125	0.037	0.650	0.596
sivadharmottara	tvā	-0.618	-0.059	0.036	1.260	1.611
sivadharmottara	eya	0.896	0.039	0.035	0.790	0.561
sivadharmottara	thi	0.536	-0.064	-0.035	1.020	0.876
sivadharmottara	ṃst	-0.273	-0.126	0.034	0.510	0.559
sivadharmottara	naṃ	1.395	0.025	0.034	2.070	1.411
sivadharmottara	āḥs	0.410	-0.083	-0.034	1.210	1.032
sivadharmottara	maṃ	0.417	0.078	0.032	0.640	0.544
sivadharmottara	ādi	-0.046	0.691	-0.032	0.760	0.780
sivadharmottara	kra	-0.348	-0.091	0.032	0.460	0.522
sivadharmottara	ṇḍa	0.253	-0.124	-0.031	0.700	0.588
sivadharmottara	cap	1.087	0.029	0.031	0.840	0.615
sivadharmottara	ibh	-0.217	0.143	-0.031	1.020	1.085
sivadharmottara	jay	-0.101	-0.302	0.031	0.400	0.432
sivadharmottara	hav	-0.863	-0.035	0.030	1.280	1.665
sivadharmottara	ast	-0.238	0.124	-0.030	2.440	2.592
sivadharmottara	eṇa	0.781	-0.038	-0.029	0.890	0.695
sivadharmottara	ṇaṃ	-0.210	0.137	-0.029	0.650	0.693
sivadharmottara	kṣa	0.128	0.226	0.029	1.670	1.611
sivadharmottara	āśc	0.334	-0.085	-0.029	0.960	0.816
sivadharmottara	āla	0.541	-0.053	-0.028	0.930	0.785
sivadharmottara	nir	0.257	0.110	0.028	0.670	0.615
sivadharmottara	maṇ	-0.118	0.239	-0.028	0.750	0.784
sivadharmottara	ati	0.121	-0.232	-0.028	1.900	1.852
sivadharmottara	amā	-0.243	-0.115	0.028	3.269	3.395
sivadharmottara	āpi	-0.176	0.156	-0.027	0.550	0.590
sivadharmottara	rāh	-1.203	0.023	-0.027	0.250	0.514
sivadharmottara	rṇa	1.570	-0.017	-0.027	0.870	0.464
sivadharmottara	avy	0.158	0.166	0.026	0.540	0.507
sivadharmottara	atī	-1.195	-0.022	0.026	0.290	0.574
sivadharmottara	arṇ	0.147	0.176	0.026	0.520	0.480
sivadharmottara	abh	0.051	-0.505	-0.026	3.089	3.060
sivadharmottara	śca	0.517	-0.048	-0.025	3.069	2.543
sivadharmottara	ubh	-0.239	-0.104	0.025	0.700	0.747
sivadharmottara	atv	-0.628	0.039	-0.025	0.450	0.582
sivadharmottara	vin	0.142	-0.168	-0.024	0.510	0.487
sivadharmottara	ātā	-0.190	0.125	-0.024	0.470	0.500
sivadharmottara	āṇi	0.544	0.043	0.024	0.730	0.606
sivadharmottara	dvi	-0.046	0.507	-0.024	0.670	0.683
sivadharmottara	ṛtā	-0.327	0.072	-0.023	0.480	0.558
sivadharmottara	ave	0.259	0.090	0.023	0.610	0.556
sivadharmottara	ābh	0.069	-0.333	-0.023	1.620	1.600
sivadharmottara	aṃv	0.328	-0.069	-0.023	1.570	1.462
sivadharmottara	aḥt	0.071	-0.311	-0.022	0.690	0.675
sivadharmottara	ṛta	0.455	0.048	0.022	1.220	1.075
sivadharmottara	bha	-0.263	0.083	-0.022	2.959	3.142
sivadharmottara	ade	-0.061	0.349	-0.021	0.600	0.614
sivadharmottara	ajā	-0.622	0.032	-0.020	0.450	0.685
sivadharmottara	ras	-0.196	0.102	-0.020	1.510	1.562
sivadharmottara	ākṣ	-0.473	0.042	-0.020	0.410	0.594
sivadharmottara	uru	0.140	-0.141	-0.020	0.710	0.668
sivadharmottara	ḥpu	-0.102	-0.187	0.019	0.580	0.602
sivadharmottara	anā	0.375	-0.051	-0.019	1.810	1.676
sivadharmottara	ṃsa	0.667	-0.027	-0.018	1.670	1.475
sivadharmottara	raj	-0.119	0.151	-0.018	0.640	0.687
sivadharmottara	tar	-0.450	0.039	-0.018	0.910	1.110
sivadharmottara	tma	-0.213	-0.082	0.018	0.720	0.814
sivadharmottara	riy	-0.251	-0.068	0.017	0.580	0.645
sivadharmottara	akṛ	-0.158	-0.108	0.017	0.460	0.495
sivadharmottara	nāt	0.048	0.328	0.016	0.620	0.606
sivadharmottara	aśc	0.645	0.024	0.015	1.790	1.443
sivadharmottara	iya	0.158	-0.094	-0.015	0.680	0.646
sivadharmottara	vak	-0.041	0.356	-0.014	0.660	0.667
sivadharmottara	āni	0.073	0.190	0.014	1.300	1.271
sivadharmottara	yak	-0.973	0.014	-0.013	0.640	0.842
sivadharmottara	pad	-0.439	0.030	-0.013	0.460	0.559
sivadharmottara	āḥp	0.344	-0.035	-0.012	0.880	0.776
sivadharmottara	asa	-0.066	-0.186	0.012	3.519	3.554
sivadharmottara	aṃk	0.158	0.075	0.012	1.400	1.329
sivadharmottara	trā	0.071	-0.167	-0.012	0.860	0.841
sivadharmottara	aṃp	-0.362	0.032	-0.012	1.820	2.013
sivadharmottara	aṅg	0.042	0.274	0.011	0.480	0.468
sivadharmottara	kal	-0.018	0.610	-0.011	0.500	0.504
sivadharmottara	aśā	-0.177	-0.061	0.011	0.450	0.478
sivadharmottara	ara	-0.258	0.041	-0.011	4.109	4.351
sivadharmottara	sur	-0.412	-0.025	0.010	0.340	0.510
sivadharmottara	śak	-0.094	-0.106	0.010	0.470	0.488
sivadharmottara	ṃpa	-0.120	0.081	-0.010	0.670	0.697
sivadharmottara	sād	-0.093	-0.102	0.009	0.500	0.515
sivadharmottara	ṇam	0.060	0.153	0.009	0.530	0.519
sivadharmottara	rth	0.336	0.027	0.009	1.100	0.937
sivadharmottara	vap	-0.088	0.101	-0.009	0.530	0.543
sivadharmottara	car	-0.756	0.012	-0.009	0.450	0.588
sivadharmottara	bhā	-0.312	0.027	-0.009	1.510	1.615
sivadharmottara	nat	0.076	0.109	0.008	0.520	0.509
sivadharmottara	rāp	0.107	-0.071	-0.008	0.520	0.498
sivadharmottara	vya	-0.062	0.112	-0.007	0.670	0.687
sivadharmottara	ṣṭa	0.206	0.033	0.007	0.840	0.798
sivadharmottara	vai	-1.540	0.004	-0.007	0.450	1.232
sivadharmottara	obh	-0.079	-0.085	0.007	0.630	0.641
sivadharmottara	ana	0.013	-0.486	-0.006	3.249	3.242
sivadharmottara	sta	-0.422	-0.015	0.006	1.450	1.684
sivadharmottara	ṭha	0.135	0.046	0.006	0.610	0.588
sivadharmottara	mār	-0.325	0.018	-0.006	0.470	0.549
sivadharmottara	rab	-0.417	0.013	-0.005	0.610	0.698
sivadharmottara	man	-0.123	-0.043	0.005	2.010	2.078
sivadharmottara	āva	-0.078	0.068	-0.005	1.580	1.603
sivadharmottara	adā	-0.734	0.007	-0.005	1.340	1.685
sivadharmottara	kām	-0.044	0.112	-0.005	0.480	0.490
sivadharmottara	muk	0.137	-0.035	-0.005	0.600	0.569
sivadharmottara	eta	-0.011	0.408	-0.005	0.970	0.973
sivadharmottara	ṇāṃ	-0.036	-0.122	0.004	0.620	0.627
sivadharmottara	rvā	-0.064	-0.059	0.004	0.560	0.571
sivadharmottara	hit	0.036	0.102	0.004	1.290	1.279
sivadharmottara	art	0.053	0.066	0.003	0.720	0.707
sivadharmottara	cas	0.199	-0.017	-0.003	0.790	0.751
sivadharmottara	tas	-0.501	0.006	-0.003	1.620	1.941
sivadharmottara	ṣṭh	0.015	-0.190	-0.003	1.010	1.002
sivadharmottara	nāṃ	0.024	0.120	0.003	1.230	1.222
sivadharmottara	tya	-0.107	-0.026	0.003	1.450	1.485
sivadharmottara	āra	0.468	-0.005	-0.002	2.220	1.976
sivadharmottara	ātm	-0.522	-0.004	0.002	0.990	1.307
sivadharmottara	pit	-0.761	-0.003	0.002	0.330	0.672
sivadharmottara	āny	0.408	0.004	0.002	0.630	0.559
sivadharmottara	aṃj	0.523	0.003	0.002	0.680	0.561
sivadharmottara	raṃ	0.101	-0.016	-0.002	1.650	1.606
sivadharmottara	atr	-0.414	0.004	-0.002	1.120	1.264
sivadharmottara	prā	-0.091	0.008	-0.001	1.210	1.240
sivadharmottara	āṃp	-0.003	-0.202	0.001	0.630	0.630
sivadharmottara	raḥ	0.002	0.019	0.000	0.950	0.949
mbh_15-18_block	rāj	3.489	-0.810	-2.824	4.509	1.235
mbh_15-18_block	āja	2.281	-0.789	-1.799	1.948	0.830
mbh_15-18_block	hār	2.813	-0.583	-1.640	2.511	1.115
mbh_15-18_block	arā	2.423	-0.596	-1.443	3.555	2.119
mbh_15-18_block	hir	2.315	-0.509	-1.179	1.466	0.665
mbh_15-18_block	arṣ	1.904	-0.577	-1.099	1.396	0.687
mbh_15-18_block	ura	1.999	-0.519	-1.036	1.396	0.768
mbh_15-18_block	tāṃ	1.313	-0.783	-1.028	1.235	0.813
mbh_15-18_block	udh	1.985	-0.476	-0.945	1.326	0.564
mbh_15-18_block	hyā	-1.532	0.610	-0.934	0.492	1.041
mbh_15-18_block	atā	1.404	-0.650	-0.913	2.400	1.836
mbh_15-18_block	acc	2.273	-0.376	-0.854	0.813	0.473
mbh_15-18_block	put	1.743	-0.478	-0.833	1.496	0.585
mbh_15-18_block	ana	1.707	-0.486	-0.830	4.208	3.242
mbh_15-18_block	yāt	-1.240	0.655	-0.812	0.693	1.061
mbh_15-18_block	hat	1.146	-0.693	-0.794	1.536	1.098
mbh_15-18_block	ata	1.435	-0.553	-0.793	5.724	4.592
mbh_15-18_block	utr	1.692	-0.452	-0.766	1.567	0.644
mbh_15-18_block	mṛt	-1.056	0.702	-0.741	0.151	0.617
mbh_15-18_block	ira	1.369	-0.537	-0.736	1.476	0.978
mbh_15-18_block	ahm	-1.104	0.656	-0.724	0.131	0.646
mbh_15-18_block	sah	1.355	-0.524	-0.710	1.295	0.793
mbh_15-18_block	rah	-1.277	0.537	-0.686	0.482	1.097
mbh_15-18_block	tap	1.875	-0.364	-0.682	1.085	0.674
mbh_15-18_block	ikā	-0.887	0.766	-0.680	0.331	0.602
mbh_15-18_block	apu	1.323	-0.508	-0.672	0.964	0.660
mbh_15-18_block	dhy	-1.202	0.548	-0.659	0.382	0.727
mbh_15-18_block	ahā	1.255	-0.514	-0.645	2.922	1.974
mbh_15-18_block	mād	-1.247	0.516	-0.643	0.331	0.545
mbh_15-18_block	śaṃ	1.605	-0.395	-0.634	1.085	0.521
mbh_15-18_block	var	-1.266	0.493	-0.624	1.898	2.664
mbh_15-18_block	akt	-1.228	0.504	-0.619	0.281	0.742
mbh_15-18_block	ṃma	0.923	-0.656	-0.605	1.004	0.811
mbh_15-18_block	are	-1.508	0.383	-0.578	0.251	0.653
mbh_15-18_block	rav	1.116	-0.517	-0.577	1.687	1.309
mbh_15-18_block	ndh	3.542	-0.160	-0.566	1.546	0.586
mbh_15-18_block	apā	1.681	-0.335	-0.563	1.295	0.884
mbh_15-18_block	kal	-0.905	0.610	-0.552	0.271	0.504
mbh_15-18_block	mah	1.097	-0.494	-0.541	3.525	2.558
mbh_15-18_block	dvi	-1.040	0.507	-0.527	0.382	0.683
mbh_15-18_block	hāb	0.918	-0.562	-0.516	0.693	0.515
mbh_15-18_block	ādi	-0.746	0.691	-0.515	0.452	0.780
mbh_15-18_block	āda	-1.289	0.397	-0.511	0.844	1.212
mbh_15-18_block	dha	1.535	-0.332	-0.510	3.796	2.882
mbh_15-18_block	atu	-1.209	0.417	-0.504	0.341	0.620
mbh_15-18_block	avi	-1.605	0.314	-0.504	1.285	1.936
mbh_15-18_block	daś	-1.274	0.387	-0.493	0.251	0.589
mbh_15-18_block	akṣ	-1.364	0.359	-0.489	1.115	1.741
mbh_15-18_block	yād	-1.184	0.401	-0.475	0.402	0.739
mbh_15-18_block	rūp	-1.242	0.375	-0.465	0.131	0.636
mbh_15-18_block	ika	-0.812	0.564	-0.458	0.412	0.593
mbh_15-18_block	dṛṣ	0.872	-0.525	-0.458	0.743	0.520
mbh_15-18_block	abh	0.878	-0.505	-0.444	3.565	3.060
mbh_15-18_block	iṣṇ	-1.040	0.426	-0.443	0.050	0.454
mbh_15-18_block	ḥsa	1.493	-0.295	-0.440	3.244	2.438
mbh_15-18_block	vij	-1.000	0.440	-0.440	0.251	0.550
mbh_15-18_block	asm	-0.965	0.453	-0.437	0.432	0.709
mbh_15-18_block	vās	1.330	-0.322	-0.428	1.165	0.859
mbh_15-18_block	ava	0.756	-0.565	-0.427	4.147	3.656
mbh_15-18_block	aṃs	-1.263	0.338	-0.426	1.486	2.042
mbh_15-18_block	vay	1.577	-0.266	-0.420	1.075	0.740
mbh_15-18_block	aṇa	-1.348	0.311	-0.419	0.673	1.358
mbh_15-18_block	tit	-0.754	0.552	-0.416	0.422	0.587
mbh_15-18_block	ātr	-0.549	0.746	-0.410	0.442	0.596
mbh_15-18_block	ṃśa	-1.574	0.260	-0.409	0.311	0.690
mbh_15-18_block	ami	0.811	-0.502	-0.407	0.733	0.540
mbh_15-18_block	tsa	-0.981	0.413	-0.405	0.392	0.562
mbh_15-18_block	ñca	-0.814	0.496	-0.404	0.171	0.579
mbh_15-18_block	eta	-0.978	0.408	-0.399	0.683	0.973
mbh_15-18_block	ārt	1.497	-0.266	-0.399	1.125	0.694
mbh_15-18_block	anu	1.024	-0.385	-0.394	0.803	0.570
mbh_15-18_block	rva	-0.837	0.469	-0.392	1.285	1.691
mbh_15-18_block	hma	-0.776	0.504	-0.391	0.372	0.676
mbh_15-18_block	apr	-1.044	0.372	-0.389	0.874	1.146
mbh_15-18_block	yet	-0.544	0.711	-0.387	0.341	0.533
mbh_15-18_block	uvā	0.882	-0.438	-0.387	1.426	0.947
mbh_15-18_block	ānt	-1.181	0.325	-0.384	0.512	0.879
mbh_15-18_block	nti	-1.096	0.350	-0.384	0.331	0.717
mbh_15-18_block	śva	-1.003	0.382	-0.383	0.472	1.060
mbh_15-18_block	kaṃ	-0.964	0.395	-0.381	0.261	0.496
mbh_15-18_block	ārā	1.192	-0.318	-0.379	1.205	0.860
mbh_15-18_block	ayo	-0.879	0.430	-0.378	0.542	0.756
mbh_15-18_block	har	0.846	-0.444	-0.375	2.440	1.957
mbh_15-18_block	yan	1.212	-0.308	-0.374	1.978	1.452
mbh_15-18_block	vak	-1.028	0.356	-0.366	0.492	0.667
mbh_15-18_block	jan	1.315	-0.277	-0.364	1.295	0.914
mbh_15-18_block	isa	-0.846	0.428	-0.362	0.592	0.754
mbh_15-18_block	vāc	0.911	-0.396	-0.361	1.677	1.148
mbh_15-18_block	sth	-0.626	0.573	-0.359	0.854	1.090
mbh_15-18_block	iṣṭ	2.100	-0.169	-0.355	1.848	0.959
mbh_15-18_block	yaj	-1.085	0.321	-0.349	0.291	0.573
mbh_15-18_block	āyā	-1.065	0.324	-0.345	0.512	0.857
mbh_15-18_block	ṣṭh	1.813	-0.190	-0.345	1.918	1.002
mbh_15-18_block	aṇā	-1.041	0.329	-0.343	0.633	0.837
mbh_15-18_block	āsa	1.468	-0.231	-0.339	2.290	1.786
mbh_15-18_block	van	1.278	-0.264	-0.338	1.546	1.163
mbh_15-18_block	rak	-0.895	0.374	-0.334	0.813	1.082
mbh_15-18_block	āma	-0.888	-0.376	0.334	2.018	2.534
mbh_15-18_block	auv	0.831	-0.401	-0.333	1.115	0.715
mbh_15-18_block	pūr	-0.631	0.527	-0.332	0.432	0.562
mbh_15-18_block	ṃga	0.853	-0.384	-0.327	0.703	0.459
mbh_15-18_block	ḥśa	-0.668	-0.487	0.325	0.321	0.481
mbh_15-18_block	rāt	1.329	-0.240	-0.319	0.833	0.555
mbh_15-18_block	viṣ	-1.209	0.258	-0.312	0.422	0.898
mbh_15-18_block	tad	1.532	-0.203	-0.311	1.808	1.296
mbh_15-18_block	hūt	-0.921	0.336	-0.310	0.452	0.812
mbh_15-18_block	śar	-0.711	-0.435	0.310	0.281	0.523
mbh_15-18_block	lak	-0.911	0.336	-0.306	0.221	0.467
mbh_15-18_block	aṃy	-1.134	0.269	-0.306	0.492	0.754
mbh_15-18_block	evā	-1.101	0.274	-0.302	0.351	0.619
mbh_15-18_block	yay	1.180	-0.251	-0.296	0.884	0.574
mbh_15-18_block	rma	1.285	-0.225	-0.289	1.346	0.907
mbh_15-18_block	tta	-0.654	0.441	-0.289	1.054	1.236
mbh_15-18_block	vāt	-0.992	0.283	-0.280	0.402	0.548
mbh_15-18_block	vid	0.945	0.296	0.279	1.225	0.947
mbh_15-18_block	dhi	2.709	0.102	0.277	2.280	1.080
mbh_15-18_block	śya	0.824	-0.336	-0.277	0.743	0.542
mbh_15-18_block	dra	0.872	-0.316	-0.276	0.994	0.751
mbh_15-18_block	aṃm	0.621	-0.442	-0.274	1.085	0.940
mbh_15-18_block	bhu	-1.046	0.260	-0.272	0.331	0.577
mbh_15-18_block	ama	0.489	-0.556	-0.272	5.383	4.998
mbh_15-18_block	gat	0.926	-0.291	-0.269	1.235	0.948
mbh_15-18_block	mad	-1.066	-0.252	0.269	0.542	0.796
mbh_15-18_block	nar	0.923	-0.290	-0.268	1.105	0.759
mbh_15-18_block	aṇḍ	-0.750	0.352	-0.264	0.241	0.511
mbh_15-18_block	āṇa	-1.819	0.144	-0.261	0.161	0.490
mbh_15-18_block	aṅg	-0.953	0.274	-0.261	0.201	0.468
mbh_15-18_block	avā	0.449	-0.579	-0.260	2.039	1.872
mbh_15-18_block	uru	1.840	-0.141	-0.259	1.215	0.668
mbh_15-18_block	rān	-0.572	-0.447	0.255	0.402	0.506
mbh_15-18_block	aiś	1.847	-0.137	-0.253	1.014	0.505
mbh_15-18_block	pra	-1.335	0.189	-0.252	2.752	3.747
mbh_15-18_block	aṃg	0.742	-0.339	-0.252	0.763	0.587
mbh_15-18_block	āca	0.981	-0.253	-0.248	2.209	1.639
mbh_15-18_block	jay	0.820	-0.302	-0.248	0.693	0.432
mbh_15-18_block	aye	-0.395	0.625	-0.247	0.512	0.698
mbh_15-18_block	ajñ	-0.653	0.378	-0.247	0.402	0.629
mbh_15-18_block	bra	-0.728	0.339	-0.247	0.502	0.833
mbh_15-18_block	ryā	1.396	0.175	0.244	0.743	0.460
mbh_15-18_block	kṣa	-1.080	0.226	-0.244	1.115	1.611
mbh_15-18_block	vin	1.429	-0.168	-0.239	0.713	0.487
mbh_15-18_block	hāy	-0.709	-0.337	0.239	0.422	0.508
mbh_15-18_block	vit	-1.038	0.230	-0.238	0.382	0.562
mbh_15-18_block	yās	0.856	0.275	0.235	0.964	0.738
mbh_15-18_block	apa	0.973	-0.242	-0.235	2.069	1.776
mbh_15-18_block	jñā	0.721	0.318	0.229	1.125	0.798
mbh_15-18_block	imā	-1.100	0.207	-0.228	0.351	0.485
mbh_15-18_block	rat	0.438	-0.517	-0.226	2.310	2.014
mbh_15-18_block	raṇ	-1.386	0.159	-0.221	0.552	1.067
mbh_15-18_block	āpa	-0.617	0.350	-0.216	1.034	1.202
mbh_15-18_block	stu	-0.584	0.368	-0.215	0.452	0.699
mbh_15-18_block	hāt	1.255	-0.171	-0.215	1.205	0.883
mbh_15-18_block	bal	0.323	-0.656	-0.212	0.572	0.472
mbh_15-18_block	thā	0.680	0.307	0.209	3.053	2.648
mbh_15-18_block	vāp	-0.692	0.299	-0.207	0.382	0.522
mbh_15-18_block	ṇam	-1.325	0.153	-0.203	0.271	0.519
mbh_15-18_block	urā	0.876	-0.231	-0.202	0.954	0.747
mbh_15-18_block	hya	-0.969	0.202	-0.196	0.874	1.124
mbh_15-18_block	ṅga	-1.073	0.182	-0.195	0.171	0.489
mbh_15-18_block	nas	-1.076	0.180	-0.194	0.703	0.920
mbh_15-18_block	akr	0.471	-0.410	-0.193	0.582	0.484
mbh_15-18_block	sat	0.611	-0.315	-0.193	1.004	0.853
mbh_15-18_block	arm	1.180	-0.163	-0.193	1.687	1.097
mbh_15-18_block	kta	-0.378	0.509	-0.192	0.482	0.572
mbh_15-18_block	dev	-0.688	0.279	-0.192	1.105	1.691
mbh_15-18_block	yat	-0.839	0.228	-0.191	2.932	3.471
mbh_15-18_block	iva	0.751	0.254	0.191	2.772	2.189
mbh_15-18_block	ukt	0.938	0.203	0.190	0.884	0.647
mbh_15-18_block	naḥ	0.718	-0.264	-0.189	1.446	1.205
mbh_15-18_block	mas	-1.411	-0.134	0.189	0.522	0.787
mbh_15-18_block	vād	-0.401	0.467	-0.188	0.552	0.629
mbh_15-18_block	ṣaṇ	-0.622	0.300	-0.187	0.402	0.531
mbh_15-18_block	aiv	0.780	0.239	0.186	1.898	1.413
mbh_15-18_block	ḥpu	0.996	-0.187	-0.186	0.813	0.602
mbh_15-18_block	dad	0.674	-0.275	-0.186	0.603	0.469
mbh_15-18_block	ṃya	-0.974	0.190	-0.185	0.351	0.527
mbh_15-18_block	aka	-0.542	0.339	-0.184	1.607	1.857
mbh_15-18_block	bhū	-0.965	0.188	-0.182	0.964	1.432
mbh_15-18_block	kār	-0.379	0.472	-0.179	0.763	0.939
mbh_15-18_block	pat	0.403	-0.442	-0.178	1.235	1.114
mbh_15-18_block	air	-0.648	-0.274	0.178	0.713	0.928
mbh_15-18_block	tav	0.332	-0.535	-0.177	0.844	0.761
mbh_15-18_block	hāv	-0.493	0.355	-0.175	0.733	0.833
mbh_15-18_block	ddh	0.537	0.323	0.173	1.597	1.322
mbh_15-18_block	hās	-0.916	0.188	-0.172	0.392	0.571
mbh_15-18_block	āṃś	0.462	-0.373	-0.172	0.693	0.601
mbh_15-18_block	asu	-0.372	-0.462	0.172	0.482	0.572
mbh_15-18_block	ade	-0.489	0.349	-0.171	0.502	0.614
mbh_15-18_block	ṃca	1.078	-0.156	-0.169	1.898	1.324
mbh_15-18_block	mat	0.511	-0.329	-0.168	1.105	0.975
mbh_15-18_block	nām	-1.499	0.112	-0.168	0.462	0.934
mbh_15-18_block	aśa	-0.602	-0.274	0.165	1.205	1.395
mbh_15-18_block	vac	0.803	-0.203	-0.163	0.763	0.601
mbh_15-18_block	viś	-0.758	0.215	-0.163	0.562	0.781
mbh_15-18_block	ṇḍa	1.309	-0.124	-0.163	1.165	0.588
mbh_15-18_block	yas	-1.044	-0.155	0.162	1.225	1.568
mbh_15-18_block	rut	0.439	-0.362	-0.159	0.663	0.567
mbh_15-18_block	cam	0.927	-0.171	-0.158	0.673	0.541
mbh_15-18_block	ānā	-0.671	0.236	-0.158	1.657	2.000
mbh_15-18_block	aṃc	0.887	-0.175	-0.155	1.526	1.108
mbh_15-18_block	ṃvi	-0.649	0.238	-0.154	0.582	0.711
mbh_15-18_block	ibh	-1.071	0.143	-0.153	0.763	1.085
mbh_15-18_block	aḥś	-0.847	-0.181	0.153	0.693	0.940
mbh_15-18_block	āśa	-0.766	0.199	-0.153	0.492	0.691
mbh_15-18_block	akā	-0.686	0.220	-0.151	1.034	1.251
mbh_15-18_block	cch	0.604	-0.250	-0.151	0.934	0.813
mbh_15-18_block	syā	-1.070	0.140	-0.149	0.472	0.770
mbh_15-18_block	kām	-1.320	0.112	-0.148	0.201	0.490
mbh_15-18_block	cak	0.662	-0.222	-0.147	1.014	0.874
mbh_15-18_block	dhā	1.190	0.124	0.147	1.958	1.495
mbh_15-18_block	aḥk	0.541	-0.269	-0.146	1.336	1.198
mbh_15-18_block	ani	-0.569	-0.254	0.145	0.653	0.761
mbh_15-18_block	aṃn	0.771	-0.185	-0.143	1.014	0.833
mbh_15-18_block	nāt	-0.430	0.328	-0.141	0.482	0.606
mbh_15-18_block	rāṇ	-0.560	0.250	-0.140	0.713	0.886
mbh_15-18_block	mās	0.534	-0.263	-0.140	0.833	0.727
mbh_15-18_block	ant	-0.572	0.243	-0.139	1.818	2.192
mbh_15-18_block	rai	-0.742	-0.185	0.137	0.311	0.476
mbh_15-18_block	has	-0.725	-0.188	0.136	1.064	1.303
mbh_15-18_block	hād	-0.346	0.393	-0.136	0.392	0.457
mbh_15-18_block	ābh	0.408	-0.333	-0.136	1.717	1.600
mbh_15-18_block	lok	-0.619	0.219	-0.135	0.492	0.665
mbh_15-18_block	tām	0.273	-0.490	-0.134	0.763	0.706
mbh_15-18_block	ṛta	2.747	0.048	0.132	1.948	1.075
mbh_15-18_block	hak	0.340	0.387	0.132	0.783	0.681
mbh_15-18_block	ātā	-1.050	0.125	-0.132	0.331	0.500
mbh_15-18_block	ray	-0.535	0.242	-0.130	0.703	0.824
mbh_15-18_block	vān	0.204	-0.632	-0.129	1.396	1.312
mbh_15-18_block	sva	-0.604	0.212	-0.128	0.854	1.039
mbh_15-18_block	kar	-0.628	0.203	-0.128	1.185	1.547
mbh_15-18_block	aṃb	-0.886	0.142	-0.126	0.713	1.001
mbh_15-18_block	cai	1.032	0.121	0.125	1.436	0.882
mbh_15-18_block	arṇ	-0.703	0.176	-0.124	0.291	0.480
mbh_15-18_block	maṇ	-0.516	0.239	-0.123	0.633	0.784
mbh_15-18_block	eṣā	0.392	0.311	0.122	0.713	0.615
mbh_15-18_block	tan	-0.703	0.173	-0.122	0.542	0.693
mbh_15-18_block	ṇaṃ	-0.885	0.137	-0.122	0.512	0.693
mbh_15-18_block	ram	-0.678	0.179	-0.121	1.717	1.980
mbh_15-18_block	aca	0.567	-0.213	-0.121	1.526	1.333
mbh_15-18_block	trā	0.715	-0.167	-0.120	1.034	0.841
mbh_15-18_block	ham	-0.597	-0.198	0.118	0.763	0.872
mbh_15-18_block	aha	0.227	-0.519	-0.118	2.049	1.937
mbh_15-18_block	yad	0.219	-0.537	-0.117	1.095	1.023
mbh_15-18_block	hay	-0.461	-0.244	0.113	0.532	0.617
mbh_15-18_block	nav	-0.603	0.184	-0.111	0.582	0.714
mbh_15-18_block	ate	-0.246	0.451	-0.111	1.456	1.589
mbh_15-18_block	han	-0.227	-0.487	0.110	1.044	1.125
mbh_15-18_block	pur	0.698	-0.154	-0.108	1.105	0.908
mbh_15-18_block	āha	0.192	-0.555	-0.107	0.783	0.731
mbh_15-18_block	vaḥ	1.358	-0.078	-0.106	0.773	0.537
mbh_15-18_block	laṃ	-0.412	0.254	-0.105	0.502	0.597
mbh_15-18_block	ṃbh	-0.958	0.109	-0.104	0.592	0.856
mbh_15-18_block	adv	-0.570	0.181	-0.103	0.452	0.558
mbh_15-18_block	yam	0.226	-0.451	-0.102	1.798	1.723
mbh_15-18_block	mit	0.301	-0.339	-0.102	0.643	0.565
mbh_15-18_block	dān	-0.400	0.253	-0.101	0.422	0.522
mbh_15-18_block	asā	-0.331	-0.305	0.101	1.054	1.146
mbh_15-18_block	avy	0.607	0.166	0.101	0.633	0.507
mbh_15-18_block	rya	0.195	-0.510	-0.099	0.823	0.784
mbh_15-18_block	āṃv	0.301	-0.330	-0.099	0.522	0.484
mbh_15-18_block	may	-0.334	-0.294	0.098	0.633	0.697
mbh_15-18_block	āśc	1.138	-0.085	-0.097	1.305	0.816
mbh_15-18_block	any	-0.332	-0.292	0.097	0.492	0.553
mbh_15-18_block	ṃva	0.313	-0.309	-0.097	0.733	0.672
mbh_15-18_block	āga	0.290	-0.333	-0.096	0.914	0.846
mbh_15-18_block	ala	-0.917	0.104	-0.095	1.024	1.429
mbh_15-18_block	nir	-0.858	0.110	-0.094	0.432	0.615
mbh_15-18_block	aty	-0.401	-0.232	0.093	0.653	0.735
mbh_15-18_block	vap	0.913	0.101	0.092	0.683	0.543
mbh_15-18_block	asy	-0.627	-0.147	0.092	1.938	2.353
mbh_15-18_block	maḥ	-0.855	0.106	-0.090	0.291	0.511
mbh_15-18_block	ipr	-0.406	0.222	-0.090	0.452	0.518
mbh_15-18_block	yaḥ	0.235	0.380	0.089	1.265	1.198
mbh_15-18_block	riy	1.298	-0.068	-0.089	0.984	0.645
mbh_15-18_block	ayā	0.165	-0.535	-0.088	2.079	1.989
mbh_15-18_block	dan	0.310	-0.284	-0.088	0.592	0.531
mbh_15-18_block	ṣya	-0.165	-0.534	0.088	0.633	0.683
mbh_15-18_block	tar	2.206	0.039	0.087	2.089	1.110
mbh_15-18_block	ast	-0.692	0.124	-0.086	2.149	2.592
mbh_15-18_block	eva	-0.313	0.274	-0.086	1.848	2.014
mbh_15-18_block	ato	0.185	-0.447	-0.083	0.854	0.792
mbh_15-18_block	āmi	0.184	-0.444	-0.082	0.693	0.644
mbh_15-18_block	iṣy	-0.192	-0.423	0.081	0.452	0.509
mbh_15-18_block	mar	0.156	-0.520	-0.081	0.753	0.719
mbh_15-18_block	āst	0.363	0.223	0.081	1.396	1.249
mbh_15-18_block	daṃ	0.319	-0.252	-0.081	0.542	0.489
mbh_15-18_block	iya	0.837	-0.094	-0.079	0.823	0.646
mbh_15-18_block	āvi	-0.592	0.129	-0.076	0.713	0.823
mbh_15-18_block	āya	-0.357	0.212	-0.076	2.169	2.428
mbh_15-18_block	aiḥ	-0.512	-0.148	0.076	0.844	1.107
mbh_15-18_block	thi	1.149	-0.064	-0.074	1.185	0.876
mbh_15-18_block	nam	-0.508	0.145	-0.074	1.024	1.251
mbh_15-18_block	āpr	-0.589	0.125	-0.074	0.382	0.468
mbh_15-18_block	tān	-0.321	-0.229	0.073	1.115	1.215
mbh_15-18_block	āta	0.544	-0.135	-0.073	1.657	1.512
mbh_15-18_block	amu	-0.233	-0.314	0.073	0.934	0.987
mbh_15-18_block	itā	-0.461	-0.159	0.073	1.496	1.675
mbh_15-18_block	cav	-0.361	0.202	-0.073	0.482	0.548
mbh_15-18_block	yān	-0.307	0.237	-0.073	0.974	1.046
mbh_15-18_block	kra	-0.791	-0.091	0.072	0.382	0.522
mbh_15-18_block	rām	-0.153	-0.471	0.072	0.472	0.546
mbh_15-18_block	vār	-0.487	-0.147	0.072	0.462	0.572
mbh_15-18_block	ari	0.186	-0.383	-0.071	1.024	0.970
mbh_15-18_block	sya	-0.241	-0.294	0.071	1.878	2.015
mbh_15-18_block	ṇāṃ	0.577	-0.122	-0.071	0.733	0.627
mbh_15-18_block	ten	-0.565	0.125	-0.070	0.492	0.596
mbh_15-18_block	aṃś	-0.623	0.112	-0.070	0.833	1.027
mbh_15-18_block	amā	-0.603	-0.115	0.069	3.083	3.395
mbh_15-18_block	mya	-0.802	-0.078	0.063	0.402	0.536
mbh_15-18_block	raj	-0.415	0.151	-0.063	0.522	0.687
mbh_15-18_block	ṛṣṭ	0.123	-0.508	-0.063	1.024	0.986
mbh_15-18_block	ave	-0.688	0.090	-0.062	0.412	0.556
mbh_15-18_block	ena	-0.607	-0.101	0.061	1.476	1.692
mbh_15-18_block	vyā	0.521	0.117	0.061	0.703	0.583
mbh_15-18_block	rāp	0.847	-0.071	-0.060	0.673	0.498
mbh_15-18_block	ubh	-0.579	-0.104	0.060	0.633	0.747
mbh_15-18_block	śat	-0.486	-0.123	0.060	0.492	0.624
mbh_15-18_block	dar	0.295	-0.201	-0.059	0.623	0.555
mbh_15-18_block	obh	-0.689	-0.085	0.059	0.542	0.641
mbh_15-18_block	ada	0.233	-0.251	-0.059	1.697	1.603
mbh_15-18_block	ṃst	0.463	-0.126	-0.058	0.643	0.559
mbh_15-18_block	bhy	-0.242	-0.242	0.058	0.562	0.614
mbh_15-18_block	ivā	0.451	-0.129	-0.058	0.803	0.696
mbh_15-18_block	ina	0.235	-0.248	-0.058	0.763	0.723
mbh_15-18_block	ḥta	0.199	-0.290	-0.058	0.813	0.759
mbh_15-18_block	una	1.316	-0.044	-0.058	0.974	0.665
mbh_15-18_block	yaṃ	0.302	0.190	0.057	2.350	2.195
mbh_15-18_block	vam	-0.280	-0.204	0.057	0.884	0.937
mbh_15-18_block	idh	-0.135	0.419	-0.056	0.693	0.723
mbh_15-18_block	aga	-0.916	-0.060	0.055	0.864	1.275
mbh_15-18_block	haḥ	-0.311	-0.176	0.055	0.482	0.542
mbh_15-18_block	bhi	0.135	-0.406	-0.055	1.526	1.461
mbh_15-18_block	ṃpa	-0.679	0.081	-0.055	0.542	0.697
mbh_15-18_block	rād	0.298	0.183	0.055	0.733	0.623
mbh_15-18_block	āṃp	-0.265	-0.202	0.054	0.592	0.630
mbh_15-18_block	āna	-0.237	0.224	-0.053	2.591	2.723
mbh_15-18_block	par	0.236	0.224	0.053	2.400	2.268
mbh_15-18_block	nya	-0.259	-0.203	0.053	0.643	0.703
mbh_15-18_block	āva	-0.775	0.068	-0.053	1.376	1.603
mbh_15-18_block	māt	0.126	0.416	0.052	0.894	0.859
mbh_15-18_block	tam	-1.091	-0.048	0.052	1.577	1.936
mbh_15-18_block	haṃ	-0.273	-0.189	0.052	1.446	1.572
mbh_15-18_block	yāṃ	-1.188	0.043	-0.051	0.552	0.986
mbh_15-18_block	kṣi	-0.265	-0.193	0.051	0.542	0.594
mbh_15-18_block	ṃta	-0.256	0.198	-0.051	1.075	1.171
mbh_15-18_block	alā	-0.408	0.122	-0.050	0.502	0.583
mbh_15-18_block	āpi	0.316	0.156	0.049	0.663	0.590
mbh_15-18_block	tma	-0.594	-0.082	0.049	0.552	0.814
mbh_15-18_block	inā	0.620	0.078	0.048	0.733	0.629
mbh_15-18_block	aya	0.130	-0.364	-0.047	3.364	3.301
mbh_15-18_block	akṛ	0.434	-0.108	-0.047	0.592	0.495
mbh_15-18_block	sād	-0.455	-0.102	0.046	0.442	0.515
mbh_15-18_block	cat	-0.142	0.321	-0.046	0.934	0.978
mbh_15-18_block	asa	-0.245	-0.186	0.045	3.424	3.554
mbh_15-18_block	vas	-0.704	0.064	-0.045	1.054	1.270
mbh_15-18_block	and	-0.240	0.185	-0.045	0.854	0.935
mbh_15-18_block	ara	-1.072	0.041	-0.044	3.344	4.351
mbh_15-18_block	hit	0.428	0.102	0.044	1.406	1.279
mbh_15-18_block	vat	-0.257	0.168	-0.043	1.747	1.855
mbh_15-18_block	aḥt	0.135	-0.311	-0.042	0.703	0.675
mbh_15-18_block	aṃp	1.304	0.032	0.042	2.711	2.013
mbh_15-18_block	atv	-1.049	0.039	-0.041	0.362	0.582
mbh_15-18_block	tat	0.210	0.194	0.041	3.926	3.721
mbh_15-18_block	cap	1.395	0.029	0.040	0.904	0.615
mbh_15-18_block	adh	0.132	-0.303	-0.040	1.737	1.695
mbh_15-18_block	rvā	0.649	-0.059	-0.038	0.683	0.571
mbh_15-18_block	ndr	-0.591	0.065	-0.038	0.402	0.541
mbh_15-18_block	aṃt	-0.352	0.109	-0.038	1.456	1.680
mbh_15-18_block	maṃ	-0.490	0.078	-0.038	0.432	0.544
mbh_15-18_block	āka	-0.336	0.112	-0.038	0.402	0.453
mbh_15-18_block	aśā	-0.602	-0.061	0.037	0.382	0.478
mbh_15-18_block	kṛt	0.325	-0.113	-0.037	1.486	1.361
mbh_15-18_block	yaś	0.178	-0.197	-0.035	0.743	0.705
mbh_15-18_block	ākṣ	-0.830	0.042	-0.035	0.271	0.594
mbh_15-18_block	nāṃ	-0.288	0.120	-0.035	1.125	1.222
mbh_15-18_block	tra	-0.178	0.191	-0.034	2.059	2.152
mbh_15-18_block	vaṃ	-0.291	0.115	-0.034	1.486	1.600
mbh_15-18_block	api	-0.203	0.164	-0.033	0.512	0.559
mbh_15-18_block	tyā	0.125	0.267	0.033	0.693	0.659
mbh_15-18_block	hān	0.664	0.049	0.033	1.386	1.207
mbh_15-18_block	pad	1.089	0.030	0.032	0.803	0.559
mbh_15-18_block	vya	0.288	0.112	0.032	0.763	0.687
mbh_15-18_block	art	-0.475	0.066	-0.031	0.592	0.707
mbh_15-18_block	ait	-0.620	0.050	-0.031	0.402	0.575
mbh_15-18_block	nta	-0.230	-0.132	0.030	1.095	1.187
mbh_15-18_block	yav	0.076	-0.396	-0.030	0.884	0.868
mbh_15-18_block	tha	-0.347	-0.086	0.030	1.808	1.949
mbh_15-18_block	iśc	-0.519	0.057	-0.030	0.392	0.506
mbh_15-18_block	raś	0.157	-0.190	-0.030	0.572	0.548
mbh_15-18_block	yap	-0.250	-0.119	0.030	0.713	0.762
mbh_15-18_block	iti	0.207	0.143	0.030	0.603	0.519
mbh_15-18_block	sad	0.116	0.254	0.029	0.532	0.508
mbh_15-18_block	tay	-0.341	-0.086	0.029	0.452	0.502
mbh_15-18_block	ann	-0.170	-0.171	0.029	0.502	0.533
mbh_15-18_block	ita	-0.779	-0.037	0.029	2.199	2.539
mbh_15-18_block	vad	0.398	-0.072	-0.029	1.004	0.911
mbh_15-18_block	āni	-0.141	0.190	-0.027	1.215	1.271
mbh_15-18_block	taḥ	0.267	0.099	0.027	2.932	2.799
mbh_15-18_block	bha	-0.316	0.083	-0.026	2.922	3.142
mbh_15-18_block	aṃk	-0.347	0.075	-0.026	1.175	1.329
mbh_15-18_block	eṣu	0.141	0.183	0.026	0.663	0.630
mbh_15-18_block	śak	-0.242	-0.106	0.026	0.442	0.488
mbh_15-18_block	bhā	-0.914	0.027	-0.025	1.305	1.615
mbh_15-18_block	ṃsa	-0.921	-0.027	0.025	1.205	1.475
mbh_15-18_block	jag	0.053	-0.472	-0.025	0.502	0.487
mbh_15-18_block	sur	-0.967	-0.025	0.024	0.110	0.510
mbh_15-18_block	ḥpr	-0.763	0.031	-0.024	1.034	1.280
mbh_15-18_block	str	-0.082	-0.286	0.023	0.582	0.601
mbh_15-18_block	śca	0.481	-0.048	-0.023	3.033	2.543
mbh_15-18_block	oma	0.269	-0.085	-0.023	0.723	0.665
mbh_15-18_block	ajā	-0.697	0.032	-0.023	0.422	0.685
mbh_15-18_block	tvā	-0.379	-0.059	0.022	1.396	1.611
mbh_15-18_block	ādh	0.589	0.037	0.022	1.265	1.098
mbh_15-18_block	aḥp	0.654	-0.034	-0.022	2.259	2.019
mbh_15-18_block	kha	-0.805	-0.027	0.022	0.452	0.645
mbh_15-18_block	eśa	0.091	-0.235	-0.022	0.522	0.501
mbh_15-18_block	tva	-0.056	-0.381	0.021	1.095	1.115
mbh_15-18_block	att	-0.537	-0.039	0.021	0.753	0.891
mbh_15-18_block	naṃ	0.840	0.025	0.021	1.808	1.411
mbh_15-18_block	ṃpr	0.179	-0.115	-0.021	1.135	1.092
mbh_15-18_block	ḥka	0.128	-0.161	-0.021	0.572	0.549
mbh_15-18_block	ṃka	-0.296	0.066	-0.020	0.432	0.496
mbh_15-18_block	man	0.451	-0.043	-0.019	2.330	2.078
mbh_15-18_block	hiḥ	0.505	0.037	0.018	0.613	0.523
mbh_15-18_block	paś	-0.103	-0.179	0.018	0.492	0.514
mbh_15-18_block	āṃs	-0.042	-0.439	0.018	0.924	0.933
mbh_15-18_block	sam	0.394	-0.046	-0.018	2.018	1.876
mbh_15-18_block	ṭha	-0.395	0.046	-0.018	0.522	0.588
mbh_15-18_block	aḥs	0.260	0.068	0.018	2.511	2.383
mbh_15-18_block	aja	-0.059	-0.290	0.017	0.854	0.869
mbh_15-18_block	mār	-0.940	0.018	-0.017	0.321	0.549
mbh_15-18_block	āṇi	-0.368	0.043	-0.016	0.522	0.606
mbh_15-18_block	uta	0.083	-0.186	-0.015	0.833	0.812
mbh_15-18_block	muk	-0.428	-0.035	0.015	0.472	0.569
mbh_15-18_block	tri	-0.050	0.294	-0.015	0.603	0.611
mbh_15-18_block	yak	-1.008	0.014	-0.014	0.633	0.842
mbh_15-18_block	ath	0.220	-0.058	-0.013	3.314	3.148
mbh_15-18_block	nat	-0.116	0.109	-0.013	0.492	0.509
mbh_15-18_block	san	-0.184	0.067	-0.012	0.572	0.611
mbh_15-18_block	dya	-0.169	-0.071	0.012	0.613	0.645
mbh_15-18_block	tya	-0.456	-0.026	0.012	1.336	1.485
mbh_15-18_block	aṃd	0.091	-0.126	-0.011	1.185	1.150
mbh_15-18_block	aṃv	0.165	-0.069	-0.011	1.516	1.462
mbh_15-18_block	anā	-0.222	-0.051	0.011	1.597	1.676
mbh_15-18_block	raḥ	0.577	0.019	0.011	1.115	0.949
mbh_15-18_block	ṛtā	-0.151	0.072	-0.011	0.522	0.558
mbh_15-18_block	rth	0.367	0.027	0.010	1.115	0.937
mbh_15-18_block	rap	0.049	0.195	0.010	0.512	0.505
mbh_15-18_block	eya	0.242	0.039	0.010	0.623	0.561
mbh_15-18_block	āṃt	-0.105	-0.089	0.009	0.482	0.507
mbh_15-18_block	eṇa	-0.249	-0.038	0.009	0.633	0.695
mbh_15-18_block	āḥs	-0.111	-0.083	0.009	0.984	1.032
mbh_15-18_block	āṇā	0.121	-0.075	-0.009	0.653	0.625
mbh_15-18_block	āsā	-0.124	0.074	-0.009	0.472	0.494
mbh_15-18_block	atī	0.418	-0.022	-0.009	0.673	0.574
mbh_15-18_block	nān	-0.039	0.223	-0.009	0.673	0.683
mbh_15-18_block	ity	-0.032	0.264	-0.009	0.753	0.763
mbh_15-18_block	saṃ	-0.098	-0.085	0.008	2.270	2.350
mbh_15-18_block	rad	-0.102	0.077	-0.008	0.823	0.852
mbh_15-18_block	adā	1.114	0.007	0.008	2.209	1.685
mbh_15-18_block	nan	0.033	-0.221	-0.007	0.613	0.604
mbh_15-18_block	iḥs	0.079	0.089	0.007	0.713	0.698
mbh_15-18_block	ima	0.033	-0.200	-0.007	0.623	0.617
mbh_15-18_block	yām	-0.013	-0.475	0.006	1.085	1.089
mbh_15-18_block	car	-0.525	0.012	-0.006	0.492	0.588
mbh_15-18_block	rab	-0.404	0.013	-0.005	0.613	0.698
mbh_15-18_block	āḥp	-0.141	-0.035	0.005	0.733	0.776
mbh_15-18_block	sar	0.012	0.419	0.005	2.320	2.313
mbh_15-18_block	tas	-0.756	0.006	-0.005	1.456	1.941
mbh_15-18_block	rṇa	-0.281	-0.017	0.005	0.392	0.464
mbh_15-18_block	nna	-0.239	-0.019	0.005	0.442	0.483
mbh_15-18_block	mam	0.011	-0.408	-0.005	0.723	0.720
mbh_15-18_block	ame	0.065	0.064	0.004	0.924	0.910
mbh_15-18_block	ṣṭa	-0.123	0.033	-0.004	0.773	0.798
mbh_15-18_block	āny	0.943	0.004	0.004	0.723	0.559
mbh_15-18_block	ati	0.015	-0.232	-0.003	1.858	1.852
mbh_15-18_block	ḥpa	-0.016	0.187	-0.003	0.884	0.887
mbh_15-18_block	sta	-0.193	-0.015	0.003	1.577	1.684
mbh_15-18_block	vai	0.638	0.004	0.003	1.557	1.232
mbh_15-18_block	aśc	0.118	0.024	0.003	1.506	1.443
mbh_15-18_block	raṃ	0.165	-0.016	-0.003	1.677	1.606
mbh_15-18_block	arv	-0.008	0.314	-0.003	2.059	2.064
mbh_15-18_block	āla	-0.044	-0.053	0.002	0.773	0.785
mbh_15-18_block	udd	0.058	0.038	0.002	0.522	0.509
mbh_15-18_block	hav	-0.062	-0.035	0.002	1.637	1.665
mbh_15-18_block	tāḥ	-0.021	0.100	-0.002	1.095	1.105
mbh_15-18_block	taṃ	0.008	-0.251	-0.002	2.179	2.176
mbh_15-18_block	cas	0.115	-0.017	-0.002	0.773	0.751
mbh_15-18_block	mān	-0.011	-0.168	0.002	1.557	1.561
mbh_15-18_block	atr	-0.487	0.004	-0.002	1.095	1.264
mbh_15-18_block	aṃj	0.537	0.003	0.002	0.683	0.561
mbh_15-18_block	āmā	0.005	-0.378	-0.002	0.924	0.923
mbh_15-18_block	ras	0.016	0.102	0.002	1.567	1.562
mbh_15-18_block	can	-0.005	-0.259	0.001	0.773	0.774
mbh_15-18_block	ātm	-0.267	-0.004	0.001	1.145	1.307
mbh_15-18_block	nār	0.008	-0.124	-0.001	0.482	0.480
mbh_15-18_block	rāh	0.037	0.023	0.001	0.522	0.514
mbh_15-18_block	prā	-0.075	0.008	-0.001	1.215	1.240
mbh_15-18_block	pit	-0.155	-0.003	0.000	0.603	0.672
mbh_15-18_block	āra	-0.072	-0.005	0.000	1.938	1.976
bhagavata_merged_12sk	yad	1.496	-0.537	-0.804	1.510	1.023
bhagavata_merged_12sk	ayā	1.288	-0.535	-0.690	2.689	1.989
bhagavata_merged_12sk	ātr	-0.922	0.746	-0.688	0.337	0.596
bhagavata_merged_12sk	rva	-1.426	0.469	-0.668	1.000	1.691
bhagavata_merged_12sk	bhi	1.530	-0.406	-0.621	2.200	1.461
bhagavata_merged_12sk	ayo	1.408	0.430	0.606	1.098	0.756
bhagavata_merged_12sk	sar	-1.394	0.419	-0.585	1.474	2.313
bhagavata_merged_12sk	isa	-1.311	0.428	-0.562	0.504	0.754
bhagavata_merged_12sk	ata	-1.016	-0.553	0.561	3.791	4.592
bhagavata_merged_12sk	sth	-0.975	0.573	-0.559	0.722	1.090
bhagavata_merged_12sk	mah	-1.092	-0.494	0.539	1.596	2.558
bhagavata_merged_12sk	hāb	-0.950	-0.562	0.535	0.330	0.515
bhagavata_merged_12sk	ahā	-1.018	-0.514	0.523	1.205	1.974
bhagavata_merged_12sk	pūr	-0.990	0.527	-0.521	0.358	0.562
bhagavata_merged_12sk	kār	-1.099	0.472	-0.519	0.430	0.939
bhagavata_merged_12sk	pat	1.121	-0.442	-0.496	1.451	1.114
bhagavata_merged_12sk	arv	-1.550	0.314	-0.486	1.102	2.064
bhagavata_merged_12sk	yam	1.072	-0.451	-0.483	2.077	1.723
bhagavata_merged_12sk	vān	0.739	-0.632	-0.467	1.617	1.312
bhagavata_merged_12sk	yet	-0.651	0.711	-0.463	0.304	0.533
bhagavata_merged_12sk	tit	-0.796	0.552	-0.439	0.412	0.587
bhagavata_merged_12sk	ura	0.843	-0.519	-0.437	1.033	0.768
bhagavata_merged_12sk	tta	-0.988	0.441	-0.436	0.962	1.236
bhagavata_merged_12sk	rya	0.844	-0.510	-0.430	0.954	0.784
bhagavata_merged_12sk	avā	0.735	-0.579	-0.425	2.144	1.872
bhagavata_merged_12sk	aja	1.460	-0.290	-0.424	1.256	0.869
bhagavata_merged_12sk	aḥk	1.545	-0.269	-0.416	1.591	1.198
bhagavata_merged_12sk	cat	-1.266	0.321	-0.407	0.588	0.978
bhagavata_merged_12sk	ira	0.744	-0.537	-0.400	1.249	0.978
bhagavata_merged_12sk	abh	0.786	-0.505	-0.397	3.512	3.060
bhagavata_merged_12sk	anu	1.018	-0.385	-0.392	0.802	0.570
bhagavata_merged_12sk	hād	-0.993	0.393	-0.390	0.268	0.457
bhagavata_merged_12sk	āmi	-0.861	-0.444	0.382	0.416	0.644
bhagavata_merged_12sk	atu	-0.915	0.417	-0.381	0.409	0.620
bhagavata_merged_12sk	aya	1.040	-0.364	-0.379	3.811	3.301
bhagavata_merged_12sk	arā	-0.629	-0.596	0.375	1.746	2.119
bhagavata_merged_12sk	sah	-0.696	-0.524	0.365	0.535	0.793
bhagavata_merged_12sk	sva	1.718	0.212	0.364	1.569	1.039
bhagavata_merged_12sk	ikā	-0.471	0.766	-0.361	0.458	0.602
bhagavata_merged_12sk	hir	0.702	-0.509	-0.358	0.908	0.665
bhagavata_merged_12sk	kal	0.578	0.610	0.353	0.653	0.504
bhagavata_merged_12sk	yay	1.395	-0.251	-0.350	0.940	0.574
bhagavata_merged_12sk	tat	-1.730	0.194	-0.336	2.023	3.721
bhagavata_merged_12sk	iva	-1.319	0.254	-0.335	1.166	2.189
bhagavata_merged_12sk	vāp	-1.109	0.299	-0.332	0.297	0.522
bhagavata_merged_12sk	thā	-1.080	0.307	-0.331	2.005	2.648
bhagavata_merged_12sk	āyā	1.015	0.324	0.329	1.186	0.857
bhagavata_merged_12sk	yaḥ	0.836	0.380	0.317	1.437	1.198
bhagavata_merged_12sk	aṅg	1.158	0.274	0.317	0.793	0.468
bhagavata_merged_12sk	hay	1.282	-0.244	-0.313	0.855	0.617
bhagavata_merged_12sk	āṃs	0.688	-0.439	-0.302	1.082	0.933
bhagavata_merged_12sk	ava	0.533	-0.565	-0.302	4.003	3.656
bhagavata_merged_12sk	aca	-1.409	-0.213	0.300	0.851	1.333
bhagavata_merged_12sk	ada	1.184	-0.251	-0.297	2.080	1.603
bhagavata_merged_12sk	eṣā	-0.950	0.311	-0.295	0.379	0.615
bhagavata_merged_12sk	ate	-0.654	0.451	-0.295	1.236	1.589
bhagavata_merged_12sk	uvā	0.665	-0.438	-0.291	1.308	0.947
bhagavata_merged_12sk	āda	0.733	0.397	0.291	1.421	1.212
bhagavata_merged_12sk	āpa	-0.829	0.350	-0.290	0.977	1.202
bhagavata_merged_12sk	apr	-0.771	0.372	-0.287	0.945	1.146
bhagavata_merged_12sk	asā	0.933	-0.305	-0.285	1.403	1.146
bhagavata_merged_12sk	stu	-0.766	0.368	-0.282	0.375	0.699
bhagavata_merged_12sk	āṃś	-0.754	-0.373	0.281	0.451	0.601
bhagavata_merged_12sk	aiv	-1.174	0.239	-0.281	0.682	1.413
bhagavata_merged_12sk	āst	-1.254	0.223	-0.280	0.740	1.249
bhagavata_merged_12sk	ṣaṇ	0.932	0.300	0.279	0.725	0.531
bhagavata_merged_12sk	ṃma	-0.424	-0.656	0.278	0.722	0.811
bhagavata_merged_12sk	aṃm	-0.625	-0.442	0.276	0.794	0.940
bhagavata_merged_12sk	akṣ	-0.769	0.359	-0.276	1.388	1.741
bhagavata_merged_12sk	can	-1.062	-0.259	0.275	0.547	0.774
bhagavata_merged_12sk	ann	1.604	-0.171	-0.275	0.826	0.533
bhagavata_merged_12sk	vak	-0.771	0.356	-0.274	0.536	0.667
bhagavata_merged_12sk	ari	0.707	-0.383	-0.271	1.177	0.970
bhagavata_merged_12sk	daś	-0.670	0.387	-0.259	0.411	0.589
bhagavata_merged_12sk	cav	-1.267	0.202	-0.256	0.315	0.548
bhagavata_merged_12sk	ṃśa	-0.973	0.260	-0.253	0.456	0.690
bhagavata_merged_12sk	ukt	-1.233	0.203	-0.250	0.336	0.647
bhagavata_merged_12sk	ṃvi	1.041	0.238	0.247	0.917	0.711
bhagavata_merged_12sk	asm	-0.544	0.453	-0.246	0.553	0.709
bhagavata_merged_12sk	ṣya	0.461	-0.534	-0.246	0.824	0.683
bhagavata_merged_12sk	var	-0.497	0.493	-0.245	2.364	2.664
bhagavata_merged_12sk	any	0.837	-0.292	-0.244	0.707	0.553
bhagavata_merged_12sk	ñca	-0.489	0.496	-0.243	0.334	0.579
bhagavata_merged_12sk	nan	1.087	-0.221	-0.240	0.891	0.604
bhagavata_merged_12sk	hār	-0.412	-0.583	0.240	0.911	1.115
bhagavata_merged_12sk	ṃya	1.259	0.190	0.239	0.754	0.527
bhagavata_merged_12sk	ṃta	-1.201	0.198	-0.238	0.720	1.171
bhagavata_merged_12sk	cam	-1.385	-0.171	0.237	0.345	0.541
bhagavata_merged_12sk	ity	-0.897	0.264	-0.237	0.480	0.763
bhagavata_merged_12sk	adh	0.779	-0.303	-0.236	1.947	1.695
bhagavata_merged_12sk	yan	0.766	-0.308	-0.236	1.784	1.452
bhagavata_merged_12sk	yav	0.594	-0.396	-0.235	0.992	0.868
bhagavata_merged_12sk	tsa	0.562	0.413	0.232	0.659	0.562
bhagavata_merged_12sk	ana	0.475	-0.486	-0.231	3.511	3.242
bhagavata_merged_12sk	śaṃ	-0.582	-0.395	0.230	0.316	0.521
bhagavata_merged_12sk	mās	-0.867	-0.263	0.228	0.553	0.727
bhagavata_merged_12sk	tra	-1.178	0.191	-0.225	1.535	2.152
bhagavata_merged_12sk	nar	-0.775	-0.290	0.225	0.468	0.759
bhagavata_merged_12sk	nya	1.100	-0.203	-0.224	0.958	0.703
bhagavata_merged_12sk	rak	-0.594	0.374	-0.222	0.904	1.082
bhagavata_merged_12sk	evā	-0.808	0.274	-0.221	0.423	0.619
bhagavata_merged_12sk	avi	0.699	0.314	0.219	2.220	1.936
bhagavata_merged_12sk	āha	0.395	-0.555	-0.219	0.839	0.731
bhagavata_merged_12sk	dar	1.084	-0.201	-0.218	0.803	0.555
bhagavata_merged_12sk	ibh	1.520	0.143	0.217	1.541	1.085
bhagavata_merged_12sk	put	-0.454	-0.478	0.217	0.347	0.585
bhagavata_merged_12sk	rat	-0.418	-0.517	0.216	1.731	2.014
bhagavata_merged_12sk	mad	0.839	-0.252	-0.212	0.996	0.796
bhagavata_merged_12sk	utr	-0.465	-0.452	0.210	0.391	0.644
bhagavata_merged_12sk	vāc	0.526	-0.396	-0.208	1.453	1.148
bhagavata_merged_12sk	aha	-0.398	-0.519	0.206	1.740	1.937
bhagavata_merged_12sk	dān	-0.810	0.253	-0.205	0.319	0.522
bhagavata_merged_12sk	akā	-0.929	0.220	-0.205	0.957	1.251
bhagavata_merged_12sk	jan	0.728	-0.277	-0.202	1.125	0.914
bhagavata_merged_12sk	tāṃ	0.257	-0.783	-0.202	0.896	0.813
bhagavata_merged_12sk	vay	0.751	-0.266	-0.200	0.899	0.740
bhagavata_merged_12sk	kta	-0.387	0.509	-0.197	0.480	0.572
bhagavata_merged_12sk	iṣy	-0.466	-0.423	0.197	0.371	0.509
bhagavata_merged_12sk	hāt	-1.143	-0.171	0.196	0.591	0.883
bhagavata_merged_12sk	vād	-0.416	0.467	-0.194	0.550	0.629
bhagavata_merged_12sk	vac	-0.952	-0.203	0.194	0.409	0.601
bhagavata_merged_12sk	idh	-0.457	0.419	-0.191	0.621	0.723
bhagavata_merged_12sk	atā	0.289	-0.650	-0.188	1.952	1.836
bhagavata_merged_12sk	aśa	-0.684	-0.274	0.188	1.179	1.395
bhagavata_merged_12sk	aṃg	-0.551	-0.339	0.187	0.456	0.587
bhagavata_merged_12sk	dev	-0.667	0.279	-0.186	1.123	1.691
bhagavata_merged_12sk	hāy	0.544	-0.337	-0.183	0.575	0.508
bhagavata_merged_12sk	ani	0.721	-0.254	-0.183	0.899	0.761
bhagavata_merged_12sk	ṅga	0.993	0.182	0.181	0.783	0.489
bhagavata_merged_12sk	van	0.681	-0.264	-0.180	1.367	1.163
bhagavata_merged_12sk	dhy	-0.323	0.548	-0.177	0.634	0.727
bhagavata_merged_12sk	āśa	-0.879	0.199	-0.175	0.463	0.691
bhagavata_merged_12sk	aty	0.750	-0.232	-0.174	0.888	0.735
bhagavata_merged_12sk	śar	-0.399	-0.435	0.174	0.387	0.523
bhagavata_merged_12sk	vam	-0.845	-0.204	0.172	0.777	0.937
bhagavata_merged_12sk	tyā	0.642	0.267	0.171	0.833	0.659
bhagavata_merged_12sk	uru	1.219	-0.141	-0.171	1.030	0.668
bhagavata_merged_12sk	ṃga	-0.444	-0.384	0.170	0.332	0.459
bhagavata_merged_12sk	apu	-0.335	-0.508	0.170	0.583	0.660
bhagavata_merged_12sk	mṛt	-0.241	0.702	-0.169	0.511	0.617
bhagavata_merged_12sk	rut	-0.464	-0.362	0.168	0.465	0.567
bhagavata_merged_12sk	dṛṣ	-0.314	-0.525	0.165	0.440	0.520
bhagavata_merged_12sk	rāṇ	-0.653	0.250	-0.164	0.684	0.886
bhagavata_merged_12sk	ṃva	-0.527	-0.309	0.163	0.570	0.672
bhagavata_merged_12sk	nir	1.465	0.110	0.161	0.928	0.615
bhagavata_merged_12sk	ābh	0.483	-0.333	-0.161	1.739	1.600
bhagavata_merged_12sk	and	0.862	0.185	0.160	1.228	0.935
bhagavata_merged_12sk	tma	1.942	-0.082	-0.160	1.668	0.814
bhagavata_merged_12sk	aye	-0.255	0.625	-0.159	0.578	0.698
bhagavata_merged_12sk	ḥsa	-0.539	-0.295	0.159	2.148	2.438
bhagavata_merged_12sk	tri	-0.538	0.294	-0.158	0.516	0.611
bhagavata_merged_12sk	ḥka	0.971	-0.161	-0.156	0.725	0.549
bhagavata_merged_12sk	aṃc	-0.886	-0.175	0.155	0.690	1.108
bhagavata_merged_12sk	dan	0.544	-0.284	-0.155	0.639	0.531
bhagavata_merged_12sk	kaṃ	-0.390	0.395	-0.154	0.401	0.496
bhagavata_merged_12sk	air	0.559	-0.274	-0.153	1.114	0.928
bhagavata_merged_12sk	bhy	0.628	-0.242	-0.152	0.747	0.614
bhagavata_merged_12sk	ātā	-1.199	0.125	-0.150	0.307	0.500
bhagavata_merged_12sk	sya	-0.509	-0.294	0.150	1.725	2.015
bhagavata_merged_12sk	ṃca	-0.948	-0.156	0.148	0.819	1.324
bhagavata_merged_12sk	pur	0.961	-0.154	-0.148	1.179	0.908
bhagavata_merged_12sk	āpi	-0.950	0.156	-0.148	0.372	0.590
bhagavata_merged_12sk	akt	-0.292	0.504	-0.147	0.633	0.742
bhagavata_merged_12sk	rah	0.273	0.537	0.147	1.228	1.097
bhagavata_merged_12sk	auv	0.364	-0.401	-0.146	0.890	0.715
bhagavata_merged_12sk	vās	-0.453	-0.322	0.146	0.755	0.859
bhagavata_merged_12sk	ajñ	-0.386	0.378	-0.146	0.495	0.629
bhagavata_merged_12sk	eva	-0.521	0.274	-0.143	1.738	2.014
bhagavata_merged_12sk	hya	0.701	0.202	0.142	1.306	1.124
bhagavata_merged_12sk	has	-0.752	-0.188	0.141	1.056	1.303
bhagavata_merged_12sk	āni	-0.740	0.190	-0.140	0.978	1.271
bhagavata_merged_12sk	udh	-0.294	-0.476	0.140	0.451	0.564
bhagavata_merged_12sk	cai	-1.154	0.121	-0.140	0.263	0.882
bhagavata_merged_12sk	ṛṣṭ	-0.276	-0.508	0.140	0.899	0.986
bhagavata_merged_12sk	vyā	-1.188	0.117	-0.139	0.308	0.583
bhagavata_merged_12sk	asa	-0.743	-0.186	0.138	3.160	3.554
bhagavata_merged_12sk	ḥpa	0.731	0.187	0.137	1.043	0.887
bhagavata_merged_12sk	bra	-0.403	0.339	-0.137	0.650	0.833
bhagavata_merged_12sk	avy	-0.809	0.166	-0.134	0.340	0.507
bhagavata_merged_12sk	saṃ	-1.570	-0.085	0.134	1.060	2.350
bhagavata_merged_12sk	aiś	-0.962	-0.137	0.132	0.240	0.505
bhagavata_merged_12sk	rav	-0.253	-0.517	0.131	1.224	1.309
bhagavata_merged_12sk	asu	0.278	-0.462	-0.129	0.639	0.572
bhagavata_merged_12sk	aṃd	-1.019	-0.126	0.128	0.761	1.150
bhagavata_merged_12sk	han	-0.263	-0.487	0.128	1.032	1.125
bhagavata_merged_12sk	naḥ	0.484	-0.264	-0.128	1.367	1.205
bhagavata_merged_12sk	tan	0.730	0.173	0.127	0.849	0.693
bhagavata_merged_12sk	ade	-0.362	0.349	-0.126	0.531	0.614
bhagavata_merged_12sk	sat	0.399	-0.315	-0.126	0.952	0.853
bhagavata_merged_12sk	yaṃ	-0.658	0.190	-0.125	1.858	2.195
bhagavata_merged_12sk	ārt	-0.469	-0.266	0.125	0.560	0.694
bhagavata_merged_12sk	ama	-0.224	-0.556	0.125	4.822	4.998
bhagavata_merged_12sk	sad	-0.488	0.254	-0.124	0.407	0.508
bhagavata_merged_12sk	āpr	-0.986	0.125	-0.123	0.323	0.468
bhagavata_merged_12sk	rān	-0.275	-0.447	0.123	0.456	0.506
bhagavata_merged_12sk	mam	-0.297	-0.408	0.121	0.649	0.720
bhagavata_merged_12sk	āga	-0.363	-0.333	0.121	0.761	0.846
bhagavata_merged_12sk	āta	-0.894	-0.135	0.120	1.273	1.512
bhagavata_merged_12sk	lak	0.358	0.336	0.120	0.563	0.467
bhagavata_merged_12sk	amu	-0.382	-0.314	0.120	0.900	0.987
bhagavata_merged_12sk	ten	-0.961	0.125	-0.120	0.419	0.596
bhagavata_merged_12sk	iya	1.265	-0.094	-0.119	0.914	0.646
bhagavata_merged_12sk	san	1.768	0.067	0.119	0.984	0.611
bhagavata_merged_12sk	ina	-0.477	-0.248	0.119	0.641	0.723
bhagavata_merged_12sk	jay	-0.389	-0.302	0.118	0.308	0.432
bhagavata_merged_12sk	laṃ	-0.454	0.254	-0.115	0.492	0.597
bhagavata_merged_12sk	acc	-0.307	-0.376	0.115	0.427	0.473
bhagavata_merged_12sk	ṣṭh	-0.602	-0.190	0.114	0.698	1.002
bhagavata_merged_12sk	yām	-0.238	-0.475	0.113	1.018	1.089
bhagavata_merged_12sk	uta	0.603	-0.186	-0.112	0.968	0.812
bhagavata_merged_12sk	ārā	-0.352	-0.318	0.112	0.757	0.860
bhagavata_merged_12sk	raś	-0.585	-0.190	0.111	0.456	0.548
bhagavata_merged_12sk	mān	0.658	-0.168	-0.111	1.811	1.561
bhagavata_merged_12sk	bhu	0.424	0.260	0.110	0.676	0.577
bhagavata_merged_12sk	iṣṇ	-0.254	0.426	-0.108	0.355	0.454
bhagavata_merged_12sk	ḥśa	-0.221	-0.487	0.108	0.428	0.481
bhagavata_merged_12sk	aṇa	0.345	0.311	0.107	1.533	1.358
bhagavata_merged_12sk	aṃt	-0.975	0.109	-0.106	1.060	1.680
bhagavata_merged_12sk	raj	0.696	0.151	0.105	0.963	0.687
bhagavata_merged_12sk	akr	-0.254	-0.410	0.104	0.431	0.484
bhagavata_merged_12sk	akṛ	0.955	-0.108	-0.103	0.709	0.495
bhagavata_merged_12sk	tay	1.185	-0.086	-0.102	0.677	0.502
bhagavata_merged_12sk	aṃś	-0.890	0.112	-0.100	0.751	1.027
bhagavata_merged_12sk	aga	1.650	-0.060	-0.099	2.016	1.275
bhagavata_merged_12sk	imā	-0.475	0.207	-0.098	0.427	0.485
bhagavata_merged_12sk	āśc	-1.150	-0.085	0.098	0.321	0.816
bhagavata_merged_12sk	śak	-0.926	-0.106	0.098	0.312	0.488
bhagavata_merged_12sk	apa	0.404	-0.242	-0.098	1.898	1.776
bhagavata_merged_12sk	hyā	-0.160	0.610	-0.098	0.984	1.041
bhagavata_merged_12sk	rūp	-0.260	0.375	-0.098	0.530	0.636
bhagavata_merged_12sk	ipr	-0.438	0.222	-0.097	0.447	0.518
bhagavata_merged_12sk	riy	1.423	-0.068	-0.097	1.017	0.645
bhagavata_merged_12sk	hūt	0.289	0.336	0.097	0.925	0.812
bhagavata_merged_12sk	tām	0.197	-0.490	-0.096	0.747	0.706
bhagavata_merged_12sk	may	0.323	-0.294	-0.095	0.760	0.697
bhagavata_merged_12sk	dad	0.343	-0.275	-0.094	0.537	0.469
bhagavata_merged_12sk	mar	0.181	-0.520	-0.094	0.759	0.719
bhagavata_merged_12sk	itā	-0.589	-0.159	0.094	1.446	1.675
bhagavata_merged_12sk	āsa	-0.403	-0.231	0.093	1.649	1.786
bhagavata_merged_12sk	aḥt	-0.298	-0.311	0.093	0.615	0.675
bhagavata_merged_12sk	bal	-0.141	-0.656	0.092	0.428	0.472
bhagavata_merged_12sk	thi	-1.431	-0.064	0.092	0.490	0.876
bhagavata_merged_12sk	pra	-0.486	0.189	-0.092	3.385	3.747
bhagavata_merged_12sk	eta	-0.223	0.408	-0.091	0.907	0.973
bhagavata_merged_12sk	trā	-0.543	-0.167	0.091	0.693	0.841
bhagavata_merged_12sk	ima	-0.451	-0.200	0.090	0.543	0.617
bhagavata_merged_12sk	yas	0.579	-0.155	-0.090	1.758	1.568
bhagavata_merged_12sk	bha	1.076	0.083	0.090	3.888	3.142
bhagavata_merged_12sk	aḥś	0.490	-0.181	-0.089	1.083	0.940
bhagavata_merged_12sk	āya	0.416	0.212	0.088	2.730	2.428
bhagavata_merged_12sk	ast	-0.707	0.124	-0.088	2.140	2.592
bhagavata_merged_12sk	lok	0.395	0.219	0.086	0.776	0.665
bhagavata_merged_12sk	daṃ	0.342	-0.252	-0.086	0.546	0.489
bhagavata_merged_12sk	vid	0.287	0.296	0.085	1.032	0.947
bhagavata_merged_12sk	aṃy	0.313	0.269	0.084	0.826	0.754
bhagavata_merged_12sk	aṃk	-1.105	0.075	-0.083	0.837	1.329
bhagavata_merged_12sk	māt	0.199	0.416	0.083	0.914	0.859
bhagavata_merged_12sk	rai	-0.446	-0.185	0.083	0.377	0.476
bhagavata_merged_12sk	āma	0.215	-0.376	-0.081	2.658	2.534
bhagavata_merged_12sk	kra	-0.881	-0.091	0.080	0.366	0.522
bhagavata_merged_12sk	kām	0.718	0.112	0.080	0.647	0.490
bhagavata_merged_12sk	rām	0.169	-0.471	-0.080	0.627	0.546
bhagavata_merged_12sk	ami	-0.157	-0.502	0.079	0.503	0.540
bhagavata_merged_12sk	dra	-0.248	-0.316	0.078	0.682	0.751
bhagavata_merged_12sk	ādi	-0.109	0.691	-0.075	0.732	0.780
bhagavata_merged_12sk	cak	-0.337	-0.222	0.075	0.802	0.874
bhagavata_merged_12sk	maṇ	-0.309	0.239	-0.074	0.693	0.784
bhagavata_merged_12sk	ḥta	-0.250	-0.290	0.073	0.691	0.759
bhagavata_merged_12sk	ivā	-0.558	-0.129	0.072	0.564	0.696
bhagavata_merged_12sk	sād	0.699	-0.102	-0.071	0.627	0.515
bhagavata_merged_12sk	vat	0.421	0.168	0.071	2.030	1.855
bhagavata_merged_12sk	ānā	-0.299	0.236	-0.071	1.847	2.000
bhagavata_merged_12sk	vaṃ	-0.610	0.115	-0.070	1.362	1.600
bhagavata_merged_12sk	rāj	-0.087	-0.810	0.070	1.154	1.235
bhagavata_merged_12sk	rāp	-0.984	-0.071	0.070	0.295	0.498
bhagavata_merged_12sk	oma	-0.813	-0.085	0.069	0.491	0.665
bhagavata_merged_12sk	taṃ	-0.274	-0.251	0.069	2.055	2.176
bhagavata_merged_12sk	arṣ	0.118	-0.577	-0.068	0.731	0.687
bhagavata_merged_12sk	ahm	-0.102	0.656	-0.067	0.599	0.646
bhagavata_merged_12sk	hās	-0.354	0.188	-0.067	0.502	0.571
bhagavata_merged_12sk	ant	0.270	0.243	0.066	2.369	2.192
bhagavata_merged_12sk	tāḥ	-0.649	0.100	-0.065	0.772	1.105
bhagavata_merged_12sk	ndh	0.404	-0.160	-0.065	0.696	0.586
bhagavata_merged_12sk	asy	-0.440	-0.147	0.064	2.062	2.353
bhagavata_merged_12sk	bhū	0.334	0.188	0.063	1.594	1.432
bhagavata_merged_12sk	yās	-0.227	0.275	-0.062	0.679	0.738
bhagavata_merged_12sk	tha	-0.730	-0.086	0.062	1.652	1.949
bhagavata_merged_12sk	dya	0.878	-0.071	-0.062	0.813	0.645
bhagavata_merged_12sk	āṃt	-0.680	-0.089	0.061	0.346	0.507
bhagavata_merged_12sk	ham	0.305	-0.198	-0.060	0.928	0.872
bhagavata_merged_12sk	aṃb	-0.422	0.142	-0.060	0.864	1.001
bhagavata_merged_12sk	ath	-1.028	-0.058	0.060	2.376	3.148
bhagavata_merged_12sk	hit	-0.585	0.102	-0.060	1.106	1.279
bhagavata_merged_12sk	iśc	-1.039	0.057	-0.059	0.278	0.506
bhagavata_merged_12sk	rma	0.264	-0.225	-0.059	0.997	0.907
bhagavata_merged_12sk	śca	-1.228	-0.048	0.059	1.293	2.543
bhagavata_merged_12sk	ryā	-0.333	0.175	-0.058	0.393	0.460
bhagavata_merged_12sk	obh	0.682	-0.085	-0.058	0.739	0.641
bhagavata_merged_12sk	apā	-0.171	-0.335	0.057	0.842	0.884
bhagavata_merged_12sk	ānt	-0.175	0.325	-0.057	0.825	0.879
bhagavata_merged_12sk	kṣa	-0.249	0.226	-0.056	1.497	1.611
bhagavata_merged_12sk	vār	-0.382	-0.147	0.056	0.486	0.572
bhagavata_merged_12sk	haṃ	-0.293	-0.189	0.055	1.437	1.572
bhagavata_merged_12sk	urā	-0.236	-0.231	0.055	0.691	0.747
bhagavata_merged_12sk	ras	-0.521	0.102	-0.053	1.422	1.562
bhagavata_merged_12sk	rād	-0.290	0.183	-0.053	0.516	0.623
bhagavata_merged_12sk	ubh	0.498	-0.104	-0.052	0.845	0.747
bhagavata_merged_12sk	aṇā	-0.157	0.329	-0.052	0.807	0.837
bhagavata_merged_12sk	man	1.193	-0.043	-0.052	2.744	2.078
bhagavata_merged_12sk	vij	-0.115	0.440	-0.051	0.515	0.550
bhagavata_merged_12sk	tvā	-0.863	-0.059	0.051	1.121	1.611
bhagavata_merged_12sk	rap	-0.256	0.195	-0.050	0.471	0.505
bhagavata_merged_12sk	ala	0.479	0.104	0.050	1.641	1.429
bhagavata_merged_12sk	vap	-0.491	0.101	-0.050	0.468	0.543
bhagavata_merged_12sk	mat	0.150	-0.329	-0.049	1.013	0.975
bhagavata_merged_12sk	śya	-0.146	-0.336	0.049	0.506	0.542
bhagavata_merged_12sk	rvā	-0.827	-0.059	0.049	0.428	0.571
bhagavata_merged_12sk	śat	-0.396	-0.123	0.049	0.516	0.624
bhagavata_merged_12sk	raṇ	-0.305	0.159	-0.049	0.954	1.067
bhagavata_merged_12sk	ame	-0.759	0.064	-0.049	0.753	0.910
bhagavata_merged_12sk	ato	0.109	-0.447	-0.049	0.828	0.792
bhagavata_merged_12sk	ena	-0.469	-0.101	0.047	1.525	1.692
bhagavata_merged_12sk	gat	0.163	-0.291	-0.047	0.998	0.948
bhagavata_merged_12sk	āja	0.059	-0.789	-0.047	0.859	0.830
bhagavata_merged_12sk	āva	0.688	0.068	0.047	1.804	1.603
bhagavata_merged_12sk	nas	-0.257	0.180	-0.046	0.868	0.920
bhagavata_merged_12sk	cap	-1.604	0.029	-0.046	0.282	0.615
bhagavata_merged_12sk	āḥs	-0.539	-0.083	0.045	0.799	1.032
bhagavata_merged_12sk	āna	-0.198	0.224	-0.044	2.613	2.723
bhagavata_merged_12sk	āvi	0.344	0.129	0.044	0.887	0.823
bhagavata_merged_12sk	vad	0.618	-0.072	-0.044	1.056	0.911
bhagavata_merged_12sk	dha	-0.132	-0.332	0.044	2.803	2.882
bhagavata_merged_12sk	iṣṭ	-0.258	-0.169	0.044	0.850	0.959
bhagavata_merged_12sk	āmā	0.115	-0.378	-0.043	0.952	0.923
bhagavata_merged_12sk	yād	-0.107	0.401	-0.043	0.708	0.739
bhagavata_merged_12sk	nat	-0.389	0.109	-0.042	0.452	0.509
bhagavata_merged_12sk	āṇā	-0.562	-0.075	0.042	0.495	0.625
bhagavata_merged_12sk	hiḥ	1.140	0.037	0.042	0.725	0.523
bhagavata_merged_12sk	nti	-0.118	0.350	-0.041	0.675	0.717
bhagavata_merged_12sk	viṣ	-0.159	0.258	-0.041	0.835	0.898
bhagavata_merged_12sk	hma	-0.081	0.504	-0.041	0.644	0.676
bhagavata_merged_12sk	haḥ	0.232	-0.176	-0.041	0.587	0.542
bhagavata_merged_12sk	taḥ	-0.409	0.099	-0.041	2.594	2.799
bhagavata_merged_12sk	dhi	-0.392	0.102	-0.040	0.907	1.080
bhagavata_merged_12sk	amā	0.348	-0.115	-0.040	3.576	3.395
bhagavata_merged_12sk	ṇāṃ	-0.324	-0.122	0.040	0.567	0.627
bhagavata_merged_12sk	nāt	-0.120	0.328	-0.040	0.571	0.606
bhagavata_merged_12sk	yāt	0.060	0.655	0.039	1.078	1.061
bhagavata_merged_12sk	sam	-0.845	-0.046	0.039	1.571	1.876
bhagavata_merged_12sk	ika	-0.069	0.564	-0.039	0.578	0.593
bhagavata_merged_12sk	ṃpr	-0.334	-0.115	0.038	1.012	1.092
bhagavata_merged_12sk	mād	-0.074	0.516	-0.038	0.532	0.545
bhagavata_merged_12sk	una	-0.863	-0.044	0.038	0.462	0.665
bhagavata_merged_12sk	tav	-0.070	-0.535	0.037	0.744	0.761
bhagavata_merged_12sk	vin	-0.222	-0.168	0.037	0.452	0.487
bhagavata_merged_12sk	ṃka	-0.560	0.066	-0.037	0.375	0.496
bhagavata_merged_12sk	ṭha	-0.782	0.046	-0.036	0.458	0.588
bhagavata_merged_12sk	ddh	-0.107	0.323	-0.035	1.267	1.322
bhagavata_merged_12sk	ave	-0.385	0.090	-0.035	0.475	0.556
bhagavata_merged_12sk	nān	-0.155	0.223	-0.035	0.644	0.683
bhagavata_merged_12sk	aśā	-0.566	-0.061	0.034	0.387	0.478
bhagavata_merged_12sk	āka	-0.304	0.112	-0.034	0.407	0.453
bhagavata_merged_12sk	adv	0.186	0.181	0.034	0.593	0.558
bhagavata_merged_12sk	yān	0.142	0.237	0.034	1.080	1.046
bhagavata_merged_12sk	syā	-0.241	0.140	-0.034	0.703	0.770
bhagavata_merged_12sk	pad	1.129	0.030	0.034	0.812	0.559
bhagavata_merged_12sk	āṃv	0.101	-0.330	-0.033	0.497	0.484
bhagavata_merged_12sk	hat	0.047	-0.693	-0.033	1.116	1.098
bhagavata_merged_12sk	dvi	-0.064	0.507	-0.032	0.665	0.683
bhagavata_merged_12sk	iti	0.223	0.143	0.032	0.609	0.519
bhagavata_merged_12sk	atv	-0.807	0.039	-0.032	0.412	0.582
bhagavata_merged_12sk	hān	-0.611	0.049	-0.030	1.043	1.207
bhagavata_merged_12sk	eṇa	-0.802	-0.038	0.030	0.495	0.695
bhagavata_merged_12sk	ram	-0.165	0.179	-0.030	1.916	1.980
bhagavata_merged_12sk	arṇ	-0.167	0.176	-0.029	0.435	0.480
bhagavata_merged_12sk	nār	0.235	-0.124	-0.029	0.546	0.480
bhagavata_merged_12sk	ṇḍa	-0.233	-0.124	0.029	0.486	0.588
bhagavata_merged_12sk	āca	0.114	-0.253	-0.029	1.706	1.639
bhagavata_merged_12sk	ṛta	0.596	0.048	0.029	1.265	1.075
bhagavata_merged_12sk	aka	0.081	0.339	0.028	1.894	1.857
bhagavata_merged_12sk	yaj	0.085	0.321	0.027	0.595	0.573
bhagavata_merged_12sk	āṇi	-0.625	0.043	-0.027	0.464	0.606
bhagavata_merged_12sk	aḥs	0.398	0.068	0.027	2.578	2.383
bhagavata_merged_12sk	eṣu	-0.146	0.183	-0.027	0.596	0.630
bhagavata_merged_12sk	mya	0.339	-0.078	-0.027	0.593	0.536
bhagavata_merged_12sk	vas	-0.413	0.064	-0.026	1.144	1.270
bhagavata_merged_12sk	ṇam	0.172	0.153	0.026	0.551	0.519
bhagavata_merged_12sk	dhā	-0.210	0.124	-0.026	1.413	1.495
bhagavata_merged_12sk	āsā	-0.346	0.074	-0.026	0.432	0.494
bhagavata_merged_12sk	aśc	-1.057	0.024	-0.025	0.874	1.443
bhagavata_merged_12sk	yāṃ	0.570	0.043	0.025	1.194	0.986
bhagavata_merged_12sk	aṃp	-0.769	0.032	-0.025	1.602	2.013
bhagavata_merged_12sk	aṇḍ	-0.068	0.352	-0.024	0.487	0.511
bhagavata_merged_12sk	aṃs	-0.070	0.338	-0.024	2.011	2.042
bhagavata_merged_12sk	alā	0.193	0.122	0.023	0.621	0.583
bhagavata_merged_12sk	āḥp	-0.661	-0.035	0.023	0.576	0.776
bhagavata_merged_12sk	are	0.061	0.383	0.023	0.669	0.653
bhagavata_merged_12sk	cas	-1.316	-0.017	0.023	0.491	0.751
bhagavata_merged_12sk	nta	0.169	-0.132	-0.022	1.254	1.187
bhagavata_merged_12sk	cch	0.088	-0.250	-0.022	0.831	0.813
bhagavata_merged_12sk	str	-0.076	-0.286	0.022	0.584	0.601
bhagavata_merged_12sk	mas	0.162	-0.134	-0.022	0.817	0.787
bhagavata_merged_12sk	vit	-0.091	0.230	-0.021	0.546	0.562
bhagavata_merged_12sk	tap	0.057	-0.364	-0.021	0.687	0.674
bhagavata_merged_12sk	viś	0.089	0.215	0.019	0.807	0.781
bhagavata_merged_12sk	rad	0.249	0.077	0.019	0.922	0.852
bhagavata_merged_12sk	nav	0.101	0.184	0.019	0.736	0.714
bhagavata_merged_12sk	ḥpu	-0.099	-0.187	0.019	0.580	0.602
bhagavata_merged_12sk	maṃ	-0.236	0.078	-0.018	0.490	0.544
bhagavata_merged_12sk	jñā	0.057	0.318	0.018	0.824	0.798
bhagavata_merged_12sk	tam	0.381	-0.048	-0.018	2.062	1.936
bhagavata_merged_12sk	paś	0.101	-0.179	-0.018	0.535	0.514
bhagavata_merged_12sk	nām	0.148	0.112	0.017	0.980	0.934
bhagavata_merged_12sk	ṣṭa	0.488	0.033	0.016	0.897	0.798
bhagavata_merged_12sk	ara	-0.395	0.041	-0.016	3.980	4.351
bhagavata_merged_12sk	aḥp	0.461	-0.034	-0.016	2.189	2.019
bhagavata_merged_12sk	aiḥ	0.104	-0.148	-0.015	1.161	1.107
bhagavata_merged_12sk	tva	-0.040	-0.381	0.015	1.100	1.115
bhagavata_merged_12sk	nāṃ	0.127	0.120	0.015	1.265	1.222
bhagavata_merged_12sk	ita	0.407	-0.037	-0.015	2.717	2.539
bhagavata_merged_12sk	api	-0.091	0.164	-0.015	0.538	0.559
bhagavata_merged_12sk	nna	0.773	-0.019	-0.015	0.617	0.483
bhagavata_merged_12sk	raṃ	-0.919	-0.016	0.015	1.209	1.606
bhagavata_merged_12sk	rth	-0.520	0.027	-0.014	0.684	0.937
bhagavata_merged_12sk	ādh	0.353	0.037	0.013	1.198	1.098
bhagavata_merged_12sk	yat	-0.058	0.228	-0.013	3.434	3.471
bhagavata_merged_12sk	atī	0.601	-0.022	-0.013	0.716	0.574
bhagavata_merged_12sk	art	-0.199	0.066	-0.013	0.659	0.707
bhagavata_merged_12sk	aṃv	0.188	-0.069	-0.013	1.524	1.462
bhagavata_merged_12sk	kha	0.467	-0.027	-0.013	0.757	0.645
bhagavata_merged_12sk	tya	0.486	-0.026	-0.013	1.644	1.485
bhagavata_merged_12sk	vāt	0.044	0.283	0.013	0.554	0.548
bhagavata_merged_12sk	vya	-0.111	0.112	-0.012	0.657	0.687
bhagavata_merged_12sk	ḥpr	0.388	0.031	0.012	1.405	1.280
bhagavata_merged_12sk	ati	0.052	-0.232	-0.012	1.872	1.852
bhagavata_merged_12sk	ṃsa	-0.444	-0.027	0.012	1.345	1.475
bhagavata_merged_12sk	eya	-0.289	0.039	-0.011	0.487	0.561
bhagavata_merged_12sk	tad	-0.055	-0.203	0.011	1.277	1.296
bhagavata_merged_12sk	aṃn	-0.060	-0.185	0.011	0.819	0.833
bhagavata_merged_12sk	rāh	-0.479	0.023	-0.011	0.409	0.514
bhagavata_merged_12sk	ṃbh	-0.098	0.109	-0.011	0.829	0.856
bhagavata_merged_12sk	eśa	-0.045	-0.235	0.010	0.490	0.501
bhagavata_merged_12sk	ajā	0.319	0.032	0.010	0.805	0.685
bhagavata_merged_12sk	mit	-0.030	-0.339	0.010	0.557	0.565
bhagavata_merged_12sk	ākṣ	-0.237	0.042	-0.010	0.502	0.594
bhagavata_merged_12sk	car	0.850	0.012	0.010	0.743	0.588
bhagavata_merged_12sk	kṣi	-0.051	-0.193	0.010	0.584	0.594
bhagavata_merged_12sk	muk	-0.267	-0.035	0.009	0.508	0.569
bhagavata_merged_12sk	ndr	0.141	0.065	0.009	0.575	0.541
bhagavata_merged_12sk	raḥ	-0.474	0.019	-0.009	0.813	0.949
bhagavata_merged_12sk	hav	-0.261	-0.035	0.009	1.548	1.665
bhagavata_merged_12sk	att	0.228	-0.039	-0.009	0.949	0.891
bhagavata_merged_12sk	tar	-0.227	0.039	-0.009	1.009	1.110
bhagavata_merged_12sk	anā	0.173	-0.051	-0.009	1.738	1.676
bhagavata_merged_12sk	iḥs	0.097	0.089	0.009	0.716	0.698
bhagavata_merged_12sk	hak	-0.022	0.387	-0.008	0.674	0.681
bhagavata_merged_12sk	arm	0.050	-0.163	-0.008	1.122	1.097
bhagavata_merged_12sk	ātm	1.818	-0.004	-0.008	2.413	1.307
bhagavata_merged_12sk	mār	-0.445	0.018	-0.008	0.441	0.549
bhagavata_merged_12sk	śva	-0.020	0.382	-0.008	1.048	1.060
bhagavata_merged_12sk	vaḥ	0.099	-0.078	-0.008	0.554	0.537
bhagavata_merged_12sk	udd	-0.197	0.038	-0.007	0.464	0.509
bhagavata_merged_12sk	hāv	0.018	0.355	0.007	0.836	0.833
bhagavata_merged_12sk	naṃ	-0.266	0.025	-0.007	1.285	1.411
bhagavata_merged_12sk	ray	0.026	0.242	0.006	0.829	0.824
bhagavata_merged_12sk	āla	0.119	-0.053	-0.006	0.817	0.785
bhagavata_merged_12sk	ṃst	0.048	-0.126	-0.006	0.568	0.559
bhagavata_merged_12sk	sta	-0.384	-0.015	0.006	1.470	1.684
bhagavata_merged_12sk	inā	-0.068	0.078	-0.005	0.618	0.629
bhagavata_merged_12sk	ait	-0.096	0.050	-0.005	0.548	0.575
bhagavata_merged_12sk	adā	-0.694	0.007	-0.005	1.358	1.685
bhagavata_merged_12sk	kṛt	-0.041	-0.113	0.005	1.346	1.361
bhagavata_merged_12sk	tān	-0.019	-0.229	0.004	1.209	1.215
bhagavata_merged_12sk	rṇa	-0.249	-0.017	0.004	0.400	0.464
bhagavata_merged_12sk	rāt	0.017	-0.240	-0.004	0.559	0.555
bhagavata_merged_12sk	maḥ	0.039	0.106	0.004	0.521	0.511
bhagavata_merged_12sk	yaś	-0.020	-0.197	0.004	0.700	0.705
bhagavata_merged_12sk	āṃp	0.018	-0.202	-0.004	0.633	0.630
bhagavata_merged_12sk	ṃpa	0.043	0.081	0.004	0.707	0.697
bhagavata_merged_12sk	yap	-0.028	-0.119	0.003	0.756	0.762
bhagavata_merged_12sk	tas	-0.470	0.006	-0.003	1.639	1.941
bhagavata_merged_12sk	vai	-0.670	0.004	-0.003	0.892	1.232
bhagavata_merged_12sk	yak	0.205	0.014	0.003	0.884	0.842
bhagavata_merged_12sk	ṇaṃ	0.020	0.137	0.003	0.697	0.693
bhagavata_merged_12sk	prā	-0.328	0.008	-0.003	1.131	1.240
bhagavata_merged_12sk	āra	-0.501	-0.005	0.003	1.715	1.976
bhagavata_merged_12sk	atr	-0.693	0.004	-0.003	1.022	1.264
bhagavata_merged_12sk	āny	-0.596	0.004	-0.002	0.455	0.559
bhagavata_merged_12sk	nam	-0.015	0.145	-0.002	1.244	1.251
bhagavata_merged_12sk	kar	0.009	0.203	0.002	1.553	1.547
bhagavata_merged_12sk	aṃj	-0.562	0.003	-0.002	0.433	0.561
bhagavata_merged_12sk	par	0.008	0.224	0.002	2.272	2.268
bhagavata_merged_12sk	rab	-0.125	0.013	-0.002	0.672	0.698
bhagavata_merged_12sk	jag	0.003	-0.472	-0.002	0.488	0.487
bhagavata_merged_12sk	sur	0.056	-0.025	-0.001	0.534	0.510
bhagavata_merged_12sk	bhā	-0.030	0.027	-0.001	1.605	1.615
bhagavata_merged_12sk	āṇa	0.005	0.144	0.001	0.491	0.490
bhagavata_merged_12sk	har	-0.001	-0.444	0.000	1.957	1.957
bhagavata_merged_12sk	ṛtā	-0.004	0.072	-0.000	0.557	0.558
bhagavata_merged_12sk	pit	0.019	-0.003	-0.000	0.681	0.672
