text	feature	z	rho_x	contribution	rate_permille	corpus_permille
kirfel_ppl_textgruppe_I_col1	putraḥ	4.736	-0.440	-2.083	4.995	0.697
kirfel_ppl_textgruppe_I_col1	putram	3.008	-0.631	-1.898	1.544	0.337
kirfel_ppl_textgruppe_I_col1	abhavat	2.776	-0.523	-1.451	2.906	0.647
kirfel_ppl_textgruppe_I_col1	āsīt	2.214	-0.593	-1.313	1.862	0.660
kirfel_ppl_textgruppe_I_col1	ha	2.330	-0.557	-1.297	2.225	0.686
kirfel_ppl_textgruppe_I_col1	sutaḥ	3.663	-0.314	-1.149	3.042	0.509
kirfel_ppl_textgruppe_I_col1	rājā	1.531	-0.625	-0.957	3.587	1.251
kirfel_ppl_textgruppe_I_col1	balaḥ	1.593	-0.586	-0.933	0.863	0.318
kirfel_ppl_textgruppe_I_col1	mahātmanaḥ	1.909	-0.478	-0.913	0.999	0.366
kirfel_ppl_textgruppe_I_col1	babhūva	1.690	-0.507	-0.856	0.772	0.288
kirfel_ppl_textgruppe_I_col1	putrāḥ	2.787	-0.291	-0.810	2.498	0.495
kirfel_ppl_textgruppe_I_col1	ādāya	1.792	-0.449	-0.804	0.772	0.295
kirfel_ppl_textgruppe_I_col1	dadau	2.496	-0.311	-0.775	1.090	0.284
kirfel_ppl_textgruppe_I_col1	hatvā	1.564	-0.492	-0.770	0.772	0.251
kirfel_ppl_textgruppe_I_col1	dvijāḥ	2.339	0.325	0.759	1.317	0.327
kirfel_ppl_textgruppe_I_col1	viprāḥ	2.783	0.265	0.738	0.954	0.216
kirfel_ppl_textgruppe_I_col1	svam	2.428	-0.304	-0.738	0.681	0.244
kirfel_ppl_textgruppe_I_col1	varaḥ	1.422	-0.519	-0.738	0.590	0.273
kirfel_ppl_textgruppe_I_col1	tejasā	1.420	-0.504	-0.715	0.681	0.305
kirfel_ppl_textgruppe_I_col1	rājyam	1.527	-0.467	-0.713	0.908	0.338
kirfel_ppl_textgruppe_I_col1	rājānam	1.133	-0.603	-0.683	0.772	0.298
kirfel_ppl_textgruppe_I_col1	pituḥ	1.797	-0.376	-0.676	0.727	0.214
kirfel_ppl_textgruppe_I_col1	eka	-1.149	0.559	-0.642	0.091	0.584
kirfel_ppl_textgruppe_I_col1	tām	1.058	-0.572	-0.605	2.543	1.631
kirfel_ppl_textgruppe_I_col1	putra	1.587	-0.375	-0.595	1.635	0.658
kirfel_ppl_textgruppe_I_col1	jñāna	-0.844	0.692	-0.584	0.000	0.557
kirfel_ppl_textgruppe_I_col1	tam	0.744	-0.783	-0.583	3.996	2.946
kirfel_ppl_textgruppe_I_col1	param	-1.026	0.558	-0.572	0.227	1.043
kirfel_ppl_textgruppe_I_col1	sa	0.817	-0.698	-0.571	9.672	7.531
kirfel_ppl_textgruppe_I_col1	tu	2.475	0.229	0.567	23.749	9.619
kirfel_ppl_textgruppe_I_col1	tad	-0.904	0.602	-0.544	0.500	2.296
kirfel_ppl_textgruppe_I_col1	catur	-1.012	0.535	-0.542	0.000	0.275
kirfel_ppl_textgruppe_I_col1	dharma	1.953	-0.274	-0.534	2.952	1.283
kirfel_ppl_textgruppe_I_col1	paraḥ	-0.910	0.573	-0.522	0.045	0.349
kirfel_ppl_textgruppe_I_col1	mahā	0.756	-0.686	-0.519	9.445	6.417
kirfel_ppl_textgruppe_I_col1	mahat	1.060	-0.483	-0.512	0.863	0.498
kirfel_ppl_textgruppe_I_col1	ucyate	0.982	0.521	0.512	0.999	0.425
kirfel_ppl_textgruppe_I_col1	kim	-1.132	-0.445	0.503	0.182	1.420
kirfel_ppl_textgruppe_I_col1	tejāḥ	1.058	-0.475	-0.503	0.817	0.310
kirfel_ppl_textgruppe_I_col1	nṛpaḥ	2.351	-0.213	-0.501	1.044	0.248
kirfel_ppl_textgruppe_I_col1	imām	0.989	-0.506	-0.501	0.636	0.314
kirfel_ppl_textgruppe_I_col1	pāda	-0.939	0.533	-0.500	0.000	0.408
kirfel_ppl_textgruppe_I_col1	saha	0.823	-0.599	-0.493	1.907	1.290
kirfel_ppl_textgruppe_I_col1	artha	-1.001	0.485	-0.486	0.136	0.518
kirfel_ppl_textgruppe_I_col1	sutāḥ	2.951	-0.164	-0.484	1.589	0.298
kirfel_ppl_textgruppe_I_col1	sarva	-1.126	0.414	-0.467	1.544	3.660
kirfel_ppl_textgruppe_I_col1	atha	1.653	-0.280	-0.462	4.677	2.753
kirfel_ppl_textgruppe_I_col1	sapta	1.171	0.382	0.447	1.408	0.659
kirfel_ppl_textgruppe_I_col1	varam	1.085	-0.408	-0.442	0.817	0.404
kirfel_ppl_textgruppe_I_col1	aṣṭa	-0.822	0.522	-0.429	0.000	0.242
kirfel_ppl_textgruppe_I_col1	jāyate	-0.705	0.607	-0.428	0.045	0.338
kirfel_ppl_textgruppe_I_col1	ādi	-0.520	0.793	-0.412	0.318	1.268
kirfel_ppl_textgruppe_I_col1	parama	1.302	-0.311	-0.405	1.090	0.570
kirfel_ppl_textgruppe_I_col1	ādibhiḥ	-0.717	0.564	-0.404	0.091	0.339
kirfel_ppl_textgruppe_I_col1	smṛtāḥ	0.994	0.396	0.393	1.499	0.554
kirfel_ppl_textgruppe_I_col1	kaḥ	-0.719	-0.531	0.382	0.272	0.548
kirfel_ppl_textgruppe_I_col1	tasya	2.664	-0.142	-0.377	7.220	2.843
kirfel_ppl_textgruppe_I_col1	sārdham	-0.933	-0.400	0.374	0.000	0.222
kirfel_ppl_textgruppe_I_col1	iva	-0.599	-0.618	0.370	0.908	2.341
kirfel_ppl_textgruppe_I_col1	tri	-0.646	0.560	-0.362	0.091	0.398
kirfel_ppl_textgruppe_I_col1	tau	0.600	-0.591	-0.354	0.681	0.437
kirfel_ppl_textgruppe_I_col1	tā	-0.896	0.393	-0.352	0.000	0.267
kirfel_ppl_textgruppe_I_col1	sadā	-0.769	0.457	-0.351	0.363	1.143
kirfel_ppl_textgruppe_I_col1	vayam	-0.606	-0.579	0.351	0.136	0.349
kirfel_ppl_textgruppe_I_col1	namaḥ	-0.663	0.523	-0.346	0.045	1.344
kirfel_ppl_textgruppe_I_col1	asi	-0.577	-0.599	0.346	0.227	0.549
kirfel_ppl_textgruppe_I_col1	cakre	0.836	-0.413	-0.346	0.545	0.304
kirfel_ppl_textgruppe_I_col1	kramāt	-0.591	0.584	-0.345	0.000	0.187
kirfel_ppl_textgruppe_I_col1	jñānam	-0.503	0.683	-0.344	0.091	0.495
kirfel_ppl_textgruppe_I_col1	ṣaṣ	-0.608	0.565	-0.344	0.091	0.245
kirfel_ppl_textgruppe_I_col1	viṣṇu	-0.626	0.545	-0.341	0.000	0.563
kirfel_ppl_textgruppe_I_col1	lakṣaṇam	-0.654	0.521	-0.341	0.045	0.234
kirfel_ppl_textgruppe_I_col1	tava	0.570	-0.591	-0.337	1.544	1.080
kirfel_ppl_textgruppe_I_col1	vīra	-0.480	-0.702	0.337	0.091	0.275
kirfel_ppl_textgruppe_I_col1	yāti	-0.661	0.509	-0.336	0.091	0.296
kirfel_ppl_textgruppe_I_col1	tadā	0.600	-0.559	-0.336	3.724	2.713
kirfel_ppl_textgruppe_I_col1	kuryāt	-0.624	0.537	-0.335	0.000	0.435
kirfel_ppl_textgruppe_I_col1	mahān	0.760	-0.434	-0.330	0.681	0.442
kirfel_ppl_textgruppe_I_col1	sūrya	-0.863	0.380	-0.328	0.091	0.362
kirfel_ppl_textgruppe_I_col1	asya	-0.829	-0.395	0.328	0.454	0.890
kirfel_ppl_textgruppe_I_col1	snānam	-0.603	0.534	-0.322	0.000	0.173
kirfel_ppl_textgruppe_I_col1	eva	1.393	0.230	0.320	15.757	9.926
kirfel_ppl_textgruppe_I_col1	smṛtam	-0.554	0.576	-0.319	0.091	0.313
kirfel_ppl_textgruppe_I_col1	pāpa	-0.769	0.409	-0.315	0.136	0.687
kirfel_ppl_textgruppe_I_col1	vā	-0.850	0.369	-0.314	1.181	3.198
kirfel_ppl_textgruppe_I_col1	mām	-0.550	-0.565	0.311	0.636	1.129
kirfel_ppl_textgruppe_I_col1	āsa	-0.609	-0.496	0.302	0.000	0.526
kirfel_ppl_textgruppe_I_col1	ete	2.318	0.130	0.302	2.997	0.878
kirfel_ppl_textgruppe_I_col1	ādikam	-0.577	0.518	-0.299	0.000	0.171
kirfel_ppl_textgruppe_I_col1	rudra	-0.541	0.551	-0.298	0.045	0.274
kirfel_ppl_textgruppe_I_col1	ādyāḥ	-0.529	0.559	-0.295	0.136	0.417
kirfel_ppl_textgruppe_I_col1	vai	2.370	0.124	0.295	8.582	3.108
kirfel_ppl_textgruppe_I_col1	uktaḥ	0.601	-0.489	-0.294	0.545	0.354
kirfel_ppl_textgruppe_I_col1	jala	-0.952	0.307	-0.292	0.000	0.241
kirfel_ppl_textgruppe_I_col1	satya	0.951	-0.307	-0.292	0.727	0.366
kirfel_ppl_textgruppe_I_col1	dṛṣṭvā	-0.455	-0.642	0.292	1.362	1.951
kirfel_ppl_textgruppe_I_col1	īśvara	-0.906	0.316	-0.286	0.000	0.234
kirfel_ppl_textgruppe_I_col1	tvām	-0.413	-0.693	0.286	0.409	0.636
kirfel_ppl_textgruppe_I_col1	paramam	-0.963	0.296	-0.285	0.000	0.375
kirfel_ppl_textgruppe_I_col1	sva	-0.775	0.358	-0.278	0.636	1.646
kirfel_ppl_textgruppe_I_col1	śoka	-0.564	-0.492	0.277	0.000	0.331
kirfel_ppl_textgruppe_I_col1	imam	1.157	-0.239	-0.277	0.545	0.271
kirfel_ppl_textgruppe_I_col1	pūjayet	-0.530	0.522	-0.277	0.000	0.186
kirfel_ppl_textgruppe_I_col1	phala	-0.595	0.460	-0.274	0.136	0.392
kirfel_ppl_textgruppe_I_col1	pūrvam	1.732	-0.157	-0.272	1.544	0.751
kirfel_ppl_textgruppe_I_col1	aham	-0.658	-0.413	0.271	1.635	2.578
kirfel_ppl_textgruppe_I_col1	bhaviṣyati	1.019	-0.265	-0.270	0.817	0.411
kirfel_ppl_textgruppe_I_col1	yāvat	-0.689	0.391	-0.269	0.182	0.424
kirfel_ppl_textgruppe_I_col1	śrutvā	-0.411	-0.647	0.266	0.727	1.088
kirfel_ppl_textgruppe_I_col1	enam	-0.404	-0.655	0.265	0.182	0.336
kirfel_ppl_textgruppe_I_col1	kṛta	-0.829	-0.317	0.263	0.318	0.664
kirfel_ppl_textgruppe_I_col1	kila	1.225	-0.213	-0.261	0.454	0.194
kirfel_ppl_textgruppe_I_col1	lokān	0.725	-0.358	-0.260	0.590	0.331
kirfel_ppl_textgruppe_I_col1	bhaktyā	-0.693	0.371	-0.257	0.045	0.314
kirfel_ppl_textgruppe_I_col1	smṛtaḥ	0.485	0.523	0.254	1.044	0.636
kirfel_ppl_textgruppe_I_col1	māyā	-0.703	0.361	-0.254	0.045	0.382
kirfel_ppl_textgruppe_I_col1	uvāca	-0.704	-0.360	0.254	2.543	4.871
kirfel_ppl_textgruppe_I_col1	guṇa	-0.678	0.373	-0.253	0.182	0.683
kirfel_ppl_textgruppe_I_col1	kuru	-0.445	-0.555	0.247	0.182	0.404
kirfel_ppl_textgruppe_I_col1	syāt	-0.593	0.416	-0.246	0.136	0.697
kirfel_ppl_textgruppe_I_col1	raṇe	-0.383	-0.631	0.242	0.045	0.358
kirfel_ppl_textgruppe_I_col1	viṣṇoḥ	-0.745	0.323	-0.241	0.045	0.380
kirfel_ppl_textgruppe_I_col1	kecid	-0.646	0.372	-0.240	0.000	0.265
kirfel_ppl_textgruppe_I_col1	nāga	-0.801	-0.300	0.240	0.045	0.224
kirfel_ppl_textgruppe_I_col1	bhavān	-0.713	-0.335	0.239	0.091	0.330
kirfel_ppl_textgruppe_I_col1	ayam	-0.449	-0.533	0.239	0.772	1.094
kirfel_ppl_textgruppe_I_col1	phalam	-0.574	0.416	-0.239	0.136	0.707
kirfel_ppl_textgruppe_I_col1	sādhu	-0.702	-0.340	0.238	0.045	0.298
kirfel_ppl_textgruppe_I_col1	tena	1.316	-0.180	-0.237	2.225	1.319
kirfel_ppl_textgruppe_I_col1	gṛhe	-0.919	0.255	-0.234	0.000	0.193
kirfel_ppl_textgruppe_I_col1	tapasā	1.832	-0.127	-0.232	0.908	0.328
kirfel_ppl_textgruppe_I_col1	rājan	-0.383	-0.605	0.232	0.454	0.939
kirfel_ppl_textgruppe_I_col1	uktam	-0.453	0.509	-0.230	0.136	0.306
kirfel_ppl_textgruppe_I_col1	ādayaḥ	-0.504	0.457	-0.230	0.227	0.467
kirfel_ppl_textgruppe_I_col1	puṇyam	-0.546	0.420	-0.230	0.091	0.481
kirfel_ppl_textgruppe_I_col1	mā	-0.413	-0.553	0.229	0.318	0.529
kirfel_ppl_textgruppe_I_col1	indraḥ	1.013	-0.223	-0.226	0.681	0.290
kirfel_ppl_textgruppe_I_col1	varṣa	1.689	0.134	0.226	1.090	0.441
kirfel_ppl_textgruppe_I_col1	diśaḥ	-0.539	-0.418	0.225	0.136	0.284
kirfel_ppl_textgruppe_I_col1	rūpam	-0.743	0.303	-0.225	0.318	0.710
kirfel_ppl_textgruppe_I_col1	dadyāt	-0.575	0.390	-0.225	0.000	0.331
kirfel_ppl_textgruppe_I_col1	mayam	-0.731	0.304	-0.222	0.091	0.259
kirfel_ppl_textgruppe_I_col1	sat	-0.546	0.405	-0.221	0.136	0.305
kirfel_ppl_textgruppe_I_col1	dam	-0.557	0.397	-0.221	0.045	0.210
kirfel_ppl_textgruppe_I_col1	tasmin	1.329	-0.165	-0.220	0.999	0.527
kirfel_ppl_textgruppe_I_col1	śara	-0.391	-0.560	0.219	0.045	0.288
kirfel_ppl_textgruppe_I_col1	vara	0.693	-0.314	-0.218	0.817	0.561
kirfel_ppl_textgruppe_I_col1	iyam	0.728	-0.293	-0.213	0.727	0.440
kirfel_ppl_textgruppe_I_col1	aṅga	-0.842	0.250	-0.211	0.000	0.291
kirfel_ppl_textgruppe_I_col1	bhavet	-0.380	0.554	-0.211	0.500	0.856
kirfel_ppl_textgruppe_I_col1	tāta	-0.413	-0.510	0.211	0.182	0.334
kirfel_ppl_textgruppe_I_col1	yat	-1.308	0.160	-0.209	0.681	2.452
kirfel_ppl_textgruppe_I_col1	ātma	-0.567	0.369	-0.209	0.227	0.823
kirfel_ppl_textgruppe_I_col1	nṛṇām	-0.668	0.313	-0.209	0.000	0.275
kirfel_ppl_textgruppe_I_col1	āsādya	-0.570	-0.366	0.209	0.091	0.238
kirfel_ppl_textgruppe_I_col1	koṭi	-0.409	0.511	-0.209	0.000	0.327
kirfel_ppl_textgruppe_I_col1	abravīt	0.308	-0.675	-0.208	1.226	0.893
kirfel_ppl_textgruppe_I_col1	āhuḥ	-0.685	0.299	-0.205	0.000	0.339
kirfel_ppl_textgruppe_I_col1	varṇa	-0.463	0.442	-0.205	0.136	0.285
kirfel_ppl_textgruppe_I_col1	tāvat	-1.101	0.186	-0.205	0.045	0.313
kirfel_ppl_textgruppe_I_col1	padam	-0.445	0.459	-0.204	0.182	0.365
kirfel_ppl_textgruppe_I_col1	atas	-0.470	0.427	-0.201	0.227	0.491
kirfel_ppl_textgruppe_I_col1	ādau	-0.331	0.603	-0.200	0.136	0.232
kirfel_ppl_textgruppe_I_col1	daśa	0.678	0.294	0.200	1.090	0.731
kirfel_ppl_textgruppe_I_col1	śaraiḥ	-0.361	-0.551	0.199	0.000	0.257
kirfel_ppl_textgruppe_I_col1	rāja	-0.303	-0.656	0.198	0.681	1.018
kirfel_ppl_textgruppe_I_col1	guru	-0.595	0.332	-0.198	0.091	0.257
kirfel_ppl_textgruppe_I_col1	ratham	0.363	-0.542	-0.197	0.363	0.222
kirfel_ppl_textgruppe_I_col1	asmi	0.408	-0.483	-0.197	0.454	0.327
kirfel_ppl_textgruppe_I_col1	pitaraḥ	-0.586	0.332	-0.195	0.000	0.246
kirfel_ppl_textgruppe_I_col1	kṛtam	-1.042	-0.187	0.195	0.182	0.676
kirfel_ppl_textgruppe_I_col1	vacaḥ	-0.310	-0.617	0.191	0.409	0.558
kirfel_ppl_textgruppe_I_col1	cit	-0.592	-0.322	0.191	0.000	0.447
kirfel_ppl_textgruppe_I_col1	karma	-0.818	0.233	-0.191	0.272	0.744
kirfel_ppl_textgruppe_I_col1	viṣṇuḥ	-0.556	0.342	-0.190	0.272	0.626
kirfel_ppl_textgruppe_I_col1	bhārata	-0.512	-0.371	0.190	0.000	0.404
kirfel_ppl_textgruppe_I_col1	śiva	-0.348	0.545	-0.190	0.000	0.901
kirfel_ppl_textgruppe_I_col1	śīghram	-0.436	-0.431	0.188	0.091	0.216
kirfel_ppl_textgruppe_I_col1	naraḥ	-0.424	0.443	-0.188	0.227	0.583
kirfel_ppl_textgruppe_I_col1	yena	1.989	-0.094	-0.187	1.181	0.526
kirfel_ppl_textgruppe_I_col1	śāstra	-0.905	0.205	-0.185	0.000	0.204
kirfel_ppl_textgruppe_I_col1	veda	-0.372	0.497	-0.185	0.409	0.587
kirfel_ppl_textgruppe_I_col1	tīrtha	-0.518	0.356	-0.185	0.045	0.263
kirfel_ppl_textgruppe_I_col1	hā	-0.659	-0.276	0.182	0.091	0.233
kirfel_ppl_textgruppe_I_col1	āśu	-0.771	-0.232	0.179	0.091	0.343
kirfel_ppl_textgruppe_I_col1	ṛṣayaḥ	1.617	0.111	0.179	1.635	0.635
kirfel_ppl_textgruppe_I_col1	tathā	0.544	0.326	0.178	9.263	7.313
kirfel_ppl_textgruppe_I_col1	sahasraśas	-0.361	-0.491	0.177	0.182	0.314
kirfel_ppl_textgruppe_I_col1	śrī	-0.534	0.331	-0.177	0.000	1.300
kirfel_ppl_textgruppe_I_col1	tvam	0.386	-0.453	-0.175	3.133	2.631
kirfel_ppl_textgruppe_I_col1	sahasrāṇi	0.669	-0.260	-0.174	0.999	0.589
kirfel_ppl_textgruppe_I_col1	yānti	-0.638	0.271	-0.173	0.045	0.243
kirfel_ppl_textgruppe_I_col1	naḥ	0.347	-0.495	-0.172	0.954	0.714
kirfel_ppl_textgruppe_I_col1	yoga	-0.626	0.273	-0.171	0.045	0.556
kirfel_ppl_textgruppe_I_col1	indra	-0.504	-0.337	0.170	0.272	0.500
kirfel_ppl_textgruppe_I_col1	śubham	-0.660	0.257	-0.169	0.091	0.258
kirfel_ppl_textgruppe_I_col1	vidyā	-0.366	0.461	-0.169	0.136	0.256
kirfel_ppl_textgruppe_I_col1	śreṣṭha	-0.522	-0.323	0.169	0.091	0.260
kirfel_ppl_textgruppe_I_col1	yā	-0.435	0.386	-0.168	0.363	0.619
kirfel_ppl_textgruppe_I_col1	trayaḥ	1.245	0.134	0.167	0.636	0.281
kirfel_ppl_textgruppe_I_col1	dvija	-0.661	0.247	-0.163	0.000	0.407
kirfel_ppl_textgruppe_I_col1	mahī	0.971	-0.167	-0.162	0.409	0.228
kirfel_ppl_textgruppe_I_col1	kṛtaḥ	-0.473	-0.342	0.162	0.182	0.290
kirfel_ppl_textgruppe_I_col1	śivam	-0.542	0.297	-0.161	0.000	0.269
kirfel_ppl_textgruppe_I_col1	vaiśaṃpāyanaḥ	-0.341	-0.465	0.159	0.000	0.383
kirfel_ppl_textgruppe_I_col1	rūpa	-0.415	0.380	-0.157	0.318	0.504
kirfel_ppl_textgruppe_I_col1	śivaḥ	-0.483	0.325	-0.157	0.000	0.269
kirfel_ppl_textgruppe_I_col1	pañca	0.408	0.384	0.157	0.999	0.765
kirfel_ppl_textgruppe_I_col1	pravakṣyāmi	0.368	0.423	0.156	0.363	0.238
kirfel_ppl_textgruppe_I_col1	ādyaiḥ	-0.338	0.457	-0.155	0.091	0.181
kirfel_ppl_textgruppe_I_col1	vat	-0.908	0.169	-0.154	0.136	0.498
kirfel_ppl_textgruppe_I_col1	rājñaḥ	0.274	-0.562	-0.154	0.318	0.234
kirfel_ppl_textgruppe_I_col1	gatim	-0.776	-0.195	0.151	0.091	0.306
kirfel_ppl_textgruppe_I_col1	yāni	-0.565	0.267	-0.151	0.136	0.261
kirfel_ppl_textgruppe_I_col1	pitā	0.579	-0.261	-0.151	0.409	0.261
kirfel_ppl_textgruppe_I_col1	para	-1.158	0.127	-0.148	0.045	0.434
kirfel_ppl_textgruppe_I_col1	anyat	-1.063	0.139	-0.147	0.000	0.237
kirfel_ppl_textgruppe_I_col1	śuciḥ	0.467	0.315	0.147	0.363	0.245
kirfel_ppl_textgruppe_I_col1	īśvaraḥ	-0.799	0.183	-0.146	0.136	0.528
kirfel_ppl_textgruppe_I_col1	dānam	-0.375	0.389	-0.146	0.136	0.317
kirfel_ppl_textgruppe_I_col1	abhūt	0.643	-0.226	-0.146	0.954	0.521
kirfel_ppl_textgruppe_I_col1	devatāḥ	-0.469	0.309	-0.145	0.136	0.238
kirfel_ppl_textgruppe_I_col1	yajña	-0.881	0.164	-0.144	0.136	0.437
kirfel_ppl_textgruppe_I_col1	prabhuḥ	2.366	-0.061	-0.144	1.907	0.571
kirfel_ppl_textgruppe_I_col1	puṇya	-0.655	0.218	-0.143	0.136	0.449
kirfel_ppl_textgruppe_I_col1	śakti	-0.743	0.191	-0.142	0.000	0.205
kirfel_ppl_textgruppe_I_col1	sarvāḥ	-0.518	-0.274	0.142	0.272	0.437
kirfel_ppl_textgruppe_I_col1	puruṣa	-0.357	-0.396	0.141	0.272	0.451
kirfel_ppl_textgruppe_I_col1	vacanam	0.248	-0.566	-0.141	0.636	0.498
kirfel_ppl_textgruppe_I_col1	ṛṣi	0.735	-0.191	-0.140	0.590	0.332
kirfel_ppl_textgruppe_I_col1	gṛhītvā	-0.498	-0.281	0.140	0.091	0.180
kirfel_ppl_textgruppe_I_col1	bala	-0.303	-0.462	0.140	0.272	0.358
kirfel_ppl_textgruppe_I_col1	liṅgam	-0.347	0.402	-0.140	0.000	0.195
kirfel_ppl_textgruppe_I_col1	mama	-0.287	-0.479	0.138	1.181	1.440
kirfel_ppl_textgruppe_I_col1	yayau	0.327	-0.420	-0.137	0.363	0.265
kirfel_ppl_textgruppe_I_col1	tvayā	-0.220	-0.626	0.137	0.681	0.818
kirfel_ppl_textgruppe_I_col1	bhaya	-0.628	-0.218	0.137	0.136	0.270
kirfel_ppl_textgruppe_I_col1	tasmāt	0.385	0.356	0.137	1.862	1.467
kirfel_ppl_textgruppe_I_col1	snātvā	-0.433	0.316	-0.137	0.000	0.335
kirfel_ppl_textgruppe_I_col1	pāpam	-0.774	0.174	-0.135	0.000	0.273
kirfel_ppl_textgruppe_I_col1	tān	-0.195	-0.690	0.134	0.954	1.068
kirfel_ppl_textgruppe_I_col1	jātaḥ	1.689	-0.079	-0.134	0.636	0.240
kirfel_ppl_textgruppe_I_col1	vākyam	-0.240	-0.554	0.133	0.409	0.578
kirfel_ppl_textgruppe_I_col1	ātmā	0.669	-0.197	-0.132	1.453	1.005
kirfel_ppl_textgruppe_I_col1	satyam	-0.605	0.216	-0.131	0.136	0.256
kirfel_ppl_textgruppe_I_col1	brūhi	0.826	-0.156	-0.129	0.318	0.176
kirfel_ppl_textgruppe_I_col1	go	-0.646	0.198	-0.128	0.091	0.268
kirfel_ppl_textgruppe_I_col1	janma	0.305	0.416	0.127	0.363	0.283
kirfel_ppl_textgruppe_I_col1	muni	0.520	0.244	0.127	0.954	0.574
kirfel_ppl_textgruppe_I_col1	pūjā	-0.304	0.416	-0.127	0.045	0.254
kirfel_ppl_textgruppe_I_col1	jagat	-0.370	0.341	-0.126	0.318	0.494
kirfel_ppl_textgruppe_I_col1	śaraṇam	-0.667	-0.189	0.126	0.091	0.271
kirfel_ppl_textgruppe_I_col1	ye	-0.365	0.345	-0.126	1.362	1.766
kirfel_ppl_textgruppe_I_col1	om	-0.264	0.474	-0.125	0.000	0.306
kirfel_ppl_textgruppe_I_col1	tvāt	-0.304	0.411	-0.125	0.182	0.422
kirfel_ppl_textgruppe_I_col1	pṛthak	-0.754	0.165	-0.125	0.091	0.352
kirfel_ppl_textgruppe_I_col1	sma	-0.214	-0.581	0.124	0.227	0.301
kirfel_ppl_textgruppe_I_col1	tīrtham	-0.419	0.296	-0.124	0.000	0.244
kirfel_ppl_textgruppe_I_col1	vinā	-0.719	0.172	-0.123	0.091	0.260
kirfel_ppl_textgruppe_I_col1	vanam	0.244	-0.505	-0.123	0.363	0.281
kirfel_ppl_textgruppe_I_col1	yatas	-0.394	0.311	-0.123	0.227	0.358
kirfel_ppl_textgruppe_I_col1	mayā	-0.307	-0.397	0.122	1.090	1.364
kirfel_ppl_textgruppe_I_col1	candra	-0.858	0.140	-0.120	0.045	0.270
kirfel_ppl_textgruppe_I_col1	ūcuḥ	1.193	-0.100	-0.120	1.090	0.535
kirfel_ppl_textgruppe_I_col1	āyuḥ	0.417	0.285	0.119	0.272	0.195
kirfel_ppl_textgruppe_I_col1	vaḥ	-0.347	-0.341	0.118	0.272	0.399
kirfel_ppl_textgruppe_I_col1	ante	-0.271	0.434	-0.117	0.318	0.408
kirfel_ppl_textgruppe_I_col1	paścāt	-0.573	0.205	-0.117	0.091	0.228
kirfel_ppl_textgruppe_I_col1	vipra	-0.496	0.233	-0.116	0.136	0.303
kirfel_ppl_textgruppe_I_col1	kāla	-1.015	0.114	-0.115	0.182	0.589
kirfel_ppl_textgruppe_I_col1	vāyuḥ	-0.569	0.199	-0.113	0.045	0.320
kirfel_ppl_textgruppe_I_col1	duḥkha	-0.617	-0.183	0.113	0.136	0.310
kirfel_ppl_textgruppe_I_col1	bhāryā	0.680	-0.165	-0.112	0.500	0.273
kirfel_ppl_textgruppe_I_col1	rāma	-0.376	-0.291	0.109	0.045	0.342
kirfel_ppl_textgruppe_I_col1	bhavati	-0.243	0.448	-0.109	0.227	0.294
kirfel_ppl_textgruppe_I_col1	pṛthivī	0.896	-0.120	-0.108	0.454	0.238
kirfel_ppl_textgruppe_I_col1	yathā	-0.813	-0.132	0.107	1.499	2.401
kirfel_ppl_textgruppe_I_col1	balam	-0.175	-0.608	0.106	0.318	0.385
kirfel_ppl_textgruppe_I_col1	yudhiṣṭhiraḥ	-0.273	-0.389	0.106	0.045	0.379
kirfel_ppl_textgruppe_I_col1	prāṇa	-0.395	0.264	-0.104	0.136	0.258
kirfel_ppl_textgruppe_I_col1	puṣpa	-0.834	0.123	-0.103	0.045	0.356
kirfel_ppl_textgruppe_I_col1	sarvaśas	0.315	-0.320	-0.101	0.409	0.304
kirfel_ppl_textgruppe_I_col1	mudā	-0.519	-0.193	0.100	0.045	0.178
kirfel_ppl_textgruppe_I_col1	api	-0.756	0.132	-0.100	5.131	6.684
kirfel_ppl_textgruppe_I_col1	kāraṇam	-0.291	0.343	-0.100	0.272	0.361
kirfel_ppl_textgruppe_I_col1	śubha	-0.691	0.144	-0.099	0.045	0.276
kirfel_ppl_textgruppe_I_col1	brahmā	-0.220	0.443	-0.097	0.409	0.575
kirfel_ppl_textgruppe_I_col1	tasyām	0.849	-0.113	-0.096	0.500	0.258
kirfel_ppl_textgruppe_I_col1	ṛṣiḥ	0.371	-0.258	-0.096	0.454	0.282
kirfel_ppl_textgruppe_I_col1	eṣā	-1.025	-0.093	0.096	0.000	0.352
kirfel_ppl_textgruppe_I_col1	prāpya	0.605	-0.157	-0.095	0.636	0.430
kirfel_ppl_textgruppe_I_col1	hareḥ	-0.515	0.183	-0.094	0.000	0.230
kirfel_ppl_textgruppe_I_col1	sarvān	0.154	-0.612	-0.094	0.590	0.526
kirfel_ppl_textgruppe_I_col1	brahmaṇaḥ	0.220	0.416	0.091	0.500	0.390
kirfel_ppl_textgruppe_I_col1	me	-0.206	-0.437	0.090	1.499	1.715
kirfel_ppl_textgruppe_I_col1	sākṣāt	-0.528	0.171	-0.090	0.045	0.371
kirfel_ppl_textgruppe_I_col1	rakta	-0.830	0.108	-0.090	0.000	0.188
kirfel_ppl_textgruppe_I_col1	jagāma	-0.142	-0.629	0.089	0.318	0.370
kirfel_ppl_textgruppe_I_col1	antare	1.757	0.050	0.088	1.544	0.308
kirfel_ppl_textgruppe_I_col1	brāhmaṇaḥ	-0.578	0.152	-0.088	0.045	0.216
kirfel_ppl_textgruppe_I_col1	gaṇāḥ	1.100	-0.079	-0.087	0.954	0.435
kirfel_ppl_textgruppe_I_col1	yasmāt	0.349	0.248	0.087	0.500	0.350
kirfel_ppl_textgruppe_I_col1	dvādaśa	0.246	0.351	0.086	0.409	0.327
kirfel_ppl_textgruppe_I_col1	agni	-0.230	0.371	-0.085	0.318	0.372
kirfel_ppl_textgruppe_I_col1	pitṛ	-0.399	0.213	-0.085	0.227	0.407
kirfel_ppl_textgruppe_I_col1	kāmam	0.393	-0.213	-0.084	0.272	0.203
kirfel_ppl_textgruppe_I_col1	tāni	-0.825	-0.100	0.083	0.136	0.309
kirfel_ppl_textgruppe_I_col1	tvad	-0.429	-0.192	0.082	0.182	0.307
kirfel_ppl_textgruppe_I_col1	īśvaram	-0.885	0.093	-0.082	0.000	0.254
kirfel_ppl_textgruppe_I_col1	bhīṣmaḥ	-0.281	-0.291	0.082	0.000	0.170
kirfel_ppl_textgruppe_I_col1	bahu	-0.254	-0.321	0.082	0.409	0.501
kirfel_ppl_textgruppe_I_col1	praṇamya	-0.753	0.108	-0.081	0.000	0.177
kirfel_ppl_textgruppe_I_col1	gataḥ	-0.258	-0.312	0.081	0.409	0.520
kirfel_ppl_textgruppe_I_col1	su	-0.196	-0.401	0.078	2.270	2.508
kirfel_ppl_textgruppe_I_col1	idam	-0.166	-0.470	0.078	1.362	1.509
kirfel_ppl_textgruppe_I_col1	sthitaḥ	-0.428	0.183	-0.078	0.182	0.324
kirfel_ppl_textgruppe_I_col1	madhye	-0.592	0.132	-0.078	0.182	0.367
kirfel_ppl_textgruppe_I_col1	lokānām	0.722	0.107	0.077	0.363	0.224
kirfel_ppl_textgruppe_I_col1	samam	-0.253	0.299	-0.076	0.182	0.234
kirfel_ppl_textgruppe_I_col1	nāma	2.595	-0.029	-0.076	4.268	1.454
kirfel_ppl_textgruppe_I_col1	aśva	-0.295	-0.250	0.074	0.136	0.245
kirfel_ppl_textgruppe_I_col1	bhuvi	-0.302	-0.244	0.074	0.182	0.258
kirfel_ppl_textgruppe_I_col1	annam	-0.237	0.306	-0.072	0.136	0.233
kirfel_ppl_textgruppe_I_col1	gatvā	0.257	-0.280	-0.072	0.500	0.416
kirfel_ppl_textgruppe_I_col1	astu	-0.556	-0.129	0.072	0.136	0.291
kirfel_ppl_textgruppe_I_col1	tyaktvā	-0.797	-0.089	0.071	0.045	0.208
kirfel_ppl_textgruppe_I_col1	śrīmān	0.400	-0.175	-0.070	0.409	0.263
kirfel_ppl_textgruppe_I_col1	śṛṇu	-0.606	0.115	-0.070	0.227	0.659
kirfel_ppl_textgruppe_I_col1	padma	-0.721	-0.096	0.069	0.045	0.228
kirfel_ppl_textgruppe_I_col1	kṛt	-0.352	0.196	-0.069	0.136	0.205
kirfel_ppl_textgruppe_I_col1	sarve	0.185	-0.363	-0.067	1.771	1.616
kirfel_ppl_textgruppe_I_col1	svayam	-0.364	0.179	-0.065	0.500	0.654
kirfel_ppl_textgruppe_I_col1	mune	-0.441	0.145	-0.064	0.091	0.387
kirfel_ppl_textgruppe_I_col1	devānām	0.370	0.172	0.064	0.590	0.461
kirfel_ppl_textgruppe_I_col1	ekam	0.140	0.449	0.063	0.363	0.331
kirfel_ppl_textgruppe_I_col1	kāma	-0.336	0.188	-0.063	0.454	0.597
kirfel_ppl_textgruppe_I_col1	śatam	0.251	0.242	0.061	0.636	0.519
kirfel_ppl_textgruppe_I_col1	brahma	-0.095	0.627	-0.060	1.226	1.338
kirfel_ppl_textgruppe_I_col1	devaḥ	-0.180	0.330	-0.060	0.409	0.489
kirfel_ppl_textgruppe_I_col1	yadi	0.228	-0.256	-0.058	0.727	0.609
kirfel_ppl_textgruppe_I_col1	viśeṣataḥ	-0.349	0.165	-0.058	0.136	0.274
kirfel_ppl_textgruppe_I_col1	yam	-0.381	-0.151	0.057	0.182	0.271
kirfel_ppl_textgruppe_I_col1	purā	-0.339	-0.168	0.057	0.636	0.789
kirfel_ppl_textgruppe_I_col1	kula	0.299	-0.191	-0.057	0.318	0.251
kirfel_ppl_textgruppe_I_col1	nityam	-0.179	0.318	-0.057	0.681	0.810
kirfel_ppl_textgruppe_I_col1	ratna	-0.844	-0.067	0.056	0.000	0.245
kirfel_ppl_textgruppe_I_col1	proktam	-0.094	0.586	-0.055	0.182	0.204
kirfel_ppl_textgruppe_I_col1	yaḥ	0.130	0.417	0.054	2.952	2.752
kirfel_ppl_textgruppe_I_col1	śrāddham	-0.281	0.190	-0.053	0.000	0.247
kirfel_ppl_textgruppe_I_col1	mātā	0.452	-0.117	-0.053	0.318	0.206
kirfel_ppl_textgruppe_I_col1	tayoḥ	0.988	-0.054	-0.053	0.454	0.257
kirfel_ppl_textgruppe_I_col1	kṛtvā	-0.542	0.096	-0.052	0.908	1.433
kirfel_ppl_textgruppe_I_col1	narāḥ	-0.625	0.081	-0.051	0.045	0.249
kirfel_ppl_textgruppe_I_col1	devīm	-0.430	0.117	-0.050	0.045	0.222
kirfel_ppl_textgruppe_I_col1	nadī	-0.322	0.152	-0.049	0.091	0.287
kirfel_ppl_textgruppe_I_col1	agniḥ	-0.287	0.168	-0.048	0.182	0.275
kirfel_ppl_textgruppe_I_col1	manasā	0.331	0.137	0.045	0.409	0.320
kirfel_ppl_textgruppe_I_col1	tale	-0.713	-0.063	0.045	0.091	0.253
kirfel_ppl_textgruppe_I_col1	nṛpa	-0.133	-0.335	0.045	0.590	0.707
kirfel_ppl_textgruppe_I_col1	śata	-0.501	-0.089	0.044	0.272	0.485
kirfel_ppl_textgruppe_I_col1	yatra	-0.738	0.060	-0.044	0.318	0.870
kirfel_ppl_textgruppe_I_col1	saḥ	0.367	-0.121	-0.044	1.862	1.558
kirfel_ppl_textgruppe_I_col1	ratha	-0.083	-0.525	0.044	0.227	0.269
kirfel_ppl_textgruppe_I_col1	tatas	0.081	-0.531	-0.043	5.903	5.687
kirfel_ppl_textgruppe_I_col1	bhūyas	0.343	-0.126	-0.043	0.545	0.418
kirfel_ppl_textgruppe_I_col1	tapaḥ	0.748	0.058	0.043	1.135	0.733
kirfel_ppl_textgruppe_I_col1	manaḥ	-0.658	0.065	-0.043	0.182	0.620
kirfel_ppl_textgruppe_I_col1	cakra	-0.900	0.047	-0.042	0.000	0.222
kirfel_ppl_textgruppe_I_col1	devam	-0.209	0.201	-0.042	0.272	0.366
kirfel_ppl_textgruppe_I_col1	kṛṣṇa	-0.698	0.059	-0.041	0.045	0.617
kirfel_ppl_textgruppe_I_col1	tejaḥ	1.085	0.038	0.041	0.545	0.269
kirfel_ppl_textgruppe_I_col1	ca	0.573	-0.070	-0.040	46.544	40.048
kirfel_ppl_textgruppe_I_col1	pūrva	-0.077	0.516	-0.040	0.363	0.387
kirfel_ppl_textgruppe_I_col1	sūtaḥ	0.269	0.146	0.039	0.545	0.364
kirfel_ppl_textgruppe_I_col1	nānā	-0.736	-0.053	0.039	0.000	0.639
kirfel_ppl_textgruppe_I_col1	muniḥ	0.569	0.068	0.038	0.681	0.413
kirfel_ppl_textgruppe_I_col1	śreṣṭhaḥ	0.066	-0.577	-0.038	0.227	0.213
kirfel_ppl_textgruppe_I_col1	eṣa	-0.091	-0.418	0.038	0.817	0.874
kirfel_ppl_textgruppe_I_col1	asmin	-0.812	0.046	-0.038	0.091	0.232
kirfel_ppl_textgruppe_I_col1	mad	-0.481	-0.077	0.037	0.182	0.557
kirfel_ppl_textgruppe_I_col1	sama	-0.398	-0.093	0.037	0.182	0.265
kirfel_ppl_textgruppe_I_col1	vyāsaḥ	-0.420	0.087	-0.037	0.045	0.225
kirfel_ppl_textgruppe_I_col1	yuga	0.246	0.148	0.036	0.318	0.236
kirfel_ppl_textgruppe_I_col1	kāle	0.433	0.084	0.036	0.545	0.436
kirfel_ppl_textgruppe_I_col1	duḥkham	-0.677	-0.053	0.036	0.000	0.215
kirfel_ppl_textgruppe_I_col1	sarvāṇi	-0.219	-0.164	0.036	0.182	0.220
kirfel_ppl_textgruppe_I_col1	devān	0.740	-0.048	-0.036	0.454	0.271
kirfel_ppl_textgruppe_I_col1	saṃśayaḥ	-0.168	0.212	-0.036	0.500	0.591
kirfel_ppl_textgruppe_I_col1	sarveṣām	-0.255	0.139	-0.035	0.409	0.502
kirfel_ppl_textgruppe_I_col1	loka	-0.277	0.128	-0.035	0.590	0.715
kirfel_ppl_textgruppe_I_col1	sahasra	-0.211	0.167	-0.035	0.227	0.289
kirfel_ppl_textgruppe_I_col1	te	0.061	-0.571	-0.035	4.950	4.829
kirfel_ppl_textgruppe_I_col1	prajāḥ	1.406	-0.024	-0.034	1.816	0.614
kirfel_ppl_textgruppe_I_col1	bhṛśam	-0.073	-0.468	0.034	0.272	0.295
kirfel_ppl_textgruppe_I_col1	tat	-0.477	-0.070	0.033	2.997	3.622
kirfel_ppl_textgruppe_I_col1	anena	-0.769	0.043	-0.033	0.045	0.201
kirfel_ppl_textgruppe_I_col1	sukha	-1.003	0.033	-0.033	0.045	0.326
kirfel_ppl_textgruppe_I_col1	patiḥ	-0.771	-0.042	0.032	0.045	0.232
kirfel_ppl_textgruppe_I_col1	sā	0.524	-0.061	-0.032	2.543	1.869
kirfel_ppl_textgruppe_I_col1	iti	0.296	0.105	0.031	6.721	5.396
kirfel_ppl_textgruppe_I_col1	śakra	-0.074	-0.393	0.029	0.182	0.199
kirfel_ppl_textgruppe_I_col1	nāmnā	0.240	0.121	0.029	0.363	0.283
kirfel_ppl_textgruppe_I_col1	teṣām	1.223	0.024	0.029	2.997	1.733
kirfel_ppl_textgruppe_I_col1	daitya	-0.355	-0.081	0.029	0.136	0.283
kirfel_ppl_textgruppe_I_col1	etat	-0.386	-0.074	0.029	0.954	1.233
kirfel_ppl_textgruppe_I_col1	surāḥ	-0.675	0.041	-0.028	0.045	0.251
kirfel_ppl_textgruppe_I_col1	vratam	-0.138	0.197	-0.027	0.136	0.164
kirfel_ppl_textgruppe_I_col1	tasyāḥ	0.679	-0.039	-0.027	0.590	0.384
kirfel_ppl_textgruppe_I_col1	strī	0.254	0.104	0.026	0.409	0.344
kirfel_ppl_textgruppe_I_col1	uttamam	-0.178	0.147	-0.026	0.272	0.318
kirfel_ppl_textgruppe_I_col1	katham	-0.078	-0.336	0.026	0.727	0.766
kirfel_ppl_textgruppe_I_col1	anye	-0.119	-0.218	0.026	0.409	0.448
kirfel_ppl_textgruppe_I_col1	āha	-0.380	-0.068	0.026	0.272	0.536
kirfel_ppl_textgruppe_I_col1	asti	-0.200	0.128	-0.026	0.454	0.588
kirfel_ppl_textgruppe_I_col1	puruṣaḥ	-0.120	0.211	-0.025	0.318	0.370
kirfel_ppl_textgruppe_I_col1	puram	-0.308	-0.080	0.025	0.136	0.218
kirfel_ppl_textgruppe_I_col1	loke	0.415	0.058	0.024	0.681	0.478
kirfel_ppl_textgruppe_I_col1	sarvatas	-0.391	-0.060	0.023	0.182	0.282
kirfel_ppl_textgruppe_I_col1	cakāra	0.053	-0.435	-0.023	0.363	0.344
kirfel_ppl_textgruppe_I_col1	gatiḥ	-1.193	-0.019	0.022	0.000	0.246
kirfel_ppl_textgruppe_I_col1	viṣṇum	-0.138	0.157	-0.022	0.182	0.229
kirfel_ppl_textgruppe_I_col1	dattvā	0.142	0.141	0.020	0.318	0.268
kirfel_ppl_textgruppe_I_col1	kālaḥ	-0.649	0.031	-0.020	0.136	0.329
kirfel_ppl_textgruppe_I_col1	punar	0.311	-0.062	-0.019	2.815	2.418
kirfel_ppl_textgruppe_I_col1	uktvā	-0.030	-0.625	0.019	0.454	0.466
kirfel_ppl_textgruppe_I_col1	sarvam	-0.433	0.043	-0.019	0.772	1.022
kirfel_ppl_textgruppe_I_col1	kṛṣṇaḥ	0.103	-0.168	-0.017	0.454	0.382
kirfel_ppl_textgruppe_I_col1	tāḥ	-0.130	-0.130	0.017	0.590	0.707
kirfel_ppl_textgruppe_I_col1	devi	-0.212	0.079	-0.017	0.136	0.284
kirfel_ppl_textgruppe_I_col1	asau	0.113	0.146	0.016	0.681	0.621
kirfel_ppl_textgruppe_I_col1	kālam	-0.120	-0.135	0.016	0.272	0.305
kirfel_ppl_textgruppe_I_col1	hariḥ	-0.104	0.150	-0.016	0.363	0.422
kirfel_ppl_textgruppe_I_col1	yasya	0.148	0.103	0.015	0.636	0.565
kirfel_ppl_textgruppe_I_col1	satatam	-0.334	0.044	-0.015	0.136	0.222
kirfel_ppl_textgruppe_I_col1	tāsām	-0.126	0.116	-0.015	0.227	0.278
kirfel_ppl_textgruppe_I_col1	asura	-0.488	0.030	-0.014	0.136	0.337
kirfel_ppl_textgruppe_I_col1	jñātvā	-0.261	0.055	-0.014	0.272	0.384
kirfel_ppl_textgruppe_I_col1	vāc	-0.393	0.036	-0.014	0.182	0.269
kirfel_ppl_textgruppe_I_col1	devī	-0.067	0.203	-0.014	0.545	0.621
kirfel_ppl_textgruppe_I_col1	rāmaḥ	-0.040	-0.320	0.013	0.363	0.398
kirfel_ppl_textgruppe_I_col1	ātmanaḥ	-0.171	-0.072	0.012	0.500	0.606
kirfel_ppl_textgruppe_I_col1	dharmam	0.092	-0.133	-0.012	0.272	0.248
kirfel_ppl_textgruppe_I_col1	ati	-0.365	0.032	-0.012	0.500	0.749
kirfel_ppl_textgruppe_I_col1	dāna	0.034	0.351	0.012	0.182	0.174
kirfel_ppl_textgruppe_I_col1	karmaṇā	0.065	-0.179	-0.012	0.318	0.302
kirfel_ppl_textgruppe_I_col1	yadā	-0.107	0.107	-0.011	0.545	0.595
kirfel_ppl_textgruppe_I_col1	prati	-0.020	-0.582	0.011	0.318	0.324
kirfel_ppl_textgruppe_I_col1	nā	-0.229	-0.049	0.011	0.227	0.300
kirfel_ppl_textgruppe_I_col1	āgataḥ	-0.074	-0.152	0.011	0.182	0.198
kirfel_ppl_textgruppe_I_col1	nara	0.022	-0.513	-0.011	0.454	0.443
kirfel_ppl_textgruppe_I_col1	na	-0.100	-0.104	0.010	8.764	9.100
kirfel_ppl_textgruppe_I_col1	kanyā	1.829	0.006	0.010	0.817	0.266
kirfel_ppl_textgruppe_I_col1	dhanuḥ	-0.018	-0.572	0.010	0.227	0.233
kirfel_ppl_textgruppe_I_col1	devāḥ	0.612	-0.017	-0.010	1.362	0.916
kirfel_ppl_textgruppe_I_col1	śiraḥ	-0.892	-0.011	0.010	0.045	0.285
kirfel_ppl_textgruppe_I_col1	nāradaḥ	-0.087	-0.115	0.010	0.272	0.323
kirfel_ppl_textgruppe_I_col1	deva	0.142	0.069	0.010	1.635	1.522
kirfel_ppl_textgruppe_I_col1	bhava	-0.069	0.142	-0.010	0.227	0.241
kirfel_ppl_textgruppe_I_col1	gaṇa	-0.429	-0.022	0.010	0.136	0.250
kirfel_ppl_textgruppe_I_col1	artham	0.559	0.017	0.009	1.362	1.015
kirfel_ppl_textgruppe_I_col1	dānava	-0.046	-0.199	0.009	0.182	0.197
kirfel_ppl_textgruppe_I_col1	divyam	0.219	-0.041	-0.009	0.272	0.226
kirfel_ppl_textgruppe_I_col1	bhūtānām	-0.400	0.021	-0.008	0.318	0.513
kirfel_ppl_textgruppe_I_col1	bhūtvā	-0.500	-0.017	0.008	0.272	0.466
kirfel_ppl_textgruppe_I_col1	teṣu	-0.089	0.092	-0.008	0.272	0.298
kirfel_ppl_textgruppe_I_col1	gṛham	-0.343	-0.023	0.008	0.136	0.198
kirfel_ppl_textgruppe_I_col1	tayā	0.139	-0.057	-0.008	0.363	0.321
kirfel_ppl_textgruppe_I_col1	bhagavān	0.182	0.038	0.007	1.408	1.181
kirfel_ppl_textgruppe_I_col1	ātmānam	-0.943	-0.007	0.007	0.091	0.607
kirfel_ppl_textgruppe_I_col1	gatāḥ	0.024	-0.274	-0.007	0.318	0.312
kirfel_ppl_textgruppe_I_col1	kāryam	-0.252	-0.025	0.006	0.272	0.372
kirfel_ppl_textgruppe_I_col1	sam	0.043	0.148	0.006	0.045	0.035
kirfel_ppl_textgruppe_I_col1	sthānam	0.015	0.394	0.006	0.409	0.401
kirfel_ppl_textgruppe_I_col1	prāha	-0.443	-0.013	0.006	0.182	0.366
kirfel_ppl_textgruppe_I_col1	taiḥ	-0.046	-0.129	0.006	0.409	0.425
kirfel_ppl_textgruppe_I_col1	kāmaḥ	0.370	0.015	0.006	0.409	0.259
kirfel_ppl_textgruppe_I_col1	rūpeṇa	0.075	0.072	0.005	0.409	0.364
kirfel_ppl_textgruppe_I_col1	an	0.164	-0.029	-0.005	0.318	0.279
kirfel_ppl_textgruppe_I_col1	lokam	-0.030	0.133	-0.004	0.272	0.282
kirfel_ppl_textgruppe_I_col1	adya	0.005	-0.766	-0.004	0.590	0.587
kirfel_ppl_textgruppe_I_col1	atra	-0.016	0.237	-0.004	0.999	1.010
kirfel_ppl_textgruppe_I_col1	hi	0.090	-0.040	-0.004	4.405	4.218
kirfel_ppl_textgruppe_I_col1	brāhmaṇa	-0.105	0.031	-0.003	0.182	0.206
kirfel_ppl_textgruppe_I_col1	dadarśa	-0.005	-0.583	0.003	0.318	0.320
kirfel_ppl_textgruppe_I_col1	mārkaṇḍeyaḥ	-0.286	0.009	-0.003	0.000	0.312
kirfel_ppl_textgruppe_I_col1	jajñe	3.304	-0.001	-0.003	1.998	0.300
kirfel_ppl_textgruppe_I_col1	gaṅgā	0.035	0.069	0.002	0.272	0.254
kirfel_ppl_textgruppe_I_col1	iha	-0.020	-0.117	0.002	1.135	1.150
kirfel_ppl_textgruppe_I_col1	bhūta	-0.008	0.282	-0.002	0.636	0.640
kirfel_ppl_textgruppe_I_col1	sura	-0.507	0.004	-0.002	0.272	0.482
kirfel_ppl_textgruppe_I_col1	aṣṭau	0.007	0.230	0.002	0.227	0.226
kirfel_ppl_textgruppe_I_col1	dharmaḥ	0.256	0.002	0.001	0.409	0.330
kirfel_ppl_textgruppe_I_col1	bhūtāni	-0.009	0.040	-0.000	0.318	0.321
kirfel_ppl_textgruppe_I_col1	a	0.004	-0.095	-0.000	1.635	1.630
kirfel_ppl_textgruppe_I_col1	samyak	0.001	0.400	0.000	0.272	0.272
kirfel_ppl_textgruppe_I_col1	divya	-0.040	0.007	-0.000	0.272	0.282
kirfel_ppl_textgruppe_I_col1	tatra	0.005	-0.040	-0.000	2.770	2.763
kirfel_ppl_textgruppe_I_col1	ekaḥ	-0.045	-0.003	0.000	0.318	0.331
kirfel_ppl_textgruppe_I_col1	sukham	-0.024	-0.005	0.000	0.272	0.278
kirfel_ppl_textgruppe_I_col1	evam	0.012	-0.001	-0.000	2.634	2.622
kirfel_ppl_ungrouped_col1	putraḥ	4.803	-0.440	-2.113	5.056	0.697
kirfel_ppl_ungrouped_col1	abhavat	3.815	-0.523	-1.994	3.751	0.647
kirfel_ppl_ungrouped_col1	putram	2.818	-0.631	-1.779	1.468	0.337
kirfel_ppl_ungrouped_col1	āsīt	2.991	-0.593	-1.774	2.283	0.660
kirfel_ppl_ungrouped_col1	tān	2.219	-0.690	-1.531	2.365	1.068
kirfel_ppl_ungrouped_col1	babhūva	2.981	-0.507	-1.511	1.142	0.288
kirfel_ppl_ungrouped_col1	mahātmanaḥ	3.077	-0.478	-1.471	1.386	0.366
kirfel_ppl_ungrouped_col1	sutaḥ	4.688	-0.314	-1.470	3.751	0.509
kirfel_ppl_ungrouped_col1	enam	2.112	-0.655	-1.383	1.142	0.336
kirfel_ppl_ungrouped_col1	ha	2.295	-0.557	-1.278	2.202	0.686
kirfel_ppl_ungrouped_col1	uktaḥ	2.483	-0.489	-1.215	1.142	0.354
kirfel_ppl_ungrouped_col1	rājā	1.906	-0.625	-1.191	4.159	1.251
kirfel_ppl_ungrouped_col1	vaḥ	3.149	-0.341	-1.073	1.550	0.399
kirfel_ppl_ungrouped_col1	abravīt	1.510	-0.675	-1.019	2.528	0.893
kirfel_ppl_ungrouped_col1	tau	1.329	-0.591	-0.785	0.979	0.437
kirfel_ppl_ungrouped_col1	mahān	1.705	-0.434	-0.740	0.979	0.442
kirfel_ppl_ungrouped_col1	tatas	1.392	-0.531	-0.739	9.379	5.687
kirfel_ppl_ungrouped_col1	sa	0.985	-0.698	-0.688	10.113	7.531
kirfel_ppl_ungrouped_col1	vayam	1.094	-0.579	-0.634	0.734	0.349
kirfel_ppl_ungrouped_col1	viṣṇuḥ	1.841	0.342	0.629	1.794	0.626
kirfel_ppl_ungrouped_col1	tu	2.701	0.229	0.619	25.037	9.619
kirfel_ppl_ungrouped_col1	cakre	1.494	-0.413	-0.617	0.734	0.304
kirfel_ppl_ungrouped_col1	nṛpaḥ	2.879	-0.213	-0.614	1.223	0.248
kirfel_ppl_ungrouped_col1	cakāra	1.301	-0.435	-0.565	0.816	0.344
kirfel_ppl_ungrouped_col1	trayaḥ	4.165	0.134	0.560	1.468	0.281
kirfel_ppl_ungrouped_col1	ādi	-0.693	0.793	-0.550	0.000	1.268
kirfel_ppl_ungrouped_col1	ṣaṣ	-0.965	0.565	-0.546	0.000	0.245
kirfel_ppl_ungrouped_col1	putra	1.448	-0.375	-0.543	1.550	0.658
kirfel_ppl_ungrouped_col1	kila	2.544	-0.213	-0.543	0.734	0.194
kirfel_ppl_ungrouped_col1	tasya	3.829	-0.142	-0.542	9.134	2.843
kirfel_ppl_ungrouped_col1	tadā	0.956	-0.559	-0.535	4.322	2.713
kirfel_ppl_ungrouped_col1	kim	-1.149	-0.445	0.511	0.163	1.420
kirfel_ppl_ungrouped_col1	tejasā	1.004	-0.504	-0.506	0.571	0.305
kirfel_ppl_ungrouped_col1	asmi	1.045	-0.483	-0.505	0.652	0.327
kirfel_ppl_ungrouped_col1	pāda	-0.939	0.533	-0.500	0.000	0.408
kirfel_ppl_ungrouped_col1	jñāna	-0.720	0.692	-0.498	0.082	0.557
kirfel_ppl_ungrouped_col1	tad	-0.827	0.602	-0.498	0.652	2.296
kirfel_ppl_ungrouped_col1	tam	0.629	-0.783	-0.492	3.833	2.946
kirfel_ppl_ungrouped_col1	yāti	-0.954	0.509	-0.485	0.000	0.296
kirfel_ppl_ungrouped_col1	ādau	-0.801	0.603	-0.483	0.000	0.232
kirfel_ppl_ungrouped_col1	ekam	-1.072	0.449	-0.482	0.082	0.331
kirfel_ppl_ungrouped_col1	ṛṣiḥ	1.847	-0.258	-0.477	1.142	0.282
kirfel_ppl_ungrouped_col1	pañca	1.225	0.384	0.470	1.468	0.765
kirfel_ppl_ungrouped_col1	sarve	1.282	-0.363	-0.465	2.691	1.616
kirfel_ppl_ungrouped_col1	paraḥ	-0.802	0.573	-0.460	0.082	0.349
kirfel_ppl_ungrouped_col1	eṣa	1.087	-0.418	-0.454	1.550	0.874
kirfel_ppl_ungrouped_col1	ādayaḥ	-0.980	0.457	-0.448	0.000	0.467
kirfel_ppl_ungrouped_col1	ādyāḥ	-0.785	0.559	-0.438	0.000	0.417
kirfel_ppl_ungrouped_col1	vanam	0.855	-0.505	-0.432	0.571	0.281
kirfel_ppl_ungrouped_col1	aṣṭa	-0.822	0.522	-0.429	0.000	0.242
kirfel_ppl_ungrouped_col1	tava	-0.724	-0.591	0.428	0.489	1.080
kirfel_ppl_ungrouped_col1	naḥ	0.857	-0.495	-0.424	1.305	0.714
kirfel_ppl_ungrouped_col1	vā	-1.141	0.369	-0.421	0.489	3.198
kirfel_ppl_ungrouped_col1	sarvān	0.687	-0.612	-0.421	0.816	0.526
kirfel_ppl_ungrouped_col1	kaḥ	-0.792	-0.531	0.421	0.245	0.548
kirfel_ppl_ungrouped_col1	ādibhiḥ	-0.743	0.564	-0.419	0.082	0.339
kirfel_ppl_ungrouped_col1	tvayā	-0.658	-0.626	0.412	0.408	0.818
kirfel_ppl_ungrouped_col1	yasmāt	1.658	0.248	0.411	1.060	0.350
kirfel_ppl_ungrouped_col1	daśa	1.392	0.294	0.410	1.468	0.731
kirfel_ppl_ungrouped_col1	brahma	-0.651	0.627	-0.409	0.571	1.338
kirfel_ppl_ungrouped_col1	sva	-1.075	0.358	-0.385	0.245	1.646
kirfel_ppl_ungrouped_col1	catur	-0.712	0.535	-0.381	0.082	0.275
kirfel_ppl_ungrouped_col1	smṛtāḥ	0.962	0.396	0.381	1.468	0.554
kirfel_ppl_ungrouped_col1	yaḥ	0.912	0.417	0.380	4.159	2.752
kirfel_ppl_ungrouped_col1	sārdham	-0.933	-0.400	0.374	0.000	0.222
kirfel_ppl_ungrouped_col1	rājan	-0.613	-0.605	0.371	0.163	0.939
kirfel_ppl_ungrouped_col1	sma	-0.633	-0.581	0.368	0.082	0.301
kirfel_ppl_ungrouped_col1	sadā	-0.806	0.457	-0.368	0.326	1.143
kirfel_ppl_ungrouped_col1	tvam	0.799	-0.453	-0.362	3.670	2.631
kirfel_ppl_ungrouped_col1	atha	1.278	-0.280	-0.357	4.241	2.753
kirfel_ppl_ungrouped_col1	vīra	-0.504	-0.702	0.354	0.082	0.275
kirfel_ppl_ungrouped_col1	jñānam	-0.515	0.683	-0.352	0.082	0.495
kirfel_ppl_ungrouped_col1	dadarśa	-0.592	-0.583	0.345	0.000	0.320
kirfel_ppl_ungrouped_col1	uktvā	-0.549	-0.625	0.344	0.245	0.466
kirfel_ppl_ungrouped_col1	vacanam	-0.602	-0.566	0.341	0.163	0.498
kirfel_ppl_ungrouped_col1	sūrya	-0.892	0.380	-0.339	0.082	0.362
kirfel_ppl_ungrouped_col1	devatāḥ	-1.096	0.309	-0.338	0.000	0.238
kirfel_ppl_ungrouped_col1	tena	1.874	-0.180	-0.338	2.610	1.319
kirfel_ppl_ungrouped_col1	āsādya	-0.922	-0.366	0.338	0.000	0.238
kirfel_ppl_ungrouped_col1	eka	-0.600	0.559	-0.336	0.326	0.584
kirfel_ppl_ungrouped_col1	kuryāt	-0.624	0.537	-0.335	0.000	0.435
kirfel_ppl_ungrouped_col1	phala	-0.723	0.460	-0.332	0.082	0.392
kirfel_ppl_ungrouped_col1	agni	-0.889	0.371	-0.330	0.163	0.372
kirfel_ppl_ungrouped_col1	tāta	0.645	-0.510	-0.329	0.571	0.334
kirfel_ppl_ungrouped_col1	te	0.571	-0.571	-0.326	5.953	4.829
kirfel_ppl_ungrouped_col1	snānam	-0.603	0.534	-0.322	0.000	0.173
kirfel_ppl_ungrouped_col1	bhṛśam	-0.686	-0.468	0.321	0.082	0.295
kirfel_ppl_ungrouped_col1	rājñaḥ	0.568	-0.562	-0.319	0.408	0.234
kirfel_ppl_ungrouped_col1	kṛta	-1.005	-0.317	0.319	0.245	0.664
kirfel_ppl_ungrouped_col1	karmaṇā	1.766	-0.179	-0.317	0.734	0.302
kirfel_ppl_ungrouped_col1	sutāḥ	1.928	-0.164	-0.316	1.142	0.298
kirfel_ppl_ungrouped_col1	kāraṇam	-0.920	0.343	-0.316	0.082	0.361
kirfel_ppl_ungrouped_col1	yāni	-1.181	0.267	-0.316	0.000	0.261
kirfel_ppl_ungrouped_col1	padam	-0.688	0.459	-0.316	0.082	0.365
kirfel_ppl_ungrouped_col1	smṛtaḥ	0.601	0.523	0.314	1.142	0.636
kirfel_ppl_ungrouped_col1	saha	-0.524	-0.599	0.314	0.897	1.290
kirfel_ppl_ungrouped_col1	bhavet	-0.566	0.554	-0.313	0.326	0.856
kirfel_ppl_ungrouped_col1	ratham	-0.568	-0.542	0.308	0.000	0.222
kirfel_ppl_ungrouped_col1	sarvāḥ	-1.119	-0.274	0.306	0.082	0.437
kirfel_ppl_ungrouped_col1	guru	-0.919	0.332	-0.306	0.000	0.257
kirfel_ppl_ungrouped_col1	śuciḥ	-0.966	0.315	-0.305	0.000	0.245
kirfel_ppl_ungrouped_col1	proktam	-0.516	0.586	-0.303	0.082	0.204
kirfel_ppl_ungrouped_col1	āsa	-0.609	-0.496	0.302	0.000	0.526
kirfel_ppl_ungrouped_col1	pāpa	-0.731	0.409	-0.299	0.163	0.687
kirfel_ppl_ungrouped_col1	ādikam	-0.577	0.518	-0.299	0.000	0.171
kirfel_ppl_ungrouped_col1	vai	2.362	0.124	0.294	8.563	3.108
kirfel_ppl_ungrouped_col1	balaḥ	0.501	-0.586	-0.294	0.489	0.318
kirfel_ppl_ungrouped_col1	dṛṣṭvā	0.446	-0.642	-0.286	2.528	1.951
kirfel_ppl_ungrouped_col1	īśvara	-0.906	0.316	-0.286	0.000	0.234
kirfel_ppl_ungrouped_col1	tasmāt	0.796	0.356	0.283	2.283	1.467
kirfel_ppl_ungrouped_col1	ratha	-0.538	-0.525	0.282	0.000	0.269
kirfel_ppl_ungrouped_col1	varṇa	-0.633	0.442	-0.280	0.082	0.285
kirfel_ppl_ungrouped_col1	śoka	-0.564	-0.492	0.277	0.000	0.331
kirfel_ppl_ungrouped_col1	pūjayet	-0.530	0.522	-0.277	0.000	0.186
kirfel_ppl_ungrouped_col1	tri	-0.494	0.560	-0.277	0.163	0.398
kirfel_ppl_ungrouped_col1	tām	0.473	-0.572	-0.270	2.039	1.631
kirfel_ppl_ungrouped_col1	veda	-0.544	0.497	-0.270	0.326	0.587
kirfel_ppl_ungrouped_col1	kuru	-0.482	-0.555	0.267	0.163	0.404
kirfel_ppl_ungrouped_col1	naraḥ	-0.598	0.443	-0.265	0.082	0.583
kirfel_ppl_ungrouped_col1	phalam	-0.628	0.416	-0.262	0.082	0.707
kirfel_ppl_ungrouped_col1	putrāḥ	0.900	-0.291	-0.261	1.142	0.495
kirfel_ppl_ungrouped_col1	śubham	-1.019	0.257	-0.261	0.000	0.258
kirfel_ppl_ungrouped_col1	dvādaśa	-0.737	0.351	-0.259	0.082	0.327
kirfel_ppl_ungrouped_col1	dānam	-0.658	0.389	-0.256	0.000	0.317
kirfel_ppl_ungrouped_col1	parama	0.819	-0.311	-0.255	0.897	0.570
kirfel_ppl_ungrouped_col1	rudra	-0.455	0.551	-0.251	0.082	0.274
kirfel_ppl_ungrouped_col1	nityam	-0.786	0.318	-0.250	0.245	0.810
kirfel_ppl_ungrouped_col1	atas	-0.584	0.427	-0.249	0.163	0.491
kirfel_ppl_ungrouped_col1	yam	1.623	-0.151	-0.245	0.652	0.271
kirfel_ppl_ungrouped_col1	āśu	-1.049	-0.232	0.244	0.000	0.343
kirfel_ppl_ungrouped_col1	viṣṇu	-0.445	0.545	-0.242	0.163	0.563
kirfel_ppl_ungrouped_col1	devaḥ	0.732	0.330	0.242	0.816	0.489
kirfel_ppl_ungrouped_col1	mahat	-0.498	-0.483	0.241	0.326	0.498
kirfel_ppl_ungrouped_col1	kecid	-0.646	0.372	-0.240	0.000	0.265
kirfel_ppl_ungrouped_col1	lokān	0.670	-0.358	-0.240	0.571	0.331
kirfel_ppl_ungrouped_col1	śatam	0.987	0.242	0.239	0.979	0.519
kirfel_ppl_ungrouped_col1	nṛpa	-0.712	-0.335	0.239	0.082	0.707
kirfel_ppl_ungrouped_col1	pūrva	-0.457	0.516	-0.236	0.245	0.387
kirfel_ppl_ungrouped_col1	karma	-1.008	0.233	-0.235	0.163	0.744
kirfel_ppl_ungrouped_col1	syāt	-0.564	0.416	-0.235	0.163	0.697
kirfel_ppl_ungrouped_col1	aṣṭau	-0.994	0.230	-0.228	0.000	0.226
kirfel_ppl_ungrouped_col1	bhāryā	1.385	-0.165	-0.228	0.734	0.273
kirfel_ppl_ungrouped_col1	puruṣa	-0.575	-0.396	0.228	0.163	0.451
kirfel_ppl_ungrouped_col1	kāma	-1.212	0.188	-0.227	0.082	0.597
kirfel_ppl_ungrouped_col1	dadyāt	-0.575	0.390	-0.225	0.000	0.331
kirfel_ppl_ungrouped_col1	vacaḥ	0.363	-0.617	-0.224	0.734	0.558
kirfel_ppl_ungrouped_col1	tīrtha	-0.627	0.356	-0.223	0.000	0.263
kirfel_ppl_ungrouped_col1	ādāya	-0.495	-0.449	0.222	0.163	0.295
kirfel_ppl_ungrouped_col1	purā	1.318	-0.168	-0.222	1.386	0.789
kirfel_ppl_ungrouped_col1	samam	-0.742	0.299	-0.222	0.082	0.234
kirfel_ppl_ungrouped_col1	rūpa	-0.577	0.380	-0.219	0.245	0.504
kirfel_ppl_ungrouped_col1	go	1.103	0.198	0.218	0.571	0.268
kirfel_ppl_ungrouped_col1	smṛtam	-0.374	0.576	-0.216	0.163	0.313
kirfel_ppl_ungrouped_col1	jagāma	-0.342	-0.629	0.215	0.245	0.370
kirfel_ppl_ungrouped_col1	ante	-0.491	0.434	-0.213	0.245	0.408
kirfel_ppl_ungrouped_col1	bhavati	-0.476	0.448	-0.213	0.163	0.294
kirfel_ppl_ungrouped_col1	yānti	-0.785	0.271	-0.213	0.000	0.243
kirfel_ppl_ungrouped_col1	uvāca	-0.586	-0.360	0.211	2.936	4.871
kirfel_ppl_ungrouped_col1	tasmin	1.272	-0.165	-0.210	0.979	0.527
kirfel_ppl_ungrouped_col1	sahasra	1.246	0.167	0.209	0.652	0.289
kirfel_ppl_ungrouped_col1	koṭi	-0.409	0.511	-0.209	0.000	0.327
kirfel_ppl_ungrouped_col1	nara	-0.400	-0.513	0.205	0.245	0.443
kirfel_ppl_ungrouped_col1	iva	-0.331	-0.618	0.204	1.550	2.341
kirfel_ppl_ungrouped_col1	kula	1.066	-0.191	-0.204	0.489	0.251
kirfel_ppl_ungrouped_col1	eva	0.882	0.230	0.203	13.619	9.926
kirfel_ppl_ungrouped_col1	prabhuḥ	3.322	-0.061	-0.202	2.447	0.571
kirfel_ppl_ungrouped_col1	śīghram	-0.468	-0.431	0.202	0.082	0.216
kirfel_ppl_ungrouped_col1	tvad	-1.052	-0.192	0.202	0.000	0.307
kirfel_ppl_ungrouped_col1	duḥkha	-1.101	-0.183	0.202	0.000	0.310
kirfel_ppl_ungrouped_col1	dharmam	1.502	-0.133	-0.200	0.652	0.248
kirfel_ppl_ungrouped_col1	vākyam	-0.357	-0.554	0.198	0.326	0.578
kirfel_ppl_ungrouped_col1	idam	-0.417	-0.470	0.196	1.142	1.509
kirfel_ppl_ungrouped_col1	paścāt	-0.954	0.205	-0.195	0.000	0.228
kirfel_ppl_ungrouped_col1	tapasā	1.539	-0.127	-0.195	0.816	0.328
kirfel_ppl_ungrouped_col1	ye	-0.564	0.345	-0.195	1.142	1.766
kirfel_ppl_ungrouped_col1	uktam	-0.381	0.509	-0.194	0.163	0.306
kirfel_ppl_ungrouped_col1	rājānam	-0.321	-0.603	0.194	0.163	0.298
kirfel_ppl_ungrouped_col1	jala	-0.630	0.307	-0.193	0.082	0.241
kirfel_ppl_ungrouped_col1	bhaya	-0.886	-0.218	0.193	0.082	0.270
kirfel_ppl_ungrouped_col1	nāga	-0.639	-0.300	0.192	0.082	0.224
kirfel_ppl_ungrouped_col1	brahmaṇaḥ	-0.459	0.416	-0.191	0.163	0.390
kirfel_ppl_ungrouped_col1	cit	-0.592	-0.322	0.191	0.000	0.447
kirfel_ppl_ungrouped_col1	dharma	0.694	-0.274	-0.190	1.876	1.283
kirfel_ppl_ungrouped_col1	bhārata	-0.512	-0.371	0.190	0.000	0.404
kirfel_ppl_ungrouped_col1	rājyam	0.406	-0.467	-0.190	0.489	0.338
kirfel_ppl_ungrouped_col1	śara	-0.333	-0.560	0.187	0.082	0.288
kirfel_ppl_ungrouped_col1	sat	-0.459	0.405	-0.186	0.163	0.305
kirfel_ppl_ungrouped_col1	bala	-0.401	-0.462	0.185	0.245	0.358
kirfel_ppl_ungrouped_col1	yuga	1.252	0.148	0.185	0.652	0.236
kirfel_ppl_ungrouped_col1	tejāḥ	0.374	-0.475	-0.178	0.489	0.310
kirfel_ppl_ungrouped_col1	tāvat	-0.952	0.186	-0.177	0.082	0.313
kirfel_ppl_ungrouped_col1	śrī	-0.534	0.331	-0.177	0.000	1.300
kirfel_ppl_ungrouped_col1	annam	-0.569	0.306	-0.174	0.000	0.233
kirfel_ppl_ungrouped_col1	śiva	-0.316	0.545	-0.173	0.082	0.901
kirfel_ppl_ungrouped_col1	dam	-0.434	0.397	-0.172	0.082	0.210
kirfel_ppl_ungrouped_col1	artha	0.351	0.485	0.171	0.652	0.518
kirfel_ppl_ungrouped_col1	ādyaiḥ	-0.373	0.457	-0.170	0.082	0.181
kirfel_ppl_ungrouped_col1	kṛtam	-0.909	-0.187	0.170	0.245	0.676
kirfel_ppl_ungrouped_col1	bhava	-1.194	0.142	-0.169	0.000	0.241
kirfel_ppl_ungrouped_col1	pṛthak	-1.016	0.165	-0.168	0.000	0.352
kirfel_ppl_ungrouped_col1	rāja	-0.255	-0.656	0.167	0.734	1.018
kirfel_ppl_ungrouped_col1	bhavān	-0.498	-0.335	0.167	0.163	0.330
kirfel_ppl_ungrouped_col1	aśva	-0.666	-0.250	0.167	0.000	0.245
kirfel_ppl_ungrouped_col1	satya	0.541	-0.307	-0.166	0.571	0.366
kirfel_ppl_ungrouped_col1	lakṣaṇam	0.318	0.521	0.166	0.326	0.234
kirfel_ppl_ungrouped_col1	māyā	-0.457	0.361	-0.165	0.163	0.382
kirfel_ppl_ungrouped_col1	saḥ	1.369	-0.121	-0.165	2.691	1.558
kirfel_ppl_ungrouped_col1	yat	-1.028	0.160	-0.165	1.060	2.452
kirfel_ppl_ungrouped_col1	prati	0.277	-0.582	-0.161	0.408	0.324
kirfel_ppl_ungrouped_col1	śivam	-0.542	0.297	-0.161	0.000	0.269
kirfel_ppl_ungrouped_col1	bhaviṣyati	0.605	-0.265	-0.160	0.652	0.411
kirfel_ppl_ungrouped_col1	sarveṣām	-1.152	0.139	-0.160	0.082	0.502
kirfel_ppl_ungrouped_col1	vaiśaṃpāyanaḥ	-0.341	-0.465	0.159	0.000	0.383
kirfel_ppl_ungrouped_col1	gatim	-0.810	-0.195	0.158	0.082	0.306
kirfel_ppl_ungrouped_col1	śivaḥ	-0.483	0.325	-0.157	0.000	0.269
kirfel_ppl_ungrouped_col1	ayam	0.294	-0.533	-0.156	1.305	1.094
kirfel_ppl_ungrouped_col1	gṛhītvā	-0.550	-0.281	0.154	0.082	0.180
kirfel_ppl_ungrouped_col1	pūjā	-0.371	0.416	-0.154	0.000	0.254
kirfel_ppl_ungrouped_col1	devān	3.193	-0.048	-0.154	1.060	0.271
kirfel_ppl_ungrouped_col1	pitṛ	-0.721	0.213	-0.154	0.082	0.407
kirfel_ppl_ungrouped_col1	pituḥ	0.395	-0.376	-0.149	0.326	0.214
kirfel_ppl_ungrouped_col1	tāni	-1.476	-0.100	0.148	0.000	0.309
kirfel_ppl_ungrouped_col1	nṛṇām	-0.469	0.313	-0.147	0.082	0.275
kirfel_ppl_ungrouped_col1	samyak	-0.366	0.400	-0.146	0.163	0.272
kirfel_ppl_ungrouped_col1	iyam	-0.499	-0.293	0.146	0.245	0.440
kirfel_ppl_ungrouped_col1	ātma	-0.395	0.369	-0.146	0.408	0.823
kirfel_ppl_ungrouped_col1	bhaktyā	-0.389	0.371	-0.144	0.163	0.314
kirfel_ppl_ungrouped_col1	katham	0.425	-0.336	-0.143	0.979	0.766
kirfel_ppl_ungrouped_col1	bhūyas	-1.132	-0.126	0.143	0.000	0.418
kirfel_ppl_ungrouped_col1	dāna	-0.405	0.351	-0.142	0.082	0.174
kirfel_ppl_ungrouped_col1	śrutvā	-0.217	-0.647	0.140	0.897	1.088
kirfel_ppl_ungrouped_col1	gataḥ	-0.449	-0.312	0.140	0.326	0.520
kirfel_ppl_ungrouped_col1	liṅgam	-0.347	0.402	-0.140	0.000	0.195
kirfel_ppl_ungrouped_col1	puṇyam	-0.331	0.420	-0.139	0.245	0.481
kirfel_ppl_ungrouped_col1	yā	-0.360	0.386	-0.139	0.408	0.619
kirfel_ppl_ungrouped_col1	śreṣṭhaḥ	-0.239	-0.577	0.138	0.163	0.213
kirfel_ppl_ungrouped_col1	snātvā	-0.433	0.316	-0.137	0.000	0.335
kirfel_ppl_ungrouped_col1	tā	-0.348	0.393	-0.137	0.163	0.267
kirfel_ppl_ungrouped_col1	śaraiḥ	-0.246	-0.551	0.136	0.082	0.257
kirfel_ppl_ungrouped_col1	saṃśayaḥ	-0.637	0.212	-0.135	0.245	0.591
kirfel_ppl_ungrouped_col1	gṛhe	-0.530	0.255	-0.135	0.082	0.193
kirfel_ppl_ungrouped_col1	anye	-0.615	-0.218	0.134	0.245	0.448
kirfel_ppl_ungrouped_col1	mā	-0.237	-0.553	0.131	0.408	0.529
kirfel_ppl_ungrouped_col1	vidyā	-0.284	0.461	-0.131	0.163	0.256
kirfel_ppl_ungrouped_col1	dvija	-0.529	0.247	-0.130	0.082	0.407
kirfel_ppl_ungrouped_col1	astu	1.008	-0.129	-0.130	0.571	0.291
kirfel_ppl_ungrouped_col1	vara	-0.414	-0.314	0.130	0.408	0.561
kirfel_ppl_ungrouped_col1	pitaraḥ	-0.392	0.332	-0.130	0.082	0.246
kirfel_ppl_ungrouped_col1	atra	-0.537	0.237	-0.127	0.652	1.010
kirfel_ppl_ungrouped_col1	rūpam	-0.418	0.303	-0.127	0.489	0.710
kirfel_ppl_ungrouped_col1	rāma	-0.434	-0.291	0.126	0.000	0.342
kirfel_ppl_ungrouped_col1	om	-0.264	0.474	-0.125	0.000	0.306
kirfel_ppl_ungrouped_col1	asau	-0.857	0.146	-0.125	0.163	0.621
kirfel_ppl_ungrouped_col1	varaḥ	0.239	-0.519	-0.124	0.326	0.273
kirfel_ppl_ungrouped_col1	tīrtham	-0.419	0.296	-0.124	0.000	0.244
kirfel_ppl_ungrouped_col1	kṛt	0.620	0.196	0.121	0.326	0.205
kirfel_ppl_ungrouped_col1	dhanuḥ	-0.211	-0.572	0.121	0.163	0.233
kirfel_ppl_ungrouped_col1	yudhiṣṭhiraḥ	-0.310	-0.389	0.121	0.000	0.379
kirfel_ppl_ungrouped_col1	yathā	-0.914	-0.132	0.121	1.386	2.401
kirfel_ppl_ungrouped_col1	dadau	0.384	-0.311	-0.119	0.408	0.284
kirfel_ppl_ungrouped_col1	sthānam	-0.302	0.394	-0.119	0.245	0.401
kirfel_ppl_ungrouped_col1	ete	0.913	0.130	0.119	1.713	0.878
kirfel_ppl_ungrouped_col1	śubha	-0.827	0.144	-0.119	0.000	0.276
kirfel_ppl_ungrouped_col1	su	0.286	-0.401	-0.115	2.854	2.508
kirfel_ppl_ungrouped_col1	jātaḥ	1.412	-0.079	-0.112	0.571	0.240
kirfel_ppl_ungrouped_col1	śāstra	-0.544	0.205	-0.111	0.082	0.204
kirfel_ppl_ungrouped_col1	mām	0.197	-0.565	-0.111	1.305	1.129
kirfel_ppl_ungrouped_col1	brāhmaṇaḥ	-0.732	0.152	-0.111	0.000	0.216
kirfel_ppl_ungrouped_col1	viprāḥ	0.415	0.265	0.110	0.326	0.216
kirfel_ppl_ungrouped_col1	pravakṣyāmi	0.259	0.423	0.110	0.326	0.238
kirfel_ppl_ungrouped_col1	yāvat	-0.278	0.391	-0.109	0.326	0.424
kirfel_ppl_ungrouped_col1	vat	-0.636	0.169	-0.108	0.245	0.498
kirfel_ppl_ungrouped_col1	imām	-0.212	-0.506	0.107	0.245	0.314
kirfel_ppl_ungrouped_col1	yasya	1.038	0.103	0.107	1.060	0.565
kirfel_ppl_ungrouped_col1	sākṣāt	-0.602	0.171	-0.103	0.000	0.371
kirfel_ppl_ungrouped_col1	param	-0.184	0.558	-0.102	0.897	1.043
kirfel_ppl_ungrouped_col1	raṇe	0.162	-0.631	-0.102	0.489	0.358
kirfel_ppl_ungrouped_col1	puruṣaḥ	-0.475	0.211	-0.100	0.163	0.370
kirfel_ppl_ungrouped_col1	kāle	1.181	0.084	0.099	0.734	0.436
kirfel_ppl_ungrouped_col1	sūtaḥ	0.671	0.146	0.098	0.816	0.364
kirfel_ppl_ungrouped_col1	brahmā	-0.221	0.443	-0.098	0.408	0.575
kirfel_ppl_ungrouped_col1	guṇa	-0.262	0.373	-0.098	0.489	0.683
kirfel_ppl_ungrouped_col1	viṣṇoḥ	-0.301	0.323	-0.097	0.245	0.380
kirfel_ppl_ungrouped_col1	anyat	-0.698	0.139	-0.097	0.082	0.237
kirfel_ppl_ungrouped_col1	sahasrāṇi	0.370	-0.260	-0.096	0.816	0.589
kirfel_ppl_ungrouped_col1	pāpam	-0.543	0.174	-0.095	0.082	0.273
kirfel_ppl_ungrouped_col1	api	-0.713	0.132	-0.094	5.219	6.684
kirfel_ppl_ungrouped_col1	hareḥ	-0.515	0.183	-0.094	0.000	0.230
kirfel_ppl_ungrouped_col1	sahasraśas	-0.190	-0.491	0.093	0.245	0.314
kirfel_ppl_ungrouped_col1	balam	-0.153	-0.608	0.093	0.326	0.385
kirfel_ppl_ungrouped_col1	aṅga	-0.371	0.250	-0.093	0.163	0.291
kirfel_ppl_ungrouped_col1	tvāt	-0.224	0.411	-0.092	0.245	0.422
kirfel_ppl_ungrouped_col1	iha	0.782	-0.117	-0.091	1.713	1.150
kirfel_ppl_ungrouped_col1	puṣpa	-0.737	0.123	-0.091	0.082	0.356
kirfel_ppl_ungrouped_col1	mayam	0.295	0.304	0.090	0.326	0.259
kirfel_ppl_ungrouped_col1	rakta	-0.830	0.108	-0.090	0.000	0.188
kirfel_ppl_ungrouped_col1	hā	-0.324	-0.276	0.089	0.163	0.233
kirfel_ppl_ungrouped_col1	uttamam	-0.607	0.147	-0.089	0.163	0.318
kirfel_ppl_ungrouped_col1	sthitaḥ	-0.484	0.183	-0.088	0.163	0.324
kirfel_ppl_ungrouped_col1	mahā	0.129	-0.686	-0.088	6.932	6.417
kirfel_ppl_ungrouped_col1	na	-0.842	-0.104	0.088	6.280	9.100
kirfel_ppl_ungrouped_col1	brūhi	-0.553	-0.156	0.086	0.082	0.176
kirfel_ppl_ungrouped_col1	āgataḥ	0.567	-0.152	-0.086	0.326	0.198
kirfel_ppl_ungrouped_col1	padma	-0.900	-0.096	0.086	0.000	0.228
kirfel_ppl_ungrouped_col1	śakti	-0.448	0.191	-0.086	0.082	0.205
kirfel_ppl_ungrouped_col1	etat	-1.141	-0.074	0.084	0.408	1.233
kirfel_ppl_ungrouped_col1	nāma	2.870	-0.029	-0.084	4.567	1.454
kirfel_ppl_ungrouped_col1	varam	-0.203	-0.408	0.083	0.326	0.404
kirfel_ppl_ungrouped_col1	yena	0.880	-0.094	-0.083	0.816	0.526
kirfel_ppl_ungrouped_col1	bahu	-0.257	-0.321	0.082	0.408	0.501
kirfel_ppl_ungrouped_col1	tvām	-0.118	-0.693	0.082	0.571	0.636
kirfel_ppl_ungrouped_col1	prāṇa	-0.308	0.264	-0.081	0.163	0.258
kirfel_ppl_ungrouped_col1	sama	-0.875	-0.093	0.081	0.082	0.265
kirfel_ppl_ungrouped_col1	viśeṣataḥ	-0.487	0.165	-0.081	0.082	0.274
kirfel_ppl_ungrouped_col1	yadā	-0.753	0.107	-0.080	0.245	0.595
kirfel_ppl_ungrouped_col1	manasā	-0.581	0.137	-0.080	0.163	0.320
kirfel_ppl_ungrouped_col1	gatvā	-0.280	-0.280	0.078	0.326	0.416
kirfel_ppl_ungrouped_col1	devī	0.386	0.203	0.078	1.060	0.621
kirfel_ppl_ungrouped_col1	pūrvam	0.497	-0.157	-0.078	0.979	0.751
kirfel_ppl_ungrouped_col1	śakra	0.197	-0.393	-0.078	0.245	0.199
kirfel_ppl_ungrouped_col1	vratam	0.392	0.197	0.077	0.245	0.164
kirfel_ppl_ungrouped_col1	śaraṇam	-0.399	-0.189	0.075	0.163	0.271
kirfel_ppl_ungrouped_col1	mudā	-0.377	-0.193	0.073	0.082	0.178
kirfel_ppl_ungrouped_col1	vipra	0.312	0.233	0.073	0.408	0.303
kirfel_ppl_ungrouped_col1	para	-0.564	0.127	-0.072	0.245	0.434
kirfel_ppl_ungrouped_col1	nadī	-0.471	0.152	-0.071	0.000	0.287
kirfel_ppl_ungrouped_col1	ātmanaḥ	-0.971	-0.072	0.070	0.000	0.606
kirfel_ppl_ungrouped_col1	kālam	-0.518	-0.135	0.070	0.163	0.305
kirfel_ppl_ungrouped_col1	gatāḥ	-0.254	-0.274	0.070	0.245	0.312
kirfel_ppl_ungrouped_col1	teṣu	-0.758	0.092	-0.069	0.082	0.298
kirfel_ppl_ungrouped_col1	me	-0.158	-0.437	0.069	1.550	1.715
kirfel_ppl_ungrouped_col1	indra	-0.204	-0.337	0.069	0.408	0.500
kirfel_ppl_ungrouped_col1	janma	0.165	0.416	0.069	0.326	0.283
kirfel_ppl_ungrouped_col1	kṛtaḥ	-0.199	-0.342	0.068	0.245	0.290
kirfel_ppl_ungrouped_col1	śata	-0.760	-0.089	0.067	0.163	0.485
kirfel_ppl_ungrouped_col1	śṛṇu	-0.581	0.115	-0.067	0.245	0.659
kirfel_ppl_ungrouped_col1	pitā	0.256	-0.261	-0.067	0.326	0.261
kirfel_ppl_ungrouped_col1	devānām	-0.384	0.172	-0.066	0.326	0.461
kirfel_ppl_ungrouped_col1	sarvatas	-1.097	-0.060	0.066	0.000	0.282
kirfel_ppl_ungrouped_col1	mune	-0.455	0.145	-0.066	0.082	0.387
kirfel_ppl_ungrouped_col1	asti	-0.513	0.128	-0.066	0.245	0.588
kirfel_ppl_ungrouped_col1	mayā	-0.157	-0.397	0.063	1.223	1.364
kirfel_ppl_ungrouped_col1	narāḥ	-0.764	0.081	-0.062	0.000	0.249
kirfel_ppl_ungrouped_col1	kṛtvā	-0.638	0.096	-0.061	0.816	1.433
kirfel_ppl_ungrouped_col1	aham	-0.149	-0.413	0.061	2.365	2.578
kirfel_ppl_ungrouped_col1	diśaḥ	-0.143	-0.418	0.060	0.245	0.284
kirfel_ppl_ungrouped_col1	tasyām	0.527	-0.113	-0.059	0.408	0.258
kirfel_ppl_ungrouped_col1	agniḥ	-0.344	0.168	-0.058	0.163	0.275
kirfel_ppl_ungrouped_col1	mahī	-0.346	-0.167	0.058	0.163	0.228
kirfel_ppl_ungrouped_col1	rāmaḥ	-0.178	-0.320	0.057	0.245	0.398
kirfel_ppl_ungrouped_col1	dattvā	0.400	0.141	0.056	0.408	0.268
kirfel_ppl_ungrouped_col1	daitya	0.692	-0.081	-0.056	0.571	0.283
kirfel_ppl_ungrouped_col1	puṇya	-0.257	0.218	-0.056	0.326	0.449
kirfel_ppl_ungrouped_col1	īśvaram	-0.601	0.093	-0.056	0.082	0.254
kirfel_ppl_ungrouped_col1	jagat	0.161	0.341	0.055	0.571	0.494
kirfel_ppl_ungrouped_col1	devam	-0.271	0.201	-0.054	0.245	0.366
kirfel_ppl_ungrouped_col1	śrāddham	-0.281	0.190	-0.053	0.000	0.247
kirfel_ppl_ungrouped_col1	sarvāṇi	-0.324	-0.164	0.053	0.163	0.220
kirfel_ppl_ungrouped_col1	sapta	-0.138	0.382	-0.053	0.571	0.659
kirfel_ppl_ungrouped_col1	tapaḥ	0.912	0.058	0.053	1.223	0.733
kirfel_ppl_ungrouped_col1	loka	0.405	0.128	0.052	0.897	0.715
kirfel_ppl_ungrouped_col1	madhye	-0.390	0.132	-0.051	0.245	0.367
kirfel_ppl_ungrouped_col1	yatra	-0.836	0.060	-0.050	0.245	0.870
kirfel_ppl_ungrouped_col1	kāmam	0.235	-0.213	-0.050	0.245	0.203
kirfel_ppl_ungrouped_col1	āyuḥ	-0.175	0.285	-0.050	0.163	0.195
kirfel_ppl_ungrouped_col1	a	-0.510	-0.095	0.048	0.979	1.630
kirfel_ppl_ungrouped_col1	prāpya	-0.303	-0.157	0.047	0.326	0.430
kirfel_ppl_ungrouped_col1	ṛṣi	-0.248	-0.191	0.047	0.245	0.332
kirfel_ppl_ungrouped_col1	tale	-0.753	-0.063	0.047	0.082	0.253
kirfel_ppl_ungrouped_col1	tayā	0.823	-0.057	-0.047	0.571	0.321
kirfel_ppl_ungrouped_col1	īśvaraḥ	0.253	0.183	0.046	0.652	0.528
kirfel_ppl_ungrouped_col1	vyāsaḥ	-0.526	0.087	-0.046	0.000	0.225
kirfel_ppl_ungrouped_col1	kṛṣṇaḥ	0.271	-0.168	-0.045	0.571	0.382
kirfel_ppl_ungrouped_col1	deva	0.654	0.069	0.045	2.039	1.522
kirfel_ppl_ungrouped_col1	viṣṇum	0.287	0.157	0.045	0.326	0.229
kirfel_ppl_ungrouped_col1	nāmnā	0.372	0.121	0.045	0.408	0.283
kirfel_ppl_ungrouped_col1	āha	-0.654	-0.068	0.044	0.082	0.536
kirfel_ppl_ungrouped_col1	kramāt	-0.075	0.584	-0.044	0.163	0.187
kirfel_ppl_ungrouped_col1	ca	0.618	-0.070	-0.043	47.056	40.048
kirfel_ppl_ungrouped_col1	ūcuḥ	0.427	-0.100	-0.043	0.734	0.535
kirfel_ppl_ungrouped_col1	anena	-0.993	0.043	-0.042	0.000	0.201
kirfel_ppl_ungrouped_col1	tat	-0.586	-0.070	0.041	2.854	3.622
kirfel_ppl_ungrouped_col1	tatra	-1.011	-0.040	0.041	1.386	2.763
kirfel_ppl_ungrouped_col1	patiḥ	-0.958	-0.042	0.040	0.000	0.232
kirfel_ppl_ungrouped_col1	nānā	-0.736	-0.053	0.039	0.000	0.639
kirfel_ppl_ungrouped_col1	kṛṣṇa	-0.654	0.059	-0.039	0.082	0.617
kirfel_ppl_ungrouped_col1	abhūt	-0.169	-0.226	0.038	0.408	0.521
kirfel_ppl_ungrouped_col1	ratna	-0.562	-0.067	0.038	0.082	0.245
kirfel_ppl_ungrouped_col1	pṛthivī	-0.311	-0.120	0.037	0.163	0.238
kirfel_ppl_ungrouped_col1	paramam	-0.125	0.296	-0.037	0.326	0.375
kirfel_ppl_ungrouped_col1	duḥkham	-0.677	-0.053	0.036	0.000	0.215
kirfel_ppl_ungrouped_col1	jñātvā	0.631	0.055	0.035	0.652	0.384
kirfel_ppl_ungrouped_col1	nā	-0.688	-0.049	0.034	0.082	0.300
kirfel_ppl_ungrouped_col1	svayam	0.190	0.179	0.034	0.734	0.654
kirfel_ppl_ungrouped_col1	sarva	-0.081	0.414	-0.034	3.507	3.660
kirfel_ppl_ungrouped_col1	lokānām	-0.312	0.107	-0.033	0.163	0.224
kirfel_ppl_ungrouped_col1	namaḥ	0.064	0.523	0.033	1.468	1.344
kirfel_ppl_ungrouped_col1	sarvam	0.770	0.043	0.033	1.468	1.022
kirfel_ppl_ungrouped_col1	tāsām	-0.284	0.116	-0.033	0.163	0.278
kirfel_ppl_ungrouped_col1	yoga	0.118	0.273	0.032	0.652	0.556
kirfel_ppl_ungrouped_col1	ṛṣayaḥ	0.292	0.111	0.032	0.816	0.635
kirfel_ppl_ungrouped_col1	ātmā	-0.161	-0.197	0.032	0.897	1.005
kirfel_ppl_ungrouped_col1	nāradaḥ	-0.274	-0.115	0.032	0.163	0.323
kirfel_ppl_ungrouped_col1	praṇamya	0.288	0.108	0.031	0.245	0.177
kirfel_ppl_ungrouped_col1	yatas	-0.097	0.311	-0.030	0.326	0.358
kirfel_ppl_ungrouped_col1	dānava	0.148	-0.199	-0.029	0.245	0.197
kirfel_ppl_ungrouped_col1	eṣā	-0.313	-0.093	0.029	0.245	0.352
kirfel_ppl_ungrouped_col1	manaḥ	-0.442	0.065	-0.029	0.326	0.620
kirfel_ppl_ungrouped_col1	sukha	-0.874	0.033	-0.028	0.082	0.326
kirfel_ppl_ungrouped_col1	yayau	-0.067	-0.420	0.028	0.245	0.265
kirfel_ppl_ungrouped_col1	ati	-0.857	0.032	-0.028	0.163	0.749
kirfel_ppl_ungrouped_col1	brāhmaṇa	-0.870	0.031	-0.027	0.000	0.206
kirfel_ppl_ungrouped_col1	iti	-0.258	0.105	-0.027	4.241	5.396
kirfel_ppl_ungrouped_col1	imam	-0.112	-0.239	0.027	0.245	0.271
kirfel_ppl_ungrouped_col1	cakra	-0.569	0.047	-0.027	0.082	0.222
kirfel_ppl_ungrouped_col1	sādhu	0.078	-0.340	-0.026	0.326	0.298
kirfel_ppl_ungrouped_col1	muni	0.107	0.244	0.026	0.652	0.574
kirfel_ppl_ungrouped_col1	strī	0.250	0.104	0.026	0.408	0.344
kirfel_ppl_ungrouped_col1	hariḥ	-0.169	0.150	-0.025	0.326	0.422
kirfel_ppl_ungrouped_col1	asmin	0.537	0.046	0.025	0.326	0.232
kirfel_ppl_ungrouped_col1	asi	0.040	-0.599	-0.024	0.571	0.549
kirfel_ppl_ungrouped_col1	devi	0.295	0.079	0.023	0.489	0.284
kirfel_ppl_ungrouped_col1	surāḥ	-0.557	0.041	-0.023	0.082	0.251
kirfel_ppl_ungrouped_col1	sarvaśas	0.066	-0.320	-0.021	0.326	0.304
kirfel_ppl_ungrouped_col1	indraḥ	0.094	-0.223	-0.021	0.326	0.290
kirfel_ppl_ungrouped_col1	mātā	-0.176	-0.117	0.021	0.163	0.206
kirfel_ppl_ungrouped_col1	sam	-0.135	0.148	-0.020	0.000	0.035
kirfel_ppl_ungrouped_col1	tyaktvā	-0.221	-0.089	0.020	0.163	0.208
kirfel_ppl_ungrouped_col1	artham	1.124	0.017	0.019	1.713	1.015
kirfel_ppl_ungrouped_col1	yadi	-0.073	-0.256	0.019	0.571	0.609
kirfel_ppl_ungrouped_col1	kāryam	-0.734	-0.025	0.019	0.082	0.372
kirfel_ppl_ungrouped_col1	lokam	0.140	0.133	0.019	0.326	0.282
kirfel_ppl_ungrouped_col1	tayoḥ	0.346	-0.054	-0.019	0.326	0.257
kirfel_ppl_ungrouped_col1	gaṇāḥ	-0.231	-0.079	0.018	0.326	0.435
kirfel_ppl_ungrouped_col1	adya	-0.024	-0.766	0.018	0.571	0.587
kirfel_ppl_ungrouped_col1	jāyate	-0.029	0.607	-0.018	0.326	0.338
kirfel_ppl_ungrouped_col1	kālaḥ	-0.558	0.031	-0.017	0.163	0.329
kirfel_ppl_ungrouped_col1	varṣa	0.125	0.134	0.017	0.489	0.441
kirfel_ppl_ungrouped_col1	gṛham	0.714	-0.023	-0.017	0.326	0.198
kirfel_ppl_ungrouped_col1	puram	-0.206	-0.080	0.017	0.163	0.218
kirfel_ppl_ungrouped_col1	bhagavān	-0.424	0.038	-0.016	0.652	1.181
kirfel_ppl_ungrouped_col1	ucyate	-0.030	0.521	-0.016	0.408	0.425
kirfel_ppl_ungrouped_col1	sā	0.259	-0.061	-0.016	2.202	1.869
kirfel_ppl_ungrouped_col1	śreṣṭha	-0.047	-0.323	0.015	0.245	0.260
kirfel_ppl_ungrouped_col1	prajāḥ	0.617	-0.024	-0.015	1.142	0.614
kirfel_ppl_ungrouped_col1	mama	0.031	-0.479	-0.015	1.468	1.440
kirfel_ppl_ungrouped_col1	yajña	-0.085	0.164	-0.014	0.408	0.437
kirfel_ppl_ungrouped_col1	tasyāḥ	0.346	-0.039	-0.014	0.489	0.384
kirfel_ppl_ungrouped_col1	candra	-0.095	0.140	-0.013	0.245	0.270
kirfel_ppl_ungrouped_col1	bhuvi	-0.052	-0.244	0.013	0.245	0.258
kirfel_ppl_ungrouped_col1	satyam	-0.056	0.216	-0.012	0.245	0.256
kirfel_ppl_ungrouped_col1	prāha	-0.878	-0.013	0.012	0.000	0.366
kirfel_ppl_ungrouped_col1	gaṅgā	-0.170	0.069	-0.012	0.163	0.254
kirfel_ppl_ungrouped_col1	vinā	-0.067	0.172	-0.011	0.245	0.260
kirfel_ppl_ungrouped_col1	asura	0.370	0.030	0.011	0.489	0.337
kirfel_ppl_ungrouped_col1	kanyā	1.823	0.006	0.010	0.816	0.266
kirfel_ppl_ungrouped_col1	satatam	-0.230	0.044	-0.010	0.163	0.222
kirfel_ppl_ungrouped_col1	tathā	0.030	0.326	0.010	7.421	7.313
kirfel_ppl_ungrouped_col1	hatvā	-0.020	-0.492	0.010	0.245	0.251
kirfel_ppl_ungrouped_col1	vāc	0.261	0.036	0.009	0.326	0.269
kirfel_ppl_ungrouped_col1	śrīmān	-0.052	-0.175	0.009	0.245	0.263
kirfel_ppl_ungrouped_col1	tejaḥ	0.225	0.038	0.008	0.326	0.269
kirfel_ppl_ungrouped_col1	loke	-0.142	0.058	-0.008	0.408	0.478
kirfel_ppl_ungrouped_col1	tāḥ	-0.061	-0.130	0.008	0.652	0.707
kirfel_ppl_ungrouped_col1	āhuḥ	-0.026	0.299	-0.008	0.326	0.339
kirfel_ppl_ungrouped_col1	bhūta	0.026	0.282	0.007	0.652	0.640
kirfel_ppl_ungrouped_col1	gaṇa	-0.327	-0.022	0.007	0.163	0.250
kirfel_ppl_ungrouped_col1	mad	-0.087	-0.077	0.007	0.489	0.557
kirfel_ppl_ungrouped_col1	devīm	0.056	0.117	0.006	0.245	0.222
kirfel_ppl_ungrouped_col1	taiḥ	-0.049	-0.129	0.006	0.408	0.425
kirfel_ppl_ungrouped_col1	sukham	-1.236	-0.005	0.006	0.000	0.278
kirfel_ppl_ungrouped_col1	bhūtānām	0.285	0.021	0.006	0.652	0.513
kirfel_ppl_ungrouped_col1	an	0.199	-0.029	-0.006	0.326	0.279
kirfel_ppl_ungrouped_col1	asya	0.014	-0.395	-0.006	0.897	0.890
kirfel_ppl_ungrouped_col1	kāla	-0.046	0.114	-0.005	0.571	0.589
kirfel_ppl_ungrouped_col1	devāḥ	0.310	-0.017	-0.005	1.142	0.916
kirfel_ppl_ungrouped_col1	śiraḥ	-0.453	-0.011	0.005	0.163	0.285
kirfel_ppl_ungrouped_col1	teṣām	0.217	0.024	0.005	1.957	1.733
kirfel_ppl_ungrouped_col1	rūpeṇa	-0.063	0.072	-0.005	0.326	0.364
kirfel_ppl_ungrouped_col1	antare	-0.090	0.050	-0.005	0.245	0.308
kirfel_ppl_ungrouped_col1	jajñe	5.765	-0.001	-0.004	3.262	0.300
kirfel_ppl_ungrouped_col1	divyam	0.088	-0.041	-0.004	0.245	0.226
kirfel_ppl_ungrouped_col1	bhīṣmaḥ	-0.011	-0.291	0.003	0.163	0.170
kirfel_ppl_ungrouped_col1	mārkaṇḍeyaḥ	-0.286	0.009	-0.003	0.000	0.312
kirfel_ppl_ungrouped_col1	vāyuḥ	0.013	0.199	0.003	0.326	0.320
kirfel_ppl_ungrouped_col1	hi	0.050	-0.040	-0.002	4.322	4.218
kirfel_ppl_ungrouped_col1	ekaḥ	-0.584	-0.003	0.002	0.163	0.331
kirfel_ppl_ungrouped_col1	svam	0.006	-0.304	-0.002	0.245	0.244
kirfel_ppl_ungrouped_col1	punar	0.023	-0.062	-0.001	2.447	2.418
kirfel_ppl_ungrouped_col1	evam	1.324	-0.001	-0.001	3.915	2.622
kirfel_ppl_ungrouped_col1	dharmaḥ	0.517	0.002	0.001	0.489	0.330
kirfel_ppl_ungrouped_col1	divya	-0.152	0.007	-0.001	0.245	0.282
kirfel_ppl_ungrouped_col1	bhūtvā	0.060	-0.017	-0.001	0.489	0.466
kirfel_ppl_ungrouped_col1	dvijāḥ	-0.003	0.325	-0.001	0.326	0.327
kirfel_ppl_ungrouped_col1	muniḥ	-0.011	0.068	-0.001	0.408	0.413
kirfel_ppl_ungrouped_col1	bhūtāni	0.018	0.040	0.001	0.326	0.321
kirfel_ppl_ungrouped_col1	ātmānam	0.083	-0.007	-0.001	0.652	0.607
kirfel_ppl_ungrouped_col1	kāmaḥ	-0.034	0.015	-0.001	0.245	0.259
kirfel_ppl_ungrouped_col1	gatiḥ	-0.007	-0.019	0.000	0.245	0.246
kirfel_ppl_ungrouped_col1	sura	0.017	0.004	0.000	0.489	0.482
skandapurana	tam	2.021	-0.783	-1.582	5.797	2.946
skandapurana	tān	2.263	-0.690	-1.562	2.391	1.068
skandapurana	sa	1.786	-0.698	-1.247	12.212	7.531
skandapurana	balaḥ	1.954	-0.586	-1.145	0.986	0.318
skandapurana	sarvān	1.776	-0.612	-1.087	1.275	0.526
skandapurana	dānava	5.225	-0.199	-1.040	1.893	0.197
skandapurana	tadā	1.850	-0.559	-1.035	5.827	2.713
skandapurana	vayam	1.669	-0.579	-0.967	0.936	0.349
skandapurana	iva	1.461	-0.618	-0.902	5.837	2.341
skandapurana	devaḥ	2.454	0.330	0.810	1.584	0.489
skandapurana	sārdham	2.000	-0.400	-0.801	0.697	0.222
skandapurana	mā	1.327	-0.553	-0.734	1.205	0.529
skandapurana	gṛhītvā	2.563	-0.281	-0.719	0.637	0.180
skandapurana	varaḥ	1.321	-0.519	-0.685	0.568	0.273
skandapurana	idam	1.419	-0.470	-0.667	2.759	1.509
skandapurana	vaḥ	1.907	-0.341	-0.649	1.096	0.399
skandapurana	sarve	1.766	-0.363	-0.641	3.098	1.616
skandapurana	bala	1.342	-0.462	-0.620	0.737	0.358
skandapurana	jagāma	0.948	-0.629	-0.596	0.717	0.370
skandapurana	bhṛśam	1.260	-0.468	-0.590	0.687	0.295
skandapurana	balam	0.950	-0.608	-0.578	0.747	0.385
skandapurana	saha	0.963	-0.599	-0.577	2.012	1.290
skandapurana	su	1.431	-0.401	-0.574	4.243	2.508
skandapurana	sarvaśas	1.727	-0.320	-0.553	0.877	0.304
skandapurana	dṛṣṭvā	0.794	-0.642	-0.509	2.978	1.951
skandapurana	śubham	1.972	0.257	0.506	0.757	0.258
skandapurana	enam	0.764	-0.655	-0.501	0.628	0.336
skandapurana	vīra	-0.690	-0.702	0.485	0.010	0.275
skandapurana	varam	1.135	-0.408	-0.463	0.837	0.404
skandapurana	ādau	-0.732	0.603	-0.442	0.020	0.232
skandapurana	vara	1.392	-0.314	-0.437	1.076	0.561
skandapurana	ādi	-0.536	0.793	-0.425	0.289	1.268
skandapurana	adya	0.546	-0.766	-0.418	0.956	0.587
skandapurana	vacanam	0.735	-0.566	-0.416	0.906	0.498
skandapurana	ratham	0.760	-0.542	-0.412	0.518	0.222
skandapurana	pūrva	-0.794	0.516	-0.409	0.139	0.387
skandapurana	jñāna	-0.587	0.692	-0.406	0.169	0.557
skandapurana	te	0.705	-0.571	-0.402	6.215	4.829
skandapurana	āśu	1.661	-0.232	-0.386	0.886	0.343
skandapurana	namaḥ	0.728	0.523	0.380	2.769	1.344
skandapurana	rāja	-0.575	-0.656	0.377	0.379	1.018
skandapurana	tām	0.638	-0.572	-0.365	2.181	1.631
skandapurana	tad	-0.589	0.602	-0.355	1.126	2.296
skandapurana	mahat	0.724	-0.483	-0.350	0.747	0.498
skandapurana	mahā	0.505	-0.686	-0.346	8.437	6.417
skandapurana	paraḥ	-0.598	0.573	-0.343	0.149	0.349
skandapurana	rājan	-0.561	-0.605	0.339	0.229	0.939
skandapurana	śakra	0.860	-0.393	-0.338	0.398	0.199
skandapurana	gatvā	1.179	-0.280	-0.331	0.797	0.416
skandapurana	kramāt	-0.559	0.584	-0.326	0.010	0.187
skandapurana	ante	-0.747	0.434	-0.324	0.159	0.408
skandapurana	naḥ	0.655	-0.495	-0.324	1.165	0.714
skandapurana	rājñaḥ	-0.573	-0.562	0.322	0.060	0.234
skandapurana	brahma	-0.510	0.627	-0.320	0.737	1.338
skandapurana	āsīt	-0.536	-0.593	0.318	0.369	0.660
skandapurana	vacaḥ	0.514	-0.617	-0.317	0.807	0.558
skandapurana	imam	1.296	-0.239	-0.310	0.578	0.271
skandapurana	proktam	-0.524	0.586	-0.307	0.080	0.204
skandapurana	uktam	-0.603	0.509	-0.307	0.080	0.306
skandapurana	catur	-0.573	0.535	-0.306	0.120	0.275
skandapurana	ha	0.544	-0.557	-0.303	1.046	0.686
skandapurana	dadarśa	-0.518	-0.583	0.302	0.040	0.320
skandapurana	ṣaṣ	-0.534	0.565	-0.302	0.110	0.245
skandapurana	lakṣaṇam	-0.570	0.521	-0.297	0.070	0.234
skandapurana	āsa	-0.598	-0.496	0.297	0.010	0.526
skandapurana	tatas	0.556	-0.531	-0.295	7.162	5.687
skandapurana	ādayaḥ	-0.646	0.457	-0.295	0.159	0.467
skandapurana	ādibhiḥ	-0.519	0.564	-0.293	0.159	0.339
skandapurana	artha	-0.601	0.485	-0.292	0.289	0.518
skandapurana	veda	-0.580	0.497	-0.288	0.309	0.587
skandapurana	tāta	-0.555	-0.510	0.283	0.129	0.334
skandapurana	pūjayet	-0.530	0.522	-0.277	0.000	0.186
skandapurana	samyak	0.690	0.400	0.276	0.478	0.272
skandapurana	ekam	-0.609	0.449	-0.274	0.189	0.331
skandapurana	praṇamya	2.511	0.108	0.270	0.767	0.177
skandapurana	aṣṭa	-0.517	0.522	-0.270	0.090	0.242
skandapurana	ādikam	-0.510	0.518	-0.265	0.020	0.171
skandapurana	kaḥ	-0.494	-0.531	0.263	0.359	0.548
skandapurana	īśvara	0.828	0.316	0.262	0.448	0.234
skandapurana	śara	0.466	-0.560	-0.261	0.578	0.288
skandapurana	nṛpa	-0.771	-0.335	0.258	0.030	0.707
skandapurana	sat	-0.632	0.405	-0.256	0.110	0.305
skandapurana	sva	-0.712	0.358	-0.255	0.717	1.646
skandapurana	bhaya	1.169	-0.218	-0.255	0.518	0.270
skandapurana	puruṣa	-0.642	-0.396	0.254	0.129	0.451
skandapurana	pañca	-0.655	0.384	-0.252	0.388	0.765
skandapurana	hā	0.908	-0.276	-0.251	0.428	0.233
skandapurana	atha	0.887	-0.280	-0.248	3.785	2.753
skandapurana	ucyate	-0.473	0.521	-0.246	0.149	0.425
skandapurana	devatāḥ	0.782	0.309	0.241	0.408	0.238
skandapurana	ādyāḥ	-0.429	0.559	-0.239	0.189	0.417
skandapurana	śreṣṭhaḥ	0.409	-0.577	-0.236	0.299	0.213
skandapurana	śaraiḥ	0.422	-0.551	-0.232	0.558	0.257
skandapurana	snānam	-0.429	0.534	-0.229	0.050	0.173
skandapurana	phala	-0.495	0.460	-0.227	0.179	0.392
skandapurana	ātma	-0.612	0.369	-0.226	0.179	0.823
skandapurana	āyuḥ	-0.790	0.285	-0.225	0.050	0.195
skandapurana	mama	0.469	-0.479	-0.225	1.863	1.440
skandapurana	ādyaiḥ	-0.492	0.457	-0.225	0.050	0.181
skandapurana	daitya	2.771	-0.081	-0.225	1.434	0.283
skandapurana	imām	-0.443	-0.506	0.224	0.169	0.314
skandapurana	guru	-0.670	0.332	-0.223	0.070	0.257
skandapurana	dāna	-0.631	0.351	-0.221	0.030	0.174
skandapurana	smṛtaḥ	-0.413	0.523	-0.216	0.289	0.636
skandapurana	rūpa	-0.568	0.380	-0.216	0.249	0.504
skandapurana	tvam	0.474	-0.453	-0.215	3.247	2.631
skandapurana	tava	0.362	-0.591	-0.214	1.375	1.080
skandapurana	a	2.202	-0.095	-0.209	4.442	1.630
skandapurana	daśa	-0.703	0.294	-0.207	0.359	0.731
skandapurana	yā	-0.528	0.386	-0.204	0.309	0.619
skandapurana	satyam	-0.943	0.216	-0.204	0.070	0.256
skandapurana	dharma	-0.744	-0.274	0.204	0.647	1.283
skandapurana	nṛṇām	-0.644	0.313	-0.201	0.010	0.275
skandapurana	prati	0.345	-0.582	-0.201	0.428	0.324
skandapurana	māyā	-0.548	0.361	-0.198	0.120	0.382
skandapurana	yaḥ	0.463	0.417	0.193	3.466	2.752
skandapurana	yāti	-0.375	0.509	-0.191	0.179	0.296
skandapurana	diśaḥ	0.456	-0.418	-0.190	0.408	0.284
skandapurana	pituḥ	-0.504	-0.376	0.190	0.070	0.214
skandapurana	cit	-0.579	-0.322	0.186	0.010	0.447
skandapurana	gṛhe	-0.729	0.255	-0.186	0.040	0.193
skandapurana	yoga	0.674	0.273	0.184	1.106	0.556
skandapurana	dhanuḥ	0.320	-0.572	-0.183	0.339	0.233
skandapurana	kuru	-0.330	-0.555	0.183	0.239	0.404
skandapurana	tvāt	-0.446	0.411	-0.183	0.070	0.422
skandapurana	śrutvā	0.281	-0.647	-0.182	1.335	1.088
skandapurana	bhavet	-0.329	0.554	-0.182	0.548	0.856
skandapurana	tā	-0.461	0.393	-0.181	0.129	0.267
skandapurana	bhārata	-0.487	-0.371	0.180	0.020	0.404
skandapurana	tu	-0.779	0.229	-0.179	5.170	9.619
skandapurana	dvādaśa	-0.503	0.351	-0.177	0.159	0.327
skandapurana	sapta	-0.455	0.382	-0.174	0.369	0.659
skandapurana	dam	0.438	0.397	0.174	0.339	0.210
skandapurana	śrī	-0.522	0.331	-0.173	0.030	1.300
skandapurana	viṣṇu	-0.316	0.545	-0.172	0.279	0.563
skandapurana	abravīt	-0.254	-0.675	0.171	0.618	0.893
skandapurana	devānām	0.989	0.172	0.170	0.807	0.461
skandapurana	āhuḥ	-0.564	0.299	-0.169	0.060	0.339
skandapurana	satya	-0.544	-0.307	0.167	0.159	0.366
skandapurana	kuryāt	-0.310	0.537	-0.166	0.219	0.435
skandapurana	kāmam	-0.761	-0.213	0.162	0.070	0.203
skandapurana	indra	0.481	-0.337	-0.162	0.717	0.500
skandapurana	syāt	-0.389	0.416	-0.162	0.329	0.697
skandapurana	kṛtaḥ	0.470	-0.342	-0.160	0.398	0.290
skandapurana	varṇa	-0.360	0.442	-0.159	0.169	0.285
skandapurana	śaraṇam	0.842	-0.189	-0.159	0.498	0.271
skandapurana	vaiśaṃpāyanaḥ	-0.341	-0.465	0.159	0.000	0.383
skandapurana	devam	0.780	0.201	0.157	0.717	0.366
skandapurana	smṛtāḥ	-0.395	0.396	-0.156	0.179	0.554
skandapurana	rājānam	-0.259	-0.603	0.156	0.189	0.298
skandapurana	śīghram	0.361	-0.431	-0.156	0.319	0.216
skandapurana	mām	0.275	-0.565	-0.155	1.375	1.129
skandapurana	tvām	0.220	-0.693	-0.153	0.757	0.636
skandapurana	koṭi	-0.297	0.511	-0.152	0.090	0.327
skandapurana	padam	-0.330	0.459	-0.151	0.229	0.365
skandapurana	jñānam	-0.220	0.683	-0.150	0.319	0.495
skandapurana	bhūyas	1.186	-0.126	-0.150	0.857	0.418
skandapurana	rājā	-0.239	-0.625	0.149	0.886	1.251
skandapurana	kecid	0.398	0.372	0.148	0.428	0.265
skandapurana	bahu	0.455	-0.321	-0.146	0.667	0.501
skandapurana	yathā	1.102	-0.132	-0.145	3.626	2.401
skandapurana	viṣṇoḥ	-0.447	0.323	-0.144	0.179	0.380
skandapurana	tejasā	-0.286	-0.504	0.144	0.229	0.305
skandapurana	guṇa	-0.385	0.373	-0.144	0.398	0.683
skandapurana	dānam	-0.369	0.389	-0.143	0.139	0.317
skandapurana	brahmā	0.321	0.443	0.142	0.817	0.575
skandapurana	pūjā	-0.342	0.416	-0.142	0.020	0.254
skandapurana	śiva	-0.259	0.545	-0.141	0.229	0.901
skandapurana	śuciḥ	0.448	0.315	0.141	0.359	0.245
skandapurana	śāstra	-0.685	0.205	-0.140	0.050	0.204
skandapurana	sahasraśas	0.284	-0.491	-0.139	0.418	0.314
skandapurana	dadau	0.448	-0.311	-0.139	0.428	0.284
skandapurana	sarvāḥ	0.506	-0.274	-0.139	0.598	0.437
skandapurana	eva	0.598	0.230	0.137	12.431	9.926
skandapurana	cakre	-0.331	-0.413	0.137	0.209	0.304
skandapurana	ūcuḥ	1.334	-0.100	-0.134	1.155	0.535
skandapurana	vākyam	-0.241	-0.554	0.133	0.408	0.578
skandapurana	atra	-0.559	0.237	-0.132	0.637	1.010
skandapurana	karma	-0.565	0.233	-0.132	0.418	0.744
skandapurana	dvijāḥ	-0.397	0.325	-0.129	0.159	0.327
skandapurana	putra	0.339	-0.375	-0.127	0.867	0.658
skandapurana	svam	0.417	-0.304	-0.127	0.319	0.244
skandapurana	viṣṇuḥ	0.364	0.342	0.124	0.857	0.626
skandapurana	gataḥ	-0.397	-0.312	0.124	0.349	0.520
skandapurana	mahī	-0.740	-0.167	0.124	0.090	0.228
skandapurana	tīrtha	-0.342	0.356	-0.122	0.120	0.263
skandapurana	bhavati	-0.272	0.448	-0.122	0.219	0.294
skandapurana	om	-0.255	0.474	-0.121	0.010	0.306
skandapurana	me	-0.277	-0.437	0.121	1.424	1.715
skandapurana	yudhiṣṭhiraḥ	-0.310	-0.389	0.121	0.000	0.379
skandapurana	uktvā	-0.193	-0.625	0.120	0.388	0.466
skandapurana	śreṣṭha	-0.372	-0.323	0.120	0.139	0.260
skandapurana	rāmaḥ	-0.368	-0.320	0.118	0.080	0.398
skandapurana	lokān	0.327	-0.358	-0.117	0.448	0.331
skandapurana	puruṣaḥ	-0.552	0.211	-0.116	0.129	0.370
skandapurana	devīm	0.988	0.117	0.115	0.628	0.222
skandapurana	āsādya	0.313	-0.366	-0.115	0.319	0.238
skandapurana	parama	0.368	-0.311	-0.114	0.717	0.570
skandapurana	rājyam	0.243	-0.467	-0.113	0.428	0.338
skandapurana	lokānām	1.058	0.107	0.113	0.428	0.224
skandapurana	phalam	-0.270	0.416	-0.112	0.438	0.707
skandapurana	rāma	-0.383	-0.291	0.111	0.040	0.342
skandapurana	yāni	-0.415	0.267	-0.111	0.169	0.261
skandapurana	asmi	0.229	-0.483	-0.110	0.398	0.327
skandapurana	pāda	-0.206	0.533	-0.110	0.319	0.408
skandapurana	pravakṣyāmi	-0.259	0.423	-0.110	0.149	0.238
skandapurana	śatam	-0.451	0.242	-0.109	0.309	0.519
skandapurana	sadā	0.238	0.457	0.109	1.385	1.143
skandapurana	eṣa	0.260	-0.418	-0.109	1.036	0.874
skandapurana	tasmāt	-0.303	0.356	-0.108	1.155	1.467
skandapurana	dvija	-0.435	0.247	-0.107	0.139	0.407
skandapurana	karmaṇā	0.598	-0.179	-0.107	0.448	0.302
skandapurana	smṛtam	-0.185	0.576	-0.107	0.239	0.313
skandapurana	mayam	0.349	0.304	0.106	0.339	0.259
skandapurana	nṛpaḥ	-0.497	-0.213	0.106	0.080	0.248
skandapurana	yāvat	-0.271	0.391	-0.106	0.329	0.424
skandapurana	para	-0.818	0.127	-0.104	0.159	0.434
skandapurana	param	-0.185	0.558	-0.103	0.896	1.043
skandapurana	brūhi	0.657	-0.156	-0.103	0.289	0.176
skandapurana	candra	0.722	0.140	0.101	0.458	0.270
skandapurana	putraḥ	-0.230	-0.440	0.101	0.488	0.697
skandapurana	bhāryā	-0.612	-0.165	0.101	0.070	0.273
skandapurana	putram	0.154	-0.631	-0.097	0.398	0.337
skandapurana	yat	-0.604	0.160	-0.097	1.634	2.452
skandapurana	vyāsaḥ	1.104	0.087	0.097	0.697	0.225
skandapurana	yasya	-0.935	0.103	-0.096	0.120	0.565
skandapurana	puṇya	-0.440	0.218	-0.096	0.239	0.449
skandapurana	śivam	-0.321	0.297	-0.096	0.110	0.269
skandapurana	svayam	0.527	0.179	0.094	0.877	0.654
skandapurana	bhūta	-0.333	0.282	-0.094	0.478	0.640
skandapurana	viśeṣataḥ	-0.567	0.165	-0.094	0.050	0.274
skandapurana	śivaḥ	-0.286	0.325	-0.093	0.110	0.269
skandapurana	yatas	-0.298	0.311	-0.093	0.259	0.358
skandapurana	kāma	-0.490	0.188	-0.092	0.388	0.597
skandapurana	nityam	0.287	0.318	0.091	1.016	0.810
skandapurana	sarvāṇi	0.556	-0.164	-0.091	0.319	0.220
skandapurana	hareḥ	-0.493	0.183	-0.090	0.010	0.230
skandapurana	ayam	0.169	-0.533	-0.090	1.215	1.094
skandapurana	cakāra	0.205	-0.435	-0.089	0.418	0.344
skandapurana	tīrtham	-0.299	0.296	-0.089	0.070	0.244
skandapurana	tathā	-0.270	0.326	-0.088	6.345	7.313
skandapurana	hariḥ	-0.588	0.150	-0.088	0.090	0.422
skandapurana	rūpam	-0.289	0.303	-0.087	0.558	0.710
skandapurana	yasmāt	0.346	0.248	0.086	0.498	0.350
skandapurana	indraḥ	0.384	-0.223	-0.086	0.438	0.290
skandapurana	anye	0.393	-0.218	-0.086	0.578	0.448
skandapurana	bhuvi	-0.351	-0.244	0.086	0.169	0.258
skandapurana	trayaḥ	-0.635	0.134	-0.085	0.100	0.281
skandapurana	śoka	-0.173	-0.492	0.085	0.229	0.331
skandapurana	sahasrāṇi	-0.328	-0.260	0.085	0.388	0.589
skandapurana	kṛṣṇaḥ	-0.506	-0.168	0.085	0.030	0.382
skandapurana	ṛṣiḥ	-0.326	-0.258	0.084	0.129	0.282
skandapurana	paścāt	-0.412	0.205	-0.084	0.129	0.228
skandapurana	tapasā	0.662	-0.127	-0.084	0.538	0.328
skandapurana	duḥkha	0.458	-0.183	-0.084	0.438	0.310
skandapurana	vā	-0.227	0.369	-0.084	2.659	3.198
skandapurana	rudra	0.151	0.551	0.083	0.339	0.274
skandapurana	jagat	-0.243	0.341	-0.083	0.379	0.494
skandapurana	pṛthak	-0.498	0.165	-0.082	0.179	0.352
skandapurana	muni	-0.336	0.244	-0.082	0.329	0.574
skandapurana	bhīṣmaḥ	-0.281	-0.291	0.082	0.000	0.170
skandapurana	vratam	0.414	0.197	0.081	0.249	0.164
skandapurana	vidyā	-0.174	0.461	-0.080	0.199	0.256
skandapurana	snātvā	-0.253	0.316	-0.080	0.139	0.335
skandapurana	yayau	-0.184	-0.420	0.077	0.209	0.265
skandapurana	annam	-0.253	0.306	-0.077	0.129	0.233
skandapurana	nara	-0.151	-0.513	0.077	0.369	0.443
skandapurana	pāpam	-0.435	0.174	-0.076	0.120	0.273
skandapurana	dadyāt	-0.194	0.390	-0.076	0.219	0.331
skandapurana	sarva	-0.182	0.414	-0.076	3.317	3.660
skandapurana	kṛt	-0.386	0.196	-0.076	0.129	0.205
skandapurana	jala	-0.244	0.307	-0.075	0.179	0.241
skandapurana	pitṛ	-0.350	0.213	-0.075	0.249	0.407
skandapurana	divyam	1.804	-0.041	-0.075	0.608	0.226
skandapurana	uvāca	-0.205	-0.360	0.074	4.193	4.871
skandapurana	pitaraḥ	0.221	0.332	0.073	0.339	0.246
skandapurana	vāyuḥ	0.369	0.199	0.073	0.498	0.320
skandapurana	ye	-0.210	0.345	-0.072	1.534	1.766
skandapurana	purā	-0.424	-0.168	0.071	0.598	0.789
skandapurana	sma	-0.122	-0.581	0.071	0.259	0.301
skandapurana	tasya	0.500	-0.142	-0.071	3.666	2.843
skandapurana	gaṇa	3.088	-0.022	-0.069	1.066	0.250
skandapurana	pāpa	-0.166	0.409	-0.068	0.568	0.687
skandapurana	sutaḥ	0.215	-0.314	-0.067	0.657	0.509
skandapurana	prāṇa	-0.255	0.264	-0.067	0.179	0.258
skandapurana	sākṣāt	-0.392	0.171	-0.067	0.129	0.371
skandapurana	yānti	-0.237	0.271	-0.064	0.169	0.243
skandapurana	lokam	0.464	0.133	0.062	0.428	0.282
skandapurana	iyam	-0.209	-0.293	0.061	0.359	0.440
skandapurana	mahān	-0.139	-0.434	0.060	0.398	0.442
skandapurana	yadā	-0.551	0.107	-0.059	0.339	0.595
skandapurana	aśva	-0.232	-0.250	0.058	0.159	0.245
skandapurana	vai	-0.466	0.124	-0.058	2.032	3.108
skandapurana	śakti	0.303	0.191	0.058	0.289	0.205
skandapurana	asya	0.146	-0.395	-0.058	0.966	0.890
skandapurana	jāyate	-0.095	0.607	-0.058	0.299	0.338
skandapurana	nāmnā	0.463	0.121	0.056	0.438	0.283
skandapurana	jñātvā	1.017	0.055	0.056	0.817	0.384
skandapurana	naraḥ	-0.125	0.443	-0.055	0.478	0.583
skandapurana	sūtaḥ	-0.379	0.146	-0.055	0.110	0.364
skandapurana	uktaḥ	-0.112	-0.489	0.055	0.319	0.354
skandapurana	puram	0.680	-0.080	-0.055	0.398	0.218
skandapurana	strī	-0.526	0.104	-0.054	0.209	0.344
skandapurana	saṃśayaḥ	0.252	0.212	0.053	0.727	0.591
skandapurana	mahātmanaḥ	-0.111	-0.478	0.053	0.329	0.366
skandapurana	liṅgam	0.131	0.402	0.053	0.269	0.195
skandapurana	śubha	0.365	0.144	0.052	0.398	0.276
skandapurana	ratha	-0.099	-0.525	0.052	0.219	0.269
skandapurana	devān	1.079	-0.048	-0.052	0.538	0.271
skandapurana	samam	0.173	0.299	0.052	0.269	0.234
skandapurana	bhavān	-0.153	-0.335	0.051	0.279	0.330
skandapurana	śrāddham	-0.269	0.190	-0.051	0.010	0.247
skandapurana	abhavat	-0.097	-0.523	0.051	0.568	0.647
skandapurana	pitā	0.188	-0.261	-0.049	0.309	0.261
skandapurana	tvayā	0.078	-0.626	-0.049	0.867	0.818
skandapurana	saḥ	0.404	-0.121	-0.049	1.893	1.558
skandapurana	tena	0.269	-0.180	-0.049	1.504	1.319
skandapurana	tejāḥ	0.102	-0.475	-0.048	0.359	0.310
skandapurana	deva	0.696	0.069	0.048	2.072	1.522
skandapurana	surāḥ	1.168	0.041	0.048	0.608	0.251
skandapurana	nāga	-0.156	-0.300	0.047	0.189	0.224
skandapurana	vat	0.276	0.169	0.047	0.608	0.498
skandapurana	asura	1.576	0.030	0.047	0.986	0.337
skandapurana	nāradaḥ	-0.400	-0.115	0.046	0.090	0.323
skandapurana	pūrvam	-0.292	-0.157	0.046	0.618	0.751
skandapurana	sama	0.494	-0.093	-0.046	0.369	0.265
skandapurana	aṅga	-0.180	0.250	-0.045	0.229	0.291
skandapurana	aṣṭau	0.191	0.230	0.044	0.269	0.226
skandapurana	tyaktvā	0.492	-0.089	-0.044	0.309	0.208
skandapurana	sthānam	0.111	0.394	0.044	0.458	0.401
skandapurana	rakta	0.403	0.108	0.044	0.279	0.188
skandapurana	putrāḥ	-0.148	-0.291	0.043	0.388	0.495
skandapurana	kim	-0.096	-0.445	0.043	1.315	1.420
skandapurana	varṣa	-0.319	0.134	-0.043	0.319	0.441
skandapurana	devi	0.536	0.079	0.042	0.657	0.284
skandapurana	tāsām	-0.367	0.116	-0.042	0.129	0.278
skandapurana	tasmin	0.255	-0.165	-0.042	0.618	0.527
skandapurana	devī	0.198	0.203	0.040	0.847	0.621
skandapurana	tasyām	-0.346	-0.113	0.039	0.159	0.258
skandapurana	śṛṇu	-0.337	0.115	-0.039	0.418	0.659
skandapurana	iti	-0.362	0.105	-0.038	3.775	5.396
skandapurana	teṣu	-0.416	0.092	-0.038	0.179	0.298
skandapurana	api	-0.286	0.132	-0.038	6.096	6.684
skandapurana	ratna	0.565	-0.067	-0.038	0.408	0.245
skandapurana	jātaḥ	-0.473	-0.079	0.038	0.129	0.240
skandapurana	babhūva	0.073	-0.507	-0.037	0.309	0.288
skandapurana	ete	-0.284	0.130	-0.037	0.618	0.878
skandapurana	ca	0.525	-0.070	-0.037	45.998	40.048
skandapurana	ātmanaḥ	-0.508	-0.072	0.037	0.289	0.606
skandapurana	go	0.184	0.198	0.036	0.319	0.268
skandapurana	asti	-0.283	0.128	-0.036	0.398	0.588
skandapurana	śata	0.408	-0.089	-0.036	0.657	0.485
skandapurana	kila	-0.164	-0.213	0.035	0.159	0.194
skandapurana	tri	-0.062	0.560	-0.035	0.369	0.398
skandapurana	ṛṣi	-0.179	-0.191	0.034	0.269	0.332
skandapurana	sarvatas	0.569	-0.060	-0.034	0.428	0.282
skandapurana	yadi	0.133	-0.256	-0.034	0.677	0.609
skandapurana	tāvat	-0.181	0.186	-0.034	0.269	0.313
skandapurana	paramam	0.112	0.296	0.033	0.418	0.375
skandapurana	hatvā	-0.067	-0.492	0.033	0.229	0.251
skandapurana	madhye	-0.249	0.132	-0.033	0.289	0.367
skandapurana	katham	-0.097	-0.336	0.032	0.717	0.766
skandapurana	śrīmān	0.180	-0.175	-0.032	0.329	0.263
skandapurana	prāpya	0.201	-0.157	-0.031	0.498	0.430
skandapurana	eka	0.056	0.559	0.031	0.608	0.584
skandapurana	kṛṣṇa	-0.522	0.059	-0.031	0.189	0.617
skandapurana	kṛtam	-0.166	-0.187	0.031	0.598	0.676
skandapurana	kṛtvā	0.310	0.096	0.030	1.733	1.433
skandapurana	asau	0.199	0.146	0.029	0.727	0.621
skandapurana	sahasra	-0.169	0.167	-0.028	0.239	0.289
skandapurana	sūrya	-0.074	0.380	-0.028	0.339	0.362
skandapurana	vinā	0.163	0.172	0.028	0.299	0.260
skandapurana	kālam	-0.205	-0.135	0.028	0.249	0.305
skandapurana	sādhu	-0.081	-0.340	0.028	0.269	0.298
skandapurana	astu	0.208	-0.129	-0.027	0.349	0.291
skandapurana	tat	0.376	-0.070	-0.026	4.114	3.622
skandapurana	tāḥ	-0.200	-0.130	0.026	0.528	0.707
skandapurana	sutāḥ	-0.157	-0.164	0.026	0.229	0.298
skandapurana	puṇyam	-0.060	0.420	-0.025	0.438	0.481
skandapurana	yuga	-0.171	0.148	-0.025	0.179	0.236
skandapurana	muniḥ	-0.369	0.068	-0.025	0.239	0.413
skandapurana	loke	-0.425	0.058	-0.025	0.269	0.478
skandapurana	īśvaram	0.261	0.093	0.024	0.329	0.254
skandapurana	dattvā	-0.170	0.141	-0.024	0.209	0.268
skandapurana	raṇe	0.038	-0.631	-0.024	0.388	0.358
skandapurana	tayoḥ	-0.442	-0.054	0.024	0.169	0.257
skandapurana	gatāḥ	-0.086	-0.274	0.024	0.289	0.312
skandapurana	manaḥ	-0.363	0.065	-0.024	0.379	0.620
skandapurana	vipra	-0.101	0.233	-0.024	0.269	0.303
skandapurana	ātmā	-0.118	-0.197	0.023	0.926	1.005
skandapurana	tapaḥ	0.378	0.058	0.022	0.936	0.733
skandapurana	devāḥ	1.299	-0.017	-0.022	1.863	0.916
skandapurana	iha	-0.186	-0.117	0.022	1.016	1.150
skandapurana	na	-0.207	-0.104	0.022	8.407	9.100
skandapurana	vāc	-0.583	0.036	-0.021	0.139	0.269
skandapurana	rūpeṇa	-0.293	0.072	-0.021	0.189	0.364
skandapurana	taiḥ	0.150	-0.129	-0.019	0.478	0.425
skandapurana	sthitaḥ	0.105	0.183	0.019	0.359	0.324
skandapurana	dharmam	-0.143	-0.133	0.019	0.209	0.248
skandapurana	kula	-0.099	-0.191	0.019	0.229	0.251
skandapurana	bhūtvā	1.135	-0.017	-0.019	0.906	0.466
skandapurana	padma	-0.192	-0.096	0.018	0.179	0.228
skandapurana	brahmaṇaḥ	-0.044	0.416	-0.018	0.369	0.390
skandapurana	tvad	-0.096	-0.192	0.018	0.279	0.307
skandapurana	bhaviṣyati	0.068	-0.265	-0.018	0.438	0.411
skandapurana	vanam	-0.034	-0.505	0.017	0.269	0.281
skandapurana	mune	-0.117	0.145	-0.017	0.309	0.387
skandapurana	ṛṣayaḥ	0.149	0.111	0.017	0.727	0.635
skandapurana	sarveṣām	-0.119	0.139	-0.016	0.458	0.502
skandapurana	antare	-0.325	0.050	-0.016	0.080	0.308
skandapurana	āha	0.231	-0.068	-0.016	0.697	0.536
skandapurana	manasā	-0.114	0.137	-0.016	0.289	0.320
skandapurana	īśvaraḥ	-0.082	0.183	-0.015	0.488	0.528
skandapurana	an	-0.502	-0.029	0.015	0.159	0.279
skandapurana	sam	-0.096	0.148	-0.014	0.010	0.035
skandapurana	yam	-0.094	-0.151	0.014	0.249	0.271
skandapurana	kāraṇam	-0.040	0.343	-0.014	0.349	0.361
skandapurana	brāhmaṇaḥ	-0.091	0.152	-0.014	0.189	0.216
skandapurana	mad	-0.178	-0.077	0.014	0.418	0.557
skandapurana	nāma	-0.468	-0.029	0.014	0.946	1.454
skandapurana	teṣām	0.579	0.024	0.014	2.331	1.733
skandapurana	yajña	-0.083	0.164	-0.014	0.408	0.437
skandapurana	anyat	0.096	0.139	0.013	0.259	0.237
skandapurana	prajāḥ	-0.532	-0.024	0.013	0.159	0.614
skandapurana	prāha	0.961	-0.013	-0.013	0.767	0.366
skandapurana	kṛta	-0.041	-0.317	0.013	0.647	0.664
skandapurana	bhava	0.089	0.142	0.013	0.259	0.241
skandapurana	satatam	-0.283	0.044	-0.012	0.149	0.222
skandapurana	abhūt	0.055	-0.226	-0.012	0.558	0.521
skandapurana	kāle	-0.147	0.084	-0.012	0.398	0.436
skandapurana	etat	-0.162	-0.074	0.012	1.116	1.233
skandapurana	loka	0.094	0.128	0.012	0.757	0.715
skandapurana	sukha	0.365	0.033	0.012	0.428	0.326
skandapurana	tau	-0.020	-0.591	0.012	0.428	0.437
skandapurana	bhūtāni	-0.300	0.040	-0.012	0.229	0.321
skandapurana	tayā	-0.204	-0.057	0.012	0.259	0.321
skandapurana	sura	2.734	0.004	0.011	1.614	0.482
skandapurana	nā	-0.223	-0.049	0.011	0.229	0.300
skandapurana	duḥkham	-0.206	-0.053	0.011	0.149	0.215
skandapurana	agni	0.029	0.371	0.011	0.379	0.372
skandapurana	tejaḥ	0.274	0.038	0.010	0.339	0.269
skandapurana	ādāya	-0.023	-0.449	0.010	0.289	0.295
skandapurana	pṛthivī	-0.078	-0.120	0.009	0.219	0.238
skandapurana	asmin	-0.191	0.046	-0.009	0.199	0.232
skandapurana	mudā	0.045	-0.193	-0.009	0.189	0.178
skandapurana	nānā	0.159	-0.053	-0.008	0.777	0.639
skandapurana	kāryam	-0.311	-0.025	0.008	0.249	0.372
skandapurana	patiḥ	-0.178	-0.042	0.007	0.189	0.232
skandapurana	narāḥ	-0.091	0.081	-0.007	0.219	0.249
skandapurana	agniḥ	0.044	0.168	0.007	0.289	0.275
skandapurana	puṣpa	0.059	0.123	0.007	0.379	0.356
skandapurana	viprāḥ	-0.027	0.265	-0.007	0.209	0.216
skandapurana	tasyāḥ	0.178	-0.039	-0.007	0.438	0.384
skandapurana	tale	-0.106	-0.063	0.007	0.229	0.253
skandapurana	punar	-0.107	-0.062	0.007	2.281	2.418
skandapurana	gatiḥ	0.352	-0.019	-0.007	0.319	0.246
skandapurana	eṣā	-0.069	-0.093	0.006	0.329	0.352
skandapurana	uttamam	0.042	0.147	0.006	0.329	0.318
skandapurana	āgataḥ	-0.040	-0.152	0.006	0.189	0.198
skandapurana	anena	0.139	0.043	0.006	0.229	0.201
skandapurana	janma	-0.014	0.416	-0.006	0.279	0.283
skandapurana	kāmaḥ	-0.368	0.015	-0.006	0.110	0.259
skandapurana	aham	-0.013	-0.413	0.005	2.560	2.578
skandapurana	bhaktyā	-0.014	0.371	-0.005	0.309	0.314
skandapurana	yena	-0.054	-0.094	0.005	0.508	0.526
skandapurana	gṛham	-0.215	-0.023	0.005	0.159	0.198
skandapurana	artham	-0.288	0.017	-0.005	0.837	1.015
skandapurana	viṣṇum	0.031	0.157	0.005	0.239	0.229
skandapurana	gaṇāḥ	-0.056	-0.079	0.004	0.408	0.435
skandapurana	cakra	-0.092	0.047	-0.004	0.199	0.222
skandapurana	mayā	-0.011	-0.397	0.004	1.355	1.364
skandapurana	yatra	-0.071	0.060	-0.004	0.817	0.870
skandapurana	hi	0.098	-0.040	-0.004	4.423	4.218
skandapurana	ati	-0.119	0.032	-0.004	0.667	0.749
skandapurana	sā	0.057	-0.061	-0.003	1.942	1.869
skandapurana	mātā	-0.029	-0.117	0.003	0.199	0.206
skandapurana	kanyā	-0.585	0.006	-0.003	0.090	0.266
skandapurana	kāla	-0.029	0.114	-0.003	0.578	0.589
skandapurana	bhūtānām	-0.153	0.021	-0.003	0.438	0.513
skandapurana	gaṅgā	-0.046	0.069	-0.003	0.229	0.254
skandapurana	mārkaṇḍeyaḥ	-0.277	0.009	-0.003	0.010	0.312
skandapurana	ātmānam	-0.345	-0.007	0.003	0.418	0.607
skandapurana	atas	-0.005	0.427	-0.002	0.488	0.491
skandapurana	śiraḥ	0.202	-0.011	-0.002	0.339	0.285
skandapurana	kālaḥ	0.067	0.031	0.002	0.349	0.329
skandapurana	gatim	0.010	-0.195	-0.002	0.309	0.306
skandapurana	ekaḥ	-0.597	-0.003	0.002	0.159	0.331
skandapurana	sarvam	0.041	0.043	0.002	1.046	1.022
skandapurana	divya	0.187	0.007	0.001	0.329	0.282
skandapurana	tatra	-0.025	-0.040	0.001	2.729	2.763
skandapurana	sukham	-0.172	-0.005	0.001	0.239	0.278
skandapurana	bhagavān	-0.020	0.038	-0.001	1.155	1.181
skandapurana	asi	-0.001	-0.599	0.001	0.548	0.549
skandapurana	nadī	0.004	0.152	0.001	0.289	0.287
skandapurana	evam	0.395	-0.001	-0.000	3.008	2.622
skandapurana	brāhmaṇa	0.011	0.031	0.000	0.209	0.206
skandapurana	jajñe	-0.449	-0.001	0.000	0.070	0.300
skandapurana	prabhuḥ	-0.006	-0.061	0.000	0.568	0.571
skandapurana	dharmaḥ	-0.133	0.002	-0.000	0.289	0.330
skandapurana	tāni	-0.002	-0.100	0.000	0.309	0.309
sivadharmasastra	śiva	7.555	0.545	4.121	20.463	0.901
sivadharmasastra	rudra	7.164	0.551	3.949	3.310	0.274
sivadharmasastra	eka	6.355	0.559	3.554	3.310	0.584
sivadharmasastra	liṅgam	8.216	0.402	3.304	4.815	0.195
sivadharmasastra	snānam	5.159	0.534	2.755	1.655	0.173
sivadharmasastra	kuryāt	5.100	0.537	2.740	3.987	0.435
sivadharmasastra	puṇyam	6.167	0.420	2.591	4.890	0.481
sivadharmasastra	yaḥ	4.750	0.417	1.979	10.081	2.752
sivadharmasastra	śivam	6.275	0.297	1.865	3.385	0.269
sivadharmasastra	bhaktyā	4.814	0.371	1.786	2.182	0.314
sivadharmasastra	ādibhiḥ	3.142	0.564	1.771	1.429	0.339
sivadharmasastra	phalam	4.201	0.416	1.749	4.890	0.707
sivadharmasastra	nityam	5.467	0.318	1.741	4.740	0.810
sivadharmasastra	koṭi	3.347	0.511	1.709	3.009	0.327
sivadharmasastra	namaḥ	3.155	0.523	1.649	7.523	1.344
sivadharmasastra	sadā	3.548	0.457	1.620	4.740	1.143
sivadharmasastra	kramāt	2.739	0.584	1.599	1.053	0.187
sivadharmasastra	me	3.591	-0.437	-1.570	5.492	1.715
sivadharmasastra	sarva	3.738	0.414	1.549	10.683	3.660
sivadharmasastra	pūjayet	2.902	0.522	1.516	1.204	0.186
sivadharmasastra	ādyaiḥ	3.271	0.457	1.494	1.053	0.181
sivadharmasastra	mayam	4.772	0.304	1.453	1.354	0.259
sivadharmasastra	tam	-1.822	-0.783	1.426	0.376	2.946
sivadharmasastra	bhavet	2.381	0.554	1.319	3.085	0.856
sivadharmasastra	agni	3.545	0.371	1.316	1.204	0.372
sivadharmasastra	dadyāt	3.350	0.390	1.308	2.257	0.331
sivadharmasastra	yāvat	3.291	0.391	1.286	1.580	0.424
sivadharmasastra	pūjā	2.919	0.416	1.213	2.257	0.254
sivadharmasastra	tān	-1.569	-0.690	1.082	0.150	1.068
sivadharmasastra	ante	2.392	0.434	1.038	1.204	0.408
sivadharmasastra	ādi	1.281	0.793	1.015	3.611	1.268
sivadharmasastra	śrīmān	5.701	-0.175	-0.999	2.332	0.263
sivadharmasastra	jñāna	1.436	0.692	0.993	1.505	0.557
sivadharmasastra	tatas	-1.833	-0.531	0.973	0.828	5.687
sivadharmasastra	catur	1.755	0.535	0.939	0.752	0.275
sivadharmasastra	īśvara	2.878	0.316	0.909	0.978	0.234
sivadharmasastra	artha	1.796	0.485	0.871	1.204	0.518
sivadharmasastra	dṛṣṭvā	-1.333	-0.642	0.855	0.226	1.951
sivadharmasastra	pūrva	1.651	0.516	0.852	0.903	0.387
sivadharmasastra	saha	-1.419	-0.599	0.850	0.226	1.290
sivadharmasastra	tvayā	-1.313	-0.626	0.821	0.000	0.818
sivadharmasastra	tvām	-1.156	-0.693	0.801	0.000	0.636
sivadharmasastra	tava	-1.325	-0.591	0.784	0.000	1.080
sivadharmasastra	go	3.957	0.198	0.782	1.354	0.268
sivadharmasastra	tadā	-1.388	-0.559	0.776	0.376	2.713
sivadharmasastra	śivaḥ	2.347	0.325	0.762	1.580	0.269
sivadharmasastra	sarvān	-1.245	-0.612	0.762	0.000	0.526
sivadharmasastra	kaḥ	-1.430	-0.531	0.760	0.000	0.548
sivadharmasastra	bahu	2.338	-0.321	-0.751	1.354	0.501
sivadharmasastra	śrutvā	-1.153	-0.647	0.746	0.075	1.088
sivadharmasastra	ye	2.146	0.345	0.740	4.138	1.766
sivadharmasastra	uktvā	-1.156	-0.625	0.723	0.000	0.466
sivadharmasastra	uktam	1.389	0.509	0.707	0.828	0.306
sivadharmasastra	pāda	1.309	0.533	0.697	0.978	0.408
sivadharmasastra	paraḥ	1.210	0.573	0.694	0.752	0.349
sivadharmasastra	tām	-1.194	-0.572	0.683	0.602	1.631
sivadharmasastra	aham	-1.641	-0.413	0.677	0.226	2.578
sivadharmasastra	adya	-0.868	-0.766	0.664	0.000	0.587
sivadharmasastra	lakṣaṇam	1.273	0.521	0.664	0.602	0.234
sivadharmasastra	puṇya	2.999	0.218	0.654	1.881	0.449
sivadharmasastra	naraḥ	1.457	0.443	0.645	1.806	0.583
sivadharmasastra	āsīt	-1.077	-0.593	0.639	0.075	0.660
sivadharmasastra	jagāma	-1.010	-0.629	0.635	0.000	0.370
sivadharmasastra	tau	-1.070	-0.591	0.632	0.000	0.437
sivadharmasastra	śatam	2.601	0.242	0.630	1.730	0.519
sivadharmasastra	bhavati	1.398	0.448	0.626	0.677	0.294
sivadharmasastra	prati	-1.070	-0.582	0.622	0.000	0.324
sivadharmasastra	nāga	2.031	-0.300	-0.610	0.677	0.224
sivadharmasastra	mayā	-1.524	-0.397	0.606	0.000	1.364
sivadharmasastra	puṣpa	4.893	0.123	0.604	2.182	0.356
sivadharmasastra	asi	-0.985	-0.599	0.590	0.000	0.549
sivadharmasastra	ha	-1.039	-0.557	0.579	0.000	0.686
sivadharmasastra	tvam	-1.273	-0.453	0.576	0.978	2.631
sivadharmasastra	tejasā	1.121	-0.504	-0.565	0.602	0.305
sivadharmasastra	āśu	2.400	-0.232	-0.558	1.128	0.343
sivadharmasastra	abravīt	-0.824	-0.675	0.556	0.000	0.893
sivadharmasastra	rājānam	0.907	-0.603	-0.547	0.677	0.298
sivadharmasastra	uktaḥ	-1.117	-0.489	0.546	0.000	0.354
sivadharmasastra	ayam	-1.000	-0.533	0.533	0.376	1.094
sivadharmasastra	putram	-0.839	-0.631	0.529	0.000	0.337
sivadharmasastra	mahātmanaḥ	-1.102	-0.478	0.527	0.000	0.366
sivadharmasastra	iva	-0.853	-0.618	0.527	0.301	2.341
sivadharmasastra	uvāca	-1.429	-0.360	0.514	0.150	4.871
sivadharmasastra	katham	-1.528	-0.336	0.514	0.000	0.766
sivadharmasastra	babhūva	-1.004	-0.507	0.509	0.000	0.288
sivadharmasastra	asmi	-1.052	-0.483	0.508	0.000	0.327
sivadharmasastra	vīra	-0.716	-0.702	0.503	0.000	0.275
sivadharmasastra	śubham	1.954	0.257	0.501	0.752	0.258
sivadharmasastra	varṣa	3.749	0.134	0.501	1.881	0.441
sivadharmasastra	asya	-1.263	-0.395	0.499	0.226	0.890
sivadharmasastra	kālam	3.544	-0.135	-0.478	1.279	0.305
sivadharmasastra	mām	-0.840	-0.565	0.475	0.376	1.129
sivadharmasastra	pāpa	1.142	0.409	0.468	1.505	0.687
sivadharmasastra	atha	-1.654	-0.280	0.463	0.828	2.753
sivadharmasastra	tāta	-0.907	-0.510	0.462	0.000	0.334
sivadharmasastra	naḥ	-0.928	-0.495	0.460	0.075	0.714
sivadharmasastra	kim	-1.023	-0.445	0.455	0.301	1.420
sivadharmasastra	viśeṣataḥ	2.729	0.165	0.452	1.354	0.274
sivadharmasastra	vayam	-0.779	-0.579	0.451	0.075	0.349
sivadharmasastra	rājan	-0.742	-0.605	0.449	0.000	0.939
sivadharmasastra	kuru	-0.808	-0.555	0.449	0.000	0.404
sivadharmasastra	enam	-0.683	-0.655	0.447	0.075	0.336
sivadharmasastra	saṃśayaḥ	2.100	0.212	0.445	1.730	0.591
sivadharmasastra	bhṛśam	-0.948	-0.468	0.444	0.000	0.295
sivadharmasastra	cakre	-1.059	-0.413	0.437	0.000	0.304
sivadharmasastra	rājñaḥ	-0.769	-0.562	0.432	0.000	0.234
sivadharmasastra	vacanam	-0.760	-0.566	0.430	0.075	0.498
sivadharmasastra	om	0.904	0.474	0.429	1.354	0.306
sivadharmasastra	samam	1.431	0.299	0.428	0.527	0.234
sivadharmasastra	dāna	1.215	0.351	0.426	0.451	0.174
sivadharmasastra	rājā	-0.672	-0.625	0.420	0.226	1.251
sivadharmasastra	vara	1.331	-0.314	-0.418	1.053	0.561
sivadharmasastra	devaḥ	1.265	0.330	0.418	1.053	0.489
sivadharmasastra	vanam	-0.826	-0.505	0.417	0.000	0.281
sivadharmasastra	loke	7.159	0.058	0.417	3.987	0.478
sivadharmasastra	abhavat	-0.794	-0.523	0.415	0.000	0.647
sivadharmasastra	cakāra	-0.949	-0.435	0.413	0.000	0.344
sivadharmasastra	svam	-1.352	-0.304	0.411	0.000	0.244
sivadharmasastra	mā	-0.741	-0.553	0.410	0.150	0.529
sivadharmasastra	tasmāt	1.137	0.356	0.405	2.633	1.467
sivadharmasastra	idam	-0.859	-0.470	0.404	0.752	1.509
sivadharmasastra	vākyam	-0.713	-0.554	0.395	0.075	0.578
sivadharmasastra	vā	1.061	0.369	0.391	5.718	3.198
sivadharmasastra	su	0.972	-0.401	-0.390	3.686	2.508
sivadharmasastra	eṣa	-0.922	-0.418	0.385	0.301	0.874
sivadharmasastra	sūrya	1.003	0.380	0.381	0.677	0.362
sivadharmasastra	śreṣṭhaḥ	-0.658	-0.577	0.380	0.075	0.213
sivadharmasastra	satyam	1.756	0.216	0.379	0.602	0.256
sivadharmasastra	imām	-0.732	-0.506	0.371	0.075	0.314
sivadharmasastra	ādāya	-0.825	-0.449	0.370	0.075	0.295
sivadharmasastra	yayau	-0.878	-0.420	0.369	0.000	0.265
sivadharmasastra	puruṣa	-0.901	-0.396	0.356	0.000	0.451
sivadharmasastra	putra	-0.946	-0.375	0.355	0.075	0.658
sivadharmasastra	dadarśa	-0.592	-0.583	0.345	0.000	0.320
sivadharmasastra	putraḥ	-0.768	-0.440	0.338	0.000	0.697
sivadharmasastra	śakra	-0.856	-0.393	0.337	0.000	0.199
sivadharmasastra	yajña	2.029	0.164	0.333	1.128	0.437
sivadharmasastra	lokān	-0.928	-0.358	0.332	0.000	0.331
sivadharmasastra	annam	1.084	0.306	0.332	0.677	0.233
sivadharmasastra	bhavān	-0.984	-0.335	0.330	0.000	0.330
sivadharmasastra	vacaḥ	-0.533	-0.617	0.329	0.301	0.558
sivadharmasastra	brahmaṇaḥ	-0.788	0.416	-0.327	0.000	0.390
sivadharmasastra	tathā	-0.991	0.326	-0.324	3.762	7.313
sivadharmasastra	gataḥ	-1.031	-0.312	0.322	0.075	0.520
sivadharmasastra	kṛtaḥ	-0.935	-0.342	0.320	0.075	0.290
sivadharmasastra	brahma	-0.497	0.627	-0.312	0.752	1.338
sivadharmasastra	pañca	-0.808	0.384	-0.310	0.301	0.765
sivadharmasastra	eva	-1.347	0.230	-0.309	4.288	9.926
sivadharmasastra	āsa	-0.609	-0.496	0.302	0.000	0.526
sivadharmasastra	kāmam	1.412	-0.213	-0.301	0.451	0.203
sivadharmasastra	pravakṣyāmi	-0.697	0.423	-0.295	0.000	0.238
sivadharmasastra	māyā	-0.797	0.361	-0.288	0.000	0.382
sivadharmasastra	te	-0.504	-0.571	0.288	3.837	4.829
sivadharmasastra	gṛhītvā	-1.007	-0.281	0.283	0.000	0.180
sivadharmasastra	pituḥ	-0.748	-0.376	0.281	0.000	0.214
sivadharmasastra	ādyāḥ	-0.502	0.559	-0.280	0.150	0.417
sivadharmasastra	raṇe	-0.439	-0.631	0.277	0.000	0.358
sivadharmasastra	bala	0.597	-0.462	-0.276	0.527	0.358
sivadharmasastra	dadau	-0.879	-0.311	0.273	0.000	0.284
sivadharmasastra	varam	-0.663	-0.408	0.270	0.150	0.404
sivadharmasastra	pitā	-1.021	-0.261	0.266	0.000	0.261
sivadharmasastra	śara	-0.464	-0.560	0.260	0.000	0.288
sivadharmasastra	śreṣṭha	-0.802	-0.323	0.259	0.000	0.260
sivadharmasastra	smṛtaḥ	-0.488	0.523	-0.256	0.226	0.636
sivadharmasastra	yāti	0.503	0.509	0.256	0.451	0.296
sivadharmasastra	vidyā	-0.551	0.461	-0.254	0.075	0.256
sivadharmasastra	dvijāḥ	-0.774	0.325	-0.251	0.000	0.327
sivadharmasastra	sarvāḥ	-0.902	-0.274	0.247	0.150	0.437
sivadharmasastra	mama	-0.512	-0.479	0.245	0.978	1.440
sivadharmasastra	nṛpa	-0.719	-0.335	0.241	0.075	0.707
sivadharmasastra	tri	0.429	0.560	0.240	0.602	0.398
sivadharmasastra	kṛtvā	2.483	0.096	0.239	3.837	1.433
sivadharmasastra	kāraṇam	-0.693	0.343	-0.238	0.150	0.361
sivadharmasastra	rūpam	-0.775	0.303	-0.234	0.301	0.710
sivadharmasastra	smṛtam	-0.406	0.576	-0.234	0.150	0.313
sivadharmasastra	ādayaḥ	-0.507	0.457	-0.231	0.226	0.467
sivadharmasastra	sutaḥ	-0.736	-0.314	0.231	0.000	0.509
sivadharmasastra	dānam	0.590	0.389	0.230	0.602	0.317
sivadharmasastra	tena	-1.260	-0.180	0.227	0.451	1.319
sivadharmasastra	ādikam	0.438	0.518	0.227	0.301	0.171
sivadharmasastra	indraḥ	1.003	-0.223	-0.223	0.677	0.290
sivadharmasastra	sahasraśas	-0.446	-0.491	0.219	0.150	0.314
sivadharmasastra	jñānam	0.319	0.683	0.218	0.752	0.495
sivadharmasastra	tad	-0.361	0.602	-0.217	1.580	2.296
sivadharmasastra	viprāḥ	-0.816	0.265	-0.217	0.000	0.216
sivadharmasastra	iyam	-0.738	-0.293	0.216	0.150	0.440
sivadharmasastra	sapta	-0.561	0.382	-0.214	0.301	0.659
sivadharmasastra	dharmam	1.593	-0.133	-0.213	0.677	0.248
sivadharmasastra	śīghram	-0.491	-0.431	0.212	0.075	0.216
sivadharmasastra	śuciḥ	-0.670	0.315	-0.211	0.075	0.245
sivadharmasastra	tasmin	-1.272	-0.165	0.210	0.075	0.527
sivadharmasastra	purā	-1.245	-0.168	0.210	0.226	0.789
sivadharmasastra	karma	-0.899	0.233	-0.209	0.226	0.744
sivadharmasastra	nṛṇām	-0.668	0.313	-0.209	0.000	0.275
sivadharmasastra	janma	-0.500	0.416	-0.208	0.150	0.283
sivadharmasastra	mahī	-1.221	-0.167	0.204	0.000	0.228
sivadharmasastra	vratam	1.035	0.197	0.204	0.376	0.164
sivadharmasastra	sat	-0.500	0.405	-0.203	0.150	0.305
sivadharmasastra	sa	-0.290	-0.698	0.202	6.771	7.531
sivadharmasastra	rāja	-0.306	-0.656	0.201	0.677	1.018
sivadharmasastra	śaraiḥ	-0.361	-0.551	0.199	0.000	0.257
sivadharmasastra	īśvaraḥ	-1.077	0.183	-0.197	0.000	0.528
sivadharmasastra	kila	-0.916	-0.213	0.195	0.000	0.194
sivadharmasastra	mahān	-0.448	-0.434	0.195	0.301	0.442
sivadharmasastra	yatas	-0.624	0.311	-0.194	0.150	0.358
sivadharmasastra	aśva	0.767	-0.250	-0.192	0.527	0.245
sivadharmasastra	cit	-0.592	-0.322	0.191	0.000	0.447
sivadharmasastra	yat	1.189	0.160	0.190	4.063	2.452
sivadharmasastra	bhārata	-0.512	-0.371	0.190	0.000	0.404
sivadharmasastra	śaraṇam	-1.004	-0.189	0.190	0.000	0.271
sivadharmasastra	yadi	-0.740	-0.256	0.189	0.226	0.609
sivadharmasastra	devānām	-1.100	0.172	-0.189	0.075	0.461
sivadharmasastra	guṇa	0.502	0.373	0.187	1.053	0.683
sivadharmasastra	āyuḥ	-0.652	0.285	-0.186	0.075	0.195
sivadharmasastra	kṛta	0.570	-0.317	-0.181	0.903	0.664
sivadharmasastra	dam	-0.456	0.397	-0.181	0.075	0.210
sivadharmasastra	tvāt	-0.439	0.411	-0.180	0.075	0.422
sivadharmasastra	candra	1.272	0.140	0.178	0.602	0.270
sivadharmasastra	phala	-0.387	0.460	-0.178	0.226	0.392
sivadharmasastra	abhūt	-0.775	-0.226	0.175	0.000	0.521
sivadharmasastra	bhaviṣyati	-0.654	-0.265	0.173	0.150	0.411
sivadharmasastra	kecid	-0.463	0.372	-0.172	0.075	0.265
sivadharmasastra	aṅga	0.680	0.250	0.170	0.527	0.291
sivadharmasastra	putrāḥ	-0.584	-0.291	0.170	0.075	0.495
sivadharmasastra	smṛtāḥ	-0.425	0.396	-0.168	0.150	0.554
sivadharmasastra	gatvā	-0.592	-0.280	0.166	0.226	0.416
sivadharmasastra	sahasra	-0.988	0.167	-0.165	0.000	0.289
sivadharmasastra	jāyate	0.272	0.607	0.165	0.451	0.338
sivadharmasastra	viṣṇoḥ	-0.511	0.323	-0.165	0.150	0.380
sivadharmasastra	jala	0.534	0.307	0.164	0.376	0.241
sivadharmasastra	nara	0.319	-0.513	-0.164	0.602	0.443
sivadharmasastra	dvija	-0.661	0.247	-0.163	0.000	0.407
sivadharmasastra	brūhi	-1.029	-0.156	0.161	0.000	0.176
sivadharmasastra	viṣṇu	-0.291	0.545	-0.159	0.301	0.563
sivadharmasastra	vaiśaṃpāyanaḥ	-0.341	-0.465	0.159	0.000	0.383
sivadharmasastra	tejāḥ	-0.332	-0.475	0.158	0.150	0.310
sivadharmasastra	ṛṣiḥ	-0.604	-0.258	0.156	0.000	0.282
sivadharmasastra	padam	-0.338	0.459	-0.155	0.226	0.365
sivadharmasastra	pūrvam	-0.984	-0.157	0.155	0.301	0.751
sivadharmasastra	tā	-0.391	0.393	-0.153	0.150	0.267
sivadharmasastra	tvad	-0.794	-0.192	0.152	0.075	0.307
sivadharmasastra	śoka	-0.307	-0.492	0.151	0.150	0.331
sivadharmasastra	mahā	0.220	-0.686	-0.151	7.298	6.417
sivadharmasastra	asau	-1.022	0.146	-0.149	0.075	0.621
sivadharmasastra	sarvaśas	-0.464	-0.320	0.148	0.150	0.304
sivadharmasastra	prāpya	0.946	-0.157	-0.148	0.752	0.430
sivadharmasastra	rāmaḥ	-0.461	-0.320	0.147	0.000	0.398
sivadharmasastra	anye	-0.673	-0.218	0.147	0.226	0.448
sivadharmasastra	atas	-0.338	0.427	-0.145	0.301	0.491
sivadharmasastra	dhanuḥ	-0.250	-0.572	0.143	0.150	0.233
sivadharmasastra	gṛhe	-0.560	0.255	-0.143	0.075	0.193
sivadharmasastra	sva	-0.397	0.358	-0.142	1.128	1.646
sivadharmasastra	tu	-0.617	0.229	-0.142	6.094	9.619
sivadharmasastra	muni	-0.580	0.244	-0.142	0.150	0.574
sivadharmasastra	padma	1.477	-0.096	-0.142	0.602	0.228
sivadharmasastra	diśaḥ	0.338	-0.418	-0.141	0.376	0.284
sivadharmasastra	sādhu	-0.410	-0.340	0.139	0.150	0.298
sivadharmasastra	jagat	-0.406	0.341	-0.139	0.301	0.494
sivadharmasastra	bhāryā	-0.822	-0.165	0.135	0.000	0.273
sivadharmasastra	mudā	-0.697	-0.193	0.135	0.000	0.178
sivadharmasastra	lokam	1.015	0.133	0.134	0.602	0.282
sivadharmasastra	yāni	-0.500	0.267	-0.134	0.150	0.261
sivadharmasastra	balam	-0.219	-0.608	0.133	0.301	0.385
sivadharmasastra	trayaḥ	-0.985	0.134	-0.132	0.000	0.281
sivadharmasastra	pṛthak	-0.799	0.165	-0.132	0.075	0.352
sivadharmasastra	proktam	-0.225	0.586	-0.132	0.150	0.204
sivadharmasastra	taiḥ	-0.988	-0.129	0.127	0.075	0.425
sivadharmasastra	guru	-0.382	0.332	-0.127	0.150	0.257
sivadharmasastra	sma	-0.218	-0.581	0.127	0.226	0.301
sivadharmasastra	rāma	-0.434	-0.291	0.126	0.000	0.342
sivadharmasastra	pāpam	0.722	0.174	0.126	0.527	0.273
sivadharmasastra	śrī	-0.379	0.331	-0.125	0.376	1.300
sivadharmasastra	varṇa	0.283	0.442	0.125	0.376	0.285
sivadharmasastra	ṣaṣ	0.219	0.565	0.124	0.301	0.245
sivadharmasastra	syāt	0.297	0.416	0.123	0.978	0.697
sivadharmasastra	bhaya	-0.561	-0.218	0.123	0.150	0.270
sivadharmasastra	yudhiṣṭhiraḥ	-0.310	-0.389	0.121	0.000	0.379
sivadharmasastra	sārdham	-0.300	-0.400	0.120	0.150	0.222
sivadharmasastra	yadā	-1.118	0.107	-0.119	0.075	0.595
sivadharmasastra	śakti	0.620	0.191	0.118	0.376	0.205
sivadharmasastra	bhūyas	-0.928	-0.126	0.117	0.075	0.418
sivadharmasastra	yānti	0.431	0.271	0.117	0.376	0.243
sivadharmasastra	ūcuḥ	-1.152	-0.100	0.115	0.000	0.535
sivadharmasastra	satatam	2.637	0.044	0.115	0.903	0.222
sivadharmasastra	āhuḥ	-0.381	0.299	-0.114	0.150	0.339
sivadharmasastra	paramam	-0.383	0.296	-0.113	0.226	0.375
sivadharmasastra	ratha	0.215	-0.525	-0.113	0.376	0.269
sivadharmasastra	śṛṇu	0.976	0.115	0.113	1.354	0.659
sivadharmasastra	sutāḥ	-0.681	-0.164	0.112	0.000	0.298
sivadharmasastra	ucyate	-0.213	0.521	-0.111	0.301	0.425
sivadharmasastra	varaḥ	-0.211	-0.519	0.109	0.226	0.273
sivadharmasastra	dattvā	-0.770	0.141	-0.109	0.000	0.268
sivadharmasastra	vat	0.640	0.169	0.108	0.752	0.498
sivadharmasastra	dvādaśa	-0.304	0.351	-0.107	0.226	0.327
sivadharmasastra	tāvat	0.570	0.186	0.106	0.451	0.313
sivadharmasastra	viṣṇum	-0.673	0.157	-0.105	0.000	0.229
sivadharmasastra	aṣṭa	0.201	0.522	0.105	0.301	0.242
sivadharmasastra	brahmā	0.235	0.443	0.104	0.752	0.575
sivadharmasastra	ātma	-0.282	0.369	-0.104	0.527	0.823
sivadharmasastra	gaṇāḥ	1.312	-0.079	-0.104	1.053	0.435
sivadharmasastra	agniḥ	-0.616	0.168	-0.104	0.075	0.275
sivadharmasastra	tasyām	-0.906	-0.113	0.102	0.000	0.258
sivadharmasastra	nāmnā	-0.839	0.121	-0.101	0.000	0.283
sivadharmasastra	tapasā	-0.800	-0.127	0.101	0.075	0.328
sivadharmasastra	vāyuḥ	-0.507	0.199	-0.101	0.075	0.320
sivadharmasastra	anyat	-0.726	0.139	-0.101	0.075	0.237
sivadharmasastra	balaḥ	0.171	-0.586	-0.100	0.376	0.318
sivadharmasastra	ratham	-0.182	-0.542	0.099	0.150	0.222
sivadharmasastra	yathā	-0.739	-0.132	0.098	1.580	2.401
sivadharmasastra	loka	-0.753	0.128	-0.096	0.376	0.715
sivadharmasastra	eṣā	-1.025	-0.093	0.096	0.000	0.352
sivadharmasastra	sthitaḥ	-0.522	0.183	-0.095	0.150	0.324
sivadharmasastra	sarveṣām	0.688	0.139	0.095	0.752	0.502
sivadharmasastra	kāle	-1.129	0.084	-0.095	0.150	0.436
sivadharmasastra	vai	-0.759	0.124	-0.094	1.354	3.108
sivadharmasastra	hareḥ	-0.515	0.183	-0.094	0.000	0.230
sivadharmasastra	indra	-0.274	-0.337	0.092	0.376	0.500
sivadharmasastra	tāḥ	-0.705	-0.130	0.092	0.075	0.707
sivadharmasastra	vaḥ	-0.269	-0.341	0.092	0.301	0.399
sivadharmasastra	sahasrāṇi	-0.348	-0.260	0.090	0.376	0.589
sivadharmasastra	āsādya	0.244	-0.366	-0.089	0.301	0.238
sivadharmasastra	gatāḥ	-0.326	-0.274	0.089	0.226	0.312
sivadharmasastra	punar	-1.422	-0.062	0.088	0.602	2.418
sivadharmasastra	ekam	0.196	0.449	0.088	0.376	0.331
sivadharmasastra	hā	0.316	-0.276	-0.087	0.301	0.233
sivadharmasastra	iti	-0.819	0.105	-0.086	1.730	5.396
sivadharmasastra	sama	-0.905	-0.093	0.084	0.075	0.265
sivadharmasastra	mune	-0.576	0.145	-0.083	0.000	0.387
sivadharmasastra	bhīṣmaḥ	-0.281	-0.291	0.082	0.000	0.170
sivadharmasastra	jātaḥ	-1.027	-0.079	0.082	0.000	0.240
sivadharmasastra	sarve	-0.222	-0.363	0.081	1.429	1.616
sivadharmasastra	tāsām	-0.687	0.116	-0.079	0.000	0.278
sivadharmasastra	sūtaḥ	-0.542	0.146	-0.079	0.000	0.364
sivadharmasastra	aṣṭau	0.332	0.230	0.076	0.301	0.226
sivadharmasastra	tāni	-0.757	-0.100	0.076	0.150	0.309
sivadharmasastra	dānava	-0.374	-0.199	0.074	0.075	0.197
sivadharmasastra	ātmā	-0.378	-0.197	0.074	0.752	1.005
sivadharmasastra	kṛṣṇaḥ	-0.440	-0.168	0.074	0.075	0.382
sivadharmasastra	divyam	1.777	-0.041	-0.073	0.602	0.226
sivadharmasastra	hatvā	0.149	-0.492	-0.073	0.301	0.251
sivadharmasastra	ṛṣayaḥ	-0.661	0.111	-0.073	0.226	0.635
sivadharmasastra	etat	-0.976	-0.074	0.072	0.527	1.233
sivadharmasastra	śata	0.810	-0.089	-0.072	0.828	0.485
sivadharmasastra	teṣu	-0.781	0.092	-0.071	0.075	0.298
sivadharmasastra	puruṣaḥ	-0.331	0.211	-0.070	0.226	0.370
sivadharmasastra	atra	0.291	0.237	0.069	1.204	1.010
sivadharmasastra	api	0.518	0.132	0.069	7.749	6.684
sivadharmasastra	kāla	0.593	0.114	0.067	0.828	0.589
sivadharmasastra	mahat	-0.135	-0.483	0.065	0.451	0.498
sivadharmasastra	sarvāṇi	-0.396	-0.164	0.065	0.150	0.220
sivadharmasastra	ratna	0.973	-0.067	-0.065	0.527	0.245
sivadharmasastra	ca	-0.911	-0.070	0.064	29.717	40.048
sivadharmasastra	bhava	-0.448	0.142	-0.064	0.150	0.241
sivadharmasastra	sā	-1.043	-0.061	0.063	0.527	1.869
sivadharmasastra	devīm	-0.540	0.117	-0.063	0.000	0.222
sivadharmasastra	veda	-0.127	0.497	-0.063	0.527	0.587
sivadharmasastra	saḥ	-0.519	-0.121	0.063	1.128	1.558
sivadharmasastra	yuga	0.421	0.148	0.062	0.376	0.236
sivadharmasastra	hi	-1.557	-0.040	0.062	0.978	4.218
sivadharmasastra	nṛpaḥ	-0.288	-0.213	0.061	0.150	0.248
sivadharmasastra	tayā	-1.058	-0.057	0.061	0.000	0.321
sivadharmasastra	yā	-0.157	0.386	-0.061	0.527	0.619
sivadharmasastra	param	0.107	0.558	0.060	1.128	1.043
sivadharmasastra	madhye	-0.451	0.132	-0.059	0.226	0.367
sivadharmasastra	kṛṣṇa	0.991	0.059	0.059	1.429	0.617
sivadharmasastra	tyaktvā	-0.651	-0.089	0.058	0.075	0.208
sivadharmasastra	īśvaram	-0.623	0.093	-0.058	0.075	0.254
sivadharmasastra	sarvatas	0.951	-0.060	-0.057	0.527	0.282
sivadharmasastra	gatim	-0.290	-0.195	0.056	0.226	0.306
sivadharmasastra	asti	-0.429	0.128	-0.055	0.301	0.588
sivadharmasastra	duḥkha	-0.298	-0.183	0.055	0.226	0.310
sivadharmasastra	kṛt	-0.279	0.196	-0.055	0.150	0.205
sivadharmasastra	rakta	0.500	0.108	0.054	0.301	0.188
sivadharmasastra	vipra	-0.230	0.233	-0.054	0.226	0.303
sivadharmasastra	viṣṇuḥ	-0.156	0.342	-0.053	0.527	0.626
sivadharmasastra	śrāddham	-0.281	0.190	-0.053	0.000	0.247
sivadharmasastra	ātmanaḥ	-0.730	-0.072	0.053	0.150	0.606
sivadharmasastra	satya	-0.171	-0.307	0.052	0.301	0.366
sivadharmasastra	gṛham	2.248	-0.023	-0.052	0.602	0.198
sivadharmasastra	hariḥ	-0.347	0.150	-0.052	0.226	0.422
sivadharmasastra	para	-0.396	0.127	-0.050	0.301	0.434
sivadharmasastra	pitṛ	-0.235	0.213	-0.050	0.301	0.407
sivadharmasastra	tasyāḥ	-1.267	-0.039	0.050	0.000	0.384
sivadharmasastra	nāradaḥ	-0.424	-0.115	0.049	0.075	0.323
sivadharmasastra	na	-0.470	-0.104	0.049	7.523	9.100
sivadharmasastra	tīrtham	-0.161	0.296	-0.048	0.150	0.244
sivadharmasastra	mad	-0.617	-0.077	0.047	0.075	0.557
sivadharmasastra	dharma	0.171	-0.274	-0.047	1.429	1.283
sivadharmasastra	praṇamya	-0.433	0.108	-0.047	0.075	0.177
sivadharmasastra	vyāsaḥ	-0.526	0.087	-0.046	0.000	0.225
sivadharmasastra	rājyam	-0.098	-0.467	0.046	0.301	0.338
sivadharmasastra	manaḥ	-0.705	0.065	-0.046	0.150	0.620
sivadharmasastra	prabhuḥ	-0.745	-0.061	0.045	0.150	0.571
sivadharmasastra	snātvā	-0.141	0.316	-0.045	0.226	0.335
sivadharmasastra	strī	0.421	0.104	0.044	0.451	0.344
sivadharmasastra	gaṇa	1.902	-0.022	-0.043	0.752	0.250
sivadharmasastra	yena	-0.455	-0.094	0.043	0.376	0.526
sivadharmasastra	asmin	-0.901	0.046	-0.042	0.075	0.232
sivadharmasastra	lokānām	-0.377	0.107	-0.040	0.150	0.224
sivadharmasastra	iha	-0.343	-0.117	0.040	0.903	1.150
sivadharmasastra	jñātvā	-0.724	0.055	-0.040	0.075	0.384
sivadharmasastra	astu	0.307	-0.129	-0.040	0.376	0.291
sivadharmasastra	tatra	-0.980	-0.040	0.039	1.429	2.763
sivadharmasastra	sthānam	0.098	0.394	0.039	0.451	0.401
sivadharmasastra	samyak	0.096	0.400	0.039	0.301	0.272
sivadharmasastra	āha	-0.555	-0.068	0.038	0.150	0.536
sivadharmasastra	tasya	-0.265	-0.142	0.038	2.407	2.843
sivadharmasastra	devī	0.181	0.203	0.037	0.828	0.621
sivadharmasastra	duḥkham	-0.677	-0.053	0.036	0.000	0.215
sivadharmasastra	kāma	0.188	0.188	0.035	0.677	0.597
sivadharmasastra	nānā	0.651	-0.053	-0.034	1.204	0.639
sivadharmasastra	bhagavān	-0.887	0.038	-0.034	0.075	1.181
sivadharmasastra	parama	-0.109	-0.311	0.034	0.527	0.570
sivadharmasastra	kālaḥ	-1.108	0.031	-0.034	0.000	0.329
sivadharmasastra	surāḥ	-0.824	0.041	-0.034	0.000	0.251
sivadharmasastra	brāhmaṇaḥ	-0.222	0.152	-0.034	0.150	0.216
sivadharmasastra	yatra	-0.560	0.060	-0.034	0.451	0.870
sivadharmasastra	tīrtha	-0.089	0.356	-0.032	0.226	0.263
sivadharmasastra	vāc	-0.874	0.036	-0.032	0.075	0.269
sivadharmasastra	sarvam	-0.727	0.043	-0.031	0.602	1.022
sivadharmasastra	bhuvi	-0.127	-0.244	0.031	0.226	0.258
sivadharmasastra	imam	0.126	-0.239	-0.030	0.301	0.271
sivadharmasastra	daśa	-0.102	0.294	-0.030	0.677	0.731
sivadharmasastra	a	0.314	-0.095	-0.030	2.031	1.630
sivadharmasastra	kṛtam	-0.157	-0.187	0.029	0.602	0.676
sivadharmasastra	teṣām	-1.241	0.024	-0.029	0.451	1.733
sivadharmasastra	manasā	0.210	0.137	0.029	0.376	0.320
sivadharmasastra	tale	-0.451	-0.063	0.028	0.150	0.253
sivadharmasastra	prāṇa	-0.104	0.264	-0.027	0.226	0.258
sivadharmasastra	patiḥ	-0.648	-0.042	0.027	0.075	0.232
sivadharmasastra	tejaḥ	0.717	0.038	0.027	0.451	0.269
sivadharmasastra	vinā	-0.147	0.172	-0.025	0.226	0.260
sivadharmasastra	yasya	0.235	0.103	0.024	0.677	0.565
sivadharmasastra	devān	-0.489	-0.048	0.024	0.150	0.271
sivadharmasastra	nā	-0.471	-0.049	0.023	0.150	0.300
sivadharmasastra	sākṣāt	0.130	0.171	0.022	0.451	0.371
sivadharmasastra	svayam	-0.122	0.179	-0.022	0.602	0.654
sivadharmasastra	bhūta	0.077	0.282	0.022	0.677	0.640
sivadharmasastra	kula	-0.114	-0.191	0.022	0.226	0.251
sivadharmasastra	tat	-0.295	-0.070	0.021	3.235	3.622
sivadharmasastra	sam	-0.135	0.148	-0.020	0.000	0.035
sivadharmasastra	śāstra	0.095	0.205	0.019	0.226	0.204
sivadharmasastra	yam	0.127	-0.151	-0.019	0.301	0.271
sivadharmasastra	devi	0.240	0.079	0.019	0.451	0.284
sivadharmasastra	rūpa	0.050	0.380	0.019	0.527	0.504
sivadharmasastra	āgataḥ	0.122	-0.152	-0.019	0.226	0.198
sivadharmasastra	devatāḥ	-0.058	0.309	-0.018	0.226	0.238
sivadharmasastra	ete	-0.137	0.130	-0.018	0.752	0.878
sivadharmasastra	prajāḥ	-0.718	-0.024	0.018	0.000	0.614
sivadharmasastra	ṛṣi	-0.088	-0.191	0.017	0.301	0.332
sivadharmasastra	antare	-0.331	0.050	-0.017	0.075	0.308
sivadharmasastra	muniḥ	-0.237	0.068	-0.016	0.301	0.413
sivadharmasastra	pitaraḥ	-0.048	0.332	-0.016	0.226	0.246
sivadharmasastra	an	-0.540	-0.029	0.016	0.150	0.279
sivadharmasastra	yoga	0.056	0.273	0.015	0.602	0.556
sivadharmasastra	nadī	-0.100	0.152	-0.015	0.226	0.287
sivadharmasastra	yasmāt	0.061	0.248	0.015	0.376	0.350
sivadharmasastra	cakra	0.321	0.047	0.015	0.301	0.222
sivadharmasastra	ati	0.445	0.032	0.014	1.053	0.749
sivadharmasastra	ādau	-0.022	0.603	-0.013	0.226	0.232
sivadharmasastra	nāma	-0.439	-0.029	0.013	0.978	1.454
sivadharmasastra	divya	1.900	0.007	0.013	0.752	0.282
sivadharmasastra	bhūtāni	-0.311	0.040	-0.012	0.226	0.321
sivadharmasastra	śiraḥ	-1.061	-0.011	0.012	0.000	0.285
sivadharmasastra	prāha	-0.878	-0.013	0.012	0.000	0.366
sivadharmasastra	tayoḥ	0.219	-0.054	-0.012	0.301	0.257
sivadharmasastra	daitya	-0.139	-0.081	0.011	0.226	0.283
sivadharmasastra	anena	-0.249	0.043	-0.011	0.150	0.201
sivadharmasastra	rūpeṇa	0.147	0.072	0.011	0.451	0.364
sivadharmasastra	śubha	0.073	0.144	0.011	0.301	0.276
sivadharmasastra	uttamam	-0.066	0.147	-0.010	0.301	0.318
sivadharmasastra	mātā	0.078	-0.117	-0.009	0.226	0.206
sivadharmasastra	bhūtānām	-0.434	0.021	-0.009	0.301	0.513
sivadharmasastra	brāhmaṇa	-0.236	0.031	-0.007	0.150	0.206
sivadharmasastra	artham	0.425	0.017	0.007	1.279	1.015
sivadharmasastra	pṛthivī	-0.051	-0.120	0.006	0.226	0.238
sivadharmasastra	gaṅgā	0.089	0.069	0.006	0.301	0.254
sivadharmasastra	tapaḥ	-0.105	0.058	-0.006	0.677	0.733
sivadharmasastra	sukha	0.179	0.033	0.006	0.376	0.326
sivadharmasastra	narāḥ	-0.071	0.081	-0.006	0.226	0.249
sivadharmasastra	devāḥ	-0.327	-0.017	0.005	0.677	0.916
sivadharmasastra	ātmānam	-0.696	-0.007	0.005	0.226	0.607
sivadharmasastra	deva	0.073	0.069	0.005	1.580	1.522
sivadharmasastra	dharmaḥ	2.101	0.002	0.005	0.978	0.330
sivadharmasastra	devam	0.022	0.201	0.004	0.376	0.366
sivadharmasastra	kāmaḥ	-0.267	0.015	-0.004	0.150	0.259
sivadharmasastra	kanyā	0.615	0.006	0.003	0.451	0.266
sivadharmasastra	ekaḥ	-0.889	-0.003	0.003	0.075	0.331
sivadharmasastra	sukham	-0.566	-0.005	0.003	0.150	0.278
sivadharmasastra	asura	0.095	0.030	0.003	0.376	0.337
sivadharmasastra	mārkaṇḍeyaḥ	-0.286	0.009	-0.003	0.000	0.312
sivadharmasastra	puram	0.029	-0.080	-0.002	0.226	0.218
sivadharmasastra	gatiḥ	-0.099	-0.019	0.002	0.226	0.246
sivadharmasastra	paścāt	-0.009	0.205	-0.002	0.226	0.228
sivadharmasastra	karmaṇā	-0.004	-0.179	0.001	0.301	0.302
sivadharmasastra	bhūtvā	-0.038	-0.017	0.001	0.451	0.466
sivadharmasastra	jajñe	-0.585	-0.001	0.000	0.000	0.300
sivadharmasastra	sura	0.107	0.004	0.000	0.527	0.482
sivadharmasastra	evam	-0.297	-0.001	0.000	2.332	2.622
sivadharmasastra	kāryam	0.009	-0.025	-0.000	0.376	0.372
sivadharmottara	jñāna	5.929	0.692	4.102	4.471	0.557
sivadharmottara	vidyā	6.467	0.461	2.984	2.385	0.256
sivadharmottara	ādyaiḥ	5.357	0.457	2.447	1.610	0.181
sivadharmottara	śiva	4.372	0.545	2.385	12.221	0.901
sivadharmottara	dāna	5.244	0.351	1.839	1.371	0.174
sivadharmottara	jñānam	2.423	0.683	1.656	2.444	0.495
sivadharmottara	samam	4.971	0.299	1.486	1.252	0.234
sivadharmottara	guru	4.190	0.332	1.393	1.431	0.257
sivadharmottara	tam	-1.666	-0.783	1.304	0.596	2.946
sivadharmottara	agni	3.496	0.371	1.298	1.192	0.372
sivadharmottara	smṛtam	2.188	0.576	1.261	1.192	0.313
sivadharmottara	śivam	4.019	0.297	1.194	2.265	0.269
sivadharmottara	ṣaṣ	2.084	0.565	1.178	0.775	0.245
sivadharmottara	śivaḥ	3.361	0.325	1.092	2.146	0.269
sivadharmottara	yaḥ	2.621	0.417	1.092	6.796	2.752
sivadharmottara	bhavet	1.888	0.554	1.045	2.623	0.856
sivadharmottara	artha	2.078	0.485	1.008	1.311	0.518
sivadharmottara	kramāt	1.671	0.584	0.975	0.715	0.187
sivadharmottara	su	2.307	-0.401	-0.925	5.306	2.508
sivadharmottara	dānam	2.310	0.389	0.898	1.431	0.317
sivadharmottara	saha	-1.481	-0.599	0.887	0.179	1.290
sivadharmottara	yānti	3.260	0.271	0.885	1.252	0.243
sivadharmottara	phalam	2.104	0.416	0.876	2.802	0.707
sivadharmottara	dṛṣṭvā	-1.277	-0.642	0.819	0.298	1.951
sivadharmottara	kuryāt	1.515	0.537	0.814	1.490	0.435
sivadharmottara	mahat	1.671	-0.483	-0.807	1.073	0.498
sivadharmottara	go	4.018	0.198	0.794	1.371	0.268
sivadharmottara	te	-1.364	-0.571	0.778	2.146	4.829
sivadharmottara	tān	-1.112	-0.690	0.767	0.417	1.068
sivadharmottara	pañca	1.991	0.384	0.764	1.908	0.765
sivadharmottara	tadā	-1.364	-0.559	0.763	0.417	2.713
sivadharmottara	tvayā	-1.217	-0.626	0.761	0.060	0.818
sivadharmottara	tava	-1.252	-0.591	0.740	0.060	1.080
sivadharmottara	paraḥ	1.278	0.573	0.732	0.775	0.349
sivadharmottara	tām	-1.270	-0.572	0.726	0.537	1.631
sivadharmottara	tvām	-1.048	-0.693	0.726	0.060	0.636
sivadharmottara	uktvā	-1.156	-0.625	0.723	0.000	0.466
sivadharmottara	tad	1.185	0.602	0.713	4.650	2.296
sivadharmottara	vacaḥ	-1.155	-0.617	0.713	0.000	0.558
sivadharmottara	ante	1.641	0.434	0.712	0.954	0.408
sivadharmottara	mām	-1.260	-0.565	0.712	0.000	1.129
sivadharmottara	mama	-1.464	-0.479	0.702	0.119	1.440
sivadharmottara	pūjayet	1.340	0.522	0.700	0.656	0.186
sivadharmottara	yāti	1.354	0.509	0.689	0.715	0.296
sivadharmottara	śrutvā	-1.035	-0.647	0.670	0.179	1.088
sivadharmottara	bhaktyā	1.802	0.371	0.669	1.013	0.314
sivadharmottara	tvam	-1.475	-0.453	0.668	0.715	2.631
sivadharmottara	smṛtaḥ	1.228	0.523	0.643	1.669	0.636
sivadharmottara	eka	1.141	0.559	0.638	1.073	0.584
sivadharmottara	jagāma	-1.010	-0.629	0.635	0.000	0.370
sivadharmottara	tau	-1.070	-0.591	0.632	0.000	0.437
sivadharmottara	pāpa	1.538	0.409	0.630	1.788	0.687
sivadharmottara	sat	1.519	0.405	0.616	0.775	0.305
sivadharmottara	aham	-1.466	-0.413	0.605	0.477	2.578
sivadharmottara	sarva	1.447	0.414	0.600	6.379	3.660
sivadharmottara	āsīt	-0.996	-0.593	0.590	0.119	0.660
sivadharmottara	me	-1.348	-0.437	0.589	0.298	1.715
sivadharmottara	eṣa	-1.406	-0.418	0.588	0.000	0.874
sivadharmottara	tasmāt	1.649	0.356	0.587	3.159	1.467
sivadharmottara	tejasā	-1.150	-0.504	0.579	0.000	0.305
sivadharmottara	ha	-1.039	-0.557	0.579	0.000	0.686
sivadharmottara	enam	-0.880	-0.655	0.577	0.000	0.336
sivadharmottara	vayam	-0.993	-0.579	0.575	0.000	0.349
sivadharmottara	sthānam	1.416	0.394	0.558	1.133	0.401
sivadharmottara	puṇya	2.556	0.218	0.558	1.669	0.449
sivadharmottara	abravīt	-0.824	-0.675	0.556	0.000	0.893
sivadharmottara	mayā	-1.391	-0.397	0.553	0.119	1.364
sivadharmottara	uktaḥ	-1.117	-0.489	0.546	0.000	0.354
sivadharmottara	sa	-0.781	-0.698	0.545	5.484	7.531
sivadharmottara	pūrva	1.051	0.516	0.542	0.715	0.387
sivadharmottara	uvāca	-1.474	-0.360	0.530	0.000	4.871
sivadharmottara	rāja	-0.808	-0.656	0.530	0.119	1.018
sivadharmottara	adya	-0.691	-0.766	0.529	0.119	0.587
sivadharmottara	putram	-0.839	-0.631	0.529	0.000	0.337
sivadharmottara	ye	1.531	0.345	0.527	3.458	1.766
sivadharmottara	yāvat	1.339	0.391	0.523	0.894	0.424
sivadharmottara	naḥ	-1.038	-0.495	0.514	0.000	0.714
sivadharmottara	ekam	1.143	0.449	0.513	0.596	0.331
sivadharmottara	babhūva	-1.004	-0.507	0.509	0.000	0.288
sivadharmottara	mā	-0.920	-0.553	0.509	0.060	0.529
sivadharmottara	vacanam	-0.895	-0.566	0.507	0.000	0.498
sivadharmottara	proktam	-0.861	0.586	-0.505	0.000	0.204
sivadharmottara	sma	-0.868	-0.581	0.505	0.000	0.301
sivadharmottara	ādāya	-1.108	-0.449	0.497	0.000	0.295
sivadharmottara	varaḥ	-0.954	-0.519	0.495	0.060	0.273
sivadharmottara	imām	-0.963	-0.506	0.488	0.000	0.314
sivadharmottara	rājan	-0.742	-0.605	0.449	0.000	0.939
sivadharmottara	kuru	-0.808	-0.555	0.449	0.000	0.404
sivadharmottara	ādayaḥ	-0.980	0.457	-0.448	0.000	0.467
sivadharmottara	atha	-1.597	-0.280	0.447	0.894	2.753
sivadharmottara	balaḥ	-0.755	-0.586	0.442	0.060	0.318
sivadharmottara	cakre	-1.059	-0.413	0.437	0.000	0.304
sivadharmottara	śuciḥ	1.385	0.315	0.437	0.596	0.245
sivadharmottara	idam	-0.901	-0.470	0.424	0.715	1.509
sivadharmottara	śreṣṭhaḥ	-0.733	-0.577	0.423	0.060	0.213
sivadharmottara	aṣṭa	0.799	0.522	0.417	0.477	0.242
sivadharmottara	sarvān	-0.680	-0.612	0.416	0.238	0.526
sivadharmottara	asmi	-0.860	-0.483	0.415	0.060	0.327
sivadharmottara	abhavat	-0.794	-0.523	0.415	0.000	0.647
sivadharmottara	sthitaḥ	2.260	0.183	0.413	1.073	0.324
sivadharmottara	cakāra	-0.949	-0.435	0.413	0.000	0.344
sivadharmottara	koṭi	0.782	0.511	0.399	0.954	0.327
sivadharmottara	asi	-0.664	-0.599	0.398	0.179	0.549
sivadharmottara	vīra	-0.561	-0.702	0.394	0.060	0.275
sivadharmottara	tāta	-0.745	-0.510	0.380	0.060	0.334
sivadharmottara	jāyate	0.621	0.607	0.377	0.596	0.338
sivadharmottara	tatas	-0.706	-0.531	0.375	3.815	5.687
sivadharmottara	vaḥ	-1.093	-0.341	0.372	0.000	0.399
sivadharmottara	tvāt	0.901	0.411	0.370	1.133	0.422
sivadharmottara	īśvara	1.170	0.316	0.369	0.537	0.234
sivadharmottara	yayau	-0.878	-0.420	0.369	0.000	0.265
sivadharmottara	yā	-0.953	0.386	-0.368	0.060	0.619
sivadharmottara	veda	-0.727	0.497	-0.361	0.238	0.587
sivadharmottara	mahātmanaḥ	-0.743	-0.478	0.355	0.119	0.366
sivadharmottara	tāvat	1.901	0.186	0.354	0.775	0.313
sivadharmottara	duḥkham	6.642	-0.053	-0.354	2.325	0.215
sivadharmottara	puṇyam	0.827	0.420	0.348	1.073	0.481
sivadharmottara	vat	2.045	0.169	0.346	1.311	0.498
sivadharmottara	gṛhe	1.356	0.255	0.346	0.477	0.193
sivadharmottara	dadarśa	-0.592	-0.583	0.345	0.000	0.320
sivadharmottara	kṛtaḥ	-1.003	-0.342	0.343	0.060	0.290
sivadharmottara	devatāḥ	-1.096	0.309	-0.338	0.000	0.238
sivadharmottara	sarve	-0.931	-0.363	0.338	0.835	1.616
sivadharmottara	śakra	-0.856	-0.393	0.337	0.000	0.199
sivadharmottara	para	2.618	0.127	0.334	1.311	0.434
sivadharmottara	eva	-1.445	0.230	-0.332	3.875	9.926
sivadharmottara	bhavān	-0.984	-0.335	0.330	0.000	0.330
sivadharmottara	ādi	0.415	0.793	0.329	2.027	1.268
sivadharmottara	vanam	-0.651	-0.505	0.329	0.060	0.281
sivadharmottara	balam	-0.539	-0.608	0.328	0.179	0.385
sivadharmottara	devaḥ	-0.963	0.330	-0.318	0.060	0.489
sivadharmottara	rājā	-0.508	-0.625	0.317	0.477	1.251
sivadharmottara	puṣpa	2.560	0.123	0.316	1.311	0.356
sivadharmottara	paścāt	1.542	0.205	0.315	0.596	0.228
sivadharmottara	mahā	-0.456	-0.686	0.313	4.590	6.417
sivadharmottara	asya	-0.785	-0.395	0.310	0.477	0.890
sivadharmottara	putraḥ	-0.702	-0.440	0.309	0.060	0.697
sivadharmottara	narāḥ	3.809	0.081	0.309	1.490	0.249
sivadharmottara	ratham	-0.568	-0.542	0.308	0.000	0.222
sivadharmottara	tathā	-0.943	0.326	-0.308	3.934	7.313
sivadharmottara	tu	-1.340	0.229	-0.307	1.967	9.619
sivadharmottara	tejāḥ	-0.645	-0.475	0.307	0.000	0.310
sivadharmottara	janma	0.735	0.416	0.305	0.477	0.283
sivadharmottara	āsa	-0.609	-0.496	0.302	0.000	0.526
sivadharmottara	dhanuḥ	-0.525	-0.572	0.300	0.060	0.233
sivadharmottara	iva	-0.480	-0.618	0.297	1.192	2.341
sivadharmottara	sarvaśas	-0.918	-0.320	0.294	0.000	0.304
sivadharmottara	bala	0.632	-0.462	-0.292	0.537	0.358
sivadharmottara	kāma	1.540	0.188	0.289	1.252	0.597
sivadharmottara	iyam	-0.970	-0.293	0.284	0.060	0.440
sivadharmottara	ratha	-0.538	-0.525	0.282	0.000	0.269
sivadharmottara	ayam	-0.528	-0.533	0.281	0.715	1.094
sivadharmottara	mahān	-0.647	-0.434	0.281	0.238	0.442
sivadharmottara	prati	-0.479	-0.582	0.278	0.179	0.324
sivadharmottara	kṛta	-0.877	-0.317	0.278	0.298	0.664
sivadharmottara	tā	0.705	0.393	0.277	0.477	0.267
sivadharmottara	raṇe	-0.439	-0.631	0.277	0.000	0.358
sivadharmottara	katham	-0.814	-0.336	0.274	0.358	0.766
sivadharmottara	dadau	-0.879	-0.311	0.273	0.000	0.284
sivadharmottara	rājyam	-0.584	-0.467	0.273	0.119	0.338
sivadharmottara	lokān	-0.761	-0.358	0.272	0.060	0.331
sivadharmottara	vā	0.737	0.369	0.272	4.948	3.198
sivadharmottara	strī	2.616	0.104	0.271	1.013	0.344
sivadharmottara	syāt	0.649	0.416	0.270	1.311	0.697
sivadharmottara	brahma	-0.427	0.627	-0.268	0.835	1.338
sivadharmottara	brahmā	-0.603	0.443	-0.267	0.119	0.575
sivadharmottara	sadā	0.578	0.457	0.264	1.729	1.143
sivadharmottara	puruṣa	-0.663	-0.396	0.262	0.119	0.451
sivadharmottara	gatāḥ	-0.955	-0.274	0.262	0.060	0.312
sivadharmottara	śara	-0.464	-0.560	0.260	0.000	0.288
sivadharmottara	paramam	0.876	0.296	0.259	0.715	0.375
sivadharmottara	guṇa	0.690	0.373	0.257	1.192	0.683
sivadharmottara	rājānam	-0.426	-0.603	0.257	0.119	0.298
sivadharmottara	diśaḥ	-0.601	-0.418	0.251	0.119	0.284
sivadharmottara	āyuḥ	0.879	0.285	0.251	0.358	0.195
sivadharmottara	purā	-1.480	-0.168	0.249	0.119	0.789
sivadharmottara	satya	-0.807	-0.307	0.248	0.060	0.366
sivadharmottara	nṛpa	-0.737	-0.335	0.247	0.060	0.707
sivadharmottara	viṣṇuḥ	-0.704	0.342	-0.241	0.179	0.626
sivadharmottara	kim	-0.535	-0.445	0.238	0.835	1.420
sivadharmottara	rūpam	-0.780	0.303	-0.236	0.298	0.710
sivadharmottara	bhūta	-0.828	0.282	-0.233	0.238	0.640
sivadharmottara	sutaḥ	-0.736	-0.314	0.231	0.000	0.509
sivadharmottara	śoka	-0.462	-0.492	0.227	0.060	0.331
sivadharmottara	vara	-0.711	-0.314	0.223	0.298	0.561
sivadharmottara	pravakṣyāmi	-0.522	0.423	-0.221	0.060	0.238
sivadharmottara	dadyāt	0.565	0.390	0.221	0.656	0.331
sivadharmottara	aṅga	0.881	0.250	0.221	0.596	0.291
sivadharmottara	phala	0.477	0.460	0.219	0.596	0.392
sivadharmottara	viprāḥ	-0.816	0.265	-0.217	0.000	0.216
sivadharmottara	om	0.456	0.474	0.216	0.835	0.306
sivadharmottara	karmaṇā	1.202	-0.179	-0.216	0.596	0.302
sivadharmottara	jala	0.697	0.307	0.214	0.417	0.241
sivadharmottara	sūrya	0.556	0.380	0.211	0.537	0.362
sivadharmottara	gatvā	-0.737	-0.280	0.207	0.179	0.416
sivadharmottara	kāraṇam	-0.600	0.343	-0.206	0.179	0.361
sivadharmottara	dvijāḥ	-0.633	0.325	-0.206	0.060	0.327
sivadharmottara	gataḥ	-0.652	-0.312	0.204	0.238	0.520
sivadharmottara	pituḥ	-0.539	-0.376	0.203	0.060	0.214
sivadharmottara	putrāḥ	-0.689	-0.291	0.200	0.000	0.495
sivadharmottara	śreṣṭha	-0.618	-0.323	0.200	0.060	0.260
sivadharmottara	dam	0.502	0.397	0.199	0.358	0.210
sivadharmottara	śaraiḥ	-0.361	-0.551	0.199	0.000	0.257
sivadharmottara	māyā	-0.549	0.361	-0.198	0.119	0.382
sivadharmottara	hatvā	-0.397	-0.492	0.195	0.119	0.251
sivadharmottara	ādikam	-0.376	0.518	-0.195	0.060	0.171
sivadharmottara	bhaviṣyati	-0.733	-0.265	0.194	0.119	0.411
sivadharmottara	bhuvi	-0.786	-0.244	0.192	0.060	0.258
sivadharmottara	bhārata	-0.512	-0.371	0.190	0.000	0.404
sivadharmottara	śaraṇam	-1.004	-0.189	0.190	0.000	0.271
sivadharmottara	tri	-0.335	0.560	-0.188	0.238	0.398
sivadharmottara	asti	1.437	0.128	0.184	1.550	0.588
sivadharmottara	bhṛśam	0.393	-0.468	-0.184	0.417	0.295
sivadharmottara	karma	0.779	0.233	0.181	1.192	0.744
sivadharmottara	śrī	-0.534	0.331	-0.177	0.000	1.300
sivadharmottara	varam	-0.433	-0.408	0.176	0.238	0.404
sivadharmottara	abhūt	-0.775	-0.226	0.175	0.000	0.521
sivadharmottara	kāmam	-0.819	-0.213	0.175	0.060	0.203
sivadharmottara	sārdham	-0.432	-0.400	0.173	0.119	0.222
sivadharmottara	sarveṣām	1.241	0.139	0.172	0.954	0.502
sivadharmottara	sarvāḥ	-0.625	-0.274	0.171	0.238	0.437
sivadharmottara	mahī	1.017	-0.167	-0.170	0.417	0.228
sivadharmottara	asau	-1.163	0.146	-0.169	0.000	0.621
sivadharmottara	vipra	-0.724	0.233	-0.169	0.060	0.303
sivadharmottara	āsādya	-0.460	-0.366	0.168	0.119	0.238
sivadharmottara	parama	-0.533	-0.311	0.166	0.358	0.570
sivadharmottara	devam	-0.815	0.201	-0.164	0.000	0.366
sivadharmottara	nṛṇām	-0.523	0.313	-0.164	0.060	0.275
sivadharmottara	tvad	-0.848	-0.192	0.163	0.060	0.307
sivadharmottara	brūhi	-1.029	-0.156	0.161	0.000	0.176
sivadharmottara	pāpam	0.919	0.174	0.160	0.596	0.273
sivadharmottara	vaiśaṃpāyanaḥ	-0.341	-0.465	0.159	0.000	0.383
sivadharmottara	vratam	-0.803	0.197	-0.158	0.000	0.164
sivadharmottara	ṛṣiḥ	-0.604	-0.258	0.156	0.000	0.282
sivadharmottara	pūrvam	-0.990	-0.157	0.156	0.298	0.751
sivadharmottara	taiḥ	-1.201	-0.129	0.155	0.000	0.425
sivadharmottara	vai	-1.242	0.124	-0.155	0.238	3.108
sivadharmottara	īśvaraḥ	-0.834	0.183	-0.152	0.119	0.528
sivadharmottara	muni	-0.623	0.244	-0.152	0.119	0.574
sivadharmottara	indra	-0.448	-0.337	0.151	0.298	0.500
sivadharmottara	puram	1.874	-0.080	-0.150	0.715	0.218
sivadharmottara	satyam	-0.692	0.216	-0.149	0.119	0.256
sivadharmottara	pitaraḥ	-0.444	0.332	-0.147	0.060	0.246
sivadharmottara	atas	-0.344	0.427	-0.147	0.298	0.491
sivadharmottara	varṇa	-0.331	0.442	-0.146	0.179	0.285
sivadharmottara	viṣṇoḥ	-0.448	0.323	-0.145	0.179	0.380
sivadharmottara	pitā	-0.554	-0.261	0.144	0.119	0.261
sivadharmottara	nṛpaḥ	0.675	-0.213	-0.144	0.477	0.248
sivadharmottara	saṃśayaḥ	0.669	0.212	0.142	0.954	0.591
sivadharmottara	śubham	-0.548	0.257	-0.141	0.119	0.258
sivadharmottara	cit	-0.434	-0.322	0.140	0.119	0.447
sivadharmottara	snātvā	-0.433	0.316	-0.137	0.000	0.335
sivadharmottara	kila	-0.635	-0.213	0.135	0.060	0.194
sivadharmottara	mudā	-0.697	-0.193	0.135	0.000	0.178
sivadharmottara	āgataḥ	-0.878	-0.152	0.134	0.000	0.198
sivadharmottara	yoga	0.488	0.273	0.133	0.954	0.556
sivadharmottara	indraḥ	-0.597	-0.223	0.133	0.060	0.290
sivadharmottara	manasā	-0.966	0.137	-0.132	0.060	0.320
sivadharmottara	lokam	0.996	0.133	0.132	0.596	0.282
sivadharmottara	tapasā	-1.037	-0.127	0.131	0.000	0.328
sivadharmottara	gatim	-0.674	-0.195	0.131	0.119	0.306
sivadharmottara	mātā	1.097	-0.117	-0.129	0.477	0.206
sivadharmottara	bahu	-0.394	-0.321	0.127	0.358	0.501
sivadharmottara	vākyam	-0.228	-0.554	0.126	0.417	0.578
sivadharmottara	rāma	-0.434	-0.291	0.126	0.000	0.342
sivadharmottara	rāmaḥ	-0.392	-0.320	0.125	0.060	0.398
sivadharmottara	snānam	0.227	0.534	0.121	0.238	0.173
sivadharmottara	yudhiṣṭhiraḥ	-0.310	-0.389	0.121	0.000	0.379
sivadharmottara	namaḥ	-0.229	0.523	-0.120	0.894	1.344
sivadharmottara	prāṇa	-0.451	0.264	-0.119	0.119	0.258
sivadharmottara	loka	-0.927	0.128	-0.118	0.298	0.715
sivadharmottara	tyaktvā	1.315	-0.089	-0.117	0.477	0.208
sivadharmottara	āśu	-0.502	-0.232	0.117	0.179	0.343
sivadharmottara	nityam	0.366	0.318	0.117	1.073	0.810
sivadharmottara	ūcuḥ	-1.152	-0.100	0.115	0.000	0.535
sivadharmottara	saḥ	-0.946	-0.121	0.114	0.775	1.558
sivadharmottara	ucyate	-0.218	0.521	-0.114	0.298	0.425
sivadharmottara	ṛṣayaḥ	-1.026	0.111	-0.113	0.000	0.635
sivadharmottara	sādhu	0.331	-0.340	-0.112	0.417	0.298
sivadharmottara	śubha	0.778	0.144	0.112	0.537	0.276
sivadharmottara	sutāḥ	-0.681	-0.164	0.112	0.000	0.298
sivadharmottara	hariḥ	-0.746	0.150	-0.112	0.000	0.422
sivadharmottara	tasya	-0.787	-0.142	0.111	1.550	2.843
sivadharmottara	brāhmaṇaḥ	-0.732	0.152	-0.111	0.000	0.216
sivadharmottara	yatas	0.355	0.311	0.111	0.477	0.358
sivadharmottara	putra	-0.294	-0.375	0.110	0.477	0.658
sivadharmottara	puruṣaḥ	0.517	0.211	0.109	0.596	0.370
sivadharmottara	sapta	-0.285	0.382	-0.109	0.477	0.659
sivadharmottara	dattvā	-0.770	0.141	-0.109	0.000	0.268
sivadharmottara	rudra	0.196	0.551	0.108	0.358	0.274
sivadharmottara	aṣṭau	-0.469	0.230	-0.108	0.119	0.226
sivadharmottara	tasmin	-0.644	-0.165	0.107	0.298	0.527
sivadharmottara	viṣṇum	-0.673	0.157	-0.105	0.000	0.229
sivadharmottara	bhavati	0.233	0.448	0.104	0.358	0.294
sivadharmottara	ātmā	-0.522	-0.197	0.103	0.656	1.005
sivadharmottara	tasyām	-0.906	-0.113	0.102	0.000	0.258
sivadharmottara	nāmnā	-0.839	0.121	-0.101	0.000	0.283
sivadharmottara	sahasraśas	-0.207	-0.491	0.101	0.238	0.314
sivadharmottara	loke	1.701	0.058	0.099	1.311	0.478
sivadharmottara	liṅgam	-0.241	0.402	-0.097	0.060	0.195
sivadharmottara	teṣu	-1.044	0.092	-0.096	0.000	0.298
sivadharmottara	eṣā	-1.025	-0.093	0.096	0.000	0.352
sivadharmottara	dvādaśa	0.272	0.351	0.095	0.417	0.327
sivadharmottara	gṛhītvā	-0.339	-0.281	0.095	0.119	0.180
sivadharmottara	hareḥ	-0.515	0.183	-0.094	0.000	0.230
sivadharmottara	bhaya	-0.428	-0.218	0.093	0.179	0.270
sivadharmottara	annam	0.304	0.306	0.093	0.358	0.233
sivadharmottara	smṛtāḥ	0.232	0.396	0.092	0.775	0.554
sivadharmottara	kṛṣṇaḥ	-0.548	-0.168	0.092	0.000	0.382
sivadharmottara	kula	0.477	-0.191	-0.091	0.358	0.251
sivadharmottara	devī	-0.441	0.203	-0.090	0.119	0.621
sivadharmottara	pṛthivī	-0.740	-0.120	0.089	0.060	0.238
sivadharmottara	nara	-0.173	-0.513	0.089	0.358	0.443
sivadharmottara	kṛt	-0.439	0.196	-0.086	0.119	0.205
sivadharmottara	dharma	0.312	-0.274	-0.085	1.550	1.283
sivadharmottara	punar	1.375	-0.062	-0.085	4.173	2.418
sivadharmottara	pāda	0.157	0.533	0.084	0.477	0.408
sivadharmottara	hā	0.303	-0.276	-0.084	0.298	0.233
sivadharmottara	atra	-0.353	0.237	-0.083	0.775	1.010
sivadharmottara	mune	-0.576	0.145	-0.083	0.000	0.387
sivadharmottara	ṛṣi	-0.436	-0.191	0.083	0.179	0.332
sivadharmottara	bhava	0.578	0.142	0.082	0.358	0.241
sivadharmottara	bhīṣmaḥ	-0.281	-0.291	0.082	0.000	0.170
sivadharmottara	yadā	-0.767	0.107	-0.082	0.238	0.595
sivadharmottara	tīrtha	0.225	0.356	0.080	0.358	0.263
sivadharmottara	astu	-0.617	-0.129	0.080	0.119	0.291
sivadharmottara	sūtaḥ	-0.542	0.146	-0.079	0.000	0.364
sivadharmottara	kecid	-0.210	0.372	-0.078	0.179	0.265
sivadharmottara	brahmaṇaḥ	-0.186	0.416	-0.077	0.298	0.390
sivadharmottara	sā	-1.267	-0.061	0.077	0.238	1.869
sivadharmottara	anyat	0.538	0.139	0.075	0.358	0.237
sivadharmottara	padam	-0.162	0.459	-0.074	0.298	0.365
sivadharmottara	rūpa	-0.193	0.380	-0.073	0.417	0.504
sivadharmottara	satatam	1.679	0.044	0.073	0.656	0.222
sivadharmottara	gaṇāḥ	-0.923	-0.079	0.073	0.000	0.435
sivadharmottara	divyam	1.750	-0.041	-0.072	0.596	0.226
sivadharmottara	catur	-0.135	0.535	-0.072	0.238	0.275
sivadharmottara	anena	1.659	0.043	0.071	0.537	0.201
sivadharmottara	ādibhiḥ	-0.119	0.564	-0.067	0.298	0.339
sivadharmottara	ratna	1.007	-0.067	-0.067	0.537	0.245
sivadharmottara	kaḥ	0.126	-0.531	-0.067	0.596	0.548
sivadharmottara	asmin	1.401	0.046	0.065	0.477	0.232
sivadharmottara	nāradaḥ	-0.553	-0.115	0.064	0.000	0.323
sivadharmottara	tīrtham	-0.214	0.296	-0.063	0.119	0.244
sivadharmottara	sahasra	-0.376	0.167	-0.063	0.179	0.289
sivadharmottara	param	0.112	0.558	0.063	1.133	1.043
sivadharmottara	pūjā	0.151	0.416	0.063	0.358	0.254
sivadharmottara	ādyāḥ	-0.112	0.559	-0.062	0.358	0.417
sivadharmottara	iha	-0.521	-0.117	0.061	0.775	1.150
sivadharmottara	tayā	-1.058	-0.057	0.061	0.000	0.321
sivadharmottara	sva	-0.165	0.358	-0.059	1.431	1.646
sivadharmottara	kṛtvā	0.613	0.096	0.059	2.027	1.433
sivadharmottara	anye	0.268	-0.218	-0.058	0.537	0.448
sivadharmottara	uttamam	0.390	0.147	0.057	0.417	0.318
sivadharmottara	ete	-0.438	0.130	-0.057	0.477	0.878
sivadharmottara	nadī	-0.373	0.152	-0.057	0.060	0.287
sivadharmottara	daitya	-0.683	-0.081	0.055	0.000	0.283
sivadharmottara	iti	-0.526	0.105	-0.055	3.040	5.396
sivadharmottara	śīghram	-0.128	-0.431	0.055	0.179	0.216
sivadharmottara	deva	-0.796	0.069	-0.055	0.894	1.522
sivadharmottara	dharmam	0.408	-0.133	-0.054	0.358	0.248
sivadharmottara	sākṣāt	-0.312	0.171	-0.053	0.179	0.371
sivadharmottara	devān	-1.098	-0.048	0.053	0.000	0.271
sivadharmottara	rakta	0.487	0.108	0.053	0.298	0.188
sivadharmottara	āha	-0.771	-0.068	0.052	0.000	0.536
sivadharmottara	ati	1.607	0.032	0.052	1.848	0.749
sivadharmottara	devānām	-0.294	0.172	-0.051	0.358	0.461
sivadharmottara	agniḥ	-0.296	0.168	-0.050	0.179	0.275
sivadharmottara	prāpya	0.314	-0.157	-0.049	0.537	0.430
sivadharmottara	padma	0.512	-0.096	-0.049	0.358	0.228
sivadharmottara	mad	-0.637	-0.077	0.049	0.060	0.557
sivadharmottara	candra	-0.347	0.140	-0.049	0.179	0.270
sivadharmottara	trayaḥ	-0.357	0.134	-0.048	0.179	0.281
sivadharmottara	yena	-0.511	-0.094	0.048	0.358	0.526
sivadharmottara	dānava	-0.239	-0.199	0.047	0.119	0.197
sivadharmottara	vyāsaḥ	-0.526	0.087	-0.046	0.000	0.225
sivadharmottara	ātma	0.124	0.369	0.046	0.954	0.823
sivadharmottara	sarvatas	0.758	-0.060	-0.045	0.477	0.282
sivadharmottara	tat	0.648	-0.070	-0.045	4.471	3.622
sivadharmottara	tāsām	-0.392	0.116	-0.045	0.119	0.278
sivadharmottara	samyak	-0.113	0.400	-0.045	0.238	0.272
sivadharmottara	aśva	-0.179	-0.250	0.045	0.179	0.245
sivadharmottara	muniḥ	-0.623	0.068	-0.042	0.119	0.413
sivadharmottara	hi	-1.053	-0.040	0.042	2.027	4.218
sivadharmottara	tasyāḥ	-1.070	-0.039	0.042	0.060	0.384
sivadharmottara	daśa	-0.142	0.294	-0.042	0.656	0.731
sivadharmottara	na	0.398	-0.104	-0.041	10.432	9.100
sivadharmottara	lokānām	0.385	0.107	0.041	0.298	0.224
sivadharmottara	nānā	0.776	-0.053	-0.041	1.311	0.639
sivadharmottara	bhūyas	-0.325	-0.126	0.041	0.298	0.418
sivadharmottara	śrīmān	-0.233	-0.175	0.041	0.179	0.263
sivadharmottara	etat	-0.551	-0.074	0.041	0.835	1.233
sivadharmottara	śrāddham	-0.213	0.190	-0.040	0.060	0.247
sivadharmottara	yasmāt	0.157	0.248	0.039	0.417	0.350
sivadharmottara	naraḥ	0.087	0.443	0.038	0.656	0.583
sivadharmottara	sama	-0.411	-0.093	0.038	0.179	0.265
sivadharmottara	yajña	-0.232	0.164	-0.038	0.358	0.437
sivadharmottara	yatra	-0.605	0.060	-0.036	0.417	0.870
sivadharmottara	tāni	-0.337	-0.100	0.034	0.238	0.309
sivadharmottara	ca	0.474	-0.070	-0.033	45.425	40.048
sivadharmottara	varṣa	0.248	0.134	0.033	0.537	0.441
sivadharmottara	imam	-0.138	-0.239	0.033	0.238	0.271
sivadharmottara	kālam	-0.243	-0.135	0.033	0.238	0.305
sivadharmottara	devi	-0.407	0.079	-0.032	0.000	0.284
sivadharmottara	kāla	-0.280	0.114	-0.032	0.477	0.589
sivadharmottara	kṛtam	-0.169	-0.187	0.032	0.596	0.676
sivadharmottara	duḥkha	0.171	-0.183	-0.031	0.358	0.310
sivadharmottara	bhagavān	-0.804	0.038	-0.031	0.179	1.181
sivadharmottara	tejaḥ	-0.823	0.038	-0.031	0.060	0.269
sivadharmottara	śāstra	0.151	0.205	0.031	0.238	0.204
sivadharmottara	cakra	-0.658	0.047	-0.031	0.060	0.222
sivadharmottara	jagat	0.089	0.341	0.030	0.537	0.494
sivadharmottara	śṛṇu	-0.255	0.115	-0.029	0.477	0.659
sivadharmottara	prabhuḥ	-0.483	-0.061	0.029	0.298	0.571
sivadharmottara	devīm	-0.250	0.117	-0.029	0.119	0.222
sivadharmottara	gṛham	1.221	-0.023	-0.028	0.417	0.198
sivadharmottara	sahasrāṇi	0.109	-0.260	-0.028	0.656	0.589
sivadharmottara	praṇamya	0.262	0.108	0.028	0.238	0.177
sivadharmottara	nā	0.558	-0.049	-0.028	0.477	0.300
sivadharmottara	tapaḥ	-0.477	0.058	-0.028	0.477	0.733
sivadharmottara	kṛṣṇa	-0.462	0.059	-0.027	0.238	0.617
sivadharmottara	yāni	-0.102	0.267	-0.027	0.238	0.261
sivadharmottara	mayam	-0.088	0.304	-0.027	0.238	0.259
sivadharmottara	yathā	0.199	-0.132	-0.026	2.623	2.401
sivadharmottara	yuga	-0.172	0.148	-0.025	0.179	0.236
sivadharmottara	āhuḥ	-0.082	0.299	-0.025	0.298	0.339
sivadharmottara	vāc	-0.675	0.036	-0.024	0.119	0.269
sivadharmottara	artham	1.438	0.017	0.024	1.908	1.015
sivadharmottara	śakti	0.121	0.191	0.023	0.238	0.205
sivadharmottara	rūpeṇa	-0.310	0.072	-0.022	0.179	0.364
sivadharmottara	tayoḥ	-0.394	-0.054	0.021	0.179	0.257
sivadharmottara	jātaḥ	-0.263	-0.079	0.021	0.179	0.240
sivadharmottara	tale	-0.327	-0.063	0.020	0.179	0.253
sivadharmottara	teṣām	-0.870	0.024	-0.020	0.835	1.733
sivadharmottara	sam	-0.135	0.148	-0.020	0.000	0.035
sivadharmottara	asura	-0.674	0.030	-0.020	0.060	0.337
sivadharmottara	dvija	-0.080	0.247	-0.020	0.358	0.407
sivadharmottara	jñātvā	0.359	0.055	0.020	0.537	0.384
sivadharmottara	patiḥ	-0.466	-0.042	0.020	0.119	0.232
sivadharmottara	nāga	0.065	-0.300	-0.019	0.238	0.224
sivadharmottara	yasya	-0.185	0.103	-0.019	0.477	0.565
sivadharmottara	api	0.141	0.132	0.019	6.975	6.684
sivadharmottara	bhūtāni	-0.465	0.040	-0.018	0.179	0.321
sivadharmottara	surāḥ	-0.433	0.041	-0.018	0.119	0.251
sivadharmottara	sukham	3.537	-0.005	-0.018	1.073	0.278
sivadharmottara	tena	-0.097	-0.180	0.018	1.252	1.319
sivadharmottara	gaṅgā	-0.253	0.069	-0.017	0.119	0.254
sivadharmottara	bhūtvā	-1.048	-0.017	0.017	0.060	0.466
sivadharmottara	yam	0.115	-0.151	-0.017	0.298	0.271
sivadharmottara	gatiḥ	-0.904	-0.019	0.017	0.060	0.246
sivadharmottara	sarvāṇi	0.102	-0.164	-0.017	0.238	0.220
sivadharmottara	nāma	-0.571	-0.029	0.017	0.835	1.454
sivadharmottara	a	0.170	-0.095	-0.016	1.848	1.630
sivadharmottara	viṣṇu	-0.029	0.545	-0.016	0.537	0.563
sivadharmottara	tāḥ	-0.124	-0.130	0.016	0.596	0.707
sivadharmottara	vinā	-0.093	0.172	-0.016	0.238	0.260
sivadharmottara	tatra	-0.366	-0.040	0.015	2.265	2.763
sivadharmottara	kāryam	0.564	-0.025	-0.014	0.596	0.372
sivadharmottara	śata	-0.159	-0.089	0.014	0.417	0.485
sivadharmottara	kāle	0.163	0.084	0.014	0.477	0.436
sivadharmottara	antare	-0.269	0.050	-0.013	0.119	0.308
sivadharmottara	ādau	0.022	0.603	0.013	0.238	0.232
sivadharmottara	yat	0.082	0.160	0.013	2.563	2.452
sivadharmottara	devāḥ	-0.766	-0.017	0.013	0.358	0.916
sivadharmottara	an	-0.420	-0.029	0.012	0.179	0.279
sivadharmottara	bhāryā	0.074	-0.165	-0.012	0.298	0.273
sivadharmottara	bhūtānām	-0.562	0.021	-0.012	0.238	0.513
sivadharmottara	gaṇa	-0.493	-0.022	0.011	0.119	0.250
sivadharmottara	uktam	-0.021	0.509	-0.011	0.298	0.306
sivadharmottara	viśeṣataḥ	0.060	0.165	0.010	0.298	0.274
sivadharmottara	prāha	-0.735	-0.013	0.010	0.060	0.366
sivadharmottara	kāmaḥ	-0.638	0.015	-0.010	0.000	0.259
sivadharmottara	śatam	0.038	0.242	0.009	0.537	0.519
sivadharmottara	vāyuḥ	-0.045	0.199	-0.009	0.298	0.320
sivadharmottara	svam	-0.029	-0.304	0.009	0.238	0.244
sivadharmottara	rājñaḥ	0.013	-0.562	-0.007	0.238	0.234
sivadharmottara	lakṣaṇam	0.014	0.521	0.007	0.238	0.234
sivadharmottara	prajāḥ	-0.300	-0.024	0.007	0.358	0.614
sivadharmottara	yadi	-0.024	-0.256	0.006	0.596	0.609
sivadharmottara	śiraḥ	0.495	-0.011	-0.006	0.417	0.285
sivadharmottara	sarvam	-0.119	0.043	-0.005	0.954	1.022
sivadharmottara	īśvaram	-0.053	0.093	-0.005	0.238	0.254
sivadharmottara	pitṛ	0.023	0.213	0.005	0.417	0.407
sivadharmottara	brāhmaṇa	0.135	0.031	0.004	0.238	0.206
sivadharmottara	madhye	-0.028	0.132	-0.004	0.358	0.367
sivadharmottara	sukha	0.113	0.033	0.004	0.358	0.326
sivadharmottara	ātmānam	-0.455	-0.007	0.003	0.358	0.607
sivadharmottara	kālaḥ	-0.103	0.031	-0.003	0.298	0.329
sivadharmottara	divya	-0.418	0.007	-0.003	0.179	0.282
sivadharmottara	pṛthak	0.017	0.165	0.003	0.358	0.352
sivadharmottara	kanyā	-0.487	0.006	-0.003	0.119	0.266
sivadharmottara	mārkaṇḍeyaḥ	-0.286	0.009	-0.003	0.000	0.312
sivadharmottara	sura	-0.589	0.004	-0.002	0.238	0.482
sivadharmottara	manaḥ	-0.036	0.065	-0.002	0.596	0.620
sivadharmottara	dharmaḥ	-0.682	0.002	-0.002	0.119	0.330
sivadharmottara	ātmanaḥ	-0.016	-0.072	0.001	0.596	0.606
sivadharmottara	ekaḥ	-0.322	-0.003	0.001	0.238	0.331
sivadharmottara	svayam	0.005	0.179	0.001	0.656	0.654
sivadharmottara	jajñe	-0.585	-0.001	0.000	0.000	0.300
sivadharmottara	evam	0.428	-0.001	-0.000	3.040	2.622
mbh_15-18_block	rājā	4.326	-0.625	-2.704	7.851	1.251
mbh_15-18_block	kuru	4.274	-0.555	-2.372	2.540	0.404
mbh_15-18_block	rājñaḥ	3.585	-0.562	-2.014	1.328	0.234
mbh_15-18_block	rāja	2.510	-0.656	-1.646	3.810	1.018
mbh_15-18_block	rājānam	2.599	-0.603	-1.567	1.386	0.298
mbh_15-18_block	sa	2.149	-0.698	-1.500	13.162	7.531
mbh_15-18_block	vaiśaṃpāyanaḥ	2.995	-0.465	-1.394	3.752	0.383
mbh_15-18_block	te	2.358	-0.571	-1.346	9.468	4.829
mbh_15-18_block	uktaḥ	2.705	-0.489	-1.324	1.212	0.354
mbh_15-18_block	śreṣṭhaḥ	2.289	-0.577	-1.322	0.693	0.213
mbh_15-18_block	ayam	2.336	-0.533	-1.244	2.771	1.094
mbh_15-18_block	śoka	2.485	-0.492	-1.223	1.790	0.331
mbh_15-18_block	vīra	1.693	-0.702	-1.189	0.924	0.275
mbh_15-18_block	adya	1.523	-0.766	-1.166	1.616	0.587
mbh_15-18_block	dadarśa	1.860	-0.583	-1.085	1.328	0.320
mbh_15-18_block	tadā	1.921	-0.559	-1.074	5.946	2.713
mbh_15-18_block	rājan	1.766	-0.605	-1.068	3.175	0.939
mbh_15-18_block	tejāḥ	2.242	-0.475	-1.065	1.386	0.310
mbh_15-18_block	prati	1.791	-0.582	-1.042	0.866	0.324
mbh_15-18_block	saha	1.590	-0.599	-0.952	2.482	1.290
mbh_15-18_block	tān	1.334	-0.690	-0.920	1.847	1.068
mbh_15-18_block	yudhiṣṭhiraḥ	2.336	-0.389	-0.908	3.233	0.379
mbh_15-18_block	idam	1.891	-0.470	-0.889	3.175	1.509
mbh_15-18_block	vanam	1.724	-0.505	-0.871	0.866	0.281
mbh_15-18_block	yayau	1.994	-0.420	-0.838	0.866	0.265
mbh_15-18_block	vacaḥ	1.352	-0.617	-0.835	1.212	0.558
mbh_15-18_block	putra	2.213	-0.375	-0.830	2.021	0.658
mbh_15-18_block	āsa	1.665	-0.496	-0.827	1.963	0.526
mbh_15-18_block	gatāḥ	2.976	-0.274	-0.816	1.097	0.312
mbh_15-18_block	cit	2.466	-0.322	-0.794	2.309	0.447
mbh_15-18_block	iyam	2.553	-0.293	-0.748	1.443	0.440
mbh_15-18_block	sarvān	1.217	-0.612	-0.745	1.039	0.526
mbh_15-18_block	tam	0.940	-0.783	-0.736	4.272	2.946
mbh_15-18_block	nara	1.432	-0.513	-0.735	1.155	0.443
mbh_15-18_block	śrutvā	1.128	-0.647	-0.730	2.078	1.088
mbh_15-18_block	uktvā	1.135	-0.625	-0.710	0.924	0.466
mbh_15-18_block	vaḥ	2.068	-0.341	-0.704	1.155	0.399
mbh_15-18_block	tvayā	1.096	-0.626	-0.686	1.501	0.818
mbh_15-18_block	tava	1.155	-0.591	-0.683	2.021	1.080
mbh_15-18_block	lokān	1.819	-0.358	-0.652	0.981	0.331
mbh_15-18_block	nṛpaḥ	3.017	-0.213	-0.643	1.270	0.248
mbh_15-18_block	cakre	1.551	-0.413	-0.641	0.750	0.304
mbh_15-18_block	abravīt	0.935	-0.675	-0.631	1.905	0.893
mbh_15-18_block	tad	-1.040	0.602	-0.625	0.231	2.296
mbh_15-18_block	bhārata	1.681	-0.371	-0.623	1.732	0.404
mbh_15-18_block	mā	1.114	-0.553	-0.617	1.097	0.529
mbh_15-18_block	tatas	1.143	-0.531	-0.607	8.717	5.687
mbh_15-18_block	dharma	2.214	-0.274	-0.606	3.175	1.283
mbh_15-18_block	puruṣa	1.520	-0.396	-0.601	1.212	0.451
mbh_15-18_block	brahma	-0.940	0.627	-0.590	0.231	1.338
mbh_15-18_block	imām	1.164	-0.506	-0.589	0.693	0.314
mbh_15-18_block	mahān	1.347	-0.434	-0.584	0.866	0.442
mbh_15-18_block	mahā	0.849	-0.686	-0.582	9.814	6.417
mbh_15-18_block	param	-1.021	0.558	-0.569	0.231	1.043
mbh_15-18_block	putram	0.887	-0.631	-0.560	0.693	0.337
mbh_15-18_block	jagāma	0.882	-0.629	-0.554	0.693	0.370
mbh_15-18_block	ādi	-0.693	0.793	-0.550	0.000	1.268
mbh_15-18_block	vākyam	0.981	-0.554	-0.544	1.270	0.578
mbh_15-18_block	eka	-0.957	0.559	-0.535	0.173	0.584
mbh_15-18_block	ekam	-1.175	0.449	-0.528	0.058	0.331
mbh_15-18_block	sarva	-1.272	0.414	-0.527	1.270	3.660
mbh_15-18_block	sarvāḥ	1.896	-0.274	-0.519	1.039	0.437
mbh_15-18_block	rājyam	1.105	-0.467	-0.516	0.750	0.338
mbh_15-18_block	proktam	-0.861	0.586	-0.505	0.000	0.204
mbh_15-18_block	sārdham	1.253	-0.400	-0.502	0.520	0.222
mbh_15-18_block	tāta	0.977	-0.510	-0.498	0.693	0.334
mbh_15-18_block	jāyate	-0.814	0.607	-0.494	0.000	0.338
mbh_15-18_block	ha	0.884	-0.557	-0.492	1.270	0.686
mbh_15-18_block	me	1.114	-0.437	-0.487	2.887	1.715
mbh_15-18_block	ādau	-0.801	0.603	-0.483	0.000	0.232
mbh_15-18_block	mayā	1.184	-0.397	-0.471	2.425	1.364
mbh_15-18_block	jñāna	-0.669	0.692	-0.463	0.115	0.557
mbh_15-18_block	asya	1.163	-0.395	-0.460	1.501	0.890
mbh_15-18_block	smṛtam	-0.780	0.576	-0.450	0.000	0.313
mbh_15-18_block	janma	-1.069	0.416	-0.444	0.000	0.283
mbh_15-18_block	ādyāḥ	-0.785	0.559	-0.438	0.000	0.417
mbh_15-18_block	sūrya	-1.152	0.380	-0.438	0.000	0.362
mbh_15-18_block	abhavat	0.837	-0.523	-0.437	1.328	0.647
mbh_15-18_block	tvām	0.629	-0.693	-0.435	0.981	0.636
mbh_15-18_block	vacanam	0.767	-0.566	-0.434	0.924	0.498
mbh_15-18_block	lakṣaṇam	-0.812	0.521	-0.423	0.000	0.234
mbh_15-18_block	jñānam	-0.616	0.683	-0.421	0.000	0.495
mbh_15-18_block	mām	0.738	-0.565	-0.417	1.790	1.129
mbh_15-18_block	kṛta	1.311	-0.317	-0.416	1.212	0.664
mbh_15-18_block	rūpam	-1.344	0.303	-0.407	0.000	0.710
mbh_15-18_block	tri	-0.715	0.560	-0.401	0.058	0.398
mbh_15-18_block	smṛtaḥ	-0.757	0.523	-0.396	0.000	0.636
mbh_15-18_block	sapta	-1.031	0.382	-0.394	0.000	0.659
mbh_15-18_block	varṇa	-0.887	0.442	-0.392	0.000	0.285
mbh_15-18_block	nṛpa	1.166	-0.335	-0.391	1.732	0.707
mbh_15-18_block	yāti	-0.767	0.509	-0.390	0.058	0.296
mbh_15-18_block	putraḥ	0.886	-0.440	-0.390	1.501	0.697
mbh_15-18_block	asmi	0.804	-0.483	-0.388	0.577	0.327
mbh_15-18_block	kim	0.866	-0.445	-0.385	2.367	1.420
mbh_15-18_block	bhavati	-0.860	0.448	-0.385	0.058	0.294
mbh_15-18_block	ucyate	-0.729	0.521	-0.380	0.000	0.425
mbh_15-18_block	vayam	0.648	-0.579	-0.376	0.577	0.349
mbh_15-18_block	sarve	1.033	-0.363	-0.375	2.482	1.616
mbh_15-18_block	hatvā	-0.755	-0.492	0.372	0.000	0.251
mbh_15-18_block	mama	0.772	-0.479	-0.370	2.136	1.440
mbh_15-18_block	bhavet	-0.667	0.554	-0.370	0.231	0.856
mbh_15-18_block	svam	1.211	-0.304	-0.368	0.462	0.244
mbh_15-18_block	sma	0.629	-0.581	-0.365	0.520	0.301
mbh_15-18_block	duḥkha	1.979	-0.183	-0.362	0.866	0.310
mbh_15-18_block	gatim	1.812	-0.195	-0.353	0.808	0.306
mbh_15-18_block	dṛṣṭvā	0.545	-0.642	-0.349	2.656	1.951
mbh_15-18_block	kramāt	-0.591	0.584	-0.345	0.000	0.187
mbh_15-18_block	eṣa	0.823	-0.418	-0.344	1.386	0.874
mbh_15-18_block	mayam	-1.126	0.304	-0.343	0.000	0.259
mbh_15-18_block	padam	-0.746	0.459	-0.342	0.058	0.365
mbh_15-18_block	asi	0.570	-0.599	-0.342	0.866	0.549
mbh_15-18_block	viṣṇu	-0.626	0.545	-0.341	0.000	0.563
mbh_15-18_block	katham	1.007	-0.336	-0.339	1.270	0.766
mbh_15-18_block	aham	0.819	-0.413	-0.338	3.752	2.578
mbh_15-18_block	brahmā	-0.761	0.443	-0.337	0.000	0.575
mbh_15-18_block	viṣṇuḥ	-0.986	0.342	-0.337	0.000	0.626
mbh_15-18_block	uktam	-0.662	0.509	-0.337	0.058	0.306
mbh_15-18_block	yatas	-1.076	0.311	-0.335	0.000	0.358
mbh_15-18_block	tasmāt	-0.923	0.356	-0.328	0.520	1.467
mbh_15-18_block	namaḥ	-0.627	0.523	-0.328	0.115	1.344
mbh_15-18_block	aṣṭa	-0.626	0.522	-0.327	0.058	0.242
mbh_15-18_block	sat	-0.799	0.405	-0.324	0.058	0.305
mbh_15-18_block	pitā	1.240	-0.261	-0.323	0.577	0.261
mbh_15-18_block	snānam	-0.603	0.534	-0.322	0.000	0.173
mbh_15-18_block	devaḥ	-0.967	0.330	-0.319	0.058	0.489
mbh_15-18_block	enam	0.481	-0.655	-0.315	0.520	0.336
mbh_15-18_block	catur	-0.588	0.535	-0.314	0.115	0.275
mbh_15-18_block	agni	-0.846	0.371	-0.314	0.173	0.372
mbh_15-18_block	varaḥ	0.588	-0.519	-0.305	0.404	0.273
mbh_15-18_block	bhūta	-1.082	0.282	-0.305	0.115	0.640
mbh_15-18_block	paraḥ	-0.527	0.573	-0.302	0.173	0.349
mbh_15-18_block	bhaktyā	-0.810	0.371	-0.300	0.000	0.314
mbh_15-18_block	ādikam	-0.577	0.518	-0.299	0.000	0.171
mbh_15-18_block	pravakṣyāmi	-0.697	0.423	-0.295	0.000	0.238
mbh_15-18_block	kuryāt	-0.541	0.537	-0.291	0.058	0.435
mbh_15-18_block	ṣaṣ	-0.511	0.565	-0.289	0.115	0.245
mbh_15-18_block	āsīt	0.486	-0.593	-0.288	0.924	0.660
mbh_15-18_block	uvāca	0.797	-0.360	-0.287	7.505	4.871
mbh_15-18_block	īśvara	-0.906	0.316	-0.286	0.000	0.234
mbh_15-18_block	gṛhītvā	-1.007	-0.281	0.283	0.000	0.180
mbh_15-18_block	dam	-0.711	0.397	-0.282	0.000	0.210
mbh_15-18_block	satyam	-1.296	0.216	-0.280	0.000	0.256
mbh_15-18_block	brahmaṇaḥ	-0.671	0.416	-0.279	0.058	0.390
mbh_15-18_block	kāraṇam	-0.809	0.343	-0.278	0.115	0.361
mbh_15-18_block	pūjayet	-0.530	0.522	-0.277	0.000	0.186
mbh_15-18_block	viṣṇoḥ	-0.847	0.323	-0.273	0.000	0.380
mbh_15-18_block	jagat	-0.795	0.341	-0.271	0.115	0.494
mbh_15-18_block	sarveṣām	1.950	0.139	0.270	1.212	0.502
mbh_15-18_block	bala	0.572	-0.462	-0.264	0.520	0.358
mbh_15-18_block	guṇa	-0.690	0.373	-0.257	0.173	0.683
mbh_15-18_block	diśaḥ	-0.615	-0.418	0.257	0.115	0.284
mbh_15-18_block	samam	-0.858	0.299	-0.257	0.058	0.234
mbh_15-18_block	devatāḥ	-0.830	0.309	-0.256	0.058	0.238
mbh_15-18_block	bhṛśam	0.536	-0.468	-0.251	0.462	0.295
mbh_15-18_block	veda	-0.502	0.497	-0.250	0.346	0.587
mbh_15-18_block	bhavān	0.737	-0.335	-0.247	0.577	0.330
mbh_15-18_block	yāni	-0.920	0.267	-0.246	0.058	0.261
mbh_15-18_block	māyā	-0.677	0.361	-0.244	0.058	0.382
mbh_15-18_block	pañca	-0.628	0.384	-0.241	0.404	0.765
mbh_15-18_block	kecid	-0.646	0.372	-0.240	0.000	0.265
mbh_15-18_block	kṛtam	1.250	-0.187	-0.233	1.270	0.676
mbh_15-18_block	smṛtāḥ	-0.584	0.396	-0.231	0.000	0.554
mbh_15-18_block	ātma	-0.618	0.369	-0.228	0.173	0.823
mbh_15-18_block	dadyāt	-0.575	0.390	-0.225	0.000	0.331
mbh_15-18_block	pāda	-0.408	0.533	-0.217	0.231	0.408
mbh_15-18_block	ādayaḥ	0.473	0.457	0.216	0.693	0.467
mbh_15-18_block	balam	0.354	-0.608	-0.215	0.520	0.385
mbh_15-18_block	tau	-0.363	-0.591	0.214	0.289	0.437
mbh_15-18_block	daśa	-0.726	0.294	-0.214	0.346	0.731
mbh_15-18_block	āyuḥ	-0.747	0.285	-0.213	0.058	0.195
mbh_15-18_block	kāma	-1.132	0.188	-0.212	0.115	0.597
mbh_15-18_block	ādyaiḥ	-0.462	0.457	-0.211	0.058	0.181
mbh_15-18_block	aṅga	-0.842	0.250	-0.211	0.000	0.291
mbh_15-18_block	samyak	-0.526	0.400	-0.210	0.115	0.272
mbh_15-18_block	koṭi	-0.409	0.511	-0.209	0.000	0.327
mbh_15-18_block	dvijāḥ	-0.638	0.325	-0.207	0.058	0.327
mbh_15-18_block	rudra	-0.375	0.551	-0.207	0.115	0.274
mbh_15-18_block	āśu	-0.872	-0.232	0.203	0.058	0.343
mbh_15-18_block	tā	-0.508	0.393	-0.199	0.115	0.267
mbh_15-18_block	atas	-0.463	0.427	-0.198	0.231	0.491
mbh_15-18_block	sahasraśas	0.402	-0.491	-0.197	0.462	0.314
mbh_15-18_block	paramam	-0.667	0.296	-0.197	0.115	0.375
mbh_15-18_block	bhaviṣyati	-0.742	-0.265	0.197	0.115	0.411
mbh_15-18_block	imam	0.806	-0.239	-0.193	0.462	0.271
mbh_15-18_block	mahat	0.399	-0.483	-0.193	0.635	0.498
mbh_15-18_block	śiva	-0.348	0.545	-0.190	0.000	0.901
mbh_15-18_block	tvāt	-0.461	0.411	-0.189	0.058	0.422
mbh_15-18_block	uttamam	-1.247	0.147	-0.183	0.000	0.318
mbh_15-18_block	yajña	-1.111	0.164	-0.182	0.058	0.437
mbh_15-18_block	rūpa	-0.480	0.380	-0.182	0.289	0.504
mbh_15-18_block	kula	0.943	-0.191	-0.180	0.462	0.251
mbh_15-18_block	dāna	-0.509	0.351	-0.179	0.058	0.174
mbh_15-18_block	śrī	-0.534	0.331	-0.177	0.000	1.300
mbh_15-18_block	īśvaraḥ	-0.959	0.183	-0.175	0.058	0.528
mbh_15-18_block	phalam	-0.420	0.416	-0.175	0.289	0.707
mbh_15-18_block	guru	0.524	0.332	0.174	0.404	0.257
mbh_15-18_block	phala	-0.375	0.460	-0.172	0.231	0.392
mbh_15-18_block	prāṇa	-0.651	0.264	-0.172	0.058	0.258
mbh_15-18_block	āhuḥ	-0.568	0.299	-0.170	0.058	0.339
mbh_15-18_block	bhava	-1.194	0.142	-0.169	0.000	0.241
mbh_15-18_block	yaḥ	-0.399	0.417	-0.166	2.136	2.752
mbh_15-18_block	nṛṇām	-0.527	0.313	-0.165	0.058	0.275
mbh_15-18_block	gṛhe	-0.643	0.255	-0.164	0.058	0.193
mbh_15-18_block	devam	-0.815	0.201	-0.164	0.000	0.366
mbh_15-18_block	dānam	-0.418	0.389	-0.163	0.115	0.317
mbh_15-18_block	dvādaśa	-0.462	0.351	-0.162	0.173	0.327
mbh_15-18_block	anye	0.741	-0.218	-0.162	0.693	0.448
mbh_15-18_block	viprāḥ	-0.599	0.265	-0.159	0.058	0.216
mbh_15-18_block	vā	-0.423	0.369	-0.156	2.194	3.198
mbh_15-18_block	śara	-0.278	-0.560	0.156	0.115	0.288
mbh_15-18_block	naraḥ	-0.351	0.443	-0.155	0.289	0.583
mbh_15-18_block	vyāsaḥ	1.769	0.087	0.155	0.981	0.225
mbh_15-18_block	syāt	-0.371	0.416	-0.154	0.346	0.697
mbh_15-18_block	pūjā	-0.371	0.416	-0.154	0.000	0.254
mbh_15-18_block	yāvat	-0.385	0.391	-0.150	0.289	0.424
mbh_15-18_block	śaraṇam	-0.790	-0.189	0.149	0.058	0.271
mbh_15-18_block	pitaraḥ	-0.448	0.332	-0.149	0.058	0.246
mbh_15-18_block	balaḥ	-0.254	-0.586	0.149	0.231	0.318
mbh_15-18_block	kṛt	-0.753	0.196	-0.147	0.058	0.205
mbh_15-18_block	puṇyam	-0.350	0.420	-0.147	0.231	0.481
mbh_15-18_block	śubham	-0.563	0.257	-0.144	0.115	0.258
mbh_15-18_block	indra	0.427	-0.337	-0.144	0.693	0.500
mbh_15-18_block	raṇe	-0.226	-0.631	0.143	0.173	0.358
mbh_15-18_block	ratha	0.271	-0.525	-0.142	0.404	0.269
mbh_15-18_block	śakti	-0.743	0.191	-0.142	0.000	0.205
mbh_15-18_block	strī	1.364	0.104	0.141	0.693	0.344
mbh_15-18_block	śakra	-0.359	-0.393	0.141	0.115	0.199
mbh_15-18_block	pṛthivī	1.167	-0.120	-0.141	0.520	0.238
mbh_15-18_block	dvija	-0.568	0.247	-0.140	0.058	0.407
mbh_15-18_block	liṅgam	-0.347	0.402	-0.140	0.000	0.195
mbh_15-18_block	karma	-0.589	0.233	-0.137	0.404	0.744
mbh_15-18_block	kila	-0.644	-0.213	0.137	0.058	0.194
mbh_15-18_block	yasmāt	-0.548	0.248	-0.136	0.115	0.350
mbh_15-18_block	mudā	-0.697	-0.193	0.135	0.000	0.178
mbh_15-18_block	kālam	0.990	-0.135	-0.133	0.577	0.305
mbh_15-18_block	vara	-0.424	-0.314	0.133	0.404	0.561
mbh_15-18_block	ṛṣi	0.698	-0.191	-0.133	0.577	0.332
mbh_15-18_block	śāstra	-0.649	0.205	-0.133	0.058	0.204
mbh_15-18_block	sahasra	-0.790	0.167	-0.132	0.058	0.289
mbh_15-18_block	trayaḥ	-0.985	0.134	-0.132	0.000	0.281
mbh_15-18_block	tasya	-0.922	-0.142	0.131	1.328	2.843
mbh_15-18_block	sahasrāṇi	-0.491	-0.260	0.128	0.289	0.589
mbh_15-18_block	śivam	-0.426	0.297	-0.127	0.058	0.269
mbh_15-18_block	gataḥ	-0.402	-0.312	0.126	0.346	0.520
mbh_15-18_block	om	-0.264	0.474	-0.125	0.000	0.306
mbh_15-18_block	tām	-0.218	-0.572	0.125	1.443	1.631
mbh_15-18_block	tīrtham	-0.419	0.296	-0.124	0.000	0.244
mbh_15-18_block	lokānām	-1.155	0.107	-0.123	0.000	0.224
mbh_15-18_block	śivaḥ	-0.379	0.325	-0.123	0.058	0.269
mbh_15-18_block	varam	-0.301	-0.408	0.123	0.289	0.404
mbh_15-18_block	dānava	-0.606	-0.199	0.121	0.000	0.197
mbh_15-18_block	śatam	-0.494	0.242	-0.120	0.289	0.519
mbh_15-18_block	kaḥ	-0.225	-0.531	0.119	0.462	0.548
mbh_15-18_block	saṃśayaḥ	-0.556	0.212	-0.118	0.289	0.591
mbh_15-18_block	puṣpa	-0.956	0.123	-0.118	0.000	0.356
mbh_15-18_block	bahu	0.366	-0.321	-0.118	0.635	0.501
mbh_15-18_block	tu	-0.512	0.229	-0.117	6.697	9.619
mbh_15-18_block	vidyā	-0.253	0.461	-0.117	0.173	0.256
mbh_15-18_block	candra	-0.811	0.140	-0.114	0.058	0.270
mbh_15-18_block	snātvā	-0.359	0.316	-0.113	0.058	0.335
mbh_15-18_block	devānām	-0.656	0.172	-0.113	0.231	0.461
mbh_15-18_block	tvam	-0.248	-0.453	0.112	2.309	2.631
mbh_15-18_block	yānti	-0.411	0.271	-0.112	0.115	0.243
mbh_15-18_block	aṣṭau	-0.485	0.230	-0.112	0.115	0.226
mbh_15-18_block	mahātmanaḥ	-0.232	-0.478	0.111	0.289	0.366
mbh_15-18_block	go	-0.557	0.198	-0.110	0.115	0.268
mbh_15-18_block	śaraiḥ	-0.199	-0.551	0.109	0.115	0.257
mbh_15-18_block	naḥ	0.220	-0.495	-0.109	0.866	0.714
mbh_15-18_block	ādāya	-0.240	-0.449	0.108	0.231	0.295
mbh_15-18_block	kāmam	-0.501	-0.213	0.107	0.115	0.203
mbh_15-18_block	dharmam	0.794	-0.133	-0.106	0.462	0.248
mbh_15-18_block	rāmaḥ	-0.327	-0.320	0.105	0.115	0.398
mbh_15-18_block	babhūva	0.205	-0.507	-0.104	0.346	0.288
mbh_15-18_block	yā	-0.267	0.386	-0.103	0.462	0.619
mbh_15-18_block	vratam	-0.521	0.197	-0.102	0.058	0.164
mbh_15-18_block	nāmnā	-0.839	0.121	-0.101	0.000	0.283
mbh_15-18_block	indraḥ	-0.452	-0.223	0.101	0.115	0.290
mbh_15-18_block	ṛṣiḥ	0.387	-0.258	-0.100	0.462	0.282
mbh_15-18_block	sutaḥ	-0.319	-0.314	0.100	0.289	0.509
mbh_15-18_block	sādhu	0.294	-0.340	-0.100	0.404	0.298
mbh_15-18_block	bhaya	-0.454	-0.218	0.099	0.173	0.270
mbh_15-18_block	taiḥ	0.757	-0.129	-0.098	0.693	0.425
mbh_15-18_block	hariḥ	-0.644	0.150	-0.096	0.058	0.422
mbh_15-18_block	puruṣaḥ	-0.451	0.211	-0.095	0.173	0.370
mbh_15-18_block	āgataḥ	-0.622	-0.152	0.095	0.058	0.198
mbh_15-18_block	hareḥ	-0.515	0.183	-0.094	0.000	0.230
mbh_15-18_block	śubha	-0.654	0.144	-0.094	0.058	0.276
mbh_15-18_block	varṣa	-0.698	0.134	-0.093	0.173	0.441
mbh_15-18_block	atra	-0.389	0.237	-0.092	0.750	1.010
mbh_15-18_block	eva	0.401	0.230	0.092	11.604	9.926
mbh_15-18_block	tāḥ	0.693	-0.130	-0.090	1.328	0.707
mbh_15-18_block	sutāḥ	-0.549	-0.164	0.090	0.058	0.298
mbh_15-18_block	śuciḥ	-0.283	0.315	-0.089	0.173	0.245
mbh_15-18_block	śata	-1.009	-0.089	0.089	0.058	0.485
mbh_15-18_block	loka	-0.691	0.128	-0.088	0.404	0.715
mbh_15-18_block	aśva	-0.352	-0.250	0.088	0.115	0.245
mbh_15-18_block	tvad	-0.458	-0.192	0.088	0.173	0.307
mbh_15-18_block	annam	-0.287	0.306	-0.088	0.115	0.233
mbh_15-18_block	sva	-0.244	0.358	-0.087	1.328	1.646
mbh_15-18_block	pitṛ	-0.390	0.213	-0.083	0.231	0.407
mbh_15-18_block	kṛtaḥ	0.243	-0.342	-0.083	0.346	0.290
mbh_15-18_block	vat	0.490	0.169	0.083	0.693	0.498
mbh_15-18_block	ādibhiḥ	-0.146	0.564	-0.083	0.289	0.339
mbh_15-18_block	ṛṣayaḥ	-0.746	0.111	-0.082	0.173	0.635
mbh_15-18_block	jala	-0.268	0.307	-0.082	0.173	0.241
mbh_15-18_block	madhye	-0.619	0.132	-0.082	0.173	0.367
mbh_15-18_block	tasyām	-0.703	-0.113	0.079	0.058	0.258
mbh_15-18_block	yuga	-0.537	0.148	-0.079	0.058	0.236
mbh_15-18_block	pūrvam	0.503	-0.157	-0.079	0.981	0.751
mbh_15-18_block	tejasā	0.157	-0.504	-0.079	0.346	0.305
mbh_15-18_block	viṣṇum	-0.503	0.157	-0.079	0.058	0.229
mbh_15-18_block	ca	1.111	-0.070	-0.078	52.650	40.048
mbh_15-18_block	satya	0.253	-0.307	-0.078	0.462	0.366
mbh_15-18_block	eṣā	0.823	-0.093	-0.077	0.635	0.352
mbh_15-18_block	tapasā	0.604	-0.127	-0.077	0.520	0.328
mbh_15-18_block	hā	-0.277	-0.276	0.076	0.173	0.233
mbh_15-18_block	saḥ	-0.627	-0.121	0.076	1.039	1.558
mbh_15-18_block	yasya	-0.701	0.103	-0.072	0.231	0.565
mbh_15-18_block	artha	-0.148	0.485	-0.072	0.462	0.518
mbh_15-18_block	vai	-0.571	0.124	-0.071	1.790	3.108
mbh_15-18_block	sākṣāt	-0.414	0.171	-0.071	0.115	0.371
mbh_15-18_block	ante	0.162	0.434	0.070	0.462	0.408
mbh_15-18_block	lokam	-0.529	0.133	-0.070	0.115	0.282
mbh_15-18_block	tāvat	0.375	0.186	0.070	0.404	0.313
mbh_15-18_block	prāpya	0.433	-0.157	-0.068	0.577	0.430
mbh_15-18_block	pūrva	-0.131	0.516	-0.068	0.346	0.387
mbh_15-18_block	cakāra	-0.153	-0.435	0.066	0.289	0.344
mbh_15-18_block	svayam	0.365	0.179	0.065	0.808	0.654
mbh_15-18_block	yoga	0.239	0.273	0.065	0.750	0.556
mbh_15-18_block	bhūyas	-0.507	-0.126	0.064	0.231	0.418
mbh_15-18_block	gaṇāḥ	-0.800	-0.079	0.063	0.058	0.435
mbh_15-18_block	sarvāṇi	0.386	-0.164	-0.063	0.289	0.220
mbh_15-18_block	yam	-0.417	-0.151	0.063	0.173	0.271
mbh_15-18_block	tat	0.893	-0.070	-0.063	4.792	3.622
mbh_15-18_block	dattvā	-0.439	0.141	-0.062	0.115	0.268
mbh_15-18_block	vāyuḥ	-0.304	0.199	-0.060	0.173	0.320
mbh_15-18_block	dadau	0.194	-0.311	-0.060	0.346	0.284
mbh_15-18_block	ete	-0.455	0.130	-0.059	0.462	0.878
mbh_15-18_block	tena	-0.322	-0.180	0.058	1.097	1.319
mbh_15-18_block	muni	-0.233	0.244	-0.057	0.404	0.574
mbh_15-18_block	daitya	-0.683	-0.081	0.055	0.000	0.283
mbh_15-18_block	mahī	0.327	-0.167	-0.055	0.289	0.228
mbh_15-18_block	bhīṣmaḥ	-0.186	-0.291	0.054	0.058	0.170
mbh_15-18_block	ūcuḥ	-0.531	-0.100	0.053	0.289	0.535
mbh_15-18_block	api	0.400	0.132	0.053	7.505	6.684
mbh_15-18_block	nityam	-0.163	0.318	-0.052	0.693	0.810
mbh_15-18_block	purā	0.296	-0.168	-0.050	0.924	0.789
mbh_15-18_block	vipra	-0.214	0.233	-0.050	0.231	0.303
mbh_15-18_block	kāle	-0.582	0.084	-0.049	0.289	0.436
mbh_15-18_block	paścāt	-0.229	0.205	-0.047	0.173	0.228
mbh_15-18_block	sthānam	0.118	0.394	0.046	0.462	0.401
mbh_15-18_block	mune	-0.318	0.145	-0.046	0.173	0.387
mbh_15-18_block	punar	0.729	-0.062	-0.045	3.348	2.418
mbh_15-18_block	manasā	-0.329	0.137	-0.045	0.231	0.320
mbh_15-18_block	kṛtvā	-0.467	0.096	-0.045	0.981	1.433
mbh_15-18_block	ātmā	0.223	-0.197	-0.044	1.155	1.005
mbh_15-18_block	rūpeṇa	-0.610	0.072	-0.044	0.000	0.364
mbh_15-18_block	śrīmān	-0.249	-0.175	0.044	0.173	0.263
mbh_15-18_block	ye	0.126	0.345	0.043	1.905	1.766
mbh_15-18_block	asau	-0.298	0.146	-0.043	0.462	0.621
mbh_15-18_block	jātaḥ	-0.533	-0.079	0.042	0.115	0.240
mbh_15-18_block	sā	-0.690	-0.061	0.042	0.981	1.869
mbh_15-18_block	śrāddham	-0.215	0.190	-0.041	0.058	0.247
mbh_15-18_block	teṣu	-0.437	0.092	-0.040	0.173	0.298
mbh_15-18_block	anyat	-0.287	0.139	-0.040	0.173	0.237
mbh_15-18_block	parama	-0.127	-0.311	0.039	0.520	0.570
mbh_15-18_block	gatvā	0.141	-0.280	-0.039	0.462	0.416
mbh_15-18_block	sarvatas	-0.648	-0.060	0.039	0.115	0.282
mbh_15-18_block	tayā	-0.677	-0.057	0.039	0.115	0.321
mbh_15-18_block	tāni	-0.373	-0.100	0.037	0.231	0.309
mbh_15-18_block	bhāryā	0.220	-0.165	-0.036	0.346	0.273
mbh_15-18_block	tathā	-0.107	0.326	-0.035	6.928	7.313
mbh_15-18_block	tasyāḥ	-0.886	-0.039	0.035	0.115	0.384
mbh_15-18_block	rakta	-0.320	0.108	-0.035	0.115	0.188
mbh_15-18_block	kṛṣṇaḥ	0.197	-0.168	-0.033	0.520	0.382
mbh_15-18_block	karmaṇā	0.182	-0.179	-0.033	0.346	0.302
mbh_15-18_block	devi	-0.407	0.079	-0.032	0.000	0.284
mbh_15-18_block	puṇya	0.148	0.218	0.032	0.520	0.449
mbh_15-18_block	duḥkham	0.595	-0.053	-0.032	0.404	0.215
mbh_15-18_block	sadā	0.068	0.457	0.031	1.212	1.143
mbh_15-18_block	tejaḥ	-0.831	0.038	-0.031	0.058	0.269
mbh_15-18_block	yadā	-0.286	0.107	-0.031	0.462	0.595
mbh_15-18_block	pāpa	-0.072	0.409	-0.030	0.635	0.687
mbh_15-18_block	na	0.282	-0.104	-0.029	10.045	9.100
mbh_15-18_block	śreṣṭha	0.089	-0.323	-0.029	0.289	0.260
mbh_15-18_block	nadī	-0.187	0.152	-0.028	0.173	0.287
mbh_15-18_block	praṇamya	-0.262	0.108	-0.028	0.115	0.177
mbh_15-18_block	astu	-0.215	-0.129	0.028	0.231	0.291
mbh_15-18_block	su	-0.069	-0.401	0.027	2.425	2.508
mbh_15-18_block	deva	-0.393	0.069	-0.027	1.212	1.522
mbh_15-18_block	surāḥ	-0.635	0.041	-0.026	0.058	0.251
mbh_15-18_block	īśvaram	-0.281	0.093	-0.026	0.173	0.254
mbh_15-18_block	bhuvi	-0.106	-0.244	0.026	0.231	0.258
mbh_15-18_block	pṛthak	0.151	0.165	0.025	0.404	0.352
mbh_15-18_block	prabhuḥ	-0.398	-0.061	0.024	0.346	0.571
mbh_15-18_block	bhagavān	-0.623	0.038	-0.024	0.404	1.181
mbh_15-18_block	nāma	-0.809	-0.029	0.024	0.577	1.454
mbh_15-18_block	śīghram	0.054	-0.431	-0.023	0.231	0.216
mbh_15-18_block	padma	0.240	-0.096	-0.023	0.289	0.228
mbh_15-18_block	pituḥ	0.061	-0.376	-0.023	0.231	0.214
mbh_15-18_block	agniḥ	-0.135	0.168	-0.023	0.231	0.275
mbh_15-18_block	sarvam	0.528	0.043	0.023	1.328	1.022
mbh_15-18_block	brāhmaṇaḥ	-0.145	0.152	-0.022	0.173	0.216
mbh_15-18_block	tīrtha	0.061	0.356	0.022	0.289	0.263
mbh_15-18_block	vinā	-0.125	0.172	-0.021	0.231	0.260
mbh_15-18_block	satatam	0.480	0.044	0.021	0.346	0.222
mbh_15-18_block	mad	-0.270	-0.077	0.021	0.346	0.557
mbh_15-18_block	pāpam	-0.118	0.174	-0.021	0.231	0.273
mbh_15-18_block	patiḥ	-0.482	-0.042	0.020	0.115	0.232
mbh_15-18_block	an	-0.687	-0.029	0.020	0.115	0.279
mbh_15-18_block	asura	-0.679	0.030	-0.020	0.058	0.337
mbh_15-18_block	sam	-0.135	0.148	-0.020	0.000	0.035
mbh_15-18_block	abhūt	-0.088	-0.226	0.020	0.462	0.521
mbh_15-18_block	jñātvā	-0.358	0.055	-0.020	0.231	0.384
mbh_15-18_block	kṛṣṇa	-0.331	0.059	-0.020	0.346	0.617
mbh_15-18_block	bhūtānām	-0.932	0.021	-0.019	0.058	0.513
mbh_15-18_block	bhūtāni	-0.483	0.040	-0.019	0.173	0.321
mbh_15-18_block	ati	-0.589	0.032	-0.019	0.346	0.749
mbh_15-18_block	narāḥ	-0.232	0.081	-0.019	0.173	0.249
mbh_15-18_block	iti	0.174	0.105	0.018	6.177	5.396
mbh_15-18_block	atha	0.065	-0.280	-0.018	2.829	2.753
mbh_15-18_block	devī	-0.089	0.203	-0.018	0.520	0.621
mbh_15-18_block	viśeṣataḥ	-0.109	0.165	-0.018	0.231	0.274
mbh_15-18_block	antare	-0.356	0.050	-0.018	0.058	0.308
mbh_15-18_block	yat	0.107	0.160	0.017	2.598	2.452
mbh_15-18_block	ātmanaḥ	0.231	-0.072	-0.017	0.750	0.606
mbh_15-18_block	ratna	-0.246	-0.067	0.016	0.173	0.245
mbh_15-18_block	prajāḥ	-0.651	-0.024	0.016	0.058	0.614
mbh_15-18_block	nāradaḥ	0.138	-0.115	-0.016	0.404	0.323
mbh_15-18_block	loke	-0.267	0.058	-0.016	0.346	0.478
mbh_15-18_block	yadi	-0.061	-0.256	0.015	0.577	0.609
mbh_15-18_block	sarvaśas	-0.047	-0.320	0.015	0.289	0.304
mbh_15-18_block	nānā	-0.271	-0.053	0.014	0.404	0.639
mbh_15-18_block	tapaḥ	0.247	0.058	0.014	0.866	0.733
mbh_15-18_block	devīm	-0.118	0.117	-0.014	0.173	0.222
mbh_15-18_block	puram	-0.168	-0.080	0.014	0.173	0.218
mbh_15-18_block	putrāḥ	-0.046	-0.291	0.013	0.462	0.495
mbh_15-18_block	tāsām	-0.116	0.116	-0.013	0.231	0.278
mbh_15-18_block	śṛṇu	-0.114	0.115	-0.013	0.577	0.659
mbh_15-18_block	ratham	0.024	-0.542	-0.013	0.231	0.222
mbh_15-18_block	vāc	0.352	0.036	0.013	0.346	0.269
mbh_15-18_block	sthitaḥ	0.068	0.183	0.013	0.346	0.324
mbh_15-18_block	śiraḥ	-1.061	-0.011	0.012	0.000	0.285
mbh_15-18_block	gatiḥ	-0.633	-0.019	0.012	0.115	0.246
mbh_15-18_block	tatra	-0.291	-0.040	0.012	2.367	2.763
mbh_15-18_block	mātā	0.099	-0.117	-0.012	0.231	0.206
mbh_15-18_block	gaṇa	-0.507	-0.022	0.011	0.115	0.250
mbh_15-18_block	para	0.084	0.127	0.011	0.462	0.434
mbh_15-18_block	sama	0.113	-0.093	-0.010	0.289	0.265
mbh_15-18_block	divyam	-0.250	-0.041	0.010	0.173	0.226
mbh_15-18_block	āsādya	-0.027	-0.366	0.010	0.231	0.238
mbh_15-18_block	tyaktvā	0.111	-0.089	-0.010	0.231	0.208
mbh_15-18_block	tale	0.155	-0.063	-0.010	0.289	0.253
mbh_15-18_block	yatra	-0.159	0.060	-0.010	0.750	0.870
mbh_15-18_block	divya	1.426	0.007	0.010	0.635	0.282
mbh_15-18_block	nāga	0.031	-0.300	-0.009	0.231	0.224
mbh_15-18_block	artham	-0.520	0.017	-0.009	0.693	1.015
mbh_15-18_block	sūtaḥ	0.059	0.146	0.009	0.404	0.364
mbh_15-18_block	iva	-0.013	-0.618	0.008	2.309	2.341
mbh_15-18_block	a	0.080	-0.095	-0.008	1.732	1.630
mbh_15-18_block	kāmaḥ	-0.496	0.015	-0.007	0.058	0.259
mbh_15-18_block	tayoḥ	-0.132	-0.054	0.007	0.231	0.257
mbh_15-18_block	muniḥ	0.104	0.068	0.007	0.462	0.413
mbh_15-18_block	devāḥ	-0.385	-0.017	0.006	0.635	0.916
mbh_15-18_block	anena	-0.137	0.043	-0.006	0.173	0.201
mbh_15-18_block	hi	-0.141	-0.040	0.006	3.926	4.218
mbh_15-18_block	sukha	-0.134	0.033	-0.004	0.289	0.326
mbh_15-18_block	kālaḥ	-0.135	0.031	-0.004	0.289	0.329
mbh_15-18_block	teṣām	0.166	0.024	0.004	1.905	1.733
mbh_15-18_block	etat	0.051	-0.074	-0.004	1.270	1.233
mbh_15-18_block	sura	-0.886	0.004	-0.004	0.115	0.482
mbh_15-18_block	dhanuḥ	-0.006	-0.572	0.004	0.231	0.233
mbh_15-18_block	kāla	-0.030	0.114	-0.003	0.577	0.589
mbh_15-18_block	devān	0.071	-0.048	-0.003	0.289	0.271
mbh_15-18_block	tasmin	-0.020	-0.165	0.003	0.520	0.527
mbh_15-18_block	brāhmaṇa	0.103	0.031	0.003	0.231	0.206
mbh_15-18_block	gṛham	-0.138	-0.023	0.003	0.173	0.198
mbh_15-18_block	dharmaḥ	1.363	0.002	0.003	0.750	0.330
mbh_15-18_block	gaṅgā	-0.043	0.069	-0.003	0.231	0.254
mbh_15-18_block	brūhi	-0.018	-0.156	0.003	0.173	0.176
mbh_15-18_block	yathā	0.021	-0.132	-0.003	2.425	2.401
mbh_15-18_block	mārkaṇḍeyaḥ	-0.286	0.009	-0.003	0.000	0.312
mbh_15-18_block	bhūtvā	-0.160	-0.017	0.003	0.404	0.466
mbh_15-18_block	asti	-0.016	0.128	-0.002	0.577	0.588
mbh_15-18_block	kāryam	0.080	-0.025	-0.002	0.404	0.372
mbh_15-18_block	yena	-0.019	-0.094	0.002	0.520	0.526
mbh_15-18_block	ekaḥ	-0.549	-0.003	0.002	0.173	0.331
mbh_15-18_block	nā	-0.035	-0.049	0.002	0.289	0.300
mbh_15-18_block	cakra	0.037	0.047	0.002	0.231	0.222
mbh_15-18_block	āha	-0.024	-0.068	0.002	0.520	0.536
mbh_15-18_block	rāma	0.006	-0.291	-0.002	0.346	0.342
mbh_15-18_block	manaḥ	0.022	0.065	0.001	0.635	0.620
mbh_15-18_block	sukham	-0.209	-0.005	0.001	0.231	0.278
mbh_15-18_block	iha	0.007	-0.117	-0.001	1.155	1.150
mbh_15-18_block	kanyā	-0.116	0.006	-0.001	0.231	0.266
mbh_15-18_block	prāha	-0.048	-0.013	0.001	0.346	0.366
mbh_15-18_block	jajñe	-0.585	-0.001	0.000	0.000	0.300
mbh_15-18_block	asmin	-0.009	0.046	-0.000	0.231	0.232
mbh_15-18_block	ātmānam	-0.054	-0.007	0.000	0.577	0.607
mbh_15-18_block	evam	0.211	-0.001	-0.000	2.829	2.622
bhagavata_merged_12sk	naḥ	1.959	-0.495	-0.970	2.064	0.714
bhagavata_merged_12sk	ātma	2.339	0.369	0.864	3.283	0.823
bhagavata_merged_12sk	ādibhiḥ	1.530	0.564	0.863	0.870	0.339
bhagavata_merged_12sk	ādayaḥ	1.855	0.457	0.847	1.352	0.467
bhagavata_merged_12sk	sva	2.125	0.358	0.762	4.417	1.646
bhagavata_merged_12sk	vayam	1.294	-0.579	-0.750	0.804	0.349
bhagavata_merged_12sk	pāda	1.380	0.533	0.735	1.009	0.408
bhagavata_merged_12sk	guṇa	1.843	0.373	0.688	2.044	0.683
bhagavata_merged_12sk	śrī	1.996	0.331	0.660	6.158	1.300
bhagavata_merged_12sk	tatas	-1.212	-0.531	0.644	2.472	5.687
bhagavata_merged_12sk	sarvān	-1.011	-0.612	0.619	0.099	0.526
bhagavata_merged_12sk	tad	0.985	0.602	0.593	4.253	2.296
bhagavata_merged_12sk	tadā	-1.001	-0.559	0.560	1.029	2.713
bhagavata_merged_12sk	mahā	-0.793	-0.686	0.544	3.244	6.417
bhagavata_merged_12sk	sat	1.337	0.405	0.542	0.719	0.305
bhagavata_merged_12sk	māyā	1.375	0.361	0.496	1.042	0.382
bhagavata_merged_12sk	bhavān	1.474	-0.335	-0.494	0.824	0.330
bhagavata_merged_12sk	vacanam	-0.872	-0.566	0.493	0.013	0.498
bhagavata_merged_12sk	uktvā	-0.780	-0.625	0.488	0.152	0.466
bhagavata_merged_12sk	tathā	-1.483	0.326	-0.484	1.998	7.313
bhagavata_merged_12sk	aṅga	1.865	0.250	0.467	0.936	0.291
bhagavata_merged_12sk	śreṣṭhaḥ	-0.766	-0.577	0.442	0.053	0.213
bhagavata_merged_12sk	kṛta	1.361	-0.317	-0.432	1.233	0.664
bhagavata_merged_12sk	sadā	-0.945	0.457	-0.432	0.185	1.143
bhagavata_merged_12sk	abravīt	-0.605	-0.675	0.408	0.237	0.893
bhagavata_merged_12sk	sma	0.690	-0.581	-0.401	0.541	0.301
bhagavata_merged_12sk	prati	-0.678	-0.582	0.394	0.119	0.324
bhagavata_merged_12sk	mama	-0.800	-0.479	0.383	0.719	1.440
bhagavata_merged_12sk	vākyam	-0.679	-0.554	0.377	0.099	0.578
bhagavata_merged_12sk	jāyate	-0.608	0.607	-0.369	0.086	0.338
bhagavata_merged_12sk	smṛtam	-0.633	0.576	-0.365	0.059	0.313
bhagavata_merged_12sk	bhavati	-0.806	0.448	-0.361	0.073	0.294
bhagavata_merged_12sk	nṛṇām	1.128	0.313	0.353	0.738	0.275
bhagavata_merged_12sk	dṛṣṭvā	-0.544	-0.642	0.349	1.246	1.951
bhagavata_merged_12sk	iva	0.553	-0.618	-0.342	3.666	2.341
bhagavata_merged_12sk	tam	0.431	-0.783	-0.337	3.554	2.946
bhagavata_merged_12sk	bhavet	-0.597	0.554	-0.331	0.297	0.856
bhagavata_merged_12sk	jagāma	-0.524	-0.629	0.330	0.178	0.370
bhagavata_merged_12sk	tri	0.577	0.560	0.323	0.673	0.398
bhagavata_merged_12sk	śrutvā	-0.488	-0.647	0.316	0.659	1.088
bhagavata_merged_12sk	pāpa	-0.766	0.409	-0.314	0.138	0.687
bhagavata_merged_12sk	artha	0.646	0.485	0.313	0.765	0.518
bhagavata_merged_12sk	uktaḥ	-0.639	-0.489	0.312	0.152	0.354
bhagavata_merged_12sk	tvayā	-0.498	-0.626	0.311	0.508	0.818
bhagavata_merged_12sk	eva	-1.354	0.230	-0.311	4.259	9.926
bhagavata_merged_12sk	paraḥ	0.536	0.573	0.307	0.527	0.349
bhagavata_merged_12sk	rājānam	-0.506	-0.603	0.305	0.086	0.298
bhagavata_merged_12sk	sarve	-0.825	-0.363	0.300	0.923	1.616
bhagavata_merged_12sk	mā	0.541	-0.553	-0.299	0.804	0.529
bhagavata_merged_12sk	proktam	-0.499	0.586	-0.292	0.086	0.204
bhagavata_merged_12sk	janma	0.702	0.416	0.292	0.468	0.283
bhagavata_merged_12sk	pūrva	-0.565	0.516	-0.291	0.211	0.387
bhagavata_merged_12sk	uktam	-0.570	0.509	-0.290	0.092	0.306
bhagavata_merged_12sk	mayā	-0.728	-0.397	0.289	0.712	1.364
bhagavata_merged_12sk	tejāḥ	-0.604	-0.475	0.287	0.020	0.310
bhagavata_merged_12sk	ucyate	-0.548	0.521	-0.285	0.105	0.425
bhagavata_merged_12sk	śīghram	-0.661	-0.431	0.285	0.026	0.216
bhagavata_merged_12sk	kramāt	-0.487	0.584	-0.284	0.033	0.187
bhagavata_merged_12sk	rājyam	-0.586	-0.467	0.274	0.119	0.338
bhagavata_merged_12sk	kāmam	1.282	-0.213	-0.274	0.429	0.203
bhagavata_merged_12sk	sādhu	0.801	-0.340	-0.272	0.587	0.298
bhagavata_merged_12sk	putram	-0.428	-0.631	0.270	0.165	0.337
bhagavata_merged_12sk	tau	-0.456	-0.591	0.269	0.251	0.437
bhagavata_merged_12sk	tasmāt	-0.754	0.356	-0.269	0.692	1.467
bhagavata_merged_12sk	abhavat	-0.511	-0.523	0.267	0.231	0.647
bhagavata_merged_12sk	varaḥ	-0.513	-0.519	0.266	0.158	0.273
bhagavata_merged_12sk	bhūta	0.939	0.282	0.265	1.094	0.640
bhagavata_merged_12sk	kaḥ	0.497	-0.531	-0.264	0.738	0.548
bhagavata_merged_12sk	pravakṣyāmi	-0.620	0.423	-0.262	0.026	0.238
bhagavata_merged_12sk	vat	1.549	0.169	0.262	1.114	0.498
bhagavata_merged_12sk	tu	-1.143	0.229	-0.262	3.092	9.619
bhagavata_merged_12sk	vaḥ	0.748	-0.341	-0.255	0.673	0.399
bhagavata_merged_12sk	hareḥ	1.379	0.183	0.252	0.844	0.230
bhagavata_merged_12sk	sarva	-0.607	0.414	-0.252	2.519	3.660
bhagavata_merged_12sk	mahātmanaḥ	-0.526	-0.478	0.251	0.191	0.366
bhagavata_merged_12sk	raṇe	-0.398	-0.631	0.251	0.033	0.358
bhagavata_merged_12sk	uvāca	0.695	-0.360	-0.250	7.167	4.871
bhagavata_merged_12sk	smṛtaḥ	-0.475	0.523	-0.248	0.237	0.636
bhagavata_merged_12sk	snānam	-0.465	0.534	-0.248	0.040	0.173
bhagavata_merged_12sk	pūjayet	-0.474	0.522	-0.248	0.020	0.186
bhagavata_merged_12sk	cakāra	-0.567	-0.435	0.247	0.138	0.344
bhagavata_merged_12sk	vīra	0.350	-0.702	-0.246	0.409	0.275
bhagavata_merged_12sk	sahasraśas	-0.497	-0.491	0.244	0.132	0.314
bhagavata_merged_12sk	śubham	-0.941	0.257	-0.241	0.020	0.258
bhagavata_merged_12sk	rājan	0.398	-0.605	-0.241	1.444	0.939
bhagavata_merged_12sk	babhūva	-0.475	-0.507	0.241	0.152	0.288
bhagavata_merged_12sk	sārdham	-0.601	-0.400	0.240	0.079	0.222
bhagavata_merged_12sk	kṛtaḥ	0.687	-0.342	-0.235	0.448	0.290
bhagavata_merged_12sk	svam	0.770	-0.304	-0.234	0.382	0.244
bhagavata_merged_12sk	kuryāt	-0.435	0.537	-0.234	0.132	0.435
bhagavata_merged_12sk	karma	0.998	0.233	0.233	1.319	0.744
bhagavata_merged_12sk	phalam	-0.558	0.416	-0.232	0.152	0.707
bhagavata_merged_12sk	gatim	1.180	-0.195	-0.230	0.633	0.306
bhagavata_merged_12sk	naraḥ	-0.514	0.443	-0.228	0.152	0.583
bhagavata_merged_12sk	nityam	-0.714	0.318	-0.227	0.297	0.810
bhagavata_merged_12sk	śakra	-0.572	-0.393	0.225	0.066	0.199
bhagavata_merged_12sk	gatvā	-0.801	-0.280	0.224	0.158	0.416
bhagavata_merged_12sk	brahmā	-0.499	0.443	-0.221	0.198	0.575
bhagavata_merged_12sk	yā	-0.571	0.386	-0.220	0.284	0.619
bhagavata_merged_12sk	sa	-0.312	-0.698	0.218	6.712	7.531
bhagavata_merged_12sk	padam	0.475	0.459	0.218	0.560	0.365
bhagavata_merged_12sk	kila	1.011	-0.213	-0.216	0.409	0.194
bhagavata_merged_12sk	yathā	1.619	-0.132	-0.214	4.200	2.401
bhagavata_merged_12sk	atra	-0.903	0.237	-0.214	0.409	1.010
bhagavata_merged_12sk	viṣṇuḥ	-0.622	0.342	-0.213	0.231	0.626
bhagavata_merged_12sk	diśaḥ	0.506	-0.418	-0.211	0.422	0.284
bhagavata_merged_12sk	sarvaśas	-0.659	-0.320	0.211	0.086	0.304
bhagavata_merged_12sk	tena	-1.159	-0.180	0.209	0.521	1.319
bhagavata_merged_12sk	sūrya	-0.543	0.380	-0.206	0.191	0.362
bhagavata_merged_12sk	smṛtāḥ	-0.521	0.396	-0.206	0.059	0.554
bhagavata_merged_12sk	nṛpa	0.613	-0.335	-0.205	1.246	0.707
bhagavata_merged_12sk	bhaviṣyati	-0.767	-0.265	0.203	0.105	0.411
bhagavata_merged_12sk	rudra	-0.368	0.551	-0.203	0.119	0.274
bhagavata_merged_12sk	sthānam	-0.508	0.394	-0.200	0.138	0.401
bhagavata_merged_12sk	mām	0.345	-0.565	-0.195	1.437	1.129
bhagavata_merged_12sk	me	0.444	-0.437	-0.194	2.182	1.715
bhagavata_merged_12sk	puruṣaḥ	0.919	0.211	0.194	0.771	0.370
bhagavata_merged_12sk	ekam	-0.430	0.449	-0.193	0.231	0.331
bhagavata_merged_12sk	ādi	-0.239	0.793	-0.190	0.831	1.268
bhagavata_merged_12sk	saṃśayaḥ	-0.894	0.212	-0.189	0.105	0.591
bhagavata_merged_12sk	īśvara	0.599	0.316	0.189	0.389	0.234
bhagavata_merged_12sk	dadyāt	-0.483	0.390	-0.189	0.053	0.331
bhagavata_merged_12sk	samyak	-0.471	0.400	-0.188	0.132	0.272
bhagavata_merged_12sk	dānam	-0.480	0.389	-0.187	0.086	0.317
bhagavata_merged_12sk	kim	0.414	-0.445	-0.184	1.872	1.420
bhagavata_merged_12sk	sahasrāṇi	-0.703	-0.260	0.183	0.158	0.589
bhagavata_merged_12sk	brahmaṇaḥ	-0.429	0.416	-0.178	0.178	0.390
bhagavata_merged_12sk	putraḥ	-0.404	-0.440	0.178	0.330	0.697
bhagavata_merged_12sk	tā	-0.453	0.393	-0.178	0.132	0.267
bhagavata_merged_12sk	kāraṇam	-0.515	0.343	-0.177	0.204	0.361
bhagavata_merged_12sk	ayam	0.331	-0.533	-0.176	1.332	1.094
bhagavata_merged_12sk	koṭi	-0.343	0.511	-0.175	0.053	0.327
bhagavata_merged_12sk	puṇyam	-0.415	0.420	-0.174	0.185	0.481
bhagavata_merged_12sk	ādikam	-0.333	0.518	-0.173	0.073	0.171
bhagavata_merged_12sk	āsīt	0.291	-0.593	-0.172	0.818	0.660
bhagavata_merged_12sk	phala	-0.375	0.460	-0.172	0.231	0.392
bhagavata_merged_12sk	tvam	-0.376	-0.453	0.170	2.143	2.631
bhagavata_merged_12sk	yatas	0.547	0.311	0.170	0.541	0.358
bhagavata_merged_12sk	pūrvam	-1.080	-0.157	0.170	0.257	0.751
bhagavata_merged_12sk	viṣṇu	-0.311	0.545	-0.169	0.284	0.563
bhagavata_merged_12sk	brahma	0.269	0.627	0.169	1.655	1.338
bhagavata_merged_12sk	cit	-0.522	-0.322	0.168	0.053	0.447
bhagavata_merged_12sk	dam	-0.420	0.397	-0.167	0.086	0.210
bhagavata_merged_12sk	iyam	-0.568	-0.293	0.166	0.218	0.440
bhagavata_merged_12sk	śiva	-0.305	0.545	-0.166	0.112	0.901
bhagavata_merged_12sk	param	0.296	0.558	0.165	1.279	1.043
bhagavata_merged_12sk	tān	-0.236	-0.690	0.163	0.930	1.068
bhagavata_merged_12sk	yasmāt	-0.648	0.248	-0.161	0.073	0.350
bhagavata_merged_12sk	balaḥ	-0.274	-0.586	0.160	0.224	0.318
bhagavata_merged_12sk	aṣṭa	-0.306	0.522	-0.160	0.152	0.242
bhagavata_merged_12sk	ye	-0.464	0.345	-0.160	1.253	1.766
bhagavata_merged_12sk	īśvaraḥ	0.872	0.183	0.160	0.956	0.528
bhagavata_merged_12sk	gatāḥ	-0.581	-0.274	0.159	0.158	0.312
bhagavata_merged_12sk	puruṣa	0.402	-0.396	-0.159	0.653	0.451
bhagavata_merged_12sk	śara	-0.284	-0.560	0.159	0.112	0.288
bhagavata_merged_12sk	vaiśaṃpāyanaḥ	-0.341	-0.465	0.159	0.000	0.383
bhagavata_merged_12sk	gataḥ	0.506	-0.312	-0.158	0.738	0.520
bhagavata_merged_12sk	vacaḥ	-0.255	-0.617	0.157	0.435	0.558
bhagavata_merged_12sk	vara	-0.501	-0.314	0.157	0.376	0.561
bhagavata_merged_12sk	śaraṇam	0.829	-0.189	-0.157	0.494	0.271
bhagavata_merged_12sk	sarvāḥ	-0.566	-0.274	0.155	0.257	0.437
bhagavata_merged_12sk	ha	0.278	-0.557	-0.155	0.870	0.686
bhagavata_merged_12sk	tām	-0.271	-0.572	0.155	1.398	1.631
bhagavata_merged_12sk	āsa	0.308	-0.496	-0.153	0.791	0.526
bhagavata_merged_12sk	mahat	-0.316	-0.483	0.153	0.389	0.498
bhagavata_merged_12sk	satya	-0.495	-0.307	0.152	0.178	0.366
bhagavata_merged_12sk	idam	0.323	-0.470	-0.152	1.793	1.509
bhagavata_merged_12sk	putra	-0.404	-0.375	0.152	0.409	0.658
bhagavata_merged_12sk	jagat	0.443	0.341	0.151	0.705	0.494
bhagavata_merged_12sk	agni	-0.404	0.371	-0.150	0.277	0.372
bhagavata_merged_12sk	purā	-0.870	-0.168	0.146	0.396	0.789
bhagavata_merged_12sk	dadau	-0.470	-0.311	0.146	0.132	0.284
bhagavata_merged_12sk	rāja	-0.221	-0.656	0.145	0.771	1.018
bhagavata_merged_12sk	dharma	-0.529	-0.274	0.145	0.831	1.283
bhagavata_merged_12sk	paramam	-0.489	0.296	-0.144	0.185	0.375
bhagavata_merged_12sk	śāstra	-0.701	0.205	-0.143	0.046	0.204
bhagavata_merged_12sk	dvādaśa	-0.408	0.351	-0.143	0.191	0.327
bhagavata_merged_12sk	uttamam	-0.963	0.147	-0.142	0.073	0.318
bhagavata_merged_12sk	prāṇa	0.536	0.264	0.141	0.422	0.258
bhagavata_merged_12sk	muni	-0.578	0.244	-0.141	0.152	0.574
bhagavata_merged_12sk	śreṣṭha	-0.436	-0.323	0.141	0.119	0.260
bhagavata_merged_12sk	prāpya	-0.892	-0.157	0.140	0.125	0.430
bhagavata_merged_12sk	sākṣāt	0.809	0.171	0.138	0.870	0.371
bhagavata_merged_12sk	sutaḥ	0.437	-0.314	-0.137	0.811	0.509
bhagavata_merged_12sk	ṣaṣ	-0.239	0.565	-0.135	0.185	0.245
bhagavata_merged_12sk	enam	-0.206	-0.655	0.135	0.257	0.336
bhagavata_merged_12sk	bala	-0.287	-0.462	0.132	0.277	0.358
bhagavata_merged_12sk	ātmā	0.665	-0.197	-0.131	1.451	1.005
bhagavata_merged_12sk	katham	-0.383	-0.336	0.129	0.574	0.766
bhagavata_merged_12sk	bahu	-0.398	-0.321	0.128	0.356	0.501
bhagavata_merged_12sk	ca	-1.821	-0.070	0.128	19.397	40.048
bhagavata_merged_12sk	śaraiḥ	-0.231	-0.551	0.127	0.092	0.257
bhagavata_merged_12sk	āśu	0.543	-0.232	-0.126	0.521	0.343
bhagavata_merged_12sk	pūjā	-0.303	0.416	-0.126	0.046	0.254
bhagavata_merged_12sk	dāna	-0.358	0.351	-0.125	0.092	0.174
bhagavata_merged_12sk	ādāya	0.279	-0.449	-0.125	0.369	0.295
bhagavata_merged_12sk	ātmanaḥ	1.722	-0.072	-0.125	1.681	0.606
bhagavata_merged_12sk	vā	-0.328	0.369	-0.121	2.420	3.198
bhagavata_merged_12sk	yānti	-0.444	0.271	-0.120	0.105	0.243
bhagavata_merged_12sk	yat	0.750	0.160	0.120	3.468	2.452
bhagavata_merged_12sk	pañca	-0.310	0.384	-0.119	0.587	0.765
bhagavata_merged_12sk	hariḥ	0.792	0.150	0.119	0.870	0.422
bhagavata_merged_12sk	nara	-0.229	-0.513	0.118	0.330	0.443
bhagavata_merged_12sk	devānām	-0.675	0.172	-0.116	0.224	0.461
bhagavata_merged_12sk	hā	0.419	-0.276	-0.116	0.323	0.233
bhagavata_merged_12sk	varam	-0.280	-0.408	0.114	0.297	0.404
bhagavata_merged_12sk	sthitaḥ	-0.618	0.183	-0.113	0.119	0.324
bhagavata_merged_12sk	sarvāṇi	-0.687	-0.164	0.113	0.099	0.220
bhagavata_merged_12sk	tvām	0.163	-0.693	-0.113	0.725	0.636
bhagavata_merged_12sk	cakre	0.271	-0.413	-0.112	0.382	0.304
bhagavata_merged_12sk	daśa	-0.372	0.294	-0.109	0.534	0.731
bhagavata_merged_12sk	candra	-0.779	0.140	-0.109	0.066	0.270
bhagavata_merged_12sk	pṛthivī	-0.905	-0.120	0.109	0.020	0.238
bhagavata_merged_12sk	tāvat	0.584	0.186	0.109	0.455	0.313
bhagavata_merged_12sk	mahān	0.250	-0.434	-0.109	0.521	0.442
bhagavata_merged_12sk	yāni	-0.405	0.267	-0.108	0.171	0.261
bhagavata_merged_12sk	śubha	-0.748	0.144	-0.107	0.026	0.276
bhagavata_merged_12sk	viśeṣataḥ	-0.643	0.165	-0.106	0.020	0.274
bhagavata_merged_12sk	pāpam	-0.606	0.174	-0.106	0.059	0.273
bhagavata_merged_12sk	loka	0.815	0.128	0.104	1.081	0.715
bhagavata_merged_12sk	bhaktyā	0.278	0.371	0.103	0.422	0.314
bhagavata_merged_12sk	śivaḥ	-0.317	0.325	-0.103	0.092	0.269
bhagavata_merged_12sk	tvāt	-0.250	0.411	-0.103	0.224	0.422
bhagavata_merged_12sk	atas	-0.240	0.427	-0.103	0.356	0.491
bhagavata_merged_12sk	te	-0.179	-0.571	0.102	4.477	4.829
bhagavata_merged_12sk	bhṛśam	0.217	-0.468	-0.102	0.363	0.295
bhagavata_merged_12sk	go	0.512	0.198	0.101	0.409	0.268
bhagavata_merged_12sk	kula	0.529	-0.191	-0.101	0.369	0.251
bhagavata_merged_12sk	pitaraḥ	-0.303	0.332	-0.101	0.119	0.246
bhagavata_merged_12sk	bhārata	-0.270	-0.371	0.100	0.191	0.404
bhagavata_merged_12sk	mudā	0.518	-0.193	-0.100	0.310	0.178
bhagavata_merged_12sk	śuciḥ	-0.316	0.315	-0.100	0.165	0.245
bhagavata_merged_12sk	yayau	0.237	-0.420	-0.100	0.336	0.265
bhagavata_merged_12sk	dvijāḥ	-0.307	0.325	-0.099	0.198	0.327
bhagavata_merged_12sk	kṛtvā	-1.017	0.096	-0.098	0.448	1.433
bhagavata_merged_12sk	śivam	-0.330	0.297	-0.098	0.105	0.269
bhagavata_merged_12sk	nāga	-0.324	-0.300	0.097	0.152	0.224
bhagavata_merged_12sk	svayam	0.543	0.179	0.097	0.883	0.654
bhagavata_merged_12sk	viṣṇoḥ	0.301	0.323	0.097	0.514	0.380
bhagavata_merged_12sk	devatāḥ	-0.307	0.309	-0.095	0.171	0.238
bhagavata_merged_12sk	catur	0.176	0.535	0.094	0.323	0.275
bhagavata_merged_12sk	snātvā	-0.297	0.316	-0.094	0.105	0.335
bhagavata_merged_12sk	putrāḥ	-0.322	-0.291	0.094	0.264	0.495
bhagavata_merged_12sk	ante	-0.215	0.434	-0.093	0.336	0.408
bhagavata_merged_12sk	bhagavān	2.413	0.038	0.093	4.187	1.181
bhagavata_merged_12sk	śrīmān	-0.526	-0.175	0.092	0.073	0.263
bhagavata_merged_12sk	yena	0.966	-0.094	-0.091	0.844	0.526
bhagavata_merged_12sk	yoga	0.329	0.273	0.090	0.824	0.556
bhagavata_merged_12sk	tasmin	-0.537	-0.165	0.089	0.336	0.527
bhagavata_merged_12sk	patiḥ	2.115	-0.042	-0.089	0.745	0.232
bhagavata_merged_12sk	yam	0.586	-0.151	-0.088	0.409	0.271
bhagavata_merged_12sk	ratha	-0.168	-0.525	0.088	0.185	0.269
bhagavata_merged_12sk	paścāt	-0.429	0.205	-0.088	0.125	0.228
bhagavata_merged_12sk	tīrtham	-0.295	0.296	-0.087	0.073	0.244
bhagavata_merged_12sk	anye	-0.398	-0.218	0.087	0.316	0.448
bhagavata_merged_12sk	asti	-0.671	0.128	-0.086	0.138	0.588
bhagavata_merged_12sk	kāma	0.457	0.188	0.086	0.791	0.597
bhagavata_merged_12sk	kāla	0.749	0.114	0.085	0.890	0.589
bhagavata_merged_12sk	śatam	-0.350	0.242	-0.085	0.356	0.519
bhagavata_merged_12sk	yasya	0.819	0.103	0.085	0.956	0.565
bhagavata_merged_12sk	manaḥ	1.285	0.065	0.083	1.477	0.620
bhagavata_merged_12sk	yadi	-0.323	-0.256	0.083	0.442	0.609
bhagavata_merged_12sk	madhye	-0.625	0.132	-0.082	0.171	0.367
bhagavata_merged_12sk	saḥ	0.682	-0.121	-0.082	2.123	1.558
bhagavata_merged_12sk	om	-0.173	0.474	-0.082	0.105	0.306
bhagavata_merged_12sk	kṛṣṇaḥ	0.474	-0.168	-0.079	0.712	0.382
bhagavata_merged_12sk	kṛṣṇa	1.330	0.059	0.079	1.708	0.617
bhagavata_merged_12sk	sapta	-0.206	0.382	-0.079	0.527	0.659
bhagavata_merged_12sk	devam	-0.389	0.201	-0.078	0.191	0.366
bhagavata_merged_12sk	rāma	0.269	-0.291	-0.078	0.554	0.342
bhagavata_merged_12sk	tasya	-0.551	-0.142	0.078	1.938	2.843
bhagavata_merged_12sk	abhūt	0.343	-0.226	-0.078	0.752	0.521
bhagavata_merged_12sk	aham	0.184	-0.413	-0.076	2.842	2.578
bhagavata_merged_12sk	aṣṭau	-0.326	0.230	-0.075	0.152	0.226
bhagavata_merged_12sk	varṇa	-0.169	0.442	-0.075	0.231	0.285
bhagavata_merged_12sk	nāradaḥ	0.642	-0.115	-0.074	0.699	0.323
bhagavata_merged_12sk	ādyaiḥ	-0.160	0.457	-0.073	0.138	0.181
bhagavata_merged_12sk	jñāna	0.105	0.692	0.073	0.626	0.557
bhagavata_merged_12sk	tāni	-0.720	-0.100	0.072	0.158	0.309
bhagavata_merged_12sk	mad	0.923	-0.077	-0.071	1.279	0.557
bhagavata_merged_12sk	devī	-0.349	0.203	-0.071	0.224	0.621
bhagavata_merged_12sk	punar	-1.145	-0.062	0.071	0.956	2.418
bhagavata_merged_12sk	devaḥ	-0.210	0.330	-0.069	0.396	0.489
bhagavata_merged_12sk	indra	-0.202	-0.337	0.068	0.409	0.500
bhagavata_merged_12sk	dānava	-0.342	-0.199	0.068	0.086	0.197
bhagavata_merged_12sk	asmi	-0.141	-0.483	0.068	0.284	0.327
bhagavata_merged_12sk	rājā	-0.107	-0.625	0.067	1.088	1.251
bhagavata_merged_12sk	ete	-0.513	0.130	-0.067	0.409	0.878
bhagavata_merged_12sk	yudhiṣṭhiraḥ	-0.170	-0.389	0.066	0.171	0.379
bhagavata_merged_12sk	bhīṣmaḥ	-0.227	-0.291	0.066	0.033	0.170
bhagavata_merged_12sk	kṛt	0.334	0.196	0.065	0.270	0.205
bhagavata_merged_12sk	śṛṇu	-0.564	0.115	-0.065	0.257	0.659
bhagavata_merged_12sk	lakṣaṇam	0.125	0.521	0.065	0.270	0.234
bhagavata_merged_12sk	āyuḥ	0.227	0.285	0.065	0.237	0.195
bhagavata_merged_12sk	eka	-0.116	0.559	-0.065	0.534	0.584
bhagavata_merged_12sk	vidyā	-0.138	0.461	-0.064	0.211	0.256
bhagavata_merged_12sk	iha	0.546	-0.117	-0.064	1.543	1.150
bhagavata_merged_12sk	āha	0.926	-0.068	-0.063	1.180	0.536
bhagavata_merged_12sk	viṣṇum	-0.401	0.157	-0.063	0.092	0.229
bhagavata_merged_12sk	mune	-0.429	0.145	-0.062	0.099	0.387
bhagavata_merged_12sk	āhuḥ	-0.205	0.299	-0.061	0.237	0.339
bhagavata_merged_12sk	rakta	-0.568	0.108	-0.061	0.059	0.188
bhagavata_merged_12sk	kecid	-0.164	0.372	-0.061	0.198	0.265
bhagavata_merged_12sk	veda	0.122	0.497	0.061	0.646	0.587
bhagavata_merged_12sk	annam	-0.199	0.306	-0.061	0.152	0.233
bhagavata_merged_12sk	sarveṣām	-0.435	0.139	-0.060	0.343	0.502
bhagavata_merged_12sk	hatvā	-0.121	-0.492	0.060	0.211	0.251
bhagavata_merged_12sk	mayam	0.195	0.304	0.059	0.303	0.259
bhagavata_merged_12sk	aśva	-0.235	-0.250	0.059	0.158	0.245
bhagavata_merged_12sk	yuga	-0.393	0.148	-0.058	0.105	0.236
bhagavata_merged_12sk	ādau	-0.096	0.603	-0.058	0.204	0.232
bhagavata_merged_12sk	pitṛ	0.267	0.213	0.057	0.527	0.407
bhagavata_merged_12sk	vai	-0.438	0.124	-0.054	2.097	3.108
bhagavata_merged_12sk	asya	-0.137	-0.395	0.054	0.818	0.890
bhagavata_merged_12sk	bhāryā	-0.326	-0.165	0.054	0.165	0.273
bhagavata_merged_12sk	samam	0.179	0.299	0.054	0.270	0.234
bhagavata_merged_12sk	tejasā	-0.105	-0.504	0.053	0.277	0.305
bhagavata_merged_12sk	adya	-0.068	-0.766	0.052	0.541	0.587
bhagavata_merged_12sk	īśvaram	0.564	0.093	0.052	0.415	0.254
bhagavata_merged_12sk	śrāddham	-0.273	0.190	-0.052	0.007	0.247
bhagavata_merged_12sk	nadī	-0.341	0.152	-0.052	0.079	0.287
bhagavata_merged_12sk	puṇya	-0.236	0.218	-0.051	0.336	0.449
bhagavata_merged_12sk	sā	-0.843	-0.061	0.051	0.785	1.869
bhagavata_merged_12sk	para	0.397	0.127	0.051	0.567	0.434
bhagavata_merged_12sk	bhūyas	-0.400	-0.126	0.050	0.270	0.418
bhagavata_merged_12sk	tyaktvā	-0.567	-0.089	0.050	0.092	0.208
bhagavata_merged_12sk	tvad	0.259	-0.192	-0.050	0.382	0.307
bhagavata_merged_12sk	dhanuḥ	-0.086	-0.572	0.049	0.204	0.233
bhagavata_merged_12sk	ratham	0.091	-0.542	-0.049	0.257	0.222
bhagavata_merged_12sk	api	-0.372	0.132	-0.049	5.921	6.684
bhagavata_merged_12sk	gṛhītvā	0.175	-0.281	-0.049	0.211	0.180
bhagavata_merged_12sk	sarvam	-1.129	0.043	-0.048	0.369	1.022
bhagavata_merged_12sk	puṣpa	-0.390	0.123	-0.048	0.211	0.356
bhagavata_merged_12sk	bhaya	0.220	-0.218	-0.048	0.316	0.270
bhagavata_merged_12sk	eṣā	-0.507	-0.093	0.047	0.178	0.352
bhagavata_merged_12sk	namaḥ	-0.090	0.523	-0.047	1.167	1.344
bhagavata_merged_12sk	nāmnā	-0.389	0.121	-0.047	0.152	0.283
bhagavata_merged_12sk	dadarśa	-0.080	-0.583	0.047	0.277	0.320
bhagavata_merged_12sk	sūtaḥ	0.321	0.146	0.047	0.580	0.364
bhagavata_merged_12sk	guru	0.140	0.332	0.047	0.297	0.257
bhagavata_merged_12sk	liṅgam	-0.113	0.402	-0.045	0.132	0.195
bhagavata_merged_12sk	yaḥ	-0.108	0.417	-0.045	2.585	2.752
bhagavata_merged_12sk	ṛṣiḥ	0.174	-0.258	-0.045	0.363	0.282
bhagavata_merged_12sk	mātā	-0.383	-0.117	0.045	0.112	0.206
bhagavata_merged_12sk	nā	-0.903	-0.049	0.045	0.013	0.300
bhagavata_merged_12sk	mahī	-0.266	-0.167	0.045	0.178	0.228
bhagavata_merged_12sk	bhava	0.309	0.142	0.044	0.303	0.241
bhagavata_merged_12sk	atha	-0.156	-0.280	0.044	2.571	2.753
bhagavata_merged_12sk	lokam	0.318	0.133	0.042	0.382	0.282
bhagavata_merged_12sk	yadā	0.394	0.107	0.042	0.778	0.595
bhagavata_merged_12sk	tāta	0.079	-0.510	-0.040	0.363	0.334
bhagavata_merged_12sk	tale	-0.619	-0.063	0.039	0.112	0.253
bhagavata_merged_12sk	praṇamya	-0.360	0.108	-0.039	0.092	0.177
bhagavata_merged_12sk	su	-0.094	-0.401	0.038	2.393	2.508
bhagavata_merged_12sk	pitā	-0.143	-0.261	0.037	0.224	0.261
bhagavata_merged_12sk	dharmam	0.279	-0.133	-0.037	0.323	0.248
bhagavata_merged_12sk	astu	-0.287	-0.129	0.037	0.211	0.291
bhagavata_merged_12sk	syāt	-0.089	0.416	-0.037	0.613	0.697
bhagavata_merged_12sk	asi	-0.062	-0.599	0.037	0.514	0.549
bhagavata_merged_12sk	vāyuḥ	-0.185	0.199	-0.037	0.231	0.320
bhagavata_merged_12sk	divyam	-0.882	-0.041	0.036	0.040	0.226
bhagavata_merged_12sk	teṣu	-0.397	0.092	-0.036	0.185	0.298
bhagavata_merged_12sk	rūpa	-0.095	0.380	-0.036	0.462	0.504
bhagavata_merged_12sk	ūcuḥ	0.352	-0.100	-0.035	0.699	0.535
bhagavata_merged_12sk	yāvat	0.089	0.391	0.035	0.455	0.424
bhagavata_merged_12sk	brūhi	-0.221	-0.156	0.035	0.138	0.176
bhagavata_merged_12sk	indraḥ	0.154	-0.223	-0.034	0.349	0.290
bhagavata_merged_12sk	tat	-0.490	-0.070	0.034	2.980	3.622
bhagavata_merged_12sk	satatam	-0.785	0.044	-0.034	0.020	0.222
bhagavata_merged_12sk	narāḥ	-0.420	0.081	-0.034	0.112	0.249
bhagavata_merged_12sk	tīrtha	0.095	0.356	0.034	0.303	0.263
bhagavata_merged_12sk	pṛthak	0.202	0.165	0.033	0.422	0.352
bhagavata_merged_12sk	vyāsaḥ	-0.372	0.087	-0.033	0.066	0.225
bhagavata_merged_12sk	lokānām	-0.303	0.107	-0.032	0.165	0.224
bhagavata_merged_12sk	dvija	0.131	0.247	0.032	0.488	0.407
bhagavata_merged_12sk	devi	-0.398	0.079	-0.032	0.007	0.284
bhagavata_merged_12sk	dattvā	-0.221	0.141	-0.031	0.191	0.268
bhagavata_merged_12sk	saha	-0.049	-0.599	0.030	1.253	1.290
bhagavata_merged_12sk	āsādya	-0.079	-0.366	0.029	0.218	0.238
bhagavata_merged_12sk	tapasā	-0.225	-0.127	0.028	0.257	0.328
bhagavata_merged_12sk	imam	-0.115	-0.239	0.027	0.244	0.271
bhagavata_merged_12sk	devīm	-0.235	0.117	-0.027	0.125	0.222
bhagavata_merged_12sk	kālam	-0.199	-0.135	0.027	0.251	0.305
bhagavata_merged_12sk	sahasra	-0.153	0.167	-0.026	0.244	0.289
bhagavata_merged_12sk	śata	-0.288	-0.089	0.026	0.363	0.485
bhagavata_merged_12sk	rūpam	-0.084	0.303	-0.025	0.666	0.710
bhagavata_merged_12sk	tatra	-0.620	-0.040	0.025	1.919	2.763
bhagavata_merged_12sk	bhuvi	0.102	-0.244	-0.025	0.284	0.258
bhagavata_merged_12sk	imām	0.049	-0.506	-0.025	0.330	0.314
bhagavata_merged_12sk	gaṅgā	-0.353	0.069	-0.024	0.066	0.254
bhagavata_merged_12sk	vāc	0.664	0.036	0.024	0.415	0.269
bhagavata_merged_12sk	puram	0.297	-0.080	-0.024	0.297	0.218
bhagavata_merged_12sk	nṛpaḥ	-0.110	-0.213	0.023	0.211	0.248
bhagavata_merged_12sk	rāmaḥ	0.073	-0.320	-0.023	0.462	0.398
bhagavata_merged_12sk	a	0.246	-0.095	-0.023	1.945	1.630
bhagavata_merged_12sk	asau	0.159	0.146	0.023	0.705	0.621
bhagavata_merged_12sk	ratna	-0.343	-0.067	0.023	0.145	0.245
bhagavata_merged_12sk	ṛṣayaḥ	-0.206	0.111	-0.023	0.508	0.635
bhagavata_merged_12sk	āgataḥ	-0.148	-0.152	0.023	0.165	0.198
bhagavata_merged_12sk	gṛhe	0.088	0.255	0.022	0.211	0.193
bhagavata_merged_12sk	loke	-0.382	0.058	-0.022	0.290	0.478
bhagavata_merged_12sk	gṛham	0.953	-0.023	-0.022	0.369	0.198
bhagavata_merged_12sk	devān	-0.457	-0.048	0.022	0.158	0.271
bhagavata_merged_12sk	kāle	-0.263	0.084	-0.022	0.369	0.436
bhagavata_merged_12sk	deva	-0.317	0.069	-0.022	1.272	1.522
bhagavata_merged_12sk	yatra	0.363	0.060	0.022	1.141	0.870
bhagavata_merged_12sk	prabhuḥ	-0.357	-0.061	0.022	0.369	0.571
bhagavata_merged_12sk	teṣām	-0.924	0.024	-0.022	0.778	1.733
bhagavata_merged_12sk	kāryam	-0.839	-0.025	0.021	0.040	0.372
bhagavata_merged_12sk	tasyāḥ	-0.528	-0.039	0.021	0.224	0.384
bhagavata_merged_12sk	trayaḥ	-0.152	0.134	-0.020	0.237	0.281
bhagavata_merged_12sk	taiḥ	-0.158	-0.129	0.020	0.369	0.425
bhagavata_merged_12sk	sam	-0.135	0.148	-0.020	0.000	0.035
bhagavata_merged_12sk	kuru	0.036	-0.555	-0.020	0.422	0.404
bhagavata_merged_12sk	daitya	-0.238	-0.081	0.019	0.185	0.283
bhagavata_merged_12sk	jātaḥ	0.241	-0.079	-0.019	0.297	0.240
bhagavata_merged_12sk	iti	-0.177	0.105	-0.019	4.602	5.396
bhagavata_merged_12sk	vratam	-0.094	0.197	-0.019	0.145	0.164
bhagavata_merged_12sk	tāḥ	-0.141	-0.130	0.018	0.580	0.707
bhagavata_merged_12sk	karmaṇā	-0.102	-0.179	0.018	0.277	0.302
bhagavata_merged_12sk	parama	0.058	-0.311	-0.018	0.593	0.570
bhagavata_merged_12sk	gaṇāḥ	-0.223	-0.079	0.018	0.330	0.435
bhagavata_merged_12sk	rājñaḥ	0.031	-0.562	-0.018	0.244	0.234
bhagavata_merged_12sk	kṛtam	-0.091	-0.187	0.017	0.633	0.676
bhagavata_merged_12sk	asmin	0.368	0.046	0.017	0.297	0.232
bhagavata_merged_12sk	sutāḥ	0.103	-0.164	-0.017	0.343	0.298
bhagavata_merged_12sk	an	0.574	-0.029	-0.017	0.415	0.279
bhagavata_merged_12sk	vinā	-0.097	0.172	-0.017	0.237	0.260
bhagavata_merged_12sk	tayā	0.289	-0.057	-0.017	0.409	0.321
bhagavata_merged_12sk	jñānam	0.023	0.683	0.016	0.514	0.495
bhagavata_merged_12sk	antare	-0.316	0.050	-0.016	0.086	0.308
bhagavata_merged_12sk	ādyāḥ	-0.028	0.559	-0.016	0.402	0.417
bhagavata_merged_12sk	ati	0.476	0.032	0.015	1.075	0.749
bhagavata_merged_12sk	hi	-0.383	-0.040	0.015	3.422	4.218
bhagavata_merged_12sk	bhūtvā	-0.913	-0.017	0.015	0.112	0.466
bhagavata_merged_12sk	brāhmaṇa	-0.481	0.031	-0.015	0.092	0.206
bhagavata_merged_12sk	lokān	-0.042	-0.358	0.015	0.316	0.331
bhagavata_merged_12sk	ātmānam	1.926	-0.007	-0.014	1.661	0.607
bhagavata_merged_12sk	śakti	-0.075	0.191	-0.014	0.185	0.205
bhagavata_merged_12sk	vanam	0.028	-0.505	-0.014	0.290	0.281
bhagavata_merged_12sk	etat	-0.191	-0.074	0.014	1.094	1.233
bhagavata_merged_12sk	pituḥ	0.037	-0.376	-0.014	0.224	0.214
bhagavata_merged_12sk	bhūtāni	0.353	0.040	0.014	0.429	0.321
bhagavata_merged_12sk	padma	0.141	-0.096	-0.014	0.264	0.228
bhagavata_merged_12sk	surāḥ	-0.327	0.041	-0.013	0.152	0.251
bhagavata_merged_12sk	artham	-0.797	0.017	-0.013	0.521	1.015
bhagavata_merged_12sk	na	0.127	-0.104	-0.013	9.527	9.100
bhagavata_merged_12sk	tava	-0.022	-0.591	0.013	1.062	1.080
bhagavata_merged_12sk	rūpeṇa	-0.179	0.072	-0.013	0.257	0.364
bhagavata_merged_12sk	jala	-0.040	0.307	-0.012	0.231	0.241
bhagavata_merged_12sk	duḥkham	-0.220	-0.053	0.012	0.145	0.215
bhagavata_merged_12sk	tāsām	-0.100	0.116	-0.012	0.237	0.278
bhagavata_merged_12sk	jñātvā	-0.204	0.055	-0.011	0.297	0.384
bhagavata_merged_12sk	strī	0.100	0.104	0.010	0.369	0.344
bhagavata_merged_12sk	nāma	-0.350	-0.029	0.010	1.075	1.454
bhagavata_merged_12sk	kāmaḥ	0.647	0.015	0.010	0.521	0.259
bhagavata_merged_12sk	bhūtānām	0.461	0.021	0.010	0.738	0.513
bhagavata_merged_12sk	vipra	0.041	0.233	0.009	0.316	0.303
bhagavata_merged_12sk	brāhmaṇaḥ	-0.062	0.152	-0.009	0.198	0.216
bhagavata_merged_12sk	kālaḥ	0.292	0.031	0.009	0.415	0.329
bhagavata_merged_12sk	satyam	0.041	0.216	0.009	0.264	0.256
bhagavata_merged_12sk	devāḥ	-0.515	-0.017	0.009	0.541	0.916
bhagavata_merged_12sk	ṛṣi	-0.044	-0.191	0.008	0.316	0.332
bhagavata_merged_12sk	tasyām	0.067	-0.113	-0.008	0.277	0.258
bhagavata_merged_12sk	gatiḥ	0.405	-0.019	-0.008	0.330	0.246
bhagavata_merged_12sk	muniḥ	-0.106	0.068	-0.007	0.363	0.413
bhagavata_merged_12sk	eṣa	-0.017	-0.418	0.007	0.864	0.874
bhagavata_merged_12sk	sukha	0.201	0.033	0.007	0.382	0.326
bhagavata_merged_12sk	sarvatas	0.108	-0.060	-0.006	0.310	0.282
bhagavata_merged_12sk	tapaḥ	0.108	0.058	0.006	0.791	0.733
bhagavata_merged_12sk	asura	0.190	0.030	0.006	0.415	0.337
bhagavata_merged_12sk	tayoḥ	0.099	-0.054	-0.005	0.277	0.257
bhagavata_merged_12sk	divya	-0.768	0.007	-0.005	0.092	0.282
bhagavata_merged_12sk	manasā	0.037	0.137	0.005	0.330	0.320
bhagavata_merged_12sk	śoka	0.009	-0.492	-0.005	0.336	0.331
bhagavata_merged_12sk	duḥkha	-0.022	-0.183	0.004	0.303	0.310
bhagavata_merged_12sk	balam	-0.006	-0.608	0.003	0.382	0.385
bhagavata_merged_12sk	sura	0.794	0.004	0.003	0.811	0.482
bhagavata_merged_12sk	nānā	-0.060	-0.053	0.003	0.587	0.639
bhagavata_merged_12sk	gaṇa	-0.121	-0.022	0.003	0.218	0.250
bhagavata_merged_12sk	yajña	0.015	0.164	0.002	0.442	0.437
bhagavata_merged_12sk	sama	0.026	-0.093	-0.002	0.270	0.265
bhagavata_merged_12sk	mārkaṇḍeyaḥ	-0.244	0.009	-0.002	0.046	0.312
bhagavata_merged_12sk	agniḥ	-0.013	0.168	-0.002	0.270	0.275
bhagavata_merged_12sk	śiraḥ	0.193	-0.011	-0.002	0.336	0.285
bhagavata_merged_12sk	sukham	0.436	-0.005	-0.002	0.376	0.278
bhagavata_merged_12sk	varṣa	-0.016	0.134	-0.002	0.435	0.441
bhagavata_merged_12sk	kanyā	-0.335	0.006	-0.002	0.165	0.266
bhagavata_merged_12sk	yāti	0.003	0.509	0.002	0.297	0.296
bhagavata_merged_12sk	ekaḥ	0.454	-0.003	-0.001	0.462	0.331
bhagavata_merged_12sk	prajāḥ	0.053	-0.024	-0.001	0.659	0.614
bhagavata_merged_12sk	viprāḥ	0.005	0.265	0.001	0.218	0.216
bhagavata_merged_12sk	cakra	-0.017	0.047	-0.001	0.218	0.222
bhagavata_merged_12sk	tejaḥ	-0.021	0.038	-0.001	0.264	0.269
bhagavata_merged_12sk	anena	0.017	0.043	0.001	0.204	0.201
bhagavata_merged_12sk	prāha	0.039	-0.013	-0.001	0.382	0.366
bhagavata_merged_12sk	dharmaḥ	0.149	0.002	0.000	0.376	0.330
bhagavata_merged_12sk	evam	0.231	-0.001	-0.000	2.848	2.622
bhagavata_merged_12sk	jajñe	-0.161	-0.001	0.000	0.218	0.300
bhagavata_merged_12sk	anyat	-0.000	0.139	-0.000	0.237	0.237
