"agnipurana_u" "bhagavatapurana_skandha-01_u" "bhagavatapurana_skandha-02_u" "bhagavatapurana_skandha-03_u" "bhagavatapurana_skandha-04_u" "bhagavatapurana_skandha-05_u" "bhagavatapurana_skandha-06_u" "bhagavatapurana_skandha-07_u" "bhagavatapurana_skandha-08_u" "bhagavatapurana_skandha-09_u" "bhagavatapurana_skandha-10_adhyaya-29-33_w_commentary" "bhagavatapurana_skandha-10_u" "bhagavatapurana_skandha-11_u" "bhagavatapurana_skandha-12_u" "bhavisyapurana" "brahmandapurana_khanda-1_u" "brahmandapurana_khanda-2_u" "brahmandapurana_khanda-3_u" "brahmandapurana" "brahmapurana_pu" "devibhagavatapurana_devigita_adhyaya-31-40" "devibhagavatapurana" "devipurana" "garudapurana_khanda-1_u" "garudapurana_khanda-2_u" "garudapurana_khanda-3_u" "harivamsa_appendix-29-30_mathura" "harivamsa_appendix-31" "harivamsa_appendix-41" "harivamsa_appendix-42_pradurbhava" "harivamsa" "kalikapurana" "karatoyamahatmya_pu" "kurmapurana_khanda-1_u" "kurmapurana_khanda-2_u" "lingapurana_khanda-1_u" "lingapurana_khanda-2_u" "mahabharata_01-adiparvan" "mahabharata_02-appendix-21_sisupala" "mahabharata_02-sabhaparvan" "mahabharata_03-aranyakaparvan" "mahabharata_04-virataparvan" "mahabharata_05-udyogaparvan" "mahabharata_06-bhismaparvan" "mahabharata_07-appendix-08_sodasarajika" "mahabharata_07-dronaparvan" "mahabharata_08-karnaparvan" "mahabharata_09-salyaparvan" "mahabharata_10-sauptikaparvan" "mahabharata_11-striparvan" "mahabharata_12-appendix-29_moksadharma" "mahabharata_12-santiparvan" "mahabharata_13-anusasanaparvan" "mahabharata_13-appendix-15_umamahesvara" "mahabharata_14-appendix-04_vaisnavadharma" "mahabharata_14-asvamedhikaparvan" "mahabharata_15-asramavasikaparvan" "mahabharata_16-mausalaparvan" "mahabharata_17-mahaprasthanikaparvan" "mahabharata_18-svargarohanaparvan" "markandeyapurana_adhyaya-1-80_u" "markandeyapurana_adhyaya-81-93_devimahatmya_u" "markandeyapurana_adhyaya-94-141_u" "markandeyapurana" "matsyapurana_pu" "naradapurana_khanda-1_u" "naradapurana_khanda-2_u" "nilamatapurana_au" "nrsimhapurana_pu" "padmapurana_a" "pranavakalpa" "ramayana_01-balakanda" "ramayana_02-ayodhyakanda_a" "ramayana_03-aranyakanda_a" "ramayana_04-kiskindhakanda" "ramayana_05-sundarakanda" "ramayana_06-yuddhakanda" "ramayana_07-uttarakanda" "saurapurana" "sivadharmasastra" "sivadharmottara" "sivapurana_dharmasamhita" "sivapurana_karvanamahatmya_au" "sivapurana_rudrasamhita" "sivapurana_sanatkumarasamhita" "sivapurana_satarudrasamhita_au" "sivapurana_umasamhita" "sivapurana_vayaviyasamhita_au" "sivapurana_vidyesvarasamhita_au" "skandamahapurana_himavatkhanda" "skandamahapurana_kasikhanda" "skandamahapurana_revakhanda" "skandamahapurana_sutasamhita_khanda-4" "skandapurana_adhyaya-1-31_pu" "skandapurana_pasupata_adhyaya174-183_u" "skandapurana" "vamanapurana_saromahatmya_u" "vamanapurana_u" "vayu_ba" "vayupurana_01_frame-and-cosmogony_iast" "vayupurana_02_pashupata-yoga_iast" "vayupurana_03_kalpas-and-shiva-lineages_iast" "vayupurana_04_bhuvana-vinyasa_iast" "vayupurana_05_jyotis-and-purvardha-close_iast" "vayupurana_06_prthu-and-prajapati-lineages_iast" "vayupurana_07_shraddha-kalpa_iast" "vayupurana_08_manu-candra-vishnu-vamsha_iast" "vayupurana_09_upasamhara_iast" "vayupurana_10_gaya-mahatmya_iast" "vayupurana_revakhanda" "vayupurana" "visnudharma_pu" "visnudharmottarapurana_khanda-3_adhyaya-343-353_pu" "visnupurana_amsa-1_u" "visnupurana_amsa-2_u" "visnupurana_amsa-3_u" "visnupurana_amsa-4_u" "visnupurana_amsa-5_u" "visnupurana_amsa-6_u" "visnupurana_u"
"agnipurana_u" 0 0.529734257974243 0.54864443742799 0.541888791525878 0.551389524550291 0.547142770024289 0.567198051207327 0.591874723087264 0.570362718189084 0.558490986981808 0.623329660116226 0.561363876857891 0.560275723738265 0.458475978684805 0.340373604310306 0.442550852982562 0.400101189208105 0.363466048036551 0.359505613100573 0.38868089481454 0.481969184163291 0.421469302899214 0.342907497348808 0.228532245779493 0.386402350720868 0.482001816381349 0.417689363037699 0.514857092796402 0.476046911247255 0.47856114401688 0.443298042747985 0.420175489616694 0.585709583026107 0.407112375893544 0.397467464789515 0.362614528787215 0.315622466435991 0.507712530128976 0.472558454760846 0.486991126069395 0.504648099762649 0.51738592633315 0.496340085485832 0.474032403626287 0.474043307124299 0.499851496002168 0.479881508215591 0.485683767934721 0.484610186410519 0.507776092752833 0.507260625417775 0.454052219088272 0.447225956451815 0.425234496816567 0.466142652020868 0.488725535857858 0.542270972257011 0.541580829265594 0.585927282021772 0.540555344989063 0.444935764837852 0.505368198634297 0.548463719819371 0.47264490251241 0.329494861673263 0.284697564805874 0.495271185041463 0.412698076759471 0.465933160253148 0.483443701730446 0.576798053193212 0.521820704112039 0.515092736630804 0.534343514918618 0.499092248180313 0.554686371345105 0.508918995852937 0.540981444252001 0.438042624203891 0.530203403163714 0.422890854971178 0.442796068076405 0.50401625689252 0.517663995066667 0.42978264056053 0.570438100386355 0.383261594240263 0.380751896944084 0.354008275085541 0.471487034990621 0.514483247672407 0.398305936424402 0.456801352108409 0.502424617208841 0.438286129986073 0.470515171694381 0.482905801915811 0.464670948258925 0.444355974878155 0.452124112274136 0.47458745193227 0.468361684256056 0.482704763718019 0.438535243478273 0.489388632769573 0.448496361797804 0.473687716369714 0.444696018969812 0.402215549118965 0.482495109380326 0.416311356021775 0.429932006160115 0.509253693019769 0.459437922569132 0.422099123861689 0.3853146669222 0.522448549250962 0.532976996885043 0.493327077914508 0.437685348715587
"bhagavatapurana_skandha-01_u" 0.529734257974243 0 0.345177691296536 0.304170621332704 0.249667266007366 0.376339739449857 0.31604045076245 0.335428195152465 0.326274153169201 0.35659467452609 0.541306766860313 0.275294270935258 0.363172851181946 0.343109816650543 0.459491513157476 0.583378037681758 0.491176010830381 0.517933560596255 0.514395484054674 0.448271103036655 0.511154841827357 0.426021650264273 0.515713544297081 0.544349688763327 0.460967434131789 0.57860564414832 0.469163327015225 0.458462292659633 0.503225065123775 0.562975127638614 0.447563148095308 0.451566196817563 0.587366281353006 0.446045430291968 0.49233873897949 0.545517658912495 0.543637498583899 0.434860263877467 0.547247694152249 0.43026429700343 0.419242581114351 0.412770158080553 0.424225260318302 0.472286903015005 0.471394726536338 0.461822480215615 0.438176071636222 0.503696542429869 0.44980662856308 0.411319010267957 0.514724569724367 0.425910635422096 0.45721441019335 0.517413932298163 0.551584971173886 0.452771893341697 0.508424738918139 0.553553731973156 0.579152797745189 0.525765052262141 0.437130957809032 0.507278404353816 0.490086063613055 0.439623343289878 0.463505181361611 0.463618295378565 0.42729788021932 0.567581985691717 0.416023058188382 0.406636993328278 0.585049322822394 0.488917363495708 0.458642491301674 0.435601250466015 0.460474513573639 0.469822207702126 0.437048352454157 0.448029613925373 0.430333428040045 0.556550742711737 0.511684599030555 0.42132145576177 0.531510447457064 0.44452699913216 0.476982425689296 0.441200658412198 0.462387846329658 0.462628871662663 0.519791238630569 0.51982180888679 0.414778627716561 0.464644318420184 0.57229049160543 0.519984195391633 0.508963547891778 0.458536120112125 0.494314875875556 0.466928344632981 0.575478263002803 0.594195314369795 0.612552420045079 0.557926687039122 0.645135815407584 0.6005608488306 0.631904526669966 0.595530886573778 0.569222547662313 0.589601410260141 0.502405249685727 0.448788452140941 0.553844454792854 0.459987530816605 0.477308472071466 0.472009182153848 0.473182541572386 0.522741194173299 0.553900204396241 0.431898824729955 0.467363041126149 0.430631181689174
"bhagavatapurana_skandha-02_u" 0.54864443742799 0.345177691296536 0 0.33684839231702 0.347166420606113 0.403535483720389 0.382579021730246 0.374951808973796 0.415869893091802 0.4140731067492 0.534001172694116 0.385870461854802 0.329173508851318 0.39464798443197 0.488051505675492 0.613276796807829 0.549030476173453 0.533102306539896 0.549709016208316 0.509351332399531 0.497147936539455 0.467919893046589 0.518696241708002 0.545865596276852 0.465583646562428 0.575119715573627 0.55671977234785 0.525797988631395 0.583945193030909 0.639135808404654 0.543730472887825 0.504391495648506 0.559657513389578 0.500715785021404 0.497975075659779 0.571605969078789 0.560407407255416 0.520386994413161 0.615142837288007 0.524647069946176 0.515650845021967 0.508660372384275 0.505922498100703 0.569164244461502 0.563269288645822 0.553561899939794 0.556993200092503 0.605769095523817 0.513400290242396 0.516593506395217 0.53860118820026 0.497541797674937 0.509035173734579 0.530657424175496 0.572992917115966 0.524703724161092 0.581827483398835 0.600088411795109 0.614957607823579 0.573598951116303 0.488636760976422 0.574643861162576 0.519637991687681 0.490527125008686 0.517967449243952 0.473823840762068 0.434068496213338 0.624559894576328 0.479073325052714 0.470457788702884 0.581735530075518 0.559899394869369 0.535912037286081 0.517923554361481 0.53600291792205 0.539583604914583 0.549952352111807 0.554529327294977 0.433468417071175 0.566692194143273 0.522676573708659 0.476069551876728 0.561869667004094 0.4966040548712 0.510520239814496 0.496997955495176 0.478229956487528 0.494956862833525 0.530596086905613 0.598325480604372 0.421030733923412 0.509015026313103 0.561133625852348 0.585630052208552 0.548712910665048 0.549812501932067 0.510842067507782 0.536180826782517 0.613701950202345 0.612891977244394 0.600924758301807 0.584295686055571 0.658080245805275 0.63286243316191 0.651098076557398 0.616106411597083 0.628449502801154 0.607466682686466 0.522079693258073 0.493245450206302 0.589910132608056 0.471668150948186 0.537803782846916 0.509585937051993 0.501410597139352 0.516666246869513 0.579469992031159 0.501539275709746 0.472204085640563 0.476380213619417
"bhagavatapurana_skandha-03_u" 0.541888791525878 0.304170621332704 0.33684839231702 0 0.24890597612422 0.378114605626552 0.333859421965096 0.342042335119739 0.34759574282951 0.358177122439997 0.52394302501352 0.290531776758535 0.369730719939181 0.370159598675618 0.458131372371552 0.58017860593203 0.48924834805398 0.508422936226367 0.503130348580403 0.476303477794852 0.520654400759297 0.45994930465821 0.491815043243157 0.539753640929147 0.48427863963059 0.582038639946693 0.479455372702418 0.490233337030347 0.535233870359519 0.582122791711268 0.46222588766234 0.457006781041736 0.58301878761948 0.452342770224204 0.499875253009226 0.539418340680407 0.5496980666613 0.489736849766354 0.549469779412084 0.494381156752394 0.477234176654314 0.476648433449691 0.467538362735245 0.516323355069572 0.508920465865097 0.503601849253237 0.490318232279361 0.548569972778634 0.481324838081196 0.476139587734463 0.554164456388471 0.466047835280471 0.479492311112079 0.526566421819356 0.586386662490928 0.496610516792692 0.553027317113763 0.575909712538022 0.606308954296899 0.55825747019985 0.471493238996967 0.514455874182924 0.502664770429716 0.462544696074258 0.483900187270131 0.462989112635375 0.438639416087714 0.593022648823198 0.42128699072263 0.43197627015659 0.569632264787192 0.513942311733449 0.499773784052843 0.483319386858284 0.514798225181736 0.524379614500378 0.485757462909444 0.497023574918716 0.429866046751601 0.575683482198937 0.55255957703479 0.436463081929357 0.56957548175001 0.437262754455454 0.484278003366164 0.450301966923153 0.454871981715161 0.483118407958415 0.536844338079414 0.550528049160304 0.431176491480943 0.493918660161015 0.58546088069636 0.530553549983579 0.526192916958534 0.47984932249732 0.48431812516456 0.461312295371535 0.575946015942604 0.574063425444704 0.608872577481749 0.550994476109418 0.652717408468746 0.605527370368669 0.630452538196112 0.590148119355948 0.579743977004829 0.576814753395785 0.508189787415777 0.483063717545173 0.554726779999907 0.447480951767735 0.518102569779382 0.46002826436374 0.497134976513874 0.530219304132533 0.563663743965412 0.444647337498696 0.482257616161147 0.452637009570249
"bhagavatapurana_skandha-04_u" 0.551389524550291 0.249667266007366 0.347166420606113 0.24890597612422 0 0.351412684195066 0.322374367617173 0.312983715976598 0.311347709624269 0.342370649742809 0.511499449984647 0.270926396951673 0.34956598910779 0.374623707932208 0.464280397115274 0.600488764565977 0.499189898177949 0.528225995304799 0.523409115710072 0.457740807807365 0.504099757125665 0.446144975833175 0.503424686209778 0.561713719642241 0.468726031397871 0.574315580193814 0.486619319565026 0.489125055843121 0.536211416257642 0.580372995888988 0.457763219341193 0.474928406778871 0.58109585682152 0.442555468341549 0.50281335516463 0.55000539260426 0.549068736456155 0.47933383687423 0.559803074825393 0.472135228844906 0.460134842350782 0.466918445071052 0.456427530186909 0.506642138869764 0.498249055709745 0.485171598154788 0.482353673089333 0.54101482964004 0.467531845389336 0.438789478379814 0.538431322914692 0.446542914088178 0.474056441686197 0.51843237674836 0.574870749228644 0.493391030153455 0.549189236986082 0.585183811196401 0.607956538698369 0.545208401091461 0.467388933324517 0.528334972569023 0.500101795791725 0.459905494031935 0.485209473764232 0.464771310669085 0.416754987975794 0.585787986639589 0.429291965465894 0.4256515306126 0.566534714216306 0.498074746493874 0.484129742596751 0.452656597543599 0.476759561783742 0.488070294444674 0.451376815634693 0.471391991424102 0.421557885735907 0.546229076838355 0.507878897252148 0.412815555826749 0.555115734733548 0.458922521862264 0.481117906355086 0.464622826073281 0.453626230927652 0.473994266508143 0.529040973079591 0.546166222889153 0.40265599398583 0.48842139744359 0.571999026217595 0.542101504188311 0.515208156592337 0.473292981201195 0.486092485036301 0.463830145829708 0.58504060916859 0.605741984061918 0.614494745517919 0.569735253524229 0.656367792479863 0.617266171943621 0.641441088097655 0.59896542577698 0.579050323618054 0.592992410802655 0.509612248936237 0.48369472391448 0.559465059836962 0.436819487132015 0.537490504017531 0.465941811117581 0.512204296308313 0.52652642207417 0.565783522828066 0.474566049099289 0.482398240266835 0.450012874458445
"bhagavatapurana_skandha-05_u" 0.547142770024289 0.376339739449857 0.403535483720389 0.378114605626552 0.351412684195066 0 0.355533650040714 0.391167264185874 0.436853725561578 0.397064297099267 0.489187292536471 0.36459525573058 0.401495249184017 0.362422196989063 0.442586926291266 0.58595572053062 0.508717599219528 0.495635177537288 0.513523850560882 0.501016595841161 0.495532337473604 0.484079137281481 0.497557786473809 0.517440959749754 0.477747689543374 0.559021493115627 0.54142802153488 0.494671249277834 0.583177974496254 0.624384339208912 0.514212578836087 0.483869560040886 0.555400487165167 0.478036899753969 0.509791175297647 0.52472856588792 0.496349265876921 0.527895871127698 0.599831426019211 0.53459119332323 0.515300579939391 0.536543122100356 0.511405558823085 0.563619887730947 0.528636657808422 0.563506980102212 0.555390735864697 0.580726881657606 0.539052729536079 0.51152209869903 0.534852861936517 0.49316906797281 0.521538330076981 0.558927207991627 0.598455778449248 0.529919638858557 0.576566598468304 0.589349720267233 0.642225332608549 0.590986037163087 0.485182730735995 0.552897692295316 0.542473042048577 0.4873009789892 0.491501966656984 0.447996335837853 0.49808001389305 0.612202258511662 0.455435603429903 0.443390665356526 0.521794563062393 0.565949873589815 0.549765302775575 0.545406031189707 0.569963597356666 0.575108635192391 0.558887626626843 0.555876051252962 0.408727123296463 0.581841285501561 0.550170646594698 0.460502955039681 0.604834297192388 0.480063751328205 0.474969847926319 0.492924347969179 0.466267182082194 0.459544100381634 0.466953373178531 0.587457906939095 0.406682374431739 0.51248252017303 0.532597726124764 0.570184338129353 0.554316033969376 0.522852241580102 0.526103879320081 0.51081139397601 0.584539991870635 0.615189633647774 0.581813666231072 0.552690453591538 0.636316202481079 0.609047138060014 0.626254087936461 0.577189204283863 0.58748895008167 0.588148707191255 0.526608766187738 0.499710933165468 0.554047792180222 0.50659000112773 0.527952631504799 0.51276258827381 0.497737048551418 0.514291966197063 0.529073860686997 0.502698035691102 0.503030130243015 0.455159978640046
"bhagavatapurana_skandha-06_u" 0.567198051207327 0.31604045076245 0.382579021730246 0.333859421965096 0.322374367617173 0.355533650040714 0 0.232628474205507 0.276857394243286 0.343376137421367 0.531465904514482 0.277520557977256 0.281629322250048 0.35664771658367 0.454701225265924 0.57351893492215 0.4722540659024 0.502712417213033 0.490208667734875 0.450433897284603 0.478548841979318 0.425922177199474 0.518850199817613 0.535122760563673 0.414709472616021 0.535937668540985 0.48544510599301 0.473760678425297 0.536490718758052 0.59876835366525 0.469029211069281 0.456514551895826 0.557967004203 0.45933614594169 0.470576153357814 0.523473810351529 0.545891146009251 0.427397507057829 0.563081901614183 0.418463368696656 0.412825751502073 0.41633929536516 0.402510623072641 0.514899573687169 0.480406403878961 0.501878730280445 0.497558640041052 0.533192631121197 0.443861299507022 0.428927410758688 0.497463630087168 0.388913682277758 0.414012926309999 0.516324631549802 0.527094335224177 0.443160712113281 0.513762251994658 0.544649779035004 0.558143752469785 0.53231878751128 0.441655386353227 0.497613782031739 0.465593592288336 0.426590252717447 0.466940383644616 0.480216405889037 0.409829915660326 0.568375818919204 0.411369145193476 0.408509615249209 0.600184070532085 0.483097014710041 0.476002974485546 0.490515442528302 0.475559540854598 0.492724188246946 0.488256568932312 0.465891600938699 0.394130745530858 0.56853828672705 0.539147817354621 0.443339932184515 0.52326879846863 0.425774453834251 0.486280106957637 0.415552097007935 0.450495101614295 0.466619973574037 0.520851799204664 0.547362093059229 0.397915111414763 0.461025958834245 0.554098854253636 0.521414576246756 0.529367295457458 0.462192464177219 0.476308878755089 0.455180992635141 0.558199910036134 0.582830323209348 0.564684445916846 0.531725630723776 0.648279537396175 0.5859909111192 0.613091767374908 0.585241676833721 0.563793753228077 0.562443719188037 0.517458167675053 0.403811865781506 0.536547207467393 0.445524180490298 0.486629025330959 0.414882769644987 0.476957171440873 0.493192549932187 0.553698050622265 0.402498696290594 0.437260000556776 0.398871885226136
"bhagavatapurana_skandha-07_u" 0.591874723087264 0.335428195152465 0.374951808973796 0.342042335119739 0.312983715976598 0.391167264185874 0.232628474205507 0 0.281250335604779 0.355075486162432 0.525224996207354 0.267299537291384 0.280997448895922 0.383265394916567 0.504074402581992 0.619499795248475 0.540453689817085 0.541309143403309 0.550746038591233 0.513153809406713 0.491968466368026 0.457148977210595 0.544739155110904 0.572469595888539 0.463063636533397 0.552638137486376 0.536062169672982 0.508019468036223 0.599710594162889 0.641366157210925 0.536447006873914 0.517193333855773 0.555998099640289 0.507229243944664 0.520779207436768 0.566463603992006 0.561041144307092 0.486579239823328 0.617982034699219 0.473643534057282 0.481340492053227 0.473318957312766 0.46584323627562 0.567564260140625 0.527407182695738 0.554088390818238 0.551482251195916 0.601595793782355 0.49619426173762 0.468616899164832 0.551308505688534 0.44151996191171 0.469558842484385 0.546281686454296 0.573905309610476 0.491662920986935 0.566871909771235 0.612736914133176 0.590170357525779 0.564796209407617 0.487322485996428 0.54589019041145 0.520945143501343 0.482753898263685 0.528065007281253 0.51532850136172 0.451431556864403 0.606526762069108 0.466639224455701 0.457391311592316 0.5850221937333 0.558606147033678 0.519384049175383 0.519948603550625 0.52411993934062 0.53521827942576 0.535372546495046 0.536160017920214 0.440199032062403 0.617451818986308 0.554157076664984 0.487578041907628 0.574432264084196 0.47239277614875 0.527957711852204 0.455083961762644 0.48246894772244 0.519228042182524 0.53561450250675 0.556352776508929 0.439553698241439 0.509513994165292 0.572771438916527 0.563688218495356 0.560063021412615 0.532232499625273 0.524417893500301 0.524109778487207 0.616208188614028 0.631358378711676 0.611472553916761 0.588772600816543 0.676323383655509 0.640315653462143 0.658707191522523 0.61331997846799 0.621254316416525 0.622130399761037 0.542217494726277 0.457879905991674 0.596483860600624 0.478084961185886 0.520923935491877 0.451338278022497 0.517141709545382 0.531231210688711 0.58375740650829 0.437600544239744 0.473625428289929 0.44045818860071
"bhagavatapurana_skandha-08_u" 0.570362718189084 0.326274153169201 0.415869893091802 0.34759574282951 0.311347709624269 0.436853725561578 0.276857394243286 0.281250335604779 0 0.325155290706385 0.56447029657766 0.24595805335476 0.359856076513856 0.386187438869818 0.457246991304793 0.599897536246678 0.485683220994244 0.501091958344728 0.516627518420493 0.438340526958935 0.487456868269496 0.412732175848876 0.504251035485871 0.550585166893981 0.454805844292591 0.561111799914265 0.470029517323519 0.461498536474322 0.534666488451101 0.561610952154049 0.445460744853448 0.464861104787497 0.554777819699179 0.417489140839257 0.51191309165049 0.529310432790681 0.537244700865482 0.419807126050028 0.534258359322752 0.444902566825974 0.414410029504335 0.444683492437118 0.46360104525601 0.491877890198628 0.462630721342626 0.484624623132821 0.492029160971109 0.534868717136985 0.440363009594963 0.448225164028798 0.551087515067741 0.45363675940848 0.452203186736406 0.538613465406169 0.589424895942234 0.4562775708503 0.514765117787155 0.558695673792177 0.585450574374698 0.524912382857563 0.452793147975555 0.467047148197501 0.450955120657005 0.425125163946809 0.485378663935638 0.49843410345807 0.455669414213556 0.551045746784576 0.389095334700157 0.383156935791224 0.584294655425064 0.483679268981357 0.483303205566294 0.459117821040074 0.485310373916389 0.499347540502953 0.457214813083533 0.459368106229701 0.388605658106618 0.580550748530175 0.53722047319871 0.439431166839376 0.500092279554542 0.409640051750749 0.452792402425663 0.393404985005326 0.453763240979372 0.479817406934059 0.540437342627314 0.518138476595085 0.424651594995652 0.442115291174675 0.565950895675582 0.48394227381837 0.528012575780675 0.450983867562281 0.438845161650082 0.444134013056331 0.587990006102957 0.608446606184933 0.62174890791976 0.547642436385353 0.649612007509216 0.621127436076834 0.637071480848586 0.601339883754151 0.569804270087966 0.601384822801959 0.52660898458376 0.39367740092055 0.559177246467202 0.471340561692498 0.466678140354829 0.367281073575135 0.497274286400199 0.529808886202947 0.568200733855527 0.352895081053524 0.428038902320753 0.395681538397022
"bhagavatapurana_skandha-09_u" 0.558490986981808 0.35659467452609 0.4140731067492 0.358177122439997 0.342370649742809 0.397064297099267 0.343376137421367 0.355075486162432 0.325155290706385 0 0.565686511925991 0.286764995592655 0.419982203896539 0.328501335270104 0.437018581690037 0.577296036872037 0.453297137882214 0.489932539812085 0.490115450415458 0.445014838679687 0.47982788025897 0.430749105367648 0.530335486655495 0.524112428578045 0.45408667796592 0.553562458611727 0.485441566141572 0.484587660428515 0.550174354793029 0.587172406119813 0.452809658088271 0.448471657316483 0.585220929504224 0.431751960163354 0.505889344036329 0.530508954748901 0.523476201168107 0.458122031583413 0.532095294404103 0.481859029247811 0.458457219415615 0.476372348371767 0.486522108448387 0.510009150735586 0.446059366418948 0.493027304800631 0.501347736705248 0.530758983096336 0.470181307239264 0.476769442588037 0.572649434832385 0.463196062655657 0.487674513789447 0.572148091375475 0.574246576330645 0.481337813624588 0.540394109585832 0.53721203236548 0.606561581227503 0.560563564638631 0.437655965035953 0.518098038442152 0.486235806386196 0.440365284843018 0.47401085195997 0.470667433356446 0.466979831984876 0.56542139790318 0.391795743365225 0.411706682719601 0.586364016023909 0.484802179770129 0.509992766828832 0.480971111655567 0.500925780788778 0.507488425551368 0.476993432923326 0.47894451401711 0.395397685306405 0.598631967922006 0.552892732353753 0.439555179814008 0.556534882851089 0.434856909691965 0.492247694566371 0.439756585726778 0.436872596896385 0.456886490655494 0.51801055340906 0.548463116021834 0.427415106801672 0.482300518742811 0.583625940878792 0.515494184952006 0.541684151518846 0.486300949993392 0.470617853166785 0.449205931252725 0.560645209737128 0.5871781397266 0.596952948497782 0.53703018943989 0.634415600577758 0.599966690273375 0.617575612994681 0.597299426487561 0.515350842442806 0.587882430484611 0.508202650269479 0.447260161785565 0.541296236615213 0.514798644550564 0.469516212744185 0.436735708593595 0.478317457007606 0.516250114903997 0.477089704212112 0.431487507450401 0.470177546007474 0.396282708750501
"bhagavatapurana_skandha-10_adhyaya-29-33_w_commentary" 0.623329660116226 0.541306766860313 0.534001172694116 0.52394302501352 0.511499449984647 0.489187292536471 0.531465904514482 0.525224996207354 0.56447029657766 0.565686511925991 0 0.524129227687397 0.53536155525316 0.519471198019696 0.561910352322629 0.653569140944392 0.601113335764465 0.548689722814944 0.59582107223879 0.565175982060567 0.524796156720815 0.552775853748106 0.556876895443831 0.601191480174607 0.539670693634911 0.599298277677945 0.59352489512305 0.57879638125722 0.656305506216696 0.67475605417488 0.607731959818176 0.560794194176671 0.581357056843037 0.577307894318394 0.552567319886833 0.606774045062281 0.571902812125474 0.588033214866621 0.664593236174668 0.585809347219397 0.587248699183852 0.603656499904194 0.578368622020511 0.61694830926765 0.6293823390618 0.621164590303398 0.62272427747792 0.635852927444211 0.593122560272151 0.585895324260923 0.527151597673883 0.565656776666359 0.580880017030538 0.551819777465971 0.612465584177924 0.584258966434099 0.621042190012653 0.653966566949294 0.651526433358153 0.638264320255751 0.550640752323858 0.602102824167177 0.584552627545608 0.551386249841079 0.598233679880211 0.539706921369397 0.533103147371087 0.655238229671201 0.550976029555441 0.532270681861535 0.423034747834153 0.613984541162067 0.591656033456827 0.607491509922422 0.620926937197862 0.619585397549994 0.624568850971933 0.609074391314478 0.513248164697738 0.62956898089536 0.584982438431174 0.545577970340076 0.642360771776544 0.55449512003446 0.561540334134192 0.581275821987963 0.563336264434076 0.484873182584746 0.540246151866836 0.659393589529656 0.415117751355876 0.593031642477433 0.570040755500864 0.634501912003886 0.562512710554102 0.601486214996131 0.596653146859974 0.589808209377539 0.653774384064812 0.648492822269082 0.594971089940122 0.63770138373783 0.696329059101164 0.671883790886461 0.686923077456755 0.614242978707258 0.657980751770474 0.636425462072961 0.607904995134534 0.5748390705066 0.632349498035318 0.537220560035896 0.61786777111774 0.589268373568075 0.54797158453616 0.568105460990882 0.545641525176986 0.548079655706233 0.518547061694885 0.530900785223766
"bhagavatapurana_skandha-10_u" 0.561363876857891 0.275294270935258 0.385870461854802 0.290531776758535 0.270926396951673 0.36459525573058 0.277520557977256 0.267299537291384 0.24595805335476 0.286764995592655 0.524129227687397 0 0.327045724432709 0.358136723913514 0.454805691158944 0.605083510407514 0.490307804218086 0.507253074671744 0.517254477623645 0.464580188314739 0.516950899194241 0.426957275549795 0.504578672378682 0.544119460781591 0.469334241467162 0.565972548361195 0.478873772035742 0.470434238425321 0.554574617316414 0.57874651036542 0.454612553864742 0.464906267164506 0.577350514874094 0.45493260995994 0.533048657563001 0.547168780798453 0.550672048410526 0.46253475759562 0.563599921946783 0.473531087825951 0.44277656809948 0.453290501310172 0.477630580109371 0.489439502670961 0.48690881179366 0.470025680724461 0.463966017529117 0.52139042949675 0.470223869690574 0.466453874993462 0.560985078303389 0.464591575379889 0.490841817857314 0.560676172028604 0.597790220902957 0.480379949189856 0.528768441844713 0.555683619533804 0.604626796668078 0.567000974545179 0.47345186243679 0.489396939533551 0.496326506607146 0.459612519771721 0.499318842153005 0.479630357485025 0.462798582123142 0.574909743191154 0.388145824252345 0.391331318086378 0.576793870959924 0.502399130885771 0.482601897199742 0.465407110811826 0.503702071089201 0.501290885149879 0.457552757269413 0.480311004244252 0.424831348138268 0.599606543263598 0.541449294272717 0.433463231435604 0.549720125928605 0.405590143190913 0.506856692024706 0.424891017999556 0.468201444362462 0.484923275037806 0.535419943528172 0.527864702613451 0.429887481707877 0.492247119847542 0.598521531749883 0.526253048564382 0.56444471264911 0.47421869719969 0.493315917828771 0.44205305588451 0.591236463930035 0.61565430207946 0.619314393711187 0.57290656696264 0.649617255825834 0.620245374734816 0.646338447023331 0.609046459017526 0.57489596965897 0.600540324053617 0.520580703243841 0.438030092652233 0.56582965325388 0.510501959396824 0.488945126818566 0.446039375144807 0.495846020346027 0.543462131709235 0.551002748669279 0.393071380576942 0.452852145518443 0.412120646641813
"bhagavatapurana_skandha-11_u" 0.560275723738265 0.363172851181946 0.329173508851318 0.369730719939181 0.34956598910779 0.401495249184017 0.281629322250048 0.280997448895922 0.359856076513856 0.419982203896539 0.53536155525316 0.327045724432709 0 0.403777731642887 0.493032111665344 0.622592789778351 0.542574477596583 0.540116265173646 0.553393008957263 0.506972976952464 0.476667107479274 0.442050021241488 0.508222251985686 0.551703099671936 0.422115982864315 0.538408537019415 0.526522119024573 0.517829410940597 0.587530490280521 0.643827442116588 0.542677981648852 0.50464035314748 0.551771815264896 0.51502672807771 0.49308829016926 0.551463668586518 0.542911021648155 0.495615154453493 0.627384674384801 0.481320983229595 0.470194256149933 0.432740517645119 0.443461514199096 0.56456305955012 0.531823769328645 0.55157835253748 0.550818667747886 0.60291696778687 0.488340178749618 0.456756848765447 0.544526709072952 0.436641442951962 0.460102644987063 0.509917944371722 0.551400519666289 0.481227306609977 0.545473544966797 0.616881305738554 0.601692973206353 0.546685576064733 0.476988777140105 0.554315452564527 0.505084958877186 0.472934943080283 0.523689594582536 0.471994476728251 0.393757342169007 0.598151934050189 0.462099939997989 0.439673121955393 0.581268765264565 0.558858409436084 0.477884715914596 0.490991553577864 0.504030198928709 0.485678645267355 0.538900035208709 0.531531423671888 0.425913590149102 0.576481341055524 0.540354886388035 0.477170234806723 0.572861581612065 0.478358138234677 0.51357845583615 0.462757403029962 0.494571810544259 0.498910675732275 0.524836642369673 0.586681881162106 0.433665259071395 0.515442365261622 0.552222915551375 0.55997457202967 0.545081346634042 0.539291929050461 0.534135472057957 0.517207043212307 0.615011916448273 0.629282823519935 0.588999281410205 0.577974940685383 0.659296082854138 0.637335152341973 0.656043931141839 0.600345378845222 0.620480701087065 0.603432284228497 0.507334243283558 0.459292812384882 0.590550773660034 0.471836431839997 0.515175583249779 0.484653728452215 0.511592182269012 0.51534862551292 0.564776222083245 0.466798320824465 0.458706707878704 0.443391224793321
"bhagavatapurana_skandha-12_u" 0.458475978684805 0.343109816650543 0.39464798443197 0.370159598675618 0.374623707932208 0.362422196989063 0.35664771658367 0.383265394916567 0.386187438869818 0.328501335270104 0.519471198019696 0.358136723913514 0.403777731642887 0 0.373650116858865 0.515917142333175 0.424589976495915 0.411136922577741 0.427130816437851 0.405185617961473 0.416191205733707 0.391386132418587 0.423676194596983 0.446253455386622 0.389166894534189 0.517690443269829 0.440761359103876 0.434577367584834 0.482042879303083 0.529334735212048 0.430176508338722 0.401616803172231 0.50067758612036 0.364290576549243 0.431325421608177 0.454564275448392 0.457201288691026 0.451626560854782 0.48613984781422 0.459522444504888 0.429091321388952 0.458283660068855 0.451526188519614 0.473003817691253 0.459018866629241 0.45910903137165 0.462878283270421 0.494795858881664 0.449967991559519 0.422898717520091 0.492219336219336 0.427286661349363 0.446913346787938 0.497222436574123 0.524677423195325 0.455436731604436 0.516340144764045 0.507603504514233 0.570419287654057 0.535418648067913 0.414241405392304 0.46365307545482 0.481374837878401 0.417855487950727 0.395632255189616 0.355090966725255 0.460379707361132 0.527669914824115 0.352856387387537 0.343232360010711 0.527728699085785 0.480471870074572 0.492155394717752 0.474885507982347 0.507107378172529 0.506223475418173 0.480669011869637 0.479971512384445 0.326105872373909 0.527433723120506 0.474517983057329 0.393743764583511 0.510753664970373 0.398564954726116 0.418212175018554 0.422463913785456 0.392522447623549 0.393304212236511 0.417476485039273 0.51113408702311 0.402807041120969 0.425255946803902 0.525062275099262 0.487654446937956 0.450559430506613 0.460302848218752 0.435632444130464 0.402910662014217 0.513011739219869 0.522676595115655 0.535280405162874 0.493079541330547 0.589180721665269 0.520268793738252 0.574865423406594 0.537051875345194 0.514236545941016 0.501760847881138 0.463529411764706 0.41202426957391 0.482464454576869 0.430317271600927 0.413765364581738 0.389098131991274 0.40690578582194 0.426079982932588 0.475724672582466 0.390657081004633 0.371673174367757 0.354484978935035
"bhavisyapurana" 0.340373604310306 0.459491513157476 0.488051505675492 0.458131372371552 0.464280397115274 0.442586926291266 0.454701225265924 0.504074402581992 0.457246991304793 0.437018581690037 0.561910352322629 0.454805691158944 0.493032111665344 0.373650116858865 0 0.380307697703584 0.224750166240517 0.288095144540723 0.234544436840846 0.22830558535867 0.380534900836591 0.22757378566946 0.26451544722074 0.302895715541698 0.218823866002825 0.380969714256863 0.306761246348927 0.380988656897537 0.43445445324728 0.444143578107152 0.306017213109801 0.256952257369238 0.513172970102702 0.282210997477899 0.322193371055828 0.263033852157583 0.281282379551134 0.348557872577042 0.424933044819421 0.37004517663193 0.352935469678394 0.385737495678708 0.373825836785171 0.393601160622703 0.326809307565616 0.394644841984025 0.391255343619852 0.392165669302604 0.347929658106908 0.376354551132252 0.404964797808186 0.331603111249406 0.319594996687484 0.362288674085049 0.400649544721906 0.353350572765432 0.428949031066232 0.458757565823628 0.511374070479917 0.449511477123353 0.2666404174761 0.362569384402388 0.37569877408085 0.276113357369811 0.215654534020762 0.272132587319252 0.367115024739036 0.364203383642885 0.257223170634046 0.296330382321917 0.577049515288421 0.396667206441167 0.396328353905978 0.421082134741641 0.397420083878639 0.447186949279675 0.400508382509283 0.413960021199119 0.24717390939209 0.484683039493392 0.410596308322256 0.295181919795452 0.390416604971227 0.312184215343107 0.291800710342728 0.403402298499147 0.181836489627985 0.263890091235699 0.30435916608644 0.40586232406418 0.354734977985364 0.241152261552675 0.398183924729705 0.377582690793524 0.375035216231851 0.346478181905557 0.286384429238012 0.31405950979081 0.363799226007845 0.409118543991089 0.392485329591802 0.36252484523784 0.463285810572379 0.408777566375956 0.42998480130568 0.369664455379327 0.361065111494656 0.405557336765257 0.332944503689546 0.271109784323211 0.31544526688948 0.344704456118206 0.39054731104831 0.296970174275911 0.310960802655499 0.317069751020887 0.433017990836565 0.373672999348271 0.349723202986431 0.247496169113695
"brahmandapurana_khanda-1_u" 0.442550852982562 0.583378037681758 0.613276796807829 0.58017860593203 0.600488764565977 0.58595572053062 0.57351893492215 0.619499795248475 0.599897536246678 0.577296036872037 0.653569140944392 0.605083510407514 0.622592789778351 0.515917142333175 0.380307697703584 0 0.285945105110624 0.409982899116418 0.237683105104314 0.384524969273164 0.514665377979911 0.462235502307413 0.450401504998756 0.416686537477834 0.418249790640114 0.384145279970015 0.426910559810833 0.51076182360563 0.384431052192417 0.448598065471914 0.390702956913457 0.429867252589783 0.609513048530274 0.417806604857594 0.450163953720337 0.257675895422143 0.401024812387374 0.44740131996795 0.478936411721191 0.448341422405021 0.465431777138528 0.501412803744723 0.45490482295692 0.476851015536302 0.441384765876907 0.517014725731059 0.508150857477775 0.447406324639174 0.446283110833347 0.489442833003004 0.477339945082312 0.41752108018369 0.389981673958228 0.422699439980653 0.388684730981046 0.427425971505578 0.444441117696374 0.474647336935801 0.540335138589473 0.49465830051748 0.407886480795536 0.496445684837251 0.513259749042426 0.430116986192887 0.314439829000907 0.449335757493526 0.541570413494746 0.424341930408713 0.472696677331455 0.49064295389269 0.660987509008163 0.495683579471853 0.509397103885116 0.538765874578702 0.489635572644208 0.55412859035831 0.502755702982541 0.496674539870109 0.468850790014754 0.605305385342028 0.493318229880925 0.458811841223473 0.505177553590883 0.48609649747459 0.42512202706529 0.531070829464085 0.354423279377417 0.419768556998961 0.445216476048396 0.474956065974917 0.551511845638357 0.388186911147514 0.489491461209689 0.408768105595692 0.44087198732894 0.420114597966382 0.447007040604376 0.462893216724129 0.11652564449473 0.180725353221251 0.397365560067059 0.266873920410121 0.369431298003782 0.12447955951046 0.203910989989398 0.243606439894414 0.296312678555499 0.212209015384399 0.462670046614381 0.461231710820854 0.152443125335162 0.479580059341698 0.521182287567247 0.448945775599099 0.381513633139549 0.397871013918745 0.519878353300795 0.527288032631818 0.500195258294682 0.435286617881471
"brahmandapurana_khanda-2_u" 0.400101189208105 0.491176010830381 0.549030476173453 0.48924834805398 0.499189898177949 0.508717599219528 0.4722540659024 0.540453689817085 0.485683220994244 0.453297137882214 0.601113335764465 0.490307804218086 0.542574477596583 0.424589976495915 0.224750166240517 0.285945105110624 0 0.30639629702198 0.120606462428078 0.224971112672463 0.423904214206881 0.310792407699569 0.355527390547478 0.366241449582924 0.315688949941341 0.360845229067257 0.264913597263063 0.377325516076237 0.388793367367285 0.399987596068725 0.225146053019334 0.286218640973571 0.552778336941053 0.276976142419368 0.371881385905037 0.220809727419965 0.322657739461607 0.29747145489093 0.377382225546768 0.321345662791492 0.312469922746812 0.353379843248301 0.338043934575879 0.351969043387294 0.30469643915298 0.377363023229031 0.368555642745804 0.329182178286682 0.307044182882826 0.367985901214063 0.382690448399356 0.309652413151977 0.301848183518201 0.37838793972903 0.36848990228623 0.304191483506471 0.369501578321644 0.403730018860014 0.461398711754051 0.406780280117451 0.280598804819796 0.382434828781315 0.395245566223994 0.290310482379941 0.181109579274349 0.357971722780431 0.421099697972296 0.336692506120841 0.296654482647909 0.337778418459232 0.613712324574664 0.358672218752894 0.381192105256971 0.415526370566785 0.352110785120488 0.431618284709043 0.380033493673777 0.363654347289422 0.333963483687341 0.549542469248175 0.460102565430106 0.334435056524603 0.421721645702551 0.336254886334558 0.331221696613513 0.402492117115991 0.217060429709984 0.313022108428182 0.384164875334684 0.389909824451912 0.439196496274367 0.262223703302525 0.43962540351742 0.325821068908349 0.382246653417218 0.272116022172166 0.314280450748183 0.303000216514353 0.24028915654427 0.318862076511077 0.386780831506073 0.244362063453647 0.397037077545843 0.329334528808944 0.334116876671766 0.322974627738619 0.205022115050139 0.321997335122258 0.378985353719133 0.331517752529878 0.194209492850579 0.39643990231386 0.419296668809433 0.329365588544652 0.311241789193321 0.362923418421232 0.421276197042189 0.395750203088048 0.395125713234538 0.302142959836524
"brahmandapurana_khanda-3_u" 0.363466048036551 0.517933560596255 0.533102306539896 0.508422936226367 0.528225995304799 0.495635177537288 0.502712417213033 0.541309143403309 0.501091958344728 0.489932539812085 0.548689722814944 0.507253074671744 0.540116265173646 0.411136922577741 0.288095144540723 0.409982899116418 0.30639629702198 0 0.259142233383354 0.33909423579186 0.378222094361335 0.321882279154958 0.295816886701568 0.338823993553733 0.332785997706082 0.401283376111331 0.338527941432978 0.423249095602125 0.428812968077931 0.42588706079736 0.362529728069211 0.338408997030321 0.459729357033534 0.285979000373956 0.347195065849916 0.323444984839002 0.323885016880866 0.406048297060707 0.428313934775998 0.432491932060562 0.410123384837377 0.434824669430676 0.44518038119011 0.428337672893736 0.438793442411142 0.440410439436436 0.440116328727115 0.426702992840124 0.410098183150374 0.430719177810045 0.460631547049523 0.424357198616602 0.412282516555699 0.411228950860247 0.486598572487007 0.432729451880007 0.477651027276837 0.489429409160193 0.549237717091504 0.489655569067907 0.38520851962519 0.38138539781777 0.464511275185416 0.393420305645908 0.317408074161772 0.291190638059838 0.466808900002166 0.420654385744355 0.354688137408803 0.359498897019119 0.551166955477592 0.42980731248607 0.451815048250605 0.450121087928465 0.446429966543373 0.467262682940839 0.447724970625497 0.445237927047022 0.333006128840557 0.519501487968003 0.445570321288318 0.353097964890704 0.470875379276418 0.383132058568776 0.336629827484813 0.430983494196868 0.266813672877721 0.309447243844575 0.340304774837887 0.451808511906953 0.41612143107588 0.35703353335157 0.397687149245996 0.432130679282871 0.380482181364808 0.403202234303961 0.395467619808911 0.34297738228463 0.399705396090915 0.409660245083956 0.47961787206507 0.391934488806661 0.423376501906081 0.432541569119514 0.435958456407201 0.398747550715973 0.392735523354574 0.413295146915085 0.388488398695234 0.374425347349396 0.350807996547825 0.405112596421626 0.435185429806715 0.380271429131976 0.36965301813047 0.413555713299062 0.475174649480397 0.421187969124425 0.415598214361283 0.355092151244977
"brahmandapurana" 0.359505613100573 0.514395484054674 0.549709016208316 0.503130348580403 0.523409115710072 0.513523850560882 0.490208667734875 0.550746038591233 0.516627518420493 0.490115450415458 0.59582107223879 0.517254477623645 0.553393008957263 0.427130816437851 0.234544436840846 0.237683105104314 0.120606462428078 0.259142233383354 0 0.265075980272477 0.422188271052753 0.336005133285176 0.330860438852097 0.323817696698232 0.318973435415476 0.344463204932004 0.311271602460504 0.409657940490128 0.383166792272668 0.388394971561392 0.290648430121728 0.307793931519876 0.532678687546843 0.278714629316019 0.350807631172676 0.197609283729499 0.286879896748163 0.355869217003336 0.395412923660808 0.359595790481176 0.372874931829132 0.406637652812795 0.365851728799865 0.384713454111424 0.342427590834225 0.424021251319914 0.416871913268238 0.36704976862606 0.352124360097715 0.395681827420856 0.397797737034199 0.333691422124487 0.313940436768865 0.372747859642286 0.363557814773869 0.347363536318161 0.404497390309637 0.430354135344739 0.488884011175249 0.432336585917153 0.310650402228281 0.399439790360636 0.433126830279917 0.332566910857918 0.187776591277472 0.34757110472779 0.449749465104885 0.335635817624456 0.334458342746682 0.36517709219013 0.607920709981942 0.417317938487503 0.424746706208975 0.456010780931459 0.400559617829113 0.469215598667908 0.426742024007573 0.419971517592859 0.347004568641288 0.548279648741645 0.430480583990526 0.339609835949348 0.435487863209197 0.368850284477927 0.331294149168927 0.437801224138426 0.213548413560993 0.300065061300344 0.367527364588378 0.394321687164793 0.438897229867101 0.288797574817302 0.426396800834594 0.355178533306761 0.361963635808649 0.317320680636035 0.355981135100388 0.345528147187121 0.209895406037102 0.273684103879823 0.381473056660666 0.238101161246208 0.359260248168253 0.280677007921047 0.295068225858452 0.291165929773128 0.236148021140741 0.277549095152103 0.383630344736275 0.356993570363351 0.155381940700536 0.40836890999558 0.445382807833152 0.363513875736812 0.298891641195156 0.353270645637608 0.437354770522374 0.42988309485418 0.41593811030749 0.334141285808646
"brahmapurana_pu" 0.38868089481454 0.448271103036655 0.509351332399531 0.476303477794852 0.457740807807365 0.501016595841161 0.450433897284603 0.513153809406713 0.438340526958935 0.445014838679687 0.565175982060567 0.464580188314739 0.506972976952464 0.405185617961473 0.22830558535867 0.384524969273164 0.224971112672463 0.33909423579186 0.265075980272477 0 0.393648248735911 0.230507409373645 0.359329972255005 0.382044357424274 0.277508315073001 0.396211830400193 0.231463060354808 0.353288398287361 0.392526078219026 0.411495478646337 0.240574182957113 0.239375698170129 0.521981552297168 0.301067116273588 0.362123847724142 0.275910694351146 0.332632189228475 0.245178283521903 0.393637476059345 0.276814150837924 0.251193735037514 0.3225259473085 0.280058513351973 0.330346374954444 0.271956700650861 0.363464534109603 0.351538917997818 0.316512168912025 0.252733531274984 0.303437482458151 0.356314979163348 0.251274859606883 0.248034506270022 0.327621236695571 0.369028288637648 0.237215016876083 0.335763477103887 0.369632680829738 0.429159408298239 0.36410408549824 0.216793016168834 0.330209272284476 0.344699648643524 0.222233218658157 0.189031216664911 0.348178987638288 0.386989639295369 0.31817247600434 0.25370537717886 0.285884842380965 0.608541467979102 0.344491780962917 0.338276056571761 0.380891005561348 0.332103853023081 0.397815795108647 0.352758163099967 0.349107061616232 0.292138844968806 0.510672379642419 0.402146345570078 0.308471421911133 0.35981080470515 0.301804675437218 0.308371711481748 0.386458701228081 0.23782007883623 0.295070635191828 0.378545410661247 0.386541136056719 0.383230087320198 0.21520365138908 0.43155107652958 0.295060236803585 0.385990744138088 0.269591047800518 0.255215624453089 0.289231088796276 0.349395051129356 0.40736527654859 0.415401131465511 0.331983853487635 0.466537950062395 0.412340764252016 0.437492078730295 0.389617292070413 0.330028275432152 0.377691467536492 0.367529660954227 0.285323654409399 0.309590396620676 0.298270714405448 0.392373275691146 0.267205463083981 0.304122801596598 0.335554696566732 0.434414953826341 0.347950787636716 0.3343977761018 0.243423258562763
"devibhagavatapurana_devigita_adhyaya-31-40" 0.481969184163291 0.511154841827357 0.497147936539455 0.520654400759297 0.504099757125665 0.495532337473604 0.478548841979318 0.491968466368026 0.487456868269496 0.47982788025897 0.524796156720815 0.516950899194241 0.476667107479274 0.416191205733707 0.380534900836591 0.514665377979911 0.423904214206881 0.378222094361335 0.422188271052753 0.393648248735911 0 0.349947156401734 0.420204499421184 0.445609738301871 0.395397166084963 0.424400629731544 0.450064950565211 0.42737012762326 0.526988767579525 0.582082215943832 0.467767573940405 0.353534919278555 0.479841540467355 0.37069040048671 0.361087696467347 0.428999460165179 0.393526751590578 0.444014323865094 0.573113316676816 0.473433338573607 0.459668034092191 0.473533938851179 0.455468718307205 0.5190755969174 0.506217610514328 0.531995923286317 0.535145722613066 0.536316815839239 0.459143786141161 0.485236003630728 0.467176661331467 0.443331402408484 0.440118683900733 0.44342457575874 0.476200262006592 0.447073406269347 0.50319434593518 0.55071134583666 0.555604733002572 0.537285707210733 0.375016183836523 0.441196743204239 0.446906538100559 0.382816085123588 0.412436721538281 0.390459978267633 0.389968474261341 0.501090411252811 0.377237478459059 0.392293310430111 0.530562377532933 0.498089867947707 0.465216132337523 0.47228826904319 0.49605550300973 0.498302794705657 0.523002563176186 0.475598190051289 0.337137867067694 0.526244516925896 0.487086142046272 0.381984652611981 0.456937198149824 0.393829162190732 0.372141144842524 0.440557491608592 0.401759190671082 0.382452770716687 0.364872112865036 0.524934698270345 0.384213569198097 0.420953405762798 0.383148052515285 0.474407048443194 0.415203590810931 0.471786975726569 0.419405860643608 0.429673906591439 0.517102922781561 0.525239728152648 0.450919516417124 0.448897709933916 0.566652291478242 0.529954352403595 0.564350212765269 0.49979407807138 0.509253696197282 0.499812629827176 0.475970699865752 0.397940171681528 0.479758807554441 0.407417436211679 0.440595644342104 0.412138079466569 0.437487040817988 0.4357753124572 0.462680956095335 0.409870834852535 0.412737913408525 0.381820608008325
"devibhagavatapurana" 0.421469302899214 0.426021650264273 0.467919893046589 0.45994930465821 0.446144975833175 0.484079137281481 0.425922177199474 0.457148977210595 0.412732175848876 0.430749105367648 0.552775853748106 0.426957275549795 0.442050021241488 0.391386132418587 0.22757378566946 0.462235502307413 0.310792407699569 0.321882279154958 0.336005133285176 0.230507409373645 0.349947156401734 0 0.341343852064948 0.396359401932307 0.291963074983955 0.401834607994124 0.300177675987796 0.360594776728672 0.447611509570089 0.474471117139283 0.326069254258815 0.2696717885151 0.519310383056165 0.311651445869208 0.355607398941706 0.34448042266942 0.337870466049154 0.286570215186321 0.447743165995052 0.318652170595021 0.279313840343572 0.308765059346566 0.33167876936354 0.399578911324333 0.323865561446841 0.402031691299897 0.401398355205258 0.398622700463429 0.330192349043164 0.327983860736249 0.414500292936965 0.316941453946264 0.313444827985226 0.39469236039977 0.443139195475814 0.299102055729302 0.38353823819017 0.446488749136695 0.475287665814016 0.421141417171736 0.246559123355945 0.325848139976227 0.334825704733174 0.235738069457198 0.317082302709304 0.329872957392392 0.349624820811528 0.391159199522417 0.244882239377988 0.261686108409746 0.592593840151207 0.364003653119549 0.342743089004069 0.404491930114562 0.381830714353914 0.401935224807373 0.381813138603815 0.382728110356742 0.257544137900974 0.52467774811873 0.438260103356158 0.352038967184501 0.397430087588707 0.252843094757934 0.3478297283458 0.341881838286684 0.269449371365708 0.312793624424753 0.379767966742465 0.416973147196494 0.367619101309934 0.272473175098938 0.440832947093179 0.354333139650303 0.429991594337095 0.347072150383006 0.294735421714642 0.30529834388345 0.448092547069115 0.464436925022082 0.477047764239632 0.391694127066801 0.528148282662388 0.487154287062372 0.50009059485736 0.449143988607083 0.417869552798028 0.468981065437939 0.350122604110586 0.288492533376286 0.403728835569262 0.335346022436251 0.366997754901405 0.307732690347514 0.359582169360434 0.392269479961797 0.447004422171942 0.348202017713922 0.347695243155459 0.271407274439813
"devipurana" 0.342907497348808 0.515713544297081 0.518696241708002 0.491815043243157 0.503424686209778 0.497557786473809 0.518850199817613 0.544739155110904 0.504251035485871 0.530335486655495 0.556876895443831 0.504578672378682 0.508222251985686 0.423676194596983 0.26451544722074 0.450401504998756 0.355527390547478 0.295816886701568 0.330860438852097 0.359329972255005 0.420204499421184 0.341343852064948 0 0.344342493370987 0.317689489262289 0.456950587310136 0.375191134822583 0.431421946545613 0.49131559351079 0.479670347354133 0.396675209893283 0.313614931338399 0.501732558567238 0.345574899842851 0.375000935423712 0.332978502194319 0.336199330843148 0.452111653838373 0.474249832192373 0.461858581815939 0.442385003359465 0.441931922094937 0.471454900325438 0.464353258062406 0.445786417303732 0.450776649807584 0.458499358696732 0.476484310160015 0.436313827447036 0.456896806288139 0.480495620032538 0.441443705388192 0.422192339518231 0.408203405439104 0.481563453800546 0.469570523906236 0.515872789620649 0.532667221541663 0.586499773939469 0.537634498247283 0.404784046887239 0.417359736461985 0.452435223523624 0.404367378809377 0.332152068502706 0.279590957300257 0.404926919873053 0.429823647721159 0.362138794975061 0.341386151220648 0.584445981898601 0.446344938779701 0.445162304494684 0.426380142474862 0.461127713817076 0.46914670693294 0.445182487508248 0.448955121491209 0.329909710006292 0.474327128681482 0.428037826355477 0.34050109457427 0.463337485247006 0.395707543274458 0.335524423542177 0.480454226275946 0.298970101856391 0.344319806521103 0.339223598703371 0.480884409986999 0.41376322217123 0.352035617400754 0.39932044574753 0.463108836813986 0.429644129687113 0.428555930192326 0.405972663016678 0.347536997361738 0.438536860759083 0.477131362307258 0.443357832509805 0.444878456116376 0.465107614784273 0.476886451650202 0.490280567637713 0.410171031003395 0.429574416976854 0.480241369550959 0.405958900637549 0.352002146731464 0.387721130538576 0.409560283315984 0.435676771889453 0.401061071870505 0.413578951136819 0.414310315869548 0.520379927233689 0.427325303661786 0.421033302179349 0.383608712657804
"garudapurana_khanda-1_u" 0.228532245779493 0.544349688763327 0.545865596276852 0.539753640929147 0.561713719642241 0.517440959749754 0.535122760563673 0.572469595888539 0.550585166893981 0.524112428578045 0.601191480174607 0.544119460781591 0.551703099671936 0.446253455386622 0.302895715541698 0.416686537477834 0.366241449582924 0.338823993553733 0.323817696698232 0.382044357424274 0.445609738301871 0.396359401932307 0.344342493370987 0 0.341150871976056 0.419962373591193 0.40958142551262 0.48521447161924 0.462186767392233 0.468223911268695 0.430700414242046 0.421897331527259 0.545825184609319 0.377313846946673 0.380524973922071 0.320871218544631 0.291490543931134 0.482494580525402 0.489200532089459 0.464305921288532 0.496942039712341 0.523632506417238 0.476365816479581 0.464467542360198 0.471000476536143 0.510356699345869 0.495260086724314 0.478346691076923 0.479317697806044 0.503833057520893 0.469611718445592 0.430146962723445 0.429410619988102 0.43130560354348 0.46288782772859 0.465730478393882 0.515902812777408 0.530482903632143 0.583054633776984 0.522966044699656 0.398261560207673 0.469708989168432 0.51759050872115 0.429104190767238 0.333923719165687 0.292505855361771 0.495080430446078 0.435577243237328 0.456221770434613 0.448133402548452 0.564050304212284 0.524112567495557 0.518789129536353 0.540104961225804 0.500044192401899 0.554173935569833 0.517634512954688 0.553031995682739 0.382788309008064 0.514519187129757 0.427320487190744 0.433044782999499 0.492507738108632 0.48409391814202 0.385800592325329 0.528374545795631 0.332708198315893 0.345006093500078 0.336587215271058 0.4268802594104 0.475172975924434 0.383016354688246 0.428608936703812 0.440581147104218 0.447423092447812 0.446537338188229 0.431612908243071 0.444400012571392 0.427363399107054 0.433813483385114 0.435434268157739 0.408700698265682 0.464277151407624 0.432296075363059 0.476117249872736 0.411352791822744 0.445226841793054 0.443618983760561 0.405288392493716 0.423833988420131 0.389243198771434 0.422734888137251 0.463471142524135 0.419091995416709 0.375334220422042 0.351660724753731 0.452213137178204 0.485544791383986 0.452186869513722 0.382010207340981
"garudapurana_khanda-2_u" 0.386402350720868 0.460967434131789 0.465583646562428 0.48427863963059 0.468726031397871 0.477747689543374 0.414709472616021 0.463063636533397 0.454805844292591 0.45408667796592 0.539670693634911 0.469334241467162 0.422115982864315 0.389166894534189 0.218823866002825 0.418249790640114 0.315688949941341 0.332785997706082 0.318973435415476 0.277508315073001 0.395397166084963 0.291963074983955 0.317689489262289 0.341150871976056 0 0.372739144490101 0.355966637826681 0.452285615096389 0.47771919185476 0.502116165570643 0.367077957675721 0.323263422074559 0.464132042042442 0.347139823510182 0.309524415945214 0.32483282766359 0.321919103094142 0.362665735218835 0.489348932515042 0.373954000855466 0.35736107953399 0.372088001052917 0.35910473293522 0.43549351599154 0.401193442156487 0.435641032637385 0.437886935231338 0.445365558430778 0.350067930921104 0.354887923417332 0.419658302736575 0.316273828266941 0.292274064932414 0.290834208926183 0.35270889123541 0.355451254018295 0.444647319648813 0.496645464277003 0.497020116113977 0.424917006992609 0.293071323538263 0.41580227790985 0.419093193574465 0.325173432088637 0.283249595712866 0.304318767102099 0.34302192988243 0.419833886371296 0.341602966834179 0.348937588696287 0.605274976055607 0.426947736350685 0.386443834384371 0.432072413468138 0.408022223367514 0.44996772377273 0.442933510235645 0.433931639839285 0.297017473482439 0.490930448152275 0.395974439802903 0.357960658219924 0.405393490131297 0.382159637557111 0.344937697013946 0.456352012363885 0.243293059558035 0.291148989774088 0.318654853654926 0.435997122286414 0.37342109661738 0.290703055828723 0.393176503390191 0.426756918615413 0.374475142923325 0.397777720378939 0.338760434609779 0.373040664042048 0.408002388589797 0.430802704400943 0.380347788618672 0.405064260419207 0.492619949903983 0.440941322145032 0.477214653845509 0.380108994376334 0.42059162440729 0.405542362590379 0.358196165790184 0.282147035130466 0.36818307079088 0.320806639443981 0.424665312675075 0.311200131399975 0.321499057761526 0.289802579961026 0.44952239302626 0.407685415152114 0.33793433693882 0.272959378199668
"garudapurana_khanda-3_u" 0.482001816381349 0.57860564414832 0.575119715573627 0.582038639946693 0.574315580193814 0.559021493115627 0.535937668540985 0.552638137486376 0.561111799914265 0.553562458611727 0.599298277677945 0.565972548361195 0.538408537019415 0.517690443269829 0.380969714256863 0.384145279970015 0.360845229067257 0.401283376111331 0.344463204932004 0.396211830400193 0.424400629731544 0.401834607994124 0.456950587310136 0.419962373591193 0.372739144490101 0 0.462746135502635 0.515575292587098 0.487794567312908 0.514301728789431 0.450536418778151 0.425792198129011 0.516805744871837 0.445195501376824 0.419190470426061 0.338705576251719 0.385949604032709 0.464162313587085 0.562457522804493 0.445432510888982 0.478657677118757 0.498083953020535 0.443822216989454 0.48807389908274 0.474884723252128 0.537398927668108 0.52325096013858 0.482585210543809 0.469565490992234 0.479452606581011 0.453031180100026 0.403665634860556 0.397037348003454 0.403630931129278 0.427184499932622 0.444539539140557 0.475778581810959 0.53897643887728 0.521467379929184 0.499305572281584 0.378925188531891 0.492651184882019 0.51854274266618 0.416470153910815 0.384152040951098 0.455311104858817 0.436019702056504 0.447357063719582 0.444038630440378 0.486945649112354 0.623783402318385 0.541775522206902 0.492837500756949 0.541803127423775 0.501787478655682 0.552480381557134 0.546400642085618 0.512566424167119 0.424524336631987 0.594007119124576 0.501995408158904 0.491712935673547 0.475601730415863 0.435257184772981 0.431455377927277 0.503351265131417 0.373879650791429 0.408534390373938 0.413640585774907 0.481315237324748 0.494198921010363 0.416200221545874 0.410794316386741 0.42829932377839 0.450328842327061 0.456049421064057 0.463038927492065 0.458827195646754 0.387921267688281 0.410649566229762 0.415252107322197 0.367601388041699 0.427009870960101 0.3931872525402 0.421009400477318 0.35471704437153 0.424161697193607 0.380637210015245 0.451226623657798 0.447448095164461 0.350393436824069 0.455639769105638 0.540331130689543 0.451367267134604 0.371894512640898 0.377060679001285 0.482459318144153 0.514210325012136 0.477567994743434 0.411982386881106
"harivamsa_appendix-29-30_mathura" 0.417689363037699 0.469163327015225 0.55671977234785 0.479455372702418 0.486619319565026 0.54142802153488 0.48544510599301 0.536062169672982 0.470029517323519 0.485441566141572 0.59352489512305 0.478873772035742 0.526522119024573 0.440761359103876 0.306761246348927 0.426910559810833 0.264913597263063 0.338527941432978 0.311271602460504 0.231463060354808 0.450064950565211 0.300177675987796 0.375191134822583 0.40958142551262 0.355966637826681 0.462746135502635 0 0.320486709966212 0.362384054909472 0.374975901482745 0.220664371235629 0.316698463365278 0.553734984345251 0.31675291192577 0.400346462901222 0.333071974377244 0.384487140172193 0.251842331151054 0.345268929207414 0.28392475944254 0.250783797008248 0.299887322921284 0.298845254324795 0.293098859180289 0.331086872687719 0.314647292301193 0.297308752277115 0.300998658974686 0.258068244873274 0.301655772892754 0.378421514088286 0.297971202971637 0.287618113406226 0.370873249469005 0.434310614247737 0.274696157671062 0.325613977749607 0.358906921155884 0.452471383187938 0.364311655768652 0.30671745588326 0.374794622743295 0.404685033690366 0.30622525552393 0.267554038940356 0.370392230371477 0.44201671235637 0.376572240618419 0.333073635620214 0.35980828142349 0.625520862109353 0.294290626784929 0.290012020321567 0.332884934908531 0.297885234001178 0.351569380033987 0.303063651018936 0.333271180994395 0.352151022969943 0.542866193030686 0.461684344706268 0.367920204010016 0.438091837681445 0.335830663066461 0.370350247136802 0.39654923432438 0.283220325647842 0.323753476244922 0.431636027142914 0.421223523128026 0.449294050292335 0.312363148421948 0.483039209683044 0.29723590750872 0.431760498309095 0.252888120304209 0.331352777404981 0.274491254198757 0.40053305680757 0.420180190874939 0.47991438230367 0.361272149069536 0.475556234983701 0.452039531528095 0.471643990645518 0.442179256693981 0.3422322099911 0.4369065544315 0.397500862715945 0.367068026874729 0.366450369257915 0.360121946661675 0.415346078587376 0.351738176770266 0.394703239617836 0.395011149614583 0.472522921246101 0.366522815004306 0.40042795589927 0.332582829895307
"harivamsa_appendix-31" 0.514857092796402 0.458462292659633 0.525797988631395 0.490233337030347 0.489125055843121 0.494671249277834 0.473760678425297 0.508019468036223 0.461498536474322 0.484587660428515 0.57879638125722 0.470434238425321 0.517829410940597 0.434577367584834 0.380988656897537 0.51076182360563 0.377325516076237 0.423249095602125 0.409657940490128 0.353288398287361 0.42737012762326 0.360594776728672 0.431421946545613 0.48521447161924 0.452285615096389 0.515575292587098 0.320486709966212 0 0.438272564383656 0.452461308656645 0.33421744250366 0.366882575533784 0.552695199383651 0.353691661928964 0.447149441626274 0.408889347907558 0.453402824769033 0.33471447014674 0.413203262499826 0.35885467896972 0.323325923207748 0.354980886231775 0.365807034245663 0.369750563089002 0.384033336862292 0.378531768537157 0.359326367818795 0.39116637185745 0.363440010855422 0.385946762513707 0.427199973878281 0.38864860438894 0.397810303402504 0.492191641329924 0.50889237573093 0.350238665382838 0.3829702401672 0.430048509234899 0.525848644194443 0.416566777258511 0.403697578133189 0.390982855704748 0.415593512332376 0.387441482132423 0.37014232894934 0.434032994069124 0.46643667386265 0.46372026939575 0.311791368036439 0.327888082476263 0.583402304358648 0.349101073853223 0.406188791403702 0.388724576840135 0.400267653295036 0.414541275750079 0.388954739982815 0.359994163486167 0.329327730055375 0.513054769451874 0.541478160555962 0.397286121853287 0.488367936682223 0.338738983887033 0.377025262064913 0.365535792646157 0.387235343915474 0.414350489713214 0.454959280275105 0.456469138077915 0.435480053036741 0.405338327193776 0.499508731309947 0.356822010773283 0.483660524668538 0.333152496082705 0.362901611706141 0.350105173992795 0.485887789560993 0.516806856920185 0.54276755865244 0.407892262148579 0.562758082223157 0.526979957316979 0.523501114206916 0.52558577004129 0.446908281012462 0.525344264100089 0.485620818423441 0.379341530799821 0.449599522768124 0.439520827205557 0.404411588077867 0.427421750183151 0.484544910709784 0.515537865359494 0.504805695460813 0.369050032743978 0.423407738995204 0.39851639907891
"harivamsa_appendix-41" 0.476046911247255 0.503225065123775 0.583945193030909 0.535233870359519 0.536211416257642 0.583177974496254 0.536490718758052 0.599710594162889 0.534666488451101 0.550174354793029 0.656305506216696 0.554574617316414 0.587530490280521 0.482042879303083 0.43445445324728 0.384431052192417 0.388793367367285 0.428812968077931 0.383166792272668 0.392526078219026 0.526988767579525 0.447611509570089 0.49131559351079 0.462186767392233 0.47771919185476 0.487794567312908 0.362384054909472 0.438272564383656 0 0.317113023166184 0.350134315837026 0.48118971773299 0.587451321411017 0.395466907329632 0.450706927876687 0.359913648669794 0.437270794691047 0.418120850900556 0.377591382131023 0.367133757004208 0.396429217890528 0.431425714783769 0.363317298045584 0.362821973277432 0.415800160657874 0.41060782853234 0.389310622745353 0.355948380463791 0.393260599230808 0.42348536278177 0.466779093014225 0.390458870603619 0.380076325417142 0.475407096691546 0.450181288090973 0.408138212510513 0.392998225705193 0.394559539632033 0.524559058917234 0.43984249483509 0.447798705277927 0.490158615413176 0.512903122565646 0.45399358323231 0.371450112809032 0.479221700750939 0.550826356454232 0.483807323489296 0.472747481010417 0.452489783032494 0.639021344310308 0.446037173790672 0.446091484111852 0.478490245507272 0.424236503133917 0.473773217890702 0.427663983575869 0.461170641796168 0.456126071711927 0.56613076997471 0.475738964520998 0.464472676961526 0.520086514668022 0.467062198233046 0.425943226064505 0.478236166610947 0.415965861701841 0.4311158606538 0.497913042929487 0.457508692385126 0.543182203369882 0.432562915548206 0.541761465414357 0.362117046972421 0.461224623711561 0.347379975349097 0.425851945966314 0.430652131045802 0.385536648296324 0.402938950925713 0.529713696242931 0.400326578335305 0.460089023734453 0.401942133158218 0.40772554953852 0.445622823661878 0.421628349448098 0.430057100018109 0.480053108087233 0.486346823691238 0.374581995441816 0.458337751463341 0.524175277955983 0.455347920716068 0.47349543942207 0.463054083373026 0.52813839991693 0.490555175769469 0.477763218577629 0.456810717629401
"harivamsa_appendix-42_pradurbhava" 0.47856114401688 0.562975127638614 0.639135808404654 0.582122791711268 0.580372995888988 0.624384339208912 0.59876835366525 0.641366157210925 0.561610952154049 0.587172406119813 0.67475605417488 0.57874651036542 0.643827442116588 0.529334735212048 0.444143578107152 0.448598065471914 0.399987596068725 0.42588706079736 0.388394971561392 0.411495478646337 0.582082215943832 0.474471117139283 0.479670347354133 0.468223911268695 0.502116165570643 0.514301728789431 0.374975901482745 0.452461308656645 0.317113023166184 0 0.347944108965812 0.496731911282353 0.627716460764428 0.421049040599289 0.530336334556371 0.38479209045607 0.459073353908565 0.445479031963153 0.340520404587258 0.396891339255616 0.426884674175907 0.437246916046102 0.421089925380186 0.277838915377057 0.410754724892893 0.353703443226073 0.341299635364773 0.310888125213149 0.40630186897133 0.423889188608517 0.49511716294174 0.443470188368956 0.416920465605325 0.528756111462261 0.502503009162893 0.443006154701769 0.448917886002695 0.435820963479622 0.557758942894912 0.420582826548697 0.46845746975426 0.460589806113912 0.547198334574069 0.483287114490439 0.391771994281367 0.498386196213809 0.602000507150824 0.448884705281193 0.488222890298017 0.480965039346556 0.679282174989061 0.435259158621025 0.483268323818674 0.483930912474656 0.438514373931232 0.466979114929287 0.398119415953595 0.470825848840729 0.491109315102689 0.603727592414804 0.517880594306535 0.475434426183567 0.522839286270142 0.489612803164507 0.453828407537044 0.526805958549492 0.417303183483269 0.459261944004595 0.5294537313438 0.462295588745972 0.580302176122969 0.434019698986112 0.584538540983081 0.420590460570847 0.523413636235161 0.37779526485839 0.460029955408228 0.454289423363273 0.424940083780616 0.461926871912617 0.572060766843143 0.44363887352702 0.395688838498706 0.462978347018081 0.45852278960906 0.485540988120207 0.428937643811411 0.473926092665541 0.514261252159628 0.502012456420622 0.396595167693991 0.504198853823871 0.542941696285643 0.480776608105113 0.475679670616093 0.464746915374434 0.55014583430148 0.520638102712977 0.514418179094588 0.471116531178106
"harivamsa" 0.443298042747985 0.447563148095308 0.543730472887825 0.46222588766234 0.457763219341193 0.514212578836087 0.469029211069281 0.536447006873914 0.445460744853448 0.452809658088271 0.607731959818176 0.454612553864742 0.542677981648852 0.430176508338722 0.306017213109801 0.390702956913457 0.225146053019334 0.362529728069211 0.290648430121728 0.240574182957113 0.467767573940405 0.326069254258815 0.396675209893283 0.430700414242046 0.367077957675721 0.450536418778151 0.220664371235629 0.33421744250366 0.350134315837026 0.347944108965812 0 0.354144572468992 0.588757192439415 0.331176932521879 0.445690799639229 0.331231542105616 0.412409080929262 0.217417584094842 0.316116817044419 0.256526156354397 0.208160747206701 0.283474895190251 0.264657022556185 0.279728872582313 0.29665596204058 0.273252083858055 0.262774175363283 0.262012023465024 0.218137609986402 0.284045423638545 0.387680221593779 0.324557036249348 0.309497425526808 0.407268624762724 0.447659457028812 0.260379954195907 0.326169006224589 0.331216234412883 0.448947872234063 0.372063021560674 0.297859091303565 0.377000216465175 0.383388813527107 0.301464248919367 0.26954611599285 0.421960296688145 0.442056245854466 0.398088865661625 0.321639218741243 0.345456328874762 0.641878961818419 0.260806180678755 0.291105489958925 0.291336169081911 0.253097010298377 0.331761745054645 0.242365906094114 0.254647786765494 0.375778017140588 0.562675314140996 0.490933703374822 0.384210078445683 0.449940271592252 0.343507786738102 0.377626872872261 0.394965774319983 0.281872428916656 0.373979206476499 0.460869064793903 0.411326612813037 0.467733023916053 0.295936311714174 0.52137820135025 0.320154815547039 0.451524755407921 0.219379373807972 0.324043521984412 0.285478229030869 0.355476236198772 0.411241401686687 0.490260817909975 0.321306571669018 0.456512239714593 0.432598705071518 0.418692570210009 0.438816217265549 0.294182366529704 0.418285700467464 0.421536193509624 0.368338345010641 0.333385487702205 0.400240564974837 0.452764044661882 0.345448742327842 0.373030911795312 0.406400677528048 0.449756278624583 0.385321124672135 0.418254080699586 0.342340220242322
"kalikapurana" 0.420175489616694 0.451566196817563 0.504391495648506 0.457006781041736 0.474928406778871 0.483869560040886 0.456514551895826 0.517193333855773 0.464861104787497 0.448471657316483 0.560794194176671 0.464906267164506 0.50464035314748 0.401616803172231 0.256952257369238 0.429867252589783 0.286218640973571 0.338408997030321 0.307793931519876 0.239375698170129 0.353534919278555 0.2696717885151 0.313614931338399 0.421897331527259 0.323263422074559 0.425792198129011 0.316698463365278 0.366882575533784 0.48118971773299 0.496731911282353 0.354144572468992 0 0.53345228083733 0.32078921883138 0.35940275360985 0.341314832743979 0.388572661906815 0.346768215804032 0.4612050732846 0.395357137949496 0.357412304030506 0.38800077484961 0.404647943609853 0.422976089849596 0.3880121288641 0.427249832274778 0.419991566176573 0.417706002342864 0.38124701803014 0.412932227758802 0.460024784789594 0.374118454254437 0.363187112688645 0.40938733861869 0.433511039201489 0.365149897656285 0.440001579420249 0.447617510649115 0.518331755755184 0.482528338024073 0.286551606795531 0.347906745743218 0.369507967129747 0.289275961860674 0.259298149239885 0.336145164521563 0.353875766635874 0.367853489602366 0.284350496981054 0.314886622883937 0.593934853052482 0.393744863974491 0.401305418709187 0.39704164581365 0.429970029412666 0.439523919069208 0.427404855916202 0.370587606935553 0.294786294718131 0.520485216485795 0.478242398385901 0.316618955007613 0.392696979146489 0.29980503636348 0.322104701555182 0.380627250343734 0.30179099607593 0.324936434104668 0.366468926641935 0.467455635878135 0.378582946770124 0.316035039379776 0.410345533560751 0.37338839522769 0.380641619098771 0.34790482447263 0.33935603517804 0.294139830382729 0.409125072200609 0.428646294964127 0.41578332515741 0.383663537410373 0.510527042102764 0.45245168140406 0.479326550775211 0.406286104684411 0.373602279276368 0.414948822575125 0.421361301938513 0.321849351053014 0.36966960242925 0.37249503385594 0.388649364051241 0.337849482304093 0.368169051421805 0.388348515259122 0.483041191312446 0.357856808495813 0.363519782640926 0.303659744224313
"karatoyamahatmya_pu" 0.585709583026107 0.587366281353006 0.559657513389578 0.58301878761948 0.58109585682152 0.555400487165167 0.557967004203 0.555998099640289 0.554777819699179 0.585220929504224 0.581357056843037 0.577350514874094 0.551771815264896 0.50067758612036 0.513172970102702 0.609513048530274 0.552778336941053 0.459729357033534 0.532678687546843 0.521981552297168 0.479841540467355 0.519310383056165 0.501732558567238 0.545825184609319 0.464132042042442 0.516805744871837 0.553734984345251 0.552695199383651 0.587451321411017 0.627716460764428 0.588757192439415 0.53345228083733 0 0.489671368297465 0.46008363220892 0.535208804679965 0.516643779066696 0.581418541614894 0.644766893661603 0.578268001747897 0.583268723278585 0.580139391597399 0.563401829711892 0.602378604612313 0.594510224517722 0.619825295125637 0.623882184601937 0.628592045899203 0.56935383940953 0.576647507849284 0.580723182972548 0.545568639048833 0.530036462422368 0.510936635020429 0.549327518718224 0.582077668465862 0.615476902715115 0.645960578794243 0.637210413183664 0.578110068576238 0.54591315815423 0.573014517506405 0.584172814107274 0.554187531115783 0.542915520168352 0.500446047196778 0.546207248513746 0.621378738515398 0.540256877985631 0.492771628190725 0.612398348279825 0.625370135270737 0.605201101012775 0.617959980659109 0.629031318857337 0.630564827973692 0.643765606729986 0.636120024174456 0.435529633555615 0.547542847859637 0.507896374329551 0.508175878615276 0.597789936188298 0.540316092377613 0.489840866512149 0.557812755087342 0.474030639913232 0.48413099593576 0.488026816425791 0.596264543528815 0.460122964476134 0.525905831545533 0.480394970094974 0.569811608713695 0.513730210345464 0.566581088621379 0.519178024161021 0.564015633050604 0.59934444953801 0.615632627636338 0.557285644136795 0.575153966186553 0.582853320353678 0.623798649589199 0.634464624823489 0.543465003008101 0.617216651602725 0.578267974038212 0.554879691530151 0.488726544158486 0.560298298435929 0.524357046344573 0.573163833996566 0.542168625785671 0.521470766095999 0.52069818286083 0.594741118827022 0.561904904261521 0.520079429528498 0.523562809329118
"kurmapurana_khanda-1_u" 0.407112375893544 0.446045430291968 0.500715785021404 0.452342770224204 0.442555468341549 0.478036899753969 0.45933614594169 0.507229243944664 0.417489140839257 0.431751960163354 0.577307894318394 0.45493260995994 0.51502672807771 0.364290576549243 0.282210997477899 0.417806604857594 0.276976142419368 0.285979000373956 0.278714629316019 0.301067116273588 0.37069040048671 0.311651445869208 0.345574899842851 0.377313846946673 0.347139823510182 0.445195501376824 0.31675291192577 0.353691661928964 0.395466907329632 0.421049040599289 0.331176932521879 0.32078921883138 0.489671368297465 0 0.296663273569939 0.293069797896811 0.312085688261927 0.373409359645818 0.412610879102171 0.397971033375589 0.371580541193685 0.408586870812707 0.417451163954539 0.400968713574567 0.375258423074531 0.420017287880639 0.416578859339735 0.401149620863639 0.373270113360633 0.402962244578089 0.443139122465809 0.386111450987085 0.370226139205607 0.426200741917509 0.467438861428492 0.398484683570701 0.46476341028711 0.47439395801888 0.525576135545848 0.456609886604029 0.358214821753692 0.370710666517375 0.423524854546884 0.36079597722132 0.295928249148364 0.303304927352688 0.440767321166407 0.418262771599231 0.301352084335195 0.280600789009294 0.554519659748356 0.391395955926752 0.440867719138635 0.423961416605989 0.43561283867365 0.464663280525756 0.420272783968802 0.395079584799904 0.274637317976355 0.490673714122844 0.474296088266568 0.277284030221847 0.440233142406026 0.327856337828761 0.258268643398789 0.382172587809545 0.270491409482378 0.325020781651785 0.343098734742243 0.412267962159209 0.392974205911531 0.306690516924279 0.397035719501886 0.365149718311023 0.385364951759082 0.338161701722214 0.291468579794223 0.290821187379338 0.394795838885978 0.434041307050327 0.490635869366688 0.354617647898296 0.454800430120342 0.427524978652398 0.443847819000058 0.451306463832478 0.378298395012248 0.436932689783314 0.374871710703295 0.329428452049931 0.341006019400255 0.376814724911576 0.372148822419234 0.334803142949625 0.380910839480344 0.394759334048449 0.476832020017363 0.396622840167354 0.390220618753047 0.337387802841124
"kurmapurana_khanda-2_u" 0.397467464789515 0.49233873897949 0.497975075659779 0.499875253009226 0.50281335516463 0.509791175297647 0.470576153357814 0.520779207436768 0.51191309165049 0.505889344036329 0.552567319886833 0.533048657563001 0.49308829016926 0.431325421608177 0.322193371055828 0.450163953720337 0.371881385905037 0.347195065849916 0.350807631172676 0.362123847724142 0.361087696467347 0.355607398941706 0.375000935423712 0.380524973922071 0.309524415945214 0.419190470426061 0.400346462901222 0.447149441626274 0.450706927876687 0.530336334556371 0.445690799639229 0.35940275360985 0.46008363220892 0.296663273569939 0 0.346379369481232 0.326472136407226 0.426362065310473 0.50446677865656 0.43672122486832 0.440337214733867 0.447469350370773 0.416918897501609 0.489235876119756 0.47010896885416 0.495680969689346 0.500849556956831 0.501763068607812 0.429972818665962 0.459971569331382 0.467385703435751 0.357231313039025 0.371946358543775 0.365110325665466 0.374049517120823 0.420998134248319 0.493629116922241 0.524807521734111 0.527814127364224 0.491228642490043 0.387043566504809 0.472582949284985 0.479249240571962 0.409580403098293 0.345512650899822 0.313225884817934 0.38648150282386 0.474554480541941 0.3944037848496 0.40446179068386 0.564251860664766 0.474319110590396 0.457978096083253 0.481692945617857 0.47741486812198 0.497703808899464 0.506163787657038 0.472354400139878 0.319128482308273 0.498914597348016 0.433722420466989 0.365564387063771 0.477853741502962 0.416287788212158 0.328537143498858 0.454974392198539 0.325415062700402 0.305476463631365 0.314132818913788 0.498174160000563 0.409025433871361 0.37734994242805 0.350864817722881 0.438757004845725 0.334438339410513 0.422720906494122 0.385804161985491 0.405544389893052 0.448185136550339 0.452629551450492 0.387297497182413 0.418636337181926 0.518219186456333 0.462684367373687 0.501592201901083 0.42826582557777 0.459100003708913 0.438679763361067 0.417365140355673 0.378416003679353 0.404271515914276 0.358970973627545 0.454771775026634 0.41052124891737 0.4142776671543 0.362431561416913 0.503057866134452 0.478450167032356 0.417395612090373 0.397270332571572
"lingapurana_khanda-1_u" 0.362614528787215 0.545517658912495 0.571605969078789 0.539418340680407 0.55000539260426 0.52472856588792 0.523473810351529 0.566463603992006 0.529310432790681 0.530508954748901 0.606774045062281 0.547168780798453 0.551463668586518 0.454564275448392 0.263033852157583 0.257675895422143 0.220809727419965 0.323444984839002 0.197609283729499 0.275910694351146 0.428999460165179 0.34448042266942 0.332978502194319 0.320871218544631 0.32483282766359 0.338705576251719 0.333071974377244 0.408889347907558 0.359913648669794 0.38479209045607 0.331231542105616 0.341314832743979 0.535208804679965 0.293069797896811 0.346379369481232 0 0.256305041022201 0.394752186951543 0.413826003435262 0.386518597540269 0.403168129313628 0.44389232321122 0.398447231542492 0.417202209015423 0.370724453256687 0.462923778052919 0.45414046414534 0.390229890259077 0.395965541176589 0.429415340067596 0.409977122102694 0.350041841357044 0.321061597578688 0.375436875998593 0.350295507154923 0.38192322127305 0.402126957412922 0.433296439432485 0.499747913322516 0.440333507900127 0.342301583764354 0.41112021771754 0.47206402823674 0.368168145113707 0.224583803630381 0.352244249284822 0.446444187557058 0.362002175207383 0.372443621251927 0.375238177888315 0.597796345830462 0.450494267633335 0.44734980635657 0.481822617461341 0.439902655908783 0.494965240012543 0.457142418302962 0.454105854684834 0.34144328890509 0.521215659134888 0.426805332191475 0.363530597067689 0.434093707612673 0.389317568552259 0.304358034725804 0.455017969398273 0.269895981182809 0.325053084159758 0.342569517371543 0.391094773831364 0.459199941454656 0.292266827183234 0.398593340282739 0.300915439227289 0.399124425194568 0.338959776940985 0.348831934883247 0.378429530844207 0.24329360158 0.297236871026038 0.388573162285979 0.255009661208008 0.37200702861234 0.286961530625024 0.320935049688936 0.283378863273204 0.303494227668409 0.288403698257519 0.414093144515394 0.365652320940185 0.190158717854976 0.390354978023637 0.441985263028095 0.37305076933423 0.330413606601756 0.32415936839284 0.46671475014162 0.468487748747592 0.424048350443797 0.366229498657237
"lingapurana_khanda-2_u" 0.315622466435991 0.543637498583899 0.560407407255416 0.5496980666613 0.549068736456155 0.496349265876921 0.545891146009251 0.561041144307092 0.537244700865482 0.523476201168107 0.571902812125474 0.550672048410526 0.542911021648155 0.457201288691026 0.281282379551134 0.401024812387374 0.322657739461607 0.323885016880866 0.286879896748163 0.332632189228475 0.393526751590578 0.337870466049154 0.336199330843148 0.291490543931134 0.321919103094142 0.385949604032709 0.384487140172193 0.453402824769033 0.437270794691047 0.459073353908565 0.412409080929262 0.388572661906815 0.516643779066696 0.312085688261927 0.326472136407226 0.256305041022201 0 0.447123005211286 0.452939747180994 0.444278578057522 0.454102770515828 0.48645228568785 0.44850504983636 0.457610739012603 0.420887655527686 0.491045140660583 0.477157081835947 0.467183375358407 0.440865666906697 0.464752106997752 0.446642740457795 0.388527032775181 0.386270781229265 0.37561797454305 0.426128594762877 0.42105796113282 0.47397894111332 0.508225014209466 0.556946878786095 0.491801929331835 0.353169774971842 0.42113781386692 0.497623017305429 0.386808659715944 0.301365173736708 0.311201235224179 0.49048544305256 0.407260199497854 0.412629108974171 0.39995155933877 0.551251114695286 0.496748696134376 0.494881209965032 0.52909350173494 0.501916279336681 0.527446224334709 0.505855473987637 0.531139619960719 0.338187367167559 0.5195659182559 0.41522844880631 0.404973259499317 0.474718804410026 0.426742716401551 0.321302495028294 0.487980447367416 0.317225968786877 0.270547286438729 0.29479892163671 0.408536076564222 0.456808555152635 0.354524994616336 0.399461250144996 0.406484821309674 0.427309340271826 0.405400613554154 0.392437358598999 0.423641020701205 0.402276509157884 0.4248779918255 0.390632649927257 0.374315500130266 0.463536137439848 0.417699479905252 0.440467767299686 0.386056603147788 0.415542140863095 0.409899213317912 0.390494612783528 0.423339221247625 0.350196532302202 0.395636677538665 0.450751450514513 0.406585126622331 0.368630081016714 0.382219965302872 0.457929446385213 0.482262668168639 0.429713652654271 0.36338922685009
"mahabharata_01-adiparvan" 0.507712530128976 0.434860263877467 0.520386994413161 0.489736849766354 0.47933383687423 0.527895871127698 0.427397507057829 0.486579239823328 0.419807126050028 0.458122031583413 0.588033214866621 0.46253475759562 0.495615154453493 0.451626560854782 0.348557872577042 0.44740131996795 0.29747145489093 0.406048297060707 0.355869217003336 0.245178283521903 0.444014323865094 0.286570215186321 0.452111653838373 0.482494580525402 0.362665735218835 0.464162313587085 0.251842331151054 0.33471447014674 0.418120850900556 0.445479031963153 0.217417584094842 0.346768215804032 0.581418541614894 0.373409359645818 0.426362065310473 0.394752186951543 0.447123005211286 0 0.387765085124674 0.202439860124335 0.122559075163339 0.231433064166383 0.23775442254131 0.320206714333524 0.29788279418415 0.308611714521664 0.311616679053005 0.316096622099711 0.205858028460103 0.251699678342156 0.373732919871778 0.274428108621807 0.281449122412297 0.398832984699931 0.448251697632462 0.149091077421648 0.255597070768474 0.318661493003937 0.391698922849492 0.348524616991944 0.268469551646283 0.363015945125319 0.30349601989745 0.240979353358325 0.329116575078124 0.448658174588193 0.431623369689356 0.396377236719172 0.316649474044933 0.34079388963364 0.649862336272798 0.262005772789724 0.24939091353261 0.294675637188403 0.261834628843503 0.32264616451424 0.296952541143459 0.263506649436605 0.36794000465166 0.575241265797458 0.499476425520152 0.411929465676787 0.432075495881249 0.323747327294448 0.404101121883583 0.344981083893636 0.323943617878176 0.36735471214727 0.48112493653031 0.443493984645674 0.449018802281239 0.315469256975396 0.508980846161417 0.29853140148189 0.460716178024069 0.233439528949431 0.307268347368242 0.292647150059974 0.419620695836263 0.449996067524366 0.490884461105913 0.36730242798927 0.522952043683365 0.482673618716532 0.480943692771077 0.472106280873129 0.350448799547243 0.452507080507463 0.424092875173658 0.351501537493256 0.390758654093849 0.378654044422518 0.440366042505726 0.319428096864593 0.388703273396462 0.433675772330972 0.465542429667049 0.33115868241789 0.386057590425685 0.30575793934928
"mahabharata_02-appendix-21_sisupala" 0.472558454760846 0.547247694152249 0.615142837288007 0.549469779412084 0.559803074825393 0.599831426019211 0.563081901614183 0.617982034699219 0.534258359322752 0.532095294404103 0.664593236174668 0.563599921946783 0.627384674384801 0.48613984781422 0.424933044819421 0.478936411721191 0.377382225546768 0.428313934775998 0.395412923660808 0.393637476059345 0.573113316676816 0.447743165995052 0.474249832192373 0.489200532089459 0.489348932515042 0.562457522804493 0.345268929207414 0.413203262499826 0.377591382131023 0.340520404587258 0.316116817044419 0.4612050732846 0.644766893661603 0.412610879102171 0.50446677865656 0.413826003435262 0.452939747180994 0.387765085124674 0 0.415130923430487 0.38074922958244 0.43267391166405 0.427933064875381 0.333690462624188 0.359298032324815 0.35690815321528 0.333070758300815 0.336037584445366 0.388273286502718 0.43651402471302 0.496760335850973 0.455497570618912 0.445964200246601 0.532306078636155 0.533166757423494 0.409750215424075 0.446423808410774 0.362796110472598 0.556573459205284 0.439795971107751 0.45530014050082 0.447651899308698 0.505336117047774 0.45599419712407 0.391551632612973 0.463026195626567 0.581875854858325 0.460609873746391 0.440552673014164 0.444861934126047 0.652552619073402 0.354239575554535 0.464736129593167 0.442437635501479 0.390207526892772 0.422048760079591 0.343318214600866 0.389895648504593 0.468520621908786 0.570565262738677 0.487200118248505 0.483323393488132 0.516747547003622 0.437585143006491 0.465651309907434 0.458056251438148 0.430519863789901 0.441453059279024 0.521384925714202 0.446261318549226 0.54735844245747 0.425387408631913 0.574364427618647 0.394377810339014 0.509028778596193 0.345098589171132 0.402300355772775 0.407125910627384 0.450155981123942 0.467582683224517 0.561018341938385 0.440952942918218 0.486392973671682 0.496477897490799 0.495039579476703 0.518971728197081 0.39080792195604 0.497074135138745 0.478819187110866 0.477489028985604 0.43531351061924 0.494537477395595 0.507905950997388 0.449859472290145 0.497164839152627 0.50662246261119 0.533567226667712 0.474284512055229 0.480986575229938 0.45168975618368
"mahabharata_02-sabhaparvan" 0.486991126069395 0.43026429700343 0.524647069946176 0.494381156752394 0.472135228844906 0.53459119332323 0.418463368696656 0.473643534057282 0.444902566825974 0.481859029247811 0.585809347219397 0.473531087825951 0.481320983229595 0.459522444504888 0.37004517663193 0.448341422405021 0.321345662791492 0.432491932060562 0.359595790481176 0.276814150837924 0.473433338573607 0.318652170595021 0.461858581815939 0.464305921288532 0.373954000855466 0.445432510888982 0.28392475944254 0.35885467896972 0.367133757004208 0.396891339255616 0.256526156354397 0.395357137949496 0.578268001747897 0.397971033375589 0.43672122486832 0.386518597540269 0.444278578057522 0.202439860124335 0.415130923430487 0 0.190645543079393 0.220866252744283 0.161094001212336 0.276897126549483 0.312765194669926 0.340115478312424 0.321535515815909 0.29103549081795 0.234488092448587 0.226102160104562 0.36241100439989 0.202731318187432 0.214874061814358 0.4027353338705 0.420461922280783 0.199394384553714 0.265840333785204 0.362493839871193 0.373366866955864 0.282213735659365 0.296858205440723 0.401244022117074 0.366237304581961 0.291934953089807 0.317230131587563 0.45940903122403 0.432806070554575 0.397593414253728 0.37106497994305 0.363068364011962 0.65036946163526 0.310985334320439 0.265537857636823 0.342846272290381 0.264846123821217 0.333249555815762 0.321836352180851 0.324752538053754 0.377468785394188 0.56800839838757 0.459772502242723 0.425460165964701 0.453202702761486 0.376020029843041 0.430274873116453 0.398449529685808 0.343982411513705 0.388597321520629 0.493155196064946 0.427885448629963 0.461155037051808 0.312870509591977 0.513094932692326 0.328571483175039 0.457357248497061 0.257510416625869 0.353047417434169 0.364630621282561 0.417554439740213 0.458441653741413 0.492977191649842 0.379629618918467 0.499927587297189 0.471137044201118 0.4768577030698 0.462353186311208 0.378114681328254 0.448790339558109 0.440778325916149 0.364261115108409 0.394247990850576 0.363858719278519 0.464131954186931 0.365531453658288 0.39945781787665 0.403910437888709 0.477702053570181 0.384041245476649 0.420599647207967 0.351848523041288
"mahabharata_03-aranyakaparvan" 0.504648099762649 0.419242581114351 0.515650845021967 0.477234176654314 0.460134842350782 0.515300579939391 0.412825751502073 0.481340492053227 0.414410029504335 0.458457219415615 0.587248699183852 0.44277656809948 0.470194256149933 0.429091321388952 0.352935469678394 0.465431777138528 0.312469922746812 0.410123384837377 0.372874931829132 0.251193735037514 0.459668034092191 0.279313840343572 0.442385003359465 0.496942039712341 0.35736107953399 0.478657677118757 0.250783797008248 0.323325923207748 0.396429217890528 0.426884674175907 0.208160747206701 0.357412304030506 0.583268723278585 0.371580541193685 0.440337214733867 0.403168129313628 0.454102770515828 0.122559075163339 0.38074922958244 0.190645543079393 0 0.164941725023727 0.191228623223051 0.286696257983615 0.305604062452188 0.269928163461696 0.271894133076368 0.282604816026799 0.207735270251478 0.200114437057886 0.38664144876776 0.268229125303065 0.269438781200379 0.406470794017233 0.45161225944156 0.171780173609367 0.267846632961324 0.330108522776071 0.399681803369818 0.334426838270601 0.284720670826712 0.367852579782927 0.326709003108731 0.260231094882377 0.326118291597232 0.446441313764146 0.412105285157579 0.41826676875403 0.302275832730116 0.332061126093506 0.655905949928863 0.260441667559537 0.217048097838613 0.273245915705096 0.236108623590357 0.282661231159169 0.26714470828479 0.244787774865765 0.375183135688836 0.559873529686002 0.488625600409064 0.413871451390952 0.432312129843015 0.322464874886532 0.419183092097437 0.347348786185118 0.332765899944886 0.375805970511525 0.49427389887811 0.434041880838784 0.442870557137755 0.309519732643468 0.525048940796421 0.309867193693052 0.46956439017971 0.244868043370536 0.304278542279006 0.289845956621739 0.431752541040235 0.468508940033955 0.505960208743572 0.381435022064777 0.521001293760804 0.490527076931439 0.494144975299198 0.488733239302596 0.367134482841464 0.470967490882567 0.418535406875224 0.349492543709847 0.404981403738071 0.369993462294683 0.435912337034386 0.330867073275843 0.406625307172896 0.435826893783578 0.482561403691153 0.349973450843029 0.388232245279984 0.312172193634099
"mahabharata_04-virataparvan" 0.51738592633315 0.412770158080553 0.508660372384275 0.476648433449691 0.466918445071052 0.536543122100356 0.41633929536516 0.473318957312766 0.444683492437118 0.476372348371767 0.603656499904194 0.453290501310172 0.432740517645119 0.458283660068855 0.385737495678708 0.501412803744723 0.353379843248301 0.434824669430676 0.406637652812795 0.3225259473085 0.473533938851179 0.308765059346566 0.441931922094937 0.523632506417238 0.372088001052917 0.498083953020535 0.299887322921284 0.354980886231775 0.431425714783769 0.437246916046102 0.283474895190251 0.38800077484961 0.580139391597399 0.408586870812707 0.447469350370773 0.44389232321122 0.48645228568785 0.231433064166383 0.43267391166405 0.220866252744283 0.164941725023727 0 0.217015997302515 0.311976450607727 0.343124122783071 0.293974314384925 0.27793273262885 0.326643007607495 0.254422810886917 0.214652326138327 0.43709476348345 0.294353488207293 0.297254485440695 0.44414075932433 0.456664396882351 0.249510164017378 0.331245995802704 0.409135958676233 0.440414631030366 0.370539275447389 0.327923025870006 0.406819283291045 0.364383993271578 0.311524904434987 0.371738487003154 0.453714097301398 0.40770584571334 0.462667450132058 0.338660519307717 0.370764217658153 0.671482074009827 0.316745533115124 0.226954814644599 0.280484733653088 0.263371475565789 0.25201226635627 0.285301429364663 0.301936656177313 0.395027128509688 0.560809771153413 0.49787007774796 0.445520841543115 0.465985737809125 0.355131267813539 0.458513293303431 0.380853757847296 0.369677766250771 0.408971174378096 0.512380886924513 0.466543166546167 0.45426212887319 0.366230246849726 0.533316568106154 0.379407079345293 0.484984671453526 0.302448059528248 0.374432990913384 0.352312479574057 0.465804880289206 0.509576100987412 0.527280608781777 0.424459065869213 0.544868657097043 0.528347101947094 0.523928743231108 0.514159997506862 0.424150588533235 0.518149575995733 0.437799087192917 0.380134535399935 0.441263836321241 0.379305705172327 0.452473714129232 0.379729925250086 0.446070210363016 0.455339619104309 0.525807916983815 0.37256574528186 0.420286132924175 0.365243874708917
"mahabharata_05-udyogaparvan" 0.496340085485832 0.424225260318302 0.505922498100703 0.467538362735245 0.456427530186909 0.511405558823085 0.402510623072641 0.46584323627562 0.46360104525601 0.486522108448387 0.578368622020511 0.477630580109371 0.443461514199096 0.451526188519614 0.373825836785171 0.45490482295692 0.338043934575879 0.44518038119011 0.365851728799865 0.280058513351973 0.455468718307205 0.33167876936354 0.471454900325438 0.476365816479581 0.35910473293522 0.443822216989454 0.298845254324795 0.365807034245663 0.363317298045584 0.421089925380186 0.264657022556185 0.404647943609853 0.563401829711892 0.417451163954539 0.416918897501609 0.398447231542492 0.44850504983636 0.23775442254131 0.427933064875381 0.161094001212336 0.191228623223051 0.217015997302515 0 0.30220968146795 0.322890421532726 0.334136928440659 0.32264086341645 0.319446359635962 0.232106047098 0.209381699650066 0.361099215039751 0.177037916947947 0.221778734716425 0.391331901405591 0.393368201758413 0.188711033674764 0.27312080644662 0.368405258802416 0.389650366533515 0.296165683487969 0.288371525722172 0.427298611969073 0.375445269417405 0.299225414494931 0.321685313234077 0.464372841004354 0.391044642423818 0.456085318632093 0.370033793862934 0.381196174449219 0.662670942219391 0.336080285169071 0.242016833259175 0.345259290381416 0.27796788544388 0.319528796218461 0.338544046671995 0.340587572513424 0.396758449968317 0.541360584318815 0.439291306042737 0.428190417657761 0.456036546660896 0.382739706524465 0.438684803076468 0.405475019301702 0.33749877303914 0.384136912294675 0.494412662054583 0.426430398133275 0.442726145399607 0.329558974631575 0.506574738763276 0.347838616517185 0.447411878940144 0.275152867811639 0.369619179567406 0.385679188399848 0.420801413767675 0.462016619865343 0.473294870244966 0.373233274252273 0.515137383562826 0.481810763515653 0.479505370423343 0.465785211277095 0.406273563296344 0.438058525803533 0.433887525922588 0.387564310979951 0.397874784739725 0.331907302050199 0.488119775943849 0.381914804357516 0.389061415465527 0.382781730563194 0.474937337191273 0.404925924725257 0.409468146727421 0.349149062915749
"mahabharata_06-bhismaparvan" 0.474032403626287 0.472286903015005 0.569164244461502 0.516323355069572 0.506642138869764 0.563619887730947 0.514899573687169 0.567564260140625 0.491877890198628 0.510009150735586 0.61694830926765 0.489439502670961 0.56456305955012 0.473003817691253 0.393601160622703 0.476851015536302 0.351969043387294 0.428337672893736 0.384713454111424 0.330346374954444 0.5190755969174 0.399578911324333 0.464353258062406 0.464467542360198 0.43549351599154 0.48807389908274 0.293098859180289 0.369750563089002 0.362821973277432 0.277838915377057 0.279728872582313 0.422976089849596 0.602378604612313 0.400968713574567 0.489235876119756 0.417202209015423 0.457610739012603 0.320206714333524 0.333690462624188 0.276897126549483 0.286696257983615 0.311976450607727 0.30220968146795 0 0.370797037511265 0.184916609670854 0.172245852363855 0.176360699741138 0.287527623862582 0.308682958387956 0.456680858567515 0.355647906241981 0.359005621568982 0.46751933693968 0.475867959248132 0.31706533856039 0.347098661705846 0.343724548590037 0.462971679987704 0.315417649491688 0.380261027627942 0.419442741148703 0.454095956063578 0.378886268215253 0.34634568424311 0.461271094499858 0.512190912412067 0.439325511133431 0.40456998001495 0.405446795724015 0.661460213911118 0.328496810938251 0.352349237243932 0.37079355051811 0.30566537762271 0.359372137723762 0.290356402311935 0.364326469872886 0.429280477257401 0.579759624612014 0.483717783602685 0.441055101035406 0.468686479479587 0.421237757390207 0.446080035612194 0.464043921070028 0.377316585386641 0.406578970222576 0.515306716139114 0.441422134020372 0.513455190440886 0.365468133979026 0.554242109764205 0.377531097588483 0.48811622121494 0.299403127662347 0.390091593435851 0.370638491003425 0.449806393927961 0.484700720328609 0.541068938755636 0.415954456674612 0.446093731480323 0.491707228735891 0.495988979938208 0.490335314417603 0.397356569974158 0.487093956609654 0.467840016340573 0.435453043758729 0.4171793735119 0.442159605789975 0.489492206743041 0.417531566131998 0.438204751379041 0.443869182277922 0.48998704138081 0.433392361641217 0.458352835128912 0.391986953280017
"mahabharata_07-appendix-08_sodasarajika" 0.474043307124299 0.471394726536338 0.563269288645822 0.508920465865097 0.498249055709745 0.528636657808422 0.480406403878961 0.527407182695738 0.462630721342626 0.446059366418948 0.6293823390618 0.48690881179366 0.531823769328645 0.459018866629241 0.326809307565616 0.441384765876907 0.30469643915298 0.438793442411142 0.342427590834225 0.271956700650861 0.506217610514328 0.323865561446841 0.445786417303732 0.471000476536143 0.401193442156487 0.474884723252128 0.331086872687719 0.384033336862292 0.415800160657874 0.410754724892893 0.29665596204058 0.3880121288641 0.594510224517722 0.375258423074531 0.47010896885416 0.370724453256687 0.420887655527686 0.29788279418415 0.359298032324815 0.312765194669926 0.305604062452188 0.343124122783071 0.322890421532726 0.370797037511265 0 0.394940350283442 0.37940191903185 0.36641411360788 0.333210984488105 0.351548902735926 0.401013986272786 0.312159679993261 0.320285440591321 0.461115501045385 0.451905971528813 0.30940279833371 0.375960376061328 0.400371644714833 0.486472935529986 0.386009854700072 0.330799397151443 0.404364573460038 0.366381664406855 0.314621458649407 0.324206738907111 0.460204353840513 0.493629890333675 0.363049811962442 0.346369743528552 0.337991779634723 0.655383458383223 0.362620485788931 0.398659612426164 0.443836768349348 0.385791941229963 0.430755143772878 0.40179370751396 0.397205837714984 0.385133173608439 0.551365930347901 0.454852344244497 0.388183657696948 0.422651312395095 0.33352710494181 0.392219816352996 0.37428928847841 0.330716302006528 0.394634601051154 0.481828478702379 0.397002289409016 0.455170398993455 0.330051828760884 0.543897190306155 0.35696194115825 0.469400611431924 0.281866746837385 0.335373508653289 0.38050423027972 0.407194780927153 0.461385492630911 0.501388232995164 0.38614139295732 0.501104403590403 0.477396391537066 0.461451549412776 0.460884938572497 0.36644153036285 0.450602966537326 0.430053021131924 0.36375761697655 0.389122033582486 0.440997523128056 0.448777180247854 0.359398805108441 0.378860305676234 0.438561344978521 0.473544777141759 0.395306819347237 0.42696865998166 0.334533853511337
"mahabharata_07-dronaparvan" 0.499851496002168 0.461822480215615 0.553561899939794 0.503601849253237 0.485171598154788 0.563506980102212 0.501878730280445 0.554088390818238 0.484624623132821 0.493027304800631 0.621164590303398 0.470025680724461 0.55157835253748 0.45910903137165 0.394644841984025 0.517014725731059 0.377363023229031 0.440410439436436 0.424021251319914 0.363464534109603 0.531995923286317 0.402031691299897 0.450776649807584 0.510356699345869 0.435641032637385 0.537398927668108 0.314647292301193 0.378531768537157 0.41060782853234 0.353703443226073 0.273252083858055 0.427249832274778 0.619825295125637 0.420017287880639 0.495680969689346 0.462923778052919 0.491045140660583 0.308611714521664 0.35690815321528 0.340115478312424 0.269928163461696 0.293974314384925 0.334136928440659 0.184916609670854 0.394940350283442 0 0.13864051818893 0.235138103758328 0.266061123134441 0.292139144905039 0.478838902809644 0.396316659513859 0.41173475461554 0.481381163689952 0.515861780586679 0.324837065796758 0.377539816993865 0.353611066027944 0.482962818505619 0.386385837641604 0.412357276640877 0.420047485754356 0.417402888690139 0.393955961307045 0.391672886646934 0.461027768335288 0.491780666693882 0.490952494196122 0.391483900363636 0.415588884612748 0.677409335077274 0.290384701318734 0.308186988756313 0.31103699036411 0.296292944583189 0.273469533408548 0.221047603139378 0.314600669454402 0.441472187179839 0.571572902585834 0.512139000863573 0.438667591145054 0.470237876894259 0.41672038882656 0.46312213136874 0.457043405999797 0.37099453892779 0.428024539477219 0.523790167094494 0.473048899942221 0.506228379203024 0.404996786380216 0.567577788978796 0.41836573238915 0.49025237128275 0.308687108527629 0.382740828379267 0.319646615601123 0.490201807083043 0.5232567885997 0.55474238488072 0.462271686274334 0.521144889694886 0.530591078592368 0.533578174023006 0.537557191733726 0.427118338286719 0.529825940201603 0.475422154876036 0.432028661655881 0.463752893443346 0.441260322198615 0.504650786168012 0.39756231833767 0.478238985613563 0.482345218978553 0.530117239826997 0.413262571071799 0.445390905298735 0.390048672863759
"mahabharata_08-karnaparvan" 0.479881508215591 0.438176071636222 0.556993200092503 0.490318232279361 0.482353673089333 0.555390735864697 0.497558640041052 0.551482251195916 0.492029160971109 0.501347736705248 0.62272427747792 0.463966017529117 0.550818667747886 0.462878283270421 0.391255343619852 0.508150857477775 0.368555642745804 0.440116328727115 0.416871913268238 0.351538917997818 0.535145722613066 0.401398355205258 0.458499358696732 0.495260086724314 0.437886935231338 0.52325096013858 0.297308752277115 0.359326367818795 0.389310622745353 0.341299635364773 0.262774175363283 0.419991566176573 0.623882184601937 0.416578859339735 0.500849556956831 0.45414046414534 0.477157081835947 0.311616679053005 0.333070758300815 0.321535515815909 0.271894133076368 0.27793273262885 0.32264086341645 0.172245852363855 0.37940191903185 0.13864051818893 0 0.197432014537798 0.28415442224123 0.290967230066997 0.462934283523243 0.378097396317581 0.402298523246646 0.475995016213803 0.516564452371746 0.327247840838323 0.368881838278095 0.36956537026033 0.480705052528713 0.36830361523817 0.396991265456665 0.409577281181216 0.429716471789615 0.377282207431745 0.375240940280068 0.459646497628564 0.499181534938119 0.468109705454557 0.393537784591603 0.396833996336458 0.671866867535728 0.308303624156335 0.319369990265052 0.329920958669262 0.303981631881516 0.306873793602368 0.248777494097251 0.325483127623414 0.441825489692939 0.575188132017874 0.500258361250081 0.432941962091783 0.466479690869689 0.407574555613241 0.454931001142481 0.444534170451622 0.385635988098006 0.415740772961178 0.520957698998894 0.436821317247013 0.50347721002866 0.398230878713806 0.57119440997143 0.40554650724167 0.502207974162665 0.301079245605572 0.3925689509501 0.320133725946426 0.48355406858648 0.515107207978651 0.55029267553309 0.449149400790843 0.501424918802429 0.525671480893218 0.527821945161678 0.528870341089005 0.418833380576332 0.522742961412548 0.446254393324644 0.439896426260376 0.451939033268922 0.446590347591524 0.493678553668379 0.411166415024331 0.475266460317273 0.486242477656608 0.517448277339415 0.404253080795301 0.447006839737232 0.399160359423974
"mahabharata_09-salyaparvan" 0.485683767934721 0.503696542429869 0.605769095523817 0.548569972778634 0.54101482964004 0.580726881657606 0.533192631121197 0.601595793782355 0.534868717136985 0.530758983096336 0.635852927444211 0.52139042949675 0.60291696778687 0.494795858881664 0.392165669302604 0.447406324639174 0.329182178286682 0.426702992840124 0.36704976862606 0.316512168912025 0.536316815839239 0.398622700463429 0.476484310160015 0.478346691076923 0.445365558430778 0.482585210543809 0.300998658974686 0.39116637185745 0.355948380463791 0.310888125213149 0.262012023465024 0.417706002342864 0.628592045899203 0.401149620863639 0.501763068607812 0.390229890259077 0.467183375358407 0.316096622099711 0.336037584445366 0.29103549081795 0.282604816026799 0.326643007607495 0.319446359635962 0.176360699741138 0.36641411360788 0.235138103758328 0.197432014537798 0 0.298899453262566 0.323949344140236 0.456297734176297 0.373961640018295 0.354568509858169 0.481132913925672 0.468469742450901 0.320409256983279 0.330184619790809 0.304741097262999 0.446741591686675 0.350451047697959 0.38108387211683 0.408559617571511 0.455727508751877 0.384477825067475 0.340920990231182 0.478878622499699 0.514465656053072 0.421957950308279 0.408798865653945 0.425645193383405 0.685588057407179 0.315148190142033 0.35234701687582 0.396395527007365 0.327008917798997 0.378032201992496 0.298834364750069 0.337441126997282 0.454089710100377 0.606466323123145 0.515922250233777 0.448388334735294 0.47252098825159 0.40588572176884 0.466545996236362 0.458522290552264 0.389333809654477 0.432417826770134 0.512439512083401 0.428459020472552 0.524215121814464 0.380386209454543 0.570798810069649 0.362651293954061 0.50921487678688 0.296715991071954 0.37379218120061 0.334733953310902 0.411339895056313 0.448795469190272 0.54586653260492 0.40033763870692 0.434092585763918 0.466760203999252 0.465150178438322 0.475051482665849 0.358331582102441 0.451050952579766 0.471995065498491 0.445426677425987 0.382923932908613 0.464915047158665 0.51938313431747 0.419003671938226 0.437378800572451 0.43813019775809 0.494373952472267 0.422448473758131 0.459701155025241 0.404118973119964
"mahabharata_10-sauptikaparvan" 0.484610186410519 0.44980662856308 0.513400290242396 0.481324838081196 0.467531845389336 0.539052729536079 0.443861299507022 0.49619426173762 0.440363009594963 0.470181307239264 0.593122560272151 0.470223869690574 0.488340178749618 0.449967991559519 0.347929658106908 0.446283110833347 0.307044182882826 0.410098183150374 0.352124360097715 0.252733531274984 0.459143786141161 0.330192349043164 0.436313827447036 0.479317697806044 0.350067930921104 0.469565490992234 0.258068244873274 0.363440010855422 0.393260599230808 0.40630186897133 0.218137609986402 0.38124701803014 0.56935383940953 0.373270113360633 0.429972818665962 0.395965541176589 0.440865666906697 0.205858028460103 0.388273286502718 0.234488092448587 0.207735270251478 0.254422810886917 0.232106047098 0.287527623862582 0.333210984488105 0.266061123134441 0.28415442224123 0.298899453262566 0 0.222633001746626 0.376780055588363 0.275036130359864 0.281657921458248 0.382381912259113 0.417246242342822 0.219844591565694 0.296546891770425 0.330982402203453 0.427117641370444 0.338778449931251 0.310866436212897 0.393965803214056 0.352005077515648 0.290333536592658 0.321363341421127 0.426441855355342 0.434071968258669 0.429842325618693 0.329076263233114 0.352805738059548 0.667872218333924 0.264998954015045 0.262095284987789 0.299114122951904 0.260968863959422 0.285515789273745 0.258286286351349 0.277981037701405 0.379256244572621 0.533778218728455 0.468527916879607 0.380405149609818 0.411154213456011 0.359345167515883 0.392605865155984 0.394678307596662 0.293871450510862 0.382253575077959 0.474919040868481 0.425322618328883 0.45885462870308 0.331605180044789 0.510777172229325 0.338864741731251 0.419365022572532 0.238325797682292 0.340696902477377 0.317059166295524 0.420336537305029 0.468239742094929 0.489268489873957 0.377262896091729 0.501266644923134 0.476172033150259 0.474654604386061 0.470190898755659 0.367958935722783 0.443011166955075 0.430252416069731 0.36064855563775 0.393771196961383 0.35555427333429 0.460258730949163 0.346025816452904 0.397515879341445 0.415044411741252 0.49669189164471 0.376427713034601 0.389440800432011 0.330520464558829
"mahabharata_11-striparvan" 0.507776092752833 0.411319010267957 0.516593506395217 0.476139587734463 0.438789478379814 0.51152209869903 0.428927410758688 0.468616899164832 0.448225164028798 0.476769442588037 0.585895324260923 0.466453874993462 0.456756848765447 0.422898717520091 0.376354551132252 0.489442833003004 0.367985901214063 0.430719177810045 0.395681827420856 0.303437482458151 0.485236003630728 0.327983860736249 0.456896806288139 0.503833057520893 0.354887923417332 0.479452606581011 0.301655772892754 0.385946762513707 0.42348536278177 0.423889188608517 0.284045423638545 0.412932227758802 0.576647507849284 0.402962244578089 0.459971569331382 0.429415340067596 0.464752106997752 0.251699678342156 0.43651402471302 0.226102160104562 0.200114437057886 0.214652326138327 0.209381699650066 0.308682958387956 0.351548902735926 0.292139144905039 0.290967230066997 0.323949344140236 0.222633001746626 0 0.397265136584961 0.289678585573506 0.294778837495108 0.398137249604946 0.458020533548554 0.254482274486903 0.332492805495685 0.402398074119814 0.418408648375574 0.342884950549645 0.333237294441518 0.42112559996896 0.403983478583817 0.324210990168558 0.360612924392521 0.458010270109721 0.431070439891382 0.459128679019149 0.359050645552425 0.355493003834453 0.653229039911265 0.350094206375047 0.246977570653769 0.323064096775321 0.269063734184748 0.297665110112731 0.287636454658855 0.325932972987105 0.403672872875638 0.545001302322153 0.460959512800409 0.427520244706374 0.452011061035963 0.39501054866406 0.435750374233134 0.422419552239604 0.339259054603349 0.407348906419821 0.497033967895633 0.451994747650488 0.44482241155352 0.339274966779421 0.527679167615427 0.396670792666613 0.457083716331127 0.31769765093715 0.36342626512581 0.369711443421963 0.462366985588189 0.50055871809055 0.528389278320534 0.423493126911097 0.531320961505808 0.508862268624496 0.508203767409496 0.485573654054852 0.436549888721215 0.478947444147716 0.435911346390668 0.381802948645679 0.429241934539381 0.376990773358996 0.480876520847129 0.389549928920591 0.413178503462999 0.434345635203535 0.507598920426964 0.413377033246005 0.42808542095925 0.355453289396818
"mahabharata_12-appendix-29_moksadharma" 0.507260625417775 0.514724569724367 0.53860118820026 0.554164456388471 0.538431322914692 0.534852861936517 0.497463630087168 0.551308505688534 0.551087515067741 0.572649434832385 0.527151597673883 0.560985078303389 0.544526709072952 0.492219336219336 0.404964797808186 0.477339945082312 0.382690448399356 0.460631547049523 0.397797737034199 0.356314979163348 0.467176661331467 0.414500292936965 0.480495620032538 0.469611718445592 0.419658302736575 0.453031180100026 0.378421514088286 0.427199973878281 0.466779093014225 0.49511716294174 0.387680221593779 0.460024784789594 0.580723182972548 0.443139122465809 0.467385703435751 0.409977122102694 0.446642740457795 0.373732919871778 0.496760335850973 0.36241100439989 0.38664144876776 0.43709476348345 0.361099215039751 0.456680858567515 0.401013986272786 0.478838902809644 0.462934283523243 0.456297734176297 0.376780055588363 0.397265136584961 0 0.334876452951529 0.36172330215114 0.399114966662249 0.456110399974668 0.351686953827685 0.395690562141795 0.475266398094687 0.497053351697112 0.422850975260003 0.377673150828187 0.482111641365139 0.429202535654958 0.384804586087404 0.389567471169644 0.484554531454916 0.495905245963957 0.484510938827851 0.446720406301515 0.430161145667315 0.619655309647989 0.427026541396459 0.410108685715286 0.487429099928607 0.424425230427527 0.479271426118026 0.469578606125936 0.452010712151039 0.431886027560779 0.536708961081518 0.496184852213673 0.45121446171048 0.479698629034505 0.444352306925088 0.412793395349617 0.48039124364145 0.39161990843849 0.407877544249777 0.467514684225466 0.481276145372157 0.450409016018425 0.395579865693595 0.526929875752039 0.440635192452318 0.466575013787137 0.393632595128367 0.431312023807438 0.443283606271519 0.465511299684048 0.488084323381444 0.444844812054705 0.431223986149447 0.537390855862253 0.483942869829054 0.516054252707246 0.48329237304206 0.459376053416176 0.462363770272674 0.499230514444828 0.452323014354133 0.43937226063859 0.396766774119894 0.52847198646643 0.441471715579395 0.41270028581304 0.45730544938914 0.469958759031595 0.456401365177922 0.407499785214744 0.394603779790188
"mahabharata_12-santiparvan" 0.454052219088272 0.425910635422096 0.497541797674937 0.466047835280471 0.446542914088178 0.49316906797281 0.388913682277758 0.44151996191171 0.45363675940848 0.463196062655657 0.565656776666359 0.464591575379889 0.436641442951962 0.427286661349363 0.331603111249406 0.41752108018369 0.309652413151977 0.424357198616602 0.333691422124487 0.251274859606883 0.443331402408484 0.316941453946264 0.441443705388192 0.430146962723445 0.316273828266941 0.403665634860556 0.297971202971637 0.38864860438894 0.390458870603619 0.443470188368956 0.324557036249348 0.374118454254437 0.545568639048833 0.386111450987085 0.357231313039025 0.350041841357044 0.388527032775181 0.274428108621807 0.455497570618912 0.202731318187432 0.268229125303065 0.294353488207293 0.177037916947947 0.355647906241981 0.312159679993261 0.396316659513859 0.378097396317581 0.373961640018295 0.275036130359864 0.289678585573506 0.334876452951529 0 0.155729552003136 0.346642654815718 0.350155404456212 0.216893740229691 0.310181915508087 0.40242150591092 0.39688423756783 0.34091414089681 0.270755411255079 0.432567794076603 0.396617157463331 0.289015627994243 0.274804823180925 0.418551572590778 0.392394143672429 0.404860110068788 0.375851149598695 0.36083145262468 0.636472580753123 0.381775632344647 0.312629235414116 0.415732824053135 0.358006576305795 0.394370919029992 0.40528227577767 0.403001568301088 0.356223443379402 0.531963669571069 0.409626612634309 0.398862340514006 0.441775682055316 0.386901585176659 0.381683934917038 0.42494739862381 0.301435016968072 0.332713987688689 0.430028548080577 0.424154663448412 0.41994798910536 0.308152903963712 0.468144491337147 0.342173592681423 0.397054141017267 0.299800618476222 0.36495599663512 0.393884025326271 0.392289676080566 0.436762380833065 0.416057065278795 0.389707075619126 0.509414077797756 0.431983912747846 0.47197889628734 0.412266805760134 0.394651889402322 0.39940394933014 0.422609037148689 0.370771442030609 0.371945198137369 0.305940128221 0.466951277325271 0.355708015306075 0.346962304480393 0.344574076210727 0.461717168066076 0.407698821234765 0.386237896745733 0.318111185173156
"mahabharata_13-anusasanaparvan" 0.447225956451815 0.45721441019335 0.509035173734579 0.479492311112079 0.474056441686197 0.521538330076981 0.414012926309999 0.469558842484385 0.452203186736406 0.487674513789447 0.580880017030538 0.490841817857314 0.460102644987063 0.446913346787938 0.319594996687484 0.389981673958228 0.301848183518201 0.412282516555699 0.313940436768865 0.248034506270022 0.440118683900733 0.313444827985226 0.422192339518231 0.429410619988102 0.292274064932414 0.397037348003454 0.287618113406226 0.397810303402504 0.380076325417142 0.416920465605325 0.309497425526808 0.363187112688645 0.530036462422368 0.370226139205607 0.371946358543775 0.321061597578688 0.386270781229265 0.281449122412297 0.445964200246601 0.214874061814358 0.269438781200379 0.297254485440695 0.221778734716425 0.359005621568982 0.320285440591321 0.41173475461554 0.402298523246646 0.354568509858169 0.281657921458248 0.294778837495108 0.36172330215114 0.155729552003136 0 0.341032753722011 0.299407941969423 0.243287546113733 0.319505118704275 0.400214952308893 0.409355180609179 0.345064950657693 0.269828142853772 0.417579065770078 0.392535188402954 0.289218094771998 0.267627380117538 0.426716525273171 0.39129870321251 0.379879635299911 0.363463745740388 0.366601780525589 0.64361322761879 0.389019624913191 0.332139710235057 0.415613601383952 0.358262067549651 0.400990552231542 0.398449656470742 0.400005405267325 0.356186365349516 0.516339245671747 0.407861512104541 0.389955597146763 0.42812587078759 0.382853662470663 0.374887701557492 0.424497429102653 0.292019811360028 0.345867726104765 0.423243448512966 0.41894954311379 0.415646787126529 0.287235066426071 0.451435863997079 0.318208392583918 0.405042541482508 0.312958990723913 0.337884105670235 0.381090523954684 0.35907538028439 0.405195881467722 0.422790982167056 0.355670029656965 0.4735327388551 0.415084392912643 0.43575431380344 0.374500418375475 0.383465372147253 0.37445411369864 0.425051067799317 0.347054130215807 0.338345127613694 0.301364238743576 0.461594720122922 0.338282758986817 0.331371062284878 0.320769055156968 0.472693536365532 0.422049396139461 0.381216155113406 0.315889510005828
"mahabharata_13-appendix-15_umamahesvara" 0.425234496816567 0.517413932298163 0.530657424175496 0.526566421819356 0.51843237674836 0.558927207991627 0.516324631549802 0.546281686454296 0.538613465406169 0.572148091375475 0.551819777465971 0.560676172028604 0.509917944371722 0.497222436574123 0.362288674085049 0.422699439980653 0.37838793972903 0.411228950860247 0.372747859642286 0.327621236695571 0.44342457575874 0.39469236039977 0.408203405439104 0.43130560354348 0.290834208926183 0.403630931129278 0.370873249469005 0.492191641329924 0.475407096691546 0.528756111462261 0.407268624762724 0.40938733861869 0.510936635020429 0.426200741917509 0.365110325665466 0.375436875998593 0.37561797454305 0.398832984699931 0.532306078636155 0.4027353338705 0.406470794017233 0.44414075932433 0.391331901405591 0.46751933693968 0.461115501045385 0.481381163689952 0.475995016213803 0.481132913925672 0.382381912259113 0.398137249604946 0.399114966662249 0.346642654815718 0.341032753722011 0 0.363680193257434 0.384063910721721 0.431470624812206 0.503344154788645 0.483385254413292 0.423230765979851 0.373212904677336 0.495335010948804 0.471706190464964 0.391703577382849 0.336687605068558 0.40308192922667 0.443037037260316 0.465612620781491 0.452099398141269 0.453612765059104 0.616782947956228 0.465831564010991 0.429860473027791 0.48008431262809 0.451074463234608 0.501878828832759 0.484302817556963 0.462469625762779 0.396793064516477 0.497512173939772 0.404608265946005 0.429765776082697 0.479579645728601 0.474714770508138 0.382072570546414 0.535449012478149 0.337662272810252 0.345368844550297 0.380481968611296 0.505624444282051 0.475337301485012 0.366889298338905 0.418710478527848 0.43408539948641 0.363351956943137 0.404443279652557 0.416486431724636 0.459237345031139 0.401537733720737 0.418321482610654 0.383184997245674 0.415181021965154 0.484322285217908 0.428345792989895 0.474006396363778 0.373800143627588 0.460150963399881 0.382248344598397 0.427847314330496 0.427429073755138 0.384307481122321 0.329340559043261 0.518655375089334 0.422815548696013 0.392070882420029 0.391865390635798 0.528681103484856 0.515789832373116 0.455891089645781 0.398855479098486
"mahabharata_14-appendix-04_vaisnavadharma" 0.466142652020868 0.551584971173886 0.572992917115966 0.586386662490928 0.574870749228644 0.598455778449248 0.527094335224177 0.573905309610476 0.589424895942234 0.574246576330645 0.612465584177924 0.597790220902957 0.551400519666289 0.524677423195325 0.400649544721906 0.388684730981046 0.36848990228623 0.486598572487007 0.363557814773869 0.369028288637648 0.476200262006592 0.443139195475814 0.481563453800546 0.46288782772859 0.35270889123541 0.427184499932622 0.434310614247737 0.50889237573093 0.450181288090973 0.502503009162893 0.447659457028812 0.433511039201489 0.549327518718224 0.467438861428492 0.374049517120823 0.350295507154923 0.426128594762877 0.448251697632462 0.533166757423494 0.420461922280783 0.45161225944156 0.456664396882351 0.393368201758413 0.475867959248132 0.451905971528813 0.515861780586679 0.516564452371746 0.468469742450901 0.417246242342822 0.458020533548554 0.456110399974668 0.350155404456212 0.299407941969423 0.363680193257434 0 0.414565430540229 0.442497202625449 0.486096557598599 0.494049846994259 0.448067704358212 0.391945554659453 0.525826760538985 0.495285931390817 0.421741521409691 0.337271183852623 0.471793921628325 0.459459110758488 0.457326263257503 0.477646542830198 0.496778238881268 0.683623283092041 0.514446928922281 0.479927378962417 0.535465319398169 0.477389608880545 0.517999981516065 0.529307659490825 0.511000220581919 0.458656885112479 0.5123698666579 0.444989307399919 0.488687024439173 0.472517795681418 0.502615881459363 0.464835768890881 0.549258634867231 0.384531221373659 0.392517960264831 0.451493622117835 0.527240929594146 0.497628687596096 0.406707675182838 0.485179287121443 0.417316061816982 0.429094566234335 0.436950605563336 0.46277569949246 0.51084472622028 0.37332913271679 0.410367082584206 0.367086939553172 0.391420129936913 0.47918292281746 0.397435790360135 0.448141093391224 0.362465185439974 0.428326151390246 0.377633231144911 0.498639906626401 0.451712848453402 0.353313901924752 0.377431842694399 0.541471630855966 0.446748043269866 0.39590296579101 0.363422318044742 0.499761612921255 0.539161624477215 0.48068472344177 0.424340366306494
"mahabharata_14-asvamedhikaparvan" 0.488725535857858 0.452771893341697 0.524703724161092 0.496610516792692 0.493391030153455 0.529919638858557 0.443160712113281 0.491662920986935 0.4562775708503 0.481337813624588 0.584258966434099 0.480379949189856 0.481227306609977 0.455436731604436 0.353350572765432 0.427425971505578 0.304191483506471 0.432729451880007 0.347363536318161 0.237215016876083 0.447073406269347 0.299102055729302 0.469570523906236 0.465730478393882 0.355451254018295 0.444539539140557 0.274696157671062 0.350238665382838 0.408138212510513 0.443006154701769 0.260379954195907 0.365149897656285 0.582077668465862 0.398484683570701 0.420998134248319 0.38192322127305 0.42105796113282 0.149091077421648 0.409750215424075 0.199394384553714 0.171780173609367 0.249510164017378 0.188711033674764 0.31706533856039 0.30940279833371 0.324837065796758 0.327247840838323 0.320409256983279 0.219844591565694 0.254482274486903 0.351686953827685 0.216893740229691 0.243287546113733 0.384063910721721 0.414565430540229 0 0.222194980273897 0.30660353586683 0.383903895665183 0.330876587765927 0.260301994945498 0.406632560498884 0.331886585244846 0.259245957927629 0.313009111603625 0.447982578577209 0.433271995867269 0.421329959560832 0.330745992896767 0.372668651497073 0.654278385640278 0.310189554308058 0.254508389739352 0.334065202437213 0.273078881878665 0.332896677341716 0.329578335970635 0.307694543681349 0.383186611574556 0.576959898775461 0.464649765236903 0.412508690559527 0.451296599164696 0.344327595290194 0.414048666859104 0.382950756307446 0.330440595860344 0.373638616075753 0.475955796336664 0.422009069350224 0.446397681316314 0.322307696363404 0.511679163988467 0.293924556544414 0.454855064572389 0.258938831698669 0.317049556703634 0.323648367251403 0.406295614503484 0.431995752492351 0.466478148070644 0.364620870092326 0.524621738672582 0.459406908980009 0.471712889702154 0.456559369924384 0.374994931722235 0.419318497610892 0.439537621960111 0.378286003118805 0.383575720235956 0.360976222650267 0.45316199272646 0.353094222312401 0.381578321385416 0.406631765290289 0.464620386372556 0.364932658627964 0.376479782156288 0.319215846711834
"mahabharata_15-asramavasikaparvan" 0.542270972257011 0.508424738918139 0.581827483398835 0.553027317113763 0.549189236986082 0.576566598468304 0.513762251994658 0.566871909771235 0.514765117787155 0.540394109585832 0.621042190012653 0.528768441844713 0.545473544966797 0.516340144764045 0.428949031066232 0.444441117696374 0.369501578321644 0.477651027276837 0.404497390309637 0.335763477103887 0.50319434593518 0.38353823819017 0.515872789620649 0.515902812777408 0.444647319648813 0.475778581810959 0.325613977749607 0.3829702401672 0.392998225705193 0.448917886002695 0.326169006224589 0.440001579420249 0.615476902715115 0.46476341028711 0.493629116922241 0.402126957412922 0.47397894111332 0.255597070768474 0.446423808410774 0.265840333785204 0.267846632961324 0.331245995802704 0.27312080644662 0.347098661705846 0.375960376061328 0.377539816993865 0.368881838278095 0.330184619790809 0.296546891770425 0.332492805495685 0.395690562141795 0.310181915508087 0.319505118704275 0.431470624812206 0.442497202625449 0.222194980273897 0 0.321192798431832 0.381025421465269 0.315760927842902 0.338105972001334 0.456916771754412 0.396247652786307 0.340551563091656 0.380846004136509 0.50978305250902 0.504074214321135 0.452394638354477 0.425918208884381 0.43636445819329 0.682158181790429 0.335549124470687 0.338014551395647 0.411863846027629 0.364204869856196 0.399396559668346 0.368710212934526 0.362189422357953 0.453161820487525 0.60697623010611 0.521596699110423 0.479397673963323 0.490876325059568 0.421391393390832 0.457721675171441 0.442625511847433 0.408230861650865 0.431574382151975 0.528328945177593 0.479643382624782 0.528322894965789 0.403092532859508 0.561575613092554 0.328305605498806 0.504404231952776 0.300289831085595 0.412339469201566 0.40713157432024 0.418922054811127 0.438702655317359 0.524376339725986 0.394148099521637 0.509716720963496 0.476824438917359 0.467937135203014 0.465506382155934 0.376950518176262 0.429497521308021 0.49830079728857 0.454466031549815 0.398336518945912 0.444867474349602 0.515569807928774 0.421883028154533 0.426556944245411 0.447073915819234 0.495815620464679 0.428238221553097 0.441401206948146 0.390989361826107
"mahabharata_16-mausalaparvan" 0.541580829265594 0.553553731973156 0.600088411795109 0.575909712538022 0.585183811196401 0.589349720267233 0.544649779035004 0.612736914133176 0.558695673792177 0.53721203236548 0.653966566949294 0.555683619533804 0.616881305738554 0.507603504514233 0.458757565823628 0.474647336935801 0.403730018860014 0.489429409160193 0.430354135344739 0.369632680829738 0.55071134583666 0.446488749136695 0.532667221541663 0.530482903632143 0.496645464277003 0.53897643887728 0.358906921155884 0.430048509234899 0.394559539632033 0.435820963479622 0.331216234412883 0.447617510649115 0.645960578794243 0.47439395801888 0.524807521734111 0.433296439432485 0.508225014209466 0.318661493003937 0.362796110472598 0.362493839871193 0.330108522776071 0.409135958676233 0.368405258802416 0.343724548590037 0.400371644714833 0.353611066027944 0.36956537026033 0.304741097262999 0.330982402203453 0.402398074119814 0.475266398094687 0.40242150591092 0.400214952308893 0.503344154788645 0.486096557598599 0.30660353586683 0.321192798431832 0 0.452433598644956 0.415638099389191 0.418696637157235 0.464179370916491 0.459656950613781 0.41574634192834 0.411900432681346 0.522642512535093 0.561938055284511 0.489590105112708 0.459691418338696 0.468894324381914 0.70992662660531 0.347865231654745 0.391927488612229 0.422618833605319 0.384637902927591 0.411448753007978 0.360355658879458 0.367706341474062 0.477063505522533 0.624052432204228 0.535353901076677 0.50693999638565 0.512121762515855 0.448370578596038 0.519007903925123 0.492705281659434 0.442571807685485 0.464388109386884 0.566458989680892 0.476685674750298 0.553138015244085 0.453277210227364 0.611999797610038 0.355217372214077 0.545119939778499 0.325544206074085 0.387675578787615 0.381045635102294 0.450339369779227 0.479301620690065 0.557623646473515 0.415560957014981 0.524920727813904 0.488340546986317 0.489545923821238 0.515775168249473 0.401729979044319 0.464773063769612 0.519811045533848 0.499390062626846 0.432520517055521 0.493177613326849 0.53892205736872 0.456959088755871 0.496660881013132 0.480175322958365 0.495122299737111 0.459080116093008 0.478744549823518 0.442347250082426
"mahabharata_17-mahaprasthanikaparvan" 0.585927282021772 0.579152797745189 0.614957607823579 0.606308954296899 0.607956538698369 0.642225332608549 0.558143752469785 0.590170357525779 0.585450574374698 0.606561581227503 0.651526433358153 0.604626796668078 0.601692973206353 0.570419287654057 0.511374070479917 0.540335138589473 0.461398711754051 0.549237717091504 0.488884011175249 0.429159408298239 0.555604733002572 0.475287665814016 0.586499773939469 0.583054633776984 0.497020116113977 0.521467379929184 0.452471383187938 0.525848644194443 0.524559058917234 0.557758942894912 0.448947872234063 0.518331755755184 0.637210413183664 0.525576135545848 0.527814127364224 0.499747913322516 0.556946878786095 0.391698922849492 0.556573459205284 0.373366866955864 0.399681803369818 0.440414631030366 0.389650366533515 0.462971679987704 0.486472935529986 0.482962818505619 0.480705052528713 0.446741591686675 0.427117641370444 0.418408648375574 0.497053351697112 0.39688423756783 0.409355180609179 0.483385254413292 0.494049846994259 0.383903895665183 0.381025421465269 0.452433598644956 0 0.416629729095507 0.445674917515813 0.507263912943763 0.479349976929306 0.452368861843082 0.462273190031463 0.571081040129175 0.54562952843701 0.515750155779781 0.487669311000227 0.524848533646889 0.731025704160961 0.474129014739399 0.448043363940717 0.515557950237651 0.43450104674664 0.51496180850243 0.484266753807413 0.477279430390185 0.53250241774437 0.662030398211396 0.586477806262061 0.545550015238879 0.52430873574835 0.524154166572313 0.532885346597206 0.536086221116345 0.495223090703245 0.505390216717313 0.591008213199081 0.55343055585847 0.574673088686593 0.439357800722836 0.55067066585016 0.469105630678609 0.555011892256699 0.46326378024099 0.460086358027271 0.498769915384398 0.519470539665105 0.533985345524332 0.57775382957432 0.486999890164979 0.598128007900936 0.55672951393201 0.557886403893514 0.556222113516253 0.477595447499268 0.525869273546166 0.568545532837343 0.502864010617204 0.501850501423873 0.505351096589705 0.57326590557862 0.466455778654436 0.47975617356018 0.482085771871396 0.506845928391405 0.499255480390685 0.513192391985552 0.463789944832845
"mahabharata_18-svargarohanaparvan" 0.540555344989063 0.525765052262141 0.573598951116303 0.55825747019985 0.545208401091461 0.590986037163087 0.53231878751128 0.564796209407617 0.524912382857563 0.560563564638631 0.638264320255751 0.567000974545179 0.546685576064733 0.535418648067913 0.449511477123353 0.49465830051748 0.406780280117451 0.489655569067907 0.432336585917153 0.36410408549824 0.537285707210733 0.421141417171736 0.537634498247283 0.522966044699656 0.424917006992609 0.499305572281584 0.364311655768652 0.416566777258511 0.43984249483509 0.420582826548697 0.372063021560674 0.482528338024073 0.578110068576238 0.456609886604029 0.491228642490043 0.440333507900127 0.491801929331835 0.348524616991944 0.439795971107751 0.282213735659365 0.334426838270601 0.370539275447389 0.296165683487969 0.315417649491688 0.386009854700072 0.386385837641604 0.36830361523817 0.350451047697959 0.338778449931251 0.342884950549645 0.422850975260003 0.34091414089681 0.345064950657693 0.423230765979851 0.448067704358212 0.330876587765927 0.315760927842902 0.415638099389191 0.416629729095507 0 0.393716744089465 0.467531317781417 0.457023741091682 0.399335782748742 0.390266848730003 0.504925070887248 0.506680329259238 0.488829009665525 0.447924752537451 0.458548295631162 0.689925798261493 0.361886090351901 0.384415525349269 0.44704314714858 0.384622394350153 0.444376315937311 0.418894321307539 0.430164847208499 0.455954346893199 0.581038187656564 0.494259723061864 0.499963766567307 0.513608061392434 0.452807876569631 0.480799862865381 0.474478658753172 0.40873958303931 0.447686643908985 0.539912446395124 0.481149495548667 0.520518707752117 0.379216563538851 0.541622302019552 0.384983638266205 0.509773545501301 0.3628830272661 0.408002883376979 0.45623226762794 0.47053436036105 0.499078763735209 0.550661573497454 0.415492035753369 0.492799544516895 0.513069806254714 0.504944039085652 0.500727071901584 0.433871144510197 0.479821019102689 0.462407174860084 0.438977796961574 0.448978471079093 0.426653858969244 0.514919809372872 0.452528745465936 0.457828604154525 0.458121806620002 0.506600469836041 0.496564522297557 0.490280594820077 0.434585963788406
"markandeyapurana_adhyaya-1-80_u" 0.444935764837852 0.437130957809032 0.488636760976422 0.471493238996967 0.467388933324517 0.485182730735995 0.441655386353227 0.487322485996428 0.452793147975555 0.437655965035953 0.550640752323858 0.47345186243679 0.476988777140105 0.414241405392304 0.2666404174761 0.407886480795536 0.280598804819796 0.38520851962519 0.310650402228281 0.216793016168834 0.375016183836523 0.246559123355945 0.404784046887239 0.398261560207673 0.293071323538263 0.378925188531891 0.30671745588326 0.403697578133189 0.447798705277927 0.46845746975426 0.297859091303565 0.286551606795531 0.54591315815423 0.358214821753692 0.387043566504809 0.342301583764354 0.353169774971842 0.268469551646283 0.45530014050082 0.296858205440723 0.284720670826712 0.327923025870006 0.288371525722172 0.380261027627942 0.330799397151443 0.412357276640877 0.396991265456665 0.38108387211683 0.310866436212897 0.333237294441518 0.377673150828187 0.270755411255079 0.269828142853772 0.373212904677336 0.391945554659453 0.260301994945498 0.338105972001334 0.418696637157235 0.445674917515813 0.393716744089465 0 0.333207587125945 0.296393822972971 0.110956909560729 0.274486549315014 0.394317835247806 0.370673912040385 0.379569864951999 0.324836849202311 0.348001523189523 0.620336351245773 0.389402079377019 0.356462387288495 0.399279229136646 0.360773762540721 0.392764090334055 0.408948713449462 0.393939522977128 0.323853429705093 0.548307146944686 0.445093587891625 0.394294813818787 0.411116383005511 0.337677377438007 0.363731103295907 0.403972418397641 0.27969931428589 0.300754625557589 0.409025008069929 0.423892625436538 0.383740631299844 0.290658679506177 0.441486509762695 0.336165620044814 0.439752860074071 0.323925878471206 0.334731541389716 0.341242796607349 0.392568620073373 0.420815664493181 0.40673509103508 0.374067577941417 0.493605134649778 0.44186795861611 0.448229753968128 0.39955854171287 0.36960181059907 0.420746959323414 0.394641754434476 0.342116532652736 0.362836577504815 0.310846062011538 0.394352703026616 0.298222532903065 0.264098517634914 0.293022111268098 0.384355792066219 0.340979075432475 0.334390064245774 0.218040906675669
"markandeyapurana_adhyaya-81-93_devimahatmya_u" 0.505368198634297 0.507278404353816 0.574643861162576 0.514455874182924 0.528334972569023 0.552897692295316 0.497613782031739 0.54589019041145 0.467047148197501 0.518098038442152 0.602102824167177 0.489396939533551 0.554315452564527 0.46365307545482 0.362569384402388 0.496445684837251 0.382434828781315 0.38138539781777 0.399439790360636 0.330209272284476 0.441196743204239 0.325848139976227 0.417359736461985 0.469708989168432 0.41580227790985 0.492651184882019 0.374794622743295 0.390982855704748 0.490158615413176 0.460589806113912 0.377000216465175 0.347906745743218 0.573014517506405 0.370710666517375 0.472582949284985 0.41112021771754 0.42113781386692 0.363015945125319 0.447651899308698 0.401244022117074 0.367852579782927 0.406819283291045 0.427298611969073 0.419442741148703 0.404364573460038 0.420047485754356 0.409577281181216 0.408559617571511 0.393965803214056 0.42112559996896 0.482111641365139 0.432567794076603 0.417579065770078 0.495335010948804 0.525826760538985 0.406632560498884 0.456916771754412 0.464179370916491 0.507263912943763 0.467531317781417 0.333207587125945 0 0.337680902291778 0.286639957196212 0.396301652545461 0.434434779480074 0.501702334286187 0.440331356987649 0.358121364517132 0.357125252557498 0.618987089816861 0.414925919043346 0.453983697977929 0.468168566263889 0.452148404845257 0.453714656703975 0.43624602337328 0.427203677756686 0.396405706088088 0.557075172808992 0.527831526841868 0.417979007495473 0.394877273611955 0.343022814791154 0.387619351928426 0.387850538186008 0.365987694202445 0.414513061504333 0.460524026840229 0.382894576799726 0.46128861244429 0.364911054132885 0.498886624980615 0.377755118424558 0.52127313932733 0.393047323944249 0.341855412212136 0.344099027588426 0.487816403550805 0.510739344933791 0.541119616093003 0.437246308537122 0.531987776290761 0.526426854772755 0.515379945444409 0.51287823134947 0.453483949400623 0.519701897894235 0.464826682348313 0.37995781967597 0.448123715034514 0.416678168187705 0.397225950713083 0.342260164855715 0.413806070469322 0.463953981014879 0.462835536341174 0.330746871856969 0.368934944792454 0.316599345843894
"markandeyapurana_adhyaya-94-141_u" 0.548463719819371 0.490086063613055 0.519637991687681 0.502664770429716 0.500101795791725 0.542473042048577 0.465593592288336 0.520945143501343 0.450955120657005 0.486235806386196 0.584552627545608 0.496326506607146 0.505084958877186 0.481374837878401 0.37569877408085 0.513259749042426 0.395245566223994 0.464511275185416 0.433126830279917 0.344699648643524 0.446906538100559 0.334825704733174 0.452435223523624 0.51759050872115 0.419093193574465 0.51854274266618 0.404685033690366 0.415593512332376 0.512903122565646 0.547198334574069 0.383388813527107 0.369507967129747 0.584172814107274 0.423524854546884 0.479249240571962 0.47206402823674 0.497623017305429 0.30349601989745 0.505336117047774 0.366237304581961 0.326709003108731 0.364383993271578 0.375445269417405 0.454095956063578 0.366381664406855 0.417402888690139 0.429716471789615 0.455727508751877 0.352005077515648 0.403983478583817 0.429202535654958 0.396617157463331 0.392535188402954 0.471706190464964 0.495285931390817 0.331886585244846 0.396247652786307 0.459656950613781 0.479349976929306 0.457023741091682 0.296393822972971 0.337680902291778 0 0.212895527717292 0.429833818844449 0.475481518320919 0.449394508103032 0.475687053177329 0.344115463836932 0.346550617916404 0.663388602816947 0.383857739778116 0.398608088969235 0.408458042844787 0.396068433658215 0.408461690352672 0.420337921652674 0.360802211487863 0.394841010267694 0.540418735980034 0.532317403056209 0.419224787430069 0.419615262656038 0.347843656991548 0.408449226489531 0.332078492432705 0.369813408311879 0.438091752050754 0.501612427664472 0.473728722395603 0.434411364715246 0.370634871853821 0.518110880852433 0.3919718538933 0.501885693509236 0.349544126539361 0.352593121381111 0.365844835330825 0.495993159326811 0.52064312066997 0.518604850454833 0.45707836669896 0.582021707722225 0.545028079258487 0.528483897595045 0.526295826482433 0.453274171737859 0.520445568183719 0.470985038046806 0.36520882848919 0.467942184939682 0.392036267734159 0.4061197620939 0.298461252178581 0.413372859524828 0.448397592261213 0.466201334214181 0.307285299414107 0.344822409515919 0.306071888836261
"markandeyapurana" 0.47264490251241 0.439623343289878 0.490527125008686 0.462544696074258 0.459905494031935 0.4873009789892 0.426590252717447 0.482753898263685 0.425125163946809 0.440365284843018 0.551386249841079 0.459612519771721 0.472934943080283 0.417855487950727 0.276113357369811 0.430116986192887 0.290310482379941 0.393420305645908 0.332566910857918 0.222233218658157 0.382816085123588 0.235738069457198 0.404367378809377 0.429104190767238 0.325173432088637 0.416470153910815 0.30622525552393 0.387441482132423 0.45399358323231 0.483287114490439 0.301464248919367 0.289275961860674 0.554187531115783 0.36079597722132 0.409580403098293 0.368168145113707 0.386808659715944 0.240979353358325 0.45599419712407 0.291934953089807 0.260231094882377 0.311524904434987 0.299225414494931 0.378886268215253 0.314621458649407 0.393955961307045 0.377282207431745 0.384477825067475 0.290333536592658 0.324210990168558 0.384804586087404 0.289015627994243 0.289218094771998 0.391703577382849 0.421741521409691 0.259245957927629 0.340551563091656 0.41574634192834 0.452368861843082 0.399335782748742 0.110956909560729 0.286639957196212 0.212895527717292 0 0.306316086152099 0.409571157720606 0.390952502130899 0.394470991435758 0.305137032821947 0.316273142581723 0.627692783246328 0.363251511989414 0.352382686165442 0.392111799617334 0.340291435786814 0.379320744119802 0.388679449615326 0.36296160867177 0.326861937375298 0.535136576342263 0.457559149801005 0.379428140416909 0.382390316273947 0.309417413479656 0.358695846280398 0.355214504168418 0.284403499597143 0.32058706985675 0.429122456296482 0.414414007758123 0.381807453146912 0.279062331756721 0.456066641821888 0.333589803677137 0.452997305491573 0.307713114840733 0.309109725197488 0.328556451944842 0.412217581060982 0.446079172784561 0.438888006483052 0.386898048587451 0.512581352293848 0.468435579328399 0.469073318834592 0.431446009613599 0.385956949131722 0.448123206067909 0.396741698250375 0.328182917250012 0.381256650041092 0.313246147724762 0.375502825605318 0.263151993260163 0.298871575778847 0.339819612683586 0.402322625512471 0.295895031163379 0.310507855828808 0.203146335797829
"matsyapurana_pu" 0.329494861673263 0.463505181361611 0.517967449243952 0.483900187270131 0.485209473764232 0.491501966656984 0.466940383644616 0.528065007281253 0.485378663935638 0.47401085195997 0.598233679880211 0.499318842153005 0.523689594582536 0.395632255189616 0.215654534020762 0.314439829000907 0.181109579274349 0.317408074161772 0.187776591277472 0.189031216664911 0.412436721538281 0.317082302709304 0.332152068502706 0.333923719165687 0.283249595712866 0.384152040951098 0.267554038940356 0.37014232894934 0.371450112809032 0.391771994281367 0.26954611599285 0.259298149239885 0.542915520168352 0.295928249148364 0.345512650899822 0.224583803630381 0.301365173736708 0.329116575078124 0.391551632612973 0.317230131587563 0.326118291597232 0.371738487003154 0.321685313234077 0.34634568424311 0.324206738907111 0.391672886646934 0.375240940280068 0.340920990231182 0.321363341421127 0.360612924392521 0.389567471169644 0.274804823180925 0.267627380117538 0.336687605068558 0.337271183852623 0.313009111603625 0.380846004136509 0.411900432681346 0.462273190031463 0.390266848730003 0.274486549315014 0.396301652545461 0.429833818844449 0.306316086152099 0 0.324508889913721 0.410164944209196 0.285591759746502 0.312622337067362 0.347816664661155 0.60442471625534 0.391934589550242 0.403910669535922 0.425697377738765 0.382943661343143 0.446920777452697 0.406665409728424 0.402820199208943 0.322902405301419 0.522865483750871 0.408393947206465 0.328257233652204 0.397214048670752 0.385175575374571 0.31833291297403 0.447087132204776 0.247270378118618 0.297853472453013 0.35524789241989 0.407061729455276 0.430764861608082 0.239818345456706 0.417029036228191 0.328628645027224 0.355776701817715 0.290111589966043 0.337229956382683 0.338131195913715 0.271756723820382 0.343006931578664 0.378633756458103 0.296807997567263 0.407934796069481 0.326969854449048 0.368911073573338 0.319204551887982 0.287087398493239 0.333942794248048 0.389768731853229 0.334597609948192 0.237866841959604 0.355624623735905 0.414698879091193 0.337755175780805 0.295984882597107 0.31694600971033 0.441148134197409 0.424866184492997 0.40673902542403 0.306859193669333
"naradapurana_khanda-1_u" 0.284697564805874 0.463618295378565 0.473823840762068 0.462989112635375 0.464771310669085 0.447996335837853 0.480216405889037 0.51532850136172 0.49843410345807 0.470667433356446 0.539706921369397 0.479630357485025 0.471994476728251 0.355090966725255 0.272132587319252 0.449335757493526 0.357971722780431 0.291190638059838 0.34757110472779 0.348178987638288 0.390459978267633 0.329872957392392 0.279590957300257 0.292505855361771 0.304318767102099 0.455311104858817 0.370392230371477 0.434032994069124 0.479221700750939 0.498386196213809 0.421960296688145 0.336145164521563 0.500446047196778 0.303304927352688 0.313225884817934 0.352244249284822 0.311201235224179 0.448658174588193 0.463026195626567 0.45940903122403 0.446441313764146 0.453714097301398 0.464372841004354 0.461271094499858 0.460204353840513 0.461027768335288 0.459646497628564 0.478878622499699 0.426441855355342 0.458010270109721 0.484554531454916 0.418551572590778 0.426716525273171 0.40308192922667 0.471793921628325 0.447982578577209 0.50978305250902 0.522642512535093 0.571081040129175 0.504925070887248 0.394317835247806 0.434434779480074 0.475481518320919 0.409571157720606 0.324508889913721 0 0.412616855436903 0.447474317335856 0.355755714307192 0.353475544342945 0.515948206369824 0.447048560117357 0.46518647523613 0.459549600481859 0.473379295401537 0.489145834679037 0.460017344466571 0.477550593329195 0.318841527647723 0.456045285398984 0.375594780158475 0.31430357086321 0.478007275000575 0.404935102025997 0.332014177132832 0.451360219768572 0.311326549744402 0.293179580637861 0.274606642422121 0.442619873112634 0.383189646360184 0.370503907712163 0.405307116067818 0.462873430864499 0.38659730482502 0.440625885899416 0.394070497378155 0.345421013555754 0.442905606500189 0.45790614184916 0.467256175433031 0.443261312746368 0.511063282286306 0.467688625613245 0.513928168044099 0.444744612504491 0.451343762240808 0.448951554082375 0.339772972449352 0.370841090562532 0.40441571647756 0.37516516368638 0.434683519962439 0.3815526360992 0.415776825722614 0.369014748696136 0.471053884612952 0.435680750451926 0.377190084100479 0.356710902350654
"naradapurana_khanda-2_u" 0.495271185041463 0.42729788021932 0.434068496213338 0.438639416087714 0.416754987975794 0.49808001389305 0.409829915660326 0.451431556864403 0.455669414213556 0.466979831984876 0.533103147371087 0.462798582123142 0.393757342169007 0.460379707361132 0.367115024739036 0.541570413494746 0.421099697972296 0.466808900002166 0.449749465104885 0.386989639295369 0.389968474261341 0.349624820811528 0.404926919873053 0.495080430446078 0.34302192988243 0.436019702056504 0.44201671235637 0.46643667386265 0.550826356454232 0.602000507150824 0.442056245854466 0.353875766635874 0.546207248513746 0.440767321166407 0.38648150282386 0.446444187557058 0.49048544305256 0.431623369689356 0.581875854858325 0.432806070554575 0.412105285157579 0.40770584571334 0.391044642423818 0.512190912412067 0.493629890333675 0.491780666693882 0.499181534938119 0.514465656053072 0.434071968258669 0.431070439891382 0.495905245963957 0.392394143672429 0.39129870321251 0.443037037260316 0.459459110758488 0.433271995867269 0.504074214321135 0.561938055284511 0.54562952843701 0.506680329259238 0.370673912040385 0.501702334286187 0.449394508103032 0.390952502130899 0.410164944209196 0.412616855436903 0 0.527005062619489 0.353167916785428 0.382548413130218 0.612148062592604 0.46626243506696 0.37265568384359 0.398518136376103 0.423840495088547 0.417689971927861 0.471679889724889 0.419415160425137 0.361336849884025 0.503005206619823 0.476424026935137 0.363645259065118 0.483245746242199 0.389991479724797 0.440432282674735 0.432671276722312 0.386306354257724 0.425637046409755 0.442860932533796 0.534158741983804 0.350225254361159 0.40986485683635 0.462975250801647 0.494226723321727 0.453546385548346 0.463152353470833 0.440472667215594 0.385739082141852 0.525050712678398 0.54081186385681 0.469054335115642 0.490041783295844 0.59433134054748 0.557408993295638 0.584122348997796 0.499455072060841 0.509648812087612 0.509871674206952 0.448308998289725 0.367670528814654 0.488233905679427 0.367005533707913 0.488110192789195 0.448674345187279 0.465998078147783 0.42891872935036 0.531444736216586 0.455338894590741 0.457777086760785 0.417551843568568
"nilamatapurana_au" 0.412698076759471 0.567581985691717 0.624559894576328 0.593022648823198 0.585787986639589 0.612202258511662 0.568375818919204 0.606526762069108 0.551045746784576 0.56542139790318 0.655238229671201 0.574909743191154 0.598151934050189 0.527669914824115 0.364203383642885 0.424341930408713 0.336692506120841 0.420654385744355 0.335635817624456 0.31817247600434 0.501090411252811 0.391159199522417 0.429823647721159 0.435577243237328 0.419833886371296 0.447357063719582 0.376572240618419 0.46372026939575 0.483807323489296 0.448884705281193 0.398088865661625 0.367853489602366 0.621378738515398 0.418262771599231 0.474554480541941 0.362002175207383 0.407260199497854 0.396377236719172 0.460609873746391 0.397593414253728 0.41826676875403 0.462667450132058 0.456085318632093 0.439325511133431 0.363049811962442 0.490952494196122 0.468109705454557 0.421957950308279 0.429842325618693 0.459128679019149 0.484510938827851 0.404860110068788 0.379879635299911 0.465612620781491 0.457326263257503 0.421329959560832 0.452394638354477 0.489590105112708 0.515750155779781 0.488829009665525 0.379569864951999 0.440331356987649 0.475687053177329 0.394470991435758 0.285591759746502 0.447474317335856 0.527005062619489 0 0.412946442106569 0.414934497597307 0.660335965397452 0.456955110599827 0.499987070498872 0.506892726364388 0.470079540674031 0.532258067616339 0.473291211340162 0.461467598727803 0.440760714247142 0.607648399915451 0.514269494445738 0.41399000780183 0.425703736838449 0.44391733264984 0.402093570149705 0.47506385169832 0.402023148342557 0.423485416164724 0.468998307549514 0.464504193576985 0.543246297231557 0.354267622193772 0.499030420741284 0.420406341331029 0.466641547862033 0.385182822492513 0.414596153776923 0.424579031821593 0.40498480388698 0.432337856154465 0.486444412705235 0.415984868775433 0.463669072781131 0.43497084068174 0.437661882699379 0.43147231522898 0.392508923542699 0.432665049407384 0.450056716741498 0.404851472733461 0.379147465986395 0.472070266022812 0.465114920740816 0.427923007520663 0.375343169133996 0.427467260422117 0.507139779025087 0.484314526079993 0.507172681986737 0.416480877378198
"nrsimhapurana_pu" 0.465933160253148 0.416023058188382 0.479073325052714 0.42128699072263 0.429291965465894 0.455435603429903 0.411369145193476 0.466639224455701 0.389095334700157 0.391795743365225 0.550976029555441 0.388145824252345 0.462099939997989 0.352856387387537 0.257223170634046 0.472696677331455 0.296654482647909 0.354688137408803 0.334458342746682 0.25370537717886 0.377237478459059 0.244882239377988 0.362138794975061 0.456221770434613 0.341602966834179 0.444038630440378 0.333073635620214 0.311791368036439 0.472747481010417 0.488222890298017 0.321639218741243 0.284350496981054 0.540256877985631 0.301352084335195 0.3944037848496 0.372443621251927 0.412629108974171 0.316649474044933 0.440552673014164 0.37106497994305 0.302275832730116 0.338660519307717 0.370033793862934 0.40456998001495 0.346369743528552 0.391483900363636 0.393537784591603 0.408798865653945 0.329076263233114 0.359050645552425 0.446720406301515 0.375851149598695 0.363463745740388 0.452099398141269 0.477646542830198 0.330745992896767 0.425918208884381 0.459691418338696 0.487669311000227 0.447924752537451 0.324836849202311 0.358121364517132 0.344115463836932 0.305137032821947 0.312622337067362 0.355755714307192 0.353167916785428 0.412946442106569 0 0.235398708515134 0.583576416493245 0.358597599421981 0.368889432964792 0.343998879516085 0.368381788111858 0.417201186095342 0.378433426000676 0.318716590957161 0.277042684118603 0.501427474208455 0.490634798287422 0.306989137155511 0.429790035550096 0.228557506382648 0.346870081887337 0.290847019885202 0.306388333933037 0.37362434899042 0.420615591580659 0.442169119750931 0.349906409268432 0.309891609240471 0.455400307083782 0.364775259173651 0.453934051799027 0.351535593923789 0.322596799351192 0.288302870484487 0.444893526882478 0.484456338039714 0.498658446833244 0.396007443119244 0.541636666259288 0.498002212855316 0.499907392905894 0.490031213999862 0.414416158592478 0.491437895139391 0.407181799285018 0.267688428197047 0.401028293664321 0.391951343858377 0.35547386534296 0.330902053686424 0.393681477767954 0.434868269003796 0.461314713243439 0.296195352814386 0.363033587286902 0.311435317933483
"padmapurana_a" 0.483443701730446 0.406636993328278 0.470457788702884 0.43197627015659 0.4256515306126 0.443390665356526 0.408509615249209 0.457391311592316 0.383156935791224 0.411706682719601 0.532270681861535 0.391331318086378 0.439673121955393 0.343232360010711 0.296330382321917 0.49064295389269 0.337778418459232 0.359498897019119 0.36517709219013 0.285884842380965 0.392293310430111 0.261686108409746 0.341386151220648 0.448133402548452 0.348937588696287 0.486945649112354 0.35980828142349 0.327888082476263 0.452489783032494 0.480965039346556 0.345456328874762 0.314886622883937 0.492771628190725 0.280600789009294 0.40446179068386 0.375238177888315 0.39995155933877 0.34079388963364 0.444861934126047 0.363068364011962 0.332061126093506 0.370764217658153 0.381196174449219 0.405446795724015 0.337991779634723 0.415588884612748 0.396833996336458 0.425645193383405 0.352805738059548 0.355493003834453 0.430161145667315 0.36083145262468 0.366601780525589 0.453612765059104 0.496778238881268 0.372668651497073 0.43636445819329 0.468894324381914 0.524848533646889 0.458548295631162 0.348001523189523 0.357125252557498 0.346550617916404 0.316273142581723 0.347816664661155 0.353475544342945 0.382548413130218 0.414934497597307 0.235398708515134 0 0.558153499445047 0.377346086449923 0.415509250125462 0.403728149043455 0.414342899336224 0.428233349662526 0.406359479214142 0.382513895721405 0.234991708144323 0.469298380631981 0.462690443700563 0.229300834197251 0.42984144660202 0.290972196376895 0.284528849715617 0.287195031337577 0.308776165087639 0.352987716368973 0.414284732380308 0.422084996216539 0.345253657702239 0.319004962541546 0.461625048138603 0.400573235544294 0.442623342244213 0.331224897642924 0.32345536388842 0.316742719696833 0.47415610525656 0.51798491257643 0.515044647777695 0.423299575693571 0.541195060656622 0.51621417375288 0.526961487941903 0.49244005455153 0.448870813206819 0.504883591380009 0.395000700240856 0.286565462765425 0.424023619482922 0.392832720505185 0.330777592502707 0.337952783322042 0.406237076691061 0.441382635627557 0.469393995305263 0.331750412555537 0.369306339360113 0.315469045653194
"pranavakalpa" 0.576798053193212 0.585049322822394 0.581735530075518 0.569632264787192 0.566534714216306 0.521794563062393 0.600184070532085 0.5850221937333 0.584294655425064 0.586364016023909 0.423034747834153 0.576793870959924 0.581268765264565 0.527728699085785 0.577049515288421 0.660987509008163 0.613712324574664 0.551166955477592 0.607920709981942 0.608541467979102 0.530562377532933 0.592593840151207 0.584445981898601 0.564050304212284 0.605274976055607 0.623783402318385 0.625520862109353 0.583402304358648 0.639021344310308 0.679282174989061 0.641878961818419 0.593934853052482 0.612398348279825 0.554519659748356 0.564251860664766 0.597796345830462 0.551251114695286 0.649862336272798 0.652552619073402 0.65036946163526 0.655905949928863 0.671482074009827 0.662670942219391 0.661460213911118 0.655383458383223 0.677409335077274 0.671866867535728 0.685588057407179 0.667872218333924 0.653229039911265 0.619655309647989 0.636472580753123 0.64361322761879 0.616782947956228 0.683623283092041 0.654278385640278 0.682158181790429 0.70992662660531 0.731025704160961 0.689925798261493 0.620336351245773 0.618987089816861 0.663388602816947 0.627692783246328 0.60442471625534 0.515948206369824 0.612148062592604 0.660335965397452 0.583576416493245 0.558153499445047 0 0.672280245967156 0.669420869088481 0.65650266352278 0.672956183349906 0.683689998717283 0.673194940660133 0.67186386741099 0.537362793905836 0.616085000522351 0.585119069377033 0.556229403123183 0.673301040206439 0.587712824571626 0.543581704128233 0.588246401575597 0.587037517484699 0.547088003669472 0.491587731707265 0.642931425873628 0.494964700644304 0.616494521185404 0.548578694733084 0.64699892741677 0.561748741216882 0.63709685928533 0.615601544293122 0.617533408505718 0.665953053246344 0.662687519002057 0.638781309567833 0.64311781917871 0.68697459188949 0.671146553943605 0.69859426452205 0.648072234789015 0.675723737998971 0.653377641884314 0.591196447788541 0.613492785255791 0.637667475445024 0.599572196187153 0.616314845176063 0.625189914658074 0.618946408898867 0.630436652747361 0.590135614294694 0.614262456652041 0.596190559588109 0.599818243974108
"ramayana_01-balakanda" 0.521820704112039 0.488917363495708 0.559899394869369 0.513942311733449 0.498074746493874 0.565949873589815 0.483097014710041 0.558606147033678 0.483679268981357 0.484802179770129 0.613984541162067 0.502399130885771 0.558858409436084 0.480471870074572 0.396667206441167 0.495683579471853 0.358672218752894 0.42980731248607 0.417317938487503 0.344491780962917 0.498089867947707 0.364003653119549 0.446344938779701 0.524112567495557 0.426947736350685 0.541775522206902 0.294290626784929 0.349101073853223 0.446037173790672 0.435259158621025 0.260806180678755 0.393744863974491 0.625370135270737 0.391395955926752 0.474319110590396 0.450494267633335 0.496748696134376 0.262005772789724 0.354239575554535 0.310985334320439 0.260441667559537 0.316745533115124 0.336080285169071 0.328496810938251 0.362620485788931 0.290384701318734 0.308303624156335 0.315148190142033 0.264998954015045 0.350094206375047 0.427026541396459 0.381775632344647 0.389019624913191 0.465831564010991 0.514446928922281 0.310189554308058 0.335549124470687 0.347865231654745 0.474129014739399 0.361886090351901 0.389402079377019 0.414925919043346 0.383857739778116 0.363251511989414 0.391934589550242 0.447048560117357 0.46626243506696 0.456955110599827 0.358597599421981 0.377346086449923 0.672280245967156 0 0.301642373826231 0.30741552609997 0.302219585060505 0.318177608423275 0.245808366402227 0.225451819281392 0.411536076507378 0.548510565666789 0.521617432503134 0.412081237622361 0.46828948337079 0.350959016842537 0.431329993920649 0.39341772473498 0.390720168299138 0.428065731768499 0.515169013213949 0.476956731842231 0.483359388518978 0.387693705425912 0.549965653146806 0.391626193015427 0.47868219246619 0.282391770257983 0.362608222331336 0.322674586793588 0.464784983375907 0.496591288160288 0.553304122260692 0.433828607177291 0.513321015019296 0.524476300715938 0.516499025878365 0.535130812458107 0.379721612319065 0.506411340789731 0.466633152735624 0.404910029434783 0.448558541605764 0.423905508828388 0.484243541471557 0.404767585009912 0.486595272971562 0.492985151173914 0.519556384940395 0.418311689686939 0.452693422079864 0.396939836800975
"ramayana_02-ayodhyakanda_a" 0.515092736630804 0.458642491301674 0.535912037286081 0.499773784052843 0.484129742596751 0.549765302775575 0.476002974485546 0.519384049175383 0.483303205566294 0.509992766828832 0.591656033456827 0.482601897199742 0.477884715914596 0.492155394717752 0.396328353905978 0.509397103885116 0.381192105256971 0.451815048250605 0.424746706208975 0.338276056571761 0.465216132337523 0.342743089004069 0.445162304494684 0.518789129536353 0.386443834384371 0.492837500756949 0.290012020321567 0.406188791403702 0.446091484111852 0.483268323818674 0.291105489958925 0.401305418709187 0.605201101012775 0.440867719138635 0.457978096083253 0.44734980635657 0.494881209965032 0.24939091353261 0.464736129593167 0.265537857636823 0.217048097838613 0.226954814644599 0.242016833259175 0.352349237243932 0.398659612426164 0.308186988756313 0.319369990265052 0.35234701687582 0.262095284987789 0.246977570653769 0.410108685715286 0.312629235414116 0.332139710235057 0.429860473027791 0.479927378962417 0.254508389739352 0.338014551395647 0.391927488612229 0.448043363940717 0.384415525349269 0.356462387288495 0.453983697977929 0.398608088969235 0.352382686165442 0.403910669535922 0.46518647523613 0.37265568384359 0.499987070498872 0.368889432964792 0.415509250125462 0.669420869088481 0.301642373826231 0 0.219799393889463 0.229554212505159 0.235536612207387 0.275359778671679 0.286973051642149 0.431238433501745 0.570662657893015 0.491505644208947 0.452922848941532 0.496238673476762 0.379835167878529 0.462750945833759 0.424405901901174 0.376137537988371 0.424214365263277 0.506189373878861 0.504031113609889 0.463550088452941 0.4015672290675 0.524827671546483 0.389832659530224 0.469135415388804 0.332956532128538 0.399096129836678 0.329903925437216 0.479331638445615 0.519994086276795 0.517304180216202 0.441060684628745 0.554820593120748 0.527961654219465 0.53988832304405 0.508784185861254 0.426331414383116 0.501945968925961 0.446736029298844 0.430161151544186 0.450555421353715 0.387102749293641 0.502455590871259 0.413373732747079 0.4745732868314 0.46316250249615 0.526946025328463 0.426228478874274 0.459107155333827 0.412874323763337
"ramayana_03-aranyakanda_a" 0.534343514918618 0.435601250466015 0.517923554361481 0.483319386858284 0.452656597543599 0.545406031189707 0.490515442528302 0.519948603550625 0.459117821040074 0.480971111655567 0.607491509922422 0.465407110811826 0.490991553577864 0.474885507982347 0.421082134741641 0.538765874578702 0.415526370566785 0.450121087928465 0.456010780931459 0.380891005561348 0.47228826904319 0.404491930114562 0.426380142474862 0.540104961225804 0.432072413468138 0.541803127423775 0.332884934908531 0.388724576840135 0.478490245507272 0.483930912474656 0.291336169081911 0.39704164581365 0.617959980659109 0.423961416605989 0.481692945617857 0.481822617461341 0.52909350173494 0.294675637188403 0.442437635501479 0.342846272290381 0.273245915705096 0.280484733653088 0.345259290381416 0.37079355051811 0.443836768349348 0.31103699036411 0.329920958669262 0.396395527007365 0.299114122951904 0.323064096775321 0.487429099928607 0.415732824053135 0.415613601383952 0.48008431262809 0.535465319398169 0.334065202437213 0.411863846027629 0.422618833605319 0.515557950237651 0.44704314714858 0.399279229136646 0.468168566263889 0.408458042844787 0.392111799617334 0.425697377738765 0.459549600481859 0.398518136376103 0.506892726364388 0.343998879516085 0.403728149043455 0.65650266352278 0.30741552609997 0.219799393889463 0 0.215110030248159 0.217693435049697 0.238919105170374 0.243171253496036 0.425816365834104 0.556859130218229 0.521074129927157 0.421620282102927 0.493049939240437 0.389527362891425 0.454443335190888 0.420068217740077 0.405602372551478 0.461998551616338 0.538012207435351 0.523123423546452 0.462167006219927 0.432374567903932 0.520026778872196 0.417922341177522 0.488921591554034 0.349149485062435 0.413469703860846 0.326416446090817 0.509631611044775 0.555780134840631 0.56451873585544 0.477401987819107 0.556985799588607 0.55642144638404 0.55673563203997 0.542591480174587 0.44239191194986 0.557747550810876 0.474854207044913 0.404012669463143 0.48821343440411 0.432027924647831 0.475082471790727 0.438252571338374 0.511720567570813 0.505969679531288 0.545731181210216 0.410588238562548 0.470774262035121 0.4459692593617
"ramayana_04-kiskindhakanda" 0.499092248180313 0.460474513573639 0.53600291792205 0.514798225181736 0.476759561783742 0.569963597356666 0.475559540854598 0.52411993934062 0.485310373916389 0.500925780788778 0.620926937197862 0.503702071089201 0.504030198928709 0.507107378172529 0.397420083878639 0.489635572644208 0.352110785120488 0.446429966543373 0.400559617829113 0.332103853023081 0.49605550300973 0.381830714353914 0.461127713817076 0.500044192401899 0.408022223367514 0.501787478655682 0.297885234001178 0.400267653295036 0.424236503133917 0.438514373931232 0.253097010298377 0.429970029412666 0.629031318857337 0.43561283867365 0.47741486812198 0.439902655908783 0.501916279336681 0.261834628843503 0.390207526892772 0.264846123821217 0.236108623590357 0.263371475565789 0.27796788544388 0.30566537762271 0.385791941229963 0.296292944583189 0.303981631881516 0.327008917798997 0.260968863959422 0.269063734184748 0.424425230427527 0.358006576305795 0.358262067549651 0.451074463234608 0.477389608880545 0.273078881878665 0.364204869856196 0.384637902927591 0.43450104674664 0.384622394350153 0.360773762540721 0.452148404845257 0.396068433658215 0.340291435786814 0.382943661343143 0.473379295401537 0.423840495088547 0.470079540674031 0.368381788111858 0.414342899336224 0.672956183349906 0.302219585060505 0.229554212505159 0.215110030248159 0 0.228488404782217 0.228021970026695 0.252390916917399 0.44445878338648 0.563366996833504 0.498795561836091 0.449204012001789 0.454189139970144 0.401613175112532 0.447667765887332 0.410642901591252 0.374379541104793 0.433198730037837 0.534389129451963 0.462902261049098 0.484637500477891 0.373735447968384 0.524399967169431 0.381476414939151 0.482149359781474 0.302556386968736 0.368967634761155 0.352268219798376 0.456925207236805 0.49731270294648 0.52564377575945 0.418952654114447 0.521474469272382 0.512655452308857 0.51077308520886 0.502493531642256 0.394433803113791 0.513360048217507 0.442511088982126 0.415878257394307 0.432295327980114 0.406000423771613 0.488293579625078 0.419308630845295 0.463974945422056 0.465048292699708 0.49482819931512 0.427140192573763 0.469957923980565 0.406419978089603
"ramayana_05-sundarakanda" 0.554686371345105 0.469822207702126 0.539583604914583 0.524379614500378 0.488070294444674 0.575108635192391 0.492724188246946 0.53521827942576 0.499347540502953 0.507488425551368 0.619585397549994 0.501290885149879 0.485678645267355 0.506223475418173 0.447186949279675 0.55412859035831 0.431618284709043 0.467262682940839 0.469215598667908 0.397815795108647 0.498302794705657 0.401935224807373 0.46914670693294 0.554173935569833 0.44996772377273 0.552480381557134 0.351569380033987 0.414541275750079 0.473773217890702 0.466979114929287 0.331761745054645 0.439523919069208 0.630564827973692 0.464663280525756 0.497703808899464 0.494965240012543 0.527446224334709 0.32264616451424 0.422048760079591 0.333249555815762 0.282661231159169 0.25201226635627 0.319528796218461 0.359372137723762 0.430755143772878 0.273469533408548 0.306873793602368 0.378032201992496 0.285515789273745 0.297665110112731 0.479271426118026 0.394370919029992 0.400990552231542 0.501878828832759 0.517999981516065 0.332896677341716 0.399396559668346 0.411448753007978 0.51496180850243 0.444376315937311 0.392764090334055 0.453714656703975 0.408461690352672 0.379320744119802 0.446920777452697 0.489145834679037 0.417689971927861 0.532258067616339 0.417201186095342 0.428233349662526 0.683689998717283 0.318177608423275 0.235536612207387 0.217693435049697 0.228488404782217 0 0.235892067018544 0.294809947381664 0.462763879419724 0.558466942808636 0.505628740300788 0.473124925386206 0.496587599399636 0.414600370362377 0.490713149548714 0.436358290363657 0.422872779369774 0.453615554180816 0.54944339438629 0.50596831790332 0.478175817248787 0.461944666826855 0.552239237414778 0.431643705047399 0.500258725065329 0.348624408008513 0.436510362183636 0.355152942339383 0.524916421951988 0.55742133397476 0.559437445781685 0.493777961687048 0.568445933408425 0.576402656582855 0.569711036603539 0.554999128900479 0.45526794780773 0.562759507230397 0.47101310155352 0.458723811024739 0.501188154360126 0.411110016378899 0.514545700854432 0.453564887560421 0.516158948094813 0.505855857389473 0.538596855273239 0.4325103278977 0.469340116321023 0.430030664494189
"ramayana_06-yuddhakanda" 0.508918995852937 0.437048352454157 0.549952352111807 0.485757462909444 0.451376815634693 0.558887626626843 0.488256568932312 0.535372546495046 0.457214813083533 0.476993432923326 0.624568850971933 0.457552757269413 0.538900035208709 0.480669011869637 0.400508382509283 0.502755702982541 0.380033493673777 0.447724970625497 0.426742024007573 0.352758163099967 0.523002563176186 0.381813138603815 0.445182487508248 0.517634512954688 0.442933510235645 0.546400642085618 0.303063651018936 0.388954739982815 0.427663983575869 0.398119415953595 0.242365906094114 0.427404855916202 0.643765606729986 0.420272783968802 0.506163787657038 0.457142418302962 0.505855473987637 0.296952541143459 0.343318214600866 0.321836352180851 0.26714470828479 0.285301429364663 0.338544046671995 0.290356402311935 0.40179370751396 0.221047603139378 0.248777494097251 0.298834364750069 0.258286286351349 0.287636454658855 0.469578606125936 0.40528227577767 0.398449656470742 0.484302817556963 0.529307659490825 0.329578335970635 0.368710212934526 0.360355658879458 0.484266753807413 0.418894321307539 0.408948713449462 0.43624602337328 0.420337921652674 0.388679449615326 0.406665409728424 0.460017344466571 0.471679889724889 0.473291211340162 0.378433426000676 0.406359479214142 0.673194940660133 0.245808366402227 0.275359778671679 0.238919105170374 0.228021970026695 0.235892067018544 0 0.247259904536259 0.443036379614034 0.552517236940962 0.494812380923819 0.433345203156573 0.468228149663406 0.393029343041206 0.451535549708941 0.42560541175007 0.389331318503473 0.436382862050953 0.542167677156973 0.479892795034974 0.493115612308931 0.402102595362957 0.556206091007086 0.411916771570264 0.493555056495243 0.289982826540981 0.374664057159446 0.333989395630809 0.479767696754393 0.512089905570234 0.572701626455102 0.45763045117244 0.536105585144005 0.532878430035792 0.526209374995646 0.540166541571051 0.421937649920402 0.520066089375091 0.461262402784129 0.433813412127062 0.461843704237277 0.431687203628558 0.516601576162994 0.411648126963092 0.48514986005815 0.494455171015273 0.530810103904984 0.424404057871393 0.465663451837822 0.403168536072122
"ramayana_07-uttarakanda" 0.540981444252001 0.448029613925373 0.554529327294977 0.497023574918716 0.471391991424102 0.555876051252962 0.465891600938699 0.536160017920214 0.459368106229701 0.47894451401711 0.609074391314478 0.480311004244252 0.531531423671888 0.479971512384445 0.413960021199119 0.496674539870109 0.363654347289422 0.445237927047022 0.419971517592859 0.349107061616232 0.475598190051289 0.382728110356742 0.448955121491209 0.553031995682739 0.433931639839285 0.512566424167119 0.333271180994395 0.359994163486167 0.461170641796168 0.470825848840729 0.254647786765494 0.370587606935553 0.636120024174456 0.395079584799904 0.472354400139878 0.454105854684834 0.531139619960719 0.263506649436605 0.389895648504593 0.324752538053754 0.244787774865765 0.301936656177313 0.340587572513424 0.364326469872886 0.397205837714984 0.314600669454402 0.325483127623414 0.337441126997282 0.277981037701405 0.325932972987105 0.452010712151039 0.403001568301088 0.400005405267325 0.462469625762779 0.511000220581919 0.307694543681349 0.362189422357953 0.367706341474062 0.477279430390185 0.430164847208499 0.393939522977128 0.427203677756686 0.360802211487863 0.36296160867177 0.402820199208943 0.477550593329195 0.419415160425137 0.461467598727803 0.318716590957161 0.382513895721405 0.67186386741099 0.225451819281392 0.286973051642149 0.243171253496036 0.252390916917399 0.294809947381664 0.247259904536259 0 0.417973117420719 0.566990246542532 0.551847163652301 0.420928575237617 0.450085500064417 0.333189983377679 0.436317028477527 0.374668689185068 0.396452041670769 0.455561169927268 0.523849688485381 0.479028592383591 0.483330376117705 0.37865998151499 0.540951874339765 0.38917804845614 0.463849019064474 0.287869011655628 0.36051201648137 0.292528203834477 0.464149085604687 0.500697176467849 0.54076269355096 0.424283507607518 0.529007531400553 0.514529655314254 0.515574086496269 0.528502073832639 0.397768659592875 0.508096416920409 0.473789678821722 0.372528702614974 0.444082444583475 0.439663834262398 0.475276216990765 0.397167296864 0.474136456464512 0.513270838730853 0.525119686213161 0.395071822840057 0.439476752702274 0.411267357061219
"saurapurana" 0.438042624203891 0.430333428040045 0.433468417071175 0.429866046751601 0.421557885735907 0.408727123296463 0.394130745530858 0.440199032062403 0.388605658106618 0.395397685306405 0.513248164697738 0.424831348138268 0.425913590149102 0.326105872373909 0.24717390939209 0.468850790014754 0.333963483687341 0.333006128840557 0.347004568641288 0.292138844968806 0.337137867067694 0.257544137900974 0.329909710006292 0.382788309008064 0.297017473482439 0.424524336631987 0.352151022969943 0.329327730055375 0.456126071711927 0.491109315102689 0.375778017140588 0.294786294718131 0.435529633555615 0.274637317976355 0.319128482308273 0.34144328890509 0.338187367167559 0.36794000465166 0.468520621908786 0.377468785394188 0.375183135688836 0.395027128509688 0.396758449968317 0.429280477257401 0.385133173608439 0.441472187179839 0.441825489692939 0.454089710100377 0.379256244572621 0.403672872875638 0.431886027560779 0.356223443379402 0.356186365349516 0.396793064516477 0.458656885112479 0.383186611574556 0.453161820487525 0.477063505522533 0.53250241774437 0.455954346893199 0.323853429705093 0.396405706088088 0.394841010267694 0.326861937375298 0.322902405301419 0.318841527647723 0.361336849884025 0.440760714247142 0.277042684118603 0.234991708144323 0.537362793905836 0.411536076507378 0.431238433501745 0.425816365834104 0.44445878338648 0.462763879419724 0.443036379614034 0.417973117420719 0 0.490371931541857 0.437340480990965 0.302046318184632 0.45490498980554 0.302139987837915 0.281745826389383 0.358764950872231 0.2739504273707 0.301052597804437 0.352841232935173 0.463571122220884 0.321606648710191 0.317302119705057 0.404856961872077 0.386836616167868 0.399030175833928 0.351613653466409 0.30613864677679 0.328319426252222 0.453529166554215 0.483442072158114 0.454039545157782 0.393529350248772 0.534296085123998 0.484442140509517 0.504293347726927 0.444892166761603 0.447584303690724 0.470123832950121 0.369100953754156 0.286519585393075 0.409423764438653 0.350769111231829 0.345037047941396 0.345855727529427 0.392241451383664 0.381323903644008 0.462103787174375 0.358012548331803 0.358251766268864 0.31012459481999
"sivadharmasastra" 0.530203403163714 0.556550742711737 0.566692194143273 0.575683482198937 0.546229076838355 0.581841285501561 0.56853828672705 0.617451818986308 0.580550748530175 0.598631967922006 0.62956898089536 0.599606543263598 0.576481341055524 0.527433723120506 0.484683039493392 0.605305385342028 0.549542469248175 0.519501487968003 0.548279648741645 0.510672379642419 0.526244516925896 0.52467774811873 0.474327128681482 0.514519187129757 0.490930448152275 0.594007119124576 0.542866193030686 0.513054769451874 0.56613076997471 0.603727592414804 0.562675314140996 0.520485216485795 0.547542847859637 0.490673714122844 0.498914597348016 0.521215659134888 0.5195659182559 0.575241265797458 0.570565262738677 0.56800839838757 0.559873529686002 0.560809771153413 0.541360584318815 0.579759624612014 0.551365930347901 0.571572902585834 0.575188132017874 0.606466323123145 0.533778218728455 0.545001302322153 0.536708961081518 0.531963669571069 0.516339245671747 0.497512173939772 0.5123698666579 0.576959898775461 0.60697623010611 0.624052432204228 0.662030398211396 0.581038187656564 0.548307146944686 0.557075172808992 0.540418735980034 0.535136576342263 0.522865483750871 0.456045285398984 0.503005206619823 0.607648399915451 0.501427474208455 0.469298380631981 0.616085000522351 0.548510565666789 0.570662657893015 0.556859130218229 0.563366996833504 0.558466942808636 0.552517236940962 0.566990246542532 0.490371931541857 0 0.409940686991714 0.458089214320144 0.527839903311938 0.532220075645608 0.462698721676223 0.530532333425278 0.479152798016166 0.49276895998212 0.490738052640475 0.539507250422585 0.516309322430406 0.539439758803027 0.49972014709905 0.543581577125775 0.486964107464674 0.529493068775028 0.509686928937011 0.527973082492879 0.594937035306076 0.614907629546199 0.574181826227709 0.56060663019954 0.603814365095352 0.61468708897136 0.634001421462226 0.542556505018084 0.601882131575029 0.581397529461125 0.534035491033904 0.504911993702987 0.569651275775311 0.422605448339699 0.586199085462119 0.530143600640651 0.557096348873125 0.537304413829481 0.614626811788031 0.56087192108322 0.528827734252188 0.522876069079045
"sivadharmottara" 0.422890854971178 0.511684599030555 0.522676573708659 0.55255957703479 0.507878897252148 0.550170646594698 0.539147817354621 0.554157076664984 0.53722047319871 0.552892732353753 0.584982438431174 0.541449294272717 0.540354886388035 0.474517983057329 0.410596308322256 0.493318229880925 0.460102565430106 0.445570321288318 0.430480583990526 0.402146345570078 0.487086142046272 0.438260103356158 0.428037826355477 0.427320487190744 0.395974439802903 0.501995408158904 0.461684344706268 0.541478160555962 0.475738964520998 0.517880594306535 0.490933703374822 0.478242398385901 0.507896374329551 0.474296088266568 0.433722420466989 0.426805332191475 0.41522844880631 0.499476425520152 0.487200118248505 0.459772502242723 0.488625600409064 0.49787007774796 0.439291306042737 0.483717783602685 0.454852344244497 0.512139000863573 0.500258361250081 0.515922250233777 0.468527916879607 0.460959512800409 0.496184852213673 0.409626612634309 0.407861512104541 0.404608265946005 0.444989307399919 0.464649765236903 0.521596699110423 0.535353901076677 0.586477806262061 0.494259723061864 0.445093587891625 0.527831526841868 0.532317403056209 0.457559149801005 0.408393947206465 0.375594780158475 0.476424026935137 0.514269494445738 0.490634798287422 0.462690443700563 0.585119069377033 0.521617432503134 0.491505644208947 0.521074129927157 0.498795561836091 0.505628740300788 0.494812380923819 0.551847163652301 0.437340480990965 0.409940686991714 0 0.428460444961517 0.494597487448722 0.49121499728399 0.455167440354842 0.536931602264882 0.38319541943082 0.381618990885081 0.424074745669884 0.433409389280837 0.44771653468144 0.450141659465769 0.494482691024295 0.491853543439958 0.425954504168021 0.454064672637701 0.46157002794907 0.505748741510421 0.480568640391381 0.500673559759135 0.458360265740977 0.492843295913923 0.529187591864907 0.507396029721941 0.553424705430899 0.434602966793478 0.520744254155144 0.456375302189597 0.468737757993812 0.478591828652738 0.462354999912535 0.391966321918465 0.570154761265557 0.470119930267939 0.45843323703382 0.424692878646838 0.497729893763174 0.53456654381274 0.478480806552457 0.44253944405992
"sivapurana_dharmasamhita" 0.442796068076405 0.42132145576177 0.476069551876728 0.436463081929357 0.412815555826749 0.460502955039681 0.443339932184515 0.487578041907628 0.439431166839376 0.439555179814008 0.545577970340076 0.433463231435604 0.477170234806723 0.393743764583511 0.295181919795452 0.458811841223473 0.334435056524603 0.353097964890704 0.339609835949348 0.308471421911133 0.381984652611981 0.352038967184501 0.34050109457427 0.433044782999499 0.357960658219924 0.491712935673547 0.367920204010016 0.397286121853287 0.464472676961526 0.475434426183567 0.384210078445683 0.316618955007613 0.508175878615276 0.277284030221847 0.365564387063771 0.363530597067689 0.404973259499317 0.411929465676787 0.483323393488132 0.425460165964701 0.413871451390952 0.445520841543115 0.428190417657761 0.441055101035406 0.388183657696948 0.438667591145054 0.432941962091783 0.448388334735294 0.380405149609818 0.427520244706374 0.45121446171048 0.398862340514006 0.389955597146763 0.429765776082697 0.488687024439173 0.412508690559527 0.479397673963323 0.50693999638565 0.545550015238879 0.499963766567307 0.394294813818787 0.417979007495473 0.419224787430069 0.379428140416909 0.328257233652204 0.31430357086321 0.363645259065118 0.41399000780183 0.306989137155511 0.229300834197251 0.556229403123183 0.412081237622361 0.452922848941532 0.421620282102927 0.449204012001789 0.473124925386206 0.433345203156573 0.420928575237617 0.302046318184632 0.458089214320144 0.428460444961517 0 0.434855448055449 0.371351215462406 0.281854590846939 0.366074800157214 0.297047934087929 0.378468044080333 0.387741857435447 0.425619517514124 0.35662249121685 0.346018480136269 0.447165894356527 0.44517058693615 0.400631010028492 0.377559983088899 0.358081975111866 0.338829895603147 0.44355254465152 0.482016966696293 0.496290587906208 0.434374677818186 0.518850575133124 0.485542374454945 0.514248276032793 0.467215908810106 0.43787021945716 0.469537428919746 0.43904125227323 0.323766086027821 0.404011980965232 0.392863561812745 0.405942966158592 0.368755613059792 0.418654722317982 0.422991413097033 0.508259159382089 0.399360559475231 0.406430668582039 0.353296645213563
"sivapurana_karvanamahatmya_au" 0.50401625689252 0.531510447457064 0.561869667004094 0.56957548175001 0.555115734733548 0.604834297192388 0.52326879846863 0.574432264084196 0.500092279554542 0.556534882851089 0.642360771776544 0.549720125928605 0.572861581612065 0.510753664970373 0.390416604971227 0.505177553590883 0.421721645702551 0.470875379276418 0.435487863209197 0.35981080470515 0.456937198149824 0.397430087588707 0.463337485247006 0.492507738108632 0.405393490131297 0.475601730415863 0.438091837681445 0.488367936682223 0.520086514668022 0.522839286270142 0.449940271592252 0.392696979146489 0.597789936188298 0.440233142406026 0.477853741502962 0.434093707612673 0.474718804410026 0.432075495881249 0.516747547003622 0.453202702761486 0.432312129843015 0.465985737809125 0.456036546660896 0.468686479479587 0.422651312395095 0.470237876894259 0.466479690869689 0.47252098825159 0.411154213456011 0.452011061035963 0.479698629034505 0.441775682055316 0.42812587078759 0.479579645728601 0.472517795681418 0.451296599164696 0.490876325059568 0.512121762515855 0.52430873574835 0.513608061392434 0.411116383005511 0.394877273611955 0.419615262656038 0.382390316273947 0.397214048670752 0.478007275000575 0.483245746242199 0.425703736838449 0.429790035550096 0.42984144660202 0.673301040206439 0.46828948337079 0.496238673476762 0.493049939240437 0.454189139970144 0.496587599399636 0.468228149663406 0.450085500064417 0.45490498980554 0.527839903311938 0.494597487448722 0.434855448055449 0 0.446876814607527 0.40260770897136 0.486835803186285 0.398373645732471 0.446292103369844 0.490709052907451 0.412550784039411 0.519032919015322 0.344886112464365 0.510607825487279 0.462235664745276 0.434881551969185 0.436369972609107 0.361231514519944 0.437035499646816 0.491809220675667 0.510441996967506 0.499858276177969 0.451547946498116 0.560523712845104 0.511620795349305 0.536894846133034 0.488739798320958 0.485463885040696 0.488861588348503 0.463900797960422 0.372098980292067 0.461147807340045 0.429590984316587 0.481961723550038 0.359113756645737 0.429724417114628 0.466011169297844 0.531153948222162 0.440049598525896 0.424343365402495 0.378708272061859
"sivapurana_rudrasamhita" 0.517663995066667 0.44452699913216 0.4966040548712 0.437262754455454 0.458922521862264 0.480063751328205 0.425774453834251 0.47239277614875 0.409640051750749 0.434856909691965 0.55449512003446 0.405590143190913 0.478358138234677 0.398564954726116 0.312184215343107 0.48609649747459 0.336254886334558 0.383132058568776 0.368850284477927 0.301804675437218 0.393829162190732 0.252843094757934 0.395707543274458 0.48409391814202 0.382159637557111 0.435257184772981 0.335830663066461 0.338738983887033 0.467062198233046 0.489612803164507 0.343507786738102 0.29980503636348 0.540316092377613 0.327856337828761 0.416287788212158 0.389317568552259 0.426742716401551 0.323747327294448 0.437585143006491 0.376020029843041 0.322464874886532 0.355131267813539 0.382739706524465 0.421237757390207 0.33352710494181 0.41672038882656 0.407574555613241 0.40588572176884 0.359345167515883 0.39501054866406 0.444352306925088 0.386901585176659 0.382853662470663 0.474714770508138 0.502615881459363 0.344327595290194 0.421391393390832 0.448370578596038 0.524154166572313 0.452807876569631 0.337677377438007 0.343022814791154 0.347843656991548 0.309417413479656 0.385175575374571 0.404935102025997 0.389991479724797 0.44391733264984 0.228557506382648 0.290972196376895 0.587712824571626 0.350959016842537 0.379835167878529 0.389527362891425 0.401613175112532 0.414600370362377 0.393029343041206 0.333189983377679 0.302139987837915 0.532220075645608 0.49121499728399 0.371351215462406 0.446876814607527 0 0.3835976328238 0.224814954048274 0.323439756527435 0.378586636419705 0.397773626567877 0.404713916826622 0.367089032218311 0.358606722330837 0.478020458334811 0.350096263310876 0.465970498169418 0.325093013570004 0.313764284111313 0.278133331364203 0.470168935007992 0.485729522290673 0.509581227830176 0.408414257524576 0.538563535107869 0.509975996095337 0.51377338225848 0.488134390461739 0.427424306723568 0.489320338073676 0.391430823152385 0.322597309552843 0.421905059226786 0.416420910290394 0.398294815858423 0.362906459510827 0.419141052423191 0.475997389612725 0.495782058850855 0.309945088853815 0.3599721850433 0.345688755714205
"sivapurana_sanatkumarasamhita" 0.42978264056053 0.476982425689296 0.510520239814496 0.484278003366164 0.481117906355086 0.474969847926319 0.486280106957637 0.527957711852204 0.452792402425663 0.492247694566371 0.561540334134192 0.506856692024706 0.51357845583615 0.418212175018554 0.291800710342728 0.42512202706529 0.331221696613513 0.336629827484813 0.331294149168927 0.308371711481748 0.372141144842524 0.3478297283458 0.335524423542177 0.385800592325329 0.344937697013946 0.431455377927277 0.370350247136802 0.377025262064913 0.425943226064505 0.453828407537044 0.377626872872261 0.322104701555182 0.489840866512149 0.258268643398789 0.328537143498858 0.304358034725804 0.321302495028294 0.404101121883583 0.465651309907434 0.430274873116453 0.419183092097437 0.458513293303431 0.438684803076468 0.446080035612194 0.392219816352996 0.46312213136874 0.454931001142481 0.466545996236362 0.392605865155984 0.435750374233134 0.412793395349617 0.381683934917038 0.374887701557492 0.382072570546414 0.464835768890881 0.414048666859104 0.457721675171441 0.519007903925123 0.532885346597206 0.480799862865381 0.363731103295907 0.387619351928426 0.408449226489531 0.358695846280398 0.31833291297403 0.332014177132832 0.440432282674735 0.402093570149705 0.346870081887337 0.284528849715617 0.543581704128233 0.431329993920649 0.462750945833759 0.454443335190888 0.447667765887332 0.490713149548714 0.451535549708941 0.436317028477527 0.281745826389383 0.462698721676223 0.455167440354842 0.281854590846939 0.40260770897136 0.3835976328238 0 0.414629446466592 0.308520843334457 0.331526771158593 0.32009235926539 0.428260256956526 0.402482241472619 0.311681738611236 0.365904386860165 0.38470148594438 0.361208453351303 0.350854401156501 0.318710962883094 0.356365064978167 0.415932912825556 0.469220957199761 0.437392949432606 0.388277730838159 0.474483493521857 0.441275802263177 0.468105912896539 0.40503535145856 0.439010086104078 0.421953089679074 0.396304051734045 0.329622731839367 0.365908228075651 0.354800691480016 0.371592628028116 0.344287371631911 0.36674919840576 0.394923384196586 0.470782809151866 0.408831830639573 0.380873357362359 0.326996683455617
"sivapurana_satarudrasamhita_au" 0.570438100386355 0.441200658412198 0.496997955495176 0.450301966923153 0.464622826073281 0.492924347969179 0.415552097007935 0.455083961762644 0.393404985005326 0.439756585726778 0.581275821987963 0.424891017999556 0.462757403029962 0.422463913785456 0.403402298499147 0.531070829464085 0.402492117115991 0.430983494196868 0.437801224138426 0.386458701228081 0.440557491608592 0.341881838286684 0.480454226275946 0.528374545795631 0.456352012363885 0.503351265131417 0.39654923432438 0.365535792646157 0.478236166610947 0.526805958549492 0.394965774319983 0.380627250343734 0.557812755087342 0.382172587809545 0.454974392198539 0.455017969398273 0.487980447367416 0.344981083893636 0.458056251438148 0.398449529685808 0.347348786185118 0.380853757847296 0.405475019301702 0.464043921070028 0.37428928847841 0.457043405999797 0.444534170451622 0.458522290552264 0.394678307596662 0.422419552239604 0.48039124364145 0.42494739862381 0.424497429102653 0.535449012478149 0.549258634867231 0.382950756307446 0.442625511847433 0.492705281659434 0.536086221116345 0.474478658753172 0.403972418397641 0.387850538186008 0.332078492432705 0.355214504168418 0.447087132204776 0.451360219768572 0.432671276722312 0.47506385169832 0.290847019885202 0.287195031337577 0.588246401575597 0.39341772473498 0.424405901901174 0.420068217740077 0.410642901591252 0.436358290363657 0.42560541175007 0.374668689185068 0.358764950872231 0.530532333425278 0.536931602264882 0.366074800157214 0.486835803186285 0.224814954048274 0.414629446466592 0 0.388739260561882 0.434867140902638 0.457810060809677 0.434743181566482 0.402899087574148 0.404601176407131 0.503342729663155 0.385974792507082 0.501928747154725 0.348604889961601 0.372113473073696 0.364506035109281 0.521683268924158 0.529803635042225 0.554747959602473 0.440312973438342 0.581674041887076 0.568404823618603 0.552257073449812 0.547873872248847 0.47397325662736 0.528887247309542 0.45051789311012 0.357841018068056 0.477727510393897 0.471864816796811 0.392822735642349 0.38722724871775 0.483646879759276 0.530284126258321 0.527170083401987 0.350880477399641 0.414680963976689 0.398272320151077
"sivapurana_umasamhita" 0.383261594240263 0.462387846329658 0.478229956487528 0.454871981715161 0.453626230927652 0.466267182082194 0.450495101614295 0.48246894772244 0.453763240979372 0.436872596896385 0.563336264434076 0.468201444362462 0.494571810544259 0.392522447623549 0.181836489627985 0.354423279377417 0.217060429709984 0.266813672877721 0.213548413560993 0.23782007883623 0.401759190671082 0.269449371365708 0.298970101856391 0.332708198315893 0.243293059558035 0.373879650791429 0.283220325647842 0.387235343915474 0.415965861701841 0.417303183483269 0.281872428916656 0.30179099607593 0.474030639913232 0.270491409482378 0.325415062700402 0.269895981182809 0.317225968786877 0.323943617878176 0.430519863789901 0.343982411513705 0.332765899944886 0.369677766250771 0.33749877303914 0.377316585386641 0.330716302006528 0.37099453892779 0.385635988098006 0.389333809654477 0.293871450510862 0.339259054603349 0.39161990843849 0.301435016968072 0.292019811360028 0.337662272810252 0.384531221373659 0.330440595860344 0.408230861650865 0.442571807685485 0.495223090703245 0.40873958303931 0.27969931428589 0.365987694202445 0.369813408311879 0.284403499597143 0.247270378118618 0.311326549744402 0.386306354257724 0.402023148342557 0.306388333933037 0.308776165087639 0.587037517484699 0.390720168299138 0.376137537988371 0.405602372551478 0.374379541104793 0.422872779369774 0.389331318503473 0.396452041670769 0.2739504273707 0.479152798016166 0.38319541943082 0.297047934087929 0.398373645732471 0.323439756527435 0.308520843334457 0.388739260561882 0 0.278280215659944 0.342840058974425 0.376422476815195 0.376139281115297 0.254106625105687 0.408071605823128 0.363559322257896 0.349904501623405 0.318206181316238 0.28266665236168 0.320614895874431 0.336755490885023 0.39342379831584 0.398839810166093 0.329951918102714 0.429475703473489 0.395873555025331 0.406016806354113 0.33555392934198 0.341147158080178 0.385477192607965 0.359150897118928 0.280330667370717 0.28092742699767 0.332704316784381 0.41651975447754 0.28707579022659 0.3024563105192 0.330405092891327 0.443784971803722 0.394305511288393 0.368544137000861 0.265270944226742
"sivapurana_vayaviyasamhita_au" 0.380751896944084 0.462628871662663 0.494956862833525 0.483118407958415 0.473994266508143 0.459544100381634 0.466619973574037 0.519228042182524 0.479817406934059 0.456886490655494 0.484873182584746 0.484923275037806 0.498910675732275 0.393304212236511 0.263890091235699 0.419768556998961 0.313022108428182 0.309447243844575 0.300065061300344 0.295070635191828 0.382452770716687 0.312793624424753 0.344319806521103 0.345006093500078 0.291148989774088 0.408534390373938 0.323753476244922 0.414350489713214 0.4311158606538 0.459261944004595 0.373979206476499 0.324936434104668 0.48413099593576 0.325020781651785 0.305476463631365 0.325053084159758 0.270547286438729 0.36735471214727 0.441453059279024 0.388597321520629 0.375805970511525 0.408971174378096 0.384136912294675 0.406578970222576 0.394634601051154 0.428024539477219 0.415740772961178 0.432417826770134 0.382253575077959 0.407348906419821 0.407877544249777 0.332713987688689 0.345867726104765 0.345368844550297 0.392517960264831 0.373638616075753 0.431574382151975 0.464388109386884 0.505390216717313 0.447686643908985 0.300754625557589 0.414513061504333 0.438091752050754 0.32058706985675 0.297853472453013 0.293179580637861 0.425637046409755 0.423485416164724 0.37362434899042 0.352987716368973 0.547088003669472 0.428065731768499 0.424214365263277 0.461998551616338 0.433198730037837 0.453615554180816 0.436382862050953 0.455561169927268 0.301052597804437 0.49276895998212 0.381618990885081 0.378468044080333 0.446292103369844 0.378586636419705 0.331526771158593 0.434867140902638 0.278280215659944 0 0.327108657117552 0.457523149153964 0.352809890814408 0.334098591387545 0.397743501028855 0.398772888426513 0.363266412030294 0.347704347002361 0.370931904827876 0.376922647867291 0.414737247375065 0.416891484573232 0.369423386380415 0.394371742922895 0.49466791564496 0.44979855743752 0.486854270520665 0.406682592320552 0.414750530034326 0.420830517529436 0.362878138346428 0.385572534345686 0.373811193373831 0.365133613533247 0.449010009522316 0.373162846146843 0.347427899439399 0.325226676540399 0.395543604048171 0.411417112879886 0.378600220280523 0.292342093042157
"sivapurana_vidyesvarasamhita_au" 0.354008275085541 0.519791238630569 0.530596086905613 0.536844338079414 0.529040973079591 0.466953373178531 0.520851799204664 0.53561450250675 0.540437342627314 0.51801055340906 0.540246151866836 0.535419943528172 0.524836642369673 0.417476485039273 0.30435916608644 0.445216476048396 0.384164875334684 0.340304774837887 0.367527364588378 0.378545410661247 0.364872112865036 0.379767966742465 0.339223598703371 0.336587215271058 0.318654853654926 0.413640585774907 0.431636027142914 0.454959280275105 0.497913042929487 0.5294537313438 0.460869064793903 0.366468926641935 0.488026816425791 0.343098734742243 0.314132818913788 0.342569517371543 0.29479892163671 0.48112493653031 0.521384925714202 0.493155196064946 0.49427389887811 0.512380886924513 0.494412662054583 0.515306716139114 0.481828478702379 0.523790167094494 0.520957698998894 0.512439512083401 0.474919040868481 0.497033967895633 0.467514684225466 0.430028548080577 0.423243448512966 0.380481968611296 0.451493622117835 0.475955796336664 0.528328945177593 0.566458989680892 0.591008213199081 0.539912446395124 0.409025008069929 0.460524026840229 0.501612427664472 0.429122456296482 0.35524789241989 0.274606642422121 0.442860932533796 0.468998307549514 0.420615591580659 0.414284732380308 0.491587731707265 0.515169013213949 0.506189373878861 0.538012207435351 0.534389129451963 0.54944339438629 0.542167677156973 0.523849688485381 0.352841232935173 0.490738052640475 0.424074745669884 0.387741857435447 0.490709052907451 0.397773626567877 0.32009235926539 0.457810060809677 0.342840058974425 0.327108657117552 0 0.469014760458995 0.431390734004757 0.395015746805221 0.361985382932151 0.479794779441542 0.364783406586948 0.466402675352065 0.423685908566698 0.425216000302771 0.446472363929256 0.470849870572413 0.364854699689639 0.441516708457162 0.505062171188427 0.454220913112265 0.496558598472272 0.400821286875888 0.47568360694797 0.405665527489592 0.401978882192003 0.41453097517784 0.401307436279287 0.411302636662265 0.466458575484976 0.421434980075172 0.398788129729807 0.395193854649704 0.498719724547473 0.485293538606922 0.416541482321789 0.394802095376512
"skandamahapurana_himavatkhanda" 0.471487034990621 0.51982180888679 0.598325480604372 0.550528049160304 0.546166222889153 0.587457906939095 0.547362093059229 0.556352776508929 0.518138476595085 0.548463116021834 0.659393589529656 0.527864702613451 0.586681881162106 0.51113408702311 0.40586232406418 0.474956065974917 0.389909824451912 0.451808511906953 0.394321687164793 0.386541136056719 0.524934698270345 0.416973147196494 0.480884409986999 0.4268802594104 0.435997122286414 0.481315237324748 0.421223523128026 0.456469138077915 0.457508692385126 0.462295588745972 0.411326612813037 0.467455635878135 0.596264543528815 0.412267962159209 0.498174160000563 0.391094773831364 0.408536076564222 0.443493984645674 0.446261318549226 0.427885448629963 0.434041880838784 0.466543166546167 0.426430398133275 0.441422134020372 0.397002289409016 0.473048899942221 0.436821317247013 0.428459020472552 0.425322618328883 0.451994747650488 0.481276145372157 0.424154663448412 0.41894954311379 0.505624444282051 0.527240929594146 0.422009069350224 0.479643382624782 0.476685674750298 0.55343055585847 0.481149495548667 0.423892625436538 0.382894576799726 0.473728722395603 0.414414007758123 0.407061729455276 0.442619873112634 0.534158741983804 0.464504193576985 0.442169119750931 0.422084996216539 0.642931425873628 0.476956731842231 0.504031113609889 0.523123423546452 0.462902261049098 0.50596831790332 0.479892795034974 0.479028592383591 0.463571122220884 0.539507250422585 0.433409389280837 0.425619517514124 0.412550784039411 0.404713916826622 0.428260256956526 0.434743181566482 0.376422476815195 0.457523149153964 0.469014760458995 0 0.520662301769527 0.400122879643258 0.552815315446044 0.390855647505343 0.522665295854172 0.392388825385264 0.376611353601588 0.407668617654624 0.473515848656952 0.486899685565164 0.554279475899586 0.391105596685484 0.516471986055981 0.490416280648253 0.513132453490682 0.497490661015417 0.455207624714812 0.488254679748061 0.462788109449584 0.450621071744406 0.431722152410635 0.46969136423945 0.488547665494519 0.427911677875802 0.455151535137706 0.4831332430195 0.506823349434817 0.473330838159267 0.465280199891226 0.432675065255725
"skandamahapurana_kasikhanda" 0.514483247672407 0.414778627716561 0.421030733923412 0.431176491480943 0.40265599398583 0.406682374431739 0.397915111414763 0.439553698241439 0.424651594995652 0.427415106801672 0.415117751355876 0.429887481707877 0.433665259071395 0.402807041120969 0.354734977985364 0.551511845638357 0.439196496274367 0.41612143107588 0.438897229867101 0.383230087320198 0.384213569198097 0.367619101309934 0.41376322217123 0.475172975924434 0.37342109661738 0.494198921010363 0.449294050292335 0.435480053036741 0.543182203369882 0.580302176122969 0.467733023916053 0.378582946770124 0.460122964476134 0.392974205911531 0.409025433871361 0.459199941454656 0.456808555152635 0.449018802281239 0.54735844245747 0.461155037051808 0.442870557137755 0.45426212887319 0.442726145399607 0.513455190440886 0.455170398993455 0.506228379203024 0.50347721002866 0.524215121814464 0.45885462870308 0.44482241155352 0.450409016018425 0.41994798910536 0.415646787126529 0.475337301485012 0.497628687596096 0.446397681316314 0.528322894965789 0.553138015244085 0.574673088686593 0.520518707752117 0.383740631299844 0.46128861244429 0.434411364715246 0.381807453146912 0.430764861608082 0.383189646360184 0.350225254361159 0.543246297231557 0.349906409268432 0.345253657702239 0.494964700644304 0.483359388518978 0.463550088452941 0.462167006219927 0.484637500477891 0.478175817248787 0.493115612308931 0.483330376117705 0.321606648710191 0.516309322430406 0.44771653468144 0.35662249121685 0.519032919015322 0.367089032218311 0.402482241472619 0.402899087574148 0.376139281115297 0.352809890814408 0.431390734004757 0.520662301769527 0 0.434007318638448 0.431793883169029 0.494650795524638 0.475632134266735 0.454730677263075 0.420437370870069 0.411333451748412 0.536526651380588 0.56702241305503 0.502690312654243 0.506350234644566 0.602957176839263 0.577292884992305 0.583109627004935 0.520106313735099 0.53247566951563 0.541011528796188 0.453049944489589 0.3794476946353 0.495655324805976 0.409829218268327 0.483847505745698 0.449347943744396 0.443908471803567 0.437663897647492 0.44585696907129 0.403071658600145 0.413520793202376 0.367659039288195
"skandamahapurana_revakhanda" 0.398305936424402 0.464644318420184 0.509015026313103 0.493918660161015 0.48842139744359 0.51248252017303 0.461025958834245 0.509513994165292 0.442115291174675 0.482300518742811 0.593031642477433 0.492247119847542 0.515442365261622 0.425255946803902 0.241152261552675 0.388186911147514 0.262223703302525 0.35703353335157 0.288797574817302 0.21520365138908 0.420953405762798 0.272473175098938 0.352035617400754 0.383016354688246 0.290703055828723 0.416200221545874 0.312363148421948 0.405338327193776 0.432562915548206 0.434019698986112 0.295936311714174 0.316035039379776 0.525905831545533 0.306690516924279 0.37734994242805 0.292266827183234 0.354524994616336 0.315469256975396 0.425387408631913 0.312870509591977 0.309519732643468 0.366230246849726 0.329558974631575 0.365468133979026 0.330051828760884 0.404996786380216 0.398230878713806 0.380386209454543 0.331605180044789 0.339274966779421 0.395579865693595 0.308152903963712 0.287235066426071 0.366889298338905 0.406707675182838 0.322307696363404 0.403092532859508 0.453277210227364 0.439357800722836 0.379216563538851 0.290658679506177 0.364911054132885 0.370634871853821 0.279062331756721 0.239818345456706 0.370503907712163 0.40986485683635 0.354267622193772 0.309891609240471 0.319004962541546 0.616494521185404 0.387693705425912 0.4015672290675 0.432374567903932 0.373735447968384 0.461944666826855 0.402102595362957 0.37865998151499 0.317302119705057 0.539439758803027 0.450141659465769 0.346018480136269 0.344886112464365 0.358606722330837 0.311681738611236 0.404601176407131 0.254106625105687 0.334098591387545 0.395015746805221 0.400122879643258 0.434007318638448 0 0.408155193719518 0.363584251325827 0.401481990331957 0.335933447424435 0.251844141677908 0.367652231642192 0.365454232319936 0.41627650349787 0.42984630796556 0.35589155801767 0.440068512201594 0.412089926017006 0.429453474569288 0.390271697144475 0.378264817688397 0.416926127533582 0.370466319191314 0.219980893896351 0.31975203719317 0.344515328812608 0.37483947195486 0.280967452481704 0.312764226507184 0.351278398188842 0.465903547453228 0.406205922327828 0.363460081249838 0.290527676604644
"skandamahapurana_sutasamhita_khanda-4" 0.456801352108409 0.57229049160543 0.561133625852348 0.58546088069636 0.571999026217595 0.532597726124764 0.554098854253636 0.572771438916527 0.565950895675582 0.583625940878792 0.570040755500864 0.598521531749883 0.552222915551375 0.525062275099262 0.398183924729705 0.489491461209689 0.43962540351742 0.397687149245996 0.426396800834594 0.43155107652958 0.383148052515285 0.440832947093179 0.39932044574753 0.428608936703812 0.393176503390191 0.410794316386741 0.483039209683044 0.499508731309947 0.541761465414357 0.584538540983081 0.52137820135025 0.410345533560751 0.480394970094974 0.397035719501886 0.350864817722881 0.398593340282739 0.399461250144996 0.508980846161417 0.574364427618647 0.513094932692326 0.525048940796421 0.533316568106154 0.506574738763276 0.554242109764205 0.543897190306155 0.567577788978796 0.57119440997143 0.570798810069649 0.510777172229325 0.527679167615427 0.526929875752039 0.468144491337147 0.451435863997079 0.418710478527848 0.485179287121443 0.511679163988467 0.561575613092554 0.611999797610038 0.55067066585016 0.541622302019552 0.441486509762695 0.498886624980615 0.518110880852433 0.456066641821888 0.417029036228191 0.405307116067818 0.462975250801647 0.499030420741284 0.455400307083782 0.461625048138603 0.548578694733084 0.549965653146806 0.524827671546483 0.520026778872196 0.524399967169431 0.552239237414778 0.556206091007086 0.540951874339765 0.404856961872077 0.49972014709905 0.494482691024295 0.447165894356527 0.510607825487279 0.478020458334811 0.365904386860165 0.503342729663155 0.408071605823128 0.397743501028855 0.361985382932151 0.552815315446044 0.431793883169029 0.408155193719518 0 0.491563908085307 0.407385704474223 0.503562703803571 0.449005894814936 0.485961315367783 0.474799598079546 0.51281427887142 0.448981250275534 0.471596517686386 0.51916005334091 0.513360099433825 0.502684613617965 0.426945257426667 0.511488162629131 0.488375636763677 0.449832169250797 0.426587759610595 0.445996844487695 0.419656341874373 0.487849250966 0.47679796700574 0.445042170891456 0.415143156454426 0.547026088907891 0.522620105865248 0.466740458143066 0.45063138998291
"skandapurana_adhyaya-1-31_pu" 0.502424617208841 0.519984195391633 0.585630052208552 0.530553549983579 0.542101504188311 0.570184338129353 0.521414576246756 0.563688218495356 0.48394227381837 0.515494184952006 0.634501912003886 0.526253048564382 0.55997457202967 0.487654446937956 0.377582690793524 0.408768105595692 0.325821068908349 0.432130679282871 0.355178533306761 0.295060236803585 0.474407048443194 0.354333139650303 0.463108836813986 0.440581147104218 0.426756918615413 0.42829932377839 0.29723590750872 0.356822010773283 0.362117046972421 0.420590460570847 0.320154815547039 0.37338839522769 0.569811608713695 0.365149718311023 0.438757004845725 0.300915439227289 0.406484821309674 0.29853140148189 0.394377810339014 0.328571483175039 0.309867193693052 0.379407079345293 0.347838616517185 0.377531097588483 0.35696194115825 0.41836573238915 0.40554650724167 0.362651293954061 0.338864741731251 0.396670792666613 0.440635192452318 0.342173592681423 0.318208392583918 0.43408539948641 0.417316061816982 0.293924556544414 0.328305605498806 0.355217372214077 0.469105630678609 0.384983638266205 0.336165620044814 0.377755118424558 0.3919718538933 0.333589803677137 0.328628645027224 0.462873430864499 0.494226723321727 0.420406341331029 0.364775259173651 0.400573235544294 0.64699892741677 0.391626193015427 0.389832659530224 0.417922341177522 0.381476414939151 0.431643705047399 0.411916771570264 0.38917804845614 0.386836616167868 0.543581577125775 0.491853543439958 0.44517058693615 0.462235664745276 0.350096263310876 0.38470148594438 0.385974792507082 0.363559322257896 0.398772888426513 0.479794779441542 0.390855647505343 0.494650795524638 0.363584251325827 0.491563908085307 0 0.485087202434499 0.245099811555237 0.326734158486582 0.345522680331082 0.382143032268763 0.426691392891725 0.495836074245906 0.323291788268595 0.4785913726828 0.433113599570431 0.45339442360763 0.414696948851688 0.36299043202266 0.426499896919989 0.452366317691543 0.407089993791317 0.350146607352791 0.400432104535305 0.438088152126583 0.370153428441289 0.403201156619765 0.415314484110076 0.479234574387256 0.403596182152327 0.42726101640386 0.374777362014487
"skandapurana_pasupata_adhyaya174-183_u" 0.438286129986073 0.508963547891778 0.548712910665048 0.526192916958534 0.515208156592337 0.554316033969376 0.529367295457458 0.560063021412615 0.528012575780675 0.541684151518846 0.562512710554102 0.56444471264911 0.545081346634042 0.450559430506613 0.375035216231851 0.44087198732894 0.382246653417218 0.380482181364808 0.361963635808649 0.385990744138088 0.415203590810931 0.429991594337095 0.429644129687113 0.447423092447812 0.374475142923325 0.450328842327061 0.431760498309095 0.483660524668538 0.461224623711561 0.523413636235161 0.451524755407921 0.380641619098771 0.513730210345464 0.385364951759082 0.334438339410513 0.399124425194568 0.427309340271826 0.460716178024069 0.509028778596193 0.457357248497061 0.46956439017971 0.484984671453526 0.447411878940144 0.48811622121494 0.469400611431924 0.49025237128275 0.502207974162665 0.50921487678688 0.419365022572532 0.457083716331127 0.466575013787137 0.397054141017267 0.405042541482508 0.363351956943137 0.429094566234335 0.454855064572389 0.504404231952776 0.545119939778499 0.555011892256699 0.509773545501301 0.439752860074071 0.52127313932733 0.501885693509236 0.452997305491573 0.355776701817715 0.38659730482502 0.453546385548346 0.466641547862033 0.453934051799027 0.442623342244213 0.561748741216882 0.47868219246619 0.469135415388804 0.488921591554034 0.482149359781474 0.500258725065329 0.493555056495243 0.463849019064474 0.399030175833928 0.486964107464674 0.425954504168021 0.400631010028492 0.434881551969185 0.465970498169418 0.361208453351303 0.501928747154725 0.349904501623405 0.363266412030294 0.364783406586948 0.522665295854172 0.475632134266735 0.401481990331957 0.407385704474223 0.485087202434499 0 0.442227023990355 0.418406931077781 0.46662099534405 0.416737359488706 0.433671778114069 0.425492118913482 0.449180574353725 0.505461179711476 0.453286793593856 0.49593758191161 0.406354770470863 0.458051496201923 0.39031961671584 0.439988506815792 0.405937231702212 0.40234957222632 0.379740553711595 0.520901636164749 0.424951760534634 0.410277583410536 0.434204075836115 0.54148553868047 0.509460459643596 0.432867855972779 0.419468527389351
"skandapurana" 0.470515171694381 0.458536120112125 0.549812501932067 0.47984932249732 0.473292981201195 0.522852241580102 0.462192464177219 0.532232499625273 0.450983867562281 0.486300949993392 0.601486214996131 0.47421869719969 0.539291929050461 0.460302848218752 0.346478181905557 0.420114597966382 0.272116022172166 0.403202234303961 0.317320680636035 0.269591047800518 0.471786975726569 0.347072150383006 0.428555930192326 0.446537338188229 0.397777720378939 0.456049421064057 0.252888120304209 0.333152496082705 0.347379975349097 0.37779526485839 0.219379373807972 0.34790482447263 0.566581088621379 0.338161701722214 0.422720906494122 0.338959776940985 0.405400613554154 0.233439528949431 0.345098589171132 0.257510416625869 0.244868043370536 0.302448059528248 0.275152867811639 0.299403127662347 0.281866746837385 0.308687108527629 0.301079245605572 0.296715991071954 0.238325797682292 0.31769765093715 0.393632595128367 0.299800618476222 0.312958990723913 0.404443279652557 0.436950605563336 0.258938831698669 0.300289831085595 0.325544206074085 0.46326378024099 0.3628830272661 0.323925878471206 0.393047323944249 0.349544126539361 0.307713114840733 0.290111589966043 0.440625885899416 0.463152353470833 0.385182822492513 0.351535593923789 0.331224897642924 0.63709685928533 0.282391770257983 0.332956532128538 0.349149485062435 0.302556386968736 0.348624408008513 0.289982826540981 0.287869011655628 0.351613653466409 0.529493068775028 0.454064672637701 0.377559983088899 0.436369972609107 0.325093013570004 0.350854401156501 0.348604889961601 0.318206181316238 0.347704347002361 0.466402675352065 0.392388825385264 0.454730677263075 0.335933447424435 0.503562703803571 0.245099811555237 0.442227023990355 0 0.309744759447857 0.295137934646953 0.386422793237348 0.424712777917435 0.482848306795322 0.3269579999225 0.475592282310628 0.45436355846511 0.452456154102442 0.447614885129782 0.326340407601857 0.423213683638797 0.413592894241814 0.385134964352975 0.352339324850916 0.385033298868952 0.45120954327973 0.357626080912095 0.37706633169352 0.41407171217793 0.460328307018019 0.388239442343074 0.425121574600344 0.343741367779769
"vamanapurana_saromahatmya_u" 0.482905801915811 0.494314875875556 0.510842067507782 0.48431812516456 0.486092485036301 0.526103879320081 0.476308878755089 0.524417893500301 0.438845161650082 0.470617853166785 0.596653146859974 0.493315917828771 0.534135472057957 0.435632444130464 0.286384429238012 0.447007040604376 0.314280450748183 0.395467619808911 0.355981135100388 0.255215624453089 0.419405860643608 0.294735421714642 0.405972663016678 0.431612908243071 0.338760434609779 0.463038927492065 0.331352777404981 0.362901611706141 0.425851945966314 0.460029955408228 0.324043521984412 0.33935603517804 0.519178024161021 0.291468579794223 0.385804161985491 0.348831934883247 0.392437358598999 0.307268347368242 0.402300355772775 0.353047417434169 0.304278542279006 0.374432990913384 0.369619179567406 0.390091593435851 0.335373508653289 0.382740828379267 0.3925689509501 0.37379218120061 0.340696902477377 0.36342626512581 0.431312023807438 0.36495599663512 0.337884105670235 0.416486431724636 0.46277569949246 0.317049556703634 0.412339469201566 0.387675578787615 0.460086358027271 0.408002883376979 0.334731541389716 0.341855412212136 0.352593121381111 0.309109725197488 0.337229956382683 0.394070497378155 0.440472667215594 0.414596153776923 0.322596799351192 0.32345536388842 0.615601544293122 0.362608222331336 0.399096129836678 0.413469703860846 0.368967634761155 0.436510362183636 0.374664057159446 0.36051201648137 0.30613864677679 0.509686928937011 0.46157002794907 0.358081975111866 0.361231514519944 0.313764284111313 0.318710962883094 0.372113473073696 0.28266665236168 0.370931904827876 0.423685908566698 0.376611353601588 0.420437370870069 0.251844141677908 0.449005894814936 0.326734158486582 0.418406931077781 0.309744759447857 0 0.306456696303306 0.420687338704245 0.459808155508412 0.480468756484781 0.351270896705622 0.507753198373765 0.474706774287031 0.481148901006967 0.46136372001133 0.401369539400404 0.443800967317049 0.38822823080893 0.28325390738926 0.386017707858676 0.350412700700784 0.392395637054383 0.276880997537806 0.391020952817738 0.412015566719075 0.468635278345355 0.375675338998873 0.3604947270547 0.297934769481615
"vamanapurana_u" 0.464670948258925 0.466928344632981 0.536180826782517 0.461312295371535 0.463830145829708 0.51081139397601 0.455180992635141 0.524109778487207 0.444134013056331 0.449205931252725 0.589808209377539 0.44205305588451 0.517207043212307 0.402910662014217 0.31405950979081 0.462893216724129 0.303000216514353 0.34297738228463 0.345528147187121 0.289231088796276 0.429673906591439 0.30529834388345 0.347536997361738 0.444400012571392 0.373040664042048 0.458827195646754 0.274491254198757 0.350105173992795 0.430652131045802 0.454289423363273 0.285478229030869 0.294139830382729 0.564015633050604 0.290821187379338 0.405544389893052 0.378429530844207 0.423641020701205 0.292647150059974 0.407125910627384 0.364630621282561 0.289845956621739 0.352312479574057 0.385679188399848 0.370638491003425 0.38050423027972 0.319646615601123 0.320133725946426 0.334733953310902 0.317059166295524 0.369711443421963 0.443283606271519 0.393884025326271 0.381090523954684 0.459237345031139 0.51084472622028 0.323648367251403 0.40713157432024 0.381045635102294 0.498769915384398 0.45623226762794 0.341242796607349 0.344099027588426 0.365844835330825 0.328556451944842 0.338131195913715 0.345421013555754 0.385739082141852 0.424579031821593 0.288302870484487 0.316742719696833 0.617533408505718 0.322674586793588 0.329903925437216 0.326416446090817 0.352268219798376 0.355152942339383 0.333989395630809 0.292528203834477 0.328319426252222 0.527973082492879 0.505748741510421 0.338829895603147 0.437035499646816 0.278133331364203 0.356365064978167 0.364506035109281 0.320614895874431 0.376922647867291 0.425216000302771 0.407668617654624 0.411333451748412 0.367652231642192 0.485961315367783 0.345522680331082 0.46662099534405 0.295137934646953 0.306456696303306 0 0.44489168837605 0.471212126070763 0.511682187079931 0.379581169292813 0.493199416517429 0.478903848365185 0.499031611530654 0.482378953597273 0.362811969758559 0.475349672093977 0.375824940861188 0.34786766222834 0.391830886615948 0.401011713484893 0.424480773379362 0.33824388733384 0.423084722156405 0.442104349453781 0.479602746936388 0.332866083993439 0.37741796738751 0.32857639369008
"vayu_ba" 0.444355974878155 0.575478263002803 0.613701950202345 0.575946015942604 0.58504060916859 0.584539991870635 0.558199910036134 0.616208188614028 0.587990006102957 0.560645209737128 0.653774384064812 0.591236463930035 0.615011916448273 0.513011739219869 0.363799226007845 0.11652564449473 0.24028915654427 0.399705396090915 0.209895406037102 0.349395051129356 0.517102922781561 0.448092547069115 0.438536860759083 0.427363399107054 0.408002388589797 0.387921267688281 0.40053305680757 0.485887789560993 0.385536648296324 0.424940083780616 0.355476236198772 0.409125072200609 0.59934444953801 0.394795838885978 0.448185136550339 0.24329360158 0.402276509157884 0.419620695836263 0.450155981123942 0.417554439740213 0.431752541040235 0.465804880289206 0.420801413767675 0.449806393927961 0.407194780927153 0.490201807083043 0.48355406858648 0.411339895056313 0.420336537305029 0.462366985588189 0.465511299684048 0.392289676080566 0.35907538028439 0.401537733720737 0.37332913271679 0.406295614503484 0.418922054811127 0.450339369779227 0.519470539665105 0.47053436036105 0.392568620073373 0.487816403550805 0.495993159326811 0.412217581060982 0.271756723820382 0.442905606500189 0.525050712678398 0.40498480388698 0.444893526882478 0.47415610525656 0.665953053246344 0.464784983375907 0.479331638445615 0.509631611044775 0.456925207236805 0.524916421951988 0.479767696754393 0.464149085604687 0.453529166554215 0.594937035306076 0.480568640391381 0.44355254465152 0.491809220675667 0.470168935007992 0.415932912825556 0.521683268924158 0.336755490885023 0.414737247375065 0.446472363929256 0.473515848656952 0.536526651380588 0.365454232319936 0.474799598079546 0.382143032268763 0.416737359488706 0.386422793237348 0.420687338704245 0.44489168837605 0 0.209499289607585 0.393010356724292 0.253332108156798 0.357269580827984 0.157956853772932 0.19931621928206 0.21760179543133 0.250691658040883 0.204950377493597 0.448507957527731 0.443570902085382 0.104306180767316 0.461818895149292 0.51054786933972 0.435085007941668 0.368692400740775 0.389280443370575 0.506969973472045 0.523111281327982 0.489903131619112 0.424015902827147
"vayupurana_01_frame-and-cosmogony_iast" 0.452124112274136 0.594195314369795 0.612891977244394 0.574063425444704 0.605741984061918 0.615189633647774 0.582830323209348 0.631358378711676 0.608446606184933 0.5871781397266 0.648492822269082 0.61565430207946 0.629282823519935 0.522676595115655 0.409118543991089 0.180725353221251 0.318862076511077 0.409660245083956 0.273684103879823 0.40736527654859 0.525239728152648 0.464436925022082 0.477131362307258 0.433813483385114 0.430802704400943 0.410649566229762 0.420180190874939 0.516806856920185 0.402938950925713 0.461926871912617 0.411241401686687 0.428646294964127 0.615632627636338 0.434041307050327 0.452629551450492 0.297236871026038 0.4248779918255 0.449996067524366 0.467582683224517 0.458441653741413 0.468508940033955 0.509576100987412 0.462016619865343 0.484700720328609 0.461385492630911 0.5232567885997 0.515107207978651 0.448795469190272 0.468239742094929 0.50055871809055 0.488084323381444 0.436762380833065 0.405195881467722 0.418321482610654 0.410367082584206 0.431995752492351 0.438702655317359 0.479301620690065 0.533985345524332 0.499078763735209 0.420815664493181 0.510739344933791 0.52064312066997 0.446079172784561 0.343006931578664 0.45790614184916 0.54081186385681 0.432337856154465 0.484456338039714 0.51798491257643 0.662687519002057 0.496591288160288 0.519994086276795 0.555780134840631 0.49731270294648 0.55742133397476 0.512089905570234 0.500697176467849 0.483442072158114 0.614907629546199 0.500673559759135 0.482016966696293 0.510441996967506 0.485729522290673 0.469220957199761 0.529803635042225 0.39342379831584 0.416891484573232 0.470849870572413 0.486899685565164 0.56702241305503 0.41627650349787 0.51281427887142 0.426691392891725 0.433671778114069 0.424712777917435 0.459808155508412 0.471212126070763 0.209499289607585 0 0.419041595692114 0.300316938303328 0.405348311889008 0.220479204335122 0.255212205194296 0.311213908543971 0.327772700775159 0.235064853883548 0.46740066380185 0.490152851346046 0.218166828651462 0.492101536318825 0.553210665062224 0.461559119437353 0.403260581816749 0.419222888431264 0.531444111837882 0.522403890387374 0.506637751491573 0.44831301362813
"vayupurana_02_pashupata-yoga_iast" 0.47458745193227 0.612552420045079 0.600924758301807 0.608872577481749 0.614494745517919 0.581813666231072 0.564684445916846 0.611472553916761 0.62174890791976 0.596952948497782 0.594971089940122 0.619314393711187 0.588999281410205 0.535280405162874 0.392485329591802 0.397365560067059 0.386780831506073 0.47961787206507 0.381473056660666 0.415401131465511 0.450919516417124 0.477047764239632 0.443357832509805 0.435434268157739 0.380347788618672 0.415252107322197 0.47991438230367 0.54276755865244 0.529713696242931 0.572060766843143 0.490260817909975 0.41578332515741 0.557285644136795 0.490635869366688 0.387297497182413 0.388573162285979 0.390632649927257 0.490884461105913 0.561018341938385 0.492977191649842 0.505960208743572 0.527280608781777 0.473294870244966 0.541068938755636 0.501388232995164 0.55474238488072 0.55029267553309 0.54586653260492 0.489268489873957 0.528389278320534 0.444844812054705 0.416057065278795 0.422790982167056 0.383184997245674 0.367086939553172 0.466478148070644 0.524376339725986 0.557623646473515 0.57775382957432 0.550661573497454 0.40673509103508 0.541119616093003 0.518604850454833 0.438888006483052 0.378633756458103 0.467256175433031 0.469054335115642 0.486444412705235 0.498658446833244 0.515044647777695 0.638781309567833 0.553304122260692 0.517304180216202 0.56451873585544 0.52564377575945 0.559437445781685 0.572701626455102 0.54076269355096 0.454039545157782 0.574181826227709 0.458360265740977 0.496290587906208 0.499858276177969 0.509581227830176 0.437392949432606 0.554747959602473 0.398839810166093 0.369423386380415 0.364854699689639 0.554279475899586 0.502690312654243 0.42984630796556 0.448981250275534 0.495836074245906 0.425492118913482 0.482848306795322 0.480468756484781 0.511682187079931 0.393010356724292 0.419041595692114 0 0.428431094636303 0.510103127794813 0.403521829959056 0.459809365551455 0.332563508993006 0.436280510028732 0.369881803271083 0.517913049932798 0.465010075722667 0.377722925201254 0.466103253053638 0.556035001361977 0.484576737610139 0.42732423424703 0.416532337330451 0.51483833066299 0.538549876548812 0.486666812513131 0.441404162709547
"vayupurana_03_kalpas-and-shiva-lineages_iast" 0.468361684256056 0.557926687039122 0.584295686055571 0.550994476109418 0.569735253524229 0.552690453591538 0.531725630723776 0.588772600816543 0.547642436385353 0.53703018943989 0.63770138373783 0.57290656696264 0.577974940685383 0.493079541330547 0.36252484523784 0.266873920410121 0.244362063453647 0.391934488806661 0.238101161246208 0.331983853487635 0.448897709933916 0.391694127066801 0.444878456116376 0.408700698265682 0.405064260419207 0.367601388041699 0.361272149069536 0.407892262148579 0.400326578335305 0.44363887352702 0.321306571669018 0.383663537410373 0.575153966186553 0.354617647898296 0.418636337181926 0.255009661208008 0.374315500130266 0.36730242798927 0.440952942918218 0.379629618918467 0.381435022064777 0.424459065869213 0.373233274252273 0.415954456674612 0.38614139295732 0.462271686274334 0.449149400790843 0.40033763870692 0.377262896091729 0.423493126911097 0.431223986149447 0.389707075619126 0.355670029656965 0.415181021965154 0.391420129936913 0.364620870092326 0.394148099521637 0.415560957014981 0.486999890164979 0.415492035753369 0.374067577941417 0.437246308537122 0.45707836669896 0.386898048587451 0.296807997567263 0.443261312746368 0.490041783295844 0.415984868775433 0.396007443119244 0.423299575693571 0.64311781917871 0.433828607177291 0.441060684628745 0.477401987819107 0.418952654114447 0.493777961687048 0.45763045117244 0.424283507607518 0.393529350248772 0.56060663019954 0.492843295913923 0.434374677818186 0.451547946498116 0.408414257524576 0.388277730838159 0.440312973438342 0.329951918102714 0.394371742922895 0.441516708457162 0.391105596685484 0.506350234644566 0.35589155801767 0.471596517686386 0.323291788268595 0.449180574353725 0.3269579999225 0.351270896705622 0.379581169292813 0.253332108156798 0.300316938303328 0.428431094636303 0 0.396536679557496 0.303537604463422 0.313465633199615 0.3374346858707 0.266095239273196 0.289602031144095 0.422317447875554 0.411136763450892 0.210200742823772 0.447887505650433 0.465351231645471 0.409372965783566 0.377282639965883 0.412163621463108 0.469536998955468 0.47796119581797 0.473744249500994 0.394337583881799
"vayupurana_04_bhuvana-vinyasa_iast" 0.482704763718019 0.645135815407584 0.658080245805275 0.652717408468746 0.656367792479863 0.636316202481079 0.648279537396175 0.676323383655509 0.649612007509216 0.634415600577758 0.696329059101164 0.649617255825834 0.659296082854138 0.589180721665269 0.463285810572379 0.369431298003782 0.397037077545843 0.423376501906081 0.359260248168253 0.466537950062395 0.566652291478242 0.528148282662388 0.465107614784273 0.464277151407624 0.492619949903983 0.427009870960101 0.475556234983701 0.562758082223157 0.460089023734453 0.395688838498706 0.456512239714593 0.510527042102764 0.582853320353678 0.454800430120342 0.518219186456333 0.37200702861234 0.463536137439848 0.522952043683365 0.486392973671682 0.499927587297189 0.521001293760804 0.544868657097043 0.515137383562826 0.446093731480323 0.501104403590403 0.521144889694886 0.501424918802429 0.434092585763918 0.501266644923134 0.531320961505808 0.537390855862253 0.509414077797756 0.4735327388551 0.484322285217908 0.47918292281746 0.524621738672582 0.509716720963496 0.524920727813904 0.598128007900936 0.492799544516895 0.493605134649778 0.531987776290761 0.582021707722225 0.512581352293848 0.407934796069481 0.511063282286306 0.59433134054748 0.463669072781131 0.541636666259288 0.541195060656622 0.68697459188949 0.513321015019296 0.554820593120748 0.556985799588607 0.521474469272382 0.568445933408425 0.536105585144005 0.529007531400553 0.534296085123998 0.603814365095352 0.529187591864907 0.518850575133124 0.560523712845104 0.538563535107869 0.474483493521857 0.581674041887076 0.429475703473489 0.49466791564496 0.505062171188427 0.516471986055981 0.602957176839263 0.440068512201594 0.51916005334091 0.4785913726828 0.505461179711476 0.475592282310628 0.507753198373765 0.493199416517429 0.357269580827984 0.405348311889008 0.510103127794813 0.396536679557496 0 0.391765783836319 0.393377338685931 0.365048414714313 0.382255561506377 0.413528169805368 0.489550925219898 0.508684492105633 0.323128545036434 0.554262638396121 0.5690920906832 0.540536667219322 0.443467890350758 0.465771365625994 0.561915803722048 0.601191575141727 0.586093546460272 0.51693690686388
"vayupurana_05_jyotis-and-purvardha-close_iast" 0.438535243478273 0.6005608488306 0.63286243316191 0.605527370368669 0.617266171943621 0.609047138060014 0.5859909111192 0.640315653462143 0.621127436076834 0.599966690273375 0.671883790886461 0.620245374734816 0.637335152341973 0.520268793738252 0.408777566375956 0.12447955951046 0.329334528808944 0.432541569119514 0.280677007921047 0.412340764252016 0.529954352403595 0.487154287062372 0.476886451650202 0.432296075363059 0.440941322145032 0.3931872525402 0.452039531528095 0.526979957316979 0.401942133158218 0.462978347018081 0.432598705071518 0.45245168140406 0.623798649589199 0.427524978652398 0.462684367373687 0.286961530625024 0.417699479905252 0.482673618716532 0.496477897490799 0.471137044201118 0.490527076931439 0.528347101947094 0.481810763515653 0.491707228735891 0.477396391537066 0.530591078592368 0.525671480893218 0.466760203999252 0.476172033150259 0.508862268624496 0.483942869829054 0.431983912747846 0.415084392912643 0.428345792989895 0.397435790360135 0.459406908980009 0.476824438917359 0.488340546986317 0.55672951393201 0.513069806254714 0.44186795861611 0.526426854772755 0.545028079258487 0.468435579328399 0.326969854449048 0.467688625613245 0.557408993295638 0.43497084068174 0.498002212855316 0.51621417375288 0.671146553943605 0.524476300715938 0.527961654219465 0.55642144638404 0.512655452308857 0.576402656582855 0.532878430035792 0.514529655314254 0.484442140509517 0.61468708897136 0.507396029721941 0.485542374454945 0.511620795349305 0.509975996095337 0.441275802263177 0.568404823618603 0.395873555025331 0.44979855743752 0.454220913112265 0.490416280648253 0.577292884992305 0.412089926017006 0.513360099433825 0.433113599570431 0.453286793593856 0.45436355846511 0.474706774287031 0.478903848365185 0.157956853772932 0.220479204335122 0.403521829959056 0.303537604463422 0.391765783836319 0 0.236352911562918 0.264531211993361 0.329634705843396 0.2276839410741 0.480172910366014 0.492410066790028 0.194225916613268 0.489124379430384 0.528294321298302 0.463276501599239 0.404074875723964 0.42323529810361 0.541040433729985 0.5591212409099 0.530907876004964 0.473330361081586
"vayupurana_06_prthu-and-prajapati-lineages_iast" 0.489388632769573 0.631904526669966 0.651098076557398 0.630452538196112 0.641441088097655 0.626254087936461 0.613091767374908 0.658707191522523 0.637071480848586 0.617575612994681 0.686923077456755 0.646338447023331 0.656043931141839 0.574865423406594 0.42998480130568 0.203910989989398 0.334116876671766 0.435958456407201 0.295068225858452 0.437492078730295 0.564350212765269 0.50009059485736 0.490280567637713 0.476117249872736 0.477214653845509 0.421009400477318 0.471643990645518 0.523501114206916 0.40772554953852 0.45852278960906 0.418692570210009 0.479326550775211 0.634464624823489 0.443847819000058 0.501592201901083 0.320935049688936 0.440467767299686 0.480943692771077 0.495039579476703 0.4768577030698 0.494144975299198 0.523928743231108 0.479505370423343 0.495988979938208 0.461451549412776 0.533578174023006 0.527821945161678 0.465150178438322 0.474654604386061 0.508203767409496 0.516054252707246 0.47197889628734 0.43575431380344 0.474006396363778 0.448141093391224 0.471712889702154 0.467937135203014 0.489545923821238 0.557886403893514 0.504944039085652 0.448229753968128 0.515379945444409 0.528483897595045 0.469073318834592 0.368911073573338 0.513928168044099 0.584122348997796 0.437661882699379 0.499907392905894 0.526961487941903 0.69859426452205 0.516499025878365 0.53988832304405 0.55673563203997 0.51077308520886 0.569711036603539 0.526209374995646 0.515574086496269 0.504293347726927 0.634001421462226 0.553424705430899 0.514248276032793 0.536894846133034 0.51377338225848 0.468105912896539 0.552257073449812 0.406016806354113 0.486854270520665 0.496558598472272 0.513132453490682 0.583109627004935 0.429453474569288 0.502684613617965 0.45339442360763 0.49593758191161 0.452456154102442 0.481148901006967 0.499031611530654 0.19931621928206 0.255212205194296 0.459809365551455 0.313465633199615 0.393377338685931 0.236352911562918 0 0.301285748367453 0.334698617587455 0.28532096117308 0.500030044090959 0.504316728457013 0.214870039223578 0.529753231961261 0.562433112360018 0.4971104288264 0.410418366872937 0.441505288387046 0.553097394557811 0.56795092774289 0.539279611939077 0.488804870279562
"vayupurana_07_shraddha-kalpa_iast" 0.448496361797804 0.595530886573778 0.616106411597083 0.590148119355948 0.59896542577698 0.577189204283863 0.585241676833721 0.61331997846799 0.601339883754151 0.597299426487561 0.614242978707258 0.609046459017526 0.600345378845222 0.537051875345194 0.369664455379327 0.243606439894414 0.322974627738619 0.398747550715973 0.291165929773128 0.389617292070413 0.49979407807138 0.449143988607083 0.410171031003395 0.411352791822744 0.380108994376334 0.35471704437153 0.442179256693981 0.52558577004129 0.445622823661878 0.485540988120207 0.438816217265549 0.406286104684411 0.543465003008101 0.451306463832478 0.42826582557777 0.283378863273204 0.386056603147788 0.472106280873129 0.518971728197081 0.462353186311208 0.488733239302596 0.514159997506862 0.465785211277095 0.490335314417603 0.460884938572497 0.537557191733726 0.528870341089005 0.475051482665849 0.470190898755659 0.485573654054852 0.48329237304206 0.412266805760134 0.374500418375475 0.373800143627588 0.362465185439974 0.456559369924384 0.465506382155934 0.515775168249473 0.556222113516253 0.500727071901584 0.39955854171287 0.51287823134947 0.526295826482433 0.431446009613599 0.319204551887982 0.444744612504491 0.499455072060841 0.43147231522898 0.490031213999862 0.49244005455153 0.648072234789015 0.535130812458107 0.508784185861254 0.542591480174587 0.502493531642256 0.554999128900479 0.540166541571051 0.528502073832639 0.444892166761603 0.542556505018084 0.434602966793478 0.467215908810106 0.488739798320958 0.488134390461739 0.40503535145856 0.547873872248847 0.33555392934198 0.406682592320552 0.400821286875888 0.497490661015417 0.520106313735099 0.390271697144475 0.426945257426667 0.414696948851688 0.406354770470863 0.447614885129782 0.46136372001133 0.482378953597273 0.21760179543133 0.311213908543971 0.332563508993006 0.3374346858707 0.365048414714313 0.264531211993361 0.301285748367453 0 0.340296739007983 0.27250272276543 0.473682858519972 0.442662704583596 0.217859192420421 0.455563377032554 0.52792750411266 0.46004580904422 0.355154902048326 0.374437041325698 0.531280542413987 0.545946887627462 0.503878491722199 0.442199041119502
"vayupurana_08_manu-candra-vishnu-vamsha_iast" 0.473687716369714 0.569222547662313 0.628449502801154 0.579743977004829 0.579050323618054 0.58748895008167 0.563793753228077 0.621254316416525 0.569804270087966 0.515350842442806 0.657980751770474 0.57489596965897 0.620480701087065 0.514236545941016 0.361065111494656 0.296312678555499 0.205022115050139 0.392735523354574 0.236148021140741 0.330028275432152 0.509253696197282 0.417869552798028 0.429574416976854 0.445226841793054 0.42059162440729 0.424161697193607 0.3422322099911 0.446908281012462 0.421628349448098 0.428937643811411 0.294182366529704 0.373602279276368 0.617216651602725 0.378298395012248 0.459100003708913 0.303494227668409 0.415542140863095 0.350448799547243 0.39080792195604 0.378114681328254 0.367134482841464 0.424150588533235 0.406273563296344 0.397356569974158 0.36644153036285 0.427118338286719 0.418833380576332 0.358331582102441 0.367958935722783 0.436549888721215 0.459376053416176 0.394651889402322 0.383465372147253 0.460150963399881 0.428326151390246 0.374994931722235 0.376950518176262 0.401729979044319 0.477595447499268 0.433871144510197 0.36960181059907 0.453483949400623 0.453274171737859 0.385956949131722 0.287087398493239 0.451343762240808 0.509648812087612 0.392508923542699 0.414416158592478 0.448870813206819 0.675723737998971 0.379721612319065 0.426331414383116 0.44239191194986 0.394433803113791 0.45526794780773 0.421937649920402 0.397768659592875 0.447584303690724 0.601882131575029 0.520744254155144 0.43787021945716 0.485463885040696 0.427424306723568 0.439010086104078 0.47397325662736 0.341147158080178 0.414750530034326 0.47568360694797 0.455207624714812 0.53247566951563 0.378264817688397 0.511488162629131 0.36299043202266 0.458051496201923 0.326340407601857 0.401369539400404 0.362811969758559 0.250691658040883 0.327772700775159 0.436280510028732 0.266095239273196 0.382255561506377 0.329634705843396 0.334698617587455 0.340296739007983 0 0.350431935505191 0.448930949036821 0.436326800657957 0.22777164178597 0.485407470539422 0.496943610752786 0.418289860346925 0.395966212989003 0.436390202891818 0.461088029997835 0.473569445392558 0.478750380030467 0.405815064474352
"vayupurana_09_upasamhara_iast" 0.444696018969812 0.589601410260141 0.607466682686466 0.576814753395785 0.592992410802655 0.588148707191255 0.562443719188037 0.622130399761037 0.601384822801959 0.587882430484611 0.636425462072961 0.600540324053617 0.603432284228497 0.501760847881138 0.405557336765257 0.212209015384399 0.321997335122258 0.413295146915085 0.277549095152103 0.377691467536492 0.499812629827176 0.468981065437939 0.480241369550959 0.443618983760561 0.405542362590379 0.380637210015245 0.4369065544315 0.525344264100089 0.430057100018109 0.473926092665541 0.418285700467464 0.414948822575125 0.578267974038212 0.436932689783314 0.438679763361067 0.288403698257519 0.409899213317912 0.452507080507463 0.497074135138745 0.448790339558109 0.470967490882567 0.518149575995733 0.438058525803533 0.487093956609654 0.450602966537326 0.529825940201603 0.522742961412548 0.451050952579766 0.443011166955075 0.478947444147716 0.462363770272674 0.39940394933014 0.37445411369864 0.382248344598397 0.377633231144911 0.419318497610892 0.429497521308021 0.464773063769612 0.525869273546166 0.479821019102689 0.420746959323414 0.519701897894235 0.520445568183719 0.448123206067909 0.333942794248048 0.448951554082375 0.509871674206952 0.432665049407384 0.491437895139391 0.504883591380009 0.653377641884314 0.506411340789731 0.501945968925961 0.557747550810876 0.513360048217507 0.562759507230397 0.520066089375091 0.508096416920409 0.470123832950121 0.581397529461125 0.456375302189597 0.469537428919746 0.488861588348503 0.489320338073676 0.421953089679074 0.528887247309542 0.385477192607965 0.420830517529436 0.405665527489592 0.488254679748061 0.541011528796188 0.416926127533582 0.488375636763677 0.426499896919989 0.39031961671584 0.423213683638797 0.443800967317049 0.475349672093977 0.204950377493597 0.235064853883548 0.369881803271083 0.289602031144095 0.413528169805368 0.2276839410741 0.28532096117308 0.27250272276543 0.350431935505191 0 0.463895228157482 0.476298468534935 0.211482531005781 0.4532680090689 0.551863214973828 0.462833643332241 0.372079952868978 0.395174793573994 0.529464272842555 0.538945173239495 0.479880226942559 0.445008910706245
"vayupurana_10_gaya-mahatmya_iast" 0.402215549118965 0.502405249685727 0.522079693258073 0.508189787415777 0.509612248936237 0.526608766187738 0.517458167675053 0.542217494726277 0.52660898458376 0.508202650269479 0.607904995134534 0.520580703243841 0.507334243283558 0.463529411764706 0.332944503689546 0.462670046614381 0.378985353719133 0.388488398695234 0.383630344736275 0.367529660954227 0.475970699865752 0.350122604110586 0.405958900637549 0.405288392493716 0.358196165790184 0.451226623657798 0.397500862715945 0.485620818423441 0.480053108087233 0.514261252159628 0.421536193509624 0.421361301938513 0.554879691530151 0.374871710703295 0.417365140355673 0.414093144515394 0.390494612783528 0.424092875173658 0.478819187110866 0.440778325916149 0.418535406875224 0.437799087192917 0.433887525922588 0.467840016340573 0.430053021131924 0.475422154876036 0.446254393324644 0.471995065498491 0.430252416069731 0.435911346390668 0.499230514444828 0.422609037148689 0.425051067799317 0.427847314330496 0.498639906626401 0.439537621960111 0.49830079728857 0.519811045533848 0.568545532837343 0.462407174860084 0.394641754434476 0.464826682348313 0.470985038046806 0.396741698250375 0.389768731853229 0.339772972449352 0.448308998289725 0.450056716741498 0.407181799285018 0.395000700240856 0.591196447788541 0.466633152735624 0.446736029298844 0.474854207044913 0.442511088982126 0.47101310155352 0.461262402784129 0.473789678821722 0.369100953754156 0.534035491033904 0.468737757993812 0.43904125227323 0.463900797960422 0.391430823152385 0.396304051734045 0.45051789311012 0.359150897118928 0.362878138346428 0.401978882192003 0.462788109449584 0.453049944489589 0.370466319191314 0.449832169250797 0.452366317691543 0.439988506815792 0.413592894241814 0.38822823080893 0.375824940861188 0.448507957527731 0.46740066380185 0.517913049932798 0.422317447875554 0.489550925219898 0.480172910366014 0.500030044090959 0.473682858519972 0.448930949036821 0.463895228157482 0 0.400592878636092 0.405627910786631 0.39805353466288 0.472519959100228 0.439435290381249 0.432135359647339 0.42181411961907 0.487385369769465 0.480486570367671 0.459857738670791 0.400408730141787
"vayupurana_revakhanda" 0.482495109380326 0.448788452140941 0.493245450206302 0.483063717545173 0.48369472391448 0.499710933165468 0.403811865781506 0.457879905991674 0.39367740092055 0.447260161785565 0.5748390705066 0.438030092652233 0.459292812384882 0.41202426957391 0.271109784323211 0.461231710820854 0.331517752529878 0.374425347349396 0.356993570363351 0.285323654409399 0.397940171681528 0.288492533376286 0.352002146731464 0.423833988420131 0.282147035130466 0.447448095164461 0.367068026874729 0.379341530799821 0.486346823691238 0.502012456420622 0.368338345010641 0.321849351053014 0.488726544158486 0.329428452049931 0.378416003679353 0.365652320940185 0.423339221247625 0.351501537493256 0.477489028985604 0.364261115108409 0.349492543709847 0.380134535399935 0.387564310979951 0.435453043758729 0.36375761697655 0.432028661655881 0.439896426260376 0.445426677425987 0.36064855563775 0.381802948645679 0.452323014354133 0.370771442030609 0.347054130215807 0.427429073755138 0.451712848453402 0.378286003118805 0.454466031549815 0.499390062626846 0.502864010617204 0.438977796961574 0.342116532652736 0.37995781967597 0.36520882848919 0.328182917250012 0.334597609948192 0.370841090562532 0.367670528814654 0.404851472733461 0.267688428197047 0.286565462765425 0.613492785255791 0.404910029434783 0.430161151544186 0.404012669463143 0.415878257394307 0.458723811024739 0.433813412127062 0.372528702614974 0.286519585393075 0.504911993702987 0.478591828652738 0.323766086027821 0.372098980292067 0.322597309552843 0.329622731839367 0.357841018068056 0.280330667370717 0.385572534345686 0.41453097517784 0.450621071744406 0.3794476946353 0.219980893896351 0.426587759610595 0.407089993791317 0.405937231702212 0.385134964352975 0.28325390738926 0.34786766222834 0.443570902085382 0.490152851346046 0.465010075722667 0.411136763450892 0.508684492105633 0.492410066790028 0.504316728457013 0.442662704583596 0.436326800657957 0.476298468534935 0.400592878636092 0 0.399023584385758 0.384161139919087 0.359273352329118 0.297071416508988 0.36843931902655 0.409902181174351 0.495088605529802 0.331146260565329 0.347651031013228 0.306360444971484
"vayupurana" 0.416311356021775 0.553844454792854 0.589910132608056 0.554726779999907 0.559465059836962 0.554047792180222 0.536547207467393 0.596483860600624 0.559177246467202 0.541296236615213 0.632349498035318 0.56582965325388 0.590550773660034 0.482464454576869 0.31544526688948 0.152443125335162 0.194209492850579 0.350807996547825 0.155381940700536 0.309590396620676 0.479758807554441 0.403728835569262 0.387721130538576 0.389243198771434 0.36818307079088 0.350393436824069 0.366450369257915 0.449599522768124 0.374581995441816 0.396595167693991 0.333385487702205 0.36966960242925 0.560298298435929 0.341006019400255 0.404271515914276 0.190158717854976 0.350196532302202 0.390758654093849 0.43531351061924 0.394247990850576 0.404981403738071 0.441263836321241 0.397874784739725 0.4171793735119 0.389122033582486 0.463752893443346 0.451939033268922 0.382923932908613 0.393771196961383 0.429241934539381 0.43937226063859 0.371945198137369 0.338345127613694 0.384307481122321 0.353313901924752 0.383575720235956 0.398336518945912 0.432520517055521 0.501850501423873 0.448978471079093 0.362836577504815 0.448123715034514 0.467942184939682 0.381256650041092 0.237866841959604 0.40441571647756 0.488233905679427 0.379147465986395 0.401028293664321 0.424023619482922 0.637667475445024 0.448558541605764 0.450555421353715 0.48821343440411 0.432295327980114 0.501188154360126 0.461843704237277 0.444082444583475 0.409423764438653 0.569651275775311 0.462354999912535 0.404011980965232 0.461147807340045 0.421905059226786 0.365908228075651 0.477727510393897 0.28092742699767 0.373811193373831 0.401307436279287 0.431722152410635 0.495655324805976 0.31975203719317 0.445996844487695 0.350146607352791 0.40234957222632 0.352339324850916 0.386017707858676 0.391830886615948 0.104306180767316 0.218166828651462 0.377722925201254 0.210200742823772 0.323128545036434 0.194225916613268 0.214870039223578 0.217859192420421 0.22777164178597 0.211482531005781 0.405627910786631 0.399023584385758 0 0.442403891000146 0.478803821119191 0.40422708777346 0.337948346012787 0.362886404833296 0.482485675342505 0.49245457157915 0.460367011826914 0.393988358801528
"visnudharma_pu" 0.429932006160115 0.459987530816605 0.471668150948186 0.447480951767735 0.436819487132015 0.50659000112773 0.445524180490298 0.478084961185886 0.471340561692498 0.514798644550564 0.537220560035896 0.510501959396824 0.471836431839997 0.430317271600927 0.344704456118206 0.479580059341698 0.39643990231386 0.405112596421626 0.40836890999558 0.298270714405448 0.407417436211679 0.335346022436251 0.409560283315984 0.422734888137251 0.320806639443981 0.455639769105638 0.360121946661675 0.439520827205557 0.458337751463341 0.504198853823871 0.400240564974837 0.37249503385594 0.524357046344573 0.376814724911576 0.358970973627545 0.390354978023637 0.395636677538665 0.378654044422518 0.494537477395595 0.363858719278519 0.369993462294683 0.379305705172327 0.331907302050199 0.442159605789975 0.440997523128056 0.441260322198615 0.446590347591524 0.464915047158665 0.35555427333429 0.376990773358996 0.396766774119894 0.305940128221 0.301364238743576 0.329340559043261 0.377431842694399 0.360976222650267 0.444867474349602 0.493177613326849 0.505351096589705 0.426653858969244 0.310846062011538 0.416678168187705 0.392036267734159 0.313246147724762 0.355624623735905 0.37516516368638 0.367005533707913 0.472070266022812 0.391951343858377 0.392832720505185 0.599572196187153 0.423905508828388 0.387102749293641 0.432027924647831 0.406000423771613 0.411110016378899 0.431687203628558 0.439663834262398 0.350769111231829 0.422605448339699 0.391966321918465 0.392863561812745 0.429590984316587 0.416420910290394 0.354800691480016 0.471864816796811 0.332704316784381 0.365133613533247 0.411302636662265 0.46969136423945 0.409829218268327 0.344515328812608 0.419656341874373 0.400432104535305 0.379740553711595 0.385033298868952 0.350412700700784 0.401011713484893 0.461818895149292 0.492101536318825 0.466103253053638 0.447887505650433 0.554262638396121 0.489124379430384 0.529753231961261 0.455563377032554 0.485407470539422 0.4532680090689 0.39805353466288 0.384161139919087 0.442403891000146 0 0.445829657530303 0.321494233588545 0.377824307600278 0.346608652437298 0.489901651590422 0.438490217484957 0.370061914128494 0.319792330244889
"visnudharmottarapurana_khanda-3_adhyaya-343-353_pu" 0.509253693019769 0.477308472071466 0.537803782846916 0.518102569779382 0.537490504017531 0.527952631504799 0.486629025330959 0.520923935491877 0.466678140354829 0.469516212744185 0.61786777111774 0.488945126818566 0.515175583249779 0.413765364581738 0.39054731104831 0.521182287567247 0.419296668809433 0.435185429806715 0.445382807833152 0.392373275691146 0.440595644342104 0.366997754901405 0.435676771889453 0.463471142524135 0.424665312675075 0.540331130689543 0.415346078587376 0.404411588077867 0.524175277955983 0.542941696285643 0.452764044661882 0.388649364051241 0.573163833996566 0.372148822419234 0.454771775026634 0.441985263028095 0.450751450514513 0.440366042505726 0.507905950997388 0.464131954186931 0.435912337034386 0.452473714129232 0.488119775943849 0.489492206743041 0.448777180247854 0.504650786168012 0.493678553668379 0.51938313431747 0.460258730949163 0.480876520847129 0.52847198646643 0.466951277325271 0.461594720122922 0.518655375089334 0.541471630855966 0.45316199272646 0.515569807928774 0.53892205736872 0.57326590557862 0.514919809372872 0.394352703026616 0.397225950713083 0.4061197620939 0.375502825605318 0.414698879091193 0.434683519962439 0.488110192789195 0.465114920740816 0.35547386534296 0.330777592502707 0.616314845176063 0.484243541471557 0.502455590871259 0.475082471790727 0.488293579625078 0.514545700854432 0.516601576162994 0.475276216990765 0.345037047941396 0.586199085462119 0.570154761265557 0.405942966158592 0.481961723550038 0.398294815858423 0.371592628028116 0.392822735642349 0.41651975447754 0.449010009522316 0.466458575484976 0.488547665494519 0.483847505745698 0.37483947195486 0.487849250966 0.438088152126583 0.520901636164749 0.45120954327973 0.392395637054383 0.424480773379362 0.51054786933972 0.553210665062224 0.556035001361977 0.465351231645471 0.5690920906832 0.528294321298302 0.562433112360018 0.52792750411266 0.496943610752786 0.551863214973828 0.472519959100228 0.359273352329118 0.478803821119191 0.445829657530303 0 0.388253485057138 0.439432376576781 0.464224211789219 0.518296921976483 0.407278678516217 0.430793971798435 0.38881837696131
"visnupurana_amsa-1_u" 0.459437922569132 0.472009182153848 0.509585937051993 0.46002826436374 0.465941811117581 0.51276258827381 0.414882769644987 0.451338278022497 0.367281073575135 0.436735708593595 0.589268373568075 0.446039375144807 0.484653728452215 0.389098131991274 0.296970174275911 0.448945775599099 0.329365588544652 0.380271429131976 0.363513875736812 0.267205463083981 0.412138079466569 0.307732690347514 0.401061071870505 0.419091995416709 0.311200131399975 0.451367267134604 0.351738176770266 0.427421750183151 0.455347920716068 0.480776608105113 0.345448742327842 0.337849482304093 0.542168625785671 0.334803142949625 0.41052124891737 0.37305076933423 0.406585126622331 0.319428096864593 0.449859472290145 0.365531453658288 0.330867073275843 0.379729925250086 0.381914804357516 0.417531566131998 0.359398805108441 0.39756231833767 0.411166415024331 0.419003671938226 0.346025816452904 0.389549928920591 0.441471715579395 0.355708015306075 0.338282758986817 0.422815548696013 0.446748043269866 0.353094222312401 0.421883028154533 0.456959088755871 0.466455778654436 0.452528745465936 0.298222532903065 0.342260164855715 0.298461252178581 0.263151993260163 0.337755175780805 0.3815526360992 0.448674345187279 0.427923007520663 0.330902053686424 0.337952783322042 0.625189914658074 0.404767585009912 0.413373732747079 0.438252571338374 0.419308630845295 0.453564887560421 0.411648126963092 0.397167296864 0.345855727529427 0.530143600640651 0.470119930267939 0.368755613059792 0.359113756645737 0.362906459510827 0.344287371631911 0.38722724871775 0.28707579022659 0.373162846146843 0.421434980075172 0.427911677875802 0.449347943744396 0.280967452481704 0.47679796700574 0.370153428441289 0.424951760534634 0.357626080912095 0.276880997537806 0.33824388733384 0.435085007941668 0.461559119437353 0.484576737610139 0.409372965783566 0.540536667219322 0.463276501599239 0.4971104288264 0.46004580904422 0.418289860346925 0.462833643332241 0.439435290381249 0.297071416508988 0.40422708777346 0.321494233588545 0.388253485057138 0 0.328950475099309 0.356464228951833 0.438445533216148 0.279904824489886 0.285629977691076 0.186921443761
"visnupurana_amsa-2_u" 0.422099123861689 0.473182541572386 0.501410597139352 0.497134976513874 0.512204296308313 0.497737048551418 0.476957171440873 0.517141709545382 0.497274286400199 0.478317457007606 0.54797158453616 0.495846020346027 0.511592182269012 0.40690578582194 0.310960802655499 0.381513633139549 0.311241789193321 0.36965301813047 0.298891641195156 0.304122801596598 0.437487040817988 0.359582169360434 0.413578951136819 0.375334220422042 0.321499057761526 0.371894512640898 0.394703239617836 0.484544910709784 0.47349543942207 0.475679670616093 0.373030911795312 0.368169051421805 0.521470766095999 0.380910839480344 0.4142776671543 0.330413606601756 0.368630081016714 0.388703273396462 0.497164839152627 0.39945781787665 0.406625307172896 0.446070210363016 0.389061415465527 0.438204751379041 0.378860305676234 0.478238985613563 0.475266460317273 0.437378800572451 0.397515879341445 0.413178503462999 0.41270028581304 0.346962304480393 0.331371062284878 0.392070882420029 0.39590296579101 0.381578321385416 0.426556944245411 0.496660881013132 0.47975617356018 0.457828604154525 0.264098517634914 0.413806070469322 0.413372859524828 0.298871575778847 0.295984882597107 0.415776825722614 0.465998078147783 0.375343169133996 0.393681477767954 0.406237076691061 0.618946408898867 0.486595272971562 0.4745732868314 0.511720567570813 0.463974945422056 0.516158948094813 0.48514986005815 0.474136456464512 0.392241451383664 0.557096348873125 0.45843323703382 0.418654722317982 0.429724417114628 0.419141052423191 0.36674919840576 0.483646879759276 0.3024563105192 0.347427899439399 0.398788129729807 0.455151535137706 0.443908471803567 0.312764226507184 0.445042170891456 0.403201156619765 0.410277583410536 0.37706633169352 0.391020952817738 0.423084722156405 0.368692400740775 0.403260581816749 0.42732423424703 0.377282639965883 0.443467890350758 0.404074875723964 0.410418366872937 0.355154902048326 0.395966212989003 0.372079952868978 0.432135359647339 0.36843931902655 0.337948346012787 0.377824307600278 0.439432376576781 0.328950475099309 0 0.278619175988667 0.408999121520261 0.415454329348605 0.345351168048974 0.257267449326565
"visnupurana_amsa-3_u" 0.3853146669222 0.522741194173299 0.516666246869513 0.530219304132533 0.52652642207417 0.514291966197063 0.493192549932187 0.531231210688711 0.529808886202947 0.516250114903997 0.568105460990882 0.543462131709235 0.51534862551292 0.426079982932588 0.317069751020887 0.397871013918745 0.362923418421232 0.413555713299062 0.353270645637608 0.335554696566732 0.4357753124572 0.392269479961797 0.414310315869548 0.351660724753731 0.289802579961026 0.377060679001285 0.395011149614583 0.515537865359494 0.463054083373026 0.464746915374434 0.406400677528048 0.388348515259122 0.52069818286083 0.394759334048449 0.362431561416913 0.32415936839284 0.382219965302872 0.433675772330972 0.50662246261119 0.403910437888709 0.435826893783578 0.455339619104309 0.382781730563194 0.443869182277922 0.438561344978521 0.482345218978553 0.486242477656608 0.43813019775809 0.415044411741252 0.434345635203535 0.45730544938914 0.344574076210727 0.320769055156968 0.391865390635798 0.363422318044742 0.406631765290289 0.447073915819234 0.480175322958365 0.482085771871396 0.458121806620002 0.293022111268098 0.463953981014879 0.448397592261213 0.339819612683586 0.31694600971033 0.369014748696136 0.42891872935036 0.427467260422117 0.434868269003796 0.441382635627557 0.630436652747361 0.492985151173914 0.46316250249615 0.505969679531288 0.465048292699708 0.505855857389473 0.494455171015273 0.513270838730853 0.381323903644008 0.537304413829481 0.424692878646838 0.422991413097033 0.466011169297844 0.475997389612725 0.394923384196586 0.530284126258321 0.330405092891327 0.325226676540399 0.395193854649704 0.4831332430195 0.437663897647492 0.351278398188842 0.415143156454426 0.415314484110076 0.434204075836115 0.41407171217793 0.412015566719075 0.442104349453781 0.389280443370575 0.419222888431264 0.416532337330451 0.412163621463108 0.465771365625994 0.42323529810361 0.441505288387046 0.374437041325698 0.436390202891818 0.395174793573994 0.42181411961907 0.409902181174351 0.362886404833296 0.346608652437298 0.464224211789219 0.356464228951833 0.278619175988667 0 0.427128329202522 0.463309913734574 0.389043771264699 0.305840525533453
"visnupurana_amsa-4_u" 0.522448549250962 0.553900204396241 0.579469992031159 0.563663743965412 0.565783522828066 0.529073860686997 0.553698050622265 0.58375740650829 0.568200733855527 0.477089704212112 0.545641525176986 0.551002748669279 0.564776222083245 0.475724672582466 0.433017990836565 0.519878353300795 0.421276197042189 0.475174649480397 0.437354770522374 0.434414953826341 0.462680956095335 0.447004422171942 0.520379927233689 0.452213137178204 0.44952239302626 0.482459318144153 0.472522921246101 0.504805695460813 0.52813839991693 0.55014583430148 0.449756278624583 0.483041191312446 0.594741118827022 0.476832020017363 0.503057866134452 0.46671475014162 0.457929446385213 0.465542429667049 0.533567226667712 0.477702053570181 0.482561403691153 0.525807916983815 0.474937337191273 0.48998704138081 0.473544777141759 0.530117239826997 0.517448277339415 0.494373952472267 0.49669189164471 0.507598920426964 0.469958759031595 0.461717168066076 0.472693536365532 0.528681103484856 0.499761612921255 0.464620386372556 0.495815620464679 0.495122299737111 0.506845928391405 0.506600469836041 0.384355792066219 0.462835536341174 0.466201334214181 0.402322625512471 0.441148134197409 0.471053884612952 0.531444736216586 0.507139779025087 0.461314713243439 0.469393995305263 0.590135614294694 0.519556384940395 0.526946025328463 0.545731181210216 0.49482819931512 0.538596855273239 0.530810103904984 0.525119686213161 0.462103787174375 0.614626811788031 0.497729893763174 0.508259159382089 0.531153948222162 0.495782058850855 0.470782809151866 0.527170083401987 0.443784971803722 0.395543604048171 0.498719724547473 0.506823349434817 0.44585696907129 0.465903547453228 0.547026088907891 0.479234574387256 0.54148553868047 0.460328307018019 0.468635278345355 0.479602746936388 0.506969973472045 0.531444111837882 0.51483833066299 0.469536998955468 0.561915803722048 0.541040433729985 0.553097394557811 0.531280542413987 0.461088029997835 0.529464272842555 0.487385369769465 0.495088605529802 0.482485675342505 0.489901651590422 0.518296921976483 0.438445533216148 0.408999121520261 0.427128329202522 0 0.439858917100451 0.460364418402777 0.350050472961857
"visnupurana_amsa-5_u" 0.532976996885043 0.431898824729955 0.501539275709746 0.444647337498696 0.474566049099289 0.502698035691102 0.402498696290594 0.437600544239744 0.352895081053524 0.431487507450401 0.548079655706233 0.393071380576942 0.466798320824465 0.390657081004633 0.373672999348271 0.527288032631818 0.395750203088048 0.421187969124425 0.42988309485418 0.347950787636716 0.409870834852535 0.348202017713922 0.427325303661786 0.485544791383986 0.407685415152114 0.514210325012136 0.366522815004306 0.369050032743978 0.490555175769469 0.520638102712977 0.385321124672135 0.357856808495813 0.561904904261521 0.396622840167354 0.478450167032356 0.468487748747592 0.482262668168639 0.33115868241789 0.474284512055229 0.384041245476649 0.349973450843029 0.37256574528186 0.404925924725257 0.433392361641217 0.395306819347237 0.413262571071799 0.404253080795301 0.422448473758131 0.376427713034601 0.413377033246005 0.456401365177922 0.407698821234765 0.422049396139461 0.515789832373116 0.539161624477215 0.364932658627964 0.428238221553097 0.459080116093008 0.499255480390685 0.496564522297557 0.340979075432475 0.330746871856969 0.307285299414107 0.295895031163379 0.424866184492997 0.435680750451926 0.455338894590741 0.484314526079993 0.296195352814386 0.331750412555537 0.614262456652041 0.418311689686939 0.426228478874274 0.410588238562548 0.427140192573763 0.4325103278977 0.424404057871393 0.395071822840057 0.358012548331803 0.56087192108322 0.53456654381274 0.399360559475231 0.440049598525896 0.309945088853815 0.408831830639573 0.350880477399641 0.394305511288393 0.411417112879886 0.485293538606922 0.473330838159267 0.403071658600145 0.406205922327828 0.522620105865248 0.403596182152327 0.509460459643596 0.388239442343074 0.375675338998873 0.332866083993439 0.523111281327982 0.522403890387374 0.538549876548812 0.47796119581797 0.601191575141727 0.5591212409099 0.56795092774289 0.545946887627462 0.473569445392558 0.538945173239495 0.480486570367671 0.331146260565329 0.49245457157915 0.438490217484957 0.407278678516217 0.279904824489886 0.415454329348605 0.463309913734574 0.439858917100451 0 0.299686071045173 0.247847935682457
"visnupurana_amsa-6_u" 0.493327077914508 0.467363041126149 0.472204085640563 0.482257616161147 0.482398240266835 0.503030130243015 0.437260000556776 0.473625428289929 0.428038902320753 0.470177546007474 0.518547061694885 0.452852145518443 0.458706707878704 0.371673174367757 0.349723202986431 0.500195258294682 0.395125713234538 0.415598214361283 0.41593811030749 0.3343977761018 0.412737913408525 0.347695243155459 0.421033302179349 0.452186869513722 0.33793433693882 0.477567994743434 0.40042795589927 0.423407738995204 0.477763218577629 0.514418179094588 0.418254080699586 0.363519782640926 0.520079429528498 0.390220618753047 0.417395612090373 0.424048350443797 0.429713652654271 0.386057590425685 0.480986575229938 0.420599647207967 0.388232245279984 0.420286132924175 0.409468146727421 0.458352835128912 0.42696865998166 0.445390905298735 0.447006839737232 0.459701155025241 0.389440800432011 0.42808542095925 0.407499785214744 0.386237896745733 0.381216155113406 0.455891089645781 0.48068472344177 0.376479782156288 0.441401206948146 0.478744549823518 0.513192391985552 0.490280594820077 0.334390064245774 0.368934944792454 0.344822409515919 0.310507855828808 0.40673902542403 0.377190084100479 0.457777086760785 0.507172681986737 0.363033587286902 0.369306339360113 0.596190559588109 0.452693422079864 0.459107155333827 0.470774262035121 0.469957923980565 0.469340116321023 0.465663451837822 0.439476752702274 0.358251766268864 0.528827734252188 0.478480806552457 0.406430668582039 0.424343365402495 0.3599721850433 0.380873357362359 0.414680963976689 0.368544137000861 0.378600220280523 0.416541482321789 0.465280199891226 0.413520793202376 0.363460081249838 0.466740458143066 0.42726101640386 0.432867855972779 0.425121574600344 0.3604947270547 0.37741796738751 0.489903131619112 0.506637751491573 0.486666812513131 0.473744249500994 0.586093546460272 0.530907876004964 0.539279611939077 0.503878491722199 0.478750380030467 0.479880226942559 0.459857738670791 0.347651031013228 0.460367011826914 0.370061914128494 0.430793971798435 0.285629977691076 0.345351168048974 0.389043771264699 0.460364418402777 0.299686071045173 0 0.241245049451087
"visnupurana_u" 0.437685348715587 0.430631181689174 0.476380213619417 0.452637009570249 0.450012874458445 0.455159978640046 0.398871885226136 0.44045818860071 0.395681538397022 0.396282708750501 0.530900785223766 0.412120646641813 0.443391224793321 0.354484978935035 0.247496169113695 0.435286617881471 0.302142959836524 0.355092151244977 0.334141285808646 0.243423258562763 0.381820608008325 0.271407274439813 0.383608712657804 0.382010207340981 0.272959378199668 0.411982386881106 0.332582829895307 0.39851639907891 0.456810717629401 0.471116531178106 0.342340220242322 0.303659744224313 0.523562809329118 0.337387802841124 0.397270332571572 0.366229498657237 0.36338922685009 0.30575793934928 0.45168975618368 0.351848523041288 0.312172193634099 0.365243874708917 0.349149062915749 0.391986953280017 0.334533853511337 0.390048672863759 0.399160359423974 0.404118973119964 0.330520464558829 0.355453289396818 0.394603779790188 0.318111185173156 0.315889510005828 0.398855479098486 0.424340366306494 0.319215846711834 0.390989361826107 0.442347250082426 0.463789944832845 0.434585963788406 0.218040906675669 0.316599345843894 0.306071888836261 0.203146335797829 0.306859193669333 0.356710902350654 0.417551843568568 0.416480877378198 0.311435317933483 0.315469045653194 0.599818243974108 0.396939836800975 0.412874323763337 0.4459692593617 0.406419978089603 0.430030664494189 0.403168536072122 0.411267357061219 0.31012459481999 0.522876069079045 0.44253944405992 0.353296645213563 0.378708272061859 0.345688755714205 0.326996683455617 0.398272320151077 0.265270944226742 0.292342093042157 0.394802095376512 0.432675065255725 0.367659039288195 0.290527676604644 0.45063138998291 0.374777362014487 0.419468527389351 0.343741367779769 0.297934769481615 0.32857639369008 0.424015902827147 0.44831301362813 0.441404162709547 0.394337583881799 0.51693690686388 0.473330361081586 0.488804870279562 0.442199041119502 0.405815064474352 0.445008910706245 0.400408730141787 0.306360444971484 0.393988358801528 0.319792330244889 0.38881837696131 0.186921443761 0.257267449326565 0.305840525533453 0.350050472961857 0.247847935682457 0.241245049451087 0
