"agnipurana_u" "bhagavatapurana_skandha-01_u" "bhagavatapurana_skandha-02_u" "bhagavatapurana_skandha-03_u" "bhagavatapurana_skandha-04_u" "bhagavatapurana_skandha-05_u" "bhagavatapurana_skandha-06_u" "bhagavatapurana_skandha-07_u" "bhagavatapurana_skandha-08_u" "bhagavatapurana_skandha-09_u" "bhagavatapurana_skandha-10_adhyaya-29-33_w_commentary" "bhagavatapurana_skandha-10_u" "bhagavatapurana_skandha-11_u" "bhagavatapurana_skandha-12_u" "bhavisyapurana" "brahmandapurana_khanda-1_u" "brahmandapurana_khanda-2_u" "brahmandapurana_khanda-3_u" "brahmandapurana" "brahmapurana_pu" "devibhagavatapurana_devigita_adhyaya-31-40" "devibhagavatapurana" "devipurana" "garudapurana_khanda-1_u" "garudapurana_khanda-2_u" "garudapurana_khanda-3_u" "harivamsa_appendix-29-30_mathura" "harivamsa_appendix-31" "harivamsa_appendix-41" "harivamsa_appendix-42_pradurbhava" "harivamsa" "kalikapurana" "karatoyamahatmya_pu" "kirfel_ppl_textgruppe_I_col1" "kirfel_ppl_textgruppe_Ia_col1" "kirfel_ppl_textgruppe_II_col1" "kirfel_ppl_textgruppe_IIA_col1" "kirfel_ppl_textgruppe_IIB_col1" "kirfel_ppl_textgruppe_III_col1" "kirfel_ppl_ungrouped_col1" "kurmapurana_khanda-1_u" "kurmapurana_khanda-2_u" "lingapurana_khanda-1_u" "lingapurana_khanda-2_u" "mahabharata_01-adiparvan" "mahabharata_02-appendix-21_sisupala" "mahabharata_02-sabhaparvan" "mahabharata_03-aranyakaparvan" "mahabharata_04-virataparvan" "mahabharata_05-udyogaparvan" "mahabharata_06-bhismaparvan" "mahabharata_07-appendix-08_sodasarajika" "mahabharata_07-dronaparvan" "mahabharata_08-karnaparvan" "mahabharata_09-salyaparvan" "mahabharata_10-sauptikaparvan" "mahabharata_11-striparvan" "mahabharata_12-appendix-29_moksadharma" "mahabharata_12-santiparvan" "mahabharata_13-anusasanaparvan" "mahabharata_13-appendix-15_umamahesvara" "mahabharata_14-appendix-04_vaisnavadharma" "mahabharata_14-asvamedhikaparvan" "mahabharata_15-asramavasikaparvan" "mahabharata_16-mausalaparvan" "mahabharata_17-mahaprasthanikaparvan" "mahabharata_18-svargarohanaparvan" "markandeyapurana_adhyaya-1-80_u" "markandeyapurana_adhyaya-81-93_devimahatmya_u" "markandeyapurana_adhyaya-94-141_u" "markandeyapurana" "matsyapurana_pu" "naradapurana_khanda-1_u" "naradapurana_khanda-2_u" "nilamatapurana_au" "nrsimhapurana_pu" "padmapurana_a" "pranavakalpa" "ramayana_01-balakanda" "ramayana_02-ayodhyakanda_a" "ramayana_03-aranyakanda_a" "ramayana_04-kiskindhakanda" "ramayana_05-sundarakanda" "ramayana_06-yuddhakanda" "ramayana_07-uttarakanda" "saurapurana" "sivadharmasastra" "sivadharmottara" "sivapurana_dharmasamhita" "sivapurana_karvanamahatmya_au" "sivapurana_rudrasamhita" "sivapurana_sanatkumarasamhita" "sivapurana_satarudrasamhita_au" "sivapurana_umasamhita" "sivapurana_vayaviyasamhita_au" "sivapurana_vidyesvarasamhita_au" "skandamahapurana_himavatkhanda" "skandamahapurana_kasikhanda" "skandamahapurana_revakhanda" "skandamahapurana_sutasamhita_khanda-4" "skandapurana_adhyaya-1-31_pu" "skandapurana_pasupata_adhyaya174-183_u" "skandapurana" "vamanapurana_saromahatmya_u" "vamanapurana_u" "vayupurana_01_frame-and-cosmogony_iast" "vayupurana_02_pashupata-yoga_iast" "vayupurana_03_kalpas-and-shiva-lineages_iast" "vayupurana_04_bhuvana-vinyasa_iast" "vayupurana_05_jyotis-and-purvardha-close_iast" "vayupurana_06_prthu-and-prajapati-lineages_iast" "vayupurana_07_shraddha-kalpa_iast" "vayupurana_08_manu-candra-vishnu-vamsha_iast" "vayupurana_09_upasamhara_iast" "vayupurana_10_gaya-mahatmya_iast" "vayupurana_revakhanda" "vayupurana" "visnudharma_pu" "visnudharmottarapurana_khanda-3_adhyaya-343-353_pu" "visnupurana_amsa-1_u" "visnupurana_amsa-2_u" "visnupurana_amsa-3_u" "visnupurana_amsa-4_u" "visnupurana_amsa-5_u" "visnupurana_amsa-6_u" "visnupurana_u"
"agnipurana_u" 0 0.427538596809064 0.456067976780483 0.422044070670225 0.408410340009124 0.453164496378871 0.402897883727485 0.41012954829446 0.404236532846289 0.4099797212592 0.477349925066597 0.400636549663147 0.427481034156169 0.420544024973485 0.305985153340747 0.44270024377634 0.369079024757358 0.349251568338895 0.327274676210393 0.363352489221395 0.409595709130686 0.357315611940264 0.305405188537628 0.247000036540512 0.33734920490655 0.408797207909413 0.400449991721531 0.441057024640585 0.461098654411279 0.447250657117257 0.393816892906643 0.313081377514377 0.561032016125717 0.506459609873218 0.583158935345336 0.532005044678231 0.570970032554412 0.54462950077222 0.637723256900594 0.527099910058755 0.39489320676907 0.377687421604968 0.341154848010495 0.322273258520847 0.414212930531045 0.461361217202641 0.439023810615518 0.405318279008006 0.44526714350608 0.425866771917202 0.451790357461672 0.475945591856077 0.442473025946834 0.442244784026258 0.440106763866681 0.440913564430742 0.461954909734252 0.496381321777375 0.401019226204989 0.401531559642991 0.426512856393973 0.411001958610475 0.427670828402131 0.481419771992454 0.492160558759848 0.592522174703821 0.531607209501125 0.364282768655205 0.466414430886103 0.432749159998675 0.366926962530259 0.290566045364916 0.249922742302089 0.366976992670918 0.403115624549703 0.376828114281019 0.379869323750489 0.417673377812997 0.443550178078766 0.430205788844049 0.433200925187078 0.434366105537856 0.437837413659596 0.440741607139483 0.42975996573113 0.35721660208216 0.403881325613452 0.375485192616757 0.452436905708545 0.479836933218114 0.404513050491913 0.474309508775895 0.466093650993869 0.35634268367219 0.345834538586242 0.373346301068169 0.388078057746932 0.321543086008438 0.370205637932361 0.423850847174034 0.409732674616331 0.490039409710111 0.372544605110098 0.444064632985974 0.34396430513037 0.530754047544322 0.513359604278008 0.458985042114963 0.501751411604436 0.532932433507089 0.510568060931932 0.48959814945786 0.524593606695477 0.476275206184811 0.439778309776783 0.375021873939004 0.347900052249422 0.385791832770522 0.467822628596412 0.438066319698253 0.501073351333345 0.412648240315904 0.44543103001575 0.496681173692778 0.561228007606519 0.379353078128616
"bhagavatapurana_skandha-01_u" 0.427538596809064 0 0.338587716848873 0.304061407032528 0.291363932625128 0.380715347471349 0.298573068693391 0.307418582037885 0.315889607143548 0.325217613645616 0.422085960264741 0.27488015636885 0.317768580380132 0.34088184245499 0.391628086911695 0.454596058167686 0.357457720721492 0.422610368400752 0.374599750478348 0.369646081824424 0.446637057609114 0.391149318655223 0.42266892866255 0.416029113822751 0.418606241194403 0.460340385779493 0.37966304981942 0.410393239097137 0.44661742723004 0.431897738488007 0.346191474372546 0.397904970463689 0.591891836966261 0.471510365840512 0.561590010804231 0.509501915963329 0.543216413235934 0.53282079246923 0.603686046357829 0.49193970834651 0.391720312204182 0.405972603751457 0.40597014906689 0.438736761989902 0.351066612327506 0.42870373000192 0.37398709281224 0.343625762876999 0.394890977788316 0.363580627320098 0.412738156713689 0.435822558482157 0.406702411322988 0.412766596579668 0.401246671022666 0.396194775592834 0.410813987578514 0.466181516914465 0.3474369745556 0.357780323810426 0.432041696937567 0.43400165470253 0.368610009254533 0.412839749121395 0.447866919021902 0.550347361443825 0.48438990848854 0.364958836236896 0.47667200637072 0.387282711230161 0.358530022330938 0.364073716583491 0.390836433880151 0.400323779424602 0.450520854827088 0.373645709561619 0.404782674103539 0.440620956309831 0.412100817800678 0.390163544222497 0.413126183485799 0.412532017860933 0.420710516388799 0.426909361463596 0.394037846842119 0.393151840880527 0.476992051416351 0.446860505174819 0.471914591189734 0.489419378480909 0.424484456178524 0.49616104989361 0.45021588432711 0.393706843104958 0.419560179841553 0.468665789537048 0.400798548515151 0.380147538360051 0.408258599817356 0.460084560638389 0.405061197548182 0.491297476703186 0.354662690032157 0.454882964251259 0.372867912127395 0.509316841093249 0.542441397693618 0.453534023054527 0.526490852467795 0.533139386511728 0.513247920968456 0.508992521428374 0.519727205770916 0.470888980885062 0.496295327758345 0.421271702286911 0.39264697308465 0.37418650727191 0.484273948237125 0.423708253286311 0.510302730076533 0.448954939261155 0.443157206700679 0.493692443937935 0.534299011354379 0.387353806638814
"bhagavatapurana_skandha-02_u" 0.456067976780483 0.338587716848873 0 0.322323557989764 0.336005809572462 0.391701354825927 0.343941670391086 0.344792220836416 0.353925793504806 0.3776155486156 0.460191784266537 0.361522934756727 0.348462695765164 0.37413707671696 0.437623625550581 0.484231841574883 0.409812720469722 0.456815701284611 0.417670155505223 0.422765015148473 0.460893435416469 0.439109255400163 0.454701640190639 0.446787518971243 0.454316385357766 0.481688332318745 0.44025360004341 0.445631206038514 0.464334208106375 0.473052446124845 0.420635071812364 0.427869706532106 0.596868052612331 0.503273443639572 0.56972343455849 0.526759328900979 0.53940094508747 0.533410700832882 0.607512402777652 0.516583856929225 0.41157476618067 0.426654883902881 0.435974000238502 0.460347606059202 0.426231928149676 0.484525172259728 0.448061561028793 0.420664628837298 0.46132484867669 0.439544797558207 0.471904321202762 0.486532852865143 0.465855088154081 0.471671228285812 0.465322636654938 0.458375185974135 0.467697966859086 0.484248488648692 0.406272019270446 0.422576001583345 0.466515193820022 0.468409184563847 0.431374735045784 0.479082894371592 0.502679878742832 0.582506920153361 0.525033777919759 0.412713749894801 0.504986960579732 0.43119570214756 0.408113845208939 0.413927506296224 0.423400314849037 0.440762342880051 0.483474094351179 0.415645562373804 0.447853763713502 0.447889413250835 0.460589758843653 0.453638008023427 0.458839943760728 0.452392292174346 0.465437350148376 0.470586340924804 0.445779134162427 0.427551347769546 0.491600827646072 0.471837452848021 0.501877741767042 0.516610169377585 0.46443130855571 0.513491957427934 0.477501325927076 0.428297694975185 0.435857809352257 0.486681456863427 0.437497577074433 0.410430126017369 0.446185189687672 0.468647934116846 0.442802746996218 0.493452640561631 0.409758120311732 0.47854565868989 0.421877449347294 0.518893361805899 0.539528636358226 0.471099735269008 0.551847909842188 0.557360697355572 0.53631102456521 0.525855244487583 0.549227968857897 0.490801400510692 0.519938486964274 0.454786093851842 0.433692835581615 0.405453397168113 0.502900215272777 0.44169038335742 0.518642010606164 0.474569759309423 0.474251376032829 0.517037805168437 0.553266487709915 0.423388753134214
"bhagavatapurana_skandha-03_u" 0.422044070670225 0.304061407032528 0.322323557989764 0 0.229773774914993 0.337694546708634 0.309539611959097 0.320516264233688 0.319418751069421 0.344673017944245 0.387495746640574 0.265469401239796 0.267720428393869 0.315641455350984 0.407499426978057 0.464561080129514 0.380512901154136 0.426166076982561 0.383917074330145 0.349258477994703 0.444274317558568 0.409089473249442 0.423941688182955 0.423277034744265 0.426461838548229 0.463868600940856 0.366744302329512 0.397677569863776 0.412834022460661 0.415320777972438 0.341465641317662 0.396422653144975 0.583443284813243 0.453536660476861 0.539059393919347 0.487509787513271 0.519364034385783 0.494831664446228 0.586606026306416 0.474626468867527 0.394153624974445 0.406743705869965 0.405544480800868 0.437135881068748 0.345261428880646 0.429977647462715 0.380381940897876 0.33393091148741 0.390721299671277 0.36360701897313 0.408241583145437 0.43001356517325 0.398295136332254 0.405337615857205 0.394792605836189 0.392230227724338 0.410710104046543 0.429035955372533 0.321651870948152 0.338876552923298 0.403413541631533 0.407566803771227 0.355474529215908 0.421343753566418 0.45236479037808 0.550798210099381 0.490202969102259 0.376175537288061 0.483837629752221 0.406587439867841 0.370607848540435 0.379712763219645 0.397678835219722 0.403628125218509 0.461702476524836 0.350929670478452 0.409788157463521 0.437960578118258 0.394108977052016 0.373983016606195 0.39168858283376 0.391198327746353 0.393664725641893 0.402331768988355 0.375227721759266 0.405318447888426 0.472091375399767 0.439444854606568 0.477459837015814 0.502399115767584 0.431461785612492 0.497090884096333 0.460765483673011 0.394366856348399 0.408317863516225 0.469255879410403 0.411481709719504 0.374930960797138 0.406516234045967 0.464037747945087 0.412137704483695 0.481369974637792 0.362336661457966 0.461562079363165 0.383511282768413 0.519744282242777 0.53556795427051 0.457917279687432 0.543688296326591 0.551703914787494 0.526128802255541 0.523818115987361 0.544550760661029 0.484885539691067 0.5079250412101 0.430053349604159 0.406829874247456 0.337453292488738 0.473893848428916 0.420557638683647 0.506920410458055 0.448664706153762 0.454407546404562 0.497293312861227 0.545928826802567 0.390275183914348
"bhagavatapurana_skandha-04_u" 0.408410340009124 0.291363932625128 0.336005809572462 0.229773774914993 0 0.336603686260464 0.290812066040609 0.30607070327826 0.303110457844976 0.322028957088248 0.390103914040877 0.236491186974566 0.283257641312554 0.310619548998182 0.393834450846436 0.457727629562731 0.36099339645587 0.413469708443325 0.366549820647485 0.33344636128999 0.439249117093122 0.391789951648699 0.409038792334139 0.410710861567661 0.416485861896882 0.461933958191215 0.349599184317501 0.382576028287112 0.409551333314105 0.405051884310844 0.32412991387722 0.384365441452031 0.576373545302835 0.442963934238333 0.53856490291065 0.48143954865921 0.521844614467582 0.500115561065938 0.590418186791905 0.463205150167392 0.378960667285713 0.4031037556524 0.392709157952653 0.429609245479882 0.323810208430167 0.417238821426396 0.36242773933873 0.315491965735124 0.378838608903713 0.348091393924597 0.397554079059759 0.405272627264568 0.388788196877115 0.392506818177421 0.380795040101475 0.380068178251786 0.393742069476356 0.43321095716077 0.312465839260767 0.327291837035646 0.401060785321345 0.40060276640681 0.341796719898631 0.402719873188601 0.442110124744089 0.542160785197294 0.476909056474967 0.362422258836921 0.480545260724233 0.387803162451651 0.354717789810761 0.361159905626324 0.382906808927487 0.389303180092117 0.445695885158239 0.334246014018526 0.398010171039025 0.439168115978646 0.375915195869502 0.352945811326777 0.376804208920566 0.376457000842297 0.379703876986297 0.390029052676036 0.359402466542934 0.391353489721018 0.46825384162021 0.42861344149259 0.471974862460103 0.4956251323542 0.415242443868331 0.496114823354468 0.451430414084139 0.384226458255244 0.404795476262735 0.463560134028229 0.39756014126615 0.365590850352186 0.3852619420971 0.456748187759914 0.402661925715983 0.49426785999984 0.348360077692192 0.449983076420968 0.363340313707664 0.517235841980165 0.537553444374237 0.455916076750289 0.526847143045118 0.544981904361455 0.521305181246437 0.51910285207088 0.53358748231559 0.48097937929957 0.495750617075863 0.413891147178158 0.391048366124816 0.33021125156501 0.461115000704403 0.405006976213192 0.508030901210553 0.443163838302643 0.443120053557489 0.496805665813355 0.54468017447536 0.377608975180535
"bhagavatapurana_skandha-05_u" 0.453164496378871 0.380715347471349 0.391701354825927 0.337694546708634 0.336603686260464 0 0.378412846347624 0.396249167727238 0.379688140456396 0.407914427860757 0.421899568863833 0.353558039023173 0.365653611178548 0.372264324016662 0.444208167569187 0.495942625659335 0.42261117543273 0.444708251060136 0.420435182856292 0.419097640159845 0.482376358152697 0.456858534871804 0.456456050396402 0.453030068283307 0.463274691188801 0.494435938110129 0.429068390130345 0.45867756019149 0.461829220902334 0.460611601788541 0.404961028530281 0.447727401973602 0.59459756846668 0.474223476291078 0.553711841700415 0.495024494910117 0.546387631758228 0.518695568400199 0.588748422839556 0.501958914932965 0.444881988606558 0.453222184394025 0.451090448963333 0.470467366904713 0.412446799513364 0.473330121155022 0.434640284850617 0.402924317824767 0.447903930358591 0.425444163142484 0.461593046559038 0.480827564235606 0.455899572635619 0.459259697812568 0.453244588007875 0.449736171386179 0.45706813948181 0.466880154582989 0.397299300704592 0.40976841436364 0.450958353773947 0.457783417714783 0.42383853882007 0.472097105507745 0.500094796818999 0.582729515178746 0.531635966411916 0.42897393947378 0.517454994161785 0.463287317497139 0.425218529283355 0.409914565811066 0.439971034067043 0.456036002778016 0.491800677562515 0.410057329036022 0.437603794823955 0.447559080881975 0.450113441537319 0.434273799850714 0.441132276171293 0.438346721615296 0.443216954611606 0.452806786933972 0.43703962911381 0.446573500726736 0.500083009785181 0.469716893926232 0.491032587731828 0.542011779697821 0.476509100873627 0.495820801704841 0.506710303612698 0.444919922349292 0.449125745999451 0.500563529851622 0.461028286980401 0.411896630506427 0.442334940734694 0.491257372879752 0.457189290725145 0.531353417759704 0.423584047528623 0.498027311178442 0.426512563587056 0.544291263562612 0.553814484776675 0.50099859464248 0.528974361618218 0.56785986584404 0.547921886108425 0.543882124085578 0.560892226727139 0.508474699467474 0.547455950679207 0.463660540097906 0.438706272633931 0.403227007801074 0.497370090901931 0.475048995252312 0.523071587155575 0.485434276252655 0.444153216986363 0.516211131970589 0.571402890354428 0.42283912518738
"bhagavatapurana_skandha-06_u" 0.402897883727485 0.298573068693391 0.343941670391086 0.309539611959097 0.290812066040609 0.378412846347624 0 0.275876840386166 0.262783269871946 0.300351091808047 0.441821585984807 0.295366497065295 0.310314368040952 0.352585349741505 0.372982948755281 0.435924172676225 0.340050651578511 0.388976605418179 0.344997246641695 0.361928477398798 0.418979374821445 0.367733159951628 0.391772191025904 0.390611252241851 0.398003011203496 0.432700379292416 0.383165066007164 0.409502689426235 0.431339136163238 0.419279834008892 0.363065195677833 0.372590213718772 0.585772256344833 0.461134247703597 0.549780403840246 0.500816157461652 0.533440116487364 0.515763113486977 0.601382324456264 0.482588583225804 0.355181558582481 0.379420035317418 0.369954758324181 0.410079191518839 0.364323769355898 0.434409633539111 0.394856515595735 0.354491268781154 0.413845149280496 0.382195215564615 0.423504974883013 0.44030643637562 0.423668250275263 0.424917386311927 0.412001646775233 0.413827769407095 0.428489804277753 0.460360786085703 0.346933364283628 0.354910434485881 0.426549332566443 0.428729912371843 0.378903601002193 0.431131790481111 0.470409011216844 0.559498888518179 0.495203050836588 0.34024185534311 0.444988487698675 0.386654147243503 0.334802632101493 0.338888060901136 0.366026693000462 0.381887460332512 0.436551536481027 0.360858500587165 0.391528123611056 0.424530675936806 0.412998574279007 0.399824139766443 0.415638741637793 0.41257145537149 0.421918490306978 0.422940504968728 0.393518682488173 0.362603991251803 0.455289788767874 0.435717177557211 0.451274397761133 0.485902161548634 0.390489539085677 0.474327088961444 0.42955391502087 0.36383151452277 0.385464548392352 0.448871985214629 0.388113208667181 0.35208737279436 0.396056253065611 0.426001454224928 0.378504368283312 0.478757455609861 0.337433561391801 0.435100582406048 0.338885861697141 0.494154522198621 0.516125136513641 0.428630826329896 0.514982893336553 0.519264214726289 0.497388684748084 0.49956692826741 0.512823192988157 0.463473975848337 0.480455310143832 0.397799443860684 0.364652481236595 0.367428360640558 0.473586803648901 0.386261394187477 0.492231500348872 0.42244423869327 0.430170688941916 0.477439127838756 0.529517695200801 0.354839549929984
"bhagavatapurana_skandha-07_u" 0.41012954829446 0.307418582037885 0.344792220836416 0.320516264233688 0.30607070327826 0.396249167727238 0.275876840386166 0 0.298983867074344 0.323791774298682 0.433923603847544 0.314397065961753 0.310882931706868 0.36677342085575 0.385280734445623 0.44684707339093 0.357134103463549 0.405355384077638 0.362782359953099 0.378744963494213 0.430842200109634 0.380772679764059 0.402671977832258 0.400736847160661 0.396881247294337 0.43927686749221 0.401624672023126 0.425492905063732 0.45318323977055 0.446215370105835 0.382226543610228 0.380625044450451 0.588452663427975 0.483821918599207 0.56334020339018 0.521796785385428 0.545808463621269 0.524213628279796 0.610994869777736 0.496929597600915 0.376468993132952 0.389923290857931 0.386605282078259 0.417465167329608 0.386842325879349 0.45458242768766 0.411959108570717 0.377900864451056 0.43042745545807 0.401199192591008 0.44877175729814 0.452447424118606 0.44170824056215 0.444461096457593 0.436630211226262 0.429972446073144 0.448221561254653 0.473688633927226 0.35938740472483 0.37997036323925 0.427715043691814 0.434045138688155 0.392231095272062 0.448339661907886 0.480701122114966 0.560953152494791 0.505288587382978 0.35480897756054 0.463338024447929 0.398726823830592 0.352752578741698 0.354324325139716 0.373567047510727 0.386332823656867 0.446290211227882 0.378321833804136 0.397982438386874 0.423792993563278 0.43474882301854 0.417769803030051 0.430560778262814 0.429007010394045 0.441746800472589 0.443200052763827 0.412588743372404 0.374473239213109 0.456294741408723 0.438715629372153 0.455331951269436 0.487732777024359 0.406988188512589 0.480517181677508 0.444640674195412 0.376736554635705 0.395165806740421 0.447724042895146 0.398294050994955 0.356131722321546 0.404472169403717 0.434558169236519 0.395518649738583 0.484961421693306 0.359281302655415 0.43783822953976 0.361075219487134 0.507859961288381 0.524842501232192 0.446754004959184 0.529771865668247 0.528576877352137 0.51047565344977 0.498925536863117 0.51701557520329 0.472705843486515 0.480734178314837 0.408393124958991 0.383836657929348 0.371856053990094 0.480610699319487 0.387960817828017 0.50071832881056 0.423191565004001 0.445350784563351 0.483789084596048 0.531117130808572 0.36588943896411
"bhagavatapurana_skandha-08_u" 0.404236532846289 0.315889607143548 0.353925793504806 0.319418751069421 0.303110457844976 0.379688140456396 0.262783269871946 0.298983867074344 0 0.300475678565405 0.441392204298562 0.283690821305578 0.344785699987147 0.355077512292107 0.370340246823792 0.43917839342362 0.340667195047105 0.385505201164891 0.344155125971359 0.366763398944276 0.429305777739943 0.374838737699172 0.39523303846643 0.391373169463567 0.40906190672989 0.439219462216671 0.380527175339555 0.410520329988931 0.423187074480318 0.40317275306351 0.361781359152392 0.368850989318341 0.586493446651826 0.468961500788087 0.554748913494625 0.500724958443518 0.53964210278404 0.523610748994999 0.597761008740686 0.481395731087121 0.353975133980822 0.393876732851381 0.372714172049128 0.410519630270511 0.375061603511585 0.429509799523404 0.40016102245894 0.36485712111845 0.417701167643097 0.396088454188288 0.424559386488192 0.445046972885225 0.420223668512914 0.422125801270836 0.41380556563901 0.421486274143806 0.438960304097266 0.487172310294153 0.37152687880037 0.374209901716946 0.444057726745528 0.439432459633288 0.394490520671852 0.44316662600281 0.472487652677566 0.566849562933844 0.502383966268185 0.357624181059066 0.442657170485261 0.395719866377393 0.347958837588553 0.333580220351156 0.368885290771344 0.38854684118065 0.429461054362673 0.362708457230431 0.386300679393694 0.427232372292559 0.417562655824132 0.409964085842609 0.416982291626763 0.409692627163568 0.415439958980212 0.411725955045425 0.392621108058304 0.361103374253896 0.452301185566438 0.440114909837085 0.449019460343733 0.492801968938294 0.391527233647183 0.468926290709285 0.42924711950718 0.372098786391506 0.391261590718101 0.454157108618589 0.376301749822536 0.362509017576949 0.39604820570239 0.43910550177827 0.380499180134192 0.495855005869269 0.334042524597575 0.435085037023646 0.334181000319303 0.503814446701184 0.531387756098336 0.433233821343485 0.502217746173375 0.528970443091519 0.501643007482292 0.51063124628767 0.512408765413844 0.465687198052478 0.483206699655786 0.401419810149198 0.36670672733704 0.374589490421615 0.472325247625803 0.390337257214357 0.497811344909247 0.432461890274668 0.42978426324133 0.475029883926727 0.532791455433236 0.360002846107754
"bhagavatapurana_skandha-09_u" 0.4099797212592 0.325217613645616 0.3776155486156 0.344673017944245 0.322028957088248 0.407914427860757 0.300351091808047 0.323791774298682 0.300475678565405 0 0.4530302432404 0.304519239350434 0.372672099628424 0.375702896763676 0.37672703565519 0.44316707682858 0.336246928759989 0.405094660883557 0.354074639643038 0.381953812451577 0.442541097043954 0.377969360259626 0.413293984222717 0.405427216039248 0.416965614796547 0.450574210517892 0.392754479378471 0.417742279488284 0.458074857787997 0.437239212178609 0.364386483440756 0.372922861762908 0.594634420550833 0.446419103996217 0.553000902011336 0.497713035956503 0.544369274196804 0.522145288470147 0.598799137289647 0.471234224039936 0.372141221807342 0.406740881850889 0.39491878137286 0.426569945892076 0.362556217756994 0.433248817968511 0.399656730384993 0.363605094344412 0.411377271202853 0.388277645404386 0.431088320813685 0.437299676928167 0.422599097133856 0.42604734256055 0.410559780094819 0.419762724037888 0.43445432242336 0.495240190493013 0.377444471866042 0.37773778662452 0.45485835763244 0.451896102387948 0.395239477554625 0.431020108502695 0.463040785037251 0.559942176218844 0.502702760015309 0.344285476192918 0.46666255040911 0.37819138648131 0.339361164973223 0.356094392842264 0.385049116254919 0.387672719785588 0.439249633735578 0.371394034354532 0.405345858804678 0.443246265250356 0.395820524831393 0.392023971093672 0.418689472464197 0.410654687133975 0.422023301326416 0.428111388717459 0.392296192615406 0.383340180676408 0.4698881462174 0.4513880319581 0.45894749443614 0.494250732650149 0.408528233906354 0.488858612320227 0.440562217022096 0.378349822339893 0.40652097276525 0.470449305072846 0.402673971896272 0.369456599317181 0.405875447326025 0.45898158873934 0.391019849592791 0.505848573712736 0.358768961861104 0.43663763455875 0.348040487275878 0.51468746628335 0.542365318132779 0.443146510415606 0.524590978869095 0.528737579913451 0.500781067411959 0.50953231305081 0.492156646003081 0.480783416303097 0.485239895639283 0.411337389131544 0.380909613197124 0.406339626313874 0.490417793958894 0.412382065293321 0.504042657303181 0.446460385067755 0.396133309253349 0.495281279535119 0.540064878806135 0.361945337417371
"bhagavatapurana_skandha-10_adhyaya-29-33_w_commentary" 0.477349925066597 0.422085960264741 0.460191784266537 0.387495746640574 0.390103914040877 0.421899568863833 0.441821585984807 0.433923603847544 0.441392204298562 0.4530302432404 0 0.35449348474909 0.397380201002073 0.420382442481359 0.462187380446589 0.518793241859931 0.452015975362146 0.455710971187941 0.440444854192691 0.411751163198836 0.485579432121212 0.455822319967859 0.469779399058968 0.478574004088977 0.463115903081355 0.498368967498795 0.424862070450651 0.459288123877547 0.494792005014618 0.487485912053267 0.403407416767663 0.45351694390031 0.602360394078447 0.499066357064699 0.563008356717916 0.519454897919984 0.564025449570439 0.530997293401323 0.610406129966493 0.516127524262258 0.483423675721683 0.478909679262936 0.473975317403443 0.490045932927175 0.423544656895654 0.483697442526813 0.442067032493581 0.414416533219963 0.447716853245167 0.431712905151632 0.471029470897051 0.492553747852938 0.462069268926052 0.468238658733154 0.457910797553927 0.450875964446592 0.459794914478409 0.478980156031822 0.411589248725787 0.423682461623807 0.440262000332867 0.454254002772344 0.433034514199315 0.473966446463041 0.492633488681049 0.586238642480177 0.528780112367856 0.439057112610028 0.516946142663275 0.463051595701735 0.435878638455763 0.439111958031631 0.458900777229395 0.461162041986221 0.494861019741136 0.419782065765448 0.464681186319317 0.473875040154738 0.465444046728761 0.432819084644543 0.449037647881181 0.446117109785445 0.442776243228818 0.468003745785955 0.443623774609212 0.463088549667021 0.525457601536126 0.49099706119302 0.529795104749056 0.525858848373216 0.478649056578069 0.543356657582253 0.518163964237564 0.456773858085215 0.473477215771765 0.510412651533629 0.482490427190872 0.417466509655408 0.452336748246848 0.499612754519713 0.47647445281103 0.539332577369347 0.431732704229916 0.501839999399071 0.452196208596555 0.575602384501655 0.571740081194221 0.530073547626567 0.567188726001175 0.581292827114765 0.56903564593307 0.556749324256513 0.579802209129765 0.518080508971504 0.54834550778097 0.47193257178373 0.472073944178191 0.407936350989898 0.510952135077766 0.488367225895446 0.542939046341447 0.495288119212362 0.4971915170874 0.52174437189245 0.574644560262605 0.455280368905799
"bhagavatapurana_skandha-10_u" 0.400636549663147 0.27488015636885 0.361522934756727 0.265469401239796 0.236491186974566 0.353558039023173 0.295366497065295 0.314397065961753 0.283690821305578 0.304519239350434 0.35449348474909 0 0.284067819960611 0.30985114609583 0.381207682791889 0.467390275279753 0.344365848573076 0.399050814960817 0.352219985608276 0.320840533414512 0.445284010706993 0.37756598088899 0.406334184806577 0.403567813620908 0.414465054709584 0.454816268247167 0.330568270976236 0.362549033690015 0.418538200917472 0.394068061721896 0.279690425150404 0.380457951857401 0.582502872719045 0.446179539963533 0.550601442995194 0.487342229488539 0.53437910054931 0.51538245240626 0.59340502914456 0.469491299147872 0.385776782172956 0.410141501300005 0.392417054924417 0.430174354140185 0.310892379546274 0.388224864987478 0.338629551518723 0.299802936015929 0.359339656282099 0.334053902974822 0.376010604994513 0.408415995896289 0.363800586591461 0.369629199238291 0.357113941059753 0.367261956568953 0.381994797675343 0.456045336721259 0.321968801395371 0.329276867319144 0.410248953491149 0.408923923068998 0.342016272911469 0.392648662750513 0.413552720968512 0.5401269405938 0.475450312944874 0.358874575753229 0.464281677109321 0.385726021079765 0.347855524666612 0.347985959898288 0.378692250013374 0.392662882282821 0.435924456399591 0.321921018382035 0.387232321504022 0.450810888018145 0.367584358856821 0.341932785657182 0.365470058027508 0.361470239593309 0.360541775931363 0.366307624461816 0.346967994511668 0.38509152539886 0.472208705100329 0.433727552628829 0.471717878475557 0.49105377574276 0.408065443898516 0.500361943998886 0.445321508836201 0.381191042308277 0.413033064896543 0.473995284232615 0.395449349743475 0.360375100968695 0.382439161158214 0.468485589836405 0.404356796893237 0.510046706426793 0.333760232394606 0.457123886239768 0.349256912240856 0.532703684672538 0.553765121497813 0.460070927737065 0.524759055440418 0.548981204717025 0.522789214967479 0.524492190334375 0.525663011826609 0.476479455271406 0.499529617102342 0.407612972823049 0.389079073412551 0.337777453759383 0.463779658267282 0.418966165372038 0.509308753778941 0.446241801061058 0.436157721667992 0.470386836241795 0.541337578527496 0.371872028481028
"bhagavatapurana_skandha-11_u" 0.427481034156169 0.317768580380132 0.348462695765164 0.267720428393869 0.283257641312554 0.365653611178548 0.310314368040952 0.310882931706868 0.344785699987147 0.372672099628424 0.397380201002073 0.284067819960611 0 0.323530214850748 0.411238653928974 0.466431147782923 0.391368932203782 0.432873815370053 0.395443879814499 0.352304073949215 0.437930623627803 0.406055082848659 0.420742547514956 0.424173063241398 0.411003632040345 0.457344076105341 0.38267514485851 0.397843767169637 0.423463468560044 0.432063353093621 0.357043781658421 0.409389858378246 0.580507408208792 0.463229921831062 0.5490477938617 0.50345001150118 0.522538531998425 0.501064678309739 0.589239267055571 0.488822023043226 0.401708120420202 0.396705017451155 0.408483066341596 0.440501755247731 0.358438077142885 0.443265534480788 0.383357483158639 0.345392414652117 0.3976856079189 0.361706532665391 0.416219603777469 0.439737209459162 0.412059346774311 0.418066749112761 0.41249959462113 0.40779669649901 0.416719872997778 0.425567028883307 0.311442363442484 0.341469179549977 0.386581314072489 0.399285150712927 0.354341322513061 0.422298692305057 0.463321026391412 0.554886877402578 0.493615344973504 0.382542676355224 0.488142592045723 0.414620404993033 0.38031896923563 0.38287974404184 0.398010954873953 0.409944913798742 0.4637554269853 0.35953983980196 0.422708933023398 0.443392808411533 0.41941546799031 0.38977592430663 0.410682837035154 0.406176599550663 0.410446832987631 0.421053253579901 0.396830782455045 0.403439877620709 0.473391381450945 0.431253671082985 0.492794826488906 0.501225820323767 0.440394388501996 0.507419232003675 0.467987752506755 0.39886895305318 0.418864481057093 0.465998980650913 0.423092830591486 0.384252356769318 0.405024877676913 0.441395573270228 0.420266571423133 0.473711749865062 0.378403365567162 0.46839706509556 0.401001675522456 0.523802192466637 0.529230526947876 0.464263355412719 0.545422315355615 0.544740961753004 0.532348047336013 0.515087739637 0.546989535931239 0.483921585919136 0.511320747422772 0.42508143316985 0.408301028182259 0.33243815462634 0.475869572879169 0.429921127120993 0.507910748681232 0.443136727718393 0.473560200134758 0.501862358179369 0.536072818393328 0.400127299380723
"bhagavatapurana_skandha-12_u" 0.420544024973485 0.34088184245499 0.37413707671696 0.315641455350984 0.310619548998182 0.372264324016662 0.352585349741505 0.36677342085575 0.355077512292107 0.375702896763676 0.420382442481359 0.30985114609583 0.323530214850748 0 0.403726948364954 0.449849666142532 0.386378275483252 0.428233478487617 0.386413627200761 0.355804866468674 0.453214927638101 0.41519371492208 0.431328672155023 0.417378764384457 0.431004045238053 0.465558730885745 0.389615896993966 0.407871605148105 0.420308682064191 0.426809821421906 0.357837431882072 0.402873276556049 0.572635062642614 0.452464809669768 0.535042901763191 0.48965413976591 0.515433988779541 0.496775230266639 0.573692264051725 0.479558492335232 0.391823761500563 0.409495386615555 0.401551821519319 0.437635282481919 0.360120524584616 0.433655117055244 0.392704420007413 0.353541405962681 0.409142743748745 0.379403006325059 0.422793978360404 0.430244782226006 0.418599441285542 0.421589040631446 0.416075777955139 0.415911946987754 0.423255641395735 0.445098311476978 0.344421053275359 0.354450650481801 0.41894368736768 0.407378165644327 0.377562184155923 0.42984641461902 0.458011868044255 0.557076100838785 0.493873623929638 0.387944671153381 0.489346658765244 0.410388637726795 0.380432173499224 0.370610719647776 0.392976507077206 0.425050904120833 0.455826162754586 0.356690845930744 0.418915537638086 0.450384413098648 0.406580688029939 0.39563812381531 0.415354109886298 0.412025729535021 0.419188729481141 0.425187969205587 0.391446861065602 0.400514536599537 0.48030011379081 0.44697646549505 0.490193444845522 0.505887848915539 0.447311249677451 0.498508805943529 0.459578453203138 0.393925882304189 0.420533939171602 0.46828087964526 0.413783729660617 0.397608490506206 0.391165878968837 0.459230321345861 0.417717988417414 0.49627652107725 0.382423416115862 0.46034752740139 0.394599903240805 0.514095417384918 0.541441195370424 0.449720895633913 0.529682481742706 0.528841437511169 0.522308659296735 0.511389150322914 0.51854020080194 0.474934491035337 0.516297342447085 0.424995585039097 0.39477604559506 0.351846512563128 0.458596176420005 0.424355586544634 0.490202896179346 0.443486633646133 0.43949532298421 0.494914374147689 0.532205008649816 0.381483484147084
"bhavisyapurana" 0.305985153340747 0.391628086911695 0.437623625550581 0.407499426978057 0.393834450846436 0.444208167569187 0.372982948755281 0.385280734445623 0.370340246823792 0.37672703565519 0.462187380446589 0.381207682791889 0.411238653928974 0.403726948364954 0 0.386594117524299 0.278488830719091 0.326781907032439 0.269206691189114 0.298614388250765 0.37167428638954 0.220042806272359 0.279350775561702 0.287411834686216 0.290069119234065 0.348344506366865 0.348649173343342 0.39841425113656 0.432536031264554 0.423887424237769 0.341241530838489 0.262367208204916 0.5571865005034 0.46301035301098 0.559599106226838 0.497906021331929 0.545985362320183 0.520636195375969 0.602096295361076 0.489053864651864 0.343020416389833 0.337279471338638 0.279704264753554 0.296315977989749 0.351221128304743 0.421918854091252 0.385007485947919 0.343286005009185 0.403711059756498 0.372661446416904 0.422649940168684 0.436302947475487 0.419352887966815 0.418198649563994 0.399539747795064 0.406945101789374 0.424133318412671 0.462820260638123 0.341924433065494 0.334438788204225 0.389448384440352 0.375945386229684 0.365787903912047 0.426048140313237 0.465586702062401 0.551649308965945 0.491289617776191 0.305620772230512 0.42688781134354 0.355913058283386 0.295082523581989 0.252476213202733 0.247025231920083 0.280699142703078 0.339948270338847 0.306888136588204 0.320033893046027 0.413890359841699 0.391352888584272 0.380762513660543 0.400125841045426 0.399361428936818 0.409661877800162 0.418495913652845 0.373182043570818 0.269403251614776 0.392697654071903 0.384791031146201 0.38110626764502 0.427078256360096 0.291293286691183 0.406379617550147 0.401354314058108 0.273519939104535 0.287743708814904 0.329047920211206 0.341882875715501 0.287772294927779 0.309085607393797 0.372437945597388 0.336400064722956 0.468238071812474 0.305217868905204 0.373319412003116 0.288468255097243 0.495879882578356 0.489963923961341 0.413399470793427 0.480616050052409 0.496918558827686 0.48717655507506 0.454020439063541 0.48333111561811 0.445757238463606 0.414855229387143 0.287946811294364 0.298193214736438 0.334981465136848 0.438115749580936 0.379686166407539 0.4572029606795 0.366201721889954 0.408645986502188 0.46121521201949 0.519745495698383 0.318714552622274
"brahmandapurana_khanda-1_u" 0.44270024377634 0.454596058167686 0.484231841574883 0.464561080129514 0.457727629562731 0.495942625659335 0.435924172676225 0.44684707339093 0.43917839342362 0.44316707682858 0.518793241859931 0.467390275279753 0.466431147782923 0.449849666142532 0.386594117524299 0 0.360733976706338 0.407127983678937 0.336349845783012 0.425737380275959 0.445061301015036 0.40694931734024 0.419144072766239 0.403816560659539 0.41764316898462 0.435387048289254 0.450056240975512 0.481734484942135 0.457446855074026 0.461267039950948 0.42859829286132 0.408864980419152 0.601348629769237 0.475364570840221 0.542605118163352 0.528264427476596 0.532951938372144 0.491849411664628 0.598371841815216 0.50926980421583 0.414889666232376 0.4267301898618 0.358711266695722 0.408229552738643 0.425592540167793 0.487844258900127 0.452178498603859 0.42714415853664 0.471058063265085 0.44572023989887 0.480558137308757 0.47707175778864 0.484202221859549 0.485760410121145 0.467154538949109 0.468188722081278 0.490978961508763 0.503355078968228 0.417187368769182 0.412245783635916 0.46053891473382 0.456497445164989 0.433918894430137 0.478929574082289 0.514959609559937 0.5928402625919 0.52847230498384 0.38885873386361 0.476732525325873 0.430712100642754 0.385623371679296 0.35517493046728 0.398563608452396 0.438450903890806 0.448832991784272 0.441504871332506 0.457257194369417 0.46430533742671 0.461165800715546 0.46897606097662 0.492060591469763 0.470377792341517 0.493368080540897 0.492207656242108 0.454206573986463 0.3889294643498 0.484595695530661 0.476529836132402 0.480222429806516 0.506587932691078 0.427995442221067 0.473003754520305 0.47235706817524 0.375402112119025 0.401248656957654 0.451402638392424 0.433609442266744 0.425613177346576 0.414775640233793 0.440695558027904 0.398938394955131 0.48806020150718 0.395004286210483 0.442019938974961 0.419316581008522 0.447096690569564 0.492891787621676 0.408609076693163 0.493618854112597 0.427214921292316 0.439987349664185 0.466216587246106 0.458860494101754 0.457532414139717 0.49890736858371 0.415198772759332 0.332522458656597 0.44733399013699 0.507399857545382 0.430235138912741 0.465459795374439 0.435584363799235 0.467570934282779 0.500372227268904 0.529536141823122 0.390865319685556
"brahmandapurana_khanda-2_u" 0.369079024757358 0.357457720721492 0.409812720469722 0.380512901154136 0.36099339645587 0.42261117543273 0.340050651578511 0.357134103463549 0.340667195047105 0.336246928759989 0.452015975362146 0.344365848573076 0.391368932203782 0.386378275483252 0.278488830719091 0.360733976706338 0 0.312795109716681 0.187330007471441 0.322656985974773 0.386967575488232 0.279642894564433 0.337507180736476 0.333528488034278 0.347932951034581 0.384454696633205 0.352499425729882 0.383346008600909 0.419934634159667 0.399299595334697 0.316986327534029 0.307605925085004 0.576888145842745 0.451382411424895 0.552725297213391 0.490273031459261 0.530920721606903 0.511466041421152 0.595088181275759 0.478354731321785 0.322915479742799 0.348810023842511 0.292451109514483 0.340007764937039 0.325047200889917 0.406481961229303 0.36996486219394 0.319776021955257 0.386287287082582 0.360105246996916 0.396658039643043 0.429290018908827 0.393226952944132 0.394867458461629 0.369902190832173 0.388384121615583 0.41738102683685 0.46657427790583 0.339832381164949 0.34181814905906 0.412077028225862 0.416524258818113 0.357317639582095 0.408091422501302 0.448744763358412 0.551682072139427 0.481869338337066 0.286693111822438 0.411428176492536 0.335410173588421 0.275338427033739 0.277424580973284 0.296548843688372 0.322072478811485 0.386381044587146 0.30807252964489 0.326600181161221 0.406014804104341 0.360294036473142 0.361317240215688 0.379232003794493 0.36921460101123 0.38289492790596 0.383126218801191 0.348244689805439 0.294224042234942 0.420304687886738 0.411201999453648 0.390142919831714 0.456600876658758 0.317071659388637 0.417860943522451 0.396648579559976 0.294464691768463 0.319238182205607 0.39124935208569 0.351038568607859 0.314321960022981 0.337614673612199 0.382693183079774 0.315220981718743 0.464424895668845 0.285027339316765 0.378701965334728 0.28198586922653 0.483589937073721 0.500332798533419 0.40307319873747 0.464981970533814 0.486001053673318 0.463985641351979 0.464995977854767 0.464797811987316 0.423861068678311 0.439902488609532 0.326500978461526 0.289408296893721 0.357554896769143 0.452324460333921 0.361922873019122 0.455989781581477 0.380679632619757 0.383847019773595 0.448739641298221 0.50653387040385 0.302437735806601
"brahmandapurana_khanda-3_u" 0.349251568338895 0.422610368400752 0.456815701284611 0.426166076982561 0.413469708443325 0.444708251060136 0.388976605418179 0.405355384077638 0.385505201164891 0.405094660883557 0.455710971187941 0.399050814960817 0.432873815370053 0.428233478487617 0.326781907032439 0.407127983678937 0.312795109716681 0 0.167548076911928 0.384220322021743 0.387036591663385 0.325617683384132 0.322755140480517 0.337198822411695 0.382772013191603 0.403801161924766 0.392588317083894 0.435103446069792 0.449606008155459 0.401856210016655 0.380206195383082 0.318667215899282 0.572742539325147 0.503875674977734 0.586822632251839 0.527305703705102 0.566168852604351 0.541114285811467 0.62193704153705 0.53027074295321 0.361480708220308 0.394139811565929 0.339238809887543 0.342801857773904 0.41364548683425 0.444765879459445 0.438475772830916 0.400871272492845 0.444572041355848 0.428795842469478 0.437926502581117 0.475256964199741 0.435655444790925 0.439174096752636 0.430210392102278 0.440232485311122 0.461127103589133 0.500392209739405 0.412485659436429 0.413995852114627 0.429642862127645 0.455665024863919 0.432944539944906 0.471893997415229 0.490368593018087 0.595299768719033 0.525354724672107 0.349714608054685 0.402811629019942 0.413147935983841 0.341396540284056 0.287817125798326 0.294191526217101 0.371599867974766 0.416429426350068 0.38445026307729 0.369959805604773 0.407026967914752 0.431304805031233 0.429568637176434 0.42819985113524 0.422291911695435 0.417630170272725 0.425661220723117 0.414258013316627 0.325367037314462 0.429957560071914 0.426302401233281 0.415198770610045 0.482326786436534 0.353829635683566 0.429729043715544 0.433374158846058 0.3280558174196 0.333809686499123 0.400646225757532 0.382452394311761 0.311739439300721 0.376108960762605 0.391156488647421 0.384253993524857 0.483957240452925 0.328903557109753 0.428689437776294 0.323758213039862 0.51345932112944 0.52725532989271 0.444539595021259 0.449139815990186 0.512481522789043 0.481800226032946 0.499284714056617 0.515223791082421 0.438854055573956 0.464974491072002 0.368408915881864 0.329312757481702 0.402789529219674 0.475483557951995 0.409320769942447 0.491362997039097 0.426844948847481 0.419096811489689 0.467688250473861 0.544443374309986 0.3612436676609
"brahmandapurana" 0.327274676210393 0.374599750478348 0.417670155505223 0.383917074330145 0.366549820647485 0.420435182856292 0.344997246641695 0.362782359953099 0.344155125971359 0.354074639643038 0.440444854192691 0.352219985608276 0.395443879814499 0.386413627200761 0.269206691189114 0.336349845783012 0.187330007471441 0.167548076911928 0 0.33025769549333 0.363269626748272 0.27341176035786 0.297230405883724 0.302427874783018 0.341997607214629 0.370502261777181 0.353043947678493 0.397632387823683 0.414503622857388 0.377298256442402 0.324676395224684 0.281767386585247 0.56547428722754 0.465344275462669 0.563079899646657 0.500286626850306 0.540715971373161 0.515430393227473 0.603954139291105 0.495139135587063 0.31407564462289 0.348011935833593 0.279924153841642 0.310642243434885 0.351206639242693 0.410338735744108 0.388650826710083 0.341347408506534 0.403108280693881 0.378348022450263 0.400797730812348 0.437152542778834 0.399414306991286 0.402711551110167 0.383810418358521 0.396039110874118 0.424740824946243 0.47005275554292 0.355443275591462 0.354771275467514 0.403898687522516 0.415542216227375 0.378746756090055 0.427658401579795 0.456404224893264 0.567889940459037 0.49268626108115 0.28981980614407 0.38906939636807 0.356685179327688 0.278712025050604 0.233951298656237 0.258462433803246 0.327547395298752 0.380402585957055 0.328795964281061 0.325064217590653 0.389109219788159 0.383191495998152 0.382172555109876 0.39179469682837 0.381262287019311 0.387126173412398 0.392884874443586 0.367030923223586 0.275747322590379 0.41159145637566 0.402410988811731 0.383234759494872 0.457033466129501 0.313321375215317 0.403142897157719 0.398924744642284 0.273367468589027 0.297947465319994 0.37539883529313 0.344282099140808 0.282589319792984 0.330486485307689 0.368527064782858 0.329971065717329 0.462661461637529 0.277370634521073 0.386680257280448 0.279085413986354 0.476873427185805 0.498066491371951 0.402780408723469 0.436527209203851 0.477590004996806 0.450859640530851 0.462940890642724 0.471405734583798 0.410660215172521 0.436329121680835 0.319053826963206 0.266953121188825 0.363183921908673 0.44973970935225 0.363873828726285 0.454810293919969 0.382504763348482 0.382852612463867 0.442202680150952 0.515269584538288 0.301662637958419
"brahmapurana_pu" 0.363352489221395 0.369646081824424 0.422765015148473 0.349258477994703 0.33344636128999 0.419097640159845 0.361928477398798 0.378744963494213 0.366763398944276 0.381953812451577 0.411751163198836 0.320840533414512 0.352304073949215 0.355804866468674 0.298614388250765 0.425737380275959 0.322656985974773 0.384220322021743 0.33025769549333 0 0.407376800988959 0.289283068208622 0.340434025772791 0.366604815300333 0.346911341191547 0.391807056474189 0.27964767310448 0.326197591494868 0.39160857777702 0.378379742587254 0.268899108958168 0.30128087731819 0.53981965642831 0.41091429100901 0.511879817717664 0.456670137355679 0.496640393785505 0.485792545221041 0.563138587348257 0.441855479810672 0.348170159466332 0.345434530129481 0.309032063231125 0.361699704315391 0.258199403426861 0.372445943045812 0.315377281338981 0.249066916053954 0.338144234678368 0.300768686640237 0.365048070616132 0.37337107500854 0.359837980869696 0.363830821628798 0.33101956794669 0.347190870996655 0.377617343735679 0.405860880140361 0.25351585848947 0.241712979192529 0.324214109539952 0.318693965959771 0.278350502047715 0.356207656949004 0.404523752631666 0.51098408744249 0.440461315623233 0.311216114560195 0.441304725419439 0.33807165980768 0.296576132561653 0.29358101896439 0.33536970190559 0.321344307336518 0.346232777374094 0.24391041818427 0.346013562025531 0.447855197199997 0.314382253632799 0.311964059194175 0.34127388571008 0.332537992998907 0.350309659681156 0.358842940182504 0.295245192631687 0.306866825072329 0.439559902453331 0.404034679799954 0.446744184591971 0.423355210451061 0.335954911251508 0.464900080632773 0.39764948785526 0.309649091130865 0.359203829358659 0.392170111331656 0.335504031095522 0.321375480871272 0.255257907888518 0.403209036819506 0.330599807218959 0.468669390845927 0.278808307122643 0.362092301205717 0.29120876807167 0.506853763571937 0.515398397740373 0.432761645855595 0.511066941526235 0.516802275727042 0.50325476434571 0.474193920185401 0.501793166863382 0.469849723579727 0.43875764835664 0.307896789271868 0.333031758665435 0.26668273761135 0.408439312750802 0.371318790137406 0.470889306781326 0.395067219809015 0.432034707797694 0.471216424931113 0.524569890477315 0.336616114548041
"devibhagavatapurana_devigita_adhyaya-31-40" 0.409595709130686 0.446637057609114 0.460893435416469 0.444274317558568 0.439249117093122 0.482376358152697 0.418979374821445 0.430842200109634 0.429305777739943 0.442541097043954 0.485579432121212 0.445284010706993 0.437930623627803 0.453214927638101 0.37167428638954 0.445061301015036 0.386967575488232 0.387036591663385 0.363269626748272 0.407376800988959 0 0.359518380249069 0.37984099258206 0.390392887756005 0.40287513969871 0.412364028316423 0.433288334969969 0.462530391665979 0.483433887444516 0.482776568613095 0.438679343517673 0.358237641525344 0.57205296595356 0.51199341098178 0.5811310079801 0.536136691918314 0.556089579231471 0.534103233663833 0.618833172144986 0.528734463445125 0.384299691323618 0.390600491477581 0.373254001906316 0.377651225404528 0.446897766150713 0.493242802618176 0.473971703861222 0.442007514825042 0.483360121785343 0.458711537844485 0.490902262254412 0.501934929244432 0.493828921988296 0.49189144840447 0.482615806966969 0.479185495359108 0.498920201671299 0.492178562921501 0.426282213161147 0.437176422669334 0.444581475490247 0.463900480508172 0.444447280391194 0.492853151081441 0.517291369748479 0.589528966671245 0.532243961239804 0.385410715765216 0.462218937744349 0.428664166572015 0.380434356828208 0.380579714235164 0.362862198147594 0.401611541713033 0.439537792882372 0.414661142211901 0.41619478491215 0.413739121196435 0.468179408540136 0.460228112982847 0.47507655976301 0.471147461610771 0.476752540560221 0.489525959052288 0.458742536822319 0.371140064898591 0.448599282942369 0.432792338535563 0.477007040760413 0.476509790172327 0.401678344857246 0.479250650718682 0.4419169986414 0.371639481383902 0.370804900270762 0.404786291008664 0.411455670532373 0.3716796861327 0.404860470209892 0.385538370961433 0.404008959082522 0.456001249317613 0.391159888542632 0.433992590126083 0.389872627822759 0.516251160694378 0.496200446644201 0.461847785236642 0.523867534985573 0.529796460929643 0.521608908410657 0.505471366707114 0.526976989813027 0.465051051231109 0.477764399157984 0.396196951345615 0.390739856319145 0.415548289526793 0.493653919972663 0.424726264403346 0.49558692675436 0.434707445370423 0.474696589225762 0.49844982213275 0.536573178465936 0.403517695023367
"devibhagavatapurana" 0.357315611940264 0.391149318655223 0.439109255400163 0.409089473249442 0.391789951648699 0.456858534871804 0.367733159951628 0.380772679764059 0.374838737699172 0.377969360259626 0.455822319967859 0.37756598088899 0.406055082848659 0.41519371492208 0.220042806272359 0.40694931734024 0.279642894564433 0.325617683384132 0.27341176035786 0.289283068208622 0.359518380249069 0 0.295011030298495 0.336868177118724 0.330054919196516 0.345194482947287 0.337389840211769 0.387682564652603 0.437839318519833 0.42548383122599 0.335448538064348 0.267716370092877 0.556500343573217 0.466325347998937 0.560767935820645 0.50578104752458 0.548731869546329 0.530365055773418 0.602467365037336 0.495797444789265 0.325622223148831 0.344402479838593 0.288604585907541 0.318606560027947 0.341856355614333 0.427085539172712 0.381808560554262 0.33645101064736 0.401423271892613 0.367572645757599 0.423313407048212 0.437910574318687 0.423159350443634 0.42318533812225 0.39978570242548 0.408578520066575 0.422909558048891 0.465637057716351 0.33720104967866 0.337835606364557 0.388496867002246 0.403065749352946 0.358774910219785 0.413040255338724 0.462391345467089 0.551360037874406 0.487117280661453 0.295397259245351 0.410142821153116 0.343656708538536 0.280228401386926 0.285791713579418 0.296371909746111 0.280284789540123 0.360412132513001 0.300031214240719 0.319895245468862 0.420285485915697 0.38217739386573 0.365737478042212 0.391025202501249 0.390261841658712 0.397098620142571 0.415936413888975 0.367293141503541 0.2662748315782 0.431389051810687 0.412620273481457 0.380466213884721 0.425036510876601 0.244810583411389 0.413875550869067 0.381377775909663 0.266308997164904 0.316011659897701 0.356722838581427 0.341440543747629 0.288322526929655 0.314139206472401 0.363410380617667 0.326963559493902 0.472047564571677 0.300796058515241 0.37042921259648 0.281414212337483 0.501187429349986 0.503489740996898 0.420938953799584 0.493806417130136 0.508398195105677 0.488000419311527 0.474866464979359 0.490272418211248 0.442567289738561 0.424454988201838 0.309608781761398 0.320709896369926 0.341491933597481 0.447690452353038 0.363079949796372 0.471639940792707 0.393029115509821 0.420476529729925 0.458215169148826 0.51771660255453 0.323992195645843
"devipurana" 0.305405188537628 0.42266892866255 0.454701640190639 0.423941688182955 0.409038792334139 0.456456050396402 0.391772191025904 0.402671977832258 0.39523303846643 0.413293984222717 0.469779399058968 0.406334184806577 0.420742547514956 0.431328672155023 0.279350775561702 0.419144072766239 0.337507180736476 0.322755140480517 0.297230405883724 0.340434025772791 0.37984099258206 0.295011030298495 0 0.318271496313184 0.341868168417614 0.397316933093018 0.366382494806977 0.420824799802777 0.440986474375349 0.426498642836071 0.366900324627828 0.281639546290091 0.553115008894778 0.492588157814492 0.571593765918311 0.516336239431829 0.558715257192994 0.534433110202728 0.624261028165092 0.509380625774597 0.355463083774455 0.367207869132651 0.317589584022967 0.31220864654345 0.394175820503987 0.440855281991506 0.420387421803553 0.381674603433437 0.424396600300855 0.407062166436717 0.436464580895133 0.460804059067535 0.434557658892702 0.434436258926935 0.423051023246752 0.430540467654294 0.449618895250324 0.48242147613341 0.380519832645527 0.373494753836982 0.39632712468263 0.40321447303272 0.406050320706284 0.453971168646567 0.486252490677235 0.579324380427792 0.505384989819354 0.328929804287326 0.417720819555238 0.394917888899388 0.322701239322064 0.267699961050376 0.286556257258138 0.336213312679836 0.364073029597151 0.357593952068222 0.377509274250965 0.418035080994578 0.422595315814499 0.41317948077029 0.421944979809678 0.417033455696404 0.420652169061569 0.433141280668724 0.408053603948153 0.306433226182589 0.38533321727227 0.376079018981012 0.435260937434664 0.441205249713765 0.350616628907091 0.438882432107968 0.427453268660996 0.309323828523069 0.330279905606268 0.376251203109193 0.371106630150749 0.297819586683054 0.328252599676403 0.376839278644438 0.371889014506791 0.476762445839267 0.322861352103294 0.401785818329406 0.317708358756988 0.500530044717742 0.491324245115251 0.428827032537519 0.460630024128993 0.505527057910542 0.479765920000299 0.466317664871799 0.490478108032088 0.440595456360467 0.433092282511755 0.330163276222413 0.306447753957037 0.361784526146553 0.449046366901481 0.411317613810524 0.490797111893302 0.406623092113537 0.45248993731755 0.482948676778465 0.543163053200251 0.371605280441221
"garudapurana_khanda-1_u" 0.247000036540512 0.416029113822751 0.446787518971243 0.423277034744265 0.410710861567661 0.453030068283307 0.390611252241851 0.400736847160661 0.391373169463567 0.405427216039248 0.478574004088977 0.403567813620908 0.424173063241398 0.417378764384457 0.287411834686216 0.403816560659539 0.333528488034278 0.337198822411695 0.302427874783018 0.366604815300333 0.390392887756005 0.336868177118724 0.318271496313184 0 0.310778059445127 0.381996794674669 0.405657643012337 0.439216357284554 0.463937053907103 0.44850476144185 0.393413616366173 0.31939929192498 0.561345476750527 0.501299377862111 0.586110419463257 0.529274912938306 0.571043689173083 0.542982406956636 0.634095339815922 0.522987716353035 0.378833796490298 0.360819119424433 0.321591506728434 0.320167992829565 0.412132208980697 0.463127784683909 0.43862811412199 0.405105551670814 0.445568783870199 0.423748181345132 0.455192559059429 0.483179991501623 0.446942388895923 0.447650620414221 0.446090178153319 0.448803327343299 0.46251138146931 0.499031815433492 0.397893345024312 0.398393102051126 0.430911531394239 0.421800197568734 0.426687483083319 0.480562560370321 0.495375976107962 0.591653062560159 0.533872312914804 0.343249151415774 0.453326390516901 0.409712387789094 0.344483855160932 0.289796695097517 0.25505554494859 0.361535349811822 0.400823885560581 0.367616793023394 0.370209195498761 0.411984951390063 0.442611182600821 0.428890555589137 0.438974630742915 0.436860788908493 0.441485180208374 0.442632529138024 0.430384055140706 0.330239105379035 0.39519369479367 0.387245993686321 0.433155389311743 0.473502833939392 0.38594164510204 0.449426940088491 0.443506317868329 0.332605793617079 0.330871403342407 0.367673838937267 0.374807621955325 0.312822652621578 0.366073325221515 0.395083081894041 0.380167654044009 0.480385405480799 0.356293156909452 0.418276260742858 0.336853574537571 0.508997551219595 0.499702482817859 0.443330055997726 0.480420115409947 0.514771325632239 0.500297624328926 0.474336932291563 0.512982454419053 0.463041924191159 0.441638912511722 0.346207547719044 0.326828137902583 0.382707261361607 0.463890806092375 0.415176767786769 0.481125615231442 0.398588378602391 0.434911865493714 0.471285591809608 0.5359044925473 0.353450542553699
"garudapurana_khanda-2_u" 0.33734920490655 0.418606241194403 0.454316385357766 0.426461838548229 0.416485861896882 0.463274691188801 0.398003011203496 0.396881247294337 0.40906190672989 0.416965614796547 0.463115903081355 0.414465054709584 0.411003632040345 0.431004045238053 0.290069119234065 0.41764316898462 0.347932951034581 0.382772013191603 0.341997607214629 0.346911341191547 0.40287513969871 0.330054919196516 0.341868168417614 0.310778059445127 0 0.376141934191512 0.402963461330618 0.437306073301387 0.472461404717075 0.470697422789097 0.390344297986228 0.337691348488545 0.55503349565676 0.491182732428797 0.566495531567237 0.526919552382935 0.549670867426893 0.528875348237053 0.617337987797651 0.517637940800075 0.404210365606721 0.361167214650589 0.353055212088178 0.36292573871653 0.403151731723818 0.474074687125234 0.428215106294517 0.391025874661332 0.433754721473548 0.404412206786827 0.461697700471909 0.471435201272937 0.456455542385202 0.456163895861598 0.448358746807719 0.441745760212349 0.449853513691044 0.474088681285803 0.370607506433528 0.37281669203869 0.389715316709736 0.371325388765786 0.401995666772344 0.463948976489289 0.496000283487223 0.573535747617281 0.518764968838791 0.326175425736047 0.460295817252436 0.394978779593877 0.333087512683453 0.310457206270696 0.31192190433249 0.328199239761678 0.399560960435987 0.371393977117496 0.378487959248594 0.43275424829881 0.448507968624513 0.423281240301715 0.443070364473188 0.445260496778755 0.457114390782061 0.464939060993498 0.429503012722837 0.338748586207351 0.421632249823352 0.40015966475862 0.44684891269469 0.450611850774293 0.37814889389542 0.471760185420028 0.452480751075809 0.323498382245552 0.357058252782989 0.376212092725563 0.392560684105516 0.320458734836478 0.358651156995318 0.405331639087103 0.393522554680765 0.469954888923201 0.358544423050639 0.407779416278058 0.35466726602219 0.506346849953857 0.485561292705646 0.445461446214188 0.509938670184638 0.503611902745576 0.504624710232991 0.451830988361526 0.510871310278463 0.46320876025318 0.422958363552892 0.330805918901225 0.334325924590954 0.361495527987764 0.464364656833649 0.411217059439182 0.47176482758718 0.375324196266586 0.450364431254153 0.476883863399313 0.530504596044371 0.359267207300068
"garudapurana_khanda-3_u" 0.408797207909413 0.460340385779493 0.481688332318745 0.463868600940856 0.461933958191215 0.494435938110129 0.432700379292416 0.43927686749221 0.439219462216671 0.450574210517892 0.498368967498795 0.454816268247167 0.457344076105341 0.465558730885745 0.348344506366865 0.435387048289254 0.384454696633205 0.403801161924766 0.370502261777181 0.391807056474189 0.412364028316423 0.345194482947287 0.397316933093018 0.381996794674669 0.376141934191512 0 0.425173778963712 0.443446749468348 0.490780152894842 0.492842056291206 0.429396509628645 0.368709480070332 0.569095374887174 0.503103349024522 0.568580472148102 0.533728757247697 0.559367712839696 0.542311851798585 0.609517033339865 0.530107806287808 0.401961911247095 0.403752641316607 0.365435579299561 0.381406553329029 0.438717895387725 0.480491323281996 0.462977151793906 0.435785833885565 0.474806062972821 0.447808136822973 0.488781396574614 0.50497649107213 0.488241867135145 0.488695946036583 0.4765901312136 0.475958538245128 0.491116886709236 0.49697264036582 0.420578760612783 0.423387443863931 0.44789382687877 0.448709859395395 0.440001727509494 0.493788584904767 0.514392584876205 0.592589105301179 0.536598021230267 0.39926909684245 0.47986276955811 0.442877233979119 0.396480563467231 0.378223285028066 0.368804723972539 0.379246983098569 0.426733629369321 0.401374522933109 0.425259187462175 0.44375962553815 0.474641085369544 0.462064724122599 0.472994132947451 0.46793468652458 0.474347268393758 0.484684103151192 0.45300821821795 0.369280730420669 0.472324009879092 0.464417721062989 0.485039203424997 0.478656335296455 0.371994307362903 0.493250920853256 0.435190221773501 0.367292721019986 0.381674641308714 0.404354179374289 0.404978412846652 0.38141484131866 0.40444879261133 0.398975370014668 0.397441157490224 0.492981077208308 0.395619795105546 0.437407946519601 0.383857561742775 0.521852131460336 0.5161722736333 0.45185224598223 0.5285030844444 0.530287782430359 0.511382683865039 0.493223214811169 0.523996833337196 0.481449201057724 0.461015709648173 0.393539628017824 0.385292161671527 0.409086113614058 0.481053167601048 0.425085974407007 0.502208329396447 0.441315065296388 0.467225724901415 0.49156593931446 0.549966165372227 0.396184594304386
"harivamsa_appendix-29-30_mathura" 0.400449991721531 0.37966304981942 0.44025360004341 0.366744302329512 0.349599184317501 0.429068390130345 0.383165066007164 0.401624672023126 0.380527175339555 0.392754479378471 0.424862070450651 0.330568270976236 0.38267514485851 0.389615896993966 0.348649173343342 0.450056240975512 0.352499425729882 0.392588317083894 0.353043947678493 0.27964767310448 0.433288334969969 0.337389840211769 0.366382494806977 0.405657643012337 0.402963461330618 0.425173778963712 0 0.334989044910687 0.394528409085289 0.350685940541613 0.244428606775752 0.343307671188672 0.57426353348385 0.416509079751822 0.524440997290599 0.464787841315456 0.518408792596462 0.499202826134597 0.581968552758551 0.442772255372321 0.374392558391549 0.397895537636645 0.35069464573915 0.395339341652864 0.273338343294319 0.339728610168201 0.304622869398726 0.257011127482662 0.321628711933315 0.295885714308461 0.337838079624073 0.38365688289223 0.334364308502171 0.335985392347744 0.311894708103523 0.33237055546225 0.362719092381405 0.42994076334885 0.295638319099863 0.281172310418041 0.36262845547484 0.376614845521526 0.297445541686101 0.354392619476797 0.378500112123615 0.503304269001147 0.435909830088313 0.358464812608449 0.438299203718061 0.377635099699949 0.341413672039839 0.326265809761564 0.37660400550408 0.36798214720063 0.389559410788173 0.306544906279646 0.392412704617176 0.466871422498203 0.319688015589427 0.310972000557162 0.333147598233009 0.315763174496453 0.331609425836214 0.339972360086478 0.303025976413543 0.361648885097612 0.470293790127835 0.437777357287648 0.466596135480207 0.467550501043648 0.366459537418899 0.486326362628066 0.420768103015857 0.355300496248465 0.396046470509925 0.446178522493614 0.374886798125763 0.370024956198327 0.334022140712335 0.434326356022642 0.363088057929735 0.497731364528636 0.299557442143256 0.425936285768601 0.311428090225607 0.520886274099186 0.532772405149201 0.457738853274409 0.507685346996974 0.537010794894469 0.505156901813138 0.500609009124226 0.514746722075101 0.480132326761882 0.481294218674539 0.378892567939201 0.372001235752403 0.313178540727578 0.424351522998482 0.406538147787342 0.506158391105555 0.432437354855974 0.448313337321731 0.482497816810709 0.546887849678055 0.379608128734623
"harivamsa_appendix-31" 0.441057024640585 0.410393239097137 0.445631206038514 0.397677569863776 0.382576028287112 0.45867756019149 0.409502689426235 0.425492905063732 0.410520329988931 0.417742279488284 0.459288123877547 0.362549033690015 0.397843767169637 0.407871605148105 0.39841425113656 0.481734484942135 0.383346008600909 0.435103446069792 0.397632387823683 0.326197591494868 0.462530391665979 0.387682564652603 0.420824799802777 0.439216357284554 0.437306073301387 0.443446749468348 0.334989044910687 0 0.423209045248056 0.38547259649335 0.311678896561755 0.388000211375486 0.576518515403378 0.441175510207895 0.539858818018073 0.489007811283366 0.522681335062702 0.517461332016357 0.591055048111278 0.468190324892951 0.396807261527065 0.415615311050186 0.390393145188035 0.424054693162129 0.330016810271662 0.37315198004561 0.353284765828528 0.318546182004348 0.360333527245153 0.345401777245443 0.367985026985524 0.426275523653833 0.358320626596426 0.364605357752727 0.347229892971722 0.368185683234199 0.403933951521536 0.453260955091866 0.340972430768101 0.349353619964648 0.41349351624145 0.419606829610571 0.335729863207055 0.39166443319658 0.410515685282333 0.52749279453037 0.468740629509449 0.410384104040461 0.468882858386754 0.410823432643575 0.392684341058088 0.389473128847866 0.421424469382895 0.419758638035351 0.435429862248554 0.31899814584066 0.431355945277703 0.485626363568302 0.36410141428182 0.372802756368594 0.37177198463199 0.3688284993566 0.387186207073473 0.363879636800826 0.334975298893881 0.394190831408366 0.485375661353565 0.468354906962743 0.502169888978713 0.498079261209689 0.400634880593098 0.516907184241236 0.433946677035904 0.400188965180985 0.425535212351657 0.46998386212381 0.392121392693269 0.414818260482475 0.380898199811106 0.452783686347192 0.394471173467157 0.497319631999212 0.338318682583046 0.443091626318811 0.360131868548708 0.546768124751432 0.545870046535139 0.463820813084377 0.546919380895397 0.560755364035902 0.53952518078351 0.532495244185679 0.530375828352099 0.510523972642419 0.50231538476983 0.412494767661152 0.419041023005771 0.345845615239253 0.440595906548975 0.423676527102105 0.512952258875006 0.466729528374377 0.481376169782403 0.492175346187648 0.556192565975688 0.411990623601369
"harivamsa_appendix-41" 0.461098654411279 0.44661742723004 0.464334208106375 0.412834022460661 0.409551333314105 0.461829220902334 0.431339136163238 0.45318323977055 0.423187074480318 0.458074857787997 0.494792005014618 0.418538200917472 0.423463468560044 0.420308682064191 0.432536031264554 0.457446855074026 0.419934634159667 0.449606008155459 0.414503622857388 0.39160857777702 0.483433887444516 0.437839318519833 0.440986474375349 0.463937053907103 0.472461404717075 0.490780152894842 0.394528409085289 0.423209045248056 0 0.37616572026573 0.367993964043451 0.435725288649844 0.587790183815196 0.466690720328713 0.53042596698871 0.501577971169849 0.510304689026413 0.488985172009885 0.58688175151725 0.491666563607006 0.42051251651694 0.445549937513905 0.403673450601236 0.442764257823809 0.384071232180664 0.420097765702249 0.402787133678851 0.373526662380107 0.419943191676976 0.396576784414251 0.4013220222628 0.439544067268157 0.417455954496056 0.418054731307991 0.404224816699452 0.420175083935493 0.42591495230763 0.464176563204959 0.363512708128657 0.362871256600219 0.415564450809844 0.427104147972138 0.379885267421057 0.438260513558684 0.470227658783008 0.558600357516456 0.483183184520736 0.443946790921755 0.503755911950865 0.456947113508015 0.430752294589131 0.402617040609352 0.442092159030919 0.461832495835496 0.478735238389674 0.409927276765841 0.467446726751884 0.489224323629217 0.418201522822204 0.426788975159343 0.428839067570629 0.414526869457263 0.429084134787896 0.417834170357306 0.408069022116299 0.426911034784117 0.487889349649576 0.455001123362809 0.509579398639596 0.522436935495787 0.463932181988105 0.501755922065196 0.490740344007798 0.42516108483403 0.443522450238437 0.481752671245585 0.425110935355068 0.447388487500086 0.412503018015713 0.471690219177352 0.420339892248992 0.490813738817968 0.389217403532098 0.476235233498519 0.429761015435131 0.528018994822133 0.53234890347071 0.4688013070423 0.52237139159899 0.543468579133959 0.520331163521062 0.528485194304184 0.550529259668441 0.484295420582036 0.5305469978579 0.458759987007249 0.412665586670641 0.401349286435781 0.488852904161677 0.454999622295314 0.514532610398861 0.478442401997292 0.495132199023474 0.53242075831321 0.571819738045124 0.441018965474268
"harivamsa_appendix-42_pradurbhava" 0.447250657117257 0.431897738488007 0.473052446124845 0.415320777972438 0.405051884310844 0.460611601788541 0.419279834008892 0.446215370105835 0.40317275306351 0.437239212178609 0.487485912053267 0.394068061721896 0.432063353093621 0.426809821421906 0.423887424237769 0.461267039950948 0.399299595334697 0.401856210016655 0.377298256442402 0.378379742587254 0.482776568613095 0.42548383122599 0.426498642836071 0.44850476144185 0.470697422789097 0.492842056291206 0.350685940541613 0.38547259649335 0.37616572026573 0 0.319522652453046 0.42698880320571 0.603251978648028 0.468932315797255 0.544827439676575 0.502436038701739 0.539184665704976 0.523659663073635 0.591093515142327 0.484500823394569 0.419251984249139 0.451314741190929 0.392209590991809 0.439576465365875 0.363696971124801 0.365339005366998 0.376860433743009 0.347404805764273 0.378361876255189 0.379723939868818 0.333515865422718 0.42071919082583 0.34263631565624 0.347222342112521 0.339485797323084 0.376007283940613 0.408682314239342 0.483923872917455 0.381710393729073 0.371791283667187 0.436473903242019 0.440550917788223 0.383838790045181 0.422981872061494 0.436961196231839 0.546911758922844 0.473339753432233 0.435419770508699 0.455533198260053 0.446194412409385 0.41666325260138 0.364541037694221 0.433280159707706 0.461257660747137 0.459559172852932 0.396963954749868 0.44524664748382 0.495628813898996 0.383726740734313 0.409283203744509 0.391602209336237 0.368546963774985 0.377327591497466 0.33720778542528 0.37008118189728 0.412149964938504 0.494407414301887 0.465308220667187 0.486648041613476 0.525290003591604 0.433435694385829 0.492848433626481 0.466078305719418 0.418462682698388 0.439518650188917 0.491332332919493 0.406781696283347 0.436270155789536 0.40455099102169 0.478092612786693 0.412590172336604 0.519771645715994 0.327603565801636 0.477434105393611 0.383288386532135 0.533866711791032 0.562949864383915 0.467480662223989 0.479765460234246 0.545477992125884 0.507233045467565 0.534427412203218 0.541661955843771 0.486413512731848 0.529595481155912 0.444307862632238 0.396531337268776 0.412083630606381 0.477972936423038 0.447100096865243 0.520447708920366 0.483577307889638 0.480111107011501 0.516693998482224 0.572181540392066 0.428136270401574
"harivamsa" 0.393816892906643 0.346191474372546 0.420635071812364 0.341465641317662 0.32412991387722 0.404961028530281 0.363065195677833 0.382226543610228 0.361781359152392 0.364386483440756 0.403407416767663 0.279690425150404 0.357043781658421 0.357837431882072 0.341241530838489 0.42859829286132 0.316986327534029 0.380206195383082 0.324676395224684 0.268899108958168 0.438679343517673 0.335448538064348 0.366900324627828 0.393413616366173 0.390344297986228 0.429396509628645 0.244428606775752 0.311678896561755 0.367993964043451 0.319522652453046 0 0.345807652471892 0.570695147334805 0.404614342479966 0.519760574121844 0.46187573560543 0.508992642356063 0.486693528098847 0.576508961993139 0.429933912551275 0.37199278102971 0.398882833964687 0.351655909204699 0.395605167929401 0.235382309010468 0.31891458406861 0.266620166058726 0.218918557355773 0.283781769713296 0.259757044859984 0.31325053588836 0.374572975451289 0.301623109840852 0.31221257099394 0.285639080137737 0.301873841244882 0.330129839088365 0.429563178266685 0.267952585560856 0.262156417272644 0.366709794552313 0.368812473790901 0.269935544927266 0.331986147307068 0.356426956403067 0.496251591502831 0.423805783122672 0.335227235381016 0.429223033368577 0.355789569634123 0.314579582778122 0.303150351623262 0.373456913318383 0.364856646726767 0.395402899058222 0.285754040094192 0.3829414449126 0.459220194081865 0.298733845705587 0.286013041729987 0.298351360193889 0.280051266671051 0.295484988591313 0.293097603935258 0.264729210023714 0.356728724590285 0.462293081525636 0.4251007961522 0.457675141521092 0.469022023041629 0.37432167464826 0.480036029532284 0.431622829635416 0.342797779725266 0.389146716029225 0.448007274971897 0.373528062657252 0.359531668137064 0.328570613061707 0.438204288794134 0.359841976554483 0.489351178655981 0.281059989873835 0.420977595241723 0.310723477133966 0.516083582244286 0.530710277807684 0.434401939599563 0.502631313085867 0.526906450391355 0.496181702125316 0.501850231115434 0.499937738173725 0.470699148306573 0.486063198012841 0.370371049515463 0.358468725847385 0.305110590376587 0.427303848511901 0.394690249188984 0.485130322576233 0.424266207125779 0.430920363739927 0.460434402717165 0.536369663814537 0.35788114636429
"kalikapurana" 0.313081377514377 0.397904970463689 0.427869706532106 0.396422653144975 0.384365441452031 0.447727401973602 0.372590213718772 0.380625044450451 0.368850989318341 0.372922861762908 0.45351694390031 0.380457951857401 0.409389858378246 0.402873276556049 0.262367208204916 0.408864980419152 0.307605925085004 0.318667215899282 0.281767386585247 0.30128087731819 0.358237641525344 0.267716370092877 0.281639546290091 0.31939929192498 0.337691348488545 0.368709480070332 0.343307671188672 0.388000211375486 0.435725288649844 0.42698880320571 0.345807652471892 0 0.553601975577453 0.45667408633774 0.546104408936656 0.496340660687973 0.530465141840009 0.510627160783058 0.594837694069209 0.488205038108426 0.323042244814426 0.34409675831852 0.301954656113023 0.312310344651727 0.360575326141488 0.426719837434535 0.398903780939193 0.35186349308939 0.4095072064008 0.386037706613121 0.4270375836148 0.44622126040343 0.41869829947374 0.420863607911844 0.402523503251235 0.41034331954305 0.439281215452088 0.469861344491824 0.362916968728666 0.356754312853563 0.393427730043089 0.39404880537523 0.378418120622564 0.434204736870308 0.46302818873349 0.559340817862886 0.495437641835866 0.29032587645387 0.399034493639862 0.350659218410635 0.278400036127855 0.260853930281801 0.279458512903303 0.321998057616112 0.345943178183025 0.31746501379452 0.339621880865053 0.410254450999497 0.388208431191179 0.381942724700042 0.396778265746253 0.395265894426432 0.402703772683846 0.415467502767002 0.369318546268542 0.296676359855649 0.401689783503104 0.398491967864962 0.416653489219643 0.42672385129597 0.308886451023506 0.439534674341338 0.391298223871124 0.28729994356063 0.31159300912452 0.369096767927201 0.337029468695144 0.281251727397494 0.310294862607859 0.379363499275697 0.337186914027136 0.459510804139516 0.29738931590325 0.374724735666368 0.273811502948957 0.493428792495252 0.492734736687499 0.4077451870939 0.476032403921298 0.504593411720555 0.481509700557901 0.468637873082901 0.487405545450837 0.445021728101005 0.417460773147942 0.314118252128454 0.304922111243917 0.346878833511168 0.439288181033131 0.370863143430536 0.47175096808167 0.388160872512711 0.421601213527437 0.467052952078265 0.533711588662022 0.33309065279763
"karatoyamahatmya_pu" 0.561032016125717 0.591891836966261 0.596868052612331 0.583443284813243 0.576373545302835 0.59459756846668 0.585772256344833 0.588452663427975 0.586493446651826 0.594634420550833 0.602360394078447 0.582502872719045 0.580507408208792 0.572635062642614 0.5571865005034 0.601348629769237 0.576888145842745 0.572742539325147 0.56547428722754 0.53981965642831 0.57205296595356 0.556500343573217 0.553115008894778 0.561345476750527 0.55503349565676 0.569095374887174 0.57426353348385 0.576518515403378 0.587790183815196 0.603251978648028 0.570695147334805 0.553601975577453 0 0.605715749562829 0.640667734030016 0.61569279344107 0.632891858047312 0.624197770862641 0.659533836844464 0.618585382000538 0.563528915150287 0.555669680863844 0.55829460796391 0.559571520923796 0.578204889580661 0.596737809749913 0.589084362898447 0.573324820789637 0.592071462358907 0.577085799038817 0.600135137352955 0.605086646303099 0.603196250227699 0.5964155659278 0.592496481326853 0.592919188434886 0.593010736964273 0.592916868040662 0.561869809659428 0.562031393027472 0.564871724311957 0.560236552495364 0.574525065905243 0.596913230721649 0.612094975372782 0.645988217555651 0.606748163203337 0.574859485079503 0.604230043393498 0.586374131401015 0.570669335087428 0.55707619248347 0.552825291850156 0.560978912834952 0.56777847941013 0.553252479544601 0.577041922510613 0.596440238869221 0.589760688422942 0.579950082254504 0.597209564024121 0.590868844535015 0.599247029652421 0.602416161249021 0.586264284270989 0.553738270479469 0.57928314432725 0.57188958489604 0.631758291007525 0.57241991460732 0.579190674632695 0.629381609091651 0.594020994788035 0.559945607779096 0.569483904293736 0.568763685945538 0.573566667424869 0.541352424651772 0.533743090249324 0.571031900857508 0.584843679021336 0.599896335491201 0.571589698737585 0.559745942134346 0.562993411839487 0.634884799595228 0.62065814165737 0.601295994658106 0.621552402846574 0.63522100581474 0.637772645326596 0.61193794251071 0.641265420634955 0.602908884837248 0.58889755836236 0.545649912012414 0.567754385868221 0.550199421345301 0.587193373154444 0.582696871517377 0.606523249837639 0.588551022552959 0.611234544611389 0.623785434852197 0.63112293699218 0.57806501253791
"kirfel_ppl_textgruppe_I_col1" 0.506459609873218 0.471510365840512 0.503273443639572 0.453536660476861 0.442963934238333 0.474223476291078 0.461134247703597 0.483821918599207 0.468961500788087 0.446419103996217 0.499066357064699 0.446179539963533 0.463229921831062 0.452464809669768 0.46301035301098 0.475364570840221 0.451382411424895 0.503875674977734 0.465344275462669 0.41091429100901 0.51199341098178 0.466325347998937 0.492588157814492 0.501299377862111 0.491182732428797 0.503103349024522 0.416509079751822 0.441175510207895 0.466690720328713 0.468932315797255 0.404614342479966 0.45667408633774 0.605715749562829 0 0.406069038920635 0.363524035281374 0.456914700340877 0.406138776300051 0.494169299706233 0.316797394657334 0.478057149826626 0.491389568158821 0.460143343016619 0.49153446579479 0.384505981670475 0.457557328658487 0.416695438907496 0.391019138327297 0.428971859447735 0.403737326393004 0.447926421108751 0.46048795402592 0.449224669737363 0.449195076231335 0.423992152395308 0.438200769545463 0.462431711314772 0.486806198013716 0.398721813566161 0.391924708625838 0.466911513490723 0.459879386411937 0.396291231136977 0.438923719764522 0.477491104447727 0.552777397949155 0.488713521086754 0.447933456559419 0.523539556312923 0.447992544613374 0.436796555726122 0.443150092164097 0.492704925545103 0.481120171602856 0.493022874246723 0.419938815620471 0.505154509616958 0.531279873424864 0.424883885094714 0.433614166789795 0.461149300429897 0.456077652447506 0.470748294551876 0.467371891481736 0.417098702833333 0.470015783317914 0.536796464343813 0.516146124516812 0.550755861427211 0.534942274931557 0.48307160687105 0.557301878226841 0.505184301884642 0.463972221300311 0.489805207618068 0.523656985659899 0.472638480488035 0.485974331992965 0.441744365856969 0.51169324667363 0.451092812659209 0.539296702926675 0.432520105665886 0.486563095712914 0.442234916395008 0.551780722908161 0.563477975193957 0.485184228469062 0.574618825329699 0.561231638741187 0.53148231086269 0.537303657163697 0.52444523410326 0.554025089557385 0.552864201735982 0.487396163171099 0.462206949061871 0.428105005080607 0.507804186486365 0.483200678391014 0.545588372950623 0.500074818225453 0.470793989636649 0.55011179724991 0.575945413233915 0.450286947336147
"kirfel_ppl_textgruppe_Ia_col1" 0.583158935345336 0.561590010804231 0.56972343455849 0.539059393919347 0.53856490291065 0.553711841700415 0.549780403840246 0.56334020339018 0.554748913494625 0.553000902011336 0.563008356717916 0.550601442995194 0.5490477938617 0.535042901763191 0.559599106226838 0.542605118163352 0.552725297213391 0.586822632251839 0.563079899646657 0.511879817717664 0.5811310079801 0.560767935820645 0.571593765918311 0.586110419463257 0.566495531567237 0.568580472148102 0.524440997290599 0.539858818018073 0.53042596698871 0.544827439676575 0.519760574121844 0.546104408936656 0.640667734030016 0.406069038920635 0 0.462777146310483 0.498923331055114 0.439611159691438 0.521998611147349 0.443809021589778 0.559093503609176 0.564178772689407 0.540791833991208 0.57090747667867 0.508606929089533 0.539552077653553 0.530165758631662 0.513553798655412 0.534030654143542 0.517839457976352 0.548487743758633 0.548291301907515 0.551237165307687 0.548630767563369 0.535061114329265 0.538634377879646 0.560551637839684 0.549075563444289 0.503602623578571 0.502965551085897 0.53655426910912 0.530038937666463 0.507754298484059 0.540245661638744 0.564355476948139 0.616428771527097 0.567847935995338 0.543350809971302 0.589488748805084 0.545172832721772 0.536844611330327 0.535299703533856 0.576958593408393 0.572931357444859 0.567857129739793 0.530244852573235 0.596036659282395 0.595677066915606 0.535545410179983 0.546264658087742 0.559312210759266 0.553382662729211 0.568614181766987 0.560536203801782 0.531183012070961 0.558957150586786 0.602972287615522 0.589594615685799 0.625317270028009 0.585667293454757 0.568186816404057 0.618446201826062 0.580512106496287 0.553512087437329 0.565755632165127 0.585021828772529 0.552022603862681 0.571939202174433 0.53431589442683 0.579769164770308 0.534925522229516 0.579854975626992 0.523351048251022 0.565407239163534 0.539080773806182 0.593459306763157 0.603489439441976 0.549614202278037 0.635380424199305 0.592010035967139 0.574594859482084 0.590599409545495 0.590646453848737 0.598209225955785 0.616320429842072 0.569295196720191 0.547409466330098 0.518730752602169 0.572916076420709 0.558860462307697 0.596182477567474 0.572592353462759 0.564956043120278 0.610647072267667 0.62855513814789 0.545048192825164
"kirfel_ppl_textgruppe_II_col1" 0.532005044678231 0.509501915963329 0.526759328900979 0.487509787513271 0.48143954865921 0.495024494910117 0.500816157461652 0.521796785385428 0.500724958443518 0.497713035956503 0.519454897919984 0.487342229488539 0.50345001150118 0.48965413976591 0.497906021331929 0.528264427476596 0.490273031459261 0.527305703705102 0.500286626850306 0.456670137355679 0.536136691918314 0.50578104752458 0.516336239431829 0.529274912938306 0.526919552382935 0.533728757247697 0.464787841315456 0.489007811283366 0.501577971169849 0.502436038701739 0.46187573560543 0.496340660687973 0.61569279344107 0.363524035281374 0.462777146310483 0 0.488738808257149 0.45590130300074 0.506256046154466 0.397185883766616 0.513605190016585 0.52706046016718 0.497252770167513 0.522218866624838 0.453235442101977 0.502977970182997 0.477895324568369 0.456015856077232 0.485217979312642 0.468227955643859 0.49317610989538 0.502380720117607 0.489774409969164 0.488761368460986 0.474723313602999 0.484928583242061 0.504934831558136 0.510458293017551 0.460217584160639 0.456805213145243 0.503808014299014 0.495132350453831 0.469442825582071 0.495503073536764 0.514370040177962 0.575084619217546 0.533658327355433 0.497555760347022 0.549326487172775 0.495632586691536 0.487016455318473 0.479079310663187 0.517959262253632 0.515170324466402 0.519615754331562 0.466617906629758 0.52841952823437 0.552518156662816 0.484726597444331 0.485577523628436 0.503668718568613 0.506589609523228 0.512373067109189 0.509558376509329 0.478336723193418 0.501533791153809 0.55452541812882 0.538434770643325 0.565469448093595 0.560819626640192 0.519237330203469 0.574791186090542 0.536623384168324 0.505802071336303 0.519273158775028 0.549748011058098 0.494068290063112 0.51611492055493 0.47691931122442 0.547996565682195 0.49135779167444 0.570630514148487 0.472318255712729 0.526011418051873 0.485814810724638 0.583033387369699 0.593997860452922 0.526692810944384 0.595688347155235 0.585440839843724 0.573252266104234 0.570517402818116 0.569846334886408 0.562632481848319 0.575859494553467 0.516377152335025 0.501729416118783 0.469226116829857 0.528373349567826 0.523978589155783 0.577014665498607 0.537089400054842 0.501557523219736 0.573830320852849 0.605629179460021 0.497824184606336
"kirfel_ppl_textgruppe_IIA_col1" 0.570970032554412 0.543216413235934 0.53940094508747 0.519364034385783 0.521844614467582 0.546387631758228 0.533440116487364 0.545808463621269 0.53964210278404 0.544369274196804 0.564025449570439 0.53437910054931 0.522538531998425 0.515433988779541 0.545985362320183 0.532951938372144 0.530920721606903 0.566168852604351 0.540715971373161 0.496640393785505 0.556089579231471 0.548731869546329 0.558715257192994 0.571043689173083 0.549670867426893 0.559367712839696 0.518408792596462 0.522681335062702 0.510304689026413 0.539184665704976 0.508992642356063 0.530465141840009 0.632891858047312 0.456914700340877 0.498923331055114 0.488738808257149 0 0.419778087371346 0.50947895425269 0.48202127394336 0.52763610891154 0.533401664411091 0.520447815524488 0.549683498751609 0.504036291532967 0.534817444086704 0.524345881441372 0.505943634097509 0.535672267964077 0.519662202992069 0.533985782460034 0.538587929987467 0.539990862574113 0.539489162680541 0.527059085286209 0.525730074500727 0.550780943690814 0.528544332303615 0.491563031760194 0.496603253176319 0.530061581986802 0.523757964049987 0.497735965346209 0.539522363145695 0.557317368640066 0.602239007258812 0.563575081580889 0.527601213115817 0.575297389904192 0.527282289939609 0.520309433591255 0.530282693689772 0.55130076468587 0.562024385164185 0.562447119030871 0.511995947495033 0.571895012500455 0.562724780872912 0.53203975934393 0.535199646829649 0.551576915435349 0.540757579862112 0.559934653862641 0.552852302545134 0.521109117974963 0.537637327930573 0.583587479663202 0.563644380986867 0.603589876479906 0.578885877653176 0.555957528744924 0.600882226320795 0.562514996751657 0.538978931321452 0.539157367034716 0.56928869719642 0.535131604256635 0.556499554384933 0.517249531617969 0.550326582759935 0.525826783640179 0.552738145384893 0.522255616214367 0.543818437770541 0.534745588308005 0.572756252288731 0.585344107444415 0.526381306625995 0.623397434090643 0.592139330854052 0.593036743200961 0.586504370373902 0.604525569930106 0.57694693475066 0.586590626395293 0.552604861562302 0.527691289460338 0.49746641310146 0.552782752414654 0.513700547708464 0.565032080738351 0.543289145049399 0.557593553063556 0.586872316739998 0.59536250281178 0.515632462989548
"kirfel_ppl_textgruppe_IIB_col1" 0.54462950077222 0.53282079246923 0.533410700832882 0.494831664446228 0.500115561065938 0.518695568400199 0.515763113486977 0.524213628279796 0.523610748994999 0.522145288470147 0.530997293401323 0.51538245240626 0.501064678309739 0.496775230266639 0.520636195375969 0.491849411664628 0.511466041421152 0.541114285811467 0.515430393227473 0.485792545221041 0.534103233663833 0.530365055773418 0.534433110202728 0.542982406956636 0.528875348237053 0.542311851798585 0.499202826134597 0.517461332016357 0.488985172009885 0.523659663073635 0.486693528098847 0.510627160783058 0.624197770862641 0.406138776300051 0.439611159691438 0.45590130300074 0.419778087371346 0 0.514990884428069 0.432939895365879 0.519974257847972 0.51754379559752 0.501922333478806 0.528135125875569 0.481891798911764 0.524896779672036 0.508411860982895 0.483121520668078 0.513177453011387 0.497359564107351 0.52175611923887 0.519368098524423 0.524739888021771 0.524863821822225 0.510250245342492 0.510280802693957 0.534364512437381 0.50566590895846 0.463874329978883 0.469775370317411 0.494396973902042 0.50003539083074 0.474359644253164 0.521040955275727 0.538642440912192 0.596042147079866 0.557522106742999 0.511774657029489 0.57338288099033 0.522262410326921 0.506200059954883 0.50048494530531 0.528197492413755 0.540084543457836 0.548642891734609 0.500335916277976 0.557986022111731 0.542928644439546 0.517536577886171 0.512463561068937 0.531801213452174 0.519858303015286 0.535764205538886 0.532143200949321 0.501114446877643 0.519552137564346 0.558015298381574 0.539481390220488 0.588411338160284 0.572438028637388 0.543419868008844 0.579927016523833 0.557108945261104 0.509138735723553 0.515357504089397 0.546726241487842 0.520708350057663 0.527080702246916 0.502901653432346 0.540025562418508 0.506235321340815 0.51774796930698 0.498171345181946 0.530628746020967 0.517149373941575 0.563657715866883 0.557857811687619 0.502219267481847 0.605209979066079 0.573216869415515 0.569909508283913 0.565335322177749 0.584020581346242 0.569342563393314 0.580528907591362 0.534689573614141 0.503925358619548 0.483764377400536 0.556905984763912 0.523392515925502 0.57613014083684 0.534288963403986 0.541245460520964 0.587710990192499 0.594808619548461 0.510395089245351
"kirfel_ppl_textgruppe_III_col1" 0.637723256900594 0.603686046357829 0.607512402777652 0.586606026306416 0.590418186791905 0.588748422839556 0.601382324456264 0.610994869777736 0.597761008740686 0.598799137289647 0.610406129966493 0.59340502914456 0.589239267055571 0.573692264051725 0.602096295361076 0.598371841815216 0.595088181275759 0.62193704153705 0.603954139291105 0.563138587348257 0.618833172144986 0.602467365037336 0.624261028165092 0.634095339815922 0.617337987797651 0.609517033339865 0.581968552758551 0.591055048111278 0.58688175151725 0.591093515142327 0.576508961993139 0.594837694069209 0.659533836844464 0.494169299706233 0.521998611147349 0.506256046154466 0.50947895425269 0.514990884428069 0 0.529094101289915 0.600718380018031 0.610875885403045 0.592156363482817 0.614320910972648 0.56683183790974 0.59066900287325 0.585368055810313 0.56695178855063 0.587147587801999 0.57608024753707 0.589757633857436 0.591306511667647 0.595844255088383 0.594751358987174 0.584717106703086 0.584578832308961 0.602537232595265 0.585572581032411 0.565347226058366 0.562722992567843 0.592245535355464 0.5905533862025 0.565802460032361 0.589717141589922 0.609688722858542 0.637087634897915 0.605218973602497 0.590287215651028 0.622344094337721 0.582560666291389 0.582179405518673 0.590148816599947 0.622625417344545 0.618596552399014 0.61384752785506 0.57450739034584 0.632123814399259 0.632774884122667 0.584537085659342 0.593293742916923 0.603973370162155 0.601958077978489 0.60776904216252 0.610064881061507 0.578650732106776 0.600602353212677 0.646567668721682 0.637893496667918 0.655877316652773 0.633273217899737 0.60217272855136 0.653718916398473 0.611938908493071 0.599693525624242 0.610469757382381 0.632891864563595 0.593941412718334 0.617436311247071 0.580012654245218 0.618321207886685 0.582758514909296 0.627456839718086 0.582858063035294 0.60167388198239 0.59567839619476 0.631931783859308 0.651102985871936 0.586893918807666 0.658029072274682 0.636172389513587 0.632259950099012 0.637958417437265 0.633815215026584 0.63454362372271 0.655796018816803 0.610751600338413 0.598272611533806 0.572596070978711 0.608092215212695 0.589711177815161 0.614746257490454 0.613436814335428 0.597611895088929 0.639137437537748 0.64090435921773 0.581789312927824
"kirfel_ppl_ungrouped_col1" 0.527099910058755 0.49193970834651 0.516583856929225 0.474626468867527 0.463205150167392 0.501958914932965 0.482588583225804 0.496929597600915 0.481395731087121 0.471234224039936 0.516127524262258 0.469491299147872 0.488822023043226 0.479558492335232 0.489053864651864 0.50926980421583 0.478354731321785 0.53027074295321 0.495139135587063 0.441855479810672 0.528734463445125 0.495797444789265 0.509380625774597 0.522987716353035 0.517637940800075 0.530107806287808 0.442772255372321 0.468190324892951 0.491666563607006 0.484500823394569 0.429933912551275 0.488205038108426 0.618585382000538 0.316797394657334 0.443809021589778 0.397185883766616 0.48202127394336 0.432939895365879 0.529094101289915 0 0.503204008792697 0.511619942225226 0.478864551284514 0.512898444526301 0.418277106344446 0.468782147779758 0.44234930348028 0.419627731455099 0.452911339010454 0.43222641768231 0.467491955118459 0.486287525518036 0.46355670533134 0.46300993116328 0.443233992192575 0.455692328125455 0.486813315409213 0.50819887655904 0.430890450612527 0.427370331792358 0.487374851220176 0.486822636472213 0.430452684473379 0.465936772439932 0.493488329345514 0.551547069056086 0.510729059844602 0.481085985445041 0.541688210607649 0.478462399804273 0.469231749551293 0.468818509545726 0.513697913037535 0.502012157346664 0.515423692918592 0.44463630377274 0.526966911312254 0.552025177734274 0.451980122762278 0.456147188482545 0.479914102274776 0.477720724784893 0.490562161666324 0.486579586070173 0.443345936432628 0.495386276273691 0.549710146094192 0.533305634291044 0.564918681093434 0.552413606758777 0.507641656854565 0.575174814403596 0.528290488307578 0.491590316614776 0.511449821934137 0.544488533179305 0.485254070394465 0.508784672619737 0.465430987064444 0.533383052391827 0.471637138962193 0.557307916943545 0.45061963445913 0.512537962650645 0.464333397956721 0.577063847578219 0.583110635174591 0.508076601600094 0.600539059588757 0.581458835196704 0.559005758040556 0.564161863634286 0.531929038349828 0.570535645133568 0.563751451986922 0.509557782081778 0.492107527632555 0.451701088315343 0.525218878263017 0.511023569121544 0.564933943504376 0.521858907598016 0.499476636679464 0.567570588066227 0.592983988160249 0.484580681016139
"kurmapurana_khanda-1_u" 0.39489320676907 0.391720312204182 0.41157476618067 0.394153624974445 0.378960667285713 0.444881988606558 0.355181558582481 0.376468993132952 0.353975133980822 0.372141221807342 0.483423675721683 0.385776782172956 0.401708120420202 0.391823761500563 0.343020416389833 0.414889666232376 0.322915479742799 0.361480708220308 0.31407564462289 0.348170159466332 0.384299691323618 0.325622223148831 0.355463083774455 0.378833796490298 0.404210365606721 0.401961911247095 0.374392558391549 0.396807261527065 0.42051251651694 0.419251984249139 0.37199278102971 0.323042244814426 0.563528915150287 0.478057149826626 0.559093503609176 0.513605190016585 0.52763610891154 0.519974257847972 0.600718380018031 0.503204008792697 0 0.267099502573042 0.28266879124636 0.334487135699722 0.385618571176724 0.429189778484324 0.419798565026562 0.380335445032744 0.437460536564276 0.409955114729785 0.439441516353365 0.455005679462387 0.441200288797307 0.441641383342232 0.426653477584125 0.430788773892015 0.455435979802764 0.471187800293202 0.379322179677825 0.381620615003249 0.422369356939898 0.438834920175745 0.394414476248535 0.451103240407554 0.477411500624918 0.568415585382287 0.502059293916047 0.348672192738023 0.437018854631737 0.389809450241336 0.338616642707697 0.337757468630897 0.343464171263893 0.363567897757406 0.411285325533253 0.34258574057465 0.369142798860338 0.411314644904608 0.404347168488615 0.413482713329995 0.420987868019133 0.411317111951252 0.430478358696413 0.428240435084933 0.38657032167546 0.282363060101656 0.425176726006549 0.432866586987963 0.432075771126687 0.455501082672373 0.342030681273402 0.42421314463436 0.378689752264772 0.330389805971004 0.334084256903698 0.406390725075004 0.365058342834052 0.342583869798014 0.358863558806841 0.374418826477229 0.343081757508419 0.45271606981424 0.322915610313019 0.373806167848529 0.302687231089261 0.485961359256262 0.508041960831588 0.395397689488529 0.485950327229774 0.510073091422663 0.501103135124913 0.496745559220003 0.508618064601514 0.449816646890765 0.456383894309436 0.356125331441955 0.336603145932371 0.36738813018338 0.454863891242785 0.375728717139085 0.481943165608543 0.430028049164896 0.434236389674431 0.470360479841608 0.524267765798408 0.354494011765024
"kurmapurana_khanda-2_u" 0.377687421604968 0.405972603751457 0.426654883902881 0.406743705869965 0.4031037556524 0.453222184394025 0.379420035317418 0.389923290857931 0.393876732851381 0.406740881850889 0.478909679262936 0.410141501300005 0.396705017451155 0.409495386615555 0.337279471338638 0.4267301898618 0.348810023842511 0.394139811565929 0.348011935833593 0.345434530129481 0.390600491477581 0.344402479838593 0.367207869132651 0.360819119424433 0.361167214650589 0.403752641316607 0.397895537636645 0.415615311050186 0.445549937513905 0.451314741190929 0.398882833964687 0.34409675831852 0.555669680863844 0.491389568158821 0.564178772689407 0.52706046016718 0.533401664411091 0.51754379559752 0.610875885403045 0.511619942225226 0.267099502573042 0 0.303981773912869 0.340686908128756 0.402077360210939 0.460131553882363 0.435283958709363 0.397460758303269 0.445380624212356 0.415609773969187 0.455641745963727 0.469763054418697 0.45553162953776 0.457810077322678 0.445297993710255 0.438985639092821 0.464973312375817 0.457567646402156 0.367912511489908 0.37174003895339 0.394650099147976 0.397077732814844 0.398710532728339 0.467934148779643 0.490653102125826 0.573606820966266 0.519805757174959 0.359553961629244 0.469194941882789 0.403263236029333 0.357131581373544 0.350029597324504 0.336860155835147 0.359574757492535 0.40755427236689 0.358949262138528 0.372496828467484 0.409837282554052 0.430274256351569 0.427522496396312 0.437370670093765 0.43559766747443 0.457203133577943 0.453450795965062 0.415198564430421 0.306644134096744 0.411244502065401 0.405567539225992 0.445082899641366 0.443711871247057 0.376466050325019 0.432881771094071 0.419441024075076 0.340491807187156 0.32747546680201 0.36326776077282 0.37974147834815 0.339861978132732 0.362320351357507 0.363313948419455 0.360601701824712 0.43373330563415 0.35126599566582 0.370224677842064 0.335501499255271 0.493481277375707 0.484662763242019 0.423642700125808 0.522559395358569 0.508708751469819 0.523572155979226 0.473629870253739 0.526668985886192 0.464817057324879 0.441912084961032 0.344543035598223 0.358156970284562 0.362843823780894 0.472605849637294 0.401109835221252 0.484847976521503 0.403487971545082 0.456743581856445 0.485636532862989 0.521260774037314 0.372230317571551
"lingapurana_khanda-1_u" 0.341154848010495 0.40597014906689 0.435974000238502 0.405544480800868 0.392709157952653 0.451090448963333 0.369954758324181 0.386605282078259 0.372714172049128 0.39491878137286 0.473975317403443 0.392417054924417 0.408483066341596 0.401551821519319 0.279704264753554 0.358711266695722 0.292451109514483 0.339238809887543 0.279924153841642 0.309032063231125 0.373254001906316 0.288604585907541 0.317589584022967 0.321591506728434 0.353055212088178 0.365435579299561 0.35069464573915 0.390393145188035 0.403673450601236 0.392209590991809 0.351655909204699 0.301954656113023 0.55829460796391 0.460143343016619 0.540791833991208 0.497252770167513 0.520447815524488 0.501922333478806 0.592156363482817 0.478864551284514 0.28266879124636 0.303981773912869 0 0.257576705872803 0.36399651634614 0.415061009091009 0.399220606081035 0.357687025952545 0.417216727175434 0.391180884091222 0.416970936242135 0.438065959594595 0.419702830668423 0.418315743018387 0.399069149710247 0.410892583149447 0.441934574118405 0.458908748176162 0.351127930810428 0.343772163461546 0.386529090518971 0.390115847246402 0.370646357612062 0.432790142305687 0.461118473671521 0.552343678017177 0.486505201418924 0.331402419378093 0.432869323189939 0.382928767377934 0.32508111661666 0.282961200751013 0.296873447601458 0.340626013287502 0.374384444048894 0.329237846315635 0.351177042559405 0.404652025192612 0.389185252191957 0.398283554078005 0.41047561726871 0.395571063664901 0.415149546916114 0.410805784996283 0.373098885404286 0.244704199313599 0.392148950757184 0.390672556780974 0.409435895917719 0.444258395000647 0.3147145756517 0.395387433609298 0.384382910626566 0.292703331436311 0.284290716830987 0.344346439562307 0.330510797722223 0.315689779914967 0.311863090824472 0.333029901058092 0.293026180257346 0.44368825724208 0.287432862331717 0.357813558720044 0.299333044036312 0.465961731731249 0.483736012629206 0.37637339112829 0.47508222303487 0.48033972898356 0.473562984810692 0.461862031978846 0.48442603257297 0.433259004142133 0.4357350622819 0.321949549214864 0.287520543358543 0.350675135712309 0.441470648368286 0.362514872369923 0.45711482538067 0.38291347273481 0.422107876038173 0.460225748528283 0.51074783546809 0.32625518219597
"lingapurana_khanda-2_u" 0.322273258520847 0.438736761989902 0.460347606059202 0.437135881068748 0.429609245479882 0.470467366904713 0.410079191518839 0.417465167329608 0.410519630270511 0.426569945892076 0.490045932927175 0.430174354140185 0.440501755247731 0.437635282481919 0.296315977989749 0.408229552738643 0.340007764937039 0.342801857773904 0.310642243434885 0.361699704315391 0.377651225404528 0.318606560027947 0.31220864654345 0.320167992829565 0.36292573871653 0.381406553329029 0.395339341652864 0.424054693162129 0.442764257823809 0.439576465365875 0.395605167929401 0.312310344651727 0.559571520923796 0.49153446579479 0.57090747667867 0.522218866624838 0.549683498751609 0.528135125875569 0.614320910972648 0.512898444526301 0.334487135699722 0.340686908128756 0.257576705872803 0 0.407145278000878 0.455090646856854 0.43455883994277 0.401426507878406 0.443587563294305 0.425182316042118 0.452538707210378 0.472163333331193 0.452793406570635 0.452617959600158 0.440782436731921 0.441497386804849 0.461460491509688 0.479216095602817 0.395784926228261 0.396502887900674 0.420049440923298 0.419679661252183 0.41220064615416 0.466880951603831 0.496128752725703 0.574388873927087 0.519724900362183 0.367461703614954 0.451700138257396 0.418484372895667 0.36220978753429 0.313578675945006 0.290524637749243 0.360654296262715 0.392896908172289 0.36539859965577 0.381478139930659 0.414176306621482 0.427814273238517 0.43395179052478 0.437937376892079 0.433052592222543 0.441094017879109 0.446766392400296 0.420918490043318 0.301851274565844 0.400172005359855 0.394006036366384 0.440358044660025 0.456296974777841 0.349383097099104 0.43233205085034 0.420533882311667 0.328346471919469 0.28805952071574 0.350605794605229 0.372016682264923 0.335244706230577 0.352635208142032 0.36138818876619 0.356160665641344 0.466129275220025 0.348553452330355 0.397009115399126 0.340035228754 0.496582969259017 0.489578304063543 0.422937258261981 0.494116583174779 0.513894502974461 0.499476942656761 0.483299939702943 0.512163812258502 0.456035030764066 0.447062468727128 0.353523668182635 0.341073357778923 0.383391167886067 0.450045101624283 0.407296131332477 0.481276399415314 0.408495617799677 0.450734246533843 0.480261322182677 0.535790084409786 0.368592878192411
"mahabharata_01-adiparvan" 0.414212930531045 0.351066612327506 0.426231928149676 0.345261428880646 0.323810208430167 0.412446799513364 0.364323769355898 0.386842325879349 0.375061603511585 0.362556217756994 0.423544656895654 0.310892379546274 0.358438077142885 0.360120524584616 0.351221128304743 0.425592540167793 0.325047200889917 0.41364548683425 0.351206639242693 0.258199403426861 0.446897766150713 0.341856355614333 0.394175820503987 0.412132208980697 0.403151731723818 0.438717895387725 0.273338343294319 0.330016810271662 0.384071232180664 0.363696971124801 0.235382309010468 0.360575326141488 0.578204889580661 0.384505981670475 0.508606929089533 0.453235442101977 0.504036291532967 0.481891798911764 0.56683183790974 0.418277106344446 0.385618571176724 0.402077360210939 0.36399651634614 0.407145278000878 0 0.346170323819061 0.213567841088645 0.151243408622146 0.239010223406252 0.199822935926164 0.294753528612562 0.354130351172661 0.291134490962842 0.297762057998162 0.256532810688674 0.275053071232367 0.307206678634967 0.412124595472209 0.221143361409615 0.221722838270014 0.357613941051958 0.354299563704695 0.214897732379147 0.271961739834448 0.354078530281327 0.466377349595936 0.396242189904097 0.330834375627462 0.457127780672574 0.328185249918905 0.310950602098635 0.328414747383271 0.396102292577948 0.379681095097642 0.397277040016546 0.285411934839083 0.40029083673641 0.470380367902703 0.277323713954959 0.26626462938391 0.313846662535722 0.30213768159239 0.319151364918338 0.326879626357687 0.269585936374917 0.371023794047076 0.478913636717821 0.440591031509226 0.475072913573286 0.469663347505386 0.382649240048178 0.493642062948561 0.430469696300983 0.35317169697197 0.400081583889187 0.452628615841521 0.384978106005179 0.381227092712651 0.324537437439322 0.441326811800253 0.353049249478996 0.497824078329448 0.300241672484328 0.417118309796575 0.335738369022141 0.516367637960229 0.530277010977361 0.441435705288184 0.523517305405562 0.522957111158265 0.501114831149212 0.494165342250978 0.490707712676937 0.485201264669881 0.493600132451561 0.374235786920123 0.370948018582504 0.30414262948628 0.426926386414356 0.394170375580726 0.485760055181282 0.424544143901144 0.42459623626317 0.485753710297769 0.537060347741289 0.354104690227802
"mahabharata_02-appendix-21_sisupala" 0.461361217202641 0.42870373000192 0.484525172259728 0.429977647462715 0.417238821426396 0.473330121155022 0.434409633539111 0.45458242768766 0.429509799523404 0.433248817968511 0.483697442526813 0.388224864987478 0.443265534480788 0.433655117055244 0.421918854091252 0.487844258900127 0.406481961229303 0.444765879459445 0.410338735744108 0.372445943045812 0.493242802618176 0.427085539172712 0.440855281991506 0.463127784683909 0.474074687125234 0.480491323281996 0.339728610168201 0.37315198004561 0.420097765702249 0.365339005366998 0.31891458406861 0.426719837434535 0.596737809749913 0.457557328658487 0.539552077653553 0.502977970182997 0.534817444086704 0.524896779672036 0.59066900287325 0.468782147779758 0.429189778484324 0.460131553882363 0.415061009091009 0.455090646856854 0.346170323819061 0 0.353800344795384 0.335881568295619 0.380889957319905 0.365201500596565 0.367821741627701 0.412883876400354 0.375948886331916 0.37812531801617 0.349534550046991 0.382476424086039 0.416226366673005 0.482510357731518 0.373813463615139 0.358846493661199 0.446370388848418 0.436162503217038 0.370523862503938 0.405631388916696 0.406469736617066 0.52781776053095 0.458534440041135 0.438779651833357 0.480883805976799 0.446334748996988 0.421260474389634 0.403121135108215 0.451917882888015 0.454402558873855 0.459460215793882 0.373004432252758 0.459244014277783 0.509588590704307 0.371313889910162 0.396976806377006 0.40034489808943 0.382131260197065 0.399934404287643 0.38086350976117 0.362061628985738 0.432288461525538 0.509460334040356 0.48710349766564 0.517661938105596 0.5250412850408 0.44184941374473 0.526444433687735 0.465545641455542 0.431809415531364 0.462601925669396 0.50715974051116 0.430801247614737 0.44459085367917 0.407264604384004 0.491181255821389 0.414701160583179 0.530776666297895 0.368393171122695 0.472856298371636 0.394526118540664 0.551403396572645 0.568760177743729 0.478929384510615 0.533848721486761 0.559030281411702 0.528389102547139 0.545485692232187 0.535842292789243 0.519402582247937 0.529014022835327 0.4481093686506 0.429373997947082 0.39711412195855 0.4626511388683 0.456289234108422 0.529126708586152 0.486565992803666 0.481353784051552 0.517695980247564 0.578725405993118 0.438413837582489
"mahabharata_02-sabhaparvan" 0.439023810615518 0.37398709281224 0.448061561028793 0.380381940897876 0.36242773933873 0.434640284850617 0.394856515595735 0.411959108570717 0.40016102245894 0.399656730384993 0.442067032493581 0.338629551518723 0.383357483158639 0.392704420007413 0.385007485947919 0.452178498603859 0.36996486219394 0.438475772830916 0.388650826710083 0.315377281338981 0.473971703861222 0.381808560554262 0.420387421803553 0.43862811412199 0.428215106294517 0.462977151793906 0.304622869398726 0.353284765828528 0.402787133678851 0.376860433743009 0.266620166058726 0.398903780939193 0.589084362898447 0.416695438907496 0.530165758631662 0.477895324568369 0.524345881441372 0.508411860982895 0.585368055810313 0.44234930348028 0.419798565026562 0.435283958709363 0.399220606081035 0.43455883994277 0.213567841088645 0.353800344795384 0 0.202419339981489 0.246720378689537 0.194198827246055 0.287981304335547 0.371127047259012 0.291302722574422 0.292721661006126 0.257323879965086 0.291303498259984 0.311197081447809 0.438498467808936 0.250977879675898 0.257523966105512 0.38387321744761 0.370793293997858 0.251417074122581 0.267237949634078 0.372033952533797 0.458981412398311 0.387817779271476 0.374800716405167 0.473754524004279 0.379284240648834 0.358693561695807 0.361214588437487 0.426197200440525 0.412865284442539 0.432141394966039 0.330869432673726 0.434983531918842 0.494695549380869 0.324960619313429 0.304219510705152 0.354694728975417 0.332922723149865 0.353906319911145 0.351018733335002 0.314630149351069 0.405168204070167 0.497978488681836 0.461816023699094 0.502967203595637 0.498908702828136 0.420421475447544 0.51842939419151 0.459014865185984 0.393364126639735 0.430751339945687 0.480057189028735 0.414659943836912 0.410647200147745 0.360547942054978 0.467803110622192 0.394203938740553 0.51880495090687 0.339892163873026 0.454262154821913 0.373333634691316 0.534660726435122 0.54696731879132 0.467192755573763 0.541274521432038 0.541194431441111 0.5182957381754 0.515568151956056 0.508619387594695 0.501970757554673 0.516030010996364 0.412070515161309 0.406372045840371 0.337821483348554 0.455590687767339 0.428684004769258 0.508904406450666 0.448465309250883 0.459201841838218 0.50239889269856 0.550850947478913 0.394473747946375
"mahabharata_03-aranyakaparvan" 0.405318279008006 0.343625762876999 0.420664628837298 0.33393091148741 0.315491965735124 0.402924317824767 0.354491268781154 0.377900864451056 0.36485712111845 0.363605094344412 0.414416533219963 0.299802936015929 0.345392414652117 0.353541405962681 0.343286005009185 0.42714415853664 0.319776021955257 0.400871272492845 0.341347408506534 0.249066916053954 0.442007514825042 0.33645101064736 0.381674603433437 0.405105551670814 0.391025874661332 0.435785833885565 0.257011127482662 0.318546182004348 0.373526662380107 0.347404805764273 0.218918557355773 0.35186349308939 0.573324820789637 0.391019138327297 0.513553798655412 0.456015856077232 0.505943634097509 0.483121520668078 0.56695178855063 0.419627731455099 0.380335445032744 0.397460758303269 0.357687025952545 0.401426507878406 0.151243408622146 0.335881568295619 0.202419339981489 0 0.227173747580297 0.181663954484202 0.276828605637232 0.343409294133884 0.27403524632813 0.281196137755625 0.237719236522855 0.266355165278935 0.292738089087306 0.406023557266192 0.197966758887741 0.199659242625665 0.339366145637228 0.338586734908166 0.198923295356948 0.271286845200192 0.356117613945946 0.461814966036126 0.388917118705701 0.322293762217389 0.444521843435436 0.331948204471035 0.303172805537412 0.314709797069208 0.386294559970455 0.368030438690751 0.393125859990916 0.266127818775763 0.389658383089635 0.467465250878303 0.270041377493643 0.242630868458719 0.283545872374393 0.273673161778822 0.289560453940148 0.296127933184848 0.246121276383961 0.361178090519844 0.468938153589476 0.43146012504512 0.46788432148969 0.463894221292889 0.378191963491789 0.488487772319435 0.428389511197664 0.344760880515019 0.394846626793361 0.444801120289008 0.372861735362772 0.366712019296109 0.311064101669276 0.438136034620585 0.345936497427364 0.492224183558124 0.279459851940511 0.4079454558801 0.319317434898592 0.516523713635563 0.522968762988992 0.438373841325414 0.51683790093537 0.521545892898298 0.499838461601543 0.48987123782179 0.495867033216216 0.475838706296523 0.488982957773609 0.360996068531199 0.360710649883715 0.293576364514048 0.421165836299162 0.394809604514844 0.481253638161704 0.420994511068452 0.430284910319224 0.483086681176312 0.536511430664414 0.355532373269618
"mahabharata_04-virataparvan" 0.44526714350608 0.394890977788316 0.46132484867669 0.390721299671277 0.378838608903713 0.447903930358591 0.413845149280496 0.43042745545807 0.417701167643097 0.411377271202853 0.447716853245167 0.359339656282099 0.3976856079189 0.409142743748745 0.403711059756498 0.471058063265085 0.386287287082582 0.444572041355848 0.403108280693881 0.338144234678368 0.483360121785343 0.401423271892613 0.424396600300855 0.445568783870199 0.433754721473548 0.474806062972821 0.321628711933315 0.360333527245153 0.419943191676976 0.378361876255189 0.283781769713296 0.4095072064008 0.592071462358907 0.428971859447735 0.534030654143542 0.485217979312642 0.535672267964077 0.513177453011387 0.587147587801999 0.452911339010454 0.437460536564276 0.445380624212356 0.417216727175434 0.443587563294305 0.239010223406252 0.380889957319905 0.246720378689537 0.227173747580297 0 0.22415872312804 0.276086268864336 0.390178479383342 0.265049237809834 0.270390813563234 0.268589526025957 0.294538630021893 0.313273816271607 0.452535959303756 0.284101844263214 0.294122374391881 0.399317473259055 0.389696420551432 0.271493781584614 0.319844376415852 0.381905699633754 0.478462625707166 0.421904681376185 0.389586697426728 0.478561288301707 0.390595253888446 0.374572347883896 0.370675760139109 0.436818029446933 0.424115837907958 0.439868879380909 0.347314051966212 0.452416716730761 0.50056101112201 0.339316048161119 0.312184530740036 0.340440378968859 0.332582515511951 0.342856933256339 0.336490733523152 0.322922882832279 0.420747284469272 0.505533731044035 0.464469095291756 0.513220974040987 0.503968343175425 0.431938522260208 0.528030573775839 0.471126380440089 0.405183543854119 0.441930650390856 0.491263384710799 0.424084193693779 0.420417329870676 0.383700904290971 0.477092922536619 0.409376100005262 0.516679764082572 0.347759875385501 0.461548893377296 0.386037841730456 0.544513450858214 0.544156591461687 0.474478539268197 0.544787061666662 0.545471534004355 0.521319930975484 0.521076857032471 0.520158296377781 0.504135328125163 0.523181336020775 0.426360314814199 0.419284255649893 0.361353300889741 0.465161961249635 0.446440422454536 0.515214884405064 0.461730557481145 0.470546894745991 0.511658959479385 0.562839928767686 0.415048090407797
"mahabharata_05-udyogaparvan" 0.425866771917202 0.363580627320098 0.439544797558207 0.36360701897313 0.348091393924597 0.425444163142484 0.382195215564615 0.401199192591008 0.396088454188288 0.388277645404386 0.431712905151632 0.334053902974822 0.361706532665391 0.379403006325059 0.372661446416904 0.44572023989887 0.360105246996916 0.428795842469478 0.378348022450263 0.300768686640237 0.458711537844485 0.367572645757599 0.407062166436717 0.423748181345132 0.404412206786827 0.447808136822973 0.295885714308461 0.345401777245443 0.396576784414251 0.379723939868818 0.259757044859984 0.386037706613121 0.577085799038817 0.403737326393004 0.517839457976352 0.468227955643859 0.519662202992069 0.497359564107351 0.57608024753707 0.43222641768231 0.409955114729785 0.415609773969187 0.391180884091222 0.425182316042118 0.199822935926164 0.365201500596565 0.194198827246055 0.181663954484202 0.22415872312804 0 0.268935020049216 0.367072086114434 0.272189131271546 0.274956775893879 0.247446481946215 0.272403507240686 0.28305032692661 0.416804769529208 0.209222287345587 0.233142677874092 0.355668287558461 0.352507138553753 0.221619049527131 0.272327871901488 0.366323497145083 0.47249835250112 0.399161238705202 0.358323953360843 0.471677003808519 0.360799003901903 0.342386684235419 0.3530046574571 0.412360948571333 0.392292690727246 0.424635350568052 0.314356943652255 0.424772022416722 0.480411385473602 0.319159013584061 0.283239013173326 0.339866955232038 0.32033527573972 0.34250068496157 0.342627763719084 0.300160872544431 0.392407254064503 0.483179068582568 0.446694547842038 0.493834633906901 0.483821584334701 0.407787029570898 0.512025128656814 0.45537943885138 0.373504628339344 0.416305473794097 0.460909177712923 0.402034949228234 0.395197300672114 0.351647769172935 0.456561203806168 0.382231016022889 0.502589898364718 0.326670800673393 0.436604320976861 0.359859908184825 0.526191233216706 0.528492722915876 0.459811533194593 0.54347392690519 0.531486473965354 0.514738916382035 0.502271879035663 0.509710103704985 0.497149242882285 0.505846873834066 0.398056075014413 0.397830950043008 0.311316036103932 0.44983988714018 0.417665225095276 0.505499083041713 0.435333753924296 0.449640811215179 0.499230703763923 0.545818388756408 0.383373771529843
"mahabharata_06-bhismaparvan" 0.451790357461672 0.412738156713689 0.471904321202762 0.408241583145437 0.397554079059759 0.461593046559038 0.423504974883013 0.44877175729814 0.424559386488192 0.431088320813685 0.471029470897051 0.376010604994513 0.416219603777469 0.422793978360404 0.422649940168684 0.480558137308757 0.396658039643043 0.437926502581117 0.400797730812348 0.365048070616132 0.490902262254412 0.423313407048212 0.436464580895133 0.455192559059429 0.461697700471909 0.488781396574614 0.337838079624073 0.367985026985524 0.4013220222628 0.333515865422718 0.31325053588836 0.4270375836148 0.600135137352955 0.447926421108751 0.548487743758633 0.49317610989538 0.533985782460034 0.52175611923887 0.589757633857436 0.467491955118459 0.439441516353365 0.455641745963727 0.416970936242135 0.452538707210378 0.294753528612562 0.367821741627701 0.287981304335547 0.276828605637232 0.276086268864336 0.268935020049216 0 0.407679570228926 0.17531586825882 0.188810874340894 0.205145518336219 0.298373640845592 0.337149742847449 0.46845947078322 0.327742603408231 0.335626492667245 0.415229982745601 0.419737334157738 0.313691697548973 0.352285138897826 0.390172423669214 0.508525476785794 0.433196203930502 0.417980778451141 0.472713734383951 0.420747382487395 0.401018228491569 0.381029437872823 0.44227393878415 0.454439824611398 0.459687492623106 0.374789236230248 0.46122754781662 0.508879722466629 0.369112400615262 0.357033444967456 0.366605277985696 0.356815310319123 0.371870374159022 0.320388005367018 0.345082095852473 0.42745955865438 0.511764306199586 0.466849436385668 0.512377798951195 0.522569158937702 0.444238974507414 0.527116221212726 0.477181759651123 0.416963655901604 0.444579620477096 0.493075870133909 0.422054910076978 0.441218673106204 0.40143667744512 0.480950835425657 0.424698730447721 0.519358913938196 0.348230910740547 0.477065722750665 0.393450093227736 0.549748465517651 0.557305417418356 0.486882338218984 0.530618447940793 0.557601739305101 0.535220542241657 0.540581042912213 0.53346702576736 0.50686989797388 0.533073414882698 0.442429445197863 0.423751068299422 0.389754459107415 0.479186520376863 0.456023334321671 0.527162652201103 0.476475323849907 0.477098430657293 0.51853276801438 0.567753612326208 0.42666260088642
"mahabharata_07-appendix-08_sodasarajika" 0.475945591856077 0.435822558482157 0.486532852865143 0.43001356517325 0.405272627264568 0.480827564235606 0.44030643637562 0.452447424118606 0.445046972885225 0.437299676928167 0.492553747852938 0.408415995896289 0.439737209459162 0.430244782226006 0.436302947475487 0.47707175778864 0.429290018908827 0.475256964199741 0.437152542778834 0.37337107500854 0.501934929244432 0.437910574318687 0.460804059067535 0.483179991501623 0.471435201272937 0.50497649107213 0.38365688289223 0.426275523653833 0.439544067268157 0.42071919082583 0.374572975451289 0.44622126040343 0.605086646303099 0.46048795402592 0.548291301907515 0.502380720117607 0.538587929987467 0.519368098524423 0.591306511667647 0.486287525518036 0.455005679462387 0.469763054418697 0.438065959594595 0.472163333331193 0.354130351172661 0.412883876400354 0.371127047259012 0.343409294133884 0.390178479383342 0.367072086114434 0.407679570228926 0 0.402134258623914 0.4008936728273 0.384208672553777 0.386000104309783 0.417595289348955 0.462641054067398 0.345812739743979 0.344443559235574 0.42461714423552 0.417700717515655 0.35883464525596 0.397450876137087 0.448065010316358 0.528202683762695 0.467923890692306 0.437061751077538 0.509323514294233 0.431402574553909 0.423391058400939 0.418508013510121 0.460958224545694 0.460428786276514 0.469887149868683 0.401599514033907 0.471739165705803 0.523938689078989 0.387469295407662 0.394367709211541 0.422850784459273 0.403082006799331 0.424838576946534 0.422224119017455 0.386067871806864 0.451716327859197 0.521384346849524 0.490573510421573 0.522263389115939 0.516285256189382 0.464156470616699 0.537283458516333 0.485172415884463 0.439230888453653 0.467061702883865 0.5047260752222 0.45272245620274 0.460476934470234 0.407494052874549 0.509360952594778 0.433851295142925 0.532760500033809 0.393831647634712 0.47600870571214 0.43103383120397 0.537276858328279 0.559275757766287 0.496223334199549 0.546659320307527 0.558103571012718 0.534000234540985 0.522993336345103 0.535049598436586 0.51162668876627 0.534466127488592 0.454045113019792 0.437567090339773 0.40771619205516 0.477765931268951 0.456968057164699 0.531008954027082 0.477882308910551 0.488932771457853 0.547671023578007 0.576318823767636 0.441048994208978
"mahabharata_07-dronaparvan" 0.442473025946834 0.406702411322988 0.465855088154081 0.398295136332254 0.388788196877115 0.455899572635619 0.423668250275263 0.44170824056215 0.420223668512914 0.422599097133856 0.462069268926052 0.363800586591461 0.412059346774311 0.418599441285542 0.419352887966815 0.484202221859549 0.393226952944132 0.435655444790925 0.399414306991286 0.359837980869696 0.493828921988296 0.423159350443634 0.434557658892702 0.446942388895923 0.456455542385202 0.488241867135145 0.334364308502171 0.358320626596426 0.417455954496056 0.34263631565624 0.301623109840852 0.41869829947374 0.603196250227699 0.449224669737363 0.551237165307687 0.489774409969164 0.539990862574113 0.524739888021771 0.595844255088383 0.46355670533134 0.441200288797307 0.45553162953776 0.419702830668423 0.452793406570635 0.291134490962842 0.375948886331916 0.291302722574422 0.27403524632813 0.265049237809834 0.272189131271546 0.17531586825882 0.402134258623914 0 0.144685558017888 0.205791644895341 0.275935959767649 0.331636569190121 0.470488092213777 0.332861493988479 0.344485537476266 0.420410353903936 0.421949503454788 0.317061733384663 0.360968281589634 0.383306804266743 0.507464076345067 0.433624321356701 0.415521999256767 0.471924676611337 0.42069387146887 0.398678640298196 0.380004985452387 0.436944195481583 0.452640997325255 0.455437871271203 0.368528278274123 0.456783375857075 0.507274296612124 0.365674285208975 0.350970263656643 0.357410299032361 0.349179315952117 0.360098749950821 0.306975386693088 0.336423034392518 0.425678269032657 0.510996775526525 0.467499248265702 0.508484224243509 0.521638540051046 0.444113124863555 0.52925722044747 0.477658942473366 0.417814218068604 0.442551156988414 0.491843544904912 0.417573732674179 0.433801141924625 0.404929076807145 0.484144042056851 0.429082193433084 0.525289338563368 0.348248359196277 0.478452684307979 0.387903522613532 0.553252372700306 0.558895669055208 0.48817081689819 0.53405020242541 0.564013759609848 0.5383896562219 0.540298897309546 0.535734967188205 0.510076835998616 0.527931687356111 0.440246247784197 0.426529544516187 0.386050300900911 0.475465551718961 0.462742471469555 0.529926860438099 0.47869626542133 0.47324410851671 0.521615546520828 0.572199730367212 0.42791445404404
"mahabharata_08-karnaparvan" 0.442244784026258 0.412766596579668 0.471671228285812 0.405337615857205 0.392506818177421 0.459259697812568 0.424917386311927 0.444461096457593 0.422125801270836 0.42604734256055 0.468238658733154 0.369629199238291 0.418066749112761 0.421589040631446 0.418198649563994 0.485760410121145 0.394867458461629 0.439174096752636 0.402711551110167 0.363830821628798 0.49189144840447 0.42318533812225 0.434436258926935 0.447650620414221 0.456163895861598 0.488695946036583 0.335985392347744 0.364605357752727 0.418054731307991 0.347222342112521 0.31221257099394 0.420863607911844 0.5964155659278 0.449195076231335 0.548630767563369 0.488761368460986 0.539489162680541 0.524863821822225 0.594751358987174 0.46300993116328 0.441641383342232 0.457810077322678 0.418315743018387 0.452617959600158 0.297762057998162 0.37812531801617 0.292721661006126 0.281196137755625 0.270390813563234 0.274956775893879 0.188810874340894 0.4008936728273 0.144685558017888 0 0.209843691166292 0.28263637082982 0.332719275316637 0.472003517535457 0.333480132073163 0.347557621448195 0.422447266907087 0.423050428828497 0.320334914890407 0.361153586565628 0.389883753945515 0.509535567482708 0.433581001962601 0.414843542599545 0.470408008400964 0.420650038436313 0.399051814650445 0.379488304671607 0.437696835781046 0.455278245684535 0.455151730286518 0.37143850972832 0.458310994876363 0.509523276311194 0.373945297012415 0.357737899144764 0.365817786293323 0.357597317665374 0.368517140513033 0.319448818825844 0.345996337047271 0.428237643311155 0.514053874185596 0.466008044627972 0.511521702478208 0.521040968500396 0.443218768466409 0.531966727676422 0.475927616859777 0.418925468992722 0.445125194139707 0.491360835830388 0.419548100157479 0.43647114897407 0.400525579217961 0.485592867057288 0.43192043161292 0.527313415510577 0.352648310467437 0.478310947559972 0.388276811817811 0.552782080466663 0.560534563234862 0.484551042787 0.530942479372363 0.562840177852831 0.535094023681757 0.542991463307243 0.535686190429788 0.508138076267955 0.529325304921828 0.439746418935345 0.426796516851437 0.38953778318845 0.474191230637579 0.461346898307094 0.529457237072264 0.478152182492158 0.475827400186539 0.519199359341281 0.568569091024373 0.427030801287352
"mahabharata_09-salyaparvan" 0.440106763866681 0.401246671022666 0.465322636654938 0.394792605836189 0.380795040101475 0.453244588007875 0.412001646775233 0.436630211226262 0.41380556563901 0.410559780094819 0.457910797553927 0.357113941059753 0.41249959462113 0.416075777955139 0.399539747795064 0.467154538949109 0.369902190832173 0.430210392102278 0.383810418358521 0.33101956794669 0.482615806966969 0.39978570242548 0.423051023246752 0.446090178153319 0.448358746807719 0.4765901312136 0.311894708103523 0.347229892971722 0.404224816699452 0.339485797323084 0.285639080137737 0.402523503251235 0.592496481326853 0.423992152395308 0.535061114329265 0.474723313602999 0.527059085286209 0.510250245342492 0.584717106703086 0.443233992192575 0.426653477584125 0.445297993710255 0.399069149710247 0.440782436731921 0.256532810688674 0.349534550046991 0.257323879965086 0.237719236522855 0.268589526025957 0.247446481946215 0.205145518336219 0.384208672553777 0.205791644895341 0.209843691166292 0 0.271661099199138 0.321052537099411 0.45492468246554 0.305375498259926 0.305527394081151 0.407292763228063 0.396722926718494 0.285512589667386 0.311621347973176 0.361159927365064 0.481773852204171 0.406343394624041 0.393505832189084 0.459802395343216 0.395598689833438 0.376007432588777 0.366435800414422 0.428696906286622 0.434711051034204 0.433571016281583 0.346204045379799 0.446307454268645 0.50768335517386 0.33062377539796 0.3332125824782 0.348233538669946 0.334508494726987 0.355592766765316 0.312620478977026 0.310380696132741 0.412286424577422 0.504496622944415 0.46699318369219 0.505213224906602 0.499951486399354 0.423686117813889 0.523489374365985 0.464135480588102 0.404257295658224 0.437027923284692 0.485671569787356 0.405777622543371 0.425854201522264 0.373077236339119 0.477200656986598 0.403670990910228 0.520889790075089 0.328364318474806 0.451320711835222 0.364819776452484 0.543003638660973 0.553892458995057 0.479181841492339 0.528248930736215 0.548677246882145 0.522427131254597 0.530733000402345 0.519041245088043 0.504063924751806 0.515460008884722 0.419505596449861 0.407416506071527 0.37051904496997 0.467598342096979 0.443631634756688 0.517903730292273 0.461348640076966 0.461944413505521 0.514190397074342 0.55980018454786 0.411242066197714
"mahabharata_10-sauptikaparvan" 0.440913564430742 0.396194775592834 0.458375185974135 0.392230227724338 0.380068178251786 0.449736171386179 0.413827769407095 0.429972446073144 0.421486274143806 0.419762724037888 0.450875964446592 0.367261956568953 0.40779669649901 0.415911946987754 0.406945101789374 0.468188722081278 0.388384121615583 0.440232485311122 0.396039110874118 0.347190870996655 0.479185495359108 0.408578520066575 0.430540467654294 0.448803327343299 0.441745760212349 0.475958538245128 0.33237055546225 0.368185683234199 0.420175083935493 0.376007283940613 0.301873841244882 0.41034331954305 0.592919188434886 0.438200769545463 0.538634377879646 0.484928583242061 0.525730074500727 0.510280802693957 0.584578832308961 0.455692328125455 0.430788773892015 0.438985639092821 0.410892583149447 0.441497386804849 0.275053071232367 0.382476424086039 0.291303498259984 0.266355165278935 0.294538630021893 0.272403507240686 0.298373640845592 0.386000104309783 0.275935959767649 0.28263637082982 0.271661099199138 0 0.316342192771157 0.441874828873517 0.303525871999183 0.315325296942222 0.392627482586243 0.396151098585288 0.296421368262581 0.349480268671734 0.381175796298863 0.491313112084089 0.425672339158104 0.397452004187958 0.472707033994919 0.405438615176045 0.383686004954186 0.379238480802451 0.437148812818397 0.432277159721141 0.452591890961828 0.357116301267389 0.444108065721634 0.499057530023271 0.351290144733556 0.338144462396687 0.357383506880053 0.343264065111286 0.358391294925762 0.347765654685144 0.334007899400709 0.416907616590973 0.500909905749409 0.462292620396239 0.504660697163486 0.502922493881207 0.432359519661528 0.521843260788714 0.471799796606328 0.406575292512718 0.4363164998177 0.481597997965748 0.423558775445511 0.424583666759164 0.390850976561126 0.474586777314498 0.409148702374254 0.514616936898792 0.347483841549505 0.46095380041819 0.385822330880294 0.534953678937842 0.540853833231402 0.476599185552947 0.545305708419222 0.54399673714058 0.522412242232583 0.518420357600455 0.528909576351595 0.504857102622376 0.518409415196965 0.430043484149009 0.41812337361238 0.364440436011774 0.462455922165276 0.444407330971333 0.523006977064778 0.463020328643282 0.470226546031472 0.519064221279229 0.567094727418873 0.418890968997777
"mahabharata_11-striparvan" 0.461954909734252 0.410813987578514 0.467697966859086 0.410710104046543 0.393742069476356 0.45706813948181 0.428489804277753 0.448221561254653 0.438960304097266 0.43445432242336 0.459794914478409 0.381994797675343 0.416719872997778 0.423255641395735 0.424133318412671 0.490978961508763 0.41738102683685 0.461127103589133 0.424740824946243 0.377617343735679 0.498920201671299 0.422909558048891 0.449618895250324 0.46251138146931 0.449853513691044 0.491116886709236 0.362719092381405 0.403933951521536 0.42591495230763 0.408682314239342 0.330129839088365 0.439281215452088 0.593010736964273 0.462431711314772 0.560551637839684 0.504934831558136 0.550780943690814 0.534364512437381 0.602537232595265 0.486813315409213 0.455435979802764 0.464973312375817 0.441934574118405 0.461460491509688 0.307206678634967 0.416226366673005 0.311197081447809 0.292738089087306 0.313273816271607 0.28305032692661 0.337149742847449 0.417595289348955 0.331636569190121 0.332719275316637 0.321052537099411 0.316342192771157 0 0.460842445886136 0.3220483803092 0.338535418700193 0.404284374791108 0.407481207695598 0.318726878374113 0.342318449851562 0.401813425833225 0.494166887546475 0.426470857527686 0.419344053611614 0.49759155711157 0.421388234871108 0.407766472745285 0.402920550550811 0.450211034033198 0.440336319154582 0.468466256680442 0.383396470520144 0.468126338226853 0.51824247319884 0.390845136593353 0.350284749467102 0.377429151196938 0.368566153402564 0.374144400921167 0.378985335344046 0.374171606314388 0.441546962997649 0.516478538644038 0.471006735544709 0.52616858670488 0.509519676255846 0.46131241444851 0.542617231362408 0.499850159692878 0.427990682210575 0.458900863681873 0.504108636497558 0.453164922193085 0.443139767293468 0.409100956599107 0.491278636745403 0.443328181536544 0.524394176470665 0.39014763262213 0.485166609713103 0.418787672508332 0.547406972247767 0.552226529045335 0.501573236079327 0.546710717865498 0.559705635939614 0.540904726431295 0.532728035164674 0.54059181839718 0.508487475056058 0.535651943500795 0.444851336403323 0.438174113833392 0.38071348102129 0.475393032867429 0.466223188315983 0.534481932329661 0.478195499204471 0.486641777822696 0.526884006658313 0.571949307734542 0.438755665375817
"mahabharata_12-appendix-29_moksadharma" 0.496381321777375 0.466181516914465 0.484248488648692 0.429035955372533 0.43321095716077 0.466880154582989 0.460360786085703 0.473688633927226 0.487172310294153 0.495240190493013 0.478980156031822 0.456045336721259 0.425567028883307 0.445098311476978 0.462820260638123 0.503355078968228 0.46657427790583 0.500392209739405 0.47005275554292 0.405860880140361 0.492178562921501 0.465637057716351 0.48242147613341 0.499031815433492 0.474088681285803 0.49697264036582 0.42994076334885 0.453260955091866 0.464176563204959 0.483923872917455 0.429563178266685 0.469861344491824 0.592916868040662 0.486806198013716 0.549075563444289 0.510458293017551 0.528544332303615 0.50566590895846 0.585572581032411 0.50819887655904 0.471187800293202 0.457567646402156 0.458908748176162 0.479216095602817 0.412124595472209 0.482510357731518 0.438498467808936 0.406023557266192 0.452535959303756 0.416804769529208 0.46845947078322 0.462641054067398 0.470488092213777 0.472003517535457 0.45492468246554 0.441874828873517 0.460842445886136 0 0.358258342486372 0.385937265605269 0.424687471730995 0.435978599807378 0.39128517415422 0.455126926884539 0.49669329763699 0.555062411961302 0.511155250362801 0.455262213078382 0.5399406464945 0.466751959827225 0.45105135015786 0.454474726595154 0.479956096693232 0.481840922075412 0.501106912585112 0.427222377596128 0.490286699712531 0.493367039418453 0.438862136491795 0.436730767915816 0.462211957424046 0.454353995720491 0.470193266186277 0.47858553782745 0.437884386430998 0.465550476954194 0.529118498389099 0.485524524140456 0.537315027759705 0.525637222334538 0.48404438810852 0.534094173040074 0.510070560634682 0.455675954346908 0.464926930992502 0.495051451245952 0.485646823017746 0.462809408277819 0.441105102657463 0.487744407177819 0.466198774988796 0.48791076346376 0.441207757511055 0.489242206321321 0.463576934828722 0.550164065035813 0.538371367110706 0.509262863508844 0.573070734546171 0.56710931295041 0.56556390402337 0.532496524237773 0.571061890911628 0.519395949917367 0.553748312720409 0.467403848462658 0.466070888735977 0.401839226570845 0.497666644544024 0.479387903915929 0.54043146826016 0.497126760413912 0.511531351035703 0.545314425633892 0.571077384120039 0.461753093522275
"mahabharata_12-santiparvan" 0.401019226204989 0.3474369745556 0.406272019270446 0.321651870948152 0.312465839260767 0.397299300704592 0.346933364283628 0.35938740472483 0.37152687880037 0.377444471866042 0.411589248725787 0.321968801395371 0.311442363442484 0.344421053275359 0.341924433065494 0.417187368769182 0.339832381164949 0.412485659436429 0.355443275591462 0.25351585848947 0.426282213161147 0.33720104967866 0.380519832645527 0.397893345024312 0.370607506433528 0.420578760612783 0.295638319099863 0.340972430768101 0.363512708128657 0.381710393729073 0.267952585560856 0.362916968728666 0.561869809659428 0.398721813566161 0.503602623578571 0.460217584160639 0.491563031760194 0.463874329978883 0.565347226058366 0.430890450612527 0.379322179677825 0.367912511489908 0.351127930810428 0.395784926228261 0.221143361409615 0.373813463615139 0.250977879675898 0.197966758887741 0.284101844263214 0.209222287345587 0.327742603408231 0.345812739743979 0.332861493988479 0.333480132073163 0.305375498259926 0.303525871999183 0.3220483803092 0.358258342486372 0 0.169404214534401 0.287532834516977 0.301445337824522 0.198720458311349 0.304920026053489 0.392261767417901 0.483089536059829 0.415106374374986 0.326228155384931 0.462705622477603 0.343996941200067 0.315434475602122 0.31986279913817 0.377684299987455 0.362366696737934 0.400863945039714 0.290251837771179 0.398576759127213 0.443420556429927 0.318191849664297 0.28347060563387 0.33736085144478 0.318212050788601 0.344569585799646 0.351697762796874 0.301130135774237 0.355252019325748 0.451673274797622 0.409512158427448 0.469048090219062 0.461639254947711 0.388133007285053 0.478038681097566 0.434796076909993 0.338941977950509 0.375444327479341 0.419183905875297 0.379089515157765 0.357703387317422 0.313037434981315 0.413213788711998 0.35663066716018 0.455457501322761 0.30723066766542 0.407400117458386 0.345827938349633 0.499357945394217 0.494791160249348 0.435266952488531 0.533128232056441 0.515441440909659 0.502771882811032 0.477078103822961 0.505756170591863 0.473261687226706 0.488712408614326 0.366852883572493 0.363948731366071 0.259180289395784 0.428055011368812 0.384112755146253 0.47611552233869 0.401786178620825 0.440171101285623 0.488360170765371 0.529597484497252 0.354754416891593
"mahabharata_13-anusasanaparvan" 0.401531559642991 0.357780323810426 0.422576001583345 0.338876552923298 0.327291837035646 0.40976841436364 0.354910434485881 0.37997036323925 0.374209901716946 0.37773778662452 0.423682461623807 0.329276867319144 0.341469179549977 0.354450650481801 0.334438788204225 0.412245783635916 0.34181814905906 0.413995852114627 0.354771275467514 0.241712979192529 0.437176422669334 0.337835606364557 0.373494753836982 0.398393102051126 0.37281669203869 0.423387443863931 0.281172310418041 0.349353619964648 0.362871256600219 0.371791283667187 0.262156417272644 0.356754312853563 0.562031393027472 0.391924708625838 0.502965551085897 0.456805213145243 0.496603253176319 0.469775370317411 0.562722992567843 0.427370331792358 0.381620615003249 0.37174003895339 0.343772163461546 0.396502887900674 0.221722838270014 0.358846493661199 0.257523966105512 0.199659242625665 0.294122374391881 0.233142677874092 0.335626492667245 0.344443559235574 0.344485537476266 0.347557621448195 0.305527394081151 0.315325296942222 0.338535418700193 0.385937265605269 0.169404214534401 0 0.304467947877458 0.285755733465281 0.227273197412284 0.302490622536084 0.392403881938017 0.482733025568677 0.406560937414426 0.329771777178245 0.459071735738524 0.346612848577489 0.31659019060611 0.316123714151148 0.380142249048152 0.362314237204341 0.388731134488611 0.292428012312585 0.393549471377435 0.462338186407489 0.310560007838876 0.294528565056083 0.342856551989607 0.326622029126182 0.353491759255317 0.359490815206669 0.300331126438303 0.356212916475129 0.452789798846224 0.420325219929398 0.470143290885139 0.453351411999646 0.388611482388316 0.480865229076153 0.434258892466788 0.339379235127214 0.392987280864719 0.426295495147451 0.37492794216898 0.365077988096464 0.299174679645302 0.427954910991628 0.340165834137824 0.478138861514761 0.300532376554408 0.400644880142447 0.337812377971676 0.500941149151734 0.510009951187314 0.433324490190391 0.525547836900583 0.512030083765469 0.495740536162453 0.464523557216699 0.500205300203158 0.479666218466205 0.476723699490131 0.354827729120993 0.353041961567749 0.270458820152636 0.427863785147728 0.38678091216017 0.471063923694938 0.402611879493925 0.444090491864871 0.4893912695588 0.532159140683085 0.354653828484076
"mahabharata_13-appendix-15_umamahesvara" 0.426512856393973 0.432041696937567 0.466515193820022 0.403413541631533 0.401060785321345 0.450958353773947 0.426549332566443 0.427715043691814 0.444057726745528 0.45485835763244 0.440262000332867 0.410248953491149 0.386581314072489 0.41894368736768 0.389448384440352 0.46053891473382 0.412077028225862 0.429642862127645 0.403898687522516 0.324214109539952 0.444581475490247 0.388496867002246 0.39632712468263 0.430911531394239 0.389715316709736 0.44789382687877 0.36262845547484 0.41349351624145 0.415564450809844 0.436473903242019 0.366709794552313 0.393427730043089 0.564871724311957 0.466911513490723 0.53655426910912 0.503808014299014 0.530061581986802 0.494396973902042 0.592245535355464 0.487374851220176 0.422369356939898 0.394650099147976 0.386529090518971 0.420049440923298 0.357613941051958 0.446370388848418 0.38387321744761 0.339366145637228 0.399317473259055 0.355668287558461 0.415229982745601 0.42461714423552 0.420410353903936 0.422447266907087 0.407292763228063 0.392627482586243 0.404284374791108 0.424687471730995 0.287532834516977 0.304467947877458 0 0.341823135128512 0.340917412431942 0.406116201924368 0.461052625781813 0.538214670424044 0.470938168850138 0.39637532011699 0.494823165348659 0.426243363482346 0.393488210843964 0.373310130657842 0.397680993551549 0.392497150139327 0.434910760994534 0.370551564092921 0.427308357213304 0.472479004811686 0.405802987483177 0.372892012429762 0.405686851630595 0.393656293421588 0.408340609813442 0.426826081743496 0.385951699494354 0.396504978856392 0.454923216406935 0.416897417080241 0.489227545383258 0.465145936199047 0.42612498024136 0.485733124336086 0.4751320544838 0.377848526270784 0.404201132670286 0.417714926673782 0.423927260505039 0.394863285674259 0.364995917587003 0.427239687427884 0.411111807740075 0.464919929248841 0.371554511258464 0.438415069509137 0.40059784292447 0.523975366336215 0.515627987948392 0.482568132319546 0.541386781804889 0.544189518546829 0.533836964881165 0.491282198806568 0.552223296827167 0.497344883891583 0.504159642534552 0.402635257393877 0.413713008170995 0.316435647159716 0.468960101639165 0.444111503638212 0.514977698147246 0.435012050001292 0.489343913685769 0.534100043893189 0.560521968786223 0.42352571663731
"mahabharata_14-appendix-04_vaisnavadharma" 0.411001958610475 0.43400165470253 0.468409184563847 0.407566803771227 0.40060276640681 0.457783417714783 0.428729912371843 0.434045138688155 0.439432459633288 0.451896102387948 0.454254002772344 0.408923923068998 0.399285150712927 0.407378165644327 0.375945386229684 0.456497445164989 0.416524258818113 0.455665024863919 0.415542216227375 0.318693965959771 0.463900480508172 0.403065749352946 0.40321447303272 0.421800197568734 0.371325388765786 0.448709859395395 0.376614845521526 0.419606829610571 0.427104147972138 0.440550917788223 0.368812473790901 0.39404880537523 0.560236552495364 0.459879386411937 0.530038937666463 0.495132350453831 0.523757964049987 0.50003539083074 0.5905533862025 0.486822636472213 0.438834920175745 0.397077732814844 0.390115847246402 0.419679661252183 0.354299563704695 0.436162503217038 0.370793293997858 0.338586734908166 0.389696420551432 0.352507138553753 0.419737334157738 0.417700717515655 0.421949503454788 0.423050428828497 0.396722926718494 0.396151098585288 0.407481207695598 0.435978599807378 0.301445337824522 0.285755733465281 0.341823135128512 0 0.339249771109981 0.401303335289134 0.4534708516391 0.526531255946962 0.467159062867907 0.395730073018709 0.500330277411855 0.422390833333361 0.391745110315668 0.367041266418363 0.402571270561306 0.399562580779373 0.418090944071128 0.362598597330237 0.43516257153839 0.493731933584738 0.406218436739595 0.397514040714322 0.428026510229649 0.411655427735939 0.430126664005627 0.436965944238888 0.397967761156356 0.398516830636061 0.455056458059302 0.427696063804998 0.515003365180882 0.472338920349642 0.44737555798314 0.510105641033162 0.486671124880238 0.395388947410502 0.422013493441266 0.440136456506619 0.427805579470815 0.403846901336467 0.347815522024529 0.450130632552146 0.412100813791278 0.50080847016163 0.38296864906336 0.437200305202158 0.405542932048743 0.523541501225971 0.51232631317876 0.476586181563739 0.547530258449071 0.537423048529617 0.527665432542093 0.480355620411468 0.537684984344112 0.5100234142096 0.497639497745848 0.395762704364119 0.40514848786912 0.323654938649824 0.465352374829582 0.451094578728291 0.49454720561312 0.420836930337718 0.48695340659309 0.524212465950423 0.555098016568728 0.413882053780059
"mahabharata_14-asvamedhikaparvan" 0.427670828402131 0.368610009254533 0.431374735045784 0.355474529215908 0.341796719898631 0.42383853882007 0.378903601002193 0.392231095272062 0.394490520671852 0.395239477554625 0.433034514199315 0.342016272911469 0.354341322513061 0.377562184155923 0.365787903912047 0.433918894430137 0.357317639582095 0.432944539944906 0.378746756090055 0.278350502047715 0.444447280391194 0.358774910219785 0.406050320706284 0.426687483083319 0.401995666772344 0.440001727509494 0.297445541686101 0.335729863207055 0.379885267421057 0.383838790045181 0.269935544927266 0.378418120622564 0.574525065905243 0.396291231136977 0.507754298484059 0.469442825582071 0.497735965346209 0.474359644253164 0.565802460032361 0.430452684473379 0.394414476248535 0.398710532728339 0.370646357612062 0.41220064615416 0.214897732379147 0.370523862503938 0.251417074122581 0.198923295356948 0.271493781584614 0.221619049527131 0.313691697548973 0.35883464525596 0.317061733384663 0.320334914890407 0.285512589667386 0.296421368262581 0.318726878374113 0.39128517415422 0.198720458311349 0.227273197412284 0.340917412431942 0.339249771109981 0 0.28760971314316 0.369468475817287 0.472898161006889 0.409609809660271 0.353315435100487 0.468943038823459 0.351319802749748 0.337891642421446 0.353898245140613 0.407612729408364 0.387996308279552 0.417341552176636 0.303926543311588 0.417349177050146 0.470961471847596 0.319062456032147 0.295165282959185 0.344379451794494 0.32433824450213 0.351566071110581 0.347399971696661 0.298592769460298 0.381652180718389 0.480950744342046 0.438790945460535 0.485238860130825 0.47206962204832 0.39762616545985 0.497564216112548 0.444847618547633 0.362545118057418 0.404027618678115 0.445017246343275 0.392164006705628 0.394104462926994 0.337742553726271 0.44009560329713 0.369981667095901 0.470819545933957 0.319591304804689 0.420696955954016 0.35892493436941 0.512375491832328 0.506019245527565 0.448645345221657 0.54338504275601 0.525363173373544 0.511866248756173 0.493414790207982 0.50772301487007 0.485870864781895 0.499925747093447 0.388843858503374 0.388805597937204 0.302171515574144 0.431108406080156 0.400303002664073 0.487808359074757 0.424067296315042 0.452814898939068 0.498433126208525 0.536345821791008 0.377871645448776
"mahabharata_15-asramavasikaparvan" 0.481419771992454 0.412839749121395 0.479082894371592 0.421343753566418 0.402719873188601 0.472097105507745 0.431131790481111 0.448339661907886 0.44316662600281 0.431020108502695 0.473966446463041 0.392648662750513 0.422298692305057 0.42984641461902 0.426048140313237 0.478929574082289 0.408091422501302 0.471893997415229 0.427658401579795 0.356207656949004 0.492853151081441 0.413040255338724 0.453971168646567 0.480562560370321 0.463948976489289 0.493788584904767 0.354392619476797 0.39166443319658 0.438260513558684 0.422981872061494 0.331986147307068 0.434204736870308 0.596913230721649 0.438923719764522 0.540245661638744 0.495503073536764 0.539522363145695 0.521040955275727 0.589717141589922 0.465936772439932 0.451103240407554 0.467934148779643 0.432790142305687 0.466880951603831 0.271961739834448 0.405631388916696 0.267237949634078 0.271286845200192 0.319844376415852 0.272327871901488 0.352285138897826 0.397450876137087 0.360968281589634 0.361153586565628 0.311621347973176 0.349480268671734 0.342318449851562 0.455126926884539 0.304920026053489 0.302490622536084 0.406116201924368 0.401303335289134 0.28760971314316 0 0.39520700372626 0.471187452540592 0.394470761062191 0.401327205918395 0.493800533101668 0.397109478842124 0.387143111018736 0.408905865619986 0.46219808469752 0.444693643335187 0.455263171372351 0.37148545409957 0.473641380864213 0.524179939230674 0.353213514547591 0.337190263481807 0.39821387375049 0.380718588945149 0.396191131050968 0.4021052725788 0.355342386154688 0.441361756874854 0.524260835303036 0.490918451615093 0.533230942906466 0.507834081670553 0.448391264247714 0.543756439168573 0.484948577799213 0.428671293012235 0.465521527706402 0.504420632906138 0.450737138411304 0.450098129346708 0.395994949198995 0.495958552488732 0.422129718078482 0.534512215421111 0.382591263982035 0.469876405522298 0.413553031708986 0.550193145688412 0.559312908553591 0.496084709471049 0.562153056743066 0.558372139311143 0.539156452680775 0.528600263445403 0.521606816254782 0.523227483764719 0.532791418631276 0.443974485306612 0.43915974757076 0.381357898122926 0.483513754811684 0.453656730108196 0.529535825178857 0.464522870106134 0.481979595828072 0.533611490966846 0.560363414702418 0.428629287798011
"mahabharata_16-mausalaparvan" 0.492160558759848 0.447866919021902 0.502679878742832 0.45236479037808 0.442110124744089 0.500094796818999 0.470409011216844 0.480701122114966 0.472487652677566 0.463040785037251 0.492633488681049 0.413552720968512 0.463321026391412 0.458011868044255 0.465586702062401 0.514959609559937 0.448744763358412 0.490368593018087 0.456404224893264 0.404523752631666 0.517291369748479 0.462391345467089 0.486252490677235 0.495375976107962 0.496000283487223 0.514392584876205 0.378500112123615 0.410515685282333 0.470227658783008 0.436961196231839 0.356426956403067 0.46302818873349 0.612094975372782 0.477491104447727 0.564355476948139 0.514370040177962 0.557317368640066 0.538642440912192 0.609688722858542 0.493488329345514 0.477411500624918 0.490653102125826 0.461118473671521 0.496128752725703 0.354078530281327 0.406469736617066 0.372033952533797 0.356117613945946 0.381905699633754 0.366323497145083 0.390172423669214 0.448065010316358 0.383306804266743 0.389883753945515 0.361159927365064 0.381175796298863 0.401813425833225 0.49669329763699 0.392261767417901 0.392403881938017 0.461052625781813 0.4534708516391 0.369468475817287 0.39520700372626 0 0.505497916538793 0.463684490004141 0.454745498989411 0.518252172903935 0.452031511668908 0.442978211580183 0.445810213219791 0.486669342627076 0.482909051821083 0.482294652452605 0.417608033776855 0.496183897247388 0.532328601445525 0.409011209009266 0.399622928937322 0.421772013525497 0.408015077077311 0.427910916823689 0.416455813898443 0.397000840403502 0.472160531639323 0.542779748941916 0.507966870673021 0.547531045877262 0.530419041724457 0.479767832833597 0.565497834798463 0.505460525841361 0.468867840331246 0.489670549340952 0.524262280135471 0.473452464259721 0.476579638789712 0.443126038260301 0.521428334462178 0.458731175024564 0.552317755601748 0.413651372593777 0.502788600045463 0.432012236100868 0.566310500040166 0.575432584174073 0.510318762115731 0.573630868475237 0.570992152464212 0.560051966508935 0.554088210368304 0.551439587491717 0.538166108566551 0.552808694551822 0.484283604582648 0.476157439401223 0.432026278504969 0.491919660639308 0.49113718225847 0.551581889280673 0.511506053300656 0.503226872617752 0.539121643533316 0.583227594740046 0.469540351654872
"mahabharata_17-mahaprasthanikaparvan" 0.592522174703821 0.550347361443825 0.582506920153361 0.550798210099381 0.542160785197294 0.582729515178746 0.559498888518179 0.560953152494791 0.566849562933844 0.559942176218844 0.586238642480177 0.5401269405938 0.554886877402578 0.557076100838785 0.551649308965945 0.5928402625919 0.551682072139427 0.595299768719033 0.567889940459037 0.51098408744249 0.589528966671245 0.551360037874406 0.579324380427792 0.591653062560159 0.573535747617281 0.592589105301179 0.503304269001147 0.52749279453037 0.558600357516456 0.546911758922844 0.496251591502831 0.559340817862886 0.645988217555651 0.552777397949155 0.616428771527097 0.575084619217546 0.602239007258812 0.596042147079866 0.637087634897915 0.551547069056086 0.568415585382287 0.573606820966266 0.552343678017177 0.574388873927087 0.466377349595936 0.52781776053095 0.458981412398311 0.461814966036126 0.478462625707166 0.47249835250112 0.508525476785794 0.528202683762695 0.507464076345067 0.509535567482708 0.481773852204171 0.491313112084089 0.494166887546475 0.555062411961302 0.483089536059829 0.482733025568677 0.538214670424044 0.526531255946962 0.472898161006889 0.471187452540592 0.505497916538793 0 0.484828101173687 0.548111831268502 0.595432770717802 0.537916199346923 0.54039594617374 0.550730331293916 0.582870930296879 0.560603238126113 0.569275412750032 0.513343165730266 0.589884990133073 0.623696188620801 0.500282979886665 0.496688300156998 0.526148183409326 0.511014588782441 0.531770328717446 0.528388312449471 0.505330064810588 0.563844729144973 0.614554602351324 0.595803719310825 0.634612032228324 0.584888961150475 0.562801283041283 0.63889551863809 0.573754850173027 0.561179266432483 0.572385483674436 0.600221086403244 0.562402017581968 0.576816356345637 0.524777448995791 0.591452313868164 0.547635712290052 0.608568288859494 0.534575004623339 0.560372085361794 0.543197526220141 0.61195430341434 0.62278914477674 0.582598558826075 0.641652153347688 0.626352064399237 0.620472816277519 0.59826355485568 0.593723777806531 0.609385517611406 0.601506339806227 0.559529379742479 0.565211370403581 0.525569954773873 0.56592536966053 0.561134816397181 0.598627481797114 0.576948809850446 0.59805878038361 0.61238130012111 0.622176184088482 0.558691177740564
"mahabharata_18-svargarohanaparvan" 0.531607209501125 0.48438990848854 0.525033777919759 0.490202969102259 0.476909056474967 0.531635966411916 0.495203050836588 0.505288587382978 0.502383966268185 0.502702760015309 0.528780112367856 0.475450312944874 0.493615344973504 0.493873623929638 0.491289617776191 0.52847230498384 0.481869338337066 0.525354724672107 0.49268626108115 0.440461315623233 0.532243961239804 0.487117280661453 0.505384989819354 0.533872312914804 0.518764968838791 0.536598021230267 0.435909830088313 0.468740629509449 0.483183184520736 0.473339753432233 0.423805783122672 0.495437641835866 0.606748163203337 0.488713521086754 0.567847935995338 0.533658327355433 0.563575081580889 0.557522106742999 0.605218973602497 0.510729059844602 0.502059293916047 0.519805757174959 0.486505201418924 0.519724900362183 0.396242189904097 0.458534440041135 0.387817779271476 0.388917118705701 0.421904681376185 0.399161238705202 0.433196203930502 0.467923890692306 0.433624321356701 0.433581001962601 0.406343394624041 0.425672339158104 0.426470857527686 0.511155250362801 0.415106374374986 0.406560937414426 0.470938168850138 0.467159062867907 0.409609809660271 0.394470761062191 0.463684490004141 0.484828101173687 0 0.479048809191931 0.540926787668044 0.485499421453953 0.472155061940836 0.479208563167471 0.516379071208892 0.504413755833742 0.504128219256483 0.450098241751783 0.52541730793862 0.568718441759057 0.443232716167754 0.44281295220728 0.469128981903421 0.456621206494416 0.471708847401176 0.470418231954153 0.438559572817491 0.499624667374715 0.562700949257686 0.538623521140313 0.577383750417347 0.544578394017938 0.508887071564662 0.580577725514778 0.533037974713036 0.491462015961026 0.52215431137911 0.549251838742307 0.501504553091855 0.510208688533768 0.454293275742557 0.541431719121445 0.47937576047015 0.566076788935355 0.454390652789062 0.508676293498822 0.482440609439188 0.571216419288212 0.587302587952234 0.532031698080919 0.579753505898545 0.580130131749636 0.564741868096087 0.566247381165282 0.559012033296033 0.549925055379774 0.557214469923579 0.496544547854306 0.493183863870624 0.46111531670271 0.519837317559064 0.512041632943446 0.556038704927761 0.521165198871598 0.548424667896275 0.573296525400466 0.596780069881799 0.504239983672021
"markandeyapurana_adhyaya-1-80_u" 0.364282768655205 0.364958836236896 0.412713749894801 0.376175537288061 0.362422258836921 0.42897393947378 0.34024185534311 0.35480897756054 0.357624181059066 0.344285476192918 0.439057112610028 0.358874575753229 0.382542676355224 0.387944671153381 0.305620772230512 0.38885873386361 0.286693111822438 0.349714608054685 0.28981980614407 0.311216114560195 0.385410715765216 0.295397259245351 0.328929804287326 0.343249151415774 0.326175425736047 0.39926909684245 0.358464812608449 0.410384104040461 0.443946790921755 0.435419770508699 0.335227235381016 0.29032587645387 0.574859485079503 0.447933456559419 0.543350809971302 0.497555760347022 0.527601213115817 0.511774657029489 0.590287215651028 0.481085985445041 0.348672192738023 0.359553961629244 0.331402419378093 0.367461703614954 0.330834375627462 0.438779651833357 0.374800716405167 0.322293762217389 0.389586697426728 0.358323953360843 0.417980778451141 0.437061751077538 0.415521999256767 0.414843542599545 0.393505832189084 0.397452004187958 0.419344053611614 0.455262213078382 0.326228155384931 0.329771777178245 0.39637532011699 0.395730073018709 0.353315435100487 0.401327205918395 0.454745498989411 0.548111831268502 0.479048809191931 0 0.399023422444262 0.270959048381394 0.113085618631632 0.27571048618262 0.325159609745393 0.32068576286071 0.377830434802423 0.318513318101879 0.358762912148812 0.415044794759209 0.389475737985295 0.362105134701946 0.396792033922968 0.391228338701502 0.399839164713649 0.421760433330994 0.373498333232709 0.324098414088681 0.426125411514983 0.413158784246808 0.423627217341086 0.441747553321408 0.34809568472734 0.448393876397185 0.414077406955014 0.304265744619665 0.34812706521834 0.408216933361654 0.368087310315043 0.301137538664665 0.323783770250241 0.396043041316269 0.337305739407439 0.470537389952899 0.309065682451142 0.372882211558934 0.297895035812892 0.481890535191557 0.491946041902645 0.405145644382158 0.47845337669467 0.488693783304817 0.467131738655256 0.460172029220263 0.463936397076679 0.442007063887672 0.448091641710702 0.320931540272554 0.302665607660642 0.332825154767019 0.449194618936082 0.344728347597667 0.436845655021235 0.360616108084747 0.389366425478474 0.446751754379269 0.502304996330049 0.28629480096151
"markandeyapurana_adhyaya-81-93_devimahatmya_u" 0.466414430886103 0.47667200637072 0.504986960579732 0.483837629752221 0.480545260724233 0.517454994161785 0.444988487698675 0.463338024447929 0.442657170485261 0.46666255040911 0.516946142663275 0.464281677109321 0.488142592045723 0.489346658765244 0.42688781134354 0.476732525325873 0.411428176492536 0.402811629019942 0.38906939636807 0.441304725419439 0.462218937744349 0.410142821153116 0.417720819555238 0.453326390516901 0.460295817252436 0.47986276955811 0.438299203718061 0.468882858386754 0.503755911950865 0.455533198260053 0.429223033368577 0.399034493639862 0.604230043393498 0.523539556312923 0.589488748805084 0.549326487172775 0.575297389904192 0.57338288099033 0.622344094337721 0.541688210607649 0.437018854631737 0.469194941882789 0.432869323189939 0.451700138257396 0.457127780672574 0.480883805976799 0.473754524004279 0.444521843435436 0.478561288301707 0.471677003808519 0.472713734383951 0.509323514294233 0.471924676611337 0.470408008400964 0.459802395343216 0.472707033994919 0.49759155711157 0.5399406464945 0.462705622477603 0.459071735738524 0.494823165348659 0.500330277411855 0.468943038823459 0.493800533101668 0.518252172903935 0.595432770717802 0.540926787668044 0.399023422444262 0 0.41760269431458 0.355249593224965 0.400375097191001 0.436597831348503 0.449870701866719 0.474985765751237 0.443467312082822 0.470639324664919 0.506913949887601 0.482922815200652 0.480425711993975 0.475034385055791 0.481204792102621 0.476233669691717 0.467912121245286 0.463088195866868 0.425859995546841 0.509058929751894 0.518576995823967 0.50637583032943 0.520622914532933 0.426567976969652 0.525801646360271 0.479552163785543 0.410601742151121 0.451060535430059 0.500322675866037 0.4400106232639 0.43008845728921 0.44160610629691 0.485664442301627 0.433490842058428 0.540268647105293 0.395225328605976 0.473461838992495 0.391293593017159 0.542864708099855 0.565560324745869 0.486225966372518 0.531405417285225 0.551887927062497 0.523035034012536 0.541881640166515 0.53221192530599 0.501280687663069 0.510494232035851 0.42576705695864 0.427301542479576 0.452281963887548 0.508911678396607 0.44784553481644 0.518728768418441 0.46816778909394 0.484780345563756 0.501819921073477 0.564418785471391 0.424435507431934
"markandeyapurana_adhyaya-94-141_u" 0.432749159998675 0.387282711230161 0.43119570214756 0.406587439867841 0.387803162451651 0.463287317497139 0.386654147243503 0.398726823830592 0.395719866377393 0.37819138648131 0.463051595701735 0.385726021079765 0.414620404993033 0.410388637726795 0.355913058283386 0.430712100642754 0.335410173588421 0.413147935983841 0.356685179327688 0.33807165980768 0.428664166572015 0.343656708538536 0.394917888899388 0.409712387789094 0.394978779593877 0.442877233979119 0.377635099699949 0.410823432643575 0.456947113508015 0.446194412409385 0.355789569634123 0.350659218410635 0.586374131401015 0.447992544613374 0.545172832721772 0.495632586691536 0.527282289939609 0.522262410326921 0.582560666291389 0.478462399804273 0.389809450241336 0.403263236029333 0.382928767377934 0.418484372895667 0.328185249918905 0.446334748996988 0.379284240648834 0.331948204471035 0.390595253888446 0.360799003901903 0.420747382487395 0.431402574553909 0.42069387146887 0.420650038436313 0.395598689833438 0.405438615176045 0.421388234871108 0.466751959827225 0.343996941200067 0.346612848577489 0.426243363482346 0.422390833333361 0.351319802749748 0.397109478842124 0.452031511668908 0.537916199346923 0.485499421453953 0.270959048381394 0.41760269431458 0 0.201011608286708 0.353485109484453 0.392678431906739 0.368303293773736 0.407884566383096 0.337690041629276 0.409998389590937 0.464560879481775 0.387022347861706 0.371397621648124 0.401852716505054 0.400576925756539 0.412854277439962 0.427378593742514 0.372943896853029 0.374536055631852 0.473216453580618 0.461199989068787 0.47457648754817 0.461896105155791 0.382220363260652 0.497747621349815 0.423797427584273 0.357738985523462 0.397912663984603 0.455104809227221 0.39013557165497 0.375226925357739 0.359183608117631 0.438429099214269 0.373229197656777 0.488914167910422 0.334749571725264 0.409871304260894 0.351586406277142 0.512757504663596 0.526747918435397 0.443135995064105 0.525038095865999 0.515066348894783 0.504720519423179 0.497087176949687 0.482569817847728 0.478150408556379 0.488326057742049 0.361659297012524 0.376835230890471 0.358957265375446 0.451073868990817 0.367293546494588 0.463484027882313 0.411670784759883 0.42530174518158 0.47481728636545 0.515961111173779 0.338899431683562
"markandeyapurana" 0.366926962530259 0.358530022330938 0.408113845208939 0.370607848540435 0.354717789810761 0.425218529283355 0.334802632101493 0.352752578741698 0.347958837588553 0.339361164973223 0.435878638455763 0.347855524666612 0.38031896923563 0.380432173499224 0.295082523581989 0.385623371679296 0.275338427033739 0.341396540284056 0.278712025050604 0.296576132561653 0.380434356828208 0.280228401386926 0.322701239322064 0.344483855160932 0.333087512683453 0.396480563467231 0.341413672039839 0.392684341058088 0.430752294589131 0.41666325260138 0.314579582778122 0.278400036127855 0.570669335087428 0.436796555726122 0.536844611330327 0.487016455318473 0.520309433591255 0.506200059954883 0.582179405518673 0.469231749551293 0.338616642707697 0.357131581373544 0.32508111661666 0.36220978753429 0.310950602098635 0.421260474389634 0.358693561695807 0.303172805537412 0.374572347883896 0.342386684235419 0.401018228491569 0.423391058400939 0.398678640298196 0.399051814650445 0.376007432588777 0.383686004954186 0.407766472745285 0.45105135015786 0.315434475602122 0.31659019060611 0.393488210843964 0.391745110315668 0.337891642421446 0.387143111018736 0.442978211580183 0.54039594617374 0.472155061940836 0.113085618631632 0.355249593224965 0.201011608286708 0 0.268042985275473 0.323876792472904 0.314986455761695 0.369662132398381 0.302209227130194 0.351927930330538 0.417434672873125 0.373402340761325 0.351661056589344 0.381442186770655 0.378573108052682 0.38748523639196 0.405393379803732 0.35410683320442 0.314051914896638 0.426592293384723 0.416426853965292 0.421213949886714 0.437640172982286 0.333849299682161 0.449727510978469 0.400460631304181 0.291502138558761 0.345071291209395 0.409530990730136 0.351256751326027 0.299679288801665 0.312056967658387 0.395849770044924 0.325595532332795 0.468682118791497 0.284276352067624 0.369266105889363 0.284026402002803 0.48375050945869 0.496125241467431 0.40362857925813 0.481013789830144 0.489181283267936 0.466574372418681 0.463767038297216 0.459570230370144 0.439326597465333 0.447569943626801 0.307243707792823 0.302786303421406 0.319882771173763 0.435903178279713 0.331444146425313 0.435050384429928 0.359837743024527 0.385406677902259 0.439460191843966 0.501090740116731 0.275312381974138
"matsyapurana_pu" 0.290566045364916 0.364073716583491 0.413927506296224 0.379712763219645 0.361159905626324 0.409914565811066 0.338888060901136 0.354324325139716 0.333580220351156 0.356094392842264 0.439111958031631 0.347985959898288 0.38287974404184 0.370610719647776 0.252476213202733 0.35517493046728 0.277424580973284 0.287817125798326 0.233951298656237 0.29358101896439 0.380579714235164 0.285791713579418 0.267699961050376 0.289796695097517 0.310457206270696 0.378223285028066 0.326265809761564 0.389473128847866 0.402617040609352 0.364541037694221 0.303150351623262 0.260853930281801 0.55707619248347 0.443150092164097 0.535299703533856 0.479079310663187 0.530282693689772 0.50048494530531 0.590148816599947 0.468818509545726 0.337757468630897 0.350029597324504 0.282961200751013 0.313578675945006 0.328414747383271 0.403121135108215 0.361214588437487 0.314709797069208 0.370675760139109 0.3530046574571 0.381029437872823 0.418508013510121 0.380004985452387 0.379488304671607 0.366435800414422 0.379238480802451 0.402920550550811 0.454474726595154 0.31986279913817 0.316123714151148 0.373310130657842 0.367041266418363 0.353898245140613 0.408905865619986 0.445810213219791 0.550730331293916 0.479208563167471 0.27571048618262 0.400375097191001 0.353485109484453 0.268042985275473 0 0.261017784232718 0.326469286766987 0.336422190045668 0.323115341436382 0.331689818152621 0.403213625890965 0.380691252105012 0.370757122793764 0.381541025250597 0.367955882117587 0.378217573945836 0.382918475138266 0.356967062819077 0.279284278757131 0.392097961023219 0.372237342247101 0.395032426599395 0.43874249199454 0.337817163226968 0.414389438245292 0.413841180936972 0.279129352223523 0.311988184165288 0.370478208654835 0.3294939394048 0.277959030288657 0.30042872518922 0.380685955195489 0.317159556594006 0.456857184769606 0.253146299617102 0.382942015847599 0.269116223445794 0.468955125926896 0.485548300455941 0.385812690437808 0.436808542895761 0.471889864405065 0.444160578528668 0.439206286654805 0.45748309771034 0.413299985289843 0.433534190304942 0.309344082370553 0.246275724486534 0.330104153714001 0.435577993734714 0.361307349312158 0.452955617642642 0.374908395792605 0.400661964672857 0.447146214624797 0.523561637147111 0.306635897736425
"naradapurana_khanda-1_u" 0.249922742302089 0.390836433880151 0.423400314849037 0.397678835219722 0.382906808927487 0.439971034067043 0.366026693000462 0.373567047510727 0.368885290771344 0.385049116254919 0.458900777229395 0.378692250013374 0.398010954873953 0.392976507077206 0.247025231920083 0.398563608452396 0.296548843688372 0.294191526217101 0.258462433803246 0.33536970190559 0.362862198147594 0.296371909746111 0.286556257258138 0.25505554494859 0.31192190433249 0.368804723972539 0.37660400550408 0.421424469382895 0.442092159030919 0.433280159707706 0.373456913318383 0.279458512903303 0.552825291850156 0.492704925545103 0.576958593408393 0.517959262253632 0.55130076468587 0.528197492413755 0.622625417344545 0.513697913037535 0.343464171263893 0.336860155835147 0.296873447601458 0.290524637749243 0.396102292577948 0.451917882888015 0.426197200440525 0.386294559970455 0.436818029446933 0.412360948571333 0.44227393878415 0.460958224545694 0.436944195481583 0.437696835781046 0.428696906286622 0.437148812818397 0.450211034033198 0.479956096693232 0.377684299987455 0.380142249048152 0.397680993551549 0.402571270561306 0.407612729408364 0.46219808469752 0.486669342627076 0.582870930296879 0.516379071208892 0.325159609745393 0.436597831348503 0.392678431906739 0.323876792472904 0.261017784232718 0 0.309755928824666 0.376014908474593 0.346009662016772 0.326771385261069 0.380904326883433 0.425732984585402 0.414820510130507 0.422780478380666 0.420474672036205 0.424367473581858 0.431853230746515 0.410559212958082 0.293872002126061 0.376318118091892 0.364697335686132 0.398598422196583 0.455304265977498 0.353652646205398 0.418080407766039 0.427249375579623 0.300626297003993 0.28983496207859 0.33058009306256 0.355630805889458 0.276221591015129 0.349877026865333 0.361445425512907 0.368107122212402 0.450646597468872 0.332678129114098 0.408382865186933 0.304854700347155 0.501238637138141 0.496928412225129 0.429951095672844 0.468202219098939 0.51441986719183 0.492370117702534 0.469468880996945 0.506193933620895 0.437949929911324 0.421862137104044 0.331610560039636 0.30874835980836 0.344926699710521 0.456530427293645 0.39618723212996 0.470295473107697 0.376544923864766 0.417233898550778 0.469781480974721 0.523585051209056 0.332473015750149
"naradapurana_khanda-2_u" 0.366976992670918 0.400323779424602 0.440762342880051 0.403628125218509 0.389303180092117 0.456036002778016 0.381887460332512 0.386332823656867 0.38854684118065 0.387672719785588 0.461162041986221 0.392662882282821 0.409944913798742 0.425050904120833 0.280699142703078 0.438450903890806 0.322072478811485 0.371599867974766 0.327547395298752 0.321344307336518 0.401611541713033 0.280284789540123 0.336213312679836 0.361535349811822 0.328199239761678 0.379246983098569 0.36798214720063 0.419758638035351 0.461832495835496 0.461257660747137 0.364856646726767 0.321998057616112 0.560978912834952 0.481120171602856 0.572931357444859 0.515170324466402 0.562024385164185 0.540084543457836 0.618596552399014 0.502012157346664 0.363567897757406 0.359574757492535 0.340626013287502 0.360654296262715 0.379681095097642 0.454402558873855 0.412865284442539 0.368030438690751 0.424115837907958 0.392292690727246 0.454439824611398 0.460428786276514 0.452640997325255 0.455278245684535 0.434711051034204 0.432277159721141 0.440336319154582 0.481840922075412 0.362366696737934 0.362314237204341 0.392497150139327 0.399562580779373 0.387996308279552 0.444693643335187 0.482909051821083 0.560603238126113 0.504413755833742 0.32068576286071 0.449870701866719 0.368303293773736 0.314986455761695 0.326469286766987 0.309755928824666 0 0.385926966360178 0.330115276673375 0.34638301939892 0.436683742484397 0.409073819527816 0.374517429587406 0.401978459979027 0.406747573133567 0.411374424348068 0.437108554905097 0.38767817686276 0.326065879872954 0.430082544988055 0.425608234415145 0.433923028576398 0.444187743015816 0.338357592988488 0.461065299899349 0.428971115533609 0.32802895151136 0.36419176709414 0.390579587912314 0.380404473568499 0.305612972526344 0.342697141304108 0.395747318650795 0.36992044052367 0.48014322987053 0.349928043259248 0.397630545555794 0.312088675232382 0.522757834274835 0.508986496454269 0.452889300949909 0.512118013129484 0.528856369341245 0.516141102296592 0.488483990492596 0.514056135695045 0.474954127078222 0.435128976681387 0.324604389696446 0.361040565216772 0.344756909486608 0.466777211833633 0.402649929983062 0.483172172173164 0.396303331792788 0.439270768668675 0.483671915175135 0.531687712706208 0.359237190697308
"nilamatapurana_au" 0.403115624549703 0.450520854827088 0.483474094351179 0.461702476524836 0.445695885158239 0.491800677562515 0.436551536481027 0.446290211227882 0.429461054362673 0.439249633735578 0.494861019741136 0.435924456399591 0.4637554269853 0.455826162754586 0.339948270338847 0.448832991784272 0.386381044587146 0.416429426350068 0.380402585957055 0.346232777374094 0.439537792882372 0.360412132513001 0.364073029597151 0.400823885560581 0.399560960435987 0.426733629369321 0.389559410788173 0.435429862248554 0.478735238389674 0.459559172852932 0.395402899058222 0.345943178183025 0.56777847941013 0.493022874246723 0.567857129739793 0.519615754331562 0.562447119030871 0.548642891734609 0.61384752785506 0.515423692918592 0.411285325533253 0.40755427236689 0.374384444048894 0.392896908172289 0.397277040016546 0.459460215793882 0.432141394966039 0.393125859990916 0.439868879380909 0.424635350568052 0.459687492623106 0.469887149868683 0.455437871271203 0.455151730286518 0.433571016281583 0.452591890961828 0.468466256680442 0.501106912585112 0.400863945039714 0.388731134488611 0.434910760994534 0.418090944071128 0.417341552176636 0.455263171372351 0.482294652452605 0.569275412750032 0.504128219256483 0.377830434802423 0.474985765751237 0.407884566383096 0.369662132398381 0.336422190045668 0.376014908474593 0.385926966360178 0 0.381196895835599 0.412994714988216 0.479106026026838 0.430668872115155 0.426909617413364 0.439853260929996 0.43392698543443 0.447391914860364 0.457050685205281 0.41718542807111 0.373440882267445 0.446084649526127 0.447201571412073 0.487247821156541 0.436491501133929 0.397263234525803 0.49240248787927 0.44303638982135 0.380442937335577 0.402314771747583 0.429575460419781 0.392378468754072 0.369989300573334 0.35318014268278 0.45044244919049 0.389699213574055 0.50592061337138 0.353020161617417 0.410873492227702 0.362889853953574 0.532660477698619 0.540184220521085 0.470135745086397 0.500597478467214 0.533987647884095 0.516289710457227 0.486351116981484 0.522468324550891 0.493658630880139 0.465593486530411 0.35689410920565 0.379788864426538 0.399026722481698 0.461675990341987 0.443769226968883 0.506816930635669 0.443468269683084 0.477383827470974 0.51553944496805 0.567251666993828 0.410518436856506
"nrsimhapurana_pu" 0.376828114281019 0.373645709561619 0.415645562373804 0.350929670478452 0.334246014018526 0.410057329036022 0.360858500587165 0.378321833804136 0.362708457230431 0.371394034354532 0.419782065765448 0.321921018382035 0.35953983980196 0.356690845930744 0.306888136588204 0.441504871332506 0.30807252964489 0.38445026307729 0.328795964281061 0.24391041818427 0.414661142211901 0.300031214240719 0.357593952068222 0.367616793023394 0.371393977117496 0.401374522933109 0.306544906279646 0.31899814584066 0.409927276765841 0.396963954749868 0.285754040094192 0.31746501379452 0.553252479544601 0.419938815620471 0.530244852573235 0.466617906629758 0.511995947495033 0.500335916277976 0.57450739034584 0.44463630377274 0.34258574057465 0.358949262138528 0.329237846315635 0.36539859965577 0.285411934839083 0.373004432252758 0.330869432673726 0.266127818775763 0.347314051966212 0.314356943652255 0.374789236230248 0.401599514033907 0.368528278274123 0.37143850972832 0.346204045379799 0.357116301267389 0.383396470520144 0.427222377596128 0.290251837771179 0.292428012312585 0.370551564092921 0.362598597330237 0.303926543311588 0.37148545409957 0.417608033776855 0.513343165730266 0.450098241751783 0.318513318101879 0.443467312082822 0.337690041629276 0.302209227130194 0.323115341436382 0.346009662016772 0.330115276673375 0.381196895835599 0 0.348194026630783 0.446209173147088 0.310429533621008 0.2969396627609 0.311416429515865 0.320008873134593 0.332697211484137 0.340402480311333 0.281802722048509 0.329670949461122 0.444677079225642 0.417708993903265 0.453085792667967 0.441208566429729 0.344744246021074 0.47540323025954 0.395583708767236 0.327149391250722 0.372721249743026 0.417128700771708 0.353963197116549 0.333213398929128 0.295110021902794 0.416022264855801 0.354051264402911 0.478925373449143 0.306405587190436 0.377915746201618 0.297155953047953 0.514742474603622 0.517062880552703 0.436816873115608 0.522402225843774 0.525801857059224 0.510684389995548 0.499316638343481 0.499800328103452 0.475958140277632 0.454738181433462 0.33122941452598 0.355486982389363 0.283945061695028 0.400797010759529 0.37663916835974 0.471777490437155 0.407252393524128 0.430987170713111 0.464127781688269 0.525900626406307 0.341594252591262
"padmapurana_a" 0.379869323750489 0.404782674103539 0.447853763713502 0.409788157463521 0.398010171039025 0.437603794823955 0.391528123611056 0.397982438386874 0.386300679393694 0.405345858804678 0.464681186319317 0.387232321504022 0.422708933023398 0.418915537638086 0.320033893046027 0.457257194369417 0.326600181161221 0.369959805604773 0.325064217590653 0.346013562025531 0.41619478491215 0.319895245468862 0.377509274250965 0.370209195498761 0.378487959248594 0.425259187462175 0.392412704617176 0.431355945277703 0.467446726751884 0.44524664748382 0.3829414449126 0.339621880865053 0.577041922510613 0.505154509616958 0.596036659282395 0.52841952823437 0.571895012500455 0.557986022111731 0.632123814399259 0.526966911312254 0.369142798860338 0.372496828467484 0.351177042559405 0.381478139930659 0.40029083673641 0.459244014277783 0.434983531918842 0.389658383089635 0.452416716730761 0.424772022416722 0.46122754781662 0.471739165705803 0.456783375857075 0.458310994876363 0.446307454268645 0.444108065721634 0.468126338226853 0.490286699712531 0.398576759127213 0.393549471377435 0.427308357213304 0.43516257153839 0.417349177050146 0.473641380864213 0.496183897247388 0.589884990133073 0.52541730793862 0.358762912148812 0.470639324664919 0.409998389590937 0.351927930330538 0.331689818152621 0.326771385261069 0.34638301939892 0.412994714988216 0.348194026630783 0 0.416880605258583 0.423698630289539 0.416704681509906 0.425297118139955 0.428217654926482 0.430258733424323 0.443468840990323 0.405170093242235 0.336505042877622 0.432525121374708 0.404121628575638 0.308678170331891 0.473332166789209 0.361937937904876 0.355966200090606 0.441089472961681 0.343214085707326 0.365705749438119 0.39295522995267 0.390212944072525 0.329118937283173 0.363395539968791 0.420318746095089 0.380359541089216 0.503263470730355 0.355910984800782 0.418593295562704 0.337729557913281 0.526217867044941 0.534305016144218 0.468483159884885 0.497568739620805 0.541430505057487 0.535421832683474 0.503895753898668 0.531602936531735 0.468739007909919 0.460024535289966 0.353236431507105 0.364277138380554 0.376816099103736 0.469603253362684 0.411662777611404 0.50270276353238 0.421087117256376 0.417950446029334 0.489639427503872 0.542003008037242 0.354106236083167
"pranavakalpa" 0.417673377812997 0.440620956309831 0.447889413250835 0.437960578118258 0.439168115978646 0.447559080881975 0.424530675936806 0.423792993563278 0.427232372292559 0.443246265250356 0.473875040154738 0.450810888018145 0.443392808411533 0.450384413098648 0.413890359841699 0.46430533742671 0.406014804104341 0.407026967914752 0.389109219788159 0.447855197199997 0.413739121196435 0.420285485915697 0.418035080994578 0.411984951390063 0.43275424829881 0.44375962553815 0.466871422498203 0.485626363568302 0.489224323629217 0.495628813898996 0.459220194081865 0.410254450999497 0.596440238869221 0.531279873424864 0.595677066915606 0.552518156662816 0.562724780872912 0.542928644439546 0.632774884122667 0.552025177734274 0.411314644904608 0.409837282554052 0.404652025192612 0.414176306621482 0.470380367902703 0.509588590704307 0.494695549380869 0.467465250878303 0.50056101112201 0.480411385473602 0.508879722466629 0.523938689078989 0.507274296612124 0.509523276311194 0.50768335517386 0.499057530023271 0.51824247319884 0.493367039418453 0.443420556429927 0.462338186407489 0.472479004811686 0.493731933584738 0.470961471847596 0.524179939230674 0.532328601445525 0.623696188620801 0.568718441759057 0.415044794759209 0.506913949887601 0.464560879481775 0.417434672873125 0.403213625890965 0.380904326883433 0.436683742484397 0.479106026026838 0.446209173147088 0.416880605258583 0 0.492165631917011 0.488581637518819 0.492119869476511 0.485418563370304 0.495667283074481 0.50255621642522 0.48479422697545 0.394737603812546 0.46461746629641 0.436426383245106 0.460755107448893 0.52047822946404 0.436836065038025 0.462036030390819 0.479999711420683 0.406699195487528 0.38063422022615 0.418090951217363 0.446796142941672 0.360810391644124 0.452138974519717 0.391263696305726 0.442241930380117 0.476886231800182 0.420337080135079 0.469638394690362 0.424576612833319 0.522934648071173 0.511770831365496 0.471785148640362 0.533098326675632 0.541081157062852 0.538374089056323 0.511742934010203 0.55871084156905 0.479414431466315 0.493734242027833 0.444584866789841 0.41056980802538 0.435762622473595 0.521195255512453 0.442153780446082 0.526055819527162 0.466445155571473 0.457937157827985 0.509567320187169 0.552129747977094 0.41041616132882
"ramayana_01-balakanda" 0.443550178078766 0.412100817800678 0.460589758843653 0.394108977052016 0.375915195869502 0.450113441537319 0.412998574279007 0.43474882301854 0.417562655824132 0.395820524831393 0.465444046728761 0.367584358856821 0.41941546799031 0.406580688029939 0.391352888584272 0.461165800715546 0.360294036473142 0.431304805031233 0.383191495998152 0.314382253632799 0.468179408540136 0.38217739386573 0.422595315814499 0.442611182600821 0.448507968624513 0.474641085369544 0.319688015589427 0.36410141428182 0.418201522822204 0.383726740734313 0.298733845705587 0.388208431191179 0.589760688422942 0.424883885094714 0.535545410179983 0.484726597444331 0.53203975934393 0.517536577886171 0.584537085659342 0.451980122762278 0.404347168488615 0.430274256351569 0.389185252191957 0.427814273238517 0.277323713954959 0.371313889910162 0.324960619313429 0.270041377493643 0.339316048161119 0.319159013584061 0.369112400615262 0.387469295407662 0.365674285208975 0.373945297012415 0.33062377539796 0.351290144733556 0.390845136593353 0.438862136491795 0.318191849664297 0.310560007838876 0.405802987483177 0.406218436739595 0.319062456032147 0.353213514547591 0.409011209009266 0.500282979886665 0.443232716167754 0.389475737985295 0.482922815200652 0.387022347861706 0.373402340761325 0.380691252105012 0.425732984585402 0.409073819527816 0.430668872115155 0.310429533621008 0.423698630289539 0.492165631917011 0 0.277949843044481 0.306392015590512 0.304191572049691 0.321508670827097 0.321147771023628 0.255826699788993 0.394652708586937 0.495348128042514 0.468843256288968 0.499079043333573 0.485490864019194 0.404621004311048 0.509471420843823 0.441776703456064 0.397024186564955 0.423177055844052 0.473373557672247 0.414210451915465 0.413394468146428 0.360544744376036 0.466455711969696 0.383584498129875 0.513106840131907 0.341959844475798 0.429288566844341 0.352630957119053 0.541246803473191 0.550121889738804 0.466475159008834 0.532517720309875 0.541886349773201 0.519748010812734 0.521430995533295 0.515970070270889 0.503357866261692 0.50210998366251 0.410116789815556 0.405162713680026 0.358164113163113 0.452694392162711 0.430690862988399 0.510111077431254 0.460875546045439 0.459636448651568 0.517323068324012 0.558548689449478 0.40507216625425
"ramayana_02-ayodhyakanda_a" 0.430205788844049 0.390163544222497 0.453638008023427 0.373983016606195 0.352945811326777 0.434273799850714 0.399824139766443 0.417769803030051 0.409964085842609 0.392023971093672 0.432819084644543 0.341932785657182 0.38977592430663 0.39563812381531 0.380762513660543 0.46897606097662 0.361317240215688 0.429568637176434 0.382172555109876 0.311964059194175 0.460228112982847 0.365737478042212 0.41317948077029 0.428890555589137 0.423281240301715 0.462064724122599 0.310972000557162 0.372802756368594 0.426788975159343 0.409283203744509 0.286013041729987 0.381942724700042 0.579950082254504 0.433614166789795 0.546264658087742 0.485577523628436 0.535199646829649 0.512463561068937 0.593293742916923 0.456147188482545 0.413482713329995 0.427522496396312 0.398283554078005 0.43395179052478 0.26626462938391 0.396976806377006 0.304219510705152 0.242630868458719 0.312184530740036 0.283239013173326 0.357033444967456 0.394367709211541 0.350970263656643 0.357737899144764 0.3332125824782 0.338144462396687 0.350284749467102 0.436730767915816 0.28347060563387 0.294528565056083 0.372892012429762 0.397514040714322 0.295165282959185 0.337190263481807 0.399622928937322 0.496688300156998 0.44281295220728 0.362105134701946 0.480425711993975 0.371397621648124 0.351661056589344 0.370757122793764 0.414820510130507 0.374517429587406 0.426909617413364 0.2969396627609 0.416704681509906 0.488581637518819 0.277949843044481 0 0.25613991154411 0.270503208316904 0.283562282142074 0.306805470299517 0.267933754685222 0.403337526083326 0.48666227602687 0.451029510675828 0.495002245505728 0.481421663841295 0.406910488632308 0.515859475281688 0.455816302772354 0.385918825944244 0.415527307839196 0.467358941357529 0.412670907566776 0.393382600686569 0.366338228187859 0.462704849340423 0.386093472369554 0.506517234921186 0.343219301851334 0.439719648302294 0.355676899773043 0.54250602761336 0.543084465136899 0.471591842711696 0.532610941387641 0.545477250559342 0.532941020551032 0.520510703923587 0.52059905904238 0.502798447196192 0.501292542623033 0.40433722936568 0.40438111217665 0.344084293013976 0.458485469538774 0.429088327874996 0.513982079413409 0.449649027973612 0.46122983346463 0.513797754837127 0.558450668984605 0.400709558084925
"ramayana_03-aranyakanda_a" 0.433200925187078 0.413126183485799 0.458839943760728 0.39168858283376 0.376804208920566 0.441132276171293 0.415638741637793 0.430560778262814 0.416982291626763 0.418689472464197 0.449037647881181 0.365470058027508 0.410682837035154 0.415354109886298 0.400125841045426 0.492060591469763 0.379232003794493 0.42819985113524 0.39179469682837 0.34127388571008 0.47507655976301 0.391025202501249 0.421944979809678 0.438974630742915 0.443070364473188 0.472994132947451 0.333147598233009 0.37177198463199 0.428839067570629 0.391602209336237 0.298351360193889 0.396778265746253 0.597209564024121 0.461149300429897 0.559312210759266 0.503668718568613 0.551576915435349 0.531801213452174 0.603973370162155 0.479914102274776 0.420987868019133 0.437370670093765 0.41047561726871 0.437937376892079 0.313846662535722 0.40034489808943 0.354694728975417 0.283545872374393 0.340440378968859 0.339866955232038 0.366605277985696 0.422850784459273 0.357410299032361 0.365817786293323 0.348233538669946 0.357383506880053 0.377429151196938 0.462211957424046 0.33736085144478 0.342856551989607 0.405686851630595 0.428026510229649 0.344379451794494 0.39821387375049 0.421772013525497 0.526148183409326 0.469128981903421 0.396792033922968 0.475034385055791 0.401852716505054 0.381442186770655 0.381541025250597 0.422780478380666 0.401978459979027 0.439853260929996 0.311416429515865 0.425297118139955 0.492119869476511 0.306392015590512 0.25613991154411 0 0.260875981402411 0.24691839472458 0.250468634806184 0.264204420589485 0.415973586905499 0.496586289271509 0.465099730904657 0.499519520622973 0.492903307629101 0.418934037295314 0.52073225640578 0.464388147518348 0.404137586163997 0.426908733022109 0.478322980613684 0.412694447060596 0.404126054167731 0.387104244867568 0.46776689413001 0.407407777472601 0.513096276947871 0.350621304630348 0.449442825183274 0.363799799345862 0.55543805983513 0.552967098367725 0.482263573338891 0.53136945603339 0.565212725407733 0.535832352293307 0.540989734666586 0.540694073335507 0.50633662832639 0.515426477105126 0.416917588527226 0.421393770856987 0.370001386235667 0.455837104181672 0.449345620125428 0.519719089580931 0.473962286080113 0.481382081210416 0.512662308120272 0.574544005664276 0.424304469860731
"ramayana_04-kiskindhakanda" 0.434366105537856 0.412532017860933 0.452392292174346 0.391198327746353 0.376457000842297 0.438346721615296 0.41257145537149 0.429007010394045 0.409692627163568 0.410654687133975 0.446117109785445 0.361470239593309 0.406176599550663 0.412025729535021 0.399361428936818 0.470377792341517 0.36921460101123 0.422291911695435 0.381262287019311 0.332537992998907 0.471147461610771 0.390261841658712 0.417033455696404 0.436860788908493 0.445260496778755 0.46793468652458 0.315763174496453 0.3688284993566 0.414526869457263 0.368546963774985 0.280051266671051 0.395265894426432 0.590868844535015 0.456077652447506 0.553382662729211 0.506589609523228 0.540757579862112 0.519858303015286 0.601958077978489 0.477720724784893 0.411317111951252 0.43559766747443 0.395571063664901 0.433052592222543 0.30213768159239 0.382131260197065 0.332922723149865 0.273673161778822 0.332582515511951 0.32033527573972 0.356815310319123 0.403082006799331 0.349179315952117 0.357597317665374 0.334508494726987 0.343264065111286 0.368566153402564 0.454353995720491 0.318212050788601 0.326622029126182 0.393656293421588 0.411655427735939 0.32433824450213 0.380718588945149 0.408015077077311 0.511014588782441 0.456621206494416 0.391228338701502 0.481204792102621 0.400576925756539 0.378573108052682 0.367955882117587 0.420474672036205 0.406747573133567 0.43392698543443 0.320008873134593 0.428217654926482 0.485418563370304 0.304191572049691 0.270503208316904 0.260875981402411 0 0.248897193190193 0.253787446492335 0.266455563155977 0.405148693758256 0.485369965711168 0.451996477456855 0.498060774974642 0.493153954327736 0.414236321571617 0.50845607829621 0.452581908451491 0.398328626455226 0.421563831764582 0.481374453697028 0.416217396062656 0.406176804531558 0.377741982133308 0.46325788505063 0.400877637933206 0.504547777530291 0.33574357690282 0.441031368181911 0.3622165252938 0.545422171006951 0.54490561249305 0.468753520876719 0.511500421530353 0.547022471244428 0.527262556128611 0.532068852135052 0.531937296704174 0.494464290348056 0.514178259914956 0.415939710587389 0.404584516740504 0.363945259316384 0.456418544218596 0.438238109432816 0.51564375404699 0.467686231100882 0.478185393231982 0.511964854785108 0.566179785627869 0.42108958471756
"ramayana_05-sundarakanda" 0.437837413659596 0.420710516388799 0.465437350148376 0.393664725641893 0.379703876986297 0.443216954611606 0.421918490306978 0.441746800472589 0.415439958980212 0.422023301326416 0.442776243228818 0.360541775931363 0.410446832987631 0.419188729481141 0.409661877800162 0.493368080540897 0.38289492790596 0.417630170272725 0.387126173412398 0.350309659681156 0.476752540560221 0.397098620142571 0.420652169061569 0.441485180208374 0.457114390782061 0.474347268393758 0.331609425836214 0.387186207073473 0.429084134787896 0.377327591497466 0.295484988591313 0.402703772683846 0.599247029652421 0.470748294551876 0.568614181766987 0.512373067109189 0.559934653862641 0.535764205538886 0.60776904216252 0.490562161666324 0.430478358696413 0.457203133577943 0.415149546916114 0.441094017879109 0.319151364918338 0.399934404287643 0.353906319911145 0.289560453940148 0.342856933256339 0.34250068496157 0.371870374159022 0.424838576946534 0.360098749950821 0.368517140513033 0.355592766765316 0.358391294925762 0.374144400921167 0.470193266186277 0.344569585799646 0.353491759255317 0.408340609813442 0.430126664005627 0.351566071110581 0.396191131050968 0.427910916823689 0.531770328717446 0.471708847401176 0.399839164713649 0.476233669691717 0.412854277439962 0.38748523639196 0.378217573945836 0.424367473581858 0.411374424348068 0.447391914860364 0.332697211484137 0.430258733424323 0.495667283074481 0.321508670827097 0.283562282142074 0.24691839472458 0.248897193190193 0 0.248146331885212 0.281824293162396 0.423146519532778 0.49626798583147 0.46576494049391 0.500310457809456 0.504633793727357 0.427027834713635 0.515861706568801 0.472399587098476 0.410453436257985 0.434315767061887 0.490792863007635 0.42845528895194 0.408624658750513 0.401785301581526 0.472675840640295 0.416672811151507 0.521199485491255 0.355329958272385 0.465773059874065 0.375970991467019 0.554309741617956 0.560716213435981 0.485995882440398 0.511441956522801 0.569012784131664 0.533859303021717 0.546586559757776 0.545354714891659 0.499088460662734 0.53099456135772 0.43241483817642 0.420596055286668 0.374144968033915 0.465129855141037 0.453436776347303 0.527395825533869 0.476099886928261 0.481795965224278 0.517106306167776 0.576933246363828 0.43020555275887
"ramayana_06-yuddhakanda" 0.440741607139483 0.426909361463596 0.470586340924804 0.402331768988355 0.390029052676036 0.452806786933972 0.422940504968728 0.443200052763827 0.411725955045425 0.428111388717459 0.468003745785955 0.366307624461816 0.421053253579901 0.425187969205587 0.418495913652845 0.492207656242108 0.383126218801191 0.425661220723117 0.392884874443586 0.358842940182504 0.489525959052288 0.415936413888975 0.433141280668724 0.442632529138024 0.464939060993498 0.484684103151192 0.339972360086478 0.363879636800826 0.417834170357306 0.33720778542528 0.293097603935258 0.415467502767002 0.602416161249021 0.467371891481736 0.560536203801782 0.509558376509329 0.552852302545134 0.532143200949321 0.610064881061507 0.486579586070173 0.428240435084933 0.453450795965062 0.410805784996283 0.446766392400296 0.326879626357687 0.38086350976117 0.351018733335002 0.296127933184848 0.336490733523152 0.342627763719084 0.320388005367018 0.422224119017455 0.306975386693088 0.319448818825844 0.312620478977026 0.347765654685144 0.378985335344046 0.47858553782745 0.351697762796874 0.359490815206669 0.426826081743496 0.436965944238888 0.347399971696661 0.4021052725788 0.416455813898443 0.528388312449471 0.470418231954153 0.421760433330994 0.467912121245286 0.427378593742514 0.405393379803732 0.382918475138266 0.431853230746515 0.437108554905097 0.457050685205281 0.340402480311333 0.443468840990323 0.50255621642522 0.321147771023628 0.306805470299517 0.250468634806184 0.253787446492335 0.248146331885212 0 0.258702361259815 0.421896972432947 0.499474276044239 0.469462935212667 0.505658350431468 0.514102148119958 0.432353039231906 0.522173934510794 0.464208955197795 0.418054993571309 0.438647594371242 0.489596184893798 0.417973981509109 0.425860916253444 0.40430552008671 0.47774710674086 0.422221276046886 0.516987535527048 0.34053109098389 0.465363383521263 0.372183864186824 0.560940676698219 0.560177349119356 0.485466375394533 0.523658565118135 0.566648408210744 0.536381181001161 0.547495477112041 0.547028110419558 0.511275032506142 0.53076714675973 0.43663635020237 0.426215859025608 0.390476185607362 0.474085940204973 0.459030187088174 0.528135401766373 0.486863634355116 0.491744018399788 0.518458428626861 0.580367511325036 0.437564071628222
"ramayana_07-uttarakanda" 0.42975996573113 0.394037846842119 0.445779134162427 0.375227721759266 0.359402466542934 0.43703962911381 0.393518682488173 0.412588743372404 0.392621108058304 0.392296192615406 0.443623774609212 0.346967994511668 0.396830782455045 0.391446861065602 0.373182043570818 0.454206573986463 0.348244689805439 0.414258013316627 0.367030923223586 0.295245192631687 0.458742536822319 0.367293141503541 0.408053603948153 0.430384055140706 0.429503012722837 0.45300821821795 0.303025976413543 0.334975298893881 0.408069022116299 0.37008118189728 0.264729210023714 0.369318546268542 0.586264284270989 0.417098702833333 0.531183012070961 0.478336723193418 0.521109117974963 0.501114446877643 0.578650732106776 0.443345936432628 0.38657032167546 0.415198564430421 0.373098885404286 0.420918490043318 0.269585936374917 0.362061628985738 0.314630149351069 0.246121276383961 0.322922882832279 0.300160872544431 0.345082095852473 0.386067871806864 0.336423034392518 0.345996337047271 0.310380696132741 0.334007899400709 0.374171606314388 0.437884386430998 0.301130135774237 0.300331126438303 0.385951699494354 0.397967761156356 0.298592769460298 0.355342386154688 0.397000840403502 0.505330064810588 0.438559572817491 0.373498333232709 0.463088195866868 0.372943896853029 0.35410683320442 0.356967062819077 0.410559212958082 0.38767817686276 0.41718542807111 0.281802722048509 0.405170093242235 0.48479422697545 0.255826699788993 0.267933754685222 0.264204420589485 0.266455563155977 0.281824293162396 0.258702361259815 0 0.379722933590792 0.481473750462195 0.457227473398769 0.483865315967987 0.47594649931361 0.385491544468876 0.500439620022203 0.431340331723688 0.377278595527288 0.408424132667763 0.460576304542632 0.389815635465724 0.400076313340612 0.351336323580694 0.45394855053582 0.373162545483302 0.492860689828037 0.309910378661093 0.415834588187081 0.330329160331163 0.530444104774567 0.536340635333311 0.449501313160382 0.525016308935691 0.536484705459366 0.518017555142247 0.516949417296314 0.514108896783186 0.499179302209827 0.496855618316761 0.3928926392824 0.390799051866257 0.343270869645375 0.437362707909043 0.414461486483529 0.507268021801346 0.455111028739478 0.460719381172618 0.504048083573325 0.556613664386735 0.399014567886824
"saurapurana" 0.35721660208216 0.393151840880527 0.427551347769546 0.405318447888426 0.391353489721018 0.446573500726736 0.362603991251803 0.374473239213109 0.361103374253896 0.383340180676408 0.463088549667021 0.38509152539886 0.403439877620709 0.400514536599537 0.269403251614776 0.3889294643498 0.294224042234942 0.325367037314462 0.275747322590379 0.306866825072329 0.371140064898591 0.2662748315782 0.306433226182589 0.330239105379035 0.338748586207351 0.369280730420669 0.361648885097612 0.394190831408366 0.426911034784117 0.412149964938504 0.356728724590285 0.296676359855649 0.553738270479469 0.470015783317914 0.558957150586786 0.501533791153809 0.537637327930573 0.519552137564346 0.600602353212677 0.495386276273691 0.282363060101656 0.306644134096744 0.244704199313599 0.301851274565844 0.371023794047076 0.432288461525538 0.405168204070167 0.361178090519844 0.420747284469272 0.392407254064503 0.42745955865438 0.451716327859197 0.425678269032657 0.428237643311155 0.412286424577422 0.416907616590973 0.441546962997649 0.465550476954194 0.355252019325748 0.356212916475129 0.396504978856392 0.398516830636061 0.381652180718389 0.441361756874854 0.472160531639323 0.563844729144973 0.499624667374715 0.324098414088681 0.425859995546841 0.374536055631852 0.314051914896638 0.279284278757131 0.293872002126061 0.326065879872954 0.373440882267445 0.329670949461122 0.336505042877622 0.394737603812546 0.394652708586937 0.403337526083326 0.415973586905499 0.405148693758256 0.423146519532778 0.421896972432947 0.379722933590792 0 0.403199331633185 0.40123212837724 0.396919607090183 0.437676365676222 0.291529730333257 0.399412909307597 0.379337584794525 0.275406862191786 0.295325981079896 0.356584113779879 0.341482112622653 0.279366232360374 0.316728681888318 0.329868222215084 0.322574360849326 0.453418838345299 0.290792353916001 0.360593931028027 0.284969594912053 0.483405249489491 0.489046351579237 0.396057643729478 0.480343929042384 0.490983973852701 0.483509234620203 0.464792538851451 0.488548275968559 0.431865285235081 0.418315968276731 0.308553744202595 0.295737675109392 0.349863955633414 0.443654443838421 0.368081779605106 0.466592112603104 0.395395910308603 0.424149010943066 0.455154728970163 0.520235476387439 0.330481452499722
"sivadharmasastra" 0.403881325613452 0.476992051416351 0.491600827646072 0.472091375399767 0.46825384162021 0.500083009785181 0.455289788767874 0.456294741408723 0.452301185566438 0.4698881462174 0.525457601536126 0.472208705100329 0.473391381450945 0.48030011379081 0.392697654071903 0.484595695530661 0.420304687886738 0.429957560071914 0.41159145637566 0.439559902453331 0.448599282942369 0.431389051810687 0.38533321727227 0.39519369479367 0.421632249823352 0.472324009879092 0.470293790127835 0.485375661353565 0.487889349649576 0.494407414301887 0.462293081525636 0.401689783503104 0.57928314432725 0.536796464343813 0.602972287615522 0.55452541812882 0.583587479663202 0.558015298381574 0.646567668721682 0.549710146094192 0.425176726006549 0.411244502065401 0.392148950757184 0.400172005359855 0.478913636717821 0.509460334040356 0.497978488681836 0.468938153589476 0.505533731044035 0.483179068582568 0.511764306199586 0.521384346849524 0.510996775526525 0.514053874185596 0.504496622944415 0.500909905749409 0.516478538644038 0.529118498389099 0.451673274797622 0.452789798846224 0.454923216406935 0.455056458059302 0.480950744342046 0.524260835303036 0.542779748941916 0.614554602351324 0.562700949257686 0.426125411514983 0.509058929751894 0.473216453580618 0.426592293384723 0.392097961023219 0.376318118091892 0.430082544988055 0.446084649526127 0.444677079225642 0.432525121374708 0.46461746629641 0.495348128042514 0.48666227602687 0.496586289271509 0.485369965711168 0.49626798583147 0.499474276044239 0.481473750462195 0.403199331633185 0 0.364403461618121 0.476068809659129 0.497373540355272 0.448255391584731 0.469178404153478 0.48425083196113 0.409738528142097 0.388475879062818 0.406135144150273 0.423428606604316 0.39800184480808 0.427417259301651 0.436938672997433 0.429871284580316 0.493231576626214 0.415985335645964 0.45457145343121 0.420739216701207 0.544255454041593 0.523938252335944 0.484203021826367 0.517179381266721 0.549473783065505 0.553924078307659 0.500346315529984 0.558402269649971 0.504003639954375 0.492609922792146 0.423172909681056 0.412577987911659 0.43243004975739 0.53063009282378 0.476305800427454 0.537531433566551 0.46187324375663 0.502273987526977 0.537543899299227 0.575432142456586 0.446685643877931
"sivadharmottara" 0.375485192616757 0.446860505174819 0.471837452848021 0.439444854606568 0.42861344149259 0.469716893926232 0.435717177557211 0.438715629372153 0.440114909837085 0.4513880319581 0.49099706119302 0.433727552628829 0.431253671082985 0.44697646549505 0.384791031146201 0.476529836132402 0.411201999453648 0.426302401233281 0.402410988811731 0.404034679799954 0.432792338535563 0.412620273481457 0.376079018981012 0.387245993686321 0.40015966475862 0.464417721062989 0.437777357287648 0.468354906962743 0.455001123362809 0.465308220667187 0.4251007961522 0.398491967864962 0.57188958489604 0.516146124516812 0.589594615685799 0.538434770643325 0.563644380986867 0.539481390220488 0.637893496667918 0.533305634291044 0.432866586987963 0.405567539225992 0.390672556780974 0.394006036366384 0.440591031509226 0.48710349766564 0.461816023699094 0.43146012504512 0.464469095291756 0.446694547842038 0.466849436385668 0.490573510421573 0.467499248265702 0.466008044627972 0.46699318369219 0.462292620396239 0.471006735544709 0.485524524140456 0.409512158427448 0.420325219929398 0.416897417080241 0.427696063804998 0.438790945460535 0.490918451615093 0.507966870673021 0.595803719310825 0.538623521140313 0.413158784246808 0.518576995823967 0.461199989068787 0.416426853965292 0.372237342247101 0.364697335686132 0.425608234415145 0.447201571412073 0.417708993903265 0.404121628575638 0.436426383245106 0.468843256288968 0.451029510675828 0.465099730904657 0.451996477456855 0.46576494049391 0.469462935212667 0.457227473398769 0.40123212837724 0.364403461618121 0 0.464543025384522 0.498625578456609 0.445336557005511 0.46905067897905 0.484900341030744 0.403467918774355 0.379405706915152 0.40159806813936 0.42604053128758 0.387870501052855 0.41265286250815 0.418866807904992 0.439635498844607 0.46826865182345 0.404695775004393 0.456199760938898 0.419914831981407 0.541168607609925 0.507465618897893 0.483633183866139 0.507698390894321 0.547013585472861 0.543304760452845 0.501338505771695 0.549372332208803 0.486275973469103 0.494954958605753 0.423618203456683 0.401987400311346 0.409861412970986 0.498666936196506 0.466689745880884 0.535638313789721 0.448276675007964 0.48585109864257 0.531055475689944 0.561031683113572 0.432799912027822
"sivapurana_dharmasamhita" 0.452436905708545 0.471914591189734 0.501877741767042 0.477459837015814 0.471974862460103 0.491032587731828 0.451274397761133 0.455331951269436 0.449019460343733 0.45894749443614 0.529795104749056 0.471717878475557 0.492794826488906 0.490193444845522 0.38110626764502 0.480222429806516 0.390142919831714 0.415198770610045 0.383234759494872 0.446744184591971 0.477007040760413 0.380466213884721 0.435260937434664 0.433155389311743 0.44684891269469 0.485039203424997 0.466596135480207 0.502169888978713 0.509579398639596 0.486648041613476 0.457675141521092 0.416653489219643 0.631758291007525 0.550755861427211 0.625317270028009 0.565469448093595 0.603589876479906 0.588411338160284 0.655877316652773 0.564918681093434 0.432075771126687 0.445082899641366 0.409435895917719 0.440358044660025 0.475072913573286 0.517661938105596 0.502967203595637 0.46788432148969 0.513220974040987 0.493834633906901 0.512377798951195 0.522263389115939 0.508484224243509 0.511521702478208 0.505213224906602 0.504660697163486 0.52616858670488 0.537315027759705 0.469048090219062 0.470143290885139 0.489227545383258 0.515003365180882 0.485238860130825 0.533230942906466 0.547531045877262 0.634612032228324 0.577383750417347 0.423627217341086 0.50637583032943 0.47457648754817 0.421213949886714 0.395032426599395 0.398598422196583 0.433923028576398 0.487247821156541 0.453085792667967 0.308678170331891 0.460755107448893 0.499079043333573 0.495002245505728 0.499519520622973 0.498060774974642 0.500310457809456 0.505658350431468 0.483865315967987 0.396919607090183 0.476068809659129 0.464543025384522 0 0.542766797826255 0.409073377869132 0.250050751937283 0.496972673004696 0.390316347892622 0.398638354481795 0.438466296345329 0.448844173351845 0.408371597821294 0.46257658661894 0.456791122201224 0.440651000160614 0.528370925683081 0.415825038884326 0.488747997459597 0.417753517557314 0.556878607154366 0.563116597396812 0.507869244925001 0.532117393371026 0.56772704259591 0.550629555156663 0.540393087775997 0.557040483556892 0.513533619908192 0.526945073751454 0.446801076301348 0.420259459056567 0.461322173855867 0.53762236021057 0.468707948182907 0.544570374839314 0.462946271187609 0.445462974236199 0.526375359531519 0.575104207555762 0.406222617869346
"sivapurana_karvanamahatmya_au" 0.479836933218114 0.489419378480909 0.516610169377585 0.502399115767584 0.4956251323542 0.542011779697821 0.485902161548634 0.487732777024359 0.492801968938294 0.494250732650149 0.525858848373216 0.49105377574276 0.501225820323767 0.505887848915539 0.427078256360096 0.506587932691078 0.456600876658758 0.482326786436534 0.457033466129501 0.423355210451061 0.476509790172327 0.425036510876601 0.441205249713765 0.473502833939392 0.450611850774293 0.478656335296455 0.467550501043648 0.498079261209689 0.522436935495787 0.525290003591604 0.469022023041629 0.42672385129597 0.57241991460732 0.534942274931557 0.585667293454757 0.560819626640192 0.578885877653176 0.572438028637388 0.633273217899737 0.552413606758777 0.455501082672373 0.443711871247057 0.444258395000647 0.456296974777841 0.469663347505386 0.5250412850408 0.498908702828136 0.463894221292889 0.503968343175425 0.483821584334701 0.522569158937702 0.516285256189382 0.521638540051046 0.521040968500396 0.499951486399354 0.502922493881207 0.509519676255846 0.525637222334538 0.461639254947711 0.453351411999646 0.465145936199047 0.472338920349642 0.47206962204832 0.507834081670553 0.530419041724457 0.584888961150475 0.544578394017938 0.441747553321408 0.520622914532933 0.461896105155791 0.437640172982286 0.43874249199454 0.455304265977498 0.444187743015816 0.436491501133929 0.441208566429729 0.473332166789209 0.52047822946404 0.485490864019194 0.481421663841295 0.492903307629101 0.493153954327736 0.504633793727357 0.514102148119958 0.47594649931361 0.437676365676222 0.497373540355272 0.498625578456609 0.542766797826255 0 0.450550424798436 0.541160216436448 0.481344371328948 0.445706516317358 0.455266050256537 0.470891735506544 0.448091268649577 0.440221550358242 0.411686729528499 0.480266702050131 0.455054086028461 0.523424032974577 0.435362801371116 0.433365633720855 0.437071061232861 0.54722676184768 0.546422772116947 0.495694312062121 0.560932998407836 0.544699413655367 0.544745155573978 0.520520758698201 0.550624702499282 0.519921945310071 0.504750985630443 0.411213708675782 0.450022412609887 0.456348757583587 0.51782211116591 0.481923694116405 0.53657990980731 0.494434498603424 0.53884288911313 0.550607908823641 0.577367934295985 0.476670835326317
"sivapurana_rudrasamhita" 0.404513050491913 0.424484456178524 0.46443130855571 0.431461785612492 0.415242443868331 0.476509100873627 0.390489539085677 0.406988188512589 0.391527233647183 0.408528233906354 0.478649056578069 0.408065443898516 0.440394388501996 0.447311249677451 0.291293286691183 0.427995442221067 0.317071659388637 0.353829635683566 0.313321375215317 0.335954911251508 0.401678344857246 0.244810583411389 0.350616628907091 0.38594164510204 0.37814889389542 0.371994307362903 0.366459537418899 0.400634880593098 0.463932181988105 0.433435694385829 0.37432167464826 0.308886451023506 0.579190674632695 0.48307160687105 0.568186816404057 0.519237330203469 0.555957528744924 0.543419868008844 0.60217272855136 0.507641656854565 0.342030681273402 0.376466050325019 0.3147145756517 0.349383097099104 0.382649240048178 0.44184941374473 0.420421475447544 0.378191963491789 0.431938522260208 0.407787029570898 0.444238974507414 0.464156470616699 0.444113124863555 0.443218768466409 0.423686117813889 0.432359519661528 0.46131241444851 0.48404438810852 0.388133007285053 0.388611482388316 0.42612498024136 0.44737555798314 0.39762616545985 0.448391264247714 0.479767832833597 0.562801283041283 0.508887071564662 0.34809568472734 0.426567976969652 0.382220363260652 0.333849299682161 0.337817163226968 0.353652646205398 0.338357592988488 0.397263234525803 0.344744246021074 0.361937937904876 0.436836065038025 0.404621004311048 0.406910488632308 0.418934037295314 0.414236321571617 0.427027834713635 0.432353039231906 0.385491544468876 0.291529730333257 0.448255391584731 0.445336557005511 0.409073377869132 0.450550424798436 0 0.428601976403829 0.323390670473934 0.286183854927035 0.318957219022818 0.374608100172854 0.34963896514541 0.333133420714832 0.362169316468418 0.383547679363959 0.347353339462045 0.489109988255677 0.315564385384182 0.389994318987034 0.298602944902932 0.512243727733533 0.517018956028685 0.426633901739993 0.506829946212479 0.518770450899439 0.501923264842596 0.495399692807374 0.505994902814198 0.46689258846162 0.439715818002683 0.344250122641937 0.348900588101795 0.388247572898809 0.458783691162814 0.383466317401342 0.495215580595682 0.425301599553559 0.44412348665881 0.473006211962878 0.532728739803283 0.358403516096847
"sivapurana_sanatkumarasamhita" 0.474309508775895 0.49616104989361 0.513491957427934 0.497090884096333 0.496114823354468 0.495820801704841 0.474327088961444 0.480517181677508 0.468926290709285 0.488858612320227 0.543356657582253 0.500361943998886 0.507419232003675 0.498508805943529 0.406379617550147 0.473003754520305 0.417860943522451 0.429729043715544 0.403142897157719 0.464900080632773 0.479250650718682 0.413875550869067 0.438882432107968 0.449426940088491 0.471760185420028 0.493250920853256 0.486326362628066 0.516907184241236 0.501755922065196 0.492848433626481 0.480036029532284 0.439534674341338 0.629381609091651 0.557301878226841 0.618446201826062 0.574791186090542 0.600882226320795 0.579927016523833 0.653718916398473 0.575174814403596 0.42421314463436 0.432881771094071 0.395387433609298 0.43233205085034 0.493642062948561 0.526444433687735 0.51842939419151 0.488487772319435 0.528030573775839 0.512025128656814 0.527116221212726 0.537283458516333 0.52925722044747 0.531966727676422 0.523489374365985 0.521843260788714 0.542617231362408 0.534094173040074 0.478038681097566 0.480865229076153 0.485733124336086 0.510105641033162 0.497564216112548 0.543756439168573 0.565497834798463 0.63889551863809 0.580577725514778 0.448393876397185 0.525801646360271 0.497747621349815 0.449727510978469 0.414389438245292 0.418080407766039 0.461065299899349 0.49240248787927 0.47540323025954 0.355966200090606 0.462036030390819 0.509471420843823 0.515859475281688 0.52073225640578 0.50845607829621 0.515861706568801 0.522173934510794 0.500439620022203 0.399412909307597 0.469178404153478 0.46905067897905 0.250050751937283 0.541160216436448 0.428601976403829 0 0.495163890719188 0.40718413416531 0.395128749003254 0.429798517243949 0.466527492835387 0.426155556034732 0.460804108435179 0.443179863602055 0.433845068062078 0.5063072574104 0.423147347876768 0.478996025191171 0.443930930111275 0.536398763306618 0.54695993217098 0.493734884570462 0.520971486384319 0.556893636112097 0.550983152544313 0.539505039709725 0.566150914286311 0.508075572261058 0.538214015356239 0.450016796689252 0.41454200798215 0.469189579997742 0.535482780124074 0.482772653035035 0.544357284850826 0.480466061134262 0.471198758342134 0.536295216935159 0.579217608659576 0.4325661642177
"sivapurana_satarudrasamhita_au" 0.466093650993869 0.45021588432711 0.477501325927076 0.460765483673011 0.451430414084139 0.506710303612698 0.42955391502087 0.444640674195412 0.42924711950718 0.440562217022096 0.518163964237564 0.445321508836201 0.467987752506755 0.459578453203138 0.401354314058108 0.47235706817524 0.396648579559976 0.433374158846058 0.398924744642284 0.39764948785526 0.4419169986414 0.381377775909663 0.427453268660996 0.443506317868329 0.452480751075809 0.435190221773501 0.420768103015857 0.433946677035904 0.490740344007798 0.466078305719418 0.431622829635416 0.391298223871124 0.594020994788035 0.505184301884642 0.580512106496287 0.536623384168324 0.562514996751657 0.557108945261104 0.611938908493071 0.528290488307578 0.378689752264772 0.419441024075076 0.384382910626566 0.420533882311667 0.430469696300983 0.465545641455542 0.459014865185984 0.428389511197664 0.471126380440089 0.45537943885138 0.477181759651123 0.485172415884463 0.477658942473366 0.475927616859777 0.464135480588102 0.471799796606328 0.499850159692878 0.510070560634682 0.434796076909993 0.434258892466788 0.4751320544838 0.486671124880238 0.444847618547633 0.484948577799213 0.505460525841361 0.573754850173027 0.533037974713036 0.414077406955014 0.479552163785543 0.423797427584273 0.400460631304181 0.413841180936972 0.427249375579623 0.428971115533609 0.44303638982135 0.395583708767236 0.441089472961681 0.479999711420683 0.441776703456064 0.455816302772354 0.464388147518348 0.452581908451491 0.472399587098476 0.464208955197795 0.431340331723688 0.379337584794525 0.48425083196113 0.484900341030744 0.496972673004696 0.481344371328948 0.323390670473934 0.495163890719188 0 0.377740808383946 0.404359872263773 0.442808900581798 0.400902831795956 0.413347551396457 0.411497014803864 0.444291932206661 0.402561592220032 0.498091672752953 0.366359839592508 0.437197188960188 0.385325534727942 0.533728213942986 0.545596326202859 0.448165008968169 0.540940167725268 0.533518609289251 0.532373882368161 0.530560657296868 0.524204918779063 0.499182984439802 0.489442537653393 0.406507437527547 0.412565418209096 0.438617239893727 0.49136786714034 0.42229269803478 0.511413557292757 0.479817182421228 0.4891343199379 0.497089254895997 0.542463614816937 0.416884848385978
"sivapurana_umasamhita" 0.35634268367219 0.393706843104958 0.428297694975185 0.394366856348399 0.384226458255244 0.444919922349292 0.36383151452277 0.376736554635705 0.372098786391506 0.378349822339893 0.456773858085215 0.381191042308277 0.39886895305318 0.393925882304189 0.273519939104535 0.375402112119025 0.294464691768463 0.3280558174196 0.273367468589027 0.309649091130865 0.371639481383902 0.266308997164904 0.309323828523069 0.332605793617079 0.323498382245552 0.367292721019986 0.355300496248465 0.400188965180985 0.42516108483403 0.418462682698388 0.342797779725266 0.28729994356063 0.559945607779096 0.463972221300311 0.553512087437329 0.505802071336303 0.538978931321452 0.509138735723553 0.599693525624242 0.491590316614776 0.330389805971004 0.340491807187156 0.292703331436311 0.328346471919469 0.35317169697197 0.431809415531364 0.393364126639735 0.344760880515019 0.405183543854119 0.373504628339344 0.416963655901604 0.439230888453653 0.417814218068604 0.418925468992722 0.404257295658224 0.406575292512718 0.427990682210575 0.455675954346908 0.338941977950509 0.339379235127214 0.377848526270784 0.395388947410502 0.362545118057418 0.428671293012235 0.468867840331246 0.561179266432483 0.491462015961026 0.304265744619665 0.410601742151121 0.357738985523462 0.291502138558761 0.279129352223523 0.300626297003993 0.32802895151136 0.380442937335577 0.327149391250722 0.343214085707326 0.406699195487528 0.397024186564955 0.385918825944244 0.404137586163997 0.398328626455226 0.410453436257985 0.418054993571309 0.377278595527288 0.275406862191786 0.409738528142097 0.403467918774355 0.390316347892622 0.445706516317358 0.286183854927035 0.40718413416531 0.377740808383946 0 0.307654514903226 0.360511829997825 0.348112339711804 0.292126660901026 0.326789457608123 0.36639213542002 0.333349150483001 0.451022215319631 0.298122109248175 0.372850204763164 0.300459610858737 0.478146397555423 0.480235904477687 0.399179471406 0.480571225729131 0.479534398076258 0.47054209117496 0.453487602535893 0.48034931413306 0.431073059878857 0.429584303242076 0.301996114083944 0.289472859018409 0.341425730805134 0.453477594278429 0.365814265657844 0.457146672695942 0.376950534941287 0.419535760114176 0.450476384351798 0.515338144023753 0.319035183975693
"sivapurana_vayaviyasamhita_au" 0.345834538586242 0.419560179841553 0.435857809352257 0.408317863516225 0.404795476262735 0.449125745999451 0.385464548392352 0.395165806740421 0.391261590718101 0.40652097276525 0.473477215771765 0.413033064896543 0.418864481057093 0.420533939171602 0.287743708814904 0.401248656957654 0.319238182205607 0.333809686499123 0.297947465319994 0.359203829358659 0.370804900270762 0.316011659897701 0.330279905606268 0.330871403342407 0.357058252782989 0.381674641308714 0.396046470509925 0.425535212351657 0.443522450238437 0.439518650188917 0.389146716029225 0.31159300912452 0.569483904293736 0.489805207618068 0.565755632165127 0.519273158775028 0.539157367034716 0.515357504089397 0.610469757382381 0.511449821934137 0.334084256903698 0.32747546680201 0.284290716830987 0.28805952071574 0.400081583889187 0.462601925669396 0.430751339945687 0.394846626793361 0.441930650390856 0.416305473794097 0.444579620477096 0.467061702883865 0.442551156988414 0.445125194139707 0.437027923284692 0.4363164998177 0.458900863681873 0.464926930992502 0.375444327479341 0.392987280864719 0.404201132670286 0.422013493441266 0.404027618678115 0.465521527706402 0.489670549340952 0.572385483674436 0.52215431137911 0.34812706521834 0.451060535430059 0.397912663984603 0.345071291209395 0.311988184165288 0.28983496207859 0.36419176709414 0.402314771747583 0.372721249743026 0.365705749438119 0.38063422022615 0.423177055844052 0.415527307839196 0.426908733022109 0.421563831764582 0.434315767061887 0.438647594371242 0.408424132667763 0.295325981079896 0.388475879062818 0.379405706915152 0.398638354481795 0.455266050256537 0.318957219022818 0.395128749003254 0.404359872263773 0.307654514903226 0 0.308520492627121 0.370115446736964 0.313970352809404 0.369495974635918 0.340345621010795 0.352950288236122 0.437243618052604 0.327650822567353 0.399242608375595 0.339121328231892 0.482805821689935 0.476244140678922 0.414131357183071 0.490341680592411 0.506358166675361 0.499468206662894 0.470979860197132 0.510027932968456 0.444572956852505 0.441316081791081 0.35231920152615 0.326144111197606 0.375256587013522 0.463716556777135 0.389172133808211 0.48369801823177 0.397405597630724 0.424270745877815 0.475356258734196 0.525992121773812 0.344235825833506
"sivapurana_vidyesvarasamhita_au" 0.373346301068169 0.468665789537048 0.486681456863427 0.469255879410403 0.463560134028229 0.500563529851622 0.448871985214629 0.447724042895146 0.454157108618589 0.470449305072846 0.510412651533629 0.473995284232615 0.465998980650913 0.46828087964526 0.329047920211206 0.451402638392424 0.39124935208569 0.400646225757532 0.37539883529313 0.392170111331656 0.404786291008664 0.356722838581427 0.376251203109193 0.367673838937267 0.376212092725563 0.404354179374289 0.446178522493614 0.46998386212381 0.481752671245585 0.491332332919493 0.448007274971897 0.369096767927201 0.568763685945538 0.523656985659899 0.585021828772529 0.549748011058098 0.56928869719642 0.546726241487842 0.632891864563595 0.544488533179305 0.406390725075004 0.36326776077282 0.344346439562307 0.350605794605229 0.452628615841521 0.50715974051116 0.480057189028735 0.444801120289008 0.491263384710799 0.460909177712923 0.493075870133909 0.5047260752222 0.491843544904912 0.491360835830388 0.485671569787356 0.481597997965748 0.504108636497558 0.495051451245952 0.419183905875297 0.426295495147451 0.417714926673782 0.440136456506619 0.445017246343275 0.504420632906138 0.524262280135471 0.600221086403244 0.549251838742307 0.408216933361654 0.500322675866037 0.455104809227221 0.409530990730136 0.370478208654835 0.33058009306256 0.390579587912314 0.429575460419781 0.417128700771708 0.39295522995267 0.418090951217363 0.473373557672247 0.467358941357529 0.478322980613684 0.481374453697028 0.490792863007635 0.489596184893798 0.460576304542632 0.356584113779879 0.406135144150273 0.40159806813936 0.438466296345329 0.470891735506544 0.374608100172854 0.429798517243949 0.442808900581798 0.360511829997825 0.308520492627121 0 0.402055154219139 0.367934405117203 0.401019187785005 0.372291399738583 0.410138239699479 0.469973177508396 0.400573315717304 0.430987175748767 0.394987623903505 0.526041496236032 0.497912921635383 0.467425157989862 0.533863375749835 0.532576835644761 0.538070697999881 0.488731313063107 0.544749119837277 0.485161298799723 0.462241548567243 0.386967104337476 0.391348800943053 0.413199328825626 0.497317304275739 0.442850240039711 0.510828549399457 0.428762372312815 0.475738039876704 0.525559854645886 0.550518049584917 0.409324518993936
"skandamahapurana_himavatkhanda" 0.388078057746932 0.400798548515151 0.437497577074433 0.411481709719504 0.39756014126615 0.461028286980401 0.388113208667181 0.398294050994955 0.376301749822536 0.402673971896272 0.482490427190872 0.395449349743475 0.423092830591486 0.413783729660617 0.341882875715501 0.433609442266744 0.351038568607859 0.382452394311761 0.344282099140808 0.335504031095522 0.411455670532373 0.341440543747629 0.371106630150749 0.374807621955325 0.392560684105516 0.404978412846652 0.374886798125763 0.392121392693269 0.425110935355068 0.406781696283347 0.373528062657252 0.337029468695144 0.573566667424869 0.472638480488035 0.552022603862681 0.494068290063112 0.535131604256635 0.520708350057663 0.593941412718334 0.485254070394465 0.365058342834052 0.37974147834815 0.330510797722223 0.372016682264923 0.384978106005179 0.430801247614737 0.414659943836912 0.372861735362772 0.424084193693779 0.402034949228234 0.422054910076978 0.45272245620274 0.417573732674179 0.419548100157479 0.405777622543371 0.423558775445511 0.453164922193085 0.485646823017746 0.379089515157765 0.37492794216898 0.423927260505039 0.427805579470815 0.392164006705628 0.450737138411304 0.473452464259721 0.562402017581968 0.501504553091855 0.368087310315043 0.4400106232639 0.39013557165497 0.351256751326027 0.3294939394048 0.355630805889458 0.380404473568499 0.392378468754072 0.353963197116549 0.390212944072525 0.446796142941672 0.414210451915465 0.412670907566776 0.412694447060596 0.416217396062656 0.42845528895194 0.417973981509109 0.389815635465724 0.341482112622653 0.423428606604316 0.42604053128758 0.448844173351845 0.448091268649577 0.34963896514541 0.466527492835387 0.400902831795956 0.348112339711804 0.370115446736964 0.402055154219139 0 0.357435026500612 0.35855462094896 0.420203673319238 0.342504268766936 0.465902689412 0.300841653872048 0.406218444058009 0.327295034820098 0.515582355669362 0.515063231915462 0.423369565178099 0.496468140092786 0.526973619235043 0.510598806070332 0.498877219838815 0.518540544043147 0.465192873271773 0.462922973024599 0.371498653970029 0.356971769144036 0.380626442227156 0.46713534809836 0.40572447426073 0.491436726177432 0.433565440509228 0.455423646487244 0.493859813315952 0.535345865177921 0.381978216018428
"skandamahapurana_kasikhanda" 0.321543086008438 0.380147538360051 0.410430126017369 0.374930960797138 0.365590850352186 0.411896630506427 0.35208737279436 0.356131722321546 0.362509017576949 0.369456599317181 0.417466509655408 0.360375100968695 0.384252356769318 0.397608490506206 0.287772294927779 0.425613177346576 0.314321960022981 0.311739439300721 0.282589319792984 0.321375480871272 0.3716796861327 0.288322526929655 0.297819586683054 0.312822652621578 0.320458734836478 0.38141484131866 0.370024956198327 0.414818260482475 0.447388487500086 0.436270155789536 0.359531668137064 0.281251727397494 0.541352424651772 0.485974331992965 0.571939202174433 0.51611492055493 0.556499554384933 0.527080702246916 0.617436311247071 0.508784672619737 0.342583869798014 0.339861978132732 0.315689779914967 0.335244706230577 0.381227092712651 0.44459085367917 0.410647200147745 0.366712019296109 0.420417329870676 0.395197300672114 0.441218673106204 0.460476934470234 0.433801141924625 0.43647114897407 0.425854201522264 0.424583666759164 0.443139767293468 0.462809408277819 0.357703387317422 0.365077988096464 0.394863285674259 0.403846901336467 0.394104462926994 0.450098129346708 0.476579638789712 0.576816356345637 0.510208688533768 0.301137538664665 0.43008845728921 0.375226925357739 0.299679288801665 0.277959030288657 0.276221591015129 0.305612972526344 0.369989300573334 0.333213398929128 0.329118937283173 0.360810391644124 0.413394468146428 0.393382600686569 0.404126054167731 0.406176804531558 0.408624658750513 0.425860916253444 0.400076313340612 0.279366232360374 0.39800184480808 0.387870501052855 0.408371597821294 0.440221550358242 0.333133420714832 0.426155556034732 0.413347551396457 0.292126660901026 0.313970352809404 0.367934405117203 0.357435026500612 0 0.321614557813568 0.360960815662341 0.357805052469165 0.461072506832047 0.316842335326675 0.38188990116493 0.29878678300329 0.498335184806985 0.489748293232664 0.425066748682169 0.480123573028821 0.506412774181026 0.494563783102109 0.467647120310861 0.507809278175535 0.441220398540316 0.422674066003607 0.311717933920087 0.310287504125974 0.339582983149937 0.460453115739294 0.387796618254596 0.474797494359011 0.394881421004294 0.414899483084222 0.459595923639672 0.524535594666185 0.329484680708248
"skandamahapurana_revakhanda" 0.370205637932361 0.408258599817356 0.446185189687672 0.406516234045967 0.3852619420971 0.442334940734694 0.396056253065611 0.404472169403717 0.39604820570239 0.405875447326025 0.452336748246848 0.382439161158214 0.405024877676913 0.391165878968837 0.309085607393797 0.414775640233793 0.337614673612199 0.376108960762605 0.330486485307689 0.255257907888518 0.404860470209892 0.314139206472401 0.328252599676403 0.366073325221515 0.358651156995318 0.40444879261133 0.334022140712335 0.380898199811106 0.412503018015713 0.40455099102169 0.328570613061707 0.310294862607859 0.533743090249324 0.441744365856969 0.53431589442683 0.47691931122442 0.517249531617969 0.502901653432346 0.580012654245218 0.465430987064444 0.358863558806841 0.362320351357507 0.311863090824472 0.352635208142032 0.324537437439322 0.407264604384004 0.360547942054978 0.311064101669276 0.383700904290971 0.351647769172935 0.40143667744512 0.407494052874549 0.404929076807145 0.400525579217961 0.373077236339119 0.390850976561126 0.409100956599107 0.441105102657463 0.313037434981315 0.299174679645302 0.364995917587003 0.347815522024529 0.337742553726271 0.395994949198995 0.443126038260301 0.524777448995791 0.454293275742557 0.323783770250241 0.44160610629691 0.359183608117631 0.312056967658387 0.30042872518922 0.349877026865333 0.342697141304108 0.35318014268278 0.295110021902794 0.363395539968791 0.452138974519717 0.360544744376036 0.366338228187859 0.387104244867568 0.377741982133308 0.401785301581526 0.40430552008671 0.351336323580694 0.316728681888318 0.427417259301651 0.41265286250815 0.46257658661894 0.411686729528499 0.362169316468418 0.460804108435179 0.411497014803864 0.326789457608123 0.369495974635918 0.401019187785005 0.35855462094896 0.321614557813568 0 0.406620925144148 0.346013316850494 0.480314127838894 0.319091452312793 0.353194923954795 0.314822776358483 0.501356830143597 0.514945777437772 0.428494543368242 0.493903531682583 0.50304175469077 0.502934250360622 0.485553398935579 0.498885813511806 0.464257393360077 0.434909156545855 0.25494395531057 0.326909525557786 0.324985668417425 0.41175034463371 0.390235883206574 0.463721066055353 0.405532991747459 0.446933336379912 0.478321823143812 0.532968492235306 0.359573201559242
"skandamahapurana_sutasamhita_khanda-4" 0.423850847174034 0.460084560638389 0.468647934116846 0.464037747945087 0.456748187759914 0.491257372879752 0.426001454224928 0.434558169236519 0.43910550177827 0.45898158873934 0.499612754519713 0.468485589836405 0.441395573270228 0.459230321345861 0.372437945597388 0.440695558027904 0.382693183079774 0.391156488647421 0.368527064782858 0.403209036819506 0.385538370961433 0.363410380617667 0.376839278644438 0.395083081894041 0.405331639087103 0.398975370014668 0.434326356022642 0.452783686347192 0.471690219177352 0.478092612786693 0.438204288794134 0.379363499275697 0.571031900857508 0.51169324667363 0.579769164770308 0.547996565682195 0.550326582759935 0.540025562418508 0.618321207886685 0.533383052391827 0.374418826477229 0.363313948419455 0.333029901058092 0.36138818876619 0.441326811800253 0.491181255821389 0.467803110622192 0.438136034620585 0.477092922536619 0.456561203806168 0.480950835425657 0.509360952594778 0.484144042056851 0.485592867057288 0.477200656986598 0.474586777314498 0.491278636745403 0.487744407177819 0.413213788711998 0.427954910991628 0.427239687427884 0.450130632552146 0.44009560329713 0.495958552488732 0.521428334462178 0.591452313868164 0.541431719121445 0.396043041316269 0.485664442301627 0.438429099214269 0.395849770044924 0.380685955195489 0.361445425512907 0.395747318650795 0.45044244919049 0.416022264855801 0.420318746095089 0.391263696305726 0.466455711969696 0.462704849340423 0.46776689413001 0.46325788505063 0.472675840640295 0.47774710674086 0.45394855053582 0.329868222215084 0.436938672997433 0.418866807904992 0.456791122201224 0.480266702050131 0.383547679363959 0.443179863602055 0.444291932206661 0.36639213542002 0.340345621010795 0.372291399738583 0.420203673319238 0.360960815662341 0.406620925144148 0 0.401093588165243 0.453673883981779 0.390880923212374 0.42123794037178 0.396453471989985 0.507208928453199 0.492342426665879 0.445233744089448 0.515197866474257 0.526593314851707 0.509772050593045 0.491956108954688 0.527374616444435 0.467786755028032 0.468912606785818 0.3997697148286 0.377562069120007 0.402712930515681 0.485597197969332 0.430122551550454 0.498570450246708 0.434615654724695 0.476874724647963 0.511300869940104 0.539832901577686 0.4057126447662
"skandapurana_adhyaya-1-31_pu" 0.409732674616331 0.405061197548182 0.442802746996218 0.412137704483695 0.402661925715983 0.457189290725145 0.378504368283312 0.395518649738583 0.380499180134192 0.391019849592791 0.47647445281103 0.404356796893237 0.420266571423133 0.417717988417414 0.336400064722956 0.398938394955131 0.315220981718743 0.384253993524857 0.329971065717329 0.330599807218959 0.404008959082522 0.326963559493902 0.371889014506791 0.380167654044009 0.393522554680765 0.397441157490224 0.363088057929735 0.394471173467157 0.420339892248992 0.412590172336604 0.359841976554483 0.337186914027136 0.584843679021336 0.451092812659209 0.534925522229516 0.49135779167444 0.525826783640179 0.506235321340815 0.582758514909296 0.471637138962193 0.343081757508419 0.360601701824712 0.293026180257346 0.356160665641344 0.353049249478996 0.414701160583179 0.394203938740553 0.345936497427364 0.409376100005262 0.382231016022889 0.424698730447721 0.433851295142925 0.429082193433084 0.43192043161292 0.403670990910228 0.409148702374254 0.443328181536544 0.466198774988796 0.35663066716018 0.340165834137824 0.411111807740075 0.412100813791278 0.369981667095901 0.422129718078482 0.458731175024564 0.547635712290052 0.47937576047015 0.337305739407439 0.433490842058428 0.373229197656777 0.325595532332795 0.317159556594006 0.368107122212402 0.36992044052367 0.389699213574055 0.354051264402911 0.380359541089216 0.442241930380117 0.383584498129875 0.386093472369554 0.407407777472601 0.400877637933206 0.416672811151507 0.422221276046886 0.373162545483302 0.322574360849326 0.429871284580316 0.439635498844607 0.440651000160614 0.455054086028461 0.347353339462045 0.433845068062078 0.402561592220032 0.333349150483001 0.352950288236122 0.410138239699479 0.342504268766936 0.357805052469165 0.346013316850494 0.401093588165243 0 0.468278416441232 0.255896526904473 0.371189912848944 0.318291343607238 0.488983166570899 0.498832654220539 0.396109144836751 0.502298037994096 0.491812299983696 0.479810135901279 0.469970217219365 0.487786326428024 0.454936630599373 0.456942991940499 0.349582145375071 0.332250924776664 0.370692492230856 0.459289914940998 0.374893712281541 0.474635823224199 0.414943290338856 0.435228081824566 0.477377162610737 0.525913506215056 0.353210220750253
"skandapurana_pasupata_adhyaya174-183_u" 0.490039409710111 0.491297476703186 0.493452640561631 0.481369974637792 0.49426785999984 0.531353417759704 0.478757455609861 0.484961421693306 0.495855005869269 0.505848573712736 0.539332577369347 0.510046706426793 0.473711749865062 0.49627652107725 0.468238071812474 0.48806020150718 0.464424895668845 0.483957240452925 0.462661461637529 0.468669390845927 0.456001249317613 0.472047564571677 0.476762445839267 0.480385405480799 0.469954888923201 0.492981077208308 0.497731364528636 0.497319631999212 0.490813738817968 0.519771645715994 0.489351178655981 0.459510804139516 0.599896335491201 0.539296702926675 0.579854975626992 0.570630514148487 0.552738145384893 0.51774796930698 0.627456839718086 0.557307916943545 0.45271606981424 0.43373330563415 0.44368825724208 0.466129275220025 0.497824078329448 0.530776666297895 0.51880495090687 0.492224183558124 0.516679764082572 0.502589898364718 0.519358913938196 0.532760500033809 0.525289338563368 0.527313415510577 0.520889790075089 0.514616936898792 0.524394176470665 0.48791076346376 0.455457501322761 0.478138861514761 0.464919929248841 0.50080847016163 0.470819545933957 0.534512215421111 0.552317755601748 0.608568288859494 0.566076788935355 0.470537389952899 0.540268647105293 0.488914167910422 0.468682118791497 0.456857184769606 0.450646597468872 0.48014322987053 0.50592061337138 0.478925373449143 0.503263470730355 0.476886231800182 0.513106840131907 0.506517234921186 0.513096276947871 0.504547777530291 0.521199485491255 0.516987535527048 0.492860689828037 0.453418838345299 0.493231576626214 0.46826865182345 0.528370925683081 0.523424032974577 0.489109988255677 0.5063072574104 0.498091672752953 0.451022215319631 0.437243618052604 0.469973177508396 0.465902689412 0.461072506832047 0.480314127838894 0.453673883981779 0.468278416441232 0 0.435424818776144 0.487611026615479 0.4705667668416 0.528709921590095 0.493484274270959 0.484616866314131 0.566005403440672 0.551781463792282 0.558609419102135 0.530348970691386 0.568135305259217 0.508965283625604 0.537476253072874 0.483634152810697 0.454271622525612 0.46013516030851 0.542394560803563 0.485943640528788 0.541169348415483 0.508879317551794 0.545261831596191 0.562711590642552 0.573050217682501 0.487766568786027
"skandapurana" 0.372544605110098 0.354662690032157 0.409758120311732 0.362336661457966 0.348360077692192 0.423584047528623 0.337433561391801 0.359281302655415 0.334042524597575 0.358768961861104 0.431732704229916 0.333760232394606 0.378403365567162 0.382423416115862 0.305217868905204 0.395004286210483 0.285027339316765 0.328903557109753 0.277370634521073 0.278808307122643 0.391159888542632 0.300796058515241 0.322861352103294 0.356293156909452 0.358544423050639 0.395619795105546 0.299557442143256 0.338318682583046 0.389217403532098 0.327603565801636 0.281059989873835 0.29738931590325 0.571589698737585 0.432520105665886 0.523351048251022 0.472318255712729 0.522255616214367 0.498171345181946 0.582858063035294 0.45061963445913 0.322915610313019 0.35126599566582 0.287432862331717 0.348553452330355 0.300241672484328 0.368393171122695 0.339892163873026 0.279459851940511 0.347759875385501 0.326670800673393 0.348230910740547 0.393831647634712 0.348248359196277 0.352648310467437 0.328364318474806 0.347483841549505 0.39014763262213 0.441207757511055 0.30723066766542 0.300532376554408 0.371554511258464 0.38296864906336 0.319591304804689 0.382591263982035 0.413651372593777 0.534575004623339 0.454390652789062 0.309065682451142 0.395225328605976 0.334749571725264 0.284276352067624 0.253146299617102 0.332678129114098 0.349928043259248 0.353020161617417 0.306405587190436 0.355910984800782 0.420337080135079 0.341959844475798 0.343219301851334 0.350621304630348 0.33574357690282 0.355329958272385 0.34053109098389 0.309910378661093 0.290792353916001 0.415985335645964 0.404695775004393 0.415825038884326 0.435362801371116 0.315564385384182 0.423147347876768 0.366359839592508 0.298122109248175 0.327650822567353 0.400573315717304 0.300841653872048 0.316842335326675 0.319091452312793 0.390880923212374 0.255896526904473 0.435424818776144 0 0.374271262359327 0.254774645023056 0.48420198889032 0.496469345315112 0.397423673074911 0.468582530279284 0.494268015179835 0.463861916548414 0.466182979586312 0.477525240644451 0.433830684309609 0.447218522561157 0.331141955691935 0.296464050627459 0.328115165178592 0.437509989856322 0.367997366425918 0.478514060618354 0.410963840526681 0.423018806397901 0.466063338102698 0.534653401274357 0.339783444201836
"vamanapurana_saromahatmya_u" 0.444064632985974 0.454882964251259 0.47854565868989 0.461562079363165 0.449983076420968 0.498027311178442 0.435100582406048 0.43783822953976 0.435085037023646 0.43663763455875 0.501839999399071 0.457123886239768 0.46839706509556 0.46034752740139 0.373319412003116 0.442019938974961 0.378701965334728 0.428689437776294 0.386680257280448 0.362092301205717 0.433992590126083 0.37042921259648 0.401785818329406 0.418276260742858 0.407779416278058 0.437407946519601 0.425936285768601 0.443091626318811 0.476235233498519 0.477434105393611 0.420977595241723 0.374724735666368 0.559745942134346 0.486563095712914 0.565407239163534 0.526011418051873 0.543818437770541 0.530628746020967 0.60167388198239 0.512537962650645 0.373806167848529 0.370224677842064 0.357813558720044 0.397009115399126 0.417118309796575 0.472856298371636 0.454262154821913 0.4079454558801 0.461548893377296 0.436604320976861 0.477065722750665 0.47600870571214 0.478452684307979 0.478310947559972 0.451320711835222 0.46095380041819 0.485166609713103 0.489242206321321 0.407400117458386 0.400644880142447 0.438415069509137 0.437200305202158 0.420696955954016 0.469876405522298 0.502788600045463 0.560372085361794 0.508676293498822 0.372882211558934 0.473461838992495 0.409871304260894 0.369266105889363 0.382942015847599 0.408382865186933 0.397630545555794 0.410873492227702 0.377915746201618 0.418593295562704 0.469638394690362 0.429288566844341 0.439719648302294 0.449442825183274 0.441031368181911 0.465773059874065 0.465363383521263 0.415834588187081 0.360593931028027 0.45457145343121 0.456199760938898 0.488747997459597 0.433365633720855 0.389994318987034 0.478996025191171 0.437197188960188 0.372850204763164 0.399242608375595 0.430987175748767 0.406218444058009 0.38188990116493 0.353194923954795 0.42123794037178 0.371189912848944 0.487611026615479 0.374271262359327 0 0.363578249191189 0.507434254549927 0.515246200538288 0.433221587724026 0.524371655892965 0.521163225663235 0.526144157990203 0.482343374212041 0.517237151437054 0.488041467743988 0.443644862973039 0.347483079370635 0.374773520356374 0.409861652771168 0.476612668619139 0.412724094315943 0.492904058492586 0.44221889517028 0.477469519764384 0.505292020465659 0.538752994536289 0.400633192250775
"vamanapurana_u" 0.34396430513037 0.372867912127395 0.421877449347294 0.383511282768413 0.363340313707664 0.426512563587056 0.338885861697141 0.361075219487134 0.334181000319303 0.348040487275878 0.452196208596555 0.349256912240856 0.401001675522456 0.394599903240805 0.288468255097243 0.419316581008522 0.28198586922653 0.323758213039862 0.279085413986354 0.29120876807167 0.389872627822759 0.281414212337483 0.317708358756988 0.336853574537571 0.35466726602219 0.383857561742775 0.311428090225607 0.360131868548708 0.429761015435131 0.383288386532135 0.310723477133966 0.273811502948957 0.562993411839487 0.442234916395008 0.539080773806182 0.485814810724638 0.534745588308005 0.517149373941575 0.59567839619476 0.464333397956721 0.302687231089261 0.335501499255271 0.299333044036312 0.340035228754 0.335738369022141 0.394526118540664 0.373333634691316 0.319317434898592 0.386037841730456 0.359859908184825 0.393450093227736 0.43103383120397 0.387903522613532 0.388276811817811 0.364819776452484 0.385822330880294 0.418787672508332 0.463576934828722 0.345827938349633 0.337812377971676 0.40059784292447 0.405542932048743 0.35892493436941 0.413553031708986 0.432012236100868 0.543197526220141 0.482440609439188 0.297895035812892 0.391293593017159 0.351586406277142 0.284026402002803 0.269116223445794 0.304854700347155 0.312088675232382 0.362889853953574 0.297155953047953 0.337729557913281 0.424576612833319 0.352630957119053 0.355676899773043 0.363799799345862 0.3622165252938 0.375970991467019 0.372183864186824 0.330329160331163 0.284969594912053 0.420739216701207 0.419914831981407 0.417753517557314 0.437071061232861 0.298602944902932 0.443930930111275 0.385325534727942 0.300459610858737 0.339121328231892 0.394987623903505 0.327295034820098 0.29878678300329 0.314822776358483 0.396453471989985 0.318291343607238 0.4705667668416 0.254774645023056 0.363578249191189 0 0.504269596608004 0.513600578984876 0.413438379393745 0.477371083320751 0.514205595513511 0.483803076932023 0.481340141369686 0.490749435247295 0.451082781006551 0.422640816399005 0.317814421257184 0.317173443287794 0.330344969397442 0.439337553513609 0.366373328414139 0.474762112150896 0.401382982332639 0.405567236551321 0.457506291471148 0.524495523666201 0.325219391447427
"vayupurana_01_frame-and-cosmogony_iast" 0.530754047544322 0.509316841093249 0.518893361805899 0.519744282242777 0.517235841980165 0.544291263562612 0.494154522198621 0.507859961288381 0.503814446701184 0.51468746628335 0.575602384501655 0.532703684672538 0.523802192466637 0.514095417384918 0.495879882578356 0.447096690569564 0.483589937073721 0.51345932112944 0.476873427185805 0.506853763571937 0.516251160694378 0.501187429349986 0.500530044717742 0.508997551219595 0.506346849953857 0.521852131460336 0.520886274099186 0.546768124751432 0.528018994822133 0.533866711791032 0.516083582244286 0.493428792495252 0.634884799595228 0.551780722908161 0.593459306763157 0.583033387369699 0.572756252288731 0.563657715866883 0.631931783859308 0.577063847578219 0.485961359256262 0.493481277375707 0.465961731731249 0.496582969259017 0.516367637960229 0.551403396572645 0.534660726435122 0.516523713635563 0.544513450858214 0.526191233216706 0.549748465517651 0.537276858328279 0.553252372700306 0.552782080466663 0.543003638660973 0.534953678937842 0.547406972247767 0.550164065035813 0.499357945394217 0.500941149151734 0.523975366336215 0.523541501225971 0.512375491832328 0.550193145688412 0.566310500040166 0.61195430341434 0.571216419288212 0.481890535191557 0.542864708099855 0.512757504663596 0.48375050945869 0.468955125926896 0.501238637138141 0.522757834274835 0.532660477698619 0.514742474603622 0.526217867044941 0.522934648071173 0.541246803473191 0.54250602761336 0.55543805983513 0.545422171006951 0.554309741617956 0.560940676698219 0.530444104774567 0.483405249489491 0.544255454041593 0.541168607609925 0.556878607154366 0.54722676184768 0.512243727733533 0.536398763306618 0.533728213942986 0.478146397555423 0.482805821689935 0.526041496236032 0.515582355669362 0.498335184806985 0.501356830143597 0.507208928453199 0.488983166570899 0.528709921590095 0.48420198889032 0.507434254549927 0.504269596608004 0 0.510698984402019 0.478514902972382 0.548035521149251 0.50551866701982 0.51100036369365 0.514296721246951 0.523082829347254 0.515707300523424 0.553693100565076 0.507512389407483 0.426532171678974 0.509792031952585 0.562490878180327 0.495693569833626 0.546007369061136 0.505956495173554 0.539362938062953 0.561239969934903 0.573855278069524 0.487585891439419
"vayupurana_02_pashupata-yoga_iast" 0.513359604278008 0.542441397693618 0.539528636358226 0.53556795427051 0.537553444374237 0.553814484776675 0.516125136513641 0.524842501232192 0.531387756098336 0.542365318132779 0.571740081194221 0.553765121497813 0.529230526947876 0.541441195370424 0.489963923961341 0.492891787621676 0.500332798533419 0.52725532989271 0.498066491371951 0.515398397740373 0.496200446644201 0.503489740996898 0.491324245115251 0.499702482817859 0.485561292705646 0.5161722736333 0.532772405149201 0.545870046535139 0.53234890347071 0.562949864383915 0.530710277807684 0.492734736687499 0.62065814165737 0.563477975193957 0.603489439441976 0.593997860452922 0.585344107444415 0.557857811687619 0.651102985871936 0.583110635174591 0.508041960831588 0.484662763242019 0.483736012629206 0.489578304063543 0.530277010977361 0.568760177743729 0.54696731879132 0.522968762988992 0.544156591461687 0.528492722915876 0.557305417418356 0.559275757766287 0.558895669055208 0.560534563234862 0.553892458995057 0.540853833231402 0.552226529045335 0.538371367110706 0.494791160249348 0.510009951187314 0.515627987948392 0.51232631317876 0.506019245527565 0.559312908553591 0.575432584174073 0.62278914477674 0.587302587952234 0.491946041902645 0.565560324745869 0.526747918435397 0.496125241467431 0.485548300455941 0.496928412225129 0.508986496454269 0.540184220521085 0.517062880552703 0.534305016144218 0.511770831365496 0.550121889738804 0.543084465136899 0.552967098367725 0.54490561249305 0.560716213435981 0.560177349119356 0.536340635333311 0.489046351579237 0.523938252335944 0.507465618897893 0.563116597396812 0.546422772116947 0.517018956028685 0.54695993217098 0.545596326202859 0.480235904477687 0.476244140678922 0.497912921635383 0.515063231915462 0.489748293232664 0.514945777437772 0.492342426665879 0.498832654220539 0.493484274270959 0.496469345315112 0.515246200538288 0.513600578984876 0.510698984402019 0 0.496982237553042 0.583435358107253 0.534490850720274 0.553090722189693 0.506131325681791 0.548583922664129 0.52459955817697 0.557201197722059 0.510734761933035 0.454800065321166 0.512062219780883 0.559256099336571 0.51473280605558 0.554371139093887 0.515385462271718 0.557108469148708 0.56982996887206 0.596423295013949 0.505421314870729
"vayupurana_03_kalpas-and-shiva-lineages_iast" 0.458985042114963 0.453534023054527 0.471099735269008 0.457917279687432 0.455916076750289 0.50099859464248 0.428630826329896 0.446754004959184 0.433233821343485 0.443146510415606 0.530073547626567 0.460070927737065 0.464263355412719 0.449720895633913 0.413399470793427 0.408609076693163 0.40307319873747 0.444539595021259 0.402780408723469 0.432761645855595 0.461847785236642 0.420938953799584 0.428827032537519 0.443330055997726 0.445461446214188 0.45185224598223 0.457738853274409 0.463820813084377 0.4688013070423 0.467480662223989 0.434401939599563 0.4077451870939 0.601295994658106 0.485184228469062 0.549614202278037 0.526692810944384 0.526381306625995 0.502219267481847 0.586893918807666 0.508076601600094 0.395397689488529 0.423642700125808 0.37637339112829 0.422937258261981 0.441435705288184 0.478929384510615 0.467192755573763 0.438373841325414 0.474478539268197 0.459811533194593 0.486882338218984 0.496223334199549 0.48817081689819 0.484551042787 0.479181841492339 0.476599185552947 0.501573236079327 0.509262863508844 0.435266952488531 0.433324490190391 0.482568132319546 0.476586181563739 0.448645345221657 0.496084709471049 0.510318762115731 0.582598558826075 0.532031698080919 0.405145644382158 0.486225966372518 0.443135995064105 0.40362857925813 0.385812690437808 0.429951095672844 0.452889300949909 0.470135745086397 0.436816873115608 0.468483159884885 0.471785148640362 0.466475159008834 0.471591842711696 0.482263573338891 0.468753520876719 0.485995882440398 0.485466375394533 0.449501313160382 0.396057643729478 0.484203021826367 0.483633183866139 0.507869244925001 0.495694312062121 0.426633901739993 0.493734884570462 0.448165008968169 0.399179471406 0.414131357183071 0.467425157989862 0.423369565178099 0.425066748682169 0.428494543368242 0.445233744089448 0.396109144836751 0.484616866314131 0.397423673074911 0.433221587724026 0.413438379393745 0.478514902972382 0.496982237553042 0 0.520294991896142 0.482444526312301 0.475082881713968 0.492337808046785 0.48432397179783 0.476152111621914 0.490750740837683 0.43350943223779 0.334045712150002 0.447029091256584 0.50130697994968 0.436572307010715 0.500122341848688 0.476118182817559 0.48324023146226 0.510702551711418 0.553677227964786 0.423946192415097
"vayupurana_04_bhuvana-vinyasa_iast" 0.501751411604436 0.526490852467795 0.551847909842188 0.543688296326591 0.526847143045118 0.528974361618218 0.514982893336553 0.529771865668247 0.502217746173375 0.524590978869095 0.567188726001175 0.524759055440418 0.545422315355615 0.529682481742706 0.480616050052409 0.493618854112597 0.464981970533814 0.449139815990186 0.436527209203851 0.511066941526235 0.523867534985573 0.493806417130136 0.460630024128993 0.480420115409947 0.509938670184638 0.5285030844444 0.507685346996974 0.546919380895397 0.52237139159899 0.479765460234246 0.502631313085867 0.476032403921298 0.621552402846574 0.574618825329699 0.635380424199305 0.595688347155235 0.623397434090643 0.605209979066079 0.658029072274682 0.600539059588757 0.485950327229774 0.522559395358569 0.47508222303487 0.494116583174779 0.523517305405562 0.533848721486761 0.541274521432038 0.51683790093537 0.544787061666662 0.54347392690519 0.530618447940793 0.546659320307527 0.53405020242541 0.530942479372363 0.528248930736215 0.545305708419222 0.546710717865498 0.573070734546171 0.533128232056441 0.525547836900583 0.541386781804889 0.547530258449071 0.54338504275601 0.562153056743066 0.573630868475237 0.641652153347688 0.579753505898545 0.47845337669467 0.531405417285225 0.525038095865999 0.481013789830144 0.436808542895761 0.468202219098939 0.512118013129484 0.500597478467214 0.522402225843774 0.497568739620805 0.533098326675632 0.532517720309875 0.532610941387641 0.53136945603339 0.511500421530353 0.511441956522801 0.523658565118135 0.525016308935691 0.480343929042384 0.517179381266721 0.507698390894321 0.532117393371026 0.560932998407836 0.506829946212479 0.520971486384319 0.540940167725268 0.480571225729131 0.490341680592411 0.533863375749835 0.496468140092786 0.480123573028821 0.493903531682583 0.515197866474257 0.502298037994096 0.566005403440672 0.468582530279284 0.524371655892965 0.477371083320751 0.548035521149251 0.583435358107253 0.520294991896142 0 0.559268142966681 0.515038159687046 0.54618572346753 0.555212542195988 0.48365919582395 0.56027293386503 0.493525312537159 0.382840457088654 0.53092408131223 0.557386475614396 0.526524550211968 0.562562527221705 0.539019530983956 0.536038785776505 0.562948987633731 0.609066423500319 0.502094485094468
"vayupurana_05_jyotis-and-purvardha-close_iast" 0.532932433507089 0.533139386511728 0.557360697355572 0.551703914787494 0.544981904361455 0.56785986584404 0.519264214726289 0.528576877352137 0.528970443091519 0.528737579913451 0.581292827114765 0.548981204717025 0.544740961753004 0.528841437511169 0.496918558827686 0.427214921292316 0.486001053673318 0.512481522789043 0.477590004996806 0.516802275727042 0.529796460929643 0.508398195105677 0.505527057910542 0.514771325632239 0.503611902745576 0.530287782430359 0.537010794894469 0.560755364035902 0.543468579133959 0.545477992125884 0.526906450391355 0.504593411720555 0.63522100581474 0.561231638741187 0.592010035967139 0.585440839843724 0.592139330854052 0.573216869415515 0.636172389513587 0.581458835196704 0.510073091422663 0.508708751469819 0.48033972898356 0.513894502974461 0.522957111158265 0.559030281411702 0.541194431441111 0.521545892898298 0.545471534004355 0.531486473965354 0.557601739305101 0.558103571012718 0.564013759609848 0.562840177852831 0.548677246882145 0.54399673714058 0.559705635939614 0.56710931295041 0.515441440909659 0.512030083765469 0.544189518546829 0.537423048529617 0.525363173373544 0.558372139311143 0.570992152464212 0.626352064399237 0.580130131749636 0.488693783304817 0.551887927062497 0.515066348894783 0.489181283267936 0.471889864405065 0.51441986719183 0.528856369341245 0.533987647884095 0.525801857059224 0.541430505057487 0.541081157062852 0.541886349773201 0.545477250559342 0.565212725407733 0.547022471244428 0.569012784131664 0.566648408210744 0.536484705459366 0.490983973852701 0.549473783065505 0.547013585472861 0.56772704259591 0.544699413655367 0.518770450899439 0.556893636112097 0.533518609289251 0.479534398076258 0.506358166675361 0.532576835644761 0.526973619235043 0.506412774181026 0.50304175469077 0.526593314851707 0.491812299983696 0.551781463792282 0.494268015179835 0.521163225663235 0.514205595513511 0.50551866701982 0.534490850720274 0.482444526312301 0.559268142966681 0 0.504849546595944 0.512420372257242 0.489600978540224 0.508669978193108 0.554600243032615 0.503696717205292 0.428893701077273 0.534405013538826 0.574912365557197 0.511286582662837 0.53036220150578 0.518356667010444 0.551556023403039 0.551968841178331 0.566074528578266 0.492947073453428
"vayupurana_06_prthu-and-prajapati-lineages_iast" 0.510568060931932 0.513247920968456 0.53631102456521 0.526128802255541 0.521305181246437 0.547921886108425 0.497388684748084 0.51047565344977 0.501643007482292 0.500781067411959 0.56903564593307 0.522789214967479 0.532348047336013 0.522308659296735 0.48717655507506 0.439987349664185 0.463985641351979 0.481800226032946 0.450859640530851 0.50325476434571 0.521608908410657 0.488000419311527 0.479765920000299 0.500297624328926 0.504624710232991 0.511382683865039 0.505156901813138 0.53952518078351 0.520331163521062 0.507233045467565 0.496181702125316 0.481509700557901 0.637772645326596 0.53148231086269 0.574594859482084 0.573252266104234 0.593036743200961 0.569909508283913 0.632259950099012 0.559005758040556 0.501103135124913 0.523572155979226 0.473562984810692 0.499476942656761 0.501114831149212 0.528389102547139 0.5182957381754 0.499838461601543 0.521319930975484 0.514738916382035 0.535220542241657 0.534000234540985 0.5383896562219 0.535094023681757 0.522427131254597 0.522412242232583 0.540904726431295 0.56556390402337 0.502771882811032 0.495740536162453 0.533836964881165 0.527665432542093 0.511866248756173 0.539156452680775 0.560051966508935 0.620472816277519 0.564741868096087 0.467131738655256 0.523035034012536 0.504720519423179 0.466574372418681 0.444160578528668 0.492370117702534 0.516141102296592 0.516289710457227 0.510684389995548 0.535421832683474 0.538374089056323 0.519748010812734 0.532941020551032 0.535832352293307 0.527262556128611 0.533859303021717 0.536381181001161 0.518017555142247 0.483509234620203 0.553924078307659 0.543304760452845 0.550629555156663 0.544745155573978 0.501923264842596 0.550983152544313 0.532373882368161 0.47054209117496 0.499468206662894 0.538070697999881 0.510598806070332 0.494563783102109 0.502934250360622 0.509772050593045 0.479810135901279 0.558609419102135 0.463861916548414 0.526144157990203 0.483803076932023 0.51100036369365 0.553090722189693 0.475082881713968 0.515038159687046 0.504849546595944 0 0.51029167721805 0.489827296877655 0.506993105546937 0.549795908631523 0.513084302398895 0.398361951141566 0.521753007598284 0.555803090787713 0.510642354223912 0.555642643589836 0.519521906708806 0.52993085557984 0.558189644643069 0.593474335777886 0.488562262015118
"vayupurana_07_shraddha-kalpa_iast" 0.48959814945786 0.508992521428374 0.525855244487583 0.523818115987361 0.51910285207088 0.543882124085578 0.49956692826741 0.498925536863117 0.51063124628767 0.50953231305081 0.556749324256513 0.524492190334375 0.515087739637 0.511389150322914 0.454020439063541 0.466216587246106 0.464995977854767 0.499284714056617 0.462940890642724 0.474193920185401 0.505471366707114 0.474866464979359 0.466317664871799 0.474336932291563 0.451830988361526 0.493223214811169 0.500609009124226 0.532495244185679 0.528485194304184 0.534427412203218 0.501850231115434 0.468637873082901 0.61193794251071 0.537303657163697 0.590599409545495 0.570517402818116 0.586504370373902 0.565335322177749 0.637958417437265 0.564161863634286 0.496745559220003 0.473629870253739 0.461862031978846 0.483299939702943 0.494165342250978 0.545485692232187 0.515568151956056 0.48987123782179 0.521076857032471 0.502271879035663 0.540581042912213 0.522993336345103 0.540298897309546 0.542991463307243 0.530733000402345 0.518420357600455 0.532728035164674 0.532496524237773 0.477078103822961 0.464523557216699 0.491282198806568 0.480355620411468 0.493414790207982 0.528600263445403 0.554088210368304 0.59826355485568 0.566247381165282 0.460172029220263 0.541881640166515 0.497087176949687 0.463767038297216 0.439206286654805 0.469468880996945 0.488483990492596 0.486351116981484 0.499316638343481 0.503895753898668 0.511742934010203 0.521430995533295 0.520510703923587 0.540989734666586 0.532068852135052 0.546586559757776 0.547495477112041 0.516949417296314 0.464792538851451 0.500346315529984 0.501338505771695 0.540393087775997 0.520520758698201 0.495399692807374 0.539505039709725 0.530560657296868 0.453487602535893 0.470979860197132 0.488731313063107 0.498877219838815 0.467647120310861 0.485553398935579 0.491956108954688 0.469970217219365 0.530348970691386 0.466182979586312 0.482343374212041 0.481340141369686 0.514296721246951 0.506131325681791 0.492337808046785 0.54618572346753 0.512420372257242 0.51029167721805 0 0.515020519376689 0.505765144122155 0.499073336092684 0.482065953051541 0.406990035384733 0.486575247550766 0.546427892328601 0.501015762660242 0.540544639177345 0.483989020608117 0.529478549609184 0.560150718142545 0.572936417636128 0.478607618756007
"vayupurana_08_manu-candra-vishnu-vamsha_iast" 0.524593606695477 0.519727205770916 0.549227968857897 0.544550760661029 0.53358748231559 0.560892226727139 0.512823192988157 0.51701557520329 0.512408765413844 0.492156646003081 0.579802209129765 0.525663011826609 0.546989535931239 0.51854020080194 0.48333111561811 0.458860494101754 0.464797811987316 0.515223791082421 0.471405734583798 0.501793166863382 0.526976989813027 0.490272418211248 0.490478108032088 0.512982454419053 0.510871310278463 0.523996833337196 0.514746722075101 0.530375828352099 0.550529259668441 0.541661955843771 0.499937738173725 0.487405545450837 0.641265420634955 0.52444523410326 0.590646453848737 0.569846334886408 0.604525569930106 0.584020581346242 0.633815215026584 0.531929038349828 0.508618064601514 0.526668985886192 0.48442603257297 0.512163812258502 0.490707712676937 0.535842292789243 0.508619387594695 0.495867033216216 0.520158296377781 0.509710103704985 0.53346702576736 0.535049598436586 0.535734967188205 0.535686190429788 0.519041245088043 0.528909576351595 0.54059181839718 0.571061890911628 0.505756170591863 0.500205300203158 0.552223296827167 0.537684984344112 0.50772301487007 0.521606816254782 0.551439587491717 0.593723777806531 0.559012033296033 0.463936397076679 0.53221192530599 0.482569817847728 0.459570230370144 0.45748309771034 0.506193933620895 0.514056135695045 0.522468324550891 0.499800328103452 0.531602936531735 0.55871084156905 0.515970070270889 0.52059905904238 0.540694073335507 0.531937296704174 0.545354714891659 0.547028110419558 0.514108896783186 0.488548275968559 0.558402269649971 0.549372332208803 0.557040483556892 0.550624702499282 0.505994902814198 0.566150914286311 0.524204918779063 0.48034931413306 0.510027932968456 0.544749119837277 0.518540544043147 0.507809278175535 0.498885813511806 0.527374616444435 0.487786326428024 0.568135305259217 0.477525240644451 0.517237151437054 0.490749435247295 0.523082829347254 0.548583922664129 0.48432397179783 0.555212542195988 0.489600978540224 0.489827296877655 0.515020519376689 0 0.521135924086172 0.550795720056427 0.499431730914018 0.421925423375039 0.528480582814546 0.565330319803677 0.50013539193472 0.531985151418826 0.517724783760998 0.512094414058455 0.534564684288663 0.578272241060695 0.469717260209125
"vayupurana_09_upasamhara_iast" 0.476275206184811 0.470888980885062 0.490801400510692 0.484885539691067 0.48097937929957 0.508474699467474 0.463473975848337 0.472705843486515 0.465687198052478 0.480783416303097 0.518080508971504 0.476479455271406 0.483921585919136 0.474934491035337 0.445757238463606 0.457532414139717 0.423861068678311 0.438854055573956 0.410660215172521 0.469849723579727 0.465051051231109 0.442567289738561 0.440595456360467 0.463041924191159 0.46320876025318 0.481449201057724 0.480132326761882 0.510523972642419 0.484295420582036 0.486413512731848 0.470699148306573 0.445021728101005 0.602908884837248 0.554025089557385 0.598209225955785 0.562632481848319 0.57694693475066 0.569342563393314 0.63454362372271 0.570535645133568 0.449816646890765 0.464817057324879 0.433259004142133 0.456035030764066 0.485201264669881 0.519402582247937 0.501970757554673 0.475838706296523 0.504135328125163 0.497149242882285 0.50686989797388 0.51162668876627 0.510076835998616 0.508138076267955 0.504063924751806 0.504857102622376 0.508487475056058 0.519395949917367 0.473261687226706 0.479666218466205 0.497344883891583 0.5100234142096 0.485870864781895 0.523227483764719 0.538166108566551 0.609385517611406 0.549925055379774 0.442007063887672 0.501280687663069 0.478150408556379 0.439326597465333 0.413299985289843 0.437949929911324 0.474954127078222 0.493658630880139 0.475958140277632 0.468739007909919 0.479414431466315 0.503357866261692 0.502798447196192 0.50633662832639 0.494464290348056 0.499088460662734 0.511275032506142 0.499179302209827 0.431865285235081 0.504003639954375 0.486275973469103 0.513533619908192 0.519921945310071 0.46689258846162 0.508075572261058 0.499182984439802 0.431073059878857 0.444572956852505 0.485161298799723 0.465192873271773 0.441220398540316 0.464257393360077 0.467786755028032 0.454936630599373 0.508965283625604 0.433830684309609 0.488041467743988 0.451082781006551 0.515707300523424 0.52459955817697 0.476152111621914 0.48365919582395 0.508669978193108 0.506993105546937 0.505765144122155 0.521135924086172 0 0.51573322511942 0.454078340311847 0.378356671317368 0.484233198552359 0.526194628687461 0.477591511384176 0.526050165251248 0.493406717665525 0.513469260001893 0.539377477212254 0.560066880653146 0.462177744520113
"vayupurana_10_gaya-mahatmya_iast" 0.439778309776783 0.496295327758345 0.519938486964274 0.5079250412101 0.495750617075863 0.547455950679207 0.480455310143832 0.480734178314837 0.483206699655786 0.485239895639283 0.54834550778097 0.499529617102342 0.511320747422772 0.516297342447085 0.414855229387143 0.49890736858371 0.439902488609532 0.464974491072002 0.436329121680835 0.43875764835664 0.477764399157984 0.424454988201838 0.433092282511755 0.441638912511722 0.422958363552892 0.461015709648173 0.481294218674539 0.50231538476983 0.5305469978579 0.529595481155912 0.486063198012841 0.417460773147942 0.58889755836236 0.552864201735982 0.616320429842072 0.575859494553467 0.586590626395293 0.580528907591362 0.655796018816803 0.563751451986922 0.456383894309436 0.441912084961032 0.4357350622819 0.447062468727128 0.493600132451561 0.529014022835327 0.516030010996364 0.488982957773609 0.523181336020775 0.505846873834066 0.533073414882698 0.534466127488592 0.527931687356111 0.529325304921828 0.515460008884722 0.518409415196965 0.535651943500795 0.553748312720409 0.488712408614326 0.476723699490131 0.504159642534552 0.497639497745848 0.499925747093447 0.532791418631276 0.552808694551822 0.601506339806227 0.557214469923579 0.448091641710702 0.510494232035851 0.488326057742049 0.447569943626801 0.433534190304942 0.421862137104044 0.435128976681387 0.465593486530411 0.454738181433462 0.460024535289966 0.493734242027833 0.50210998366251 0.501292542623033 0.515426477105126 0.514178259914956 0.53099456135772 0.53076714675973 0.496855618316761 0.418315968276731 0.492609922792146 0.494954958605753 0.526945073751454 0.504750985630443 0.439715818002683 0.538214015356239 0.489442537653393 0.429584303242076 0.441316081791081 0.462241548567243 0.462922973024599 0.422674066003607 0.434909156545855 0.468912606785818 0.456942991940499 0.537476253072874 0.447218522561157 0.443644862973039 0.422640816399005 0.553693100565076 0.557201197722059 0.490750740837683 0.56027293386503 0.554600243032615 0.549795908631523 0.499073336092684 0.550795720056427 0.51573322511942 0 0.420187678283071 0.380835061174108 0.474273620258988 0.529204547638835 0.475455228701809 0.54705125521639 0.472596653828738 0.528111628049407 0.545572695181692 0.584702199995288 0.463210443083706
"vayupurana_revakhanda" 0.375021873939004 0.421271702286911 0.454786093851842 0.430053349604159 0.413891147178158 0.463660540097906 0.397799443860684 0.408393124958991 0.401419810149198 0.411337389131544 0.47193257178373 0.407612972823049 0.42508143316985 0.424995585039097 0.287946811294364 0.415198772759332 0.326500978461526 0.368408915881864 0.319053826963206 0.307896789271868 0.396196951345615 0.309608781761398 0.330163276222413 0.346207547719044 0.330805918901225 0.393539628017824 0.378892567939201 0.412494767661152 0.458759987007249 0.444307862632238 0.370371049515463 0.314118252128454 0.545649912012414 0.487396163171099 0.569295196720191 0.516377152335025 0.552604861562302 0.534689573614141 0.610751600338413 0.509557782081778 0.356125331441955 0.344543035598223 0.321949549214864 0.353523668182635 0.374235786920123 0.4481093686506 0.412070515161309 0.360996068531199 0.426360314814199 0.398056075014413 0.442429445197863 0.454045113019792 0.440246247784197 0.439746418935345 0.419505596449861 0.430043484149009 0.444851336403323 0.467403848462658 0.366852883572493 0.354827729120993 0.402635257393877 0.395762704364119 0.388843858503374 0.443974485306612 0.484283604582648 0.559529379742479 0.496544547854306 0.320931540272554 0.42576705695864 0.361659297012524 0.307243707792823 0.309344082370553 0.331610560039636 0.324604389696446 0.35689410920565 0.33122941452598 0.353236431507105 0.444584866789841 0.410116789815556 0.40433722936568 0.416917588527226 0.415939710587389 0.43241483817642 0.43663635020237 0.3928926392824 0.308553744202595 0.423172909681056 0.423618203456683 0.446801076301348 0.411213708675782 0.344250122641937 0.450016796689252 0.406507437527547 0.301996114083944 0.35231920152615 0.386967104337476 0.371498653970029 0.311717933920087 0.25494395531057 0.3997697148286 0.349582145375071 0.483634152810697 0.331141955691935 0.347483079370635 0.317814421257184 0.507512389407483 0.510734761933035 0.43350943223779 0.493525312537159 0.503696717205292 0.513084302398895 0.482065953051541 0.499431730914018 0.454078340311847 0.420187678283071 0 0.32946207128865 0.360485079598456 0.430763543624924 0.391136650282946 0.46930726126186 0.400720667722742 0.44910729622439 0.467793418896883 0.525333839393899 0.3504539667843
"vayupurana" 0.347900052249422 0.39264697308465 0.433692835581615 0.406829874247456 0.391048366124816 0.438706272633931 0.364652481236595 0.383836657929348 0.36670672733704 0.380909613197124 0.472073944178191 0.389079073412551 0.408301028182259 0.39477604559506 0.298193214736438 0.332522458656597 0.289408296893721 0.329312757481702 0.266953121188825 0.333031758665435 0.390739856319145 0.320709896369926 0.306447753957037 0.326828137902583 0.334325924590954 0.385292161671527 0.372001235752403 0.419041023005771 0.412665586670641 0.396531337268776 0.358468725847385 0.304922111243917 0.567754385868221 0.462206949061871 0.547409466330098 0.501729416118783 0.527691289460338 0.503925358619548 0.598272611533806 0.492107527632555 0.336603145932371 0.358156970284562 0.287520543358543 0.341073357778923 0.370948018582504 0.429373997947082 0.406372045840371 0.360710649883715 0.419284255649893 0.397830950043008 0.423751068299422 0.437567090339773 0.426529544516187 0.426796516851437 0.407416506071527 0.41812337361238 0.438174113833392 0.466070888735977 0.363948731366071 0.353041961567749 0.413713008170995 0.40514848786912 0.388805597937204 0.43915974757076 0.476157439401223 0.565211370403581 0.493183863870624 0.302665607660642 0.427301542479576 0.376835230890471 0.302786303421406 0.246275724486534 0.30874835980836 0.361040565216772 0.379788864426538 0.355486982389363 0.364277138380554 0.41056980802538 0.405162713680026 0.40438111217665 0.421393770856987 0.404584516740504 0.420596055286668 0.426215859025608 0.390799051866257 0.295737675109392 0.412577987911659 0.401987400311346 0.420259459056567 0.450022412609887 0.348900588101795 0.41454200798215 0.412565418209096 0.289472859018409 0.326144111197606 0.391348800943053 0.356971769144036 0.310287504125974 0.326909525557786 0.377562069120007 0.332250924776664 0.454271622525612 0.296464050627459 0.374773520356374 0.317173443287794 0.426532171678974 0.454800065321166 0.334045712150002 0.382840457088654 0.428893701077273 0.398361951141566 0.406990035384733 0.421925423375039 0.378356671317368 0.380835061174108 0.32946207128865 0 0.375551689256378 0.461362803792439 0.374766271407249 0.459074325022489 0.390141330064815 0.426492550348248 0.461402545938559 0.522745140569372 0.332865360157046
"visnudharma_pu" 0.385791832770522 0.37418650727191 0.405453397168113 0.337453292488738 0.33021125156501 0.403227007801074 0.367428360640558 0.371856053990094 0.374589490421615 0.406339626313874 0.407936350989898 0.337777453759383 0.33243815462634 0.351846512563128 0.334981465136848 0.44733399013699 0.357554896769143 0.402789529219674 0.363183921908673 0.26668273761135 0.415548289526793 0.341491933597481 0.361784526146553 0.382707261361607 0.361495527987764 0.409086113614058 0.313178540727578 0.345845615239253 0.401349286435781 0.412083630606381 0.305110590376587 0.346878833511168 0.550199421345301 0.428105005080607 0.518730752602169 0.469226116829857 0.49746641310146 0.483764377400536 0.572596070978711 0.451701088315343 0.36738813018338 0.362843823780894 0.350675135712309 0.383391167886067 0.30414262948628 0.39711412195855 0.337821483348554 0.293576364514048 0.361353300889741 0.311316036103932 0.389754459107415 0.40771619205516 0.386050300900911 0.38953778318845 0.37051904496997 0.364440436011774 0.38071348102129 0.401839226570845 0.259180289395784 0.270458820152636 0.316435647159716 0.323654938649824 0.302171515574144 0.381357898122926 0.432026278504969 0.525569954773873 0.46111531670271 0.332825154767019 0.452281963887548 0.358957265375446 0.319882771173763 0.330104153714001 0.344926699710521 0.344756909486608 0.399026722481698 0.283945061695028 0.376816099103736 0.435762622473595 0.358164113163113 0.344084293013976 0.370001386235667 0.363945259316384 0.374144968033915 0.390476185607362 0.343270869645375 0.349863955633414 0.43243004975739 0.409861412970986 0.461322173855867 0.456348757583587 0.388247572898809 0.469189579997742 0.438617239893727 0.341425730805134 0.375256587013522 0.413199328825626 0.380626442227156 0.339582983149937 0.324985668417425 0.402712930515681 0.370692492230856 0.46013516030851 0.328115165178592 0.409861652771168 0.330344969397442 0.509792031952585 0.512062219780883 0.447029091256584 0.53092408131223 0.534405013538826 0.521753007598284 0.486575247550766 0.528480582814546 0.484233198552359 0.474273620258988 0.360485079598456 0.375551689256378 0 0.416447563451893 0.368490358596265 0.467974472795244 0.376569045066414 0.436035774425731 0.467609103832521 0.514380138724408 0.334036980138498
"visnudharmottarapurana_khanda-3_adhyaya-343-353_pu" 0.467822628596412 0.484273948237125 0.502900215272777 0.473893848428916 0.461115000704403 0.497370090901931 0.473586803648901 0.480610699319487 0.472325247625803 0.490417793958894 0.510952135077766 0.463779658267282 0.475869572879169 0.458596176420005 0.438115749580936 0.507399857545382 0.452324460333921 0.475483557951995 0.44973970935225 0.408439312750802 0.493653919972663 0.447690452353038 0.449046366901481 0.463890806092375 0.464364656833649 0.481053167601048 0.424351522998482 0.440595906548975 0.488852904161677 0.477972936423038 0.427303848511901 0.439288181033131 0.587193373154444 0.507804186486365 0.572916076420709 0.528373349567826 0.552782752414654 0.556905984763912 0.608092215212695 0.525218878263017 0.454863891242785 0.472605849637294 0.441470648368286 0.450045101624283 0.426926386414356 0.4626511388683 0.455590687767339 0.421165836299162 0.465161961249635 0.44983988714018 0.479186520376863 0.477765931268951 0.475465551718961 0.474191230637579 0.467598342096979 0.462455922165276 0.475393032867429 0.497666644544024 0.428055011368812 0.427863785147728 0.468960101639165 0.465352374829582 0.431108406080156 0.483513754811684 0.491919660639308 0.56592536966053 0.519837317559064 0.449194618936082 0.508911678396607 0.451073868990817 0.435903178279713 0.435577993734714 0.456530427293645 0.466777211833633 0.461675990341987 0.400797010759529 0.469603253362684 0.521195255512453 0.452694392162711 0.458485469538774 0.455837104181672 0.456418544218596 0.465129855141037 0.474085940204973 0.437362707909043 0.443654443838421 0.53063009282378 0.498666936196506 0.53762236021057 0.51782211116591 0.458783691162814 0.535482780124074 0.49136786714034 0.453477594278429 0.463716556777135 0.497317304275739 0.46713534809836 0.460453115739294 0.41175034463371 0.485597197969332 0.459289914940998 0.542394560803563 0.437509989856322 0.476612668619139 0.439337553513609 0.562490878180327 0.559256099336571 0.50130697994968 0.557386475614396 0.574912365557197 0.555803090787713 0.546427892328601 0.565330319803677 0.526194628687461 0.529204547638835 0.430763543624924 0.461362803792439 0.416447563451893 0 0.470513359782134 0.526929238821003 0.48664746336008 0.511693685190331 0.523308489797821 0.57176560496782 0.453854002373656
"visnupurana_amsa-1_u" 0.438066319698253 0.423708253286311 0.44169038335742 0.420557638683647 0.405006976213192 0.475048995252312 0.386261394187477 0.387960817828017 0.390337257214357 0.412382065293321 0.488367225895446 0.418966165372038 0.429921127120993 0.424355586544634 0.379686166407539 0.430235138912741 0.361922873019122 0.409320769942447 0.363873828726285 0.371318790137406 0.424726264403346 0.363079949796372 0.411317613810524 0.415176767786769 0.411217059439182 0.425085974407007 0.406538147787342 0.423676527102105 0.454999622295314 0.447100096865243 0.394690249188984 0.370863143430536 0.582696871517377 0.483200678391014 0.558860462307697 0.523978589155783 0.513700547708464 0.523392515925502 0.589711177815161 0.511023569121544 0.375728717139085 0.401109835221252 0.362514872369923 0.407296131332477 0.394170375580726 0.456289234108422 0.428684004769258 0.394809604514844 0.446440422454536 0.417665225095276 0.456023334321671 0.456968057164699 0.462742471469555 0.461346898307094 0.443631634756688 0.444407330971333 0.466223188315983 0.479387903915929 0.384112755146253 0.38678091216017 0.444111503638212 0.451094578728291 0.400303002664073 0.453656730108196 0.49113718225847 0.561134816397181 0.512041632943446 0.344728347597667 0.44784553481644 0.367293546494588 0.331444146425313 0.361307349312158 0.39618723212996 0.402649929983062 0.443769226968883 0.37663916835974 0.411662777611404 0.442153780446082 0.430690862988399 0.429088327874996 0.449345620125428 0.438238109432816 0.453436776347303 0.459030187088174 0.414461486483529 0.368081779605106 0.476305800427454 0.466689745880884 0.468707948182907 0.481923694116405 0.383466317401342 0.482772653035035 0.42229269803478 0.365814265657844 0.389172133808211 0.442850240039711 0.40572447426073 0.387796618254596 0.390235883206574 0.430122551550454 0.374893712281541 0.485943640528788 0.367997366425918 0.412724094315943 0.366373328414139 0.495693569833626 0.51473280605558 0.436572307010715 0.526524550211968 0.511286582662837 0.510642354223912 0.501015762660242 0.50013539193472 0.477591511384176 0.475455228701809 0.391136650282946 0.374766271407249 0.368490358596265 0.470513359782134 0 0.42488734279592 0.390121729282826 0.426891845632603 0.412231228452022 0.467323317980419 0.254679528067985
"visnupurana_amsa-2_u" 0.501073351333345 0.510302730076533 0.518642010606164 0.506920410458055 0.508030901210553 0.523071587155575 0.492231500348872 0.50071832881056 0.497811344909247 0.504042657303181 0.542939046341447 0.509308753778941 0.507910748681232 0.490202896179346 0.4572029606795 0.465459795374439 0.455989781581477 0.491362997039097 0.454810293919969 0.470889306781326 0.49558692675436 0.471639940792707 0.490797111893302 0.481125615231442 0.47176482758718 0.502208329396447 0.506158391105555 0.512952258875006 0.514532610398861 0.520447708920366 0.485130322576233 0.47175096808167 0.606523249837639 0.545588372950623 0.596182477567474 0.577014665498607 0.565032080738351 0.57613014083684 0.614746257490454 0.564933943504376 0.481943165608543 0.484847976521503 0.45711482538067 0.481276399415314 0.485760055181282 0.529126708586152 0.508904406450666 0.481253638161704 0.515214884405064 0.505499083041713 0.527162652201103 0.531008954027082 0.529926860438099 0.529457237072264 0.517903730292273 0.523006977064778 0.534481932329661 0.54043146826016 0.47611552233869 0.471063923694938 0.514977698147246 0.49454720561312 0.487808359074757 0.529535825178857 0.551581889280673 0.598627481797114 0.556038704927761 0.436845655021235 0.518728768418441 0.463484027882313 0.435050384429928 0.452955617642642 0.470295473107697 0.483172172173164 0.506816930635669 0.471777490437155 0.50270276353238 0.526055819527162 0.510111077431254 0.513982079413409 0.519719089580931 0.51564375404699 0.527395825533869 0.528135401766373 0.507268021801346 0.466592112603104 0.537531433566551 0.535638313789721 0.544570374839314 0.53657990980731 0.495215580595682 0.544357284850826 0.511413557292757 0.457146672695942 0.48369801823177 0.510828549399457 0.491436726177432 0.474797494359011 0.463721066055353 0.498570450246708 0.474635823224199 0.541169348415483 0.478514060618354 0.492904058492586 0.474762112150896 0.546007369061136 0.554371139093887 0.500122341848688 0.562562527221705 0.53036220150578 0.555642643589836 0.540544639177345 0.531985151418826 0.526050165251248 0.54705125521639 0.46930726126186 0.459074325022489 0.467974472795244 0.526929238821003 0.42488734279592 0 0.452156290610734 0.497004916399079 0.472218884599832 0.487414745859317 0.38654136624249
"visnupurana_amsa-3_u" 0.412648240315904 0.448954939261155 0.474569759309423 0.448664706153762 0.443163838302643 0.485434276252655 0.42244423869327 0.423191565004001 0.432461890274668 0.446460385067755 0.495288119212362 0.446241801061058 0.443136727718393 0.443486633646133 0.366201721889954 0.435584363799235 0.380679632619757 0.426844948847481 0.382504763348482 0.395067219809015 0.434707445370423 0.393029115509821 0.406623092113537 0.398588378602391 0.375324196266586 0.441315065296388 0.432437354855974 0.466729528374377 0.478442401997292 0.483577307889638 0.424266207125779 0.388160872512711 0.588551022552959 0.500074818225453 0.572592353462759 0.537089400054842 0.543289145049399 0.534288963403986 0.613436814335428 0.521858907598016 0.430028049164896 0.403487971545082 0.38291347273481 0.408495617799677 0.424544143901144 0.486565992803666 0.448465309250883 0.420994511068452 0.461730557481145 0.435333753924296 0.476475323849907 0.477882308910551 0.47869626542133 0.478152182492158 0.461348640076966 0.463020328643282 0.478195499204471 0.497126760413912 0.401786178620825 0.402611879493925 0.435012050001292 0.420836930337718 0.424067296315042 0.464522870106134 0.511506053300656 0.576948809850446 0.521165198871598 0.360616108084747 0.46816778909394 0.411670784759883 0.359837743024527 0.374908395792605 0.376544923864766 0.396303331792788 0.443468269683084 0.407252393524128 0.421087117256376 0.466445155571473 0.460875546045439 0.449649027973612 0.473962286080113 0.467686231100882 0.476099886928261 0.486863634355116 0.455111028739478 0.395395910308603 0.46187324375663 0.448276675007964 0.462946271187609 0.494434498603424 0.425301599553559 0.480466061134262 0.479817182421228 0.376950534941287 0.397405597630724 0.428762372312815 0.433565440509228 0.394881421004294 0.405532991747459 0.434615654724695 0.414943290338856 0.508879317551794 0.410963840526681 0.44221889517028 0.401382982332639 0.505956495173554 0.515385462271718 0.476118182817559 0.539019530983956 0.518356667010444 0.519521906708806 0.483989020608117 0.517724783760998 0.493406717665525 0.472596653828738 0.400720667722742 0.390141330064815 0.376569045066414 0.48664746336008 0.390121729282826 0.452156290610734 0 0.42536437699927 0.474790489822126 0.490385941641378 0.301422309591854
"visnupurana_amsa-4_u" 0.44543103001575 0.443157206700679 0.474251376032829 0.454407546404562 0.443120053557489 0.444153216986363 0.430170688941916 0.445350784563351 0.42978426324133 0.396133309253349 0.4971915170874 0.436157721667992 0.473560200134758 0.43949532298421 0.408645986502188 0.467570934282779 0.383847019773595 0.419096811489689 0.382852612463867 0.432034707797694 0.474696589225762 0.420476529729925 0.45248993731755 0.434911865493714 0.450364431254153 0.467225724901415 0.448313337321731 0.481376169782403 0.495132199023474 0.480111107011501 0.430920363739927 0.421601213527437 0.611234544611389 0.470793989636649 0.564956043120278 0.501557523219736 0.557593553063556 0.541245460520964 0.597611895088929 0.499476636679464 0.434236389674431 0.456743581856445 0.422107876038173 0.450734246533843 0.42459623626317 0.481353784051552 0.459201841838218 0.430284910319224 0.470546894745991 0.449640811215179 0.477098430657293 0.488932771457853 0.47324410851671 0.475827400186539 0.461944413505521 0.470226546031472 0.486641777822696 0.511531351035703 0.440171101285623 0.444090491864871 0.489343913685769 0.48695340659309 0.452814898939068 0.481979595828072 0.503226872617752 0.59805878038361 0.548424667896275 0.389366425478474 0.484780345563756 0.42530174518158 0.385406677902259 0.400661964672857 0.417233898550778 0.439270768668675 0.477383827470974 0.430987170713111 0.417950446029334 0.457937157827985 0.459636448651568 0.46122983346463 0.481382081210416 0.478185393231982 0.481795965224278 0.491744018399788 0.460719381172618 0.424149010943066 0.502273987526977 0.48585109864257 0.445462974236199 0.53884288911313 0.44412348665881 0.471198758342134 0.4891343199379 0.419535760114176 0.424270745877815 0.475738039876704 0.455423646487244 0.414899483084222 0.446933336379912 0.476874724647963 0.435228081824566 0.545261831596191 0.423018806397901 0.477469519764384 0.405567236551321 0.539362938062953 0.557108469148708 0.48324023146226 0.536038785776505 0.551556023403039 0.52993085557984 0.529478549609184 0.512094414058455 0.513469260001893 0.528111628049407 0.44910729622439 0.426492550348248 0.436035774425731 0.511693685190331 0.426891845632603 0.497004916399079 0.42536437699927 0 0.471661088055043 0.526911837497398 0.281328765062849
"visnupurana_amsa-5_u" 0.496681173692778 0.493692443937935 0.517037805168437 0.497293312861227 0.496805665813355 0.516211131970589 0.477439127838756 0.483789084596048 0.475029883926727 0.495281279535119 0.52174437189245 0.470386836241795 0.501862358179369 0.494914374147689 0.46121521201949 0.500372227268904 0.448739641298221 0.467688250473861 0.442202680150952 0.471216424931113 0.49844982213275 0.458215169148826 0.482948676778465 0.471285591809608 0.476883863399313 0.49156593931446 0.482497816810709 0.492175346187648 0.53242075831321 0.516693998482224 0.460434402717165 0.467052952078265 0.623785434852197 0.55011179724991 0.610647072267667 0.573830320852849 0.586872316739998 0.587710990192499 0.639137437537748 0.567570588066227 0.470360479841608 0.485636532862989 0.460225748528283 0.480261322182677 0.485753710297769 0.517695980247564 0.50239889269856 0.483086681176312 0.511658959479385 0.499230703763923 0.51853276801438 0.547671023578007 0.521615546520828 0.519199359341281 0.514190397074342 0.519064221279229 0.526884006658313 0.545314425633892 0.488360170765371 0.4893912695588 0.534100043893189 0.524212465950423 0.498433126208525 0.533611490966846 0.539121643533316 0.61238130012111 0.573296525400466 0.446751754379269 0.501819921073477 0.47481728636545 0.439460191843966 0.447146214624797 0.469781480974721 0.483671915175135 0.51553944496805 0.464127781688269 0.489639427503872 0.509567320187169 0.517323068324012 0.513797754837127 0.512662308120272 0.511964854785108 0.517106306167776 0.518458428626861 0.504048083573325 0.455154728970163 0.537543899299227 0.531055475689944 0.526375359531519 0.550607908823641 0.473006211962878 0.536295216935159 0.497089254895997 0.450476384351798 0.475356258734196 0.525559854645886 0.493859813315952 0.459595923639672 0.478321823143812 0.511300869940104 0.477377162610737 0.562711590642552 0.466063338102698 0.505292020465659 0.457506291471148 0.561239969934903 0.56982996887206 0.510702551711418 0.562948987633731 0.551968841178331 0.558189644643069 0.560150718142545 0.534564684288663 0.539377477212254 0.545572695181692 0.467793418896883 0.461402545938559 0.467609103832521 0.523308489797821 0.412231228452022 0.472218884599832 0.474790489822126 0.471661088055043 0 0.486324732696077 0.356271635677193
"visnupurana_amsa-6_u" 0.561228007606519 0.534299011354379 0.553266487709915 0.545928826802567 0.54468017447536 0.571402890354428 0.529517695200801 0.531117130808572 0.532791455433236 0.540064878806135 0.574644560262605 0.541337578527496 0.536072818393328 0.532205008649816 0.519745495698383 0.529536141823122 0.50653387040385 0.544443374309986 0.515269584538288 0.524569890477315 0.536573178465936 0.51771660255453 0.543163053200251 0.5359044925473 0.530504596044371 0.549966165372227 0.546887849678055 0.556192565975688 0.571819738045124 0.572181540392066 0.536369663814537 0.533711588662022 0.63112293699218 0.575945413233915 0.62855513814789 0.605629179460021 0.59536250281178 0.594808619548461 0.64090435921773 0.592983988160249 0.524267765798408 0.521260774037314 0.51074783546809 0.535790084409786 0.537060347741289 0.578725405993118 0.550850947478913 0.536511430664414 0.562839928767686 0.545818388756408 0.567753612326208 0.576318823767636 0.572199730367212 0.568569091024373 0.55980018454786 0.567094727418873 0.571949307734542 0.571077384120039 0.529597484497252 0.532159140683085 0.560521968786223 0.555098016568728 0.536345821791008 0.560363414702418 0.583227594740046 0.622176184088482 0.596780069881799 0.502304996330049 0.564418785471391 0.515961111173779 0.501090740116731 0.523561637147111 0.523585051209056 0.531687712706208 0.567251666993828 0.525900626406307 0.542003008037242 0.552129747977094 0.558548689449478 0.558450668984605 0.574544005664276 0.566179785627869 0.576933246363828 0.580367511325036 0.556613664386735 0.520235476387439 0.575432142456586 0.561031683113572 0.575104207555762 0.577367934295985 0.532728739803283 0.579217608659576 0.542463614816937 0.515338144023753 0.525992121773812 0.550518049584917 0.535345865177921 0.524535594666185 0.532968492235306 0.539832901577686 0.525913506215056 0.573050217682501 0.534653401274357 0.538752994536289 0.524495523666201 0.573855278069524 0.596423295013949 0.553677227964786 0.609066423500319 0.566074528578266 0.593474335777886 0.572936417636128 0.578272241060695 0.560066880653146 0.584702199995288 0.525333839393899 0.522745140569372 0.514380138724408 0.57176560496782 0.467323317980419 0.487414745859317 0.490385941641378 0.526911837497398 0.486324732696077 0 0.434568794647813
"visnupurana_u" 0.379353078128616 0.387353806638814 0.423388753134214 0.390275183914348 0.377608975180535 0.42283912518738 0.354839549929984 0.36588943896411 0.360002846107754 0.361945337417371 0.455280368905799 0.371872028481028 0.400127299380723 0.381483484147084 0.318714552622274 0.390865319685556 0.302437735806601 0.3612436676609 0.301662637958419 0.336616114548041 0.403517695023367 0.323992195645843 0.371605280441221 0.353450542553699 0.359267207300068 0.396184594304386 0.379608128734623 0.411990623601369 0.441018965474268 0.428136270401574 0.35788114636429 0.33309065279763 0.57806501253791 0.450286947336147 0.545048192825164 0.497824184606336 0.515632462989548 0.510395089245351 0.581789312927824 0.484580681016139 0.354494011765024 0.372230317571551 0.32625518219597 0.368592878192411 0.354104690227802 0.438413837582489 0.394473747946375 0.355532373269618 0.415048090407797 0.383373771529843 0.42666260088642 0.441048994208978 0.42791445404404 0.427030801287352 0.411242066197714 0.418890968997777 0.438755665375817 0.461753093522275 0.354754416891593 0.354653828484076 0.42352571663731 0.413882053780059 0.377871645448776 0.428629287798011 0.469540351654872 0.558691177740564 0.504239983672021 0.28629480096151 0.424435507431934 0.338899431683562 0.275312381974138 0.306635897736425 0.332473015750149 0.359237190697308 0.410518436856506 0.341594252591262 0.354106236083167 0.41041616132882 0.40507216625425 0.400709558084925 0.424304469860731 0.42108958471756 0.43020555275887 0.437564071628222 0.399014567886824 0.330481452499722 0.446685643877931 0.432799912027822 0.406222617869346 0.476670835326317 0.358403516096847 0.4325661642177 0.416884848385978 0.319035183975693 0.344235825833506 0.409324518993936 0.381978216018428 0.329484680708248 0.359573201559242 0.4057126447662 0.353210220750253 0.487766568786027 0.339783444201836 0.400633192250775 0.325219391447427 0.487585891439419 0.505421314870729 0.423946192415097 0.502094485094468 0.492947073453428 0.488562262015118 0.478607618756007 0.469717260209125 0.462177744520113 0.463210443083706 0.3504539667843 0.332865360157046 0.334036980138498 0.453854002373656 0.254679528067985 0.38654136624249 0.301422309591854 0.281328765062849 0.356271635677193 0.434568794647813 0
