"agnipurana_u" "bhagavatapurana_skandha-01_u" "bhagavatapurana_skandha-02_u" "bhagavatapurana_skandha-03_u" "bhagavatapurana_skandha-04_u" "bhagavatapurana_skandha-05_u" "bhagavatapurana_skandha-06_u" "bhagavatapurana_skandha-07_u" "bhagavatapurana_skandha-08_u" "bhagavatapurana_skandha-09_u" "bhagavatapurana_skandha-10_adhyaya-29-33_w_commentary" "bhagavatapurana_skandha-10_u" "bhagavatapurana_skandha-11_u" "bhagavatapurana_skandha-12_u" "bhavisyapurana" "brahmandapurana_khanda-1_u" "brahmandapurana_khanda-2_u" "brahmandapurana_khanda-3_u" "brahmandapurana" "brahmapurana_pu" "devibhagavatapurana_devigita_adhyaya-31-40" "devibhagavatapurana" "devipurana" "garudapurana_khanda-1_u" "garudapurana_khanda-2_u" "garudapurana_khanda-3_u" "harivamsa_appendix-29-30_mathura" "harivamsa_appendix-31" "harivamsa_appendix-41" "harivamsa_appendix-42_pradurbhava" "harivamsa" "kalikapurana" "karatoyamahatmya_pu" "kirfel_ppl_textgruppe_I_col1" "kirfel_ppl_textgruppe_Ia_col1" "kirfel_ppl_textgruppe_II_col1" "kirfel_ppl_textgruppe_IIA_col1" "kirfel_ppl_textgruppe_IIB_col1" "kirfel_ppl_textgruppe_III_col1" "kirfel_ppl_ungrouped_col1" "kurmapurana_khanda-1_u" "kurmapurana_khanda-2_u" "lingapurana_khanda-1_u" "lingapurana_khanda-2_u" "mahabharata_01-adiparvan" "mahabharata_02-appendix-21_sisupala" "mahabharata_02-sabhaparvan" "mahabharata_03-aranyakaparvan" "mahabharata_04-virataparvan" "mahabharata_05-udyogaparvan" "mahabharata_06-bhismaparvan" "mahabharata_07-appendix-08_sodasarajika" "mahabharata_07-dronaparvan" "mahabharata_08-karnaparvan" "mahabharata_09-salyaparvan" "mahabharata_10-sauptikaparvan" "mahabharata_11-striparvan" "mahabharata_12-appendix-29_moksadharma" "mahabharata_12-santiparvan" "mahabharata_13-anusasanaparvan" "mahabharata_13-appendix-15_umamahesvara" "mahabharata_14-appendix-04_vaisnavadharma" "mahabharata_14-asvamedhikaparvan" "mahabharata_15-asramavasikaparvan" "mahabharata_16-mausalaparvan" "mahabharata_17-mahaprasthanikaparvan" "mahabharata_18-svargarohanaparvan" "markandeyapurana_adhyaya-1-80_u" "markandeyapurana_adhyaya-81-93_devimahatmya_u" "markandeyapurana_adhyaya-94-141_u" "markandeyapurana" "matsyapurana_pu" "naradapurana_khanda-1_u" "naradapurana_khanda-2_u" "nilamatapurana_au" "nrsimhapurana_pu" "padmapurana_a" "pranavakalpa" "ramayana_01-balakanda" "ramayana_02-ayodhyakanda_a" "ramayana_03-aranyakanda_a" "ramayana_04-kiskindhakanda" "ramayana_05-sundarakanda" "ramayana_06-yuddhakanda" "ramayana_07-uttarakanda" "saurapurana" "sivadharmasastra" "sivadharmottara" "sivapurana_dharmasamhita" "sivapurana_karvanamahatmya_au" "sivapurana_rudrasamhita" "sivapurana_sanatkumarasamhita" "sivapurana_satarudrasamhita_au" "sivapurana_umasamhita" "sivapurana_vayaviyasamhita_au" "sivapurana_vidyesvarasamhita_au" "skandamahapurana_himavatkhanda" "skandamahapurana_kasikhanda" "skandamahapurana_revakhanda" "skandamahapurana_sutasamhita_khanda-4" "skandapurana_adhyaya-1-31_pu" "skandapurana_pasupata_adhyaya174-183_u" "skandapurana" "vamanapurana_saromahatmya_u" "vamanapurana_u" "vayupurana_01_frame-and-cosmogony_iast" "vayupurana_02_pashupata-yoga_iast" "vayupurana_03_kalpas-and-shiva-lineages_iast" "vayupurana_04_bhuvana-vinyasa_iast" "vayupurana_05_jyotis-and-purvardha-close_iast" "vayupurana_06_prthu-and-prajapati-lineages_iast" "vayupurana_07_shraddha-kalpa_iast" "vayupurana_08_manu-candra-vishnu-vamsha_iast" "vayupurana_09_upasamhara_iast" "vayupurana_10_gaya-mahatmya_iast" "vayupurana_revakhanda" "vayupurana" "visnudharma_pu" "visnudharmottarapurana_khanda-3_adhyaya-343-353_pu" "visnupurana_amsa-1_u" "visnupurana_amsa-2_u" "visnupurana_amsa-3_u" "visnupurana_amsa-4_u" "visnupurana_amsa-5_u" "visnupurana_amsa-6_u" "visnupurana_u"
"agnipurana_u" 0 0.408274441981286 0.433375357136787 0.405249994278579 0.390729743126576 0.437616161432916 0.383687623205702 0.389012288347872 0.385084487163932 0.390457888734169 0.456889068496464 0.385141494590243 0.410332972082332 0.399952627286129 0.290487281686526 0.424743562187077 0.35294482025025 0.334136101123201 0.313392761873952 0.348339204700565 0.387101684473522 0.339347666492939 0.288724157685807 0.231557653731307 0.319614004940596 0.390044835576904 0.382299315783397 0.422721617832671 0.441676572606489 0.430613351015277 0.378133437841244 0.297963670275242 0.531282738008922 0.488562096902601 0.56104689337216 0.508332363123057 0.548229027823334 0.524873813019888 0.617490813802235 0.505876226440157 0.377163558788506 0.360047851041817 0.325043560506439 0.304397339151523 0.398884411534678 0.439995356108814 0.422274238947435 0.390536821662095 0.427501178779045 0.409182073673233 0.435210787046035 0.45430071741426 0.425658230963487 0.42532437136637 0.424004872165798 0.418747590792275 0.440724836348976 0.476717166248044 0.386078594299912 0.386206612943103 0.408958707222472 0.393151639861824 0.410923345614931 0.4639491278165 0.467490648280909 0.568126040527752 0.505637425903203 0.349642199590706 0.445092417688222 0.41682410838735 0.354016935147622 0.277893605123564 0.235948757800821 0.350379430313625 0.384820967629249 0.361039003089882 0.364486720075505 0.401705186229391 0.426768200710655 0.412472077805603 0.416236566189392 0.416282071708059 0.421000663435723 0.42371217565642 0.411990585146329 0.338978347787812 0.386581144407139 0.355397094507598 0.43381022044689 0.453155263046499 0.38561865329729 0.456068384052247 0.445383890307133 0.338279064676188 0.327121412264076 0.351096220995973 0.369875462255154 0.304807170115957 0.35332492146801 0.405247410697715 0.390947104470488 0.468584496632724 0.358760162948066 0.424968644662346 0.32870966012857 0.503516642158296 0.485406409686254 0.437670086262273 0.4823473228952 0.506403950446139 0.485371933126051 0.460071508522206 0.497566260991069 0.445733544015067 0.410815530752139 0.360639600073601 0.330474616416246 0.369709937256433 0.441610133033549 0.417278832284566 0.472729225675696 0.388689244326536 0.426503550092621 0.475973577162651 0.534617921206839 0.363889334433948
"bhagavatapurana_skandha-01_u" 0.408274441981286 0 0.311186965331227 0.281240104014078 0.268761700693509 0.359405162064992 0.27465481822247 0.282588551664569 0.292580117654059 0.300777857390528 0.399472555171136 0.252774361079105 0.295235531449481 0.316502917651072 0.369867025613358 0.435218650481769 0.335520018272095 0.402473954435544 0.35435480206705 0.348999926869474 0.422675755294829 0.368577508886221 0.400991574853286 0.393579495977431 0.39748791984629 0.439551291593772 0.357311751061396 0.386625002526772 0.424753752124669 0.409911330127252 0.323968389905156 0.377339167328369 0.565663622474827 0.452270563752773 0.540831187592957 0.485385554486298 0.5214993644582 0.512711690008345 0.583342588340966 0.469619382861152 0.370217612818498 0.385077972706479 0.385693111963552 0.417306914238326 0.330531456282972 0.405934658089756 0.35408219320775 0.323704727212324 0.373103618576591 0.344248476209553 0.392762884681184 0.411220790548025 0.386178091073931 0.392320862285562 0.381636781693966 0.372392438370016 0.389594013855285 0.445079691934715 0.327510578656206 0.337005109236697 0.41270435461276 0.413706197754025 0.348230686048764 0.393411175810022 0.423069699265107 0.526921138462475 0.459711213873489 0.344094914698619 0.452726664169591 0.366524172735549 0.338353349902833 0.342828070820728 0.369293854978526 0.380370884703762 0.429946633968756 0.35326157814159 0.383255205189597 0.420506243235304 0.39185490603129 0.369998256236731 0.393154092287082 0.391698785145251 0.399872763763543 0.406913804364808 0.373630182302184 0.370037682945184 0.456718218200154 0.425565704988294 0.447520439096931 0.464875647767912 0.402851318557893 0.472393211192796 0.427470487785694 0.3705101324531 0.397599698270462 0.446898311487832 0.37915038038625 0.357488524815667 0.38868084012721 0.439136584324006 0.382953340110444 0.468667354611329 0.333294242231019 0.43473823028607 0.352101081717544 0.482172341986552 0.517640716087081 0.429361109717737 0.506593574328546 0.508146579596787 0.48867935522275 0.481651554700007 0.492826843724856 0.440927585495976 0.469756941545325 0.402275486240784 0.369986819504186 0.352471195653122 0.458979268434374 0.400808162348643 0.484897178135985 0.425905274402661 0.423082362901452 0.471862558861512 0.506975890816181 0.366888365023471
"bhagavatapurana_skandha-02_u" 0.433375357136787 0.311186965331227 0 0.296249260283135 0.309968593788117 0.367458985379241 0.317761350282052 0.317431852194235 0.32956460477786 0.352264524544118 0.436103983561758 0.335953899766686 0.323681473855402 0.348410335741197 0.413767888417362 0.464828122940057 0.385989580118448 0.43353633785967 0.394183474449315 0.399808216938645 0.435529587508039 0.413347149279721 0.430141174783036 0.42131696130319 0.430034881722425 0.458166653083129 0.416876285342472 0.421042309109803 0.44202805121891 0.450565998073273 0.39686407212387 0.40468685486779 0.570825543849548 0.48374424132149 0.549364822216052 0.503086638266784 0.518424457962494 0.513717349188045 0.587432560581858 0.495276329057025 0.386445510243238 0.40293500979782 0.412898778312918 0.436259787731093 0.404026646547631 0.461548982146554 0.426329850494173 0.398034734799418 0.438899553011275 0.4167672148962 0.449598436394798 0.462691810463538 0.44377805625168 0.450511085200497 0.44399476424674 0.433537024601234 0.445014688198837 0.462204954200801 0.383482912388914 0.399802683387009 0.445236838208283 0.446322359123036 0.408697597580895 0.45713061786525 0.478985380535147 0.560263905076151 0.501958919778306 0.389343199100342 0.480524514377486 0.4091329917873 0.384920320587758 0.390055754173738 0.398949936781968 0.417796968919384 0.461327372442783 0.391944668604803 0.422686724633654 0.424368869166815 0.438461472044752 0.431057275854917 0.436552210210621 0.429634500573763 0.443063013751863 0.448189029043918 0.423231316919378 0.401555180520481 0.469590095976504 0.448956423971387 0.475337716280888 0.491580756902634 0.440123946791777 0.486698825162223 0.454390915228719 0.402643173797193 0.409948831252646 0.462259211176454 0.414298981807473 0.383446677932615 0.423955725234054 0.445423348916005 0.419647297620359 0.470748837407005 0.385542784057901 0.457602591953114 0.398621830491786 0.493853526412225 0.514882092977474 0.447014949491294 0.531623828275507 0.534248888588692 0.513996061546151 0.499943271493184 0.524121329144707 0.464207239796372 0.491998024938255 0.432937052537686 0.409056955865513 0.380787259503177 0.477100690931502 0.417109690416311 0.493830696622591 0.448160569837968 0.451546634764744 0.495319312140464 0.526388438757373 0.399326325213577
"bhagavatapurana_skandha-03_u" 0.405249994278579 0.281240104014078 0.296249260283135 0 0.20981786719229 0.317713066420338 0.286988323134127 0.29715032486905 0.29815321375235 0.323140569327748 0.364910316927681 0.247655822556974 0.247615171719654 0.291702696233917 0.38892281368738 0.446506853875066 0.362763297203147 0.408392489549531 0.367117531349013 0.331000691306295 0.42066831528737 0.389482108978518 0.404361292326839 0.404059143185389 0.407623090727886 0.444499661603392 0.346306386810685 0.376415231618453 0.391484953084632 0.395891067589243 0.322274886910861 0.378440142722923 0.557057023085725 0.434576476954055 0.517517493667912 0.462073772881065 0.495623429594502 0.474670218335335 0.564946468135549 0.453475296238606 0.374236372602959 0.386997810700977 0.387431632564548 0.416408221918075 0.327701500904714 0.407806023878882 0.362241256607329 0.316920063264165 0.371474190446165 0.346124808963596 0.389929715658929 0.407628984847415 0.380320403849771 0.387936910776422 0.37766337748085 0.369345056744366 0.39069034434567 0.408314549734425 0.303919733699948 0.320725967507946 0.385321899636687 0.389045560195078 0.337179060847709 0.402040622448008 0.42684315676943 0.525904872242433 0.466668912477555 0.357883037976084 0.460138603636487 0.387909223601344 0.352856394437788 0.36255944811343 0.379737646225476 0.38449923364124 0.442384876181476 0.332666338899668 0.391132260042235 0.418703638494119 0.374828904176126 0.355286305080129 0.373904123861012 0.372170060556869 0.374823013012929 0.383663672160214 0.35559160952283 0.38490897561097 0.45220717158482 0.417889795614306 0.456620329635389 0.476151421928404 0.411795329932551 0.475502850714038 0.43917557017156 0.373750210057521 0.388082701389734 0.448232584094497 0.391429544584245 0.354310814060647 0.388459557987676 0.443899827962885 0.391925506695199 0.459239973124231 0.343300280233611 0.441870709310234 0.365709524312083 0.493045559530397 0.509769405045079 0.433735065883461 0.525721956732484 0.527387371690655 0.502703369149009 0.497115430438379 0.519235001063244 0.456587957600651 0.48211279700561 0.414016121965088 0.38756183310528 0.317341433631992 0.447718180334461 0.39807614512367 0.48092340923565 0.425614531619056 0.434487957156664 0.476063571898115 0.519349092843003 0.371394332911594
"bhagavatapurana_skandha-04_u" 0.390729743126576 0.268761700693509 0.309968593788117 0.20981786719229 0 0.317097967286168 0.268722031283837 0.281886621708729 0.281679708731292 0.300997082586461 0.36812293081238 0.217871919024061 0.263804479360613 0.286621867937334 0.374789373018782 0.439755087919676 0.34319620778558 0.395361851205332 0.349432163590008 0.315339673912452 0.415138799975318 0.371875428159635 0.388936393932979 0.390786912614235 0.397431275561146 0.44178731040415 0.329316546214874 0.360204793363242 0.388505220231769 0.386350767449826 0.305284544993059 0.366098470997197 0.548514571810461 0.423532877745553 0.51694009223307 0.456461513575178 0.498551102719388 0.480607416410751 0.568973942047654 0.441064036756638 0.358437076152588 0.383728470518152 0.374065339292432 0.408620100049543 0.306208816012708 0.394713130832768 0.344549909243885 0.298155397597896 0.358960036192482 0.330122346103841 0.379189944919212 0.382611849959705 0.370702329450962 0.374808886898297 0.363461289210016 0.357099131454857 0.372800844895994 0.412505950518243 0.295643002776487 0.309218925241855 0.383436993211786 0.38209866093697 0.32301831232307 0.3837886484148 0.416942321872221 0.517421138510226 0.4527180635288 0.34411142203204 0.458046692805798 0.368976973226586 0.337369232818507 0.343602770932801 0.363809490156781 0.370031779381317 0.426037430623768 0.316026028027947 0.378656553126967 0.420237070855919 0.356851817283465 0.334510301982729 0.358512750900324 0.357562497883729 0.361031939230538 0.372023340707037 0.339940484664546 0.370158776375833 0.448870567831747 0.407470440319402 0.450012658463607 0.470149963240066 0.395462928851511 0.47423032177996 0.429967966863219 0.36395720530795 0.383714630604376 0.442077922693242 0.377689288115576 0.345030814435673 0.367705481231762 0.43628023364879 0.382612635248313 0.47178530086697 0.329665895639806 0.430646400397721 0.344819180527063 0.491152505247864 0.512027043527151 0.432903317544015 0.50799536195334 0.521107687799483 0.498689609891443 0.492235579554021 0.507213372095463 0.452312874475693 0.469507358371688 0.397218877400046 0.371529718944132 0.309927002079974 0.433839349171578 0.382930054230531 0.482471162309612 0.419553464957636 0.423029570587223 0.475432824487137 0.517099561093542 0.358976895154577
"bhagavatapurana_skandha-05_u" 0.437616161432916 0.359405162064992 0.367458985379241 0.317713066420338 0.317097967286168 0 0.358566255175765 0.374542670692571 0.358699969749506 0.389218759415312 0.400068793497332 0.33567281852905 0.34739983312821 0.348739553189582 0.426599746325607 0.479391218075418 0.40447244840515 0.42687566599467 0.403353367198493 0.402559459993582 0.46089521714168 0.438826466565304 0.438780427106266 0.435202185230182 0.446561383631863 0.474851450481265 0.410940330918366 0.438614773524808 0.442601938987603 0.442487974812077 0.387281422049114 0.431038792982169 0.569220915755684 0.456397106100156 0.53392506438523 0.470717487271723 0.524415836208541 0.499631611793434 0.567663417659969 0.481539076967545 0.424842769329943 0.434795659522813 0.433556644221999 0.451386159943742 0.396175204965554 0.453105489632487 0.417745127101091 0.386531763624953 0.43041451709861 0.40842132071775 0.444223291767154 0.46138928140873 0.438436025230361 0.442447511142756 0.437364077648182 0.42878704369351 0.436801510242939 0.447618679083813 0.381324516183043 0.393842472877151 0.434225960147137 0.441050297683897 0.406503809921837 0.454048487398375 0.476734971513357 0.560664728668303 0.509953851833435 0.413273633504005 0.496958457783394 0.44627196395613 0.409891338919763 0.393613809612056 0.422753444165555 0.43966956383281 0.47518565397824 0.392378183982724 0.418687141402526 0.42861297147576 0.433360308763453 0.417376489716547 0.424921329204504 0.421854127366472 0.426065632758244 0.435601503338423 0.41945237971165 0.42673552800303 0.483169203917246 0.452243328671183 0.469779371985825 0.519814436532286 0.457106611889305 0.473039809288432 0.486605646923212 0.427336921805092 0.428974318660489 0.481077065846275 0.443199745028703 0.391675160971361 0.42497623628533 0.472290066378149 0.438426748276462 0.511650456812995 0.406048877560941 0.479616514075125 0.409772975969411 0.519683170773555 0.529860374232446 0.480283906489829 0.511697017826989 0.54496130295577 0.526997691792778 0.51923190904553 0.537206959376304 0.481897580699888 0.524423375098273 0.447426171922194 0.421341814139873 0.384298700351358 0.472859969834553 0.453908150033335 0.499806417333256 0.464470717469211 0.423596517359192 0.49599797435578 0.546183704993991 0.404714932690276
"bhagavatapurana_skandha-06_u" 0.383687623205702 0.27465481822247 0.317761350282052 0.286988323134127 0.268722031283837 0.358566255175765 0 0.250146319975082 0.238821966402704 0.276581739764939 0.418744460187996 0.274558860513037 0.288270063701196 0.32816650470743 0.351497941900963 0.416185901699168 0.318927811681022 0.368291112043644 0.324902090796642 0.342167313270604 0.393841477807903 0.345094868375876 0.368856034174485 0.368095733157168 0.376847031700842 0.411462072404074 0.36155771481432 0.386744074129107 0.408151384406321 0.399194039324413 0.341913038249524 0.352273774324413 0.55898210704915 0.441164083571963 0.527846688327411 0.475709558270258 0.509795935083748 0.493890271145905 0.580191923748875 0.459694370361784 0.33173057869885 0.35785526634732 0.349088864525261 0.38792518488187 0.345263847245638 0.411034039613273 0.375417905066519 0.33538917146723 0.393960472656678 0.363170543849779 0.403833599959787 0.417329768180298 0.404577851518223 0.405900195347885 0.392848634937177 0.390593579662784 0.407569044610365 0.439552920882705 0.327607094306963 0.335211424487496 0.4069508189375 0.408892971533353 0.359514660980146 0.411474379627732 0.445033810622872 0.535433581540267 0.471126976755789 0.319041731049388 0.420325204944629 0.366845851769676 0.314792296533182 0.318069593992122 0.345693679929251 0.362136040483046 0.414938147006302 0.340347107716583 0.371010199202893 0.404065397712495 0.393015093557786 0.379616072056548 0.395847745011038 0.39223610434208 0.401845417552612 0.403830461934514 0.373565245996976 0.338898116103992 0.435183703175323 0.413556653145938 0.426713711176321 0.458779177610311 0.366925969127076 0.449732198619257 0.406010494785501 0.340326864474573 0.362179819467472 0.426190567786457 0.366047176321414 0.328993305486226 0.376853287845434 0.403028919215619 0.355599456067621 0.455704854785475 0.316660132074673 0.413640153633694 0.317283277622085 0.465228419231754 0.489138406099596 0.403112086969862 0.494726382082594 0.492775649969101 0.471854663827291 0.471057060079632 0.485628322141543 0.431923110997268 0.453516736887606 0.378535840010256 0.341732819369983 0.345953062989271 0.4473819838046 0.360548394599012 0.463948101052248 0.396541720859779 0.409308057463995 0.455155513535443 0.500429009156144 0.332445809038938
"bhagavatapurana_skandha-07_u" 0.389012288347872 0.282588551664569 0.317431852194235 0.29715032486905 0.281886621708729 0.374542670692571 0.250146319975082 0 0.273136941847505 0.298191375273132 0.411295959474736 0.292293853730437 0.287786791689107 0.341605338657004 0.36234487850765 0.426776409586444 0.334238078812343 0.382854538633557 0.340263038404848 0.356865904431208 0.404983457697284 0.35573500285633 0.378860304205071 0.376962948406045 0.373704342295531 0.417432302308471 0.378861084670545 0.400882083904936 0.429750061602943 0.424438436340189 0.359722323133034 0.357674779249616 0.561374804276989 0.464052129199368 0.541687863519941 0.496919503709951 0.522776968576663 0.502531148101238 0.589789527476108 0.475106557017772 0.351890289608104 0.36687555542485 0.364437526950659 0.393421453779376 0.365323013838582 0.431061887525747 0.390949402375627 0.356862087496713 0.408514073750735 0.380424597735452 0.427876590551331 0.428018670946426 0.420756343477935 0.423446792674356 0.416440270431935 0.405257005582203 0.426002669473641 0.452811213760204 0.33842475495815 0.358615604136652 0.407687565329228 0.4129173702052 0.370719040722417 0.426971222114158 0.455664911929094 0.535909818941445 0.481073564670932 0.332276410075219 0.437806352636612 0.377087319402027 0.330632991066443 0.331376616976947 0.351287896895579 0.364833957308504 0.424010453794468 0.357167446318676 0.374867310720556 0.401348284492027 0.413578136578905 0.397268091062171 0.409860858419935 0.407465311113478 0.420165406991963 0.422296595577086 0.390745262290847 0.348324465290612 0.434769525821588 0.416161213938956 0.429306571858426 0.461129900759836 0.382821063015966 0.455743378206648 0.420662254102377 0.35169860527376 0.371503286790281 0.424306320100495 0.375815907146967 0.331242604845146 0.382767564696831 0.410857517187353 0.372184616870507 0.461105950219492 0.336829895902367 0.415359607688963 0.338470147634385 0.478761420732771 0.498564931756889 0.421365626311579 0.509222210890355 0.502049345171702 0.485581880647166 0.469163813447965 0.489253970343014 0.443064630670931 0.451680512183895 0.387267808585582 0.359305967124588 0.349342141424 0.453741197175311 0.362239705483974 0.473378876200962 0.397097843744702 0.423977921700094 0.46115367846856 0.502166033521557 0.343079019374023
"bhagavatapurana_skandha-08_u" 0.385084487163932 0.292580117654059 0.32956460477786 0.29815321375235 0.281679708731292 0.358699969749506 0.238821966402704 0.273136941847505 0 0.276021996840519 0.419480629222333 0.263919961949533 0.324399683385986 0.330773499585571 0.348475487737588 0.41939769113522 0.319397652709139 0.365067747487937 0.324322684601994 0.347392122387765 0.404009607923081 0.352179428983511 0.37328081367637 0.368594135934926 0.387075162469889 0.418095119003167 0.360009321536511 0.387950227374139 0.401020628510512 0.382522499097232 0.341919692771337 0.348683295466531 0.559439646626281 0.449584859113902 0.533732475296258 0.476899643345702 0.517200801828043 0.503249890222096 0.57720470617055 0.459737720035679 0.331582964322966 0.372788575223996 0.352362921451157 0.38783559046915 0.356207517378879 0.40759862600071 0.380552007127866 0.346155871224408 0.397916308017623 0.377270748217992 0.405817692590469 0.421823376537704 0.401967648419379 0.403557634426233 0.394855140020186 0.399110272124181 0.417849056001092 0.467783556606768 0.352825318492234 0.355097811057182 0.425570127774292 0.419973482285304 0.375249617489805 0.42321914981673 0.448601620838816 0.543319028865233 0.478221735152038 0.337090378783638 0.418107242018785 0.376007206463742 0.328335630770639 0.313083709630025 0.348488530738913 0.368128922240551 0.409220716815839 0.342651019579143 0.365057269033479 0.407412100781532 0.399024616399589 0.39080356689326 0.398319592754489 0.390020195126406 0.395247494473986 0.392520191925552 0.372647044481482 0.337480961858451 0.430661231598479 0.417400857826077 0.424800423266257 0.46646748421534 0.368933665301014 0.4451235089792 0.406341888259287 0.349243016853306 0.36895010423974 0.431994706338192 0.353935540279911 0.339831656214345 0.376386540023538 0.417012189502197 0.359407937142987 0.474058790340618 0.313948672312681 0.413940999713848 0.313437940612891 0.476591704958161 0.504753739339636 0.409026840553699 0.481555558067876 0.502691325247433 0.475842619634174 0.482453232702562 0.484826805853015 0.436077339581974 0.455456726642685 0.382329547740214 0.343780114650359 0.354023271236983 0.446529265105382 0.366568605227439 0.471565664535517 0.407281550480611 0.408552735424742 0.453628838951496 0.504996068215429 0.339212666370911
"bhagavatapurana_skandha-09_u" 0.390457888734169 0.300777857390528 0.352264524544118 0.323140569327748 0.300997082586461 0.389218759415312 0.276581739764939 0.298191375273132 0.276021996840519 0 0.431056664792562 0.283650103474921 0.353348426213001 0.352948211838392 0.355630515229468 0.423533422305574 0.315098574039585 0.384897272665805 0.334295068512483 0.362786044877524 0.418094815953014 0.355350125603574 0.39200052135772 0.383902878591197 0.395734970033427 0.430025306118355 0.372021912368064 0.396224818720381 0.438295760317171 0.417008315280382 0.34425104637059 0.352518434783131 0.569194436722837 0.427982984659128 0.532574272975307 0.474851441097901 0.521534622642494 0.502347895506118 0.578841862302677 0.450229654832712 0.350587384341601 0.386147469777705 0.375097133535303 0.405055878193357 0.344258629700634 0.411708036796494 0.381146494888712 0.345198553060618 0.391479279153335 0.36981117090188 0.413223381426369 0.414931407278053 0.404307651804496 0.408329259999814 0.392471038205401 0.396661236469944 0.413166142081628 0.476613258293192 0.359703675437517 0.3591110039329 0.437206234814808 0.432988267639496 0.376343191218138 0.410985171781048 0.43850799259037 0.536026906801272 0.478231745540434 0.323056446288912 0.443098551841835 0.357969901885985 0.319330781389217 0.336264100333933 0.364989869364123 0.367124277004731 0.41856426163235 0.352070490788688 0.38440837601358 0.423373030209955 0.377519555176221 0.372201437097245 0.400116876017928 0.390454397362558 0.401566091420479 0.409192704079979 0.37251115857367 0.360989524228575 0.45005924525256 0.429755061745527 0.434376160110148 0.468567531658471 0.386098061182597 0.465525808717488 0.417451337704037 0.356016840277806 0.38491746947364 0.448675378681287 0.381219941462041 0.346661816551747 0.386655569446644 0.438603792904888 0.369739230000349 0.48381619562699 0.338743285943153 0.415192460883158 0.327745441242315 0.488697703109049 0.517648458555345 0.419391584726102 0.505496365043403 0.50340138647418 0.476498797934925 0.482270204267619 0.464418700959834 0.451437358643957 0.45833120434777 0.392661429301921 0.35921544240645 0.38691858521537 0.465779112261331 0.389073919158003 0.477707210446611 0.422694362555833 0.377533215269409 0.47359791451344 0.51319365056318 0.342100684452196
"bhagavatapurana_skandha-10_adhyaya-29-33_w_commentary" 0.456889068496464 0.399472555171136 0.436103983561758 0.364910316927681 0.36812293081238 0.400068793497332 0.418744460187996 0.411295959474736 0.419480629222333 0.431056664792562 0 0.33385591065333 0.376123172596129 0.397066138121793 0.440644803225808 0.500050037394058 0.431588802450535 0.433606863203852 0.419315732592104 0.390151818037801 0.463527009298053 0.432652483929887 0.448276320711608 0.456187302829643 0.44088918235018 0.476767674463107 0.402667210111252 0.437392012773453 0.474714923976623 0.467021370964738 0.381509698471841 0.431803457287569 0.577173909980164 0.478853826785409 0.542828799366097 0.495201160022968 0.543070037256723 0.510915453412309 0.591103223679227 0.495516231106358 0.463387614343572 0.458776933210324 0.453517862206297 0.468250091094314 0.402447135622318 0.46191349439198 0.420955542560031 0.393309522443914 0.426156001717889 0.410425323788207 0.450722282659699 0.470071272488403 0.44144416564001 0.447381154548048 0.43776739337534 0.427295373967675 0.437998650118488 0.45827307886642 0.390728000761072 0.402510713153192 0.418960105030512 0.432694959364459 0.412007285220022 0.453567719781158 0.468042409754817 0.564594595074071 0.506119312168455 0.418246017927881 0.493706767091304 0.441808755483493 0.415038384186315 0.41736109783352 0.437982434594339 0.440459734768998 0.474056177622057 0.398643319397926 0.443287654504693 0.452500458217324 0.445122666956911 0.41119779563845 0.428059784012024 0.425331651146687 0.422543206712933 0.447720671583445 0.422153781398706 0.439998647477247 0.507081384873129 0.471119617783221 0.507397536415759 0.501144250998304 0.456269995351746 0.520985398785157 0.497072276661192 0.433627442733048 0.451030930123333 0.48831785007099 0.461669497961659 0.392758703173038 0.430963328485574 0.478783753500465 0.456126379581883 0.517966079755655 0.40988846542965 0.481233074642162 0.430769746835366 0.551870022287605 0.548620447704518 0.508360752087384 0.548847863310494 0.558276360306048 0.547012206674856 0.532742349259544 0.556660147143231 0.491985241941474 0.522027403499655 0.452025905062589 0.449852647992795 0.385082921413549 0.486083628961096 0.467123943348785 0.519050506204027 0.471539781711128 0.47637056137644 0.500215070141576 0.550913899382474 0.434411728732679
"bhagavatapurana_skandha-10_u" 0.385141494590243 0.252774361079105 0.335953899766686 0.247655822556974 0.217871919024061 0.33567281852905 0.274558860513037 0.292293853730437 0.263919961949533 0.283650103474921 0.33385591065333 0 0.265613391944463 0.286137118572957 0.363658603731449 0.45003275790015 0.328203321114014 0.383327792047785 0.337848568272442 0.304278420916506 0.422521543230405 0.359324747119696 0.388917055774763 0.385475740687013 0.396826676462129 0.436434268951047 0.312869054927706 0.341614911212418 0.398044445634983 0.375509450380777 0.263264815552036 0.364232136834788 0.554499754866358 0.427278736967981 0.529106497255525 0.461642788390319 0.510400639449245 0.495880589948863 0.571105620318279 0.44789757097063 0.367268230225607 0.392240947748886 0.37592782888508 0.4113398293211 0.294786650467414 0.365582997610312 0.321636694550026 0.283665764032539 0.34050562985723 0.31833201514106 0.359104151792676 0.384487513296829 0.347550785949251 0.353006263023033 0.340816439749773 0.344747235484306 0.361504726667936 0.436311753628097 0.306430498856261 0.312807258691132 0.393718071563353 0.390633993666096 0.325763903771114 0.373927705036411 0.387898239918294 0.51495130899892 0.450194287795801 0.342454093243986 0.442082326760671 0.367089699426604 0.332425232277555 0.332432996095746 0.362737376987606 0.376344479955122 0.41684242361965 0.30531562763482 0.371367903151695 0.433833106147615 0.349595152238472 0.324222092168238 0.347870028400811 0.342661468109343 0.341991845753287 0.348600407411078 0.328549882603366 0.365970226869902 0.45444057641479 0.41395583720999 0.452244034940704 0.4646369041675 0.390027855337118 0.480614194701251 0.42431037904115 0.362658130509037 0.394721008041435 0.454898585253323 0.376839518722627 0.342733283526479 0.365853813864516 0.450110797396202 0.385152605960471 0.488703872502397 0.316918764206453 0.438020578111301 0.33322255068556 0.505208857996717 0.529116901702651 0.437423697979584 0.506757521866922 0.523063507244838 0.498367544688534 0.497084609624645 0.498563504570762 0.446955760631285 0.473636486409798 0.392728296662023 0.371333984162707 0.320240246819659 0.43644754221825 0.397053786813584 0.482912756588289 0.423144743427839 0.417596210081638 0.449531693625857 0.513322625402738 0.355132891647546
"bhagavatapurana_skandha-11_u" 0.410332972082332 0.295235531449481 0.323681473855402 0.247615171719654 0.263804479360613 0.34739983312821 0.288270063701196 0.287786791689107 0.324399683385986 0.353348426213001 0.376123172596129 0.265613391944463 0 0.301117851343602 0.39363495046839 0.449252505234699 0.373688429943953 0.414193803280096 0.378087662924905 0.336172147718485 0.41467785302533 0.386822830525573 0.40199109746028 0.404601175625261 0.392524851409465 0.438888034766315 0.363614968598775 0.377938913824404 0.403574523224687 0.413698687530452 0.33898565556355 0.39271102252755 0.554345122052141 0.446102875347198 0.529678313535088 0.481230609020093 0.500964396639706 0.482359376525634 0.569141790723102 0.469145173738104 0.382918691355476 0.377807860657216 0.390660237692774 0.420932131045765 0.342375701881186 0.422458505093448 0.366607733520273 0.329204293572513 0.378760854382409 0.345042387558788 0.398181278869361 0.418558563462601 0.394027330399434 0.400678829463828 0.396001364282608 0.386049334831672 0.396760228122934 0.406982142358018 0.296168709826276 0.325683323196911 0.369758953945182 0.381298744022702 0.337974644743697 0.404579601841707 0.441446886014849 0.532584531863376 0.47084738892089 0.365589991418231 0.465196201257938 0.397080844349562 0.363742718576296 0.36489114652402 0.379775464304333 0.392986425118346 0.445406849338568 0.343134386 0.40451979876072 0.425660780548485 0.402422338220596 0.373108085620679 0.393532511678291 0.387782641500493 0.391737529315943 0.403400611907771 0.3797555410061 0.383371655371786 0.455405926186022 0.411646357658271 0.472088151770515 0.477254604615016 0.421394816585044 0.486985956898274 0.447492808920167 0.378983356955673 0.399453536220228 0.445391183564066 0.40397085165945 0.365041420855532 0.388603690483388 0.421619903159682 0.401341700187255 0.451811965760232 0.359922199695376 0.450158542157837 0.383891846145073 0.498986603365695 0.505191494216649 0.441904620602483 0.526792283446041 0.521209972782289 0.509911152006068 0.489211935517918 0.522875449489797 0.456210206080884 0.486628081481405 0.409274514398005 0.389254826867537 0.313068164661707 0.451485285475228 0.408016768894524 0.482969034697794 0.420654542585334 0.45519753688368 0.481770709590475 0.5095928160228 0.382342160281984
"bhagavatapurana_skandha-12_u" 0.399952627286129 0.316502917651072 0.348410335741197 0.291702696233917 0.286621867937334 0.348739553189582 0.32816650470743 0.341605338657004 0.330773499585571 0.352948211838392 0.397066138121793 0.286137118572957 0.301117851343602 0 0.38204063088708 0.429757481935923 0.365392158126357 0.406649432834042 0.365343460252874 0.334364906375135 0.429385520117798 0.392646325495734 0.410007055587529 0.394062765659489 0.408964417505955 0.444946506199472 0.367565072333302 0.384509921676464 0.396879340840979 0.404836724077797 0.335275978497699 0.38229093588199 0.546807195806684 0.433173783908045 0.514060924961208 0.465624317581657 0.492858359837795 0.477258743387601 0.553147996235004 0.458450092763807 0.369970473419523 0.388041876071883 0.379861394579623 0.41573633649963 0.338878889637663 0.411503574441499 0.371505424934791 0.332169040773795 0.387139426775372 0.35813244639218 0.401818237038928 0.406578301135317 0.397625894918019 0.401080924528007 0.396020975806762 0.391675500047702 0.400030626338934 0.425313642508795 0.322972515972063 0.333057344593693 0.398277190689059 0.386127918196982 0.355986458386874 0.409297880679055 0.433694587047674 0.534911871686301 0.469329134764665 0.36639625429445 0.465811165789543 0.389360723966478 0.359254917147711 0.348650365317844 0.371866607398244 0.405004859635372 0.43547215426956 0.336370689490566 0.396841271297603 0.431113829911735 0.385732253309312 0.374643494178182 0.394381857527865 0.39069096619237 0.397897590490161 0.40344467050203 0.370714750308384 0.377620654617599 0.461255414289825 0.424907301656224 0.466520528433336 0.482275151925227 0.426687088677321 0.475054188671198 0.438132984361808 0.370726990456672 0.397806919595822 0.445891360927467 0.392011461987669 0.375253985318496 0.370007233993439 0.437895735615917 0.396740467070009 0.475053072191914 0.36069303282939 0.439883827260214 0.374171988474588 0.488889586063254 0.516890224716882 0.425481370552426 0.511469660901659 0.504796999571246 0.498953816563589 0.485523060596067 0.493484105441933 0.44784349187427 0.491355220694742 0.405800895910845 0.372208313865483 0.329546330917734 0.432331119570631 0.400610810928679 0.463993639254889 0.419544278090657 0.41771522929817 0.47379287370047 0.506321972485957 0.359495179716514
"bhavisyapurana" 0.290487281686526 0.369867025613358 0.413767888417362 0.38892281368738 0.374789373018782 0.426599746325607 0.351497941900963 0.36234487850765 0.348475487737588 0.355630515229468 0.440644803225808 0.363658603731449 0.39363495046839 0.38204063088708 0 0.369248603926817 0.261890386183965 0.311395012442592 0.25499119776723 0.284528613312592 0.346871582812158 0.205082157235245 0.263136729735031 0.269715991231465 0.272017933940375 0.329577010077391 0.33085664389331 0.380100064940051 0.413491666723819 0.407298058024301 0.325229530428403 0.246497406935824 0.530112050446317 0.445401477278214 0.538686628840068 0.474309706910253 0.523975121192681 0.501212299186934 0.582206294586568 0.467433847621978 0.325867143266559 0.320237613757673 0.265545560899585 0.27845576645939 0.336302038843253 0.400821538769973 0.368801843812233 0.328412931891647 0.386034505948105 0.356576297703882 0.407159471094213 0.413783083648603 0.403650055132791 0.402214270461841 0.38391366357135 0.384195315372057 0.40293305432231 0.443353857666858 0.327896638946563 0.319601177823777 0.373718150525013 0.358646208749053 0.349282951983081 0.408572776506076 0.441777639376078 0.527055483189514 0.465859644905392 0.289090297297603 0.403353027354997 0.339564871818598 0.280563794824745 0.23900928510573 0.23404357680082 0.264833297738075 0.322288204548275 0.29088233569893 0.305012575448505 0.398480739959269 0.375197429462188 0.36387822766217 0.384091846787591 0.382603390959611 0.393958013702551 0.402922971686978 0.356699001545529 0.251496825780226 0.376766653212121 0.364704939171162 0.363575007181122 0.400126443655104 0.275156958001024 0.388966058355559 0.381053394316892 0.25511961106396 0.272578239501203 0.31175923707407 0.323607984922681 0.269926625425524 0.293229986208149 0.354414330466093 0.316946017770047 0.447245057459963 0.29173430884606 0.353068495411238 0.272249809269721 0.467919674935445 0.462534557327258 0.390077788319293 0.460955339380427 0.469860770905622 0.461239905795837 0.423857349050971 0.455153592880287 0.414793513379447 0.386944078652467 0.274209850265492 0.27986163968803 0.319290488101986 0.411514811863016 0.359028092572018 0.428778813139505 0.342324366621619 0.390157672682286 0.440175357634489 0.493036905279614 0.303789066134715
"brahmandapurana_khanda-1_u" 0.424743562187077 0.435218650481769 0.464828122940057 0.446506853875066 0.439755087919676 0.479391218075418 0.416185901699168 0.426776409586444 0.41939769113522 0.423533422305574 0.500050037394058 0.45003275790015 0.449252505234699 0.429757481935923 0.369248603926817 0 0.342398019652618 0.387390650227815 0.318259092747093 0.40999332083852 0.421115734201296 0.388065786367926 0.400776892991376 0.383028922516817 0.398773869941361 0.414909060585935 0.432609222069511 0.463929297470416 0.43919047991497 0.443455242340008 0.411614201872977 0.390869713659306 0.577887182514707 0.458186700732921 0.522720140538657 0.50751750416059 0.511517929338674 0.472837635811958 0.579363836167392 0.489889990553433 0.397155459706433 0.409952790811584 0.338940795520349 0.387083370816036 0.409376508012538 0.470474711623712 0.435325927344715 0.411887024529226 0.45363918487639 0.429160028830481 0.464071176385348 0.45860430295395 0.467717637190043 0.469279092793647 0.451285708007924 0.4483423712722 0.472870080513826 0.487656117014473 0.402269423139203 0.39630235881035 0.444840474684527 0.440166626077517 0.41730679776234 0.461642970238718 0.494810218744806 0.573085376746247 0.507350689976892 0.371023808092137 0.454780814445049 0.413917309131363 0.368601206713013 0.337234714075446 0.380628186551058 0.422195398339527 0.430949775649958 0.424920719656637 0.440151241670237 0.447261185383543 0.446059852761105 0.452906653039991 0.477541697723697 0.453937026096303 0.478415304129533 0.476801439796725 0.438681060114357 0.368925927425681 0.468525001988738 0.457650943413193 0.46006190970072 0.484294067718676 0.408807950730151 0.452016501158323 0.452944708201312 0.354751156227542 0.38116808982296 0.431228974303764 0.414518893495994 0.40656039914443 0.398071838962082 0.421035539973359 0.378872753232816 0.468018200309633 0.378054571664042 0.42503001966577 0.402394803138186 0.419937191422477 0.466369139850003 0.384639530642837 0.474425243325044 0.39946395899541 0.413566883415831 0.439166053611128 0.431724004847871 0.429635700207292 0.474349586187633 0.398689554911001 0.310691744337979 0.43038098343343 0.485459663697024 0.410086316375506 0.440310557974522 0.412996073163777 0.449022421854992 0.480022614152321 0.504333037551873 0.372382917553469
"brahmandapurana_khanda-2_u" 0.35294482025025 0.335520018272095 0.385989580118448 0.362763297203147 0.34319620778558 0.40447244840515 0.318927811681022 0.334238078812343 0.319397652709139 0.315098574039585 0.431588802450535 0.328203321114014 0.373688429943953 0.365392158126357 0.261890386183965 0.342398019652618 0 0.296576037838574 0.176628752760935 0.308264995538401 0.362425535486662 0.262245732046732 0.319733745349524 0.31456585862524 0.330123705766483 0.365584735174553 0.334466333522483 0.364976532468796 0.40068662524912 0.382395892286631 0.301386200225235 0.290582667070732 0.550906788777171 0.433875025498861 0.531773150125149 0.466377456978447 0.507902643647225 0.491465570237804 0.574511437322294 0.457483360368114 0.305230998419936 0.33137962154198 0.276607668971405 0.320271998759867 0.309592096726861 0.385573006839712 0.352903826622627 0.304651191285519 0.368734013288677 0.344071123508634 0.380763392534564 0.407796839454016 0.377771546584013 0.378664138373718 0.354280505691912 0.365963881156454 0.397502251437707 0.448286101844651 0.325893247416343 0.326923708267519 0.397010608962149 0.400581863760904 0.341124037461521 0.390497235312589 0.424452119664483 0.527841383831722 0.457008013958345 0.269036442909335 0.387771748920158 0.317782177335411 0.259323748309152 0.262427303200769 0.281441046568452 0.306618079566956 0.367985374432167 0.29174504311418 0.309932290417498 0.388434088436361 0.343375950038694 0.34497211952018 0.363259124485959 0.352319579249153 0.366452690134854 0.367541495744018 0.331070317141438 0.27610143316906 0.402512392578348 0.390485525986633 0.36937541070254 0.431206264806826 0.299112030001192 0.397188331709436 0.376071683337582 0.27486731019921 0.300178331159694 0.371489477775757 0.332292398262645 0.295847537271805 0.321590535215959 0.363260540087259 0.294681877477843 0.443178722335926 0.269697856370456 0.35819383260886 0.265900411047995 0.455456739340679 0.472968952036835 0.379263552268049 0.444870988666751 0.458332238709186 0.437373075572015 0.435899803828674 0.435584656994173 0.391672421504895 0.412851614676002 0.312647843465074 0.269568212745325 0.341347929542877 0.426288862008773 0.340180730946661 0.427935241191106 0.356593527787376 0.364841415825449 0.428089260083327 0.479328002823196 0.286230498272387
"brahmandapurana_khanda-3_u" 0.334136101123201 0.402473954435544 0.43353633785967 0.408392489549531 0.395361851205332 0.42687566599467 0.368291112043644 0.382854538633557 0.365067747487937 0.384897272665805 0.433606863203852 0.383327792047785 0.414193803280096 0.406649432834042 0.311395012442592 0.387390650227815 0.296576037838574 0 0.158401786899021 0.369234690263405 0.363781122563952 0.309078104350574 0.30347706594018 0.318452866404632 0.365622263899421 0.384464612775395 0.37435877431462 0.416684743704025 0.429309550277303 0.382580840189517 0.364586373071951 0.302928695047765 0.544575099703798 0.485590968330483 0.565441155834119 0.503209307695907 0.543624685322734 0.520548933993975 0.601612719562876 0.50891595957688 0.341870350684988 0.375691211279716 0.323070438069574 0.323151463437836 0.398319024223584 0.423481965415095 0.422180631560327 0.385325337135937 0.427379577447492 0.412783983879014 0.421644438088962 0.453747724427933 0.419377134552562 0.42320179157631 0.414680996418094 0.41881058687123 0.440773933865188 0.480454257151324 0.397608267171574 0.39816979192188 0.411963991010361 0.438120799156931 0.416822884918572 0.454161762108649 0.466550847771806 0.571985350755845 0.500832840873806 0.332441244630542 0.378897148060341 0.396363491133851 0.326331743611898 0.272313816090521 0.278695033958735 0.356337602897124 0.398598517575603 0.368264443590317 0.354665477454294 0.389216376998269 0.414611824590254 0.412770979931284 0.41200993486409 0.404820187327241 0.401161878020654 0.409280218913042 0.396754474278384 0.306617535086721 0.411709200136041 0.406724662404604 0.394409307980502 0.45698505341469 0.334231056195842 0.407225103770304 0.412089412515824 0.308238740144667 0.313991854392117 0.380428705848678 0.364321650008357 0.293688905178023 0.359036368790752 0.369903174979745 0.364577900753011 0.462069481183934 0.313154231522565 0.408390807692981 0.306454095503369 0.484324552325633 0.500458670829578 0.421272710417895 0.425861559734083 0.48422203954432 0.455333662895724 0.470022906339564 0.487266341754156 0.405839569121388 0.437711384314546 0.353946279543226 0.308519810196368 0.385878608457465 0.449325143884763 0.387712377744175 0.462756412479045 0.403148700466732 0.398944184055651 0.447381057993972 0.518250420533092 0.344448099500291
"brahmandapurana" 0.313392761873952 0.35435480206705 0.394183474449315 0.367117531349013 0.349432163590008 0.403353367198493 0.324902090796642 0.340263038404848 0.324322684601994 0.334295068512483 0.419315732592104 0.337848568272442 0.378087662924905 0.365343460252874 0.25499119776723 0.318259092747093 0.176628752760935 0.158401786899021 0 0.317048391532771 0.339145411938248 0.257940741247437 0.280068306957533 0.284637423345768 0.325557333199551 0.351788968351183 0.336022307811091 0.380290174285911 0.394778939688756 0.359887336672672 0.310642798444635 0.266862671762097 0.537678982933774 0.447652175322655 0.54159510272256 0.475867716800497 0.517364343531294 0.495139722532072 0.583309398016798 0.473757183728853 0.296119818656852 0.330697727086025 0.265124327792928 0.291710411782067 0.337430880497005 0.390036553110511 0.372984055219736 0.327489362837771 0.386542281958181 0.363622175161653 0.385637701896954 0.415793016519915 0.384535265718742 0.387590720278707 0.369381971742825 0.374309039027554 0.404904144457389 0.451472805819643 0.34270193528016 0.34085614667098 0.388362791776263 0.399329958578275 0.36345498179634 0.410603563994389 0.432069742590292 0.54400950914511 0.467192186650031 0.273160292930373 0.365587002975404 0.340358775745534 0.264744838872218 0.22072198436452 0.245132534200577 0.313609610050972 0.363379213134963 0.313941295990283 0.310936843078642 0.372258368003595 0.367490602138414 0.366728199850185 0.377063893966978 0.365226411560993 0.371781952117398 0.377862617933657 0.350944539259342 0.258134851321199 0.394495976760263 0.3828181126493 0.363410048523925 0.431339969445874 0.295748924473035 0.382253156935211 0.378499456335063 0.254441631738169 0.27931069680848 0.355798273426005 0.32631653864262 0.26602852918658 0.314940485359129 0.348791270757401 0.310780678226473 0.44112628714666 0.263608587490045 0.366791374924641 0.264320084621564 0.446791542731902 0.469877831872593 0.378995937446937 0.414757133911335 0.448193953911231 0.423305871405262 0.432436835054233 0.441631184328973 0.376531477597916 0.40874159816104 0.306365899833721 0.247012808941485 0.348081677266149 0.423286977991348 0.342115064852769 0.425314870136186 0.358385548613921 0.363573581904173 0.421474834701729 0.48801886330614 0.286259902338188
"brahmapurana_pu" 0.348339204700565 0.348999926869474 0.399808216938645 0.331000691306295 0.315339673912452 0.402559459993582 0.342167313270604 0.356865904431208 0.347392122387765 0.362786044877524 0.390151818037801 0.304278420916506 0.336172147718485 0.334364906375135 0.284528613312592 0.40999332083852 0.308264995538401 0.369234690263405 0.317048391532771 0 0.384081802419501 0.273496668118848 0.324681198580972 0.350209738831466 0.330528715673185 0.374617325426686 0.262684811233463 0.309810318762016 0.374654146328179 0.363881280855629 0.255032485089052 0.286637169218346 0.51344802822203 0.394438307221077 0.490213426043519 0.433139303232571 0.474605498240814 0.467558907149117 0.542624042702461 0.421190811223061 0.333414927757696 0.330544078595293 0.294145293337391 0.344289451027161 0.245585668632404 0.353010333763353 0.300404914117801 0.236906715632735 0.32116959820078 0.287031168779971 0.350716149700132 0.352067436827574 0.345481769398699 0.349454120268011 0.316830262725435 0.326324437460146 0.358655336472053 0.388473090372005 0.242266244249099 0.228819505631022 0.309625569958043 0.302788990972731 0.263744732359561 0.339928243363364 0.380416218355561 0.487180189054049 0.416220470447481 0.296152862117906 0.420056896552185 0.322400707917811 0.283322202050843 0.280306834719638 0.320966706244109 0.305659413184483 0.328248908836244 0.23039782266121 0.331282324047454 0.43368570458428 0.299749564780362 0.297020309869007 0.326872174260571 0.316705958649425 0.335172797588773 0.344346719725586 0.280811532766504 0.29068462911065 0.423986531908633 0.385091169360471 0.429181287104986 0.397192161748467 0.320170052652133 0.448222041683263 0.378365410134556 0.291726034041678 0.342613586115583 0.373061048460719 0.31747053850954 0.305071282554452 0.242047949032689 0.387260317491017 0.31312156796901 0.448104964552085 0.264805167604813 0.344450323258707 0.277084010950531 0.482165065885776 0.490382197839878 0.411497693805311 0.495003898965042 0.493769580775266 0.479672227368007 0.448310874961118 0.476961657644663 0.441356632897024 0.413571225864733 0.295956027575372 0.317837617523308 0.251470157483319 0.382850705227868 0.351661602988473 0.445099316726885 0.372067052989417 0.4141837861911 0.452140564426374 0.498898942545903 0.322555148158681
"devibhagavatapurana_devigita_adhyaya-31-40" 0.387101684473522 0.422675755294829 0.435529587508039 0.42066831528737 0.415138799975318 0.46089521714168 0.393841477807903 0.404983457697284 0.404009607923081 0.418094815953014 0.463527009298053 0.422521543230405 0.41467785302533 0.429385520117798 0.346871582812158 0.421115734201296 0.362425535486662 0.363781122563952 0.339145411938248 0.384081802419501 0 0.334343735089941 0.353469834224977 0.364562085453112 0.378976991061671 0.387270765573236 0.408965095542153 0.440085130226668 0.461078674798292 0.461119742401327 0.415878256544653 0.333171069269299 0.544719661627081 0.491751923151252 0.560035462017061 0.514238448375268 0.534207066628534 0.512934189841958 0.60027359125217 0.506462235985237 0.359329748698296 0.365996988529185 0.349045123480946 0.35181047771892 0.425098675837612 0.470844881966727 0.452103174650307 0.419676311759913 0.461345370015532 0.436311833809198 0.46970231083859 0.479632656817378 0.472380496483637 0.470087415372039 0.461764960921013 0.454284837093999 0.476001433019041 0.469576285169953 0.403449072094471 0.414457060757969 0.421996544612062 0.441750843587689 0.421756924286481 0.472436573265675 0.493909105543889 0.566920428983433 0.508855428904258 0.361632100787761 0.438347656569141 0.406913491501415 0.357582460942202 0.356100880919941 0.338552275630048 0.378401919035267 0.415652127425813 0.391700455524258 0.391904263670195 0.392032998210195 0.44647777339718 0.437655080092969 0.453883092089303 0.449593571621326 0.455071469609064 0.468435668322335 0.436674840000268 0.344946560102882 0.426274136064185 0.40767328141296 0.452040716052495 0.451122235922586 0.375918099488912 0.45312190124566 0.417159481018901 0.344465227524603 0.345102198713623 0.379365735304202 0.386525139950829 0.345611953475906 0.381041022466745 0.360317706290149 0.379686956213519 0.432270568347752 0.367124265220486 0.411063930429855 0.365721042901714 0.489223072072518 0.468857112432173 0.437707482301778 0.501518270383367 0.504160815813717 0.497135579586062 0.476269917448686 0.500357973179033 0.435059814156082 0.448985156625314 0.372561407386237 0.364220537517282 0.391421213572557 0.468588670431893 0.400236623166382 0.467684801210771 0.408699855939936 0.452177582478249 0.476909961273248 0.511576817415148 0.380098883436731
"devibhagavatapurana" 0.339347666492939 0.368577508886221 0.413347149279721 0.389482108978518 0.371875428159635 0.438826466565304 0.345094868375876 0.35573500285633 0.352179428983511 0.355350125603574 0.432652483929887 0.359324747119696 0.386822830525573 0.392646325495734 0.205082157235245 0.388065786367926 0.262245732046732 0.309078104350574 0.257940741247437 0.273496668118848 0.334343735089941 0 0.276432547925257 0.316756753690046 0.310661914340769 0.324749726677839 0.317560120661591 0.368085381466089 0.417226263162156 0.407714880671681 0.317899283218268 0.252216849206291 0.528492749750621 0.448130737824608 0.53902729281878 0.481730179100711 0.526520824992592 0.510676930338958 0.581950643165426 0.473793666477003 0.307096525331064 0.325281878820533 0.271743540266203 0.297455832401859 0.325066343910576 0.405004260925255 0.363757702970668 0.320038951525407 0.381979008701248 0.350142034141327 0.406657462604387 0.414241503189609 0.406587445245823 0.40642559764287 0.38336693058235 0.384780485232546 0.400870030611843 0.445033964761226 0.321359528422315 0.321216735739803 0.3705813273958 0.384721458572977 0.340578465695026 0.393776178551371 0.436749525111247 0.526009698775621 0.460892545703498 0.2757727143565 0.386377004278981 0.325353987813363 0.263240346784493 0.270177166507824 0.280422914122662 0.26150244001178 0.339574003011341 0.282560163843883 0.304620908499341 0.402834845194985 0.36429459392747 0.34718160292484 0.373484133878552 0.372036121178305 0.37999027348716 0.39887127818514 0.349841307028286 0.25053992567171 0.413264414822992 0.391038349125401 0.363707478913989 0.39540092797278 0.229113913568005 0.396525373549035 0.358564580164563 0.247037893997944 0.299096678202037 0.337976373835506 0.321124915877445 0.272954739988497 0.29669747832994 0.347073692018339 0.30494466170436 0.449656047448405 0.284827652306866 0.348639103552806 0.263369224088259 0.473718486596229 0.476057443377312 0.398059624179059 0.473920260261965 0.481865140039152 0.463309313546188 0.445234913084054 0.462906038974314 0.41170937077205 0.397345872042443 0.294347822486024 0.30314060838184 0.323597204805052 0.42020660291934 0.340416678027148 0.442901464176457 0.367063982753017 0.401369238555125 0.436755647545425 0.490397222997496 0.307198347994249
"devipurana" 0.288724157685807 0.400991574853286 0.430141174783036 0.404361292326839 0.388936393932979 0.438780427106266 0.368856034174485 0.378860304205071 0.37328081367637 0.39200052135772 0.448276320711608 0.388917055774763 0.40199109746028 0.410007055587529 0.263136729735031 0.400776892991376 0.319733745349524 0.30347706594018 0.280068306957533 0.324681198580972 0.353469834224977 0.276432547925257 0 0.297994549639263 0.323709691414153 0.376892653207702 0.347106001674877 0.401977548321057 0.421268613055789 0.408999593958372 0.349773358393674 0.264554931752697 0.524952783415556 0.474504048651732 0.550866343155108 0.492914437432441 0.537140300912 0.515693706440102 0.604487129856959 0.488491220018251 0.33664338509676 0.348868395339345 0.300153977131802 0.291420633756817 0.378317499451623 0.41968729097495 0.40287684953712 0.365832817809339 0.405846241867535 0.389993309060368 0.41994284964912 0.4381947044237 0.417425409143602 0.417471631431431 0.406970308877939 0.40767618955985 0.428414709625701 0.462922502177466 0.365324066245098 0.35724942266303 0.379049491320446 0.384669026427307 0.388978054972039 0.435954315321135 0.462589116162805 0.556444272774686 0.479649072368307 0.311736835569966 0.393295592231353 0.377335917682152 0.30725378558247 0.252220080575036 0.268600869407765 0.317359431102255 0.344940228560183 0.340728911905734 0.361378772801382 0.401069241798893 0.405605016610289 0.396012190016614 0.405716311307339 0.399485644665163 0.4039310155626 0.416753624877289 0.391077497800336 0.287048499202204 0.367442586358148 0.35560073793308 0.415490849691408 0.414996227461429 0.332018960247062 0.418905625806696 0.405924691923994 0.289818493057101 0.311396758624953 0.354663399123498 0.352231922091753 0.278710976214624 0.311079832651987 0.357407987412124 0.351091178041495 0.45540839212538 0.306821265602275 0.381149424675596 0.299978257228786 0.473805518084228 0.464289066265617 0.408010956876649 0.441792682933849 0.480262234397622 0.453537324361366 0.441332914974564 0.46700604568053 0.410992361752533 0.409350497940253 0.314553657350401 0.289811857176786 0.344283053506176 0.422762321211225 0.389900554117001 0.463599587405892 0.381617758548075 0.433714250316465 0.461846842704665 0.516915217834457 0.355059871633309
"garudapurana_khanda-1_u" 0.231557653731307 0.393579495977431 0.42131696130319 0.404059143185389 0.390786912614235 0.435202185230182 0.368095733157168 0.376962948406045 0.368594135934926 0.383902878591197 0.456187302829643 0.385475740687013 0.404601175625261 0.394062765659489 0.269715991231465 0.383028922516817 0.31456585862524 0.318452866404632 0.284637423345768 0.350209738831466 0.364562085453112 0.316756753690046 0.297994549639263 0 0.293258861071371 0.361903535985941 0.385430537836167 0.418583095899427 0.443357893978422 0.429957967236638 0.375784661130877 0.301458992374705 0.531309273650629 0.482968851065414 0.563919376018497 0.5046500770828 0.547789274531911 0.522662772663682 0.613553946343285 0.500401926412227 0.358869918416031 0.340814802956066 0.303004845501069 0.298041355135387 0.395199168490404 0.440714222085462 0.420368903378559 0.388473732443993 0.426218929322996 0.405369514707474 0.437145795265519 0.461584025413498 0.428716849916421 0.428969371789919 0.428953175512144 0.425471649525978 0.440319970171515 0.478390113549685 0.381846567752598 0.381374680656717 0.413215319266033 0.403057794292814 0.408884425535019 0.461503442589615 0.470369973228016 0.56708132772436 0.507960555195745 0.325886382099447 0.429448595284969 0.39108423970125 0.328402995341862 0.273632692821403 0.23728914162461 0.34412647597442 0.380229969240292 0.348975945518907 0.352493542107556 0.393461057548524 0.423923903554421 0.40978187881431 0.42141495835365 0.417639194224903 0.423428072111566 0.424282013510361 0.411248173909527 0.309197319454403 0.375970369699569 0.366110825646858 0.412217720037995 0.445353061547624 0.364828218705025 0.428182897841754 0.419876767768415 0.311246870441653 0.309149604990622 0.343727959679366 0.353031424448912 0.29249456127216 0.346939195116614 0.373586394306123 0.357801459192783 0.457907636492487 0.339075288578181 0.396834029230506 0.318664445453968 0.478728543824531 0.470548023795646 0.419042662735269 0.458840917367533 0.485643408506108 0.472843800631529 0.442960141748478 0.483837565192819 0.429551995596785 0.411735983198124 0.32876424127514 0.306285499492767 0.364548720697284 0.435602576596367 0.392870423558694 0.451113714092812 0.373587772482028 0.414765006591968 0.447855990962584 0.506602227016339 0.33558371475158
"garudapurana_khanda-2_u" 0.319614004940596 0.39748791984629 0.430034881722425 0.407623090727886 0.397431275561146 0.446561383631863 0.376847031700842 0.373704342295531 0.387075162469889 0.395734970033427 0.44088918235018 0.396826676462129 0.392524851409465 0.408964417505955 0.272017933940375 0.398773869941361 0.330123705766483 0.365622263899421 0.325557333199551 0.330528715673185 0.378976991061671 0.310661914340769 0.323709691414153 0.293258861071371 0 0.358286355716942 0.383521325310384 0.418255686236077 0.453679700951274 0.453844597077952 0.373330077283856 0.320331681977416 0.52720421913274 0.472832085223059 0.545445438845392 0.503475962362676 0.527392607764895 0.508930646951069 0.597973607300492 0.49663427447113 0.386632044537844 0.342813440344527 0.336110803684592 0.342365713289556 0.38679904704074 0.453839901633767 0.410282986848911 0.374373980791812 0.415073686108915 0.386508138681552 0.445455003230475 0.450287587601246 0.439541509605033 0.439175321215617 0.431953379073555 0.418736903458112 0.428112709079758 0.453786490494566 0.354676300245998 0.356345526903448 0.372401835553209 0.352093207533289 0.384033719429995 0.445826931461218 0.472797375036295 0.550738413546509 0.494881581901464 0.309784560262533 0.43748584525365 0.37692667247433 0.317499465895065 0.293920453347017 0.295031316477179 0.310941822675048 0.379837068963317 0.35383454078744 0.361550741809446 0.41611964853128 0.431492914944337 0.40580499967993 0.426314832941654 0.427836607638017 0.44055511021383 0.448483620443345 0.412197040070781 0.318371140909334 0.404464786775669 0.380113689462686 0.42576803491638 0.424300093831369 0.358747226809884 0.451606619668704 0.432320930702255 0.302520849645612 0.337303827147069 0.354739298959199 0.373129480914282 0.300362870291601 0.34130184260937 0.386433984572361 0.373199812132296 0.449244021050776 0.342203907820139 0.387781986137714 0.337700131950641 0.479528814755959 0.458219975863199 0.42257020530771 0.491321620886923 0.47671636750543 0.48003343972091 0.422045341674728 0.483961635479389 0.433307865567316 0.394417775702824 0.31419772237085 0.314815178590944 0.342853959249757 0.438497677074385 0.389784055694392 0.445458046366357 0.350838279591746 0.431510207874401 0.455974664798725 0.504250619231942 0.342470363229007
"garudapurana_khanda-3_u" 0.390044835576904 0.439551291593772 0.458166653083129 0.444499661603392 0.44178731040415 0.474851450481265 0.411462072404074 0.417432302308471 0.418095119003167 0.430025306118355 0.476767674463107 0.436434268951047 0.438888034766315 0.444946506199472 0.329577010077391 0.414909060585935 0.365584735174553 0.384464612775395 0.351788968351183 0.374617325426686 0.387270765573236 0.324749726677839 0.376892653207702 0.361903535985941 0.358286355716942 0 0.404118669341307 0.423145689501027 0.471590922142795 0.474704436065659 0.411152222912017 0.350411432960421 0.542135794503849 0.484613358125046 0.548026964974755 0.511280326688209 0.538417767842388 0.521886083010568 0.588889657648872 0.509268277410419 0.383539952882951 0.384048752469779 0.347652466390572 0.36029498957003 0.421930221810265 0.460014297375181 0.444841389846603 0.418941852903646 0.45575716574774 0.430493735923862 0.471220508647134 0.48404236650037 0.47040625625844 0.471249455597499 0.459477579283677 0.453989432081284 0.471093652844641 0.477513047924212 0.403619802102594 0.405929681619243 0.42895748995203 0.42914492665857 0.422125661635594 0.476030814961428 0.492331643270496 0.570114569710154 0.513841198124545 0.381240936119441 0.456966356194636 0.425826700517272 0.379570139252324 0.360349014860429 0.351887488305981 0.361127661805779 0.406590797530912 0.38481829329714 0.407667340198572 0.426932835090026 0.457432536178177 0.443417185043353 0.454653543518817 0.449146370257382 0.455951278019478 0.467004406233292 0.434967666285038 0.348494733939932 0.454679727072209 0.442926752461147 0.465597321389821 0.452788705239421 0.350792360956991 0.473525324505617 0.413735631113861 0.346366285305734 0.361060540713704 0.383259810343161 0.383594466630012 0.360703111788401 0.385783587711857 0.378144420176937 0.37621743495939 0.472273204128082 0.377731266790638 0.417039494851346 0.36519228887271 0.496090652474614 0.49068783583258 0.42861914565848 0.508395117284349 0.50443179070798 0.485887082730885 0.464218000662583 0.497961625679316 0.452591614336875 0.433336469225891 0.375802176220701 0.364887713225037 0.390438009986758 0.455626574165277 0.404790293423649 0.476531206351966 0.417364475660494 0.448395289945651 0.471442133321161 0.525961947351411 0.379543526333334
"harivamsa_appendix-29-30_mathura" 0.382299315783397 0.357311751061396 0.416876285342472 0.346306386810685 0.329316546214874 0.410940330918366 0.36155771481432 0.378861084670545 0.360009321536511 0.372021912368064 0.402667210111252 0.312869054927706 0.363614968598775 0.367565072333302 0.33085664389331 0.432609222069511 0.334466333522483 0.37435877431462 0.336022307811091 0.262684811233463 0.408965095542153 0.317560120661591 0.347106001674877 0.385430537836167 0.383521325310384 0.404118669341307 0 0.314746569004233 0.374246136571894 0.33233991651625 0.227909925176323 0.324490319907423 0.548772102055081 0.397792304859573 0.502676314605777 0.44212720803062 0.496402249633828 0.480392854530511 0.561548749821205 0.420870542081677 0.356641729421533 0.37997949516757 0.332605116386112 0.37485492753214 0.256750784707957 0.318013571553528 0.286325193344338 0.240074666398697 0.30239579730395 0.278934296966816 0.322064430442445 0.359733209579538 0.318392001200445 0.319794467035963 0.295285600914193 0.308537855166051 0.340874716246593 0.411439838523365 0.2797091188905 0.263737594499493 0.345962911582471 0.358715819193185 0.280770796235502 0.334513095332132 0.353371483195774 0.479286001525329 0.409730377768387 0.33956145676345 0.41473067347359 0.359610296336935 0.323704875639253 0.309639468703171 0.358553265565933 0.349692798918958 0.370564131260456 0.289167442325777 0.374396396674268 0.449845009108484 0.301960771608663 0.29321619917986 0.315767681197942 0.297108018854797 0.31291782433858 0.323192717932679 0.28574729323713 0.342815724639055 0.453920367500592 0.417207981080512 0.446356668449103 0.44255289239015 0.346644803396383 0.467238086246973 0.398375359273282 0.335114993776881 0.37762234127166 0.426616761113741 0.354306363640823 0.349783947684446 0.31615584319091 0.415479823710859 0.342541244503992 0.47763021346943 0.281374765838277 0.406159347853964 0.292041464443894 0.495931192385325 0.507531948077218 0.435922647918128 0.489267341315908 0.513198581392325 0.480498135805084 0.474203773784861 0.4895520134579 0.452107289626652 0.455265333543472 0.363446899648632 0.35317580989966 0.294861755858176 0.397790923429144 0.384292350299776 0.480478813917433 0.408014389921649 0.428876559590144 0.462806634234011 0.522044593759558 0.362109683483322
"harivamsa_appendix-31" 0.422721617832671 0.386625002526772 0.421042309109803 0.376415231618453 0.360204793363242 0.438614773524808 0.386744074129107 0.400882083904936 0.387950227374139 0.396224818720381 0.437392012773453 0.341614911212418 0.377938913824404 0.384509921676464 0.380100064940051 0.463929297470416 0.364976532468796 0.416684743704025 0.380290174285911 0.309810318762016 0.440085130226668 0.368085381466089 0.401977548321057 0.418583095899427 0.418255686236077 0.423145689501027 0.314746569004233 0 0.404969557551377 0.368005050195643 0.293596951586912 0.370533772132158 0.552868736133009 0.422049511920744 0.519439227814204 0.466729387123325 0.501951086685939 0.498555020432363 0.572107237239696 0.446945048177723 0.37906525235233 0.39809167661242 0.371880354786569 0.404536508628256 0.311942235070862 0.35114902267014 0.334207054303392 0.300580584096405 0.341242953399158 0.327243422332756 0.351587522915599 0.403620396436007 0.341220667984011 0.347629462087085 0.32926612194334 0.346279574821402 0.38348698647974 0.433762795009139 0.324040259617518 0.331537400189619 0.397917074599953 0.402228674126125 0.317957927051022 0.371734112324092 0.386540629862937 0.504527196418821 0.44444326409572 0.391865361154941 0.447483256799831 0.392903152759612 0.375384594382164 0.372246013915895 0.403420275366446 0.40111733645353 0.416248358423497 0.302076740505084 0.413018377041947 0.469078132968564 0.345867838975368 0.354438483650705 0.354506994515734 0.34850728496702 0.368717896207496 0.344995479633976 0.315682551037912 0.375217082594969 0.468022631773034 0.447907823706874 0.48231165698466 0.474821705647027 0.380849589576628 0.498236207094363 0.412301979745332 0.380156680536721 0.406516877678016 0.450399218360797 0.371721049612748 0.395176563537843 0.363619155192368 0.434658688584509 0.374372086087856 0.476638589339884 0.319880028645262 0.42480238276956 0.341242511799847 0.522638418861183 0.522139656479171 0.442240841781166 0.528856687073912 0.538927468225666 0.51760482699813 0.50889333450342 0.506516233300769 0.484563903010292 0.4773684516913 0.39684184705451 0.400008585815041 0.32726962731059 0.416221925538578 0.40221530628859 0.487796441582816 0.443247517546952 0.460786406620853 0.4719053400452 0.532168735386923 0.393089783604144
"harivamsa_appendix-41" 0.441676572606489 0.424753752124669 0.44202805121891 0.391484953084632 0.388505220231769 0.442601938987603 0.408151384406321 0.429750061602943 0.401020628510512 0.438295760317171 0.474714923976623 0.398044445634983 0.403574523224687 0.396879340840979 0.413491666723819 0.43919047991497 0.40068662524912 0.429309550277303 0.394778939688756 0.374654146328179 0.461078674798292 0.417226263162156 0.421268613055789 0.443357893978422 0.453679700951274 0.471590922142795 0.374246136571894 0.404969557551377 0 0.356645234391156 0.349562126388543 0.418700659349567 0.564710164026959 0.449561315474651 0.51214302103682 0.480442241636853 0.489565187402812 0.470764397178066 0.568931560314547 0.471749816973966 0.402053151363562 0.427414792065459 0.383737137787865 0.422791045169823 0.366568152507094 0.399172624763961 0.382791345054893 0.355035895056452 0.400772822336708 0.377392982167319 0.382622500126121 0.418304926332526 0.398975018868334 0.399874378102325 0.385980491971036 0.398434133510743 0.405517560632972 0.446804023607057 0.345181919187111 0.343732755315023 0.397771198886538 0.409288604660398 0.361206588119454 0.418852268907796 0.448789153134331 0.537227813949153 0.460627305683571 0.425550057179265 0.482216346130989 0.439706762297277 0.412876198878733 0.383850283858772 0.421949484638437 0.443537932398454 0.461337729655115 0.393227321384207 0.447905333081138 0.471481289313279 0.401229079156397 0.408792383854284 0.411949198229093 0.396334601097762 0.411511712285642 0.400562788384579 0.390678597068434 0.406650842120464 0.469996002240371 0.434250677851285 0.488264688903909 0.501823641914056 0.444357451604158 0.480364439617903 0.471533167048677 0.404516176466054 0.423418041805705 0.461293517645447 0.405487086536167 0.426186396129881 0.394547998651662 0.452363347382646 0.400844554733245 0.471679774843372 0.370422762931943 0.458984598276015 0.412238176911622 0.505708353023276 0.510468191329048 0.447834068529875 0.502809670317588 0.52191153690573 0.497579963521981 0.504380947207819 0.527513844605283 0.458562939987695 0.506820055243396 0.442797304910429 0.391115661558219 0.382661472852364 0.465962778084574 0.433589555812231 0.492110248667688 0.455467438766082 0.47542298135372 0.514143611617745 0.549175046110402 0.42133914668764
"harivamsa_appendix-42_pradurbhava" 0.430613351015277 0.409911330127252 0.450565998073273 0.395891067589243 0.386350767449826 0.442487974812077 0.399194039324413 0.424438436340189 0.382522499097232 0.417008315280382 0.467021370964738 0.375509450380777 0.413698687530452 0.404836724077797 0.407298058024301 0.443455242340008 0.382395892286631 0.382580840189517 0.359887336672672 0.363881280855629 0.461119742401327 0.407714880671681 0.408999593958372 0.429957967236638 0.453844597077952 0.474704436065659 0.33233991651625 0.368005050195643 0.356645234391156 0 0.303095691771129 0.41166251991291 0.580806171253202 0.451259493444033 0.525545520848473 0.480923344930395 0.518863979023254 0.506169377394894 0.572767764743011 0.464103295428507 0.402464381673402 0.435000648308648 0.374677809245003 0.421432716231557 0.348314871313183 0.343197995631539 0.358227993659377 0.331758625434011 0.36146098062647 0.362951105927156 0.317938655799736 0.398547809055115 0.327375018448805 0.332200992316636 0.323458547908761 0.355238812033723 0.388707751600564 0.466876161021098 0.366654947577161 0.355486936267933 0.420549226186655 0.424844394499267 0.367868633652602 0.403990087275992 0.412736593806295 0.524033593978147 0.449804094165146 0.41911007897502 0.434650286950328 0.430868115334147 0.40187183272694 0.348756406202334 0.416051408063507 0.445399158557831 0.442494391034414 0.381971814712335 0.427330827937276 0.479296935466241 0.367277113907795 0.393152496426046 0.376863212866019 0.35144323294456 0.361443034598709 0.322332788679255 0.354650848969243 0.393877262360302 0.478381622147559 0.444914900406233 0.464804282081287 0.504772190368083 0.414772534164926 0.472197141406835 0.446114098770503 0.399328248735073 0.421098293852427 0.472266562694254 0.388907604696478 0.417531004897867 0.389458751994147 0.459735136189177 0.39418087023671 0.501495240819218 0.311166099612394 0.460756446035151 0.366600728860542 0.509805936341973 0.540564212787156 0.44680057833886 0.460434622676289 0.523714643259408 0.483398383375207 0.510650363866844 0.51854185890039 0.459735776722309 0.506202328837204 0.430700826871355 0.37771490561578 0.395527148184867 0.455930900381709 0.426842725390378 0.497084147952258 0.460795629959025 0.460404662837231 0.49803090515535 0.548781697638615 0.410543330719612
"harivamsa" 0.378133437841244 0.323968389905156 0.39686407212387 0.322274886910861 0.305284544993059 0.387281422049114 0.341913038249524 0.359722323133034 0.341919692771337 0.34425104637059 0.381509698471841 0.263264815552036 0.33898565556355 0.335275978497699 0.325229530428403 0.411614201872977 0.301386200225235 0.364586373071951 0.310642798444635 0.255032485089052 0.415878256544653 0.317899283218268 0.349773358393674 0.375784661130877 0.373330077283856 0.411152222912017 0.227909925176323 0.293596951586912 0.349562126388543 0.303095691771129 0 0.330048529033151 0.545469559884277 0.386637060460848 0.498206730348072 0.438236175169391 0.486619807887964 0.467462295139649 0.556134188054419 0.408684472825331 0.356229134457683 0.383066853790744 0.336044305944999 0.37721518590229 0.221563430355899 0.298361587923612 0.249680269248533 0.204906865060895 0.266129002004125 0.24466249162536 0.299496617103787 0.350984564221888 0.287636928753585 0.297885700977337 0.271800704906676 0.279307992585631 0.310102752063817 0.41166119653161 0.254533927452909 0.247066184405548 0.352243208925503 0.352564429483701 0.254769175077422 0.313228846540704 0.331839992190274 0.471017078840254 0.397833109945736 0.318649891197259 0.406217077342872 0.339119653828561 0.299192414406556 0.288703023035935 0.358055010153426 0.348787756721892 0.378325514800042 0.271018746589529 0.36746723512425 0.443316838709327 0.283170145865598 0.270342917510728 0.283088069262546 0.263940098704933 0.279219286645895 0.278469130116033 0.248831837456933 0.339394696534691 0.445871498997182 0.405965587274966 0.439669140511592 0.444145057816726 0.357458863260464 0.462747807545309 0.41177531865281 0.324133367696401 0.372468031902616 0.430089377472434 0.355594526005424 0.341796575207498 0.313256475643371 0.42093340118048 0.341115632929793 0.469422728819282 0.266493943735926 0.403169603034207 0.295236732498117 0.489911258095779 0.506194546216123 0.411913283565751 0.484831895583279 0.502947776268124 0.472121265742043 0.476084527190973 0.473543541031019 0.44180658205652 0.461202861820652 0.357247207863465 0.340953056371545 0.288477983975649 0.401945883424492 0.374409140119935 0.45929364303919 0.401474604690294 0.412608122510012 0.441228283162605 0.511202437796612 0.342495628075523
"kalikapurana" 0.297963670275242 0.377339167328369 0.40468685486779 0.378440142722923 0.366098470997197 0.431038792982169 0.352273774324413 0.357674779249616 0.348683295466531 0.352518434783131 0.431803457287569 0.364232136834788 0.39271102252755 0.38229093588199 0.246497406935824 0.390869713659306 0.290582667070732 0.302928695047765 0.266862671762097 0.286637169218346 0.333171069269299 0.252216849206291 0.264554931752697 0.301458992374705 0.320331681977416 0.350411432960421 0.324490319907423 0.370533772132158 0.418700659349567 0.41166251991291 0.330048529033151 0 0.526473904593814 0.439165784403989 0.524812170250576 0.472497265081978 0.508540367404448 0.491632132882732 0.575146772445406 0.466761069346319 0.306349541779202 0.327302208666529 0.286594518228316 0.292709589078225 0.345995041051432 0.406396890350272 0.382765059362239 0.337215988563003 0.392459446240547 0.370636801240183 0.412105969603289 0.424541368824076 0.40325347292947 0.405607910537831 0.387196339637116 0.388615034917789 0.41961068141306 0.451485907493149 0.34925227962178 0.341785276731914 0.377024555374709 0.377208263419812 0.363108425542733 0.416832900520786 0.439325327323107 0.536024736874256 0.470937153961814 0.273163305978535 0.376387631043384 0.334475097217556 0.264079848925938 0.246492180416153 0.264626916896424 0.305449742553411 0.326893939054386 0.302147766997833 0.324514178395741 0.395677858396112 0.372273492350871 0.365375275898865 0.381557373467071 0.378715881302436 0.386878824097466 0.400493364094471 0.353100732833509 0.280530870842877 0.384860468570351 0.379377905096269 0.397453787501758 0.399744056772621 0.292172334142357 0.420702338442891 0.371046366541662 0.269013525069103 0.293324052570378 0.349925837391905 0.319993649507429 0.265297221535322 0.294694615262277 0.3630684385841 0.317867386825138 0.439279717112646 0.283150916169232 0.355305037415683 0.256915085935965 0.46697098636973 0.466689045779579 0.38639371284945 0.457645104828437 0.479557904810861 0.457560660410941 0.440801682115671 0.460863208772954 0.417204338286209 0.390265131010732 0.300286339216239 0.288136298933248 0.330116154862077 0.413589359389832 0.349633587862581 0.444935173909858 0.363200251905238 0.403123743433589 0.447145498042848 0.508554265986944 0.317688731900356
"karatoyamahatmya_pu" 0.531282738008922 0.565663622474827 0.570825543849548 0.557057023085725 0.548514571810461 0.569220915755684 0.55898210704915 0.561374804276989 0.559439646626281 0.569194436722837 0.577173909980164 0.554499754866358 0.554345122052141 0.546807195806684 0.530112050446317 0.577887182514707 0.550906788777171 0.544575099703798 0.537678982933774 0.51344802822203 0.544719661627081 0.528492749750621 0.524952783415556 0.531309273650629 0.52720421913274 0.542135794503849 0.548772102055081 0.552868736133009 0.564710164026959 0.580806171253202 0.545469559884277 0.526473904593814 0 0.584305543901721 0.621668814200214 0.593984108585279 0.613547971914557 0.60456208982163 0.642609494825592 0.597654539733324 0.538813131394227 0.530596818378834 0.532677412998187 0.532602857557261 0.554119879484805 0.575636234004885 0.565762543624805 0.548706296315401 0.569177246778824 0.552362313375156 0.577704027805162 0.582440274963077 0.58008104443179 0.573236095319964 0.569519982721208 0.569093595642996 0.569120707270205 0.571492382411784 0.53677669663651 0.537211166082046 0.540312804299102 0.536006696581605 0.550316540852565 0.574970421114782 0.590362019210023 0.625970285742022 0.583851118941871 0.548529691686018 0.578848762630548 0.562509150447392 0.544435258229101 0.529255481978946 0.523130357664772 0.534931756449432 0.542959682354422 0.52764708927392 0.548629213989135 0.571876451776381 0.567608147115622 0.555402199619448 0.574856849149055 0.568396600989441 0.576078730722114 0.579598330579491 0.563612814232977 0.526228785792701 0.556057894911043 0.5448307452658 0.604599905240121 0.548575252824268 0.552918650291358 0.604268784604554 0.570731134415525 0.531731627757443 0.542164509508841 0.542148722544321 0.548144822059787 0.509791193098081 0.507842225122111 0.546199130393365 0.56126218060309 0.576615894942009 0.546262847751541 0.535620776342941 0.536944578838504 0.612924154158116 0.597250509654646 0.577481600854141 0.600313215966344 0.615164624984745 0.616760470648264 0.588322645134272 0.620616482062354 0.578752412570512 0.562138713579247 0.519530056751654 0.541043241448819 0.522846047769495 0.562637195315544 0.557844237677073 0.582750403061267 0.561980403453191 0.586933001089844 0.601288015867902 0.610540749928899 0.551745925333264
"kirfel_ppl_textgruppe_I_col1" 0.488562096902601 0.452270563752773 0.48374424132149 0.434576476954055 0.423532877745553 0.456397106100156 0.441164083571963 0.464052129199368 0.449584859113902 0.427982984659128 0.478853826785409 0.427278736967981 0.446102875347198 0.433173783908045 0.445401477278214 0.458186700732921 0.433875025498861 0.485590968330483 0.447652175322655 0.394438307221077 0.491751923151252 0.448130737824608 0.474504048651732 0.482968851065414 0.472832085223059 0.484613358125046 0.397792304859573 0.422049511920744 0.449561315474651 0.451259493444033 0.386637060460848 0.439165784403989 0.584305543901721 0 0.384314584899157 0.339064366401038 0.434849520544814 0.386000850983119 0.474187041142527 0.293237454429967 0.462240961923524 0.475393282373191 0.442150605579166 0.472969549634182 0.367323073125497 0.439803998662839 0.398920651721891 0.373377643299345 0.410478122285814 0.386072738085138 0.431091599559636 0.44111962761787 0.432209382317863 0.43240881180598 0.40652827919022 0.418261936849877 0.443776327273865 0.470778214539322 0.382250676320636 0.374660635467813 0.451290470981846 0.442807570373478 0.378271808018463 0.42025829305867 0.457690958987383 0.533115558271172 0.46792273237278 0.429532408295926 0.502977806914637 0.4302454008348 0.41870877395522 0.425159853044053 0.475401182984687 0.463451964965103 0.475716019533959 0.403713129673892 0.488514606459233 0.515673775696766 0.409186422008013 0.416106058702898 0.445454738140885 0.438944220045601 0.453517369958006 0.451036806496541 0.400490574883676 0.452163657239321 0.520751524661109 0.498006224897548 0.531855376250411 0.51482344795564 0.464572963563117 0.539022573125374 0.487387976460632 0.444994950922758 0.471326305153137 0.505964761810243 0.453485054349059 0.467120715453344 0.424900107587573 0.494754185914033 0.432396952132702 0.521753610236314 0.414185439291466 0.470028367375488 0.424029395155231 0.53190116244842 0.542902106719908 0.465585088913415 0.559307363615758 0.541583745445763 0.511421020815464 0.515686267666409 0.502951341900048 0.532415084494114 0.531765127892558 0.471930006936771 0.444181029357545 0.410132756707529 0.486974182092977 0.464060192055462 0.523724995371714 0.479285110057847 0.452594228454159 0.533052481842778 0.554431180572156 0.432466971396548
"kirfel_ppl_textgruppe_Ia_col1" 0.56104689337216 0.540831187592957 0.549364822216052 0.517517493667912 0.51694009223307 0.53392506438523 0.527846688327411 0.541687863519941 0.533732475296258 0.532574272975307 0.542828799366097 0.529106497255525 0.529678313535088 0.514060924961208 0.538686628840068 0.522720140538657 0.531773150125149 0.565441155834119 0.54159510272256 0.490213426043519 0.560035462017061 0.53902729281878 0.550866343155108 0.563919376018497 0.545445438845392 0.548026964974755 0.502676314605777 0.519439227814204 0.51214302103682 0.525545520848473 0.498206730348072 0.524812170250576 0.621668814200214 0.384314584899157 0 0.440644620216171 0.479566466613984 0.419066707515182 0.502755594305001 0.421417998337274 0.540586818541115 0.54555718844382 0.518883253929456 0.549961268924877 0.487874693613342 0.519543133446483 0.509990077272645 0.492293770872227 0.513884307591737 0.496682640218582 0.529353577579384 0.528191410816179 0.531568890812545 0.528944773290473 0.515101139518104 0.516699379959182 0.54109739149016 0.531974952383124 0.482573953319293 0.481147531032538 0.51701012148712 0.50993104424904 0.486583897720572 0.519770885252166 0.545231316673712 0.599739789473602 0.549093254970277 0.521978141831918 0.568640687650288 0.526471959607122 0.515660761250513 0.512636430701422 0.555209625716873 0.552954750798432 0.54894308715424 0.50989402442986 0.574839943126036 0.577698087413709 0.516706057757476 0.526139522773445 0.540888800876937 0.534230618547945 0.549416296853518 0.541727480877146 0.512145499036822 0.537164966848081 0.586503376391237 0.570089874301473 0.602717576820445 0.56756085715283 0.546706791095817 0.596860617313473 0.562109996474305 0.530749140622481 0.544350689666957 0.564898283569792 0.53090200720387 0.549296472749857 0.514782543714118 0.560716097269985 0.514028554390352 0.561894578426906 0.501020968541927 0.547035623540273 0.517030174708006 0.575601746473654 0.583776619619457 0.529754783067235 0.618692268505756 0.574554250560329 0.555244573073299 0.571274714141191 0.571410226817628 0.57849000029777 0.595146555094751 0.550141351039993 0.525797284852758 0.496241713478868 0.553278661796441 0.538556131828277 0.576436399191432 0.550625098205323 0.544039825819323 0.592844865945902 0.609951947108354 0.523108079348217
"kirfel_ppl_textgruppe_II_col1" 0.508332363123057 0.485385554486298 0.503086638266784 0.462073772881065 0.456461513575178 0.470717487271723 0.475709558270258 0.496919503709951 0.476899643345702 0.474851441097901 0.495201160022968 0.461642788390319 0.481230609020093 0.465624317581657 0.474309706910253 0.50751750416059 0.466377456978447 0.503209307695907 0.475867716800497 0.433139303232571 0.514238448375268 0.481730179100711 0.492914437432441 0.5046500770828 0.503475962362676 0.511280326688209 0.44212720803062 0.466729387123325 0.480442241636853 0.480923344930395 0.438236175169391 0.472497265081978 0.593984108585279 0.339064366401038 0.440644620216171 0 0.467720482443264 0.434440409853169 0.484962616279436 0.371339501026764 0.493479604991099 0.506677041030214 0.47396254166397 0.498896624684358 0.430009983099302 0.481125455782099 0.455620012434618 0.432290923595148 0.46180041623186 0.445624207583103 0.4718181356858 0.479885035890383 0.46739022714083 0.466574971244901 0.452869130975327 0.460637012443958 0.482161299975158 0.490585499468286 0.437221584630728 0.434196418936813 0.482998876869349 0.473444760952554 0.447394027577891 0.473362839712617 0.492353256289851 0.555705615009742 0.514094615608013 0.472976860681096 0.525825926716358 0.473859837664655 0.462628594860165 0.453911152406653 0.494167334862929 0.492119487146608 0.497837466539355 0.443454979700975 0.504769089759388 0.53289842639363 0.463681898585815 0.462096256502577 0.482421842416445 0.48574702756227 0.490282939076886 0.488255406886128 0.456889797446834 0.478574072565193 0.535323439408748 0.516387162450449 0.539950458810395 0.539955286130908 0.495999902524188 0.550876581982991 0.515492778464691 0.481131931384562 0.496506240273114 0.528102789918147 0.470032457327025 0.491186242184697 0.454756702808274 0.527604400940376 0.46861036480387 0.55167593539824 0.44848408325759 0.506282169253201 0.462989219941799 0.563410538260242 0.573035309400819 0.505125241208313 0.576655436725251 0.565991958314317 0.552515802924793 0.549613501283497 0.548367078189932 0.539687931379268 0.551885612731154 0.495264102768119 0.47776203820104 0.445567586153838 0.507787613447687 0.501620991847986 0.554897265692243 0.513134147251332 0.477265618731782 0.553698872750765 0.585022409117182 0.473494281176388
"kirfel_ppl_textgruppe_IIA_col1" 0.548229027823334 0.5214993644582 0.518424457962494 0.495623429594502 0.498551102719388 0.524415836208541 0.509795935083748 0.522776968576663 0.517200801828043 0.521534622642494 0.543070037256723 0.510400639449245 0.500964396639706 0.492858359837795 0.523975121192681 0.511517929338674 0.507902643647225 0.543624685322734 0.517364343531294 0.474605498240814 0.534207066628534 0.526520824992592 0.537140300912 0.547789274531911 0.527392607764895 0.538417767842388 0.496402249633828 0.501951086685939 0.489565187402812 0.518863979023254 0.486619807887964 0.508540367404448 0.613547971914557 0.434849520544814 0.479566466613984 0.467720482443264 0 0.400245071515978 0.489564639175589 0.460166249458959 0.507081672752089 0.51298130562377 0.497833502034837 0.527775078864283 0.482164920776116 0.513967446811799 0.50309055423558 0.483855176847205 0.515350149512657 0.49803731881216 0.513708461307562 0.517113702788522 0.519297456723059 0.518989605021525 0.506275827899962 0.503377312711972 0.530580273927916 0.510467354774318 0.469904683238858 0.474416418947226 0.510860100308647 0.503849387496591 0.476303714763908 0.519925178023974 0.536456071521242 0.585874325959127 0.544444649150735 0.505168177980678 0.554613417410208 0.507819291420332 0.498214243962991 0.506599973822739 0.528274596376606 0.54186917692988 0.542294405398365 0.490906928463693 0.549159703199624 0.543606791179366 0.512393367848469 0.514083287141158 0.531532388384421 0.520701064815279 0.540262691645741 0.533225404892551 0.500991689020159 0.515058219423665 0.564461714110807 0.542968175306502 0.579301641174357 0.55989178515327 0.533944963054878 0.577464897339943 0.542707077777021 0.515497994712549 0.516907554730341 0.548263025420417 0.512892017951536 0.533385821806885 0.496335865410347 0.530920862987821 0.504243403941974 0.533736298162639 0.499413964717065 0.524571720571975 0.512900989430459 0.552908012783485 0.565817962294885 0.504457105751272 0.605313252846572 0.573869613140749 0.573304409211307 0.566446468721113 0.585140823489115 0.556417258058207 0.563862262405085 0.532555152173336 0.503928349038878 0.475679699990153 0.532309812323138 0.492418324278654 0.542376459940611 0.519957352441315 0.535013636847897 0.568058935826332 0.575619467576824 0.491920115480556
"kirfel_ppl_textgruppe_IIB_col1" 0.524873813019888 0.512711690008345 0.513717349188045 0.474670218335335 0.480607416410751 0.499631611793434 0.493890271145905 0.502531148101238 0.503249890222096 0.502347895506118 0.510915453412309 0.495880589948863 0.482359376525634 0.477258743387601 0.501212299186934 0.472837635811958 0.491465570237804 0.520548933993975 0.495139722532072 0.467558907149117 0.512934189841958 0.510676930338958 0.515693706440102 0.522662772663682 0.508930646951069 0.521886083010568 0.480392854530511 0.498555020432363 0.470764397178066 0.506169377394894 0.467462295139649 0.491632132882732 0.60456208982163 0.386000850983119 0.419066707515182 0.434440409853169 0.400245071515978 0 0.495811745810573 0.410957868126523 0.502345530742584 0.499322026157953 0.482569884189158 0.508058124216817 0.463333224245777 0.506615184976164 0.489562222398384 0.464419156880943 0.495244765523778 0.47887128897762 0.504313710318996 0.499871492130146 0.50672320037149 0.507344328764811 0.492251425591358 0.490088094341324 0.516233045633992 0.488876656580999 0.44504550274961 0.450398203980372 0.476161978121855 0.481971055620134 0.455165010665132 0.503154346838468 0.519552600955291 0.578093522052824 0.538713431601365 0.492746504965924 0.55391732433787 0.505613490469102 0.487462965554384 0.480513016695223 0.508092448372763 0.521078663215415 0.531515361081341 0.482622050015754 0.538987542165986 0.524549042475368 0.500628688097836 0.493857869888031 0.514713221837153 0.502122276842426 0.519229294363574 0.51490575946718 0.483425390541486 0.499931836658342 0.541007804040095 0.520458782404516 0.56754454713338 0.553715895525964 0.52396921669258 0.559482977329142 0.539163101066707 0.487437471170807 0.494545341138749 0.526068679478071 0.500727371561517 0.506025956255474 0.484964229345963 0.52064057717299 0.486843741190877 0.498760805716473 0.47872626303996 0.51288991657307 0.498509188825879 0.545981923965401 0.536777837183376 0.481931885444054 0.58944952957815 0.554484781595544 0.551037146893191 0.54377129167345 0.565209656269943 0.548837493325417 0.558529299073304 0.517444849427717 0.484082033566956 0.463899000146177 0.537961491750903 0.50442331452166 0.555421530667808 0.513122216307629 0.5216410151897 0.571036621160476 0.575905823075321 0.490803895735579
"kirfel_ppl_textgruppe_III_col1" 0.617490813802235 0.583342588340966 0.587432560581858 0.564946468135549 0.568973942047654 0.567663417659969 0.580191923748875 0.589789527476108 0.57720470617055 0.578841862302677 0.591103223679227 0.571105620318279 0.569141790723102 0.553147996235004 0.582206294586568 0.579363836167392 0.574511437322294 0.601612719562876 0.583309398016798 0.542624042702461 0.60027359125217 0.581950643165426 0.604487129856959 0.613553946343285 0.597973607300492 0.588889657648872 0.561548749821205 0.572107237239696 0.568931560314547 0.572767764743011 0.556134188054419 0.575146772445406 0.642609494825592 0.474187041142527 0.502755594305001 0.484962616279436 0.489564639175589 0.495811745810573 0 0.507300623368219 0.58295197660652 0.593495749427325 0.572230550672018 0.594615336797668 0.547322956445026 0.572063496188601 0.566055719498791 0.546942884990481 0.56763916581499 0.556416242374354 0.571116097762036 0.571779354301297 0.576912339881887 0.576147898341018 0.565860552617205 0.564620337069437 0.584130433226641 0.568551992287189 0.54579260516305 0.542825227128373 0.574751902010139 0.572994093885397 0.546047002243228 0.571631250591407 0.590853490043751 0.621429738707185 0.588158306432199 0.569648620736996 0.602451430249694 0.564319915393318 0.561653324383703 0.568829564822412 0.602138879521246 0.599273912072444 0.596200784981988 0.555723748805954 0.611482372330139 0.615872574046253 0.566514927621186 0.574562132611749 0.585786504301733 0.583633543421756 0.589606457414722 0.592026286796626 0.559998018081932 0.580211229097989 0.630764069447484 0.620596914155428 0.633878942872959 0.61687333178119 0.581374625295322 0.633283275611233 0.593559211387875 0.578445449797313 0.590053201272165 0.613822919574977 0.57369170332325 0.596144902035319 0.561723408575343 0.599873489218187 0.563437182956712 0.610457103179998 0.562646699203975 0.583684175395151 0.57573131814238 0.613960106277449 0.634739665766378 0.566778044632557 0.641110217633766 0.618919453731037 0.613987770856371 0.621327640532737 0.616197295365951 0.616147919415765 0.636288973431203 0.592926394400486 0.577325581696564 0.55174807405465 0.589545239045913 0.570030881035784 0.595648121814086 0.593096796509586 0.576620914399829 0.621253766805508 0.623235930975271 0.560314196933581
"kirfel_ppl_ungrouped_col1" 0.505876226440157 0.469619382861152 0.495276329057025 0.453475296238606 0.441064036756638 0.481539076967545 0.459694370361784 0.475106557017772 0.459737720035679 0.450229654832712 0.495516231106358 0.44789757097063 0.469145173738104 0.458450092763807 0.467433847621978 0.489889990553433 0.457483360368114 0.50891595957688 0.473757183728853 0.421190811223061 0.506462235985237 0.473793666477003 0.488491220018251 0.500401926412227 0.49663427447113 0.509268277410419 0.420870542081677 0.446945048177723 0.471749816973966 0.464103295428507 0.408684472825331 0.466761069346319 0.597654539733324 0.293237454429967 0.421417998337274 0.371339501026764 0.460166249458959 0.410957868126523 0.507300623368219 0 0.484633883777223 0.491921558798791 0.457236982588149 0.490293509679708 0.397648319166753 0.449206947690637 0.4222838639833 0.398964972685216 0.432003551475163 0.411938989572112 0.448193966688794 0.465617310904991 0.443464588658496 0.443128463779701 0.42330792354295 0.433185313944217 0.466673425598638 0.489767914513537 0.410844400456784 0.40627431134442 0.468359032389439 0.46740910458326 0.409833719217907 0.445242527875048 0.472878570183492 0.530869178665667 0.490237817807964 0.4600365769325 0.519455454747654 0.457985294048717 0.447920458920069 0.447132653724911 0.492684837608085 0.480981459534076 0.495312507652567 0.42364172296307 0.506762601666527 0.5339457798161 0.432409797622848 0.43545608899788 0.460640305507203 0.458141620743741 0.470561756781225 0.467378900251084 0.423925710137633 0.473737921181706 0.531567195200541 0.513470098273307 0.543489878492167 0.531679982858 0.486107416402352 0.555204731994783 0.508652882483048 0.469068919172361 0.490140003392035 0.524160700371687 0.46298638978156 0.485910635988914 0.445455450856339 0.513584630513596 0.450620844996559 0.538681453308636 0.428876067622121 0.492909401060147 0.442472793504697 0.555667124460454 0.561623102679508 0.485430616171766 0.583632693639171 0.561583421865152 0.538148804575418 0.542025382244561 0.50949021958615 0.548142276688853 0.540863441102783 0.490415157371841 0.470390527570258 0.430275743150918 0.503647468760516 0.490442218620284 0.543359989780488 0.49813233394 0.478061150028736 0.54954143377743 0.571308407344401 0.463478619698592
"kurmapurana_khanda-1_u" 0.377163558788506 0.370217612818498 0.386445510243238 0.374236372602959 0.358437076152588 0.424842769329943 0.33173057869885 0.351890289608104 0.331582964322966 0.350587384341601 0.463387614343572 0.367268230225607 0.382918691355476 0.369970473419523 0.325867143266559 0.397155459706433 0.305230998419936 0.341870350684988 0.296119818656852 0.333414927757696 0.359329748698296 0.307096525331064 0.33664338509676 0.358869918416031 0.386632044537844 0.383539952882951 0.356641729421533 0.37906525235233 0.402053151363562 0.402464381673402 0.356229134457683 0.306349541779202 0.538813131394227 0.462240961923524 0.540586818541115 0.493479604991099 0.507081672752089 0.502345530742584 0.58295197660652 0.484633883777223 0 0.251930205314193 0.266431937965178 0.314615845007867 0.370852145396116 0.41038622414662 0.403984401086077 0.365169076407809 0.420622030587253 0.394734598879834 0.424421009387332 0.433731416752733 0.425435857388054 0.426408067216759 0.411572807831842 0.409855388911549 0.435593750186935 0.453993775348892 0.36515932889689 0.366640748185797 0.405713099937432 0.422479837008596 0.378627850702305 0.434934672104921 0.45540254600904 0.546784709993205 0.479493850543033 0.330973650444232 0.415164168564061 0.373933108412195 0.322789839894965 0.322163447162545 0.326085642818578 0.3460142207863 0.393670984427168 0.327069420724415 0.350311800109226 0.393646707662621 0.387873620211384 0.39642146627664 0.404140719216233 0.394074600870862 0.414078362353466 0.412082283676275 0.370095183655577 0.264177555207448 0.406963064329859 0.411853046853974 0.410536227147116 0.431431335269303 0.323883654309234 0.402390305243515 0.357793333434502 0.310399247266122 0.314547309416107 0.385827447169954 0.346806352581946 0.323494320101455 0.344017268070484 0.35577747319812 0.324083946158773 0.432757138324648 0.307461959110253 0.354326336975932 0.285917729976625 0.460633740051745 0.482754924448769 0.373133062805924 0.466938959530358 0.485513793170044 0.478031395371807 0.471261926325598 0.484573661336463 0.422623473214761 0.431261586428277 0.341028341072365 0.318202769197863 0.351303312677329 0.430856132564452 0.355401828497793 0.45753156987923 0.406264803097925 0.415834131978107 0.451784834614592 0.500567481673618 0.338060047730511
"kurmapurana_khanda-2_u" 0.360047851041817 0.385077972706479 0.40293500979782 0.386997810700977 0.383728470518152 0.434795659522813 0.35785526634732 0.36687555542485 0.372788575223996 0.386147469777705 0.458776933210324 0.392240947748886 0.377807860657216 0.388041876071883 0.320237613757673 0.409952790811584 0.33137962154198 0.375691211279716 0.330697727086025 0.330544078595293 0.365996988529185 0.325281878820533 0.348868395339345 0.340814802956066 0.342813440344527 0.384048752469779 0.37997949516757 0.39809167661242 0.427414792065459 0.435000648308648 0.383066853790744 0.327302208666529 0.530596818378834 0.475393282373191 0.54555718844382 0.506677041030214 0.51298130562377 0.499322026157953 0.593495749427325 0.491921558798791 0.251930205314193 0 0.287315084068413 0.320559699778491 0.387836289055678 0.441584020406329 0.419756832513323 0.382947888978637 0.428876321948598 0.399935573917266 0.44031912461395 0.450075048637506 0.439664723645594 0.442009117244879 0.430465389580727 0.418274747700021 0.445855527908541 0.440731021948632 0.353545007881908 0.357282710526261 0.37839308573157 0.381603634706669 0.383248370511033 0.452318615921356 0.469544913781441 0.55343309744712 0.49899016367719 0.343309089787533 0.447988994977918 0.387419165141755 0.342049149461998 0.334031393656304 0.319285927600162 0.342337262997533 0.38974935281902 0.342564716659158 0.353090487815734 0.392093128652965 0.414499610526928 0.411466432866918 0.421427795886892 0.41955518357741 0.441255319024458 0.437779876955005 0.399486355471236 0.287574968955284 0.393981996816117 0.384692485664582 0.423462233104442 0.41931501412501 0.357808599170886 0.410668129697722 0.398911871269241 0.320082443572217 0.307739053076392 0.341005658364642 0.360803303515297 0.320234651715219 0.346922405044793 0.344476974288616 0.341068781147113 0.413031142545034 0.335120364842186 0.350299334093403 0.318955300011687 0.468488037927764 0.459483123309964 0.400426305301366 0.50477114843808 0.484441083811687 0.500865528981522 0.447983403885955 0.502823550784923 0.438204740921162 0.415563820586296 0.328967189932754 0.339759947251443 0.3459271980389 0.449489393366529 0.380785326507008 0.461062812313809 0.380814659530691 0.438393938862946 0.466997070271861 0.497635094828383 0.355745416389361
"lingapurana_khanda-1_u" 0.325043560506439 0.385693111963552 0.412898778312918 0.387431632564548 0.374065339292432 0.433556644221999 0.349088864525261 0.364437526950659 0.352362921451157 0.375097133535303 0.453517862206297 0.37592782888508 0.390660237692774 0.379861394579623 0.265545560899585 0.338940795520349 0.276607668971405 0.323070438069574 0.265124327792928 0.294145293337391 0.349045123480946 0.271743540266203 0.300153977131802 0.303004845501069 0.336110803684592 0.347652466390572 0.332605116386112 0.371880354786569 0.383737137787865 0.374677809245003 0.336044305944999 0.286594518228316 0.532677412998187 0.442150605579166 0.518883253929456 0.47396254166397 0.497833502034837 0.482569884189158 0.572230550672018 0.457236982588149 0.266431937965178 0.287315084068413 0 0.24018519196447 0.348817565088258 0.394583555635304 0.382291427210487 0.343024187059481 0.399788013956988 0.375013159985095 0.401100498337635 0.415470708007147 0.403445637233388 0.402348073294814 0.383666820227536 0.388442381829023 0.422037364717258 0.440554349417813 0.336642561595231 0.328164211904932 0.36988912983643 0.37313353245397 0.354014749985887 0.41530702828379 0.436767825445347 0.528892858580348 0.462127236277375 0.315485851413928 0.410642562380838 0.367596506203384 0.311000243593876 0.268469842892751 0.283146524048671 0.325653668131827 0.356912886185977 0.313700373991167 0.335170678557833 0.388982172602933 0.372207232793432 0.381101934445766 0.394024382555555 0.378664698692373 0.398866614942287 0.39472421426456 0.356512634442328 0.225973611847958 0.376000283230868 0.369450521732865 0.390623975179913 0.41901918842937 0.297662208357864 0.375397816369583 0.364534828973544 0.273983807022884 0.267429087621675 0.324667981094211 0.311825809231388 0.29770038671396 0.295306248841375 0.31348364018605 0.272505304029465 0.423524504672897 0.272655346194476 0.33762175124177 0.283613493071918 0.437823754476325 0.457278323494968 0.351961901430032 0.455678969192628 0.452730075540261 0.447891325822541 0.433214487169102 0.45708844260296 0.40319023926621 0.409542124325054 0.308490199545329 0.268396638200976 0.3346735568387 0.416518842713477 0.341879767790315 0.429736486199411 0.359404579990561 0.404178398272577 0.441226000541949 0.485110028904464 0.311541047715298
"lingapurana_khanda-2_u" 0.304397339151523 0.417306914238326 0.436259787731093 0.416408221918075 0.408620100049543 0.451386159943742 0.38792518488187 0.393421453779376 0.38783559046915 0.405055878193357 0.468250091094314 0.4113398293211 0.420932131045765 0.41573633649963 0.27845576645939 0.387083370816036 0.320271998759867 0.323151463437836 0.291710411782067 0.344289451027161 0.35181047771892 0.297455832401859 0.291420633756817 0.298041355135387 0.342365713289556 0.36029498957003 0.37485492753214 0.404536508628256 0.422791045169823 0.421432716231557 0.37721518590229 0.292709589078225 0.532602857557261 0.472969549634182 0.549961268924877 0.498896624684358 0.527775078864283 0.508058124216817 0.594615336797668 0.490293509679708 0.314615845007867 0.320559699778491 0.24018519196447 0 0.389329645188245 0.433601310939549 0.415904881992155 0.383491779538038 0.423981125882182 0.406570900380863 0.435937718038197 0.449928128111972 0.434850161407773 0.434520507487706 0.423497269373678 0.418612372523894 0.439872100553361 0.459261412467394 0.378126117497851 0.378430104964267 0.400943011202587 0.400636576326928 0.393285767254391 0.447664009127149 0.472508969877083 0.550626900692879 0.494909629367174 0.348592762991116 0.427901894950041 0.400404312558986 0.344702352608785 0.29495014961701 0.272093240934824 0.341744827547623 0.372681731056527 0.347611016963736 0.362523756474002 0.395497807741996 0.409138464889409 0.41495136880439 0.419686221513307 0.41394556893796 0.422622588868658 0.4287721937674 0.402113688902208 0.279293758874172 0.381536198028442 0.371252597077482 0.418466730630364 0.431067381880107 0.327491175434561 0.410337440256166 0.398555882877889 0.306309350705325 0.266383742343729 0.328204874553687 0.351143913584427 0.313302091899924 0.333813687241253 0.339630647627888 0.334270974253348 0.444328710461831 0.330857485983445 0.375847403629659 0.321453626607934 0.46832477119923 0.462957972035648 0.398676257647139 0.473557934880108 0.487527854073391 0.473507369528747 0.453959030800998 0.486207800329735 0.425749434358598 0.419565449303316 0.336661519941093 0.319721290224369 0.364491524374363 0.424394792374178 0.38490360136506 0.454072151637497 0.383830431853248 0.431481265419612 0.45961243121983 0.510444819530479 0.350541153082547
"mahabharata_01-adiparvan" 0.398884411534678 0.330531456282972 0.404026646547631 0.327701500904714 0.306208816012708 0.396175204965554 0.345263847245638 0.365323013838582 0.356207517378879 0.344258629700634 0.402447135622318 0.294786650467414 0.342375701881186 0.338878889637663 0.336302038843253 0.409376508012538 0.309592096726861 0.398319024223584 0.337430880497005 0.245585668632404 0.425098675837612 0.325066343910576 0.378317499451623 0.395199168490404 0.38679904704074 0.421930221810265 0.256750784707957 0.311942235070862 0.366568152507094 0.348314871313183 0.221563430355899 0.345995041051432 0.554119879484805 0.367323073125497 0.487874693613342 0.430009983099302 0.482164920776116 0.463333224245777 0.547322956445026 0.397648319166753 0.370852145396116 0.387836289055678 0.348817565088258 0.389329645188245 0 0.326000471667404 0.199148293164262 0.140439460497182 0.222170131154865 0.187889430267142 0.281762046877823 0.33286553254013 0.278507511056584 0.28483102065487 0.243845291617664 0.252716509871186 0.2882865236962 0.395930150985646 0.210919804148274 0.209334502830915 0.34440977822903 0.338666645913251 0.201318376433822 0.255186472361947 0.329476794269154 0.441289730753293 0.371952696660381 0.314966831433509 0.435652582179344 0.311155489992806 0.296291770754069 0.314352890754372 0.381462841216834 0.364362391655478 0.380269567683375 0.271139092183372 0.385253488234807 0.455668735066327 0.263092156894305 0.251707589909647 0.299917145681219 0.286828298463341 0.303686690941653 0.31312251675411 0.256252619676925 0.354678584041316 0.463344701229372 0.421929190227165 0.457477486909036 0.445740101109176 0.366313558540327 0.476555049524373 0.411080535137579 0.335222479864176 0.38370960216837 0.43502229108615 0.367265026610429 0.36429595340494 0.310341584929029 0.424690195460077 0.335482640124838 0.478532294999148 0.285795498535017 0.399384251095977 0.321192748419223 0.49229429956575 0.50665553566893 0.42042807461084 0.50716734756168 0.499782551630507 0.478366149443966 0.469228629576258 0.465797266348335 0.457682029096074 0.470893662735695 0.362236064374482 0.355465642998864 0.288106967941821 0.402608601680458 0.373985319054715 0.460573666605567 0.402428433354175 0.406833309431957 0.4664453377085 0.512440956408281 0.338892219221354
"mahabharata_02-appendix-21_sisupala" 0.439995356108814 0.405934658089756 0.461548982146554 0.407806023878882 0.394713130832768 0.453105489632487 0.411034039613273 0.431061887525747 0.40759862600071 0.411708036796494 0.46191349439198 0.365582997610312 0.422458505093448 0.411503574441499 0.400821538769973 0.470474711623712 0.385573006839712 0.423481965415095 0.390036553110511 0.353010333763353 0.470844881966727 0.405004260925255 0.41968729097495 0.440714222085462 0.453839901633767 0.460014297375181 0.318013571553528 0.35114902267014 0.399172624763961 0.343197995631539 0.298361587923612 0.406396890350272 0.575636234004885 0.439803998662839 0.519543133446483 0.481125455782099 0.513967446811799 0.506615184976164 0.572063496188601 0.449206947690637 0.41038622414662 0.441584020406329 0.394583555635304 0.433601310939549 0.326000471667404 0 0.332216732354741 0.31540491006105 0.359384103197142 0.344764937498505 0.347455579140092 0.388872715411042 0.355000911905765 0.357827769295615 0.328687140376692 0.35816969692327 0.394772381719193 0.464350127724154 0.353746034375235 0.33760469312838 0.42763158889112 0.417013269738912 0.3511829440795 0.38463174851152 0.38349186121597 0.506737725218476 0.435132647050325 0.418160954081408 0.458313239103549 0.426624051451645 0.400907531341213 0.382960093804179 0.431435073659528 0.434232747602568 0.440553243869301 0.352985067527789 0.438559270189108 0.491206446561348 0.35116742423086 0.376418202946797 0.380445405410165 0.360378816296749 0.378427097990674 0.360215194591538 0.34177221233048 0.410976467950018 0.491931040644717 0.465726558877984 0.495144463610542 0.503469504315544 0.41997463702513 0.50465673642667 0.444894894095088 0.409745611526198 0.441726369856694 0.487268220077739 0.409157499752402 0.421964685003886 0.387769659647234 0.471573533486916 0.393472032788729 0.511396667736482 0.346891258819866 0.45412512724768 0.374700624244992 0.528971635633577 0.547630101184008 0.457927254592384 0.51590214402557 0.538692021658274 0.506290113957012 0.524106502683478 0.512971811051917 0.494242685634205 0.506365932295505 0.42940997237883 0.408771008791605 0.376832320934321 0.440094885929607 0.436062407943202 0.506342357655828 0.464118384563882 0.460968104119906 0.499858452556167 0.556777241828465 0.41887188025197
"mahabharata_02-sabhaparvan" 0.422274238947435 0.35408219320775 0.426329850494173 0.362241256607329 0.344549909243885 0.417745127101091 0.375417905066519 0.390949402375627 0.380552007127866 0.381146494888712 0.420955542560031 0.321636694550026 0.366607733520273 0.371505424934791 0.368801843812233 0.435325927344715 0.352903826622627 0.422180631560327 0.372984055219736 0.300404914117801 0.452103174650307 0.363757702970668 0.40287684953712 0.420368903378559 0.410282986848911 0.444841389846603 0.286325193344338 0.334207054303392 0.382791345054893 0.358227993659377 0.249680269248533 0.382765059362239 0.565762543624805 0.398920651721891 0.509990077272645 0.455620012434618 0.50309055423558 0.489562222398384 0.566055719498791 0.4222838639833 0.403984401086077 0.419756832513323 0.382291427210487 0.415904881992155 0.199148293164262 0.332216732354741 0 0.188627276839487 0.22824357216473 0.178986630668324 0.27227272269457 0.348757350949131 0.275888242177398 0.277265534823043 0.241047764364041 0.268201621198017 0.291270225392729 0.420898770670871 0.23714245625243 0.241826869832178 0.369347075952368 0.352903278870785 0.236110060493256 0.248398467377696 0.347784468164373 0.433700330891132 0.362407545691653 0.358365274937975 0.451455895327555 0.361793685334313 0.34276967363997 0.344968339564623 0.410313889713621 0.396872690403329 0.414417047975327 0.314831978092843 0.4190381160559 0.479442852481743 0.308825507542778 0.288028528989123 0.339175225179198 0.315614467668544 0.337056457554361 0.334765098546912 0.2993076968888 0.387282315686323 0.482243637160656 0.443316810082616 0.484406297677762 0.475632934176468 0.4031308770067 0.500478379768972 0.439586629060933 0.374639144629682 0.413319326704763 0.46229481540198 0.396378191563007 0.392454796417825 0.344113481867728 0.451116081975676 0.37577152810218 0.499046301514065 0.322823558416949 0.4369730504547 0.357170705537779 0.511016272938385 0.524151213195855 0.446042650019798 0.524959043972015 0.51868587204779 0.495571120058254 0.492143737585345 0.483732941319894 0.474928319040038 0.493380888645436 0.39767797332086 0.389625634855291 0.320707084660743 0.431136395896501 0.408337165060569 0.483775246418728 0.426196988857314 0.441380769894583 0.483296662788448 0.526998413994043 0.378158134599479
"mahabharata_03-aranyakaparvan" 0.390536821662095 0.323704727212324 0.398034734799418 0.316920063264165 0.298155397597896 0.386531763624953 0.33538917146723 0.356862087496713 0.346155871224408 0.345198553060618 0.393309522443914 0.283665764032539 0.329204293572513 0.332169040773795 0.328412931891647 0.411887024529226 0.304651191285519 0.385325337135937 0.327489362837771 0.236906715632735 0.419676311759913 0.320038951525407 0.365832817809339 0.388473732443993 0.374373980791812 0.418941852903646 0.240074666398697 0.300580584096405 0.355035895056452 0.331758625434011 0.204906865060895 0.337215988563003 0.548706296315401 0.373377643299345 0.492293770872227 0.432290923595148 0.483855176847205 0.464419156880943 0.546942884990481 0.398964972685216 0.365169076407809 0.382947888978637 0.343024187059481 0.383491779538038 0.140439460497182 0.31540491006105 0.188627276839487 0 0.21074006553286 0.170509416863668 0.26378404406436 0.32195743531112 0.261583295915779 0.268592805289033 0.225631498187185 0.244370574691916 0.274087786585085 0.388991234070041 0.187749735652574 0.187470206460129 0.326317948767063 0.323067054693602 0.186275615802514 0.255114506379749 0.331703089145079 0.436812329470468 0.364169233833868 0.307159211049813 0.422367788939061 0.315076790296448 0.288893125908492 0.300890817576206 0.371753222120826 0.352800119590555 0.376121628406267 0.251859742763621 0.375139266926365 0.453163264914555 0.255488638841606 0.228532475829335 0.270031388058426 0.258068564945156 0.274523107989188 0.282668778757531 0.232791548030565 0.34483904577057 0.453627021764246 0.412894656263027 0.45072613119365 0.439109083143727 0.361907260773662 0.4715608249823 0.409092453281876 0.327105127312112 0.378156015143192 0.426986762600791 0.355234156154386 0.349952684113303 0.296929358799918 0.421699718129203 0.328200750443411 0.472597903817717 0.264621723296261 0.390884390348249 0.304999947042392 0.491898359896112 0.498616853306343 0.417328290720466 0.500564338011738 0.498339653306694 0.476801909161049 0.464495050741363 0.470694707522991 0.447537116190283 0.466292578432481 0.348284807755325 0.345461444745916 0.277664607533225 0.395973499987405 0.375063406956604 0.455242073361641 0.398955326583239 0.412277962843946 0.463432318400957 0.511389841387994 0.340614016895964
"mahabharata_04-virataparvan" 0.427501178779045 0.373103618576591 0.438899553011275 0.371474190446165 0.358960036192482 0.43041451709861 0.393960472656678 0.408514073750735 0.397916308017623 0.391479279153335 0.426156001717889 0.34050562985723 0.378760854382409 0.387139426775372 0.386034505948105 0.45363918487639 0.368734013288677 0.427379577447492 0.386542281958181 0.32116959820078 0.461345370015532 0.381979008701248 0.405846241867535 0.426218929322996 0.415073686108915 0.45575716574774 0.30239579730395 0.341242953399158 0.400772822336708 0.36146098062647 0.266129002004125 0.392459446240547 0.569177246778824 0.410478122285814 0.513884307591737 0.46180041623186 0.515350149512657 0.495244765523778 0.56763916581499 0.432003551475163 0.420622030587253 0.428876321948598 0.399788013956988 0.423981125882182 0.222170131154865 0.359384103197142 0.22824357216473 0.21074006553286 0 0.207333306725381 0.26074055168588 0.368152229879805 0.249668939690459 0.255180606875925 0.252720214137229 0.27144389403065 0.292118095894539 0.434180326592791 0.268061014128612 0.276638367659664 0.383826684451978 0.371748891389202 0.254744674006167 0.30066496011153 0.357229192558703 0.454971056040505 0.396911229005522 0.371234034920622 0.455707037272796 0.37173709611247 0.356580758504436 0.352905641014678 0.419991993676059 0.406711317732922 0.421636961668736 0.329409367338596 0.435720173051013 0.483773110395126 0.321996596051623 0.294164351745119 0.323947268992721 0.314410501675924 0.32454559502551 0.320277050360843 0.306780310306913 0.402096506874655 0.489253902912498 0.444892119634074 0.494681611454164 0.480833543046088 0.412913882767562 0.509939396164267 0.451002756246695 0.385288477758189 0.423548737985601 0.472812212619126 0.404548964123388 0.400507805764202 0.366595949010209 0.459341803366568 0.389564051978494 0.496682249051596 0.329991578269293 0.442841839645426 0.368845113771715 0.520777811276949 0.520441888151178 0.453607453724111 0.527968613298237 0.52305753081787 0.498734597355195 0.497203674101344 0.496491700790869 0.477307897025048 0.500246290435951 0.411003848016622 0.401209794192228 0.342314539458308 0.440724870301994 0.425238922159989 0.490208106286072 0.439087082393631 0.451176578160254 0.49232173178065 0.539005139489233 0.396926878145288
"mahabharata_05-udyogaparvan" 0.409182073673233 0.344248476209553 0.4167672148962 0.346124808963596 0.330122346103841 0.40842132071775 0.363170543849779 0.380424597735452 0.377270748217992 0.36981117090188 0.410425323788207 0.31833201514106 0.345042387558788 0.35813244639218 0.356576297703882 0.429160028830481 0.344071123508634 0.412783983879014 0.363622175161653 0.287031168779971 0.436311833809198 0.350142034141327 0.389993309060368 0.405369514707474 0.386508138681552 0.430493735923862 0.278934296966816 0.327243422332756 0.377392982167319 0.362951105927156 0.24466249162536 0.370636801240183 0.552362313375156 0.386072738085138 0.496682640218582 0.445624207583103 0.49803731881216 0.47887128897762 0.556416242374354 0.411938989572112 0.394734598879834 0.399935573917266 0.375013159985095 0.406570900380863 0.187889430267142 0.344764937498505 0.178986630668324 0.170509416863668 0.207333306725381 0 0.256324478951896 0.345716972477858 0.25954631994444 0.261617058561366 0.234025780664868 0.250372337903863 0.264523932449382 0.399400975209163 0.197647389994408 0.219112429173654 0.341519244340509 0.335728302468061 0.208187410863073 0.255060740676555 0.342366244340415 0.448331251328994 0.37482437188356 0.342074450936338 0.449529885518728 0.343399732123846 0.327002842816444 0.33741430605477 0.396437778182163 0.376152006816614 0.406903978170152 0.299282672750281 0.409153796143591 0.464876132219756 0.303999646362178 0.267641826868483 0.325067917428164 0.303451522048192 0.325828747667181 0.327323390282196 0.285479900225524 0.375047137977913 0.467020845024456 0.427286356310501 0.476222622509663 0.45986676088288 0.391030937483153 0.494460846905597 0.436189779881642 0.355177370847277 0.399000537611473 0.442741271508792 0.383134290928797 0.377434522405397 0.336184661771978 0.439150820196888 0.364082824464181 0.482409756312462 0.310345409998154 0.41879039733689 0.343922612007191 0.502183604520893 0.504309403434831 0.438871451461416 0.526965394133802 0.508418067349474 0.49190436513256 0.477699345492105 0.485198448007608 0.469644498852399 0.482854953930684 0.38455934168716 0.381239579514761 0.294539636538087 0.425658851164398 0.397833614476962 0.480442594572541 0.412681707178881 0.431418927103638 0.479870354385616 0.521414093958021 0.367104220003311
"mahabharata_06-bhismaparvan" 0.435210787046035 0.392762884681184 0.449598436394798 0.389929715658929 0.379189944919212 0.444223291767154 0.403833599959787 0.427876590551331 0.405817692590469 0.413223381426369 0.450722282659699 0.359104151792676 0.398181278869361 0.401818237038928 0.407159471094213 0.464071176385348 0.380763392534564 0.421644438088962 0.385637701896954 0.350716149700132 0.46970231083859 0.406657462604387 0.41994284964912 0.437145795265519 0.445455003230475 0.471220508647134 0.322064430442445 0.351587522915599 0.382622500126121 0.317938655799736 0.299496617103787 0.412105969603289 0.577704027805162 0.431091599559636 0.529353577579384 0.4718181356858 0.513708461307562 0.504313710318996 0.571116097762036 0.448193966688794 0.424421009387332 0.44031912461395 0.401100498337635 0.435937718038197 0.281762046877823 0.347455579140092 0.27227272269457 0.26378404406436 0.26074055168588 0.256324478951896 0 0.385874945638615 0.164737452330995 0.175968078785873 0.191715770943718 0.277793492504397 0.319162742089574 0.45144212422821 0.314223764303049 0.32073353393141 0.400626769327991 0.403738677522329 0.300438210571822 0.334280861165679 0.36632002907952 0.486071408647248 0.409364956626444 0.401869449166843 0.451157664127961 0.404754250110265 0.385972877052548 0.366098103491197 0.426035138021592 0.439221100076422 0.442829219771676 0.360221327993082 0.445827935316046 0.493433406611063 0.353785030067656 0.341048411174489 0.352012637511856 0.340209614314855 0.35579466125195 0.30632765811561 0.330681944260887 0.410753021015273 0.495750081935216 0.447312510364856 0.494155802053152 0.501335683868076 0.427747169336714 0.509423097739384 0.458112541359827 0.399187311853546 0.42718461015374 0.475047397029898 0.404213937696038 0.423442133697267 0.386553041601631 0.46396237669376 0.40689144090316 0.500513787418139 0.332910546781835 0.459798185095537 0.377945610594029 0.527270340940434 0.535287479006386 0.466915639647139 0.513197421110531 0.536452453876137 0.513269317800018 0.517782978843042 0.510906056167885 0.480963767909146 0.5110501351301 0.429347489677401 0.40674500518735 0.37363181231736 0.456799740097452 0.435935819595044 0.503719162875918 0.454554314716608 0.458509790156218 0.500269287452148 0.544803273714353 0.409925315141278
"mahabharata_07-appendix-08_sodasarajika" 0.45430071741426 0.411220790548025 0.462691810463538 0.407628984847415 0.382611849959705 0.46138928140873 0.417329768180298 0.428018670946426 0.421823376537704 0.414931407278053 0.470071272488403 0.384487513296829 0.418558563462601 0.406578301135317 0.413783083648603 0.45860430295395 0.407796839454016 0.453747724427933 0.415793016519915 0.352067436827574 0.479632656817378 0.414241503189609 0.4381947044237 0.461584025413498 0.450287587601246 0.48404236650037 0.359733209579538 0.403620396436007 0.418304926332526 0.398547809055115 0.350984564221888 0.424541368824076 0.582440274963077 0.44111962761787 0.528191410816179 0.479885035890383 0.517113702788522 0.499871492130146 0.571779354301297 0.465617310904991 0.433731416752733 0.450075048637506 0.415470708007147 0.449928128111972 0.33286553254013 0.388872715411042 0.348757350949131 0.32195743531112 0.368152229879805 0.345716972477858 0.385874945638615 0 0.380088835752883 0.378558041722161 0.362741362643691 0.361157299235595 0.395037637298639 0.44247546444375 0.325062753778613 0.32273846338829 0.405361138823586 0.398419495903732 0.337009551369615 0.376044702009014 0.423829002563993 0.505753520983274 0.445466770714099 0.414574598532062 0.485581102708259 0.409703801206476 0.400910462003491 0.396505426711711 0.439392313886342 0.439707801859616 0.449138369704828 0.380599299609273 0.449192903242463 0.505075229311999 0.366856315813232 0.373464439582202 0.402441115781119 0.380771314536714 0.402763884266015 0.400883791527054 0.36503254278611 0.428937421971897 0.503443134401491 0.469391507647393 0.498336432726007 0.49421289758218 0.441073063848146 0.515132078247504 0.463296056076933 0.416039032826133 0.444495483539626 0.483205148076926 0.429850051641826 0.436968322371288 0.386526225739205 0.489128435656652 0.411881643139855 0.51221404350488 0.370348315111822 0.456278361225097 0.408695243539753 0.51313683710003 0.536096222913112 0.475232305595098 0.526997698303052 0.537361901646377 0.511236669650704 0.499254069471193 0.51101863221442 0.485509883678347 0.511700753283326 0.434133430791476 0.414891580179535 0.385556483377738 0.452404203727093 0.433502937111984 0.507189355128274 0.453015161864695 0.46815331158864 0.527235414600888 0.552717047080757 0.418523238837232
"mahabharata_07-dronaparvan" 0.425658230963487 0.386178091073931 0.44377805625168 0.380320403849771 0.370702329450962 0.438436025230361 0.404577851518223 0.420756343477935 0.401967648419379 0.404307651804496 0.44144416564001 0.347550785949251 0.394027330399434 0.397625894918019 0.403650055132791 0.467717637190043 0.377771546584013 0.419377134552562 0.384535265718742 0.345481769398699 0.472380496483637 0.406587445245823 0.417425409143602 0.428716849916421 0.439541509605033 0.47040625625844 0.318392001200445 0.341220667984011 0.398975018868334 0.327375018448805 0.287636928753585 0.40325347292947 0.58008104443179 0.432209382317863 0.531568890812545 0.46739022714083 0.519297456723059 0.50672320037149 0.576912339881887 0.443464588658496 0.425435857388054 0.439664723645594 0.403445637233388 0.434850161407773 0.278507511056584 0.355000911905765 0.275888242177398 0.261583295915779 0.249668939690459 0.25954631994444 0.164737452330995 0.380088835752883 0 0.132968361659443 0.19306294988522 0.254950003942863 0.313409504872614 0.452781501772047 0.319719802005193 0.329843798699879 0.405722768032846 0.405849527453377 0.30388662956024 0.343371386711264 0.358841686560232 0.484441626029668 0.410124267339066 0.399480754741674 0.450279090905671 0.404492090180958 0.383826952630951 0.365023575769228 0.420839644519656 0.437312485357549 0.437907259183028 0.353159180658343 0.441485782325652 0.491861068655505 0.349888194342399 0.335392962177885 0.342547683971908 0.332136703591731 0.343860744333798 0.29241998965853 0.321538916528506 0.40847253240125 0.494477446162119 0.447641723293527 0.489936726667061 0.499120969984717 0.42721028720642 0.511396746996031 0.457993978722009 0.399856164307191 0.424621896303254 0.473329253971255 0.399243907411865 0.415845713962152 0.390227816295404 0.46667255685164 0.411293360511642 0.5056600035958 0.332852730944638 0.460644733077867 0.372324895148204 0.529544257971084 0.535884598149887 0.468104515155397 0.516654165539647 0.542680178631834 0.51620792432607 0.517170888141309 0.512576148290027 0.483796897744848 0.50544780950322 0.426945791800696 0.410184673854504 0.369265253460801 0.451929175810646 0.442615831004802 0.506235757674741 0.456711335245279 0.454650176808656 0.502929870012189 0.548473398201085 0.411473768844783
"mahabharata_08-karnaparvan" 0.42532437136637 0.392320862285562 0.450511085200497 0.387936910776422 0.374808886898297 0.442447511142756 0.405900195347885 0.423446792674356 0.403557634426233 0.408329259999814 0.447381154548048 0.353006263023033 0.400678829463828 0.401080924528007 0.402214270461841 0.469279092793647 0.378664138373718 0.42320179157631 0.387590720278707 0.349454120268011 0.470087415372039 0.40642559764287 0.417471631431431 0.428969371789919 0.439175321215617 0.471249455597499 0.319794467035963 0.347629462087085 0.399874378102325 0.332200992316636 0.297885700977337 0.405607910537831 0.573236095319964 0.43240881180598 0.528944773290473 0.466574971244901 0.518989605021525 0.507344328764811 0.576147898341018 0.443128463779701 0.426408067216759 0.442009117244879 0.402348073294814 0.434520507487706 0.28483102065487 0.357827769295615 0.277265534823043 0.268592805289033 0.255180606875925 0.261617058561366 0.175968078785873 0.378558041722161 0.132968361659443 0 0.196322718708036 0.261991310683539 0.314114657068673 0.45447735078496 0.320356506792146 0.332924754069686 0.408064493313693 0.406946940087303 0.306599031384832 0.343417930241363 0.364743157559316 0.486943258308916 0.409036520826152 0.398981269798527 0.449172529661949 0.404482635131764 0.384444354667443 0.364519411866814 0.421412000524181 0.439925363602925 0.437157724218056 0.356347645788914 0.44313210628675 0.494227794654979 0.358462516353529 0.34197963722328 0.351196869988511 0.340731952777531 0.352393277745886 0.305191222464305 0.331025201703118 0.411324298595404 0.497697810111344 0.446391665953522 0.49304684588313 0.498782732100189 0.426001570626145 0.514172185364635 0.456735358986417 0.400943263126365 0.427356216354532 0.47289243027057 0.401486670349794 0.418575477697866 0.385271044013681 0.468570457198024 0.414180506816855 0.508169335034446 0.337120970355622 0.460967267048978 0.372818369463902 0.529369329187107 0.537873917253886 0.464404026554234 0.513120904764192 0.541727170014312 0.513428210722254 0.52012092864001 0.512702844956705 0.481704961044259 0.50693038320103 0.425871415603827 0.410316383846323 0.373107062636079 0.4505370168039 0.441392966019451 0.505759412804866 0.455944628874835 0.457123969898087 0.500569822207265 0.544671248392822 0.41028783733286
"mahabharata_09-salyaparvan" 0.424004872165798 0.381636781693966 0.44399476424674 0.37766337748085 0.363461289210016 0.437364077648182 0.392848634937177 0.416440270431935 0.394855140020186 0.392471038205401 0.43776739337534 0.340816439749773 0.396001364282608 0.396020975806762 0.38391366357135 0.451285708007924 0.354280505691912 0.414680996418094 0.369381971742825 0.316830262725435 0.461764960921013 0.38336693058235 0.406970308877939 0.428953175512144 0.431953379073555 0.459477579283677 0.295285600914193 0.32926612194334 0.385980491971036 0.323458547908761 0.271800704906676 0.387196339637116 0.569519982721208 0.40652827919022 0.515101139518104 0.452869130975327 0.506275827899962 0.492251425591358 0.565860552617205 0.42330792354295 0.411572807831842 0.430465389580727 0.383666820227536 0.423497269373678 0.243845291617664 0.328687140376692 0.241047764364041 0.225631498187185 0.252720214137229 0.234025780664868 0.191715770943718 0.362741362643691 0.19306294988522 0.196322718708036 0 0.251334419088609 0.303730167059287 0.438102486255761 0.292623921609806 0.291131268768596 0.393416280062604 0.380851427917405 0.271765767845359 0.293827580155347 0.336021628540388 0.457491916101066 0.381096736923748 0.377614757126825 0.438669617943952 0.379214762178434 0.361371966946815 0.352060047347828 0.413411521994208 0.419354253395457 0.416322781501718 0.331573650037343 0.431480305902881 0.492930664909613 0.315076426537318 0.31824244864025 0.33410030538834 0.318824571039534 0.340472179029057 0.2987853819323 0.296233918168939 0.395993677374119 0.48916888699878 0.448261761196485 0.487835923044552 0.477170663273157 0.406805499047847 0.506371570154798 0.445194993666041 0.386741568807649 0.420034518052869 0.467792045376139 0.388187844111792 0.40892487977898 0.358598422743642 0.460183460202999 0.386358032622417 0.502036564629631 0.313268699113079 0.43447281279697 0.350307324970623 0.519786450736623 0.531292489344174 0.45923557630279 0.511063682515408 0.526944468935103 0.500372144788418 0.507980205987047 0.495236389342665 0.478001075552622 0.492882014993458 0.40660623405758 0.391181230123757 0.35405029010155 0.444935407472376 0.424022339698533 0.494033275280203 0.439883616269485 0.443537981516105 0.495374168702383 0.536381333545789 0.395298907132234
"mahabharata_10-sauptikaparvan" 0.418747590792275 0.372392438370016 0.433537024601234 0.369345056744366 0.357099131454857 0.42878704369351 0.390593579662784 0.405257005582203 0.399110272124181 0.396661236469944 0.427295373967675 0.344747235484306 0.386049334831672 0.391675500047702 0.384195315372057 0.4483423712722 0.365963881156454 0.41881058687123 0.374309039027554 0.326324437460146 0.454284837093999 0.384780485232546 0.40767618955985 0.425471649525978 0.418736903458112 0.453989432081284 0.308537855166051 0.346279574821402 0.398434133510743 0.355238812033723 0.279307992585631 0.388615034917789 0.569093595642996 0.418261936849877 0.516699379959182 0.460637012443958 0.503377312711972 0.490088094341324 0.564620337069437 0.433185313944217 0.409855388911549 0.418274747700021 0.388442381829023 0.418612372523894 0.252716509871186 0.35816969692327 0.268201621198017 0.244370574691916 0.27144389403065 0.250372337903863 0.277793492504397 0.361157299235595 0.254950003942863 0.261991310683539 0.251334419088609 0 0.294545920575125 0.421380464264574 0.282576448281614 0.293063779417548 0.371655440967598 0.374998322278573 0.274864852694671 0.327013606577494 0.354827134773155 0.465476788087745 0.399640519277802 0.375021844225197 0.448092318255624 0.384923576616351 0.362396256057715 0.357771088732013 0.415001669794365 0.410948321517966 0.430948557351465 0.335190383034753 0.421947815725745 0.479082973561169 0.330063282436747 0.316582035836984 0.337168505762123 0.320998566284949 0.337148262847556 0.326878272947587 0.312779343366865 0.393393160305863 0.481237595270664 0.438848108535214 0.48143626720614 0.477511117102623 0.408404198455547 0.499762937751483 0.448202161302677 0.38144747841191 0.412701779442941 0.458655780919056 0.400275934467467 0.400535058853103 0.36941092051344 0.45283007083231 0.386879687150049 0.492628779386684 0.323824611654866 0.439174309338599 0.363707987059916 0.509782224252537 0.515310882510269 0.453606325269909 0.525685588983974 0.520763788792342 0.49860002139632 0.492411127897455 0.50340878787629 0.476893177663731 0.492151107710339 0.410294259629126 0.395496021467079 0.340761149357925 0.436312944706058 0.421014181742263 0.497809197840715 0.43761600028413 0.448172761974661 0.497901365646079 0.541864577043828 0.39688938231751
"mahabharata_11-striparvan" 0.440724836348976 0.389594013855285 0.445014688198837 0.39069034434567 0.372800844895994 0.436801510242939 0.407569044610365 0.426002669473641 0.417849056001092 0.413166142081628 0.437998650118488 0.361504726667936 0.396760228122934 0.400030626338934 0.40293305432231 0.472870080513826 0.397502251437707 0.440773933865188 0.404904144457389 0.358655336472053 0.476001433019041 0.400870030611843 0.428414709625701 0.440319970171515 0.428112709079758 0.471093652844641 0.340874716246593 0.38348698647974 0.405517560632972 0.388707751600564 0.310102752063817 0.41961068141306 0.569120707270205 0.443776327273865 0.54109739149016 0.482161299975158 0.530580273927916 0.516233045633992 0.584130433226641 0.466673425598638 0.435593750186935 0.445855527908541 0.422037364717258 0.439872100553361 0.2882865236962 0.394772381719193 0.291270225392729 0.274087786585085 0.292118095894539 0.264523932449382 0.319162742089574 0.395037637298639 0.313409504872614 0.314114657068673 0.303730167059287 0.294545920575125 0 0.441573728175361 0.303256754852115 0.318837610138445 0.38563014752033 0.388187166742111 0.299734659022506 0.321977815379121 0.37844890613505 0.471268421684431 0.402959120380554 0.399005651908462 0.473630579621585 0.401039079134092 0.387350430153125 0.382255055741598 0.42946295905488 0.419884762679328 0.448936415326869 0.363891711018111 0.448223560122761 0.500214448226205 0.371811560220881 0.330830229427006 0.358787402630501 0.348707492037481 0.354580415999667 0.359958588153589 0.35530959255964 0.419836864710003 0.497938217808173 0.449628261668616 0.504623707599234 0.486302614716072 0.440153335319571 0.521927841897618 0.479674374476056 0.405234342501618 0.437605135466259 0.4834539785397 0.432716372923568 0.420559589490273 0.389144229650798 0.471318814575768 0.423175518608932 0.50417862277431 0.369229328919315 0.466505523905805 0.398520283426543 0.524058534809128 0.529696393018497 0.479918697861151 0.527635959056084 0.538326215530846 0.518256494416818 0.509456918641161 0.51746573703925 0.481576623733062 0.512750848629937 0.426293262578417 0.417941727022907 0.35910734481342 0.45118582611144 0.444847972893776 0.510858285411123 0.45498597335449 0.465546826164237 0.506702265661186 0.549167279744172 0.418387799944871
"mahabharata_12-appendix-29_moksadharma" 0.476717166248044 0.445079691934715 0.462204954200801 0.408314549734425 0.412505950518243 0.447618679083813 0.439552920882705 0.452811213760204 0.467783556606768 0.476613258293192 0.45827307886642 0.436311753628097 0.406982142358018 0.425313642508795 0.443353857666858 0.487656117014473 0.448286101844651 0.480454257151324 0.451472805819643 0.388473090372005 0.469576285169953 0.445033964761226 0.462922502177466 0.478390113549685 0.453786490494566 0.477513047924212 0.411439838523365 0.433762795009139 0.446804023607057 0.466876161021098 0.41166119653161 0.451485907493149 0.571492382411784 0.470778214539322 0.531974952383124 0.490585499468286 0.510467354774318 0.488876656580999 0.568551992287189 0.489767914513537 0.453993775348892 0.440731021948632 0.440554349417813 0.459261412467394 0.395930150985646 0.464350127724154 0.420898770670871 0.388991234070041 0.434180326592791 0.399400975209163 0.45144212422821 0.44247546444375 0.452781501772047 0.45447735078496 0.438102486255761 0.421380464264574 0.441573728175361 0 0.341112766737991 0.369691469238012 0.408236419718223 0.418809539639549 0.373846101414008 0.437747253066034 0.477222013133562 0.536848846349377 0.491079079015315 0.437135092920657 0.519562544356241 0.448849328976473 0.432930006171016 0.435885653407714 0.460796018050846 0.463814206766848 0.483505294035812 0.409537485449825 0.470117328594646 0.474971676051212 0.422492563368707 0.418950445976769 0.44540411393698 0.43652537653765 0.45308171162272 0.46131542265468 0.421095629478014 0.446007873219541 0.512437815899016 0.465021100463277 0.515470794569385 0.505759761658307 0.463837259711787 0.513178283252067 0.491751367054586 0.435374844410521 0.444823552617415 0.473955620891289 0.465587400917473 0.441128756894027 0.42395098400853 0.469112632425105 0.448049304508395 0.468412795955933 0.421999965662195 0.47158268350869 0.445545684581386 0.529581224043036 0.515661772885741 0.49011533484728 0.556184179047254 0.546520197631472 0.545798839944157 0.510226354356294 0.550286830849316 0.495826832978104 0.531761400740214 0.451220107725448 0.446511715019554 0.38206201368575 0.476729527418628 0.459531940900367 0.519209568073593 0.474962748594308 0.492074029532534 0.526717901047333 0.550617644869581 0.442269365061091
"mahabharata_12-santiparvan" 0.386078594299912 0.327510578656206 0.383482912388914 0.303919733699948 0.295643002776487 0.381324516183043 0.327607094306963 0.33842475495815 0.352825318492234 0.359703675437517 0.390728000761072 0.306430498856261 0.296168709826276 0.322972515972063 0.327896638946563 0.402269423139203 0.325893247416343 0.397608267171574 0.34270193528016 0.242266244249099 0.403449072094471 0.321359528422315 0.365324066245098 0.381846567752598 0.354676300245998 0.403619802102594 0.2797091188905 0.324040259617518 0.345181919187111 0.366654947577161 0.254533927452909 0.34925227962178 0.53677669663651 0.382250676320636 0.482573953319293 0.437221584630728 0.469904683238858 0.44504550274961 0.54579260516305 0.410844400456784 0.36515932889689 0.353545007881908 0.336642561595231 0.378126117497851 0.210919804148274 0.353746034375235 0.23714245625243 0.187749735652574 0.268061014128612 0.197647389994408 0.314223764303049 0.325062753778613 0.319719802005193 0.320356506792146 0.292623921609806 0.282576448281614 0.303256754852115 0.341112766737991 0 0.158023870706024 0.274732126484884 0.286657856412176 0.185211064724294 0.289291653035625 0.369532708962332 0.458857602475175 0.390461939352718 0.312219726849084 0.441280964040354 0.328330636378648 0.302356476765248 0.306259690745013 0.363730875426748 0.348173018383645 0.384845737858128 0.276875512483797 0.3841798912488 0.428281627715638 0.305375321629496 0.270721258226755 0.324800836360386 0.304020692613346 0.330739920727802 0.338509767790792 0.288694919184583 0.338884744668989 0.436316573923892 0.391290552332848 0.452190488675035 0.437975093763501 0.372854504963144 0.461352612135863 0.415955633629213 0.321466642955081 0.359347993785048 0.40065740839334 0.361422021182441 0.341137913269214 0.299014474289988 0.396769817419563 0.33926625753986 0.434707999274165 0.293139781322471 0.390457142884605 0.33214666879417 0.474587368594848 0.46935383063205 0.414483435153879 0.517044300625721 0.491920244134736 0.480093746690276 0.451137472159331 0.4812635388971 0.445648658979383 0.465558676435842 0.355423848718066 0.348814156998163 0.243918912070425 0.403569374628765 0.363865153884886 0.450085161820466 0.379119921072023 0.423386054248957 0.469129816692716 0.504549314162173 0.340029117909191
"mahabharata_13-anusasanaparvan" 0.386206612943103 0.337005109236697 0.399802683387009 0.320725967507946 0.309218925241855 0.393842472877151 0.335211424487496 0.358615604136652 0.355097811057182 0.3591110039329 0.402510713153192 0.312807258691132 0.325683323196911 0.333057344593693 0.319601177823777 0.39630235881035 0.326923708267519 0.39816979192188 0.34085614667098 0.228819505631022 0.414457060757969 0.321216735739803 0.35724942266303 0.381374680656717 0.356345526903448 0.405929681619243 0.263737594499493 0.331537400189619 0.343732755315023 0.355486936267933 0.247066184405548 0.341785276731914 0.537211166082046 0.374660635467813 0.481147531032538 0.434196418936813 0.474416418947226 0.450398203980372 0.542825227128373 0.40627431134442 0.366640748185797 0.357282710526261 0.328164211904932 0.378430104964267 0.209334502830915 0.33760469312838 0.241826869832178 0.187470206460129 0.276638367659664 0.219112429173654 0.32073353393141 0.32273846338829 0.329843798699879 0.332924754069686 0.291131268768596 0.293063779417548 0.318837610138445 0.369691469238012 0.158023870706024 0 0.291554572347184 0.270708338871371 0.213230282054807 0.285387010867145 0.368158664641434 0.458336896653963 0.381677278713456 0.314697335739763 0.436875723236747 0.330008065092823 0.302233312163611 0.3014727365795 0.365874815007633 0.347089382752033 0.371696310694766 0.27838998402946 0.378141978100693 0.447214503699556 0.296527975037734 0.279522636426925 0.329290007570318 0.311109769104285 0.338482598433246 0.345065763484791 0.286624455370265 0.339535891074638 0.437547770039421 0.40263131742137 0.452370468250881 0.42934660351263 0.37209728002256 0.463816255233554 0.414570302813316 0.320734444070468 0.376396607361119 0.40782374600345 0.356541444858573 0.347928338171981 0.284951805060207 0.411152158934392 0.321800255733623 0.457855267130103 0.285240820360448 0.383604133661501 0.322900464793389 0.476438871706576 0.485129509442918 0.412045216605618 0.509065994718173 0.488575312145182 0.471802623275013 0.438646079133824 0.475077607816968 0.451612142419392 0.45314868551255 0.342552718399806 0.336634487165429 0.254624848738647 0.403047487607987 0.365978275179305 0.444979065820971 0.379779278506941 0.426499875254637 0.4693783141984 0.506929611415788 0.33896378459832
"mahabharata_13-appendix-15_umamahesvara" 0.408958707222472 0.41270435461276 0.445236838208283 0.385321899636687 0.383436993211786 0.434225960147137 0.4069508189375 0.407687565329228 0.425570127774292 0.437206234814808 0.418960105030512 0.393718071563353 0.369758953945182 0.398277190689059 0.373718150525013 0.444840474684527 0.397010608962149 0.411963991010361 0.388362791776263 0.309625569958043 0.421996544612062 0.3705813273958 0.379049491320446 0.413215319266033 0.372401835553209 0.42895748995203 0.345962911582471 0.397917074599953 0.397771198886538 0.420549226186655 0.352243208925503 0.377024555374709 0.540312804299102 0.451290470981846 0.51701012148712 0.482998876869349 0.510860100308647 0.476161978121855 0.574751902010139 0.468359032389439 0.405713099937432 0.37839308573157 0.36988912983643 0.400943011202587 0.34440977822903 0.42763158889112 0.369347075952368 0.326317948767063 0.383826684451978 0.341519244340509 0.400626769327991 0.405361138823586 0.405722768032846 0.408064493313693 0.393416280062604 0.371655440967598 0.38563014752033 0.408236419718223 0.274732126484884 0.291554572347184 0 0.327578776180266 0.326520943662788 0.390763564782122 0.440899672504012 0.516982485587168 0.448960911944656 0.381574736106773 0.474283735497238 0.411119866825384 0.379396960396755 0.357323232643316 0.380880344592439 0.376656672442493 0.417673595857562 0.355818927932844 0.410320390486917 0.457057338848727 0.39204611808934 0.357903842005018 0.39194470230109 0.378008871674388 0.393456969752956 0.412379479422048 0.371491972274916 0.377988565551149 0.43925664515012 0.397964616829928 0.470045550837642 0.442215333903833 0.408228208082547 0.466891446941348 0.456208470675184 0.358539950311877 0.386155939583424 0.397334064946317 0.406184838349554 0.37600840541453 0.349707863811222 0.409047058645604 0.393526014475581 0.444928440270578 0.355502617671589 0.421834959938052 0.384534715589439 0.500933622297831 0.492339912292461 0.46289169450397 0.524499035042943 0.52237557445327 0.51246009962802 0.466708349332155 0.530589406891589 0.470878129719476 0.480777576240128 0.388948929992816 0.396828535776525 0.299327784733103 0.446530627283873 0.425879405366277 0.491678057580137 0.413861013399095 0.472691587670241 0.51702133480621 0.53840625167986 0.408663733042547
"mahabharata_14-appendix-04_vaisnavadharma" 0.393151639861824 0.413706197754025 0.446322359123036 0.389045560195078 0.38209866093697 0.441050297683897 0.408892971533353 0.4129173702052 0.419973482285304 0.432988267639496 0.432694959364459 0.390633993666096 0.381298744022702 0.386127918196982 0.358646208749053 0.440166626077517 0.400581863760904 0.438120799156931 0.399329958578275 0.302788990972731 0.441750843587689 0.384721458572977 0.384669026427307 0.403057794292814 0.352093207533289 0.42914492665857 0.358715819193185 0.402228674126125 0.409288604660398 0.424844394499267 0.352564429483701 0.377208263419812 0.536006696581605 0.442807570373478 0.50993104424904 0.473444760952554 0.503849387496591 0.481971055620134 0.572994093885397 0.46740910458326 0.422479837008596 0.381603634706669 0.37313353245397 0.400636576326928 0.338666645913251 0.417013269738912 0.352903278870785 0.323067054693602 0.371748891389202 0.335728302468061 0.403738677522329 0.398419495903732 0.405849527453377 0.406946940087303 0.380851427917405 0.374998322278573 0.388187166742111 0.418809539639549 0.286657856412176 0.270708338871371 0.327578776180266 0 0.322413173329259 0.383441611763059 0.43167641765014 0.505054065502658 0.444913611019976 0.379046902892854 0.479999951030181 0.405900760998944 0.37559925792634 0.350147912540169 0.385614165582847 0.383174740292985 0.400287072641244 0.347217840339238 0.417935506737541 0.478495101630706 0.391865103899534 0.381977090679545 0.413410825834589 0.395864879020844 0.414918479761358 0.421801063122378 0.382641932726512 0.379902950620995 0.438872727829781 0.40894271880761 0.495519494858414 0.450112475539531 0.429044923541705 0.49202966801799 0.468094558404412 0.375756593669285 0.404004098536046 0.420501798616828 0.408905906815334 0.384502982154448 0.331665874559307 0.43282581000035 0.394340777820419 0.481748371109346 0.365820313828575 0.420157985735125 0.38931672065549 0.499760570390216 0.488585421050536 0.456172977385986 0.530891618393173 0.515986129005187 0.506278547091817 0.456146221670979 0.514667359907509 0.484474270368942 0.474226417589905 0.381536866366098 0.386669654618253 0.306228487263338 0.443143961660117 0.43147361233816 0.470854580013837 0.397790126198111 0.46856535623087 0.50566029247518 0.531969046414942 0.396536361044113
"mahabharata_14-asvamedhikaparvan" 0.410923345614931 0.348230686048764 0.408697597580895 0.337179060847709 0.32301831232307 0.406503809921837 0.359514660980146 0.370719040722417 0.375249617489805 0.376343191218138 0.412007285220022 0.325763903771114 0.337974644743697 0.355986458386874 0.349282951983081 0.41730679776234 0.341124037461521 0.416822884918572 0.36345498179634 0.263744732359561 0.421756924286481 0.340578465695026 0.388978054972039 0.408884425535019 0.384033719429995 0.422125661635594 0.280770796235502 0.317957927051022 0.361206588119454 0.367868633652602 0.254769175077422 0.363108425542733 0.550316540852565 0.378271808018463 0.486583897720572 0.447394027577891 0.476303714763908 0.455165010665132 0.546047002243228 0.409833719217907 0.378627850702305 0.383248370511033 0.354014749985887 0.393285767254391 0.201318376433822 0.3511829440795 0.236110060493256 0.186275615802514 0.254744674006167 0.208187410863073 0.300438210571822 0.337009551369615 0.30388662956024 0.306599031384832 0.271765767845359 0.274864852694671 0.299734659022506 0.373846101414008 0.185211064724294 0.213230282054807 0.326520943662788 0.322413173329259 0 0.27035963727189 0.346548684722118 0.449533268868043 0.385342424291787 0.336913448346168 0.446947759859022 0.334171286940895 0.322286873613096 0.338210983393154 0.391216041728144 0.372020933735303 0.399759220286929 0.288506315409812 0.400930850616286 0.454686107305768 0.304252258568769 0.279883040955075 0.330150362807067 0.307439293701203 0.335522159220096 0.332749557635802 0.284023093770512 0.36422493205466 0.464783044604169 0.419251144551657 0.466622905782708 0.448554099271155 0.380268753135161 0.479722626054367 0.425334259740315 0.343140039986825 0.386308780526241 0.426056824850489 0.373017760300925 0.375961718512666 0.321867011308575 0.422430531651118 0.350980241266599 0.450095228264184 0.303103974876818 0.402855285173379 0.343014652130903 0.487729811311308 0.482075482270811 0.427862150187585 0.526826375018244 0.501964867994975 0.489289067387521 0.468814570345467 0.482964985014315 0.458874243293222 0.477507505184549 0.374949320707208 0.372173656352686 0.285790956636773 0.407064102432179 0.379558663237141 0.463106979738007 0.400860969588802 0.43430365224491 0.479534851523631 0.511828155376529 0.361456125913611
"mahabharata_15-asramavasikaparvan" 0.4639491278165 0.393411175810022 0.45713061786525 0.402040622448008 0.3837886484148 0.454048487398375 0.411474379627732 0.426971222114158 0.42321914981673 0.410985171781048 0.453567719781158 0.373927705036411 0.404579601841707 0.409297880679055 0.408572776506076 0.461642970238718 0.390497235312589 0.454161762108649 0.410603563994389 0.339928243363364 0.472436573265675 0.393776178551371 0.435954315321135 0.461503442589615 0.445826931461218 0.476030814961428 0.334513095332132 0.371734112324092 0.418852268907796 0.403990087275992 0.313228846540704 0.416832900520786 0.574970421114782 0.42025829305867 0.519770885252166 0.473362839712617 0.519925178023974 0.503154346838468 0.571631250591407 0.445242527875048 0.434934672104921 0.452318615921356 0.41530702828379 0.447664009127149 0.255186472361947 0.38463174851152 0.248398467377696 0.255114506379749 0.30066496011153 0.255060740676555 0.334280861165679 0.376044702009014 0.343371386711264 0.343417930241363 0.293827580155347 0.327013606577494 0.321977815379121 0.437747253066034 0.289291653035625 0.285387010867145 0.390763564782122 0.383441611763059 0.27035963727189 0 0.372103781403965 0.447676380745892 0.371343540485704 0.383288539278469 0.472595893800262 0.37825984788747 0.369711046457457 0.39062353258347 0.444857203512882 0.428879504117368 0.437347257971123 0.354355000310027 0.456781820479924 0.508651283687586 0.335236796424989 0.320625125627111 0.382198111387614 0.363778002656176 0.378408883719095 0.385439805853922 0.338563391437744 0.422841969503008 0.50925227304918 0.472640995231745 0.514389756442095 0.486181097792703 0.430577876517254 0.525502637934354 0.465764271897341 0.409230998270157 0.447769461694211 0.48625524733765 0.431727914593989 0.431024337678959 0.379528333979448 0.47891488176218 0.403569639402145 0.515878971136284 0.36363485007819 0.45242000892064 0.396386610273657 0.527465838887668 0.537622623937916 0.47595962104403 0.545410439971534 0.538125035901971 0.517132731681781 0.506310400177151 0.498087638063707 0.497800614937075 0.511292940178304 0.428791456818129 0.420786597646007 0.363058060748726 0.460948601914088 0.433189809253174 0.506615923117034 0.442852010307703 0.463416846030711 0.515159871105147 0.538067365435768 0.410902647315723
"mahabharata_16-mausalaparvan" 0.467490648280909 0.423069699265107 0.478985380535147 0.42684315676943 0.416942321872221 0.476734971513357 0.445033810622872 0.455664911929094 0.448601620838816 0.43850799259037 0.468042409754817 0.387898239918294 0.441446886014849 0.433694587047674 0.441777639376078 0.494810218744806 0.424452119664483 0.466550847771806 0.432069742590292 0.380416218355561 0.493909105543889 0.436749525111247 0.462589116162805 0.470369973228016 0.472797375036295 0.492331643270496 0.353371483195774 0.386540629862937 0.448789153134331 0.412736593806295 0.331839992190274 0.439325327323107 0.590362019210023 0.457690958987383 0.545231316673712 0.492353256289851 0.536456071521242 0.519552600955291 0.590853490043751 0.472878570183492 0.45540254600904 0.469544913781441 0.436767825445347 0.472508969877083 0.329476794269154 0.38349186121597 0.347784468164373 0.331703089145079 0.357229192558703 0.342366244340415 0.36632002907952 0.423829002563993 0.358841686560232 0.364743157559316 0.336021628540388 0.354827134773155 0.37844890613505 0.477222013133562 0.369532708962332 0.368158664641434 0.440899672504012 0.43167641765014 0.346548684722118 0.372103781403965 0 0.484048241014582 0.442295532120311 0.431218059825046 0.494230246180603 0.429377519294881 0.419170527210127 0.421062931174847 0.462675512668062 0.460537728197972 0.46036529243787 0.393804492456547 0.471624133646924 0.511596860160675 0.386867125896176 0.376668258760036 0.399052798883127 0.383268386382499 0.404032724978083 0.392873171037107 0.373456137606307 0.447682503978435 0.523412044069432 0.484671346881762 0.522275968965811 0.507245150690618 0.454940298034681 0.542583501521849 0.483252532426941 0.443372934782558 0.466584675131763 0.501956094948538 0.448380815822905 0.449811922251305 0.420569998366668 0.499721220261053 0.435753682003708 0.532954935385217 0.387916884363109 0.481762730538529 0.407805522108267 0.543313217109668 0.554651528687897 0.487624260575144 0.554285510990828 0.549579239818144 0.53873807464134 0.531737833728605 0.528263692846014 0.51274048391211 0.529123673166428 0.462377446291622 0.452320833235112 0.408350386154898 0.46921668308451 0.468432572531916 0.528986441072405 0.487826917117555 0.480240606894434 0.519313740631025 0.56065241746833 0.445978921088737
"mahabharata_17-mahaprasthanikaparvan" 0.568126040527752 0.526921138462475 0.560263905076151 0.525904872242433 0.517421138510226 0.560664728668303 0.535433581540267 0.535909818941445 0.543319028865233 0.536026906801272 0.564594595074071 0.51495130899892 0.532584531863376 0.534911871686301 0.527055483189514 0.573085376746247 0.527841383831722 0.571985350755845 0.54400950914511 0.487180189054049 0.566920428983433 0.526009698775621 0.556444272774686 0.56708132772436 0.550738413546509 0.570114569710154 0.479286001525329 0.504527196418821 0.537227813949153 0.524033593978147 0.471017078840254 0.536024736874256 0.625970285742022 0.533115558271172 0.599739789473602 0.555705615009742 0.585874325959127 0.578093522052824 0.621429738707185 0.530869178665667 0.546784709993205 0.55343309744712 0.528892858580348 0.550626900692879 0.441289730753293 0.506737725218476 0.433700330891132 0.436812329470468 0.454971056040505 0.448331251328994 0.486071408647248 0.505753520983274 0.484441626029668 0.486943258308916 0.457491916101066 0.465476788087745 0.471268421684431 0.536848846349377 0.458857602475175 0.458336896653963 0.516982485587168 0.505054065502658 0.449533268868043 0.447676380745892 0.484048241014582 0 0.461890886928707 0.523903975018849 0.57239194912139 0.515439719785542 0.515960912324064 0.526130903525066 0.558654884552345 0.53752623663291 0.547275894945356 0.489582891175902 0.56545707449891 0.604651640919691 0.477221777626637 0.472344081484666 0.502357599006866 0.487165083889531 0.507938686349657 0.505307953404488 0.482612417538545 0.54015190603002 0.59557007282157 0.574776909285295 0.609989156380001 0.564819161113192 0.538740161950611 0.616266700715721 0.552759381859678 0.536439675395025 0.549053016562117 0.579034287958206 0.538828387376552 0.551381651511604 0.502277775673037 0.57097874662035 0.524884081644733 0.589825699409549 0.509844073732974 0.539819238179349 0.519473095601593 0.591592296994488 0.603284302248322 0.561012486958536 0.62417726155314 0.608348316888527 0.601769537797904 0.58121952550592 0.573240962503619 0.588403181825115 0.580490568674399 0.537134876476407 0.542993828130486 0.501686865819169 0.543344038239427 0.537890801397717 0.577678798094296 0.554028247389192 0.576201891892372 0.593096788736911 0.602719037711419 0.534627240973897
"mahabharata_18-svargarohanaparvan" 0.505637425903203 0.459711213873489 0.501958919778306 0.466668912477555 0.4527180635288 0.509953851833435 0.471126976755789 0.481073564670932 0.478221735152038 0.478231745540434 0.506119312168455 0.450194287795801 0.47084738892089 0.469329134764665 0.465859644905392 0.507350689976892 0.457008013958345 0.500832840873806 0.467192186650031 0.416220470447481 0.508855428904258 0.460892545703498 0.479649072368307 0.507960555195745 0.494881581901464 0.513841198124545 0.409730377768387 0.44444326409572 0.460627305683571 0.449804094165146 0.397833109945736 0.470937153961814 0.583851118941871 0.46792273237278 0.549093254970277 0.514094615608013 0.544444649150735 0.538713431601365 0.588158306432199 0.490237817807964 0.479493850543033 0.49899016367719 0.462127236277375 0.494909629367174 0.371952696660381 0.435132647050325 0.362407545691653 0.364169233833868 0.396911229005522 0.37482437188356 0.409364956626444 0.445466770714099 0.410124267339066 0.409036520826152 0.381096736923748 0.399640519277802 0.402959120380554 0.491079079015315 0.390461939352718 0.381677278713456 0.448960911944656 0.444913611019976 0.385342424291787 0.371343540485704 0.442295532120311 0.461890886928707 0 0.454772977700889 0.516681799199449 0.462730964791644 0.447380199690601 0.452902885984272 0.491083275478618 0.481240703733212 0.482133549322458 0.425742172218589 0.500149843610605 0.548808571546365 0.419283276669481 0.418305664558204 0.445817631474467 0.432727810623626 0.448534354456664 0.447131145021505 0.415759427540214 0.474815377366574 0.542782161674425 0.51487802706984 0.55169509593714 0.522668700250858 0.484390305008081 0.55652907445478 0.512174687672352 0.464764686569586 0.498036426083222 0.526497702452565 0.478482151469221 0.483629628263869 0.430743854332688 0.519385824625323 0.4564609154089 0.546070610940859 0.428490539654119 0.48750684575197 0.456960873924066 0.550149835522431 0.566756682597585 0.509949805172039 0.560147308151443 0.561275454518034 0.543162783760817 0.545648920311819 0.536066989250879 0.526653545403212 0.53271077475359 0.473601873671802 0.468665136121485 0.43636294171141 0.496796601240839 0.48889459859441 0.533882142277898 0.496272382355701 0.525168672675087 0.553595511207933 0.576478473406648 0.479815397400601
"markandeyapurana_adhyaya-1-80_u" 0.349642199590706 0.344094914698619 0.389343199100342 0.357883037976084 0.34411142203204 0.413273633504005 0.319041731049388 0.332276410075219 0.337090378783638 0.323056446288912 0.418246017927881 0.342454093243986 0.365589991418231 0.36639625429445 0.289090297297603 0.371023808092137 0.269036442909335 0.332441244630542 0.273160292930373 0.296152862117906 0.361632100787761 0.2757727143565 0.311736835569966 0.325886382099447 0.309784560262533 0.381240936119441 0.33956145676345 0.391865361154941 0.425550057179265 0.41911007897502 0.318649891197259 0.273163305978535 0.548529691686018 0.429532408295926 0.521978141831918 0.472976860681096 0.505168177980678 0.492746504965924 0.569648620736996 0.4600365769325 0.330973650444232 0.343309089787533 0.315485851413928 0.348592762991116 0.314966831433509 0.418160954081408 0.358365274937975 0.307159211049813 0.371234034920622 0.342074450936338 0.401869449166843 0.414574598532062 0.399480754741674 0.398981269798527 0.377614757126825 0.375021844225197 0.399005651908462 0.437135092920657 0.312219726849084 0.314697335739763 0.381574736106773 0.379046902892854 0.336913448346168 0.383288539278469 0.431218059825046 0.523903975018849 0.454772977700889 0 0.375175928390367 0.251279098923933 0.103877062444253 0.259800642714147 0.309577579241667 0.305055126760297 0.358844657338644 0.30144980958907 0.342085186802542 0.399151044040546 0.373056435897512 0.344548788026848 0.381576351800848 0.374657877025914 0.383856746307223 0.406198358374764 0.356898447137479 0.304865624250396 0.409441397706915 0.395793495896933 0.402786765488108 0.414855927293958 0.328517785707377 0.427544921177799 0.392983274486285 0.284194287925537 0.329441054067788 0.387970167932172 0.350153331657767 0.282532700362233 0.306603248559831 0.377098615708823 0.317027083583598 0.449959758663762 0.293431708341274 0.352977318328487 0.282259802485177 0.454656139800097 0.465647624440283 0.381356238870712 0.460218804391715 0.461998712219111 0.441113603356423 0.431570935678189 0.436397254717388 0.411355319358673 0.421347046275379 0.305356597593578 0.284140703987791 0.316967747733387 0.422626057371486 0.323097858308856 0.409140685947706 0.336786251367069 0.370084207142782 0.426254935389947 0.475055383112236 0.269888552474326
"markandeyapurana_adhyaya-81-93_devimahatmya_u" 0.445092417688222 0.452726664169591 0.480524514377486 0.460138603636487 0.458046692805798 0.496958457783394 0.420325204944629 0.437806352636612 0.418107242018785 0.443098551841835 0.493706767091304 0.442082326760671 0.465196201257938 0.465811165789543 0.403353027354997 0.454780814445049 0.387771748920158 0.378897148060341 0.365587002975404 0.420056896552185 0.438347656569141 0.386377004278981 0.393295592231353 0.429448595284969 0.43748584525365 0.456966356194636 0.41473067347359 0.447483256799831 0.482216346130989 0.434650286950328 0.406217077342872 0.376387631043384 0.578848762630548 0.502977806914637 0.568640687650288 0.525825926716358 0.554613417410208 0.55391732433787 0.602451430249694 0.519455454747654 0.415164168564061 0.447988994977918 0.410642562380838 0.427901894950041 0.435652582179344 0.458313239103549 0.451455895327555 0.422367788939061 0.455707037272796 0.449529885518728 0.451157664127961 0.485581102708259 0.450279090905671 0.449172529661949 0.438669617943952 0.448092318255624 0.473630579621585 0.519562544356241 0.441280964040354 0.436875723236747 0.474283735497238 0.479999951030181 0.446947759859022 0.472595893800262 0.494230246180603 0.57239194912139 0.516681799199449 0.375175928390367 0 0.395569018259451 0.334254662990252 0.378056579725298 0.413450205064328 0.427580924236904 0.452627658557478 0.421924681343908 0.44912149575236 0.48717343053018 0.462598374264482 0.459067179750144 0.454521074663691 0.460684230617948 0.455371637059681 0.448007264112003 0.442303077704615 0.401944124558034 0.489973951937636 0.497102001869239 0.481144421508798 0.495307328515776 0.401871205792643 0.501847690334468 0.457169163663951 0.385250938920058 0.427802048476769 0.477759912246708 0.416379845563272 0.405555789583837 0.420324060751959 0.463508440771001 0.409378402385994 0.519468215857334 0.372639192234725 0.452185729096761 0.369107146952118 0.517483533128577 0.540435016493205 0.463618188223478 0.509924764125753 0.527533827210731 0.49674501182422 0.515101862200877 0.505716336513701 0.470617264020198 0.483295848352205 0.403536136557757 0.402472248276804 0.429440773192569 0.484011531552641 0.423564325682369 0.491235406001024 0.441333518055619 0.461199657184329 0.479622573953958 0.539887066017688 0.400573113960968
"markandeyapurana_adhyaya-94-141_u" 0.41682410838735 0.366524172735549 0.4091329917873 0.387909223601344 0.368976973226586 0.44627196395613 0.366845851769676 0.377087319402027 0.376007206463742 0.357969901885985 0.441808755483493 0.367089699426604 0.397080844349562 0.389360723966478 0.339564871818598 0.413917309131363 0.317782177335411 0.396363491133851 0.340358775745534 0.322400707917811 0.406913491501415 0.325353987813363 0.377335917682152 0.39108423970125 0.37692667247433 0.425826700517272 0.359610296336935 0.392903152759612 0.439706762297277 0.430868115334147 0.339119653828561 0.334475097217556 0.562509150447392 0.4302454008348 0.526471959607122 0.473859837664655 0.507819291420332 0.505613490469102 0.564319915393318 0.457985294048717 0.373933108412195 0.387419165141755 0.367596506203384 0.400404312558986 0.311155489992806 0.426624051451645 0.361793685334313 0.315076790296448 0.37173709611247 0.343399732123846 0.404754250110265 0.409703801206476 0.404492090180958 0.404482635131764 0.379214762178434 0.384923576616351 0.401039079134092 0.448849328976473 0.328330636378648 0.330008065092823 0.411119866825384 0.405900760998944 0.334171286940895 0.37825984788747 0.429377519294881 0.515439719785542 0.462730964791644 0.251279098923933 0.395569018259451 0 0.186093892144776 0.337581852005762 0.376656775631837 0.35192790390897 0.3897298956674 0.320800066761059 0.393263854665202 0.449210504276096 0.370577681511967 0.353707876616957 0.385877408341972 0.38376829837783 0.395991555866242 0.411958682148891 0.355779587247321 0.356802630677131 0.456901748490765 0.442371567000582 0.455434240669033 0.438727797377345 0.365137438589966 0.479224175194765 0.405091065893547 0.338384477646246 0.381074605646088 0.436944446489483 0.373336604322461 0.356947218184473 0.343126093665872 0.421778976073777 0.354390483740861 0.47084510743189 0.318974194302027 0.391595458752051 0.335178303267907 0.488659509046148 0.503799609058439 0.42272097033231 0.507622834423716 0.491756617603026 0.48266088045395 0.472239898578084 0.457486675156001 0.451491597711949 0.464742203011409 0.346638631398453 0.35883662486865 0.34224980788471 0.426773551646252 0.346820438574761 0.438023783210981 0.389506665547802 0.407401915109555 0.456964009100088 0.491500672339702 0.322358329832887
"markandeyapurana" 0.354016935147622 0.338353349902833 0.384920320587758 0.352856394437788 0.337369232818507 0.409891338919763 0.314792296533182 0.330632991066443 0.328335630770639 0.319330781389217 0.415038384186315 0.332425232277555 0.363742718576296 0.359254917147711 0.280563794824745 0.368601206713013 0.259323748309152 0.326331743611898 0.264744838872218 0.283322202050843 0.357582460942202 0.263240346784493 0.30725378558247 0.328402995341862 0.317499465895065 0.379570139252324 0.323704875639253 0.375384594382164 0.412876198878733 0.40187183272694 0.299192414406556 0.264079848925938 0.544435258229101 0.41870877395522 0.515660761250513 0.462628594860165 0.498214243962991 0.487462965554384 0.561653324383703 0.447920458920069 0.322789839894965 0.342049149461998 0.311000243593876 0.344702352608785 0.296291770754069 0.400907531341213 0.34276967363997 0.288893125908492 0.356580758504436 0.327002842816444 0.385972877052548 0.400910462003491 0.383826952630951 0.384444354667443 0.361371966946815 0.362396256057715 0.387350430153125 0.432930006171016 0.302356476765248 0.302233312163611 0.379396960396755 0.37559925792634 0.322286873613096 0.369711046457457 0.419170527210127 0.515960912324064 0.447380199690601 0.103877062444253 0.334254662990252 0.186093892144776 0 0.25473187845148 0.310400484362789 0.300701532623994 0.351749861752274 0.286962487317351 0.337354015206222 0.40271052988985 0.357939243635188 0.335262510745259 0.36696593516384 0.362905379523783 0.372320962703609 0.391162360775215 0.338312192575991 0.296722141475599 0.410664542872262 0.399091915740764 0.402141650190597 0.411331010322808 0.316724237290708 0.43070340236019 0.38048389777229 0.273693650304781 0.328452069481802 0.390804975402664 0.334305554379121 0.283192733205692 0.296567720475444 0.378686052361219 0.306208988911522 0.448776680362411 0.270625026089323 0.35031886357264 0.27054383626962 0.456537234921538 0.470008067797105 0.380886038008773 0.463165287955689 0.462819247345716 0.440863879310655 0.435310330694481 0.431988217772885 0.408405574289657 0.421737900083047 0.293709170128429 0.28563290792914 0.304858466843469 0.409599190842302 0.31039657191402 0.40701394226612 0.336339390101623 0.367227154741623 0.41971951774077 0.474100167612416 0.260510204236269
"matsyapurana_pu" 0.277893605123564 0.342828070820728 0.390055754173738 0.36255944811343 0.343602770932801 0.393613809612056 0.318069593992122 0.331376616976947 0.313083709630025 0.336264100333933 0.41736109783352 0.332432996095746 0.36489114652402 0.348650365317844 0.23900928510573 0.337234714075446 0.262427303200769 0.272313816090521 0.22072198436452 0.280306834719638 0.356100880919941 0.270177166507824 0.252220080575036 0.273632692821403 0.293920453347017 0.360349014860429 0.309639468703171 0.372246013915895 0.383850283858772 0.348756406202334 0.288703023035935 0.246492180416153 0.529255481978946 0.425159853044053 0.512636430701422 0.453911152406653 0.506599973822739 0.480513016695223 0.568829564822412 0.447132653724911 0.322163447162545 0.334031393656304 0.268469842892751 0.29495014961701 0.314352890754372 0.382960093804179 0.344968339564623 0.300890817576206 0.352905641014678 0.33741430605477 0.366098103491197 0.396505426711711 0.365023575769228 0.364519411866814 0.352060047347828 0.357771088732013 0.382255055741598 0.435885653407714 0.306259690745013 0.3014727365795 0.357323232643316 0.350147912540169 0.338210983393154 0.39062353258347 0.421062931174847 0.526130903525066 0.452902885984272 0.259800642714147 0.378056579725298 0.337581852005762 0.25473187845148 0 0.247581963485969 0.31196890280031 0.317657807368644 0.30942204543627 0.318939550960167 0.38750855364507 0.365656143552612 0.355800110522075 0.367738916349122 0.351971763761312 0.364026800460436 0.368726724051022 0.341804375678181 0.263033678996283 0.375806378129292 0.352998904681462 0.376697499983625 0.411729741476533 0.321660984700633 0.39531085331749 0.393843996912841 0.261483996157986 0.294747198057537 0.350618748112 0.311175980688597 0.262389284493974 0.285554037158851 0.362796969092293 0.297858335989145 0.435402230021187 0.239698215300565 0.363991943103251 0.254927737608246 0.439471582011417 0.457545891508488 0.363304660023997 0.417476019738421 0.443766188151264 0.416597603571567 0.408420530329668 0.428564499952874 0.380566173746174 0.407262342536018 0.297055712170105 0.228907870496685 0.314851670172707 0.409037157400741 0.339562940622109 0.424253429902292 0.350861459329629 0.381984290560804 0.426763719787185 0.495845865793919 0.291515231695187
"naradapurana_khanda-1_u" 0.235948757800821 0.369293854978526 0.398949936781968 0.379737646225476 0.363809490156781 0.422753444165555 0.345693679929251 0.351287896895579 0.348488530738913 0.364989869364123 0.437982434594339 0.362737376987606 0.379775464304333 0.371866607398244 0.23404357680082 0.380628186551058 0.281441046568452 0.278695033958735 0.245132534200577 0.320966706244109 0.338552275630048 0.280422914122662 0.268600869407765 0.23728914162461 0.295031316477179 0.351887488305981 0.358553265565933 0.403420275366446 0.421949484638437 0.416051408063507 0.358055010153426 0.264626916896424 0.523130357664772 0.475401182984687 0.555209625716873 0.494167334862929 0.528274596376606 0.508092448372763 0.602138879521246 0.492684837608085 0.326085642818578 0.319285927600162 0.283146524048671 0.272093240934824 0.381462841216834 0.431435073659528 0.410313889713621 0.371753222120826 0.419991993676059 0.396437778182163 0.426035138021592 0.439392313886342 0.420839644519656 0.421412000524181 0.413411521994208 0.415001669794365 0.42946295905488 0.460796018050846 0.363730875426748 0.365874815007633 0.380880344592439 0.385614165582847 0.391216041728144 0.444857203512882 0.462675512668062 0.558654884552345 0.491083275478618 0.309577579241667 0.413450205064328 0.376656775631837 0.310400484362789 0.247581963485969 0 0.294611734376728 0.35875151020306 0.331183854311954 0.312306683899768 0.364256779354396 0.409489295411792 0.397924520518655 0.406410532993501 0.403411346875224 0.407979730706512 0.414945869371879 0.393652942489975 0.276337358091887 0.357836918825846 0.342925445772915 0.379010754672745 0.428132786992092 0.336123152390613 0.398327208650494 0.407228005156062 0.281981339605374 0.271333329741684 0.31058439328766 0.337337468433836 0.259141208225637 0.333880995644549 0.342785887289721 0.350039733373943 0.42844079080698 0.318797142809012 0.389215756116037 0.289364326017588 0.472339607867167 0.46860073149814 0.40709531698262 0.447480294414229 0.486950551682951 0.466165119813003 0.438722248865429 0.478155109828137 0.405408762671824 0.39337956520163 0.318612448120884 0.290493669982846 0.329204598374715 0.430300444105432 0.376346022211267 0.441048516720692 0.353357434601414 0.39883560405293 0.450200743607863 0.49655890611137 0.318633442532172
"naradapurana_khanda-2_u" 0.350379430313625 0.380370884703762 0.417796968919384 0.38449923364124 0.370031779381317 0.43966956383281 0.362136040483046 0.364833957308504 0.368128922240551 0.367124277004731 0.440459734768998 0.376344479955122 0.392986425118346 0.405004859635372 0.264833297738075 0.422195398339527 0.306618079566956 0.356337602897124 0.313609610050972 0.305659413184483 0.378401919035267 0.26150244001178 0.317359431102255 0.34412647597442 0.310941822675048 0.361127661805779 0.349692798918958 0.40111733645353 0.443537932398454 0.445399158557831 0.348787756721892 0.305449742553411 0.534931756449432 0.463451964965103 0.552954750798432 0.492119487146608 0.54186917692988 0.521078663215415 0.599273912072444 0.480981459534076 0.3460142207863 0.342337262997533 0.325653668131827 0.341744827547623 0.364362391655478 0.434232747602568 0.396872690403329 0.352800119590555 0.406711317732922 0.376152006816614 0.439221100076422 0.439707801859616 0.437312485357549 0.439925363602925 0.419354253395457 0.410948321517966 0.419884762679328 0.463814206766848 0.348173018383645 0.347089382752033 0.376656672442493 0.383174740292985 0.372020933735303 0.428879504117368 0.460537728197972 0.53752623663291 0.481240703733212 0.305055126760297 0.427580924236904 0.35192790390897 0.300701532623994 0.31196890280031 0.294611734376728 0 0.367904325252729 0.313623270649969 0.330846969760346 0.420718534331541 0.3922984183017 0.35634343991522 0.385400118533411 0.389785481656291 0.394465243988381 0.421138998145856 0.370487389149985 0.308377014482712 0.414068749715108 0.406796141964873 0.414528430742427 0.41788846542518 0.319457183549079 0.442525446550684 0.408153309361479 0.308686605877577 0.346827121955538 0.371476417214229 0.361860374186261 0.286284655708618 0.326390279661319 0.377601685241487 0.350746621198024 0.459694236064183 0.334999314664565 0.378727919788891 0.294816573844387 0.497346866524113 0.48418956840564 0.431420144717705 0.494276662391583 0.504881199955469 0.492383186611619 0.461964233920515 0.488431399385632 0.446314165666049 0.408446223067998 0.310077244797174 0.344011783892114 0.32820115308152 0.44174825004084 0.383362178007512 0.458335261685645 0.373956681996976 0.422103225608365 0.464879701119682 0.507241096422179 0.345134543742438
"nilamatapurana_au" 0.384820967629249 0.429946633968756 0.461327372442783 0.442384876181476 0.426037430623768 0.47518565397824 0.414938147006302 0.424010453794468 0.409220716815839 0.41856426163235 0.474056177622057 0.41684242361965 0.445406849338568 0.43547215426956 0.322288204548275 0.430949775649958 0.367985374432167 0.398598517575603 0.363379213134963 0.328248908836244 0.415652127425813 0.339574003011341 0.344940228560183 0.380229969240292 0.379837068963317 0.406590797530912 0.370564131260456 0.416248358423497 0.461337729655115 0.442494391034414 0.378325514800042 0.326893939054386 0.542959682354422 0.475716019533959 0.54894308715424 0.497837466539355 0.542294405398365 0.531515361081341 0.596200784981988 0.495312507652567 0.393670984427168 0.38974935281902 0.356912886185977 0.372681731056527 0.380269567683375 0.440553243869301 0.414417047975327 0.376121628406267 0.421636961668736 0.406903978170152 0.442829219771676 0.449138369704828 0.437907259183028 0.437157724218056 0.416322781501718 0.430948557351465 0.448936415326869 0.483505294035812 0.384845737858128 0.371696310694766 0.417673595857562 0.400287072641244 0.399759220286929 0.437347257971123 0.46036529243787 0.547275894945356 0.482133549322458 0.358844657338644 0.452627658557478 0.3897298956674 0.351749861752274 0.317657807368644 0.35875151020306 0.367904325252729 0 0.363331074588324 0.394893611034819 0.462856957000615 0.413688455960913 0.410059083543469 0.42340037600657 0.416940643965875 0.430241504391254 0.440040994268944 0.400123244861312 0.354465738103563 0.429130749154209 0.427905845115207 0.46677604979759 0.411834835901451 0.376613965254696 0.473431144906848 0.422608084885674 0.359599852613131 0.382935668723005 0.409458402818954 0.373488158691271 0.349858431000849 0.335861192088716 0.431596456227294 0.370661059690502 0.48666146470303 0.33631641733105 0.391330482454667 0.344511001976895 0.509917199144719 0.517080966569106 0.449407534509092 0.483566089418645 0.511234141083983 0.493601884451099 0.460838199672544 0.499116276613538 0.466996509320827 0.439724695748392 0.340546495368491 0.361224912571016 0.38164693967271 0.438490733675078 0.423560328551318 0.483018604542705 0.420932268374133 0.458483942666144 0.496782660869488 0.545731807404786 0.39279249948988
"nrsimhapurana_pu" 0.361039003089882 0.35326157814159 0.391944668604803 0.332666338899668 0.316026028027947 0.392378183982724 0.340347107716583 0.357167446318676 0.342651019579143 0.352070490788688 0.398643319397926 0.30531562763482 0.343134386 0.336370689490566 0.29088233569893 0.424920719656637 0.29174504311418 0.368264443590317 0.313941295990283 0.23039782266121 0.391700455524258 0.282560163843883 0.340728911905734 0.348975945518907 0.35383454078744 0.38481829329714 0.289167442325777 0.302076740505084 0.393227321384207 0.381971814712335 0.271018746589529 0.302147766997833 0.52764708927392 0.403713129673892 0.50989402442986 0.443454979700975 0.490906928463693 0.482622050015754 0.555723748805954 0.42364172296307 0.327069420724415 0.342564716659158 0.313700373991167 0.347611016963736 0.271139092183372 0.352985067527789 0.314831978092843 0.251859742763621 0.329409367338596 0.299282672750281 0.360221327993082 0.380599299609273 0.353159180658343 0.356347645788914 0.331573650037343 0.335190383034753 0.363891711018111 0.409537485449825 0.276875512483797 0.27838998402946 0.355818927932844 0.347217840339238 0.288506315409812 0.354355000310027 0.393804492456547 0.489582891175902 0.425742172218589 0.30144980958907 0.421924681343908 0.320800066761059 0.286962487317351 0.30942204543627 0.331183854311954 0.313623270649969 0.363331074588324 0 0.332190780302886 0.430770273630512 0.294320007901973 0.279975878896202 0.294569297304466 0.302212788398921 0.31569091551599 0.324118243564707 0.264898409887516 0.312601424324461 0.42812846209418 0.3987061114239 0.434189324387634 0.415799082749235 0.327515718377671 0.457360183661767 0.375171064756843 0.308779197159101 0.355585908211102 0.398148505157261 0.336442845403223 0.315336992989274 0.28031478838673 0.398890066726752 0.335053135573445 0.45941781347958 0.291890793981278 0.35928797653583 0.281282256891229 0.489990671788664 0.491795468915707 0.415486477449207 0.505483202392142 0.502501806934655 0.487729247930761 0.474580207806984 0.474455310638702 0.448924046430207 0.430111806877468 0.317843270029535 0.338922300782869 0.269070485612903 0.374976074674242 0.357236535801549 0.445950843724429 0.384611245667184 0.41287945291335 0.44468577914905 0.500851048143046 0.326976777698169
"padmapurana_a" 0.364486720075505 0.383255205189597 0.422686724633654 0.391132260042235 0.378656553126967 0.418687141402526 0.371010199202893 0.374867310720556 0.365057269033479 0.38440837601358 0.443287654504693 0.371367903151695 0.40451979876072 0.396841271297603 0.305012575448505 0.440151241670237 0.309932290417498 0.354665477454294 0.310936843078642 0.331282324047454 0.391904263670195 0.304620908499341 0.361378772801382 0.352493542107556 0.361550741809446 0.407667340198572 0.374396396674268 0.413018377041947 0.447905333081138 0.427330827937276 0.36746723512425 0.324514178395741 0.548629213989135 0.488514606459233 0.574839943126036 0.504769089759388 0.549159703199624 0.538987542165986 0.611482372330139 0.506762601666527 0.350311800109226 0.353090487815734 0.335170678557833 0.362523756474002 0.385253488234807 0.438559270189108 0.4190381160559 0.375139266926365 0.435720173051013 0.409153796143591 0.445827935316046 0.449192903242463 0.441485782325652 0.44313210628675 0.431480305902881 0.421947815725745 0.448223560122761 0.470117328594646 0.3841798912488 0.378141978100693 0.410320390486917 0.417935506737541 0.400930850616286 0.456781820479924 0.471624133646924 0.56545707449891 0.500149843610605 0.342085186802542 0.44912149575236 0.393263854665202 0.337354015206222 0.318939550960167 0.312306683899768 0.330846969760346 0.394893611034819 0.332190780302886 0 0.398666567173771 0.40653885672463 0.399667718840171 0.409086138481062 0.411067269022645 0.414165029570177 0.427375047195522 0.38795078759045 0.319470819801211 0.413256881603595 0.382926785628715 0.290376699093294 0.445051311832959 0.345352179344861 0.337395776285003 0.419745748549191 0.325697694686278 0.34722789358551 0.372311887903774 0.372022075055984 0.313109353613399 0.346579866403861 0.402217029548933 0.360030118085047 0.481756508852014 0.341551561193712 0.398243088611658 0.321904234392628 0.497693771865398 0.507431596300505 0.44578804237194 0.478694845927988 0.514819752574474 0.51195319321216 0.474112636824469 0.504362871234387 0.437482258004813 0.433300323917116 0.33906888804868 0.34792062981472 0.360168670814835 0.442454503346528 0.390533897612524 0.475749236373608 0.39784525807162 0.397684001080345 0.469655989418947 0.514016887517613 0.338810893386199
"pranavakalpa" 0.401705186229391 0.420506243235304 0.424368869166815 0.418703638494119 0.420237070855919 0.42861297147576 0.404065397712495 0.401348284492027 0.407412100781532 0.423373030209955 0.452500458217324 0.433833106147615 0.425660780548485 0.431113829911735 0.398480739959269 0.447261185383543 0.388434088436361 0.389216376998269 0.372258368003595 0.43368570458428 0.392032998210195 0.402834845194985 0.401069241798893 0.393461057548524 0.41611964853128 0.426932835090026 0.449845009108484 0.469078132968564 0.471481289313279 0.479296935466241 0.443316838709327 0.395677858396112 0.571876451776381 0.515673775696766 0.577698087413709 0.53289842639363 0.543606791179366 0.524549042475368 0.615872574046253 0.5339457798161 0.393646707662621 0.392093128652965 0.388982172602933 0.395497807741996 0.455668735066327 0.491206446561348 0.479442852481743 0.453163264914555 0.483773110395126 0.464876132219756 0.493433406611063 0.505075229311999 0.491861068655505 0.494227794654979 0.492930664909613 0.479082973561169 0.500214448226205 0.474971676051212 0.428281627715638 0.447214503699556 0.457057338848727 0.478495101630706 0.454686107305768 0.508651283687586 0.511596860160675 0.604651640919691 0.548808571546365 0.399151044040546 0.48717343053018 0.449210504276096 0.40271052988985 0.38750855364507 0.364256779354396 0.420718534331541 0.462856957000615 0.430770273630512 0.398666567173771 0 0.476213016352172 0.472962319615991 0.476295932936928 0.468489960151956 0.480281651538486 0.486458900553461 0.46909597065278 0.375906289355723 0.447899706099146 0.416461316802296 0.438100259487624 0.499351519575045 0.418902717436014 0.439147291738107 0.461607871054561 0.389105141317052 0.361471305732304 0.398040342713546 0.430715104907288 0.340844011433566 0.436409065554637 0.371297962379678 0.424045984810076 0.457190536902306 0.404979205640128 0.451393528932813 0.408952345700526 0.497870168524755 0.486587041843025 0.451001739865487 0.514621264050592 0.517988030677344 0.517397757976938 0.485276078689499 0.536138098013047 0.452262067189502 0.468288018238845 0.430134258239818 0.391851445737176 0.419609001953928 0.499541988080225 0.423155273886133 0.502726397953316 0.445878760936824 0.438958074939778 0.492161384775384 0.528224469073593 0.394386015160885
"ramayana_01-balakanda" 0.426768200710655 0.39185490603129 0.438461472044752 0.374828904176126 0.356851817283465 0.433360308763453 0.393015093557786 0.413578136578905 0.399024616399589 0.377519555176221 0.445122666956911 0.349595152238472 0.402422338220596 0.385732253309312 0.375197429462188 0.446059852761105 0.343375950038694 0.414611824590254 0.367490602138414 0.299749564780362 0.44647777339718 0.36429459392747 0.405605016610289 0.423923903554421 0.431492914944337 0.457432536178177 0.301960771608663 0.345867838975368 0.401229079156397 0.367277113907795 0.283170145865598 0.372273492350871 0.567608147115622 0.409186422008013 0.516706057757476 0.463681898585815 0.512393367848469 0.500628688097836 0.566514927621186 0.432409797622848 0.387873620211384 0.414499610526928 0.372207232793432 0.409138464889409 0.263092156894305 0.35116742423086 0.308825507542778 0.255488638841606 0.321996596051623 0.303999646362178 0.353785030067656 0.366856315813232 0.349888194342399 0.358462516353529 0.315076426537318 0.330063282436747 0.371811560220881 0.422492563368707 0.305375321629496 0.296527975037734 0.39204611808934 0.391865103899534 0.304252258568769 0.335236796424989 0.386867125896176 0.477221777626637 0.419283276669481 0.373056435897512 0.462598374264482 0.370577681511967 0.357939243635188 0.365656143552612 0.409489295411792 0.3922984183017 0.413688455960913 0.294320007901973 0.40653885672463 0.476213016352172 0 0.261196643476988 0.290744780285361 0.287119808958174 0.30462530231154 0.30530477394872 0.240263624268586 0.376712857110744 0.479810743438576 0.450738087359184 0.480497946974084 0.462711346793365 0.386800768912015 0.491652839307396 0.42212585935322 0.378717843507962 0.405577104065758 0.455708559085214 0.395807938426356 0.395027213886562 0.345526650806596 0.449401934435004 0.366125804394691 0.494348627990239 0.326316927829311 0.411929133393093 0.336273177079149 0.519028617918969 0.527830812414438 0.446639327911536 0.515858016893386 0.520530567816914 0.497904131222593 0.499124066574749 0.492978336849097 0.477361687541157 0.479266316351828 0.396783221647162 0.388395165246386 0.340814795956376 0.429703682024509 0.411055028456299 0.486065365204235 0.43987229668627 0.442634276196678 0.498871339532547 0.536076473166583 0.389043535349404
"ramayana_02-ayodhyakanda_a" 0.412472077805603 0.369998256236731 0.431057275854917 0.355286305080129 0.334510301982729 0.417376489716547 0.379616072056548 0.397268091062171 0.39080356689326 0.372201437097245 0.41119779563845 0.324222092168238 0.373108085620679 0.374643494178182 0.36387822766217 0.452906653039991 0.34497211952018 0.412770979931284 0.366728199850185 0.297020309869007 0.437655080092969 0.34718160292484 0.396012190016614 0.40978187881431 0.40580499967993 0.443417185043353 0.29321619917986 0.354438483650705 0.408792383854284 0.393152496426046 0.270342917510728 0.365375275898865 0.555402199619448 0.416106058702898 0.526139522773445 0.462096256502577 0.514083287141158 0.493857869888031 0.574562132611749 0.43545608899788 0.39642146627664 0.411466432866918 0.381101934445766 0.41495136880439 0.251707589909647 0.376418202946797 0.288028528989123 0.228532475829335 0.294164351745119 0.267641826868483 0.341048411174489 0.373464439582202 0.335392962177885 0.34197963722328 0.31824244864025 0.316582035836984 0.330830229427006 0.418950445976769 0.270721258226755 0.279522636426925 0.357903842005018 0.381977090679545 0.279883040955075 0.320625125627111 0.376668258760036 0.472344081484666 0.418305664558204 0.344548788026848 0.459067179750144 0.353707876616957 0.335262510745259 0.355800110522075 0.397924520518655 0.35634343991522 0.410059083543469 0.279975878896202 0.399667718840171 0.472962319615991 0.261196643476988 0 0.239963761946721 0.253521513040621 0.266804377396044 0.291932648399446 0.252374930006873 0.385531565974392 0.470294501578303 0.43194842095214 0.476039822481355 0.458617329057325 0.389202542996918 0.497881595114942 0.435590058890493 0.366694054720003 0.397780580322153 0.448628359306464 0.394814795048612 0.374251876955567 0.350623806085074 0.445405896849658 0.367446946567109 0.486124480928142 0.327458661021334 0.421185607710872 0.338430551640421 0.518920353647588 0.519115098524389 0.450582379177222 0.516051227249719 0.523738821581319 0.510787756486565 0.497053397558841 0.496356845810789 0.476596558927246 0.477385071659782 0.390412534909298 0.387609255182281 0.325872131575636 0.433450541903784 0.408172517987332 0.489385668568352 0.428193187359532 0.442863669435211 0.494754371445658 0.534820124409741 0.384054482021576
"ramayana_03-aranyakanda_a" 0.416236566189392 0.393154092287082 0.436552210210621 0.373904123861012 0.358512750900324 0.424921329204504 0.395847745011038 0.409860858419935 0.398319592754489 0.400116876017928 0.428059784012024 0.347870028400811 0.393532511678291 0.394381857527865 0.384091846787591 0.477541697723697 0.363259124485959 0.41200993486409 0.377063893966978 0.326872174260571 0.453883092089303 0.373484133878552 0.405716311307339 0.42141495835365 0.426314832941654 0.454653543518817 0.315767681197942 0.354506994515734 0.411949198229093 0.376863212866019 0.283088069262546 0.381557373467071 0.574856849149055 0.445454738140885 0.540888800876937 0.482421842416445 0.531532388384421 0.514713221837153 0.585786504301733 0.460640305507203 0.404140719216233 0.421427795886892 0.394024382555555 0.419686221513307 0.299917145681219 0.380445405410165 0.339175225179198 0.270031388058426 0.323947268992721 0.325067917428164 0.352012637511856 0.402441115781119 0.342547683971908 0.351196869988511 0.33410030538834 0.337168505762123 0.358787402630501 0.44540411393698 0.324800836360386 0.329290007570318 0.39194470230109 0.413410825834589 0.330150362807067 0.382198111387614 0.399052798883127 0.502357599006866 0.445817631474467 0.381576351800848 0.454521074663691 0.385877408341972 0.36696593516384 0.367738916349122 0.406410532993501 0.385400118533411 0.42340037600657 0.294569297304466 0.409086138481062 0.476295932936928 0.290744780285361 0.239963761946721 0 0.245457050956083 0.229114849565741 0.234581916755734 0.247921231924617 0.398928361098135 0.481337833178009 0.446942423751635 0.481560502588733 0.470772470273045 0.400930644986117 0.50352230612845 0.444459091193415 0.386003627112051 0.409129481753167 0.460004433509886 0.394488806995027 0.385187819430143 0.372464234757956 0.450463524836812 0.390147962603662 0.4943882775051 0.336041675757137 0.432563483665737 0.347689333572157 0.53291427710459 0.52934775542995 0.462531422222279 0.51494062807612 0.544975171280708 0.514886410075889 0.518552544586616 0.517793321327797 0.480317871612482 0.493328876233469 0.403594945422332 0.405471571756312 0.352670300205757 0.430927932491332 0.42988455327072 0.495917614871513 0.453028426677461 0.464205592271256 0.494112642453314 0.551663372898677 0.408457498279045
"ramayana_04-kiskindhakanda" 0.416282071708059 0.391698785145251 0.429634500573763 0.372170060556869 0.357562497883729 0.421854127366472 0.39223610434208 0.407465311113478 0.390020195126406 0.390454397362558 0.425331651146687 0.342661468109343 0.387782641500493 0.39069096619237 0.382603390959611 0.453937026096303 0.352319579249153 0.404820187327241 0.365226411560993 0.316705958649425 0.449593571621326 0.372036121178305 0.399485644665163 0.417639194224903 0.427836607638017 0.449146370257382 0.297108018854797 0.34850728496702 0.396334601097762 0.35144323294456 0.263940098704933 0.378715881302436 0.568396600989441 0.438944220045601 0.534230618547945 0.48574702756227 0.520701064815279 0.502122276842426 0.583633543421756 0.458141620743741 0.394074600870862 0.41955518357741 0.378664698692373 0.41394556893796 0.286828298463341 0.360378816296749 0.315614467668544 0.258068564945156 0.314410501675924 0.303451522048192 0.340209614314855 0.380771314536714 0.332136703591731 0.340731952777531 0.318824571039534 0.320998566284949 0.348707492037481 0.43652537653765 0.304020692613346 0.311109769104285 0.378008871674388 0.395864879020844 0.307439293701203 0.363778002656176 0.383268386382499 0.487165083889531 0.432727810623626 0.374657877025914 0.460684230617948 0.38376829837783 0.362905379523783 0.351971763761312 0.403411346875224 0.389785481656291 0.416940643965875 0.302212788398921 0.411067269022645 0.468489960151956 0.287119808958174 0.253521513040621 0.245457050956083 0 0.231547728328472 0.239007144984442 0.249294385714938 0.387014123375421 0.469238180297284 0.432671513947174 0.478814849322277 0.470250236714146 0.395948687064798 0.490085394715674 0.432455525196728 0.379636307608226 0.403236653768109 0.463014171764384 0.39849267609547 0.386469137649935 0.36179982603676 0.445002420629737 0.382371041269011 0.485260747219973 0.319639272720671 0.422374167615028 0.345975805101753 0.522298421818449 0.520619396946552 0.447201229517098 0.494372738686971 0.525122212911435 0.505163477437125 0.508581237648505 0.508703028961641 0.468581907761069 0.490302177188675 0.402036851165719 0.386757409609486 0.345464455161438 0.43150172840967 0.417474174108589 0.49228030850079 0.445716961920387 0.460175531811704 0.493219789724617 0.543477615759806 0.404175350472509
"ramayana_05-sundarakanda" 0.421000663435723 0.399872763763543 0.443063013751863 0.374823013012929 0.361031939230538 0.426065632758244 0.401845417552612 0.420165406991963 0.395247494473986 0.401566091420479 0.422543206712933 0.341991845753287 0.391737529315943 0.397897590490161 0.393958013702551 0.478415304129533 0.366452690134854 0.401161878020654 0.371781952117398 0.335172797588773 0.455071469609064 0.37999027348716 0.4039310155626 0.423428072111566 0.44055511021383 0.455951278019478 0.31291782433858 0.368717896207496 0.411511712285642 0.361443034598709 0.279219286645895 0.386878824097466 0.576078730722114 0.453517369958006 0.549416296853518 0.490282939076886 0.540262691645741 0.519229294363574 0.589606457414722 0.470561756781225 0.414078362353466 0.441255319024458 0.398866614942287 0.422622588868658 0.303686690941653 0.378427097990674 0.337056457554361 0.274523107989188 0.32454559502551 0.325828747667181 0.35579466125195 0.402763884266015 0.343860744333798 0.352393277745886 0.340472179029057 0.337148262847556 0.354580415999667 0.45308171162272 0.330739920727802 0.338482598433246 0.393456969752956 0.414918479761358 0.335522159220096 0.378408883719095 0.404032724978083 0.507938686349657 0.448534354456664 0.383856746307223 0.455371637059681 0.395991555866242 0.372320962703609 0.364026800460436 0.407979730706512 0.394465243988381 0.430241504391254 0.31569091551599 0.414165029570177 0.480281651538486 0.30462530231154 0.266804377396044 0.229114849565741 0.231547728328472 0 0.233055983577917 0.264684040269312 0.406371846475033 0.480745386465126 0.447633222848161 0.48215633870175 0.482116742724037 0.409136303083676 0.498362191484643 0.452239576302822 0.392328438907305 0.416761946714799 0.472645541437478 0.411143241435946 0.38982890570633 0.38595018309558 0.455290374920231 0.399122978976651 0.503276572514916 0.340424536607317 0.44774831697986 0.359959374511248 0.531552813029863 0.537506741095353 0.465990639882386 0.493843419500113 0.547952441005755 0.511769885216846 0.522941517868336 0.522827261770444 0.473290871506653 0.507482158636174 0.41894296127565 0.403430722569228 0.356750872632626 0.440174684613245 0.433680476327252 0.50408253775783 0.454451889602575 0.463434503506385 0.498661441841933 0.554216956227184 0.414047729337912
"ramayana_06-yuddhakanda" 0.42371217565642 0.406913804364808 0.448189029043918 0.383663672160214 0.372023340707037 0.435601503338423 0.403830461934514 0.422296595577086 0.392520191925552 0.409192704079979 0.447720671583445 0.348600407411078 0.403400611907771 0.40344467050203 0.402922971686978 0.476801439796725 0.367541495744018 0.409280218913042 0.377862617933657 0.344346719725586 0.468435668322335 0.39887127818514 0.416753624877289 0.424282013510361 0.448483620443345 0.467004406233292 0.323192717932679 0.344995479633976 0.400562788384579 0.322332788679255 0.278469130116033 0.400493364094471 0.579598330579491 0.451036806496541 0.541727480877146 0.488255406886128 0.533225404892551 0.51490575946718 0.592026286796626 0.467378900251084 0.412082283676275 0.437779876955005 0.39472421426456 0.4287721937674 0.31312251675411 0.360215194591538 0.334765098546912 0.282668778757531 0.320277050360843 0.327323390282196 0.30632765811561 0.400883791527054 0.29241998965853 0.305191222464305 0.2987853819323 0.326878272947587 0.359958588153589 0.46131542265468 0.338509767790792 0.345065763484791 0.412379479422048 0.421801063122378 0.332749557635802 0.385439805853922 0.392873171037107 0.505307953404488 0.447131145021505 0.406198358374764 0.448007264112003 0.411958682148891 0.391162360775215 0.368726724051022 0.414945869371879 0.421138998145856 0.440040994268944 0.324118243564707 0.427375047195522 0.486458900553461 0.30530477394872 0.291932648399446 0.234581916755734 0.239007144984442 0.233055983577917 0 0.242469200029302 0.404984057834526 0.483307238063262 0.450481040753382 0.487233290289057 0.491895966279643 0.415192749264261 0.504481615342072 0.444071644513372 0.400044598274123 0.421142593981724 0.47103880858322 0.399967248383782 0.407279478957954 0.388985709683154 0.460083236133909 0.404152813486549 0.498398618837637 0.325534007471823 0.44726547157383 0.356846140334525 0.538257912444276 0.536970927966454 0.465362037125995 0.505670200342895 0.545634875767826 0.514625225108774 0.524198735029755 0.524726036571807 0.486027329981738 0.50772749793293 0.423171699739668 0.408878439783118 0.372939635211938 0.450629080212765 0.439192433309334 0.505105830554826 0.465727990879478 0.4747408803401 0.499368538874323 0.557907788764076 0.421680560142068
"ramayana_07-uttarakanda" 0.411990585146329 0.373630182302184 0.423231316919378 0.35559160952283 0.339940484664546 0.41945237971165 0.373565245996976 0.390745262290847 0.372647044481482 0.37251115857367 0.422153781398706 0.328549882603366 0.3797555410061 0.370714750308384 0.356699001545529 0.438681060114357 0.331070317141438 0.396754474278384 0.350944539259342 0.280811532766504 0.436674840000268 0.349841307028286 0.391077497800336 0.411248173909527 0.412197040070781 0.434967666285038 0.28574729323713 0.315682551037912 0.390678597068434 0.354650848969243 0.248831837456933 0.353100732833509 0.563612814232977 0.400490574883676 0.512145499036822 0.456889797446834 0.500991689020159 0.483425390541486 0.559998018081932 0.423925710137633 0.370095183655577 0.399486355471236 0.356512634442328 0.402113688902208 0.256252619676925 0.34177221233048 0.2993076968888 0.232791548030565 0.306780310306913 0.285479900225524 0.330681944260887 0.36503254278611 0.321538916528506 0.331025201703118 0.296233918168939 0.312779343366865 0.35530959255964 0.421095629478014 0.288694919184583 0.286624455370265 0.371491972274916 0.382641932726512 0.284023093770512 0.338563391437744 0.373456137606307 0.482612417538545 0.415759427540214 0.356898447137479 0.442303077704615 0.355779587247321 0.338312192575991 0.341804375678181 0.393652942489975 0.370487389149985 0.400123244861312 0.264898409887516 0.38795078759045 0.46909597065278 0.240263624268586 0.252374930006873 0.247921231924617 0.249294385714938 0.264684040269312 0.242469200029302 0 0.362083859171976 0.465400878592059 0.438575546989647 0.464401100854064 0.453491013445306 0.368150569227056 0.482638733978991 0.411527469094434 0.358332675544708 0.390650953696562 0.44232084360731 0.37094436181163 0.381689794571287 0.336606812738802 0.43690544791986 0.354850727760785 0.473885569455075 0.293941899757607 0.398132451272076 0.31357508139858 0.506986252349643 0.513243085768911 0.428929697107778 0.507451232758363 0.515070976286826 0.496348679440798 0.494115930306367 0.490592877483702 0.473151020598944 0.473457742976206 0.379569690839852 0.373436248513018 0.326044144935245 0.412882114983625 0.394212289810831 0.483393638373546 0.433953973664303 0.442495134946041 0.48524954486543 0.53382626407252 0.38305761157541
"saurapurana" 0.338978347787812 0.370037682945184 0.401555180520481 0.38490897561097 0.370158776375833 0.42673552800303 0.338898116103992 0.348324465290612 0.337480961858451 0.360989524228575 0.439998647477247 0.365970226869902 0.383371655371786 0.377620654617599 0.251496825780226 0.368925927425681 0.27610143316906 0.306617535086721 0.258134851321199 0.29068462911065 0.344946560102882 0.25053992567171 0.287048499202204 0.309197319454403 0.318371140909334 0.348494733939932 0.342815724639055 0.375217082594969 0.406650842120464 0.393877262360302 0.339394696534691 0.280530870842877 0.526228785792701 0.452163657239321 0.537164966848081 0.478574072565193 0.515058219423665 0.499931836658342 0.580211229097989 0.473737921181706 0.264177555207448 0.287574968955284 0.225973611847958 0.279293758874172 0.354678584041316 0.410976467950018 0.387282315686323 0.34483904577057 0.402096506874655 0.375047137977913 0.410753021015273 0.428937421971897 0.40847253240125 0.411324298595404 0.395993677374119 0.393393160305863 0.419836864710003 0.446007873219541 0.338884744668989 0.339535891074638 0.377988565551149 0.379902950620995 0.36422493205466 0.422841969503008 0.447682503978435 0.54015190603002 0.474815377366574 0.304865624250396 0.401944124558034 0.356802630677131 0.296722141475599 0.263033678996283 0.276337358091887 0.308377014482712 0.354465738103563 0.312601424324461 0.319470819801211 0.375906289355723 0.376712857110744 0.385531565974392 0.398928361098135 0.387014123375421 0.406371846475033 0.404984057834526 0.362083859171976 0 0.384541490912637 0.37902618128569 0.376266954889248 0.410432952947988 0.273597695158844 0.377188987009247 0.356916138988496 0.254246708060447 0.274686973770911 0.334950502116655 0.321325354839196 0.262153537311207 0.29921699614233 0.312492959712888 0.301253890210521 0.431967343654171 0.274017852114434 0.339166076670228 0.266809968219046 0.455170795123613 0.461415046050087 0.372605834791929 0.460830098248539 0.463866280561977 0.459177424222813 0.435501086881371 0.461060151421177 0.400729068691225 0.390506516557582 0.293211252916604 0.276327780340234 0.332155169265524 0.417128964970528 0.34513871498828 0.437986834477345 0.370323706008955 0.403492373754867 0.433695696458233 0.493166960097626 0.312544943828181
"sivadharmasastra" 0.386581144407139 0.456718218200154 0.469590095976504 0.45220717158482 0.448870567831747 0.483169203917246 0.435183703175323 0.434769525821588 0.430661231598479 0.45005924525256 0.507081384873129 0.45444057641479 0.455405926186022 0.461255414289825 0.376766653212121 0.468525001988738 0.402512392578348 0.411709200136041 0.394495976760263 0.423986531908633 0.426274136064185 0.413264414822992 0.367442586358148 0.375970369699569 0.404464786775669 0.454679727072209 0.453920367500592 0.468022631773034 0.469996002240371 0.478381622147559 0.445871498997182 0.384860468570351 0.556057894911043 0.520751524661109 0.586503376391237 0.535323439408748 0.564461714110807 0.541007804040095 0.630764069447484 0.531567195200541 0.406963064329859 0.393981996816117 0.376000283230868 0.381536198028442 0.463344701229372 0.491931040644717 0.482243637160656 0.453627021764246 0.489253902912498 0.467020845024456 0.495750081935216 0.503443134401491 0.494477446162119 0.497697810111344 0.48916888699878 0.481237595270664 0.497938217808173 0.512437815899016 0.436316573923892 0.437547770039421 0.43925664515012 0.438872727829781 0.464783044604169 0.50925227304918 0.523412044069432 0.59557007282157 0.542782161674425 0.409441397706915 0.489973951937636 0.456901748490765 0.410664542872262 0.375806378129292 0.357836918825846 0.414068749715108 0.429130749154209 0.42812846209418 0.413256881603595 0.447899706099146 0.479810743438576 0.470294501578303 0.481337833178009 0.469238180297284 0.480745386465126 0.483307238063262 0.465400878592059 0.384541490912637 0 0.344304179275538 0.453768755482986 0.475782397265112 0.430040671468562 0.448065633812893 0.465195490932089 0.390572847333759 0.369003948348805 0.385627619793212 0.405845939436494 0.377911698226184 0.411505163516987 0.41793510448855 0.410989838443924 0.47494457906408 0.399374659540718 0.436280748742417 0.403395651957646 0.52236428500496 0.501571925887351 0.465504389701164 0.500066594918551 0.528797605637804 0.533869375190967 0.476208951639825 0.536947366698913 0.479482819964818 0.468964391897812 0.407864138439156 0.394440325916402 0.414728394685284 0.510419233201735 0.457425958767291 0.51581768990765 0.440794315037963 0.484374114270054 0.520756588453567 0.553519204816433 0.429857679106646
"sivadharmottara" 0.355397094507598 0.425565704988294 0.448956423971387 0.417889795614306 0.407470440319402 0.452243328671183 0.413556653145938 0.416161213938956 0.417400857826077 0.429755061745527 0.471119617783221 0.41395583720999 0.411646357658271 0.424907301656224 0.364704939171162 0.457650943413193 0.390485525986633 0.406724662404604 0.3828181126493 0.385091169360471 0.40767328141296 0.391038349125401 0.35560073793308 0.366110825646858 0.380113689462686 0.442926752461147 0.417207981080512 0.447907823706874 0.434250677851285 0.444914900406233 0.405965587274966 0.379377905096269 0.5448307452658 0.498006224897548 0.570089874301473 0.516387162450449 0.542968175306502 0.520458782404516 0.620596914155428 0.513470098273307 0.411853046853974 0.384692485664582 0.369450521732865 0.371252597077482 0.421929190227165 0.465726558877984 0.443316810082616 0.412894656263027 0.444892119634074 0.427286356310501 0.447312510364856 0.469391507647393 0.447641723293527 0.446391665953522 0.448261761196485 0.438848108535214 0.449628261668616 0.465021100463277 0.391290552332848 0.40263131742137 0.397964616829928 0.40894271880761 0.419251144551657 0.472640995231745 0.484671346881762 0.574776909285295 0.51487802706984 0.395793495896933 0.497102001869239 0.442371567000582 0.399091915740764 0.352998904681462 0.342925445772915 0.406796141964873 0.427905845115207 0.3987061114239 0.382926785628715 0.416461316802296 0.450738087359184 0.43194842095214 0.446942423751635 0.432671513947174 0.447633222848161 0.450481040753382 0.438575546989647 0.37902618128569 0.344304179275538 0 0.440214007947668 0.474755458024761 0.423533788227195 0.444864087969038 0.463061303971703 0.382840693224621 0.355781950490067 0.375998803375468 0.405295839269434 0.366716463923065 0.393107898111348 0.396668287599424 0.41849925724067 0.446213914880066 0.3851364086358 0.43549966420975 0.400418629783304 0.516795046838645 0.483196268459997 0.462563076824264 0.488158167173099 0.523805333965957 0.521683665826393 0.474151515198106 0.526176858706755 0.457738991238134 0.468775231673284 0.405637765282895 0.381511267771308 0.389866296293394 0.474656639791766 0.445465933118332 0.51177915609874 0.425367229090115 0.466493604285129 0.51245406900934 0.53651537019398 0.414031033403228
"sivapurana_dharmasamhita" 0.43381022044689 0.447520439096931 0.475337716280888 0.456620329635389 0.450012658463607 0.469779371985825 0.426713711176321 0.429306571858426 0.424800423266257 0.434376160110148 0.507397536415759 0.452244034940704 0.472088151770515 0.466520528433336 0.363575007181122 0.46006190970072 0.36937541070254 0.394409307980502 0.363410048523925 0.429181287104986 0.452040716052495 0.363707478913989 0.415490849691408 0.412217720037995 0.42576803491638 0.465597321389821 0.446356668449103 0.48231165698466 0.488264688903909 0.464804282081287 0.439669140511592 0.397453787501758 0.604599905240121 0.531855376250411 0.602717576820445 0.539950458810395 0.579301641174357 0.56754454713338 0.633878942872959 0.543489878492167 0.410536227147116 0.423462233104442 0.390623975179913 0.418466730630364 0.457477486909036 0.495144463610542 0.484406297677762 0.45072613119365 0.494681611454164 0.476222622509663 0.494155802053152 0.498336432726007 0.489936726667061 0.49304684588313 0.487835923044552 0.48143626720614 0.504623707599234 0.515470794569385 0.452190488675035 0.452370468250881 0.470045550837642 0.495519494858414 0.466622905782708 0.514389756442095 0.522275968965811 0.609989156380001 0.55169509593714 0.402786765488108 0.481144421508798 0.455434240669033 0.402141650190597 0.376697499983625 0.379010754672745 0.414528430742427 0.46677604979759 0.434189324387634 0.290376699093294 0.438100259487624 0.480497946974084 0.476039822481355 0.481560502588733 0.478814849322277 0.48215633870175 0.487233290289057 0.464401100854064 0.376266954889248 0.453768755482986 0.440214007947668 0 0.516449510102579 0.390107349400265 0.233803165218418 0.474313968180305 0.370769122005627 0.379552891517388 0.417723486160696 0.427589614023902 0.388031962246254 0.442686038567329 0.43499090589635 0.418767792162099 0.505518736069456 0.396842448569379 0.466376438513122 0.39760716010652 0.527810920949259 0.536223608779937 0.48285499093797 0.509306862956689 0.53868469195577 0.525369785592441 0.509573558545035 0.527917594470139 0.481712791752969 0.49970792658813 0.429170892659024 0.398553051931023 0.443062088971084 0.511157834418305 0.446279945631046 0.516257838585547 0.437756384579265 0.422218708660323 0.504375431023149 0.547856131899626 0.38679554068038
"sivapurana_karvanamahatmya_au" 0.453155263046499 0.464875647767912 0.491580756902634 0.476151421928404 0.470149963240066 0.519814436532286 0.458779177610311 0.461129900759836 0.46646748421534 0.468567531658471 0.501144250998304 0.4646369041675 0.477254604615016 0.482275151925227 0.400126443655104 0.484294067718676 0.431206264806826 0.45698505341469 0.431339969445874 0.397192161748467 0.451122235922586 0.39540092797278 0.414996227461429 0.445353061547624 0.424300093831369 0.452788705239421 0.44255289239015 0.474821705647027 0.501823641914056 0.504772190368083 0.444145057816726 0.399744056772621 0.548575252824268 0.51482344795564 0.56756085715283 0.539955286130908 0.55989178515327 0.553715895525964 0.61687333178119 0.531679982858 0.431431335269303 0.41931501412501 0.41901918842937 0.431067381880107 0.445740101109176 0.503469504315544 0.475632934176468 0.439109083143727 0.480833543046088 0.45986676088288 0.501335683868076 0.49421289758218 0.499120969984717 0.498782732100189 0.477170663273157 0.477511117102623 0.486302614716072 0.505759761658307 0.437975093763501 0.42934660351263 0.442215333903833 0.450112475539531 0.448554099271155 0.486181097792703 0.507245150690618 0.564819161113192 0.522668700250858 0.414855927293958 0.495307328515776 0.438727797377345 0.411331010322808 0.411729741476533 0.428132786992092 0.41788846542518 0.411834835901451 0.415799082749235 0.445051311832959 0.499351519575045 0.462711346793365 0.458617329057325 0.470772470273045 0.470250236714146 0.482116742724037 0.491895966279643 0.453491013445306 0.410432952947988 0.475782397265112 0.474755458024761 0.516449510102579 0 0.423055193469627 0.515664466614287 0.458168599391968 0.417759379474779 0.429820210264973 0.444641644687981 0.42254412562371 0.410576899508779 0.386362696341714 0.456243551739594 0.429901138503205 0.501824271424636 0.409553306542682 0.408365294945069 0.409751662076935 0.524821876181759 0.522663156858507 0.473917143973226 0.539940871960447 0.522511429562019 0.520603653620999 0.49721229341283 0.526853182194491 0.493579365104219 0.475873067358529 0.385524602157267 0.422837760478138 0.431685155429304 0.494177360982936 0.457609207132943 0.512345151682085 0.468239773714583 0.515770092431643 0.529389163256679 0.554558376118215 0.451300206318497
"sivapurana_rudrasamhita" 0.38561865329729 0.402851318557893 0.440123946791777 0.411795329932551 0.395462928851511 0.457106611889305 0.366925969127076 0.382821063015966 0.368933665301014 0.386098061182597 0.456269995351746 0.390027855337118 0.421394816585044 0.426687088677321 0.275156958001024 0.408807950730151 0.299112030001192 0.334231056195842 0.295748924473035 0.320170052652133 0.375918099488912 0.229113913568005 0.332018960247062 0.364828218705025 0.358747226809884 0.350792360956991 0.346644803396383 0.380849589576628 0.444357451604158 0.414772534164926 0.357458863260464 0.292172334142357 0.552918650291358 0.464572963563117 0.546706791095817 0.495999902524188 0.533944963054878 0.52396921669258 0.581374625295322 0.486107416402352 0.323883654309234 0.357808599170886 0.297662208357864 0.327491175434561 0.366313558540327 0.41997463702513 0.4031308770067 0.361907260773662 0.412913882767562 0.391030937483153 0.427747169336714 0.441073063848146 0.42721028720642 0.426001570626145 0.406805499047847 0.408404198455547 0.440153335319571 0.463837259711787 0.372854504963144 0.37209728002256 0.408228208082547 0.429044923541705 0.380268753135161 0.430577876517254 0.454940298034681 0.538740161950611 0.484390305008081 0.328517785707377 0.401871205792643 0.365137438589966 0.316724237290708 0.321660984700633 0.336123152390613 0.319457183549079 0.376613965254696 0.327515718377671 0.345352179344861 0.418902717436014 0.386800768912015 0.389202542996918 0.400930644986117 0.395948687064798 0.409136303083676 0.415192749264261 0.368150569227056 0.273597695158844 0.430040671468562 0.423533788227195 0.390107349400265 0.423055193469627 0 0.409163008314419 0.300189803260989 0.268911973970787 0.302465221541475 0.35539186917646 0.329653876579899 0.315130217390352 0.345228335231267 0.36585080349207 0.326518418620136 0.467485822422689 0.298833283213675 0.367869007472424 0.278875090197635 0.485511706923762 0.490155856482541 0.40317701975577 0.486395451822706 0.492995894727382 0.476987847694864 0.467583509913789 0.479975095588071 0.438566128243304 0.413005521794625 0.328381861164321 0.330427149893465 0.370459975174875 0.431811331438573 0.361301405944762 0.468482559434333 0.399723601674137 0.424085861318162 0.451832105421269 0.50591128964647 0.34078615823359
"sivapurana_sanatkumarasamhita" 0.456068384052247 0.472393211192796 0.486698825162223 0.475502850714038 0.47423032177996 0.473039809288432 0.449732198619257 0.455743378206648 0.4451235089792 0.465525808717488 0.520985398785157 0.480614194701251 0.486985956898274 0.475054188671198 0.388966058355559 0.452016501158323 0.397188331709436 0.407225103770304 0.382253156935211 0.448222041683263 0.45312190124566 0.396525373549035 0.418905625806696 0.428182897841754 0.451606619668704 0.473525324505617 0.467238086246973 0.498236207094363 0.480364439617903 0.472197141406835 0.462747807545309 0.420702338442891 0.604268784604554 0.539022573125374 0.596860617313473 0.550876581982991 0.577464897339943 0.559482977329142 0.633283275611233 0.555204731994783 0.402390305243515 0.410668129697722 0.375397816369583 0.410337440256166 0.476555049524373 0.50465673642667 0.500478379768972 0.4715608249823 0.509939396164267 0.494460846905597 0.509423097739384 0.515132078247504 0.511396746996031 0.514172185364635 0.506371570154798 0.499762937751483 0.521927841897618 0.513178283252067 0.461352612135863 0.463816255233554 0.466891446941348 0.49202966801799 0.479722626054367 0.525502637934354 0.542583501521849 0.616266700715721 0.55652907445478 0.427544921177799 0.501847690334468 0.479224175194765 0.43070340236019 0.39531085331749 0.398327208650494 0.442525446550684 0.473431144906848 0.457360183661767 0.337395776285003 0.439147291738107 0.491652839307396 0.497881595114942 0.50352230612845 0.490085394715674 0.498362191484643 0.504481615342072 0.482638733978991 0.377188987009247 0.448065633812893 0.444864087969038 0.233803165218418 0.515664466614287 0.409163008314419 0 0.472199338530329 0.386125203154054 0.375247567412966 0.409168249486833 0.44607610849038 0.404254837750123 0.442056425071042 0.420180868044491 0.411517232519113 0.483534956300053 0.404306934684516 0.45656356896027 0.424755316997137 0.508365362930774 0.519998428414205 0.468404330116681 0.497852893830359 0.52841400197528 0.524893047545592 0.510401529913967 0.538703851862456 0.476966481475761 0.511949899955082 0.432553326017047 0.392020084501263 0.451129878844907 0.510398247172163 0.460222085729069 0.517931235512254 0.4555552232729 0.447861709777958 0.514341523924897 0.55360651187946 0.412858432751182
"sivapurana_satarudrasamhita_au" 0.445383890307133 0.427470487785694 0.454390915228719 0.43917557017156 0.429967966863219 0.486605646923212 0.406010494785501 0.420662254102377 0.406341888259287 0.417451337704037 0.497072276661192 0.42431037904115 0.447492808920167 0.438132984361808 0.381053394316892 0.452944708201312 0.376071683337582 0.412089412515824 0.378499456335063 0.378365410134556 0.417159481018901 0.358564580164563 0.405924691923994 0.419876767768415 0.432320930702255 0.413735631113861 0.398375359273282 0.412301979745332 0.471533167048677 0.446114098770503 0.41177531865281 0.371046366541662 0.570731134415525 0.487387976460632 0.562109996474305 0.515492778464691 0.542707077777021 0.539163101066707 0.593559211387875 0.508652882483048 0.357793333434502 0.398911871269241 0.364534828973544 0.398555882877889 0.411080535137579 0.444894894095088 0.439586629060933 0.409092453281876 0.451002756246695 0.436189779881642 0.458112541359827 0.463296056076933 0.457993978722009 0.456735358986417 0.445194993666041 0.448202161302677 0.479674374476056 0.491751367054586 0.415955633629213 0.414570302813316 0.456208470675184 0.468094558404412 0.425334259740315 0.465764271897341 0.483252532426941 0.552759381859678 0.512174687672352 0.392983274486285 0.457169163663951 0.405091065893547 0.38048389777229 0.393843996912841 0.407228005156062 0.408153309361479 0.422608084885674 0.375171064756843 0.419745748549191 0.461607871054561 0.42212585935322 0.435590058890493 0.444459091193415 0.432455525196728 0.452239576302822 0.444071644513372 0.411527469094434 0.356916138988496 0.465195490932089 0.463061303971703 0.474313968180305 0.458168599391968 0.300189803260989 0.472199338530329 0 0.35479557632194 0.383055228289098 0.421828229667608 0.380300898908693 0.391114410687676 0.392048610761115 0.424681070430422 0.380903699550923 0.478592730671954 0.34638610569036 0.416961453836787 0.363843520907992 0.509653416481842 0.522529148075067 0.424759834834847 0.521459234397995 0.509946719338715 0.50987422772802 0.50647945285442 0.500815654826103 0.47266136684108 0.463441125958016 0.387003617124117 0.390810497345359 0.418781128527111 0.468279920201385 0.400227697037915 0.486884646238187 0.456037521126009 0.469187165721379 0.477785095402175 0.518152907658023 0.396141182333516
"sivapurana_umasamhita" 0.338279064676188 0.3705101324531 0.402643173797193 0.373750210057521 0.36395720530795 0.427336921805092 0.340326864474573 0.35169860527376 0.349243016853306 0.356016840277806 0.433627442733048 0.362658130509037 0.378983356955673 0.370726990456672 0.25511961106396 0.354751156227542 0.27486731019921 0.308238740144667 0.254441631738169 0.291726034041678 0.344465227524603 0.247037893997944 0.289818493057101 0.311246870441653 0.302520849645612 0.346366285305734 0.335114993776881 0.380156680536721 0.404516176466054 0.399328248735073 0.324133367696401 0.269013525069103 0.531731627757443 0.444994950922758 0.530749140622481 0.481131931384562 0.515497994712549 0.487437471170807 0.578445449797313 0.469068919172361 0.310399247266122 0.320082443572217 0.273983807022884 0.306309350705325 0.335222479864176 0.409745611526198 0.374639144629682 0.327105127312112 0.385288477758189 0.355177370847277 0.399187311853546 0.416039032826133 0.399856164307191 0.400943263126365 0.386741568807649 0.38144747841191 0.405234342501618 0.435374844410521 0.321466642955081 0.320734444070468 0.358539950311877 0.375756593669285 0.343140039986825 0.409230998270157 0.443372934782558 0.536439675395025 0.464764686569586 0.284194287925537 0.385250938920058 0.338384477646246 0.273693650304781 0.261483996157986 0.281981339605374 0.308686605877577 0.359599852613131 0.308779197159101 0.325697694686278 0.389105141317052 0.378717843507962 0.366694054720003 0.386003627112051 0.379636307608226 0.392328438907305 0.400044598274123 0.358332675544708 0.254246708060447 0.390572847333759 0.382840693224621 0.370769122005627 0.417759379474779 0.268911973970787 0.386125203154054 0.35479557632194 0 0.288274511967495 0.339001401811271 0.327133116266128 0.271077560014756 0.307121886276453 0.346239032234212 0.310750498081379 0.42763049143963 0.279570257739526 0.350415187104144 0.281159118000228 0.447476264178286 0.452151937821757 0.374436657825013 0.459082828032367 0.450008249102283 0.442970142195515 0.422600847632315 0.451807316304882 0.398680448316866 0.400919433897023 0.284157908991457 0.267418778760353 0.321005392969859 0.427107752695317 0.342501758516428 0.428593767342314 0.350054104613448 0.399759747992916 0.427919181015994 0.486219850096744 0.300805484390534
"sivapurana_vayaviyasamhita_au" 0.327121412264076 0.397599698270462 0.409948831252646 0.388082701389734 0.383714630604376 0.428974318660489 0.362179819467472 0.371503286790281 0.36895010423974 0.38491746947364 0.451030930123333 0.394721008041435 0.399453536220228 0.397806919595822 0.272578239501203 0.38116808982296 0.300178331159694 0.313991854392117 0.27931069680848 0.342613586115583 0.345102198713623 0.299096678202037 0.311396758624953 0.309149604990622 0.337303827147069 0.361060540713704 0.37762234127166 0.406516877678016 0.423418041805705 0.421098293852427 0.372468031902616 0.293324052570378 0.542164509508841 0.471326305153137 0.544350689666957 0.496506240273114 0.516907554730341 0.494545341138749 0.590053201272165 0.490140003392035 0.314547309416107 0.307739053076392 0.267429087621675 0.266383742343729 0.38370960216837 0.441726369856694 0.413319326704763 0.378156015143192 0.423548737985601 0.399000537611473 0.42718461015374 0.444495483539626 0.424621896303254 0.427356216354532 0.420034518052869 0.412701779442941 0.437605135466259 0.444823552617415 0.359347993785048 0.376396607361119 0.386155939583424 0.404004098536046 0.386308780526241 0.447769461694211 0.466584675131763 0.549053016562117 0.498036426083222 0.329441054067788 0.427802048476769 0.381074605646088 0.328452069481802 0.294747198057537 0.271333329741684 0.346827121955538 0.382935668723005 0.355585908211102 0.34722789358551 0.361471305732304 0.405577104065758 0.397780580322153 0.409129481753167 0.403236653768109 0.416761946714799 0.421142593981724 0.390650953696562 0.274686973770911 0.369003948348805 0.355781950490067 0.379552891517388 0.429820210264973 0.302465221541475 0.375247567412966 0.383055228289098 0.288274511967495 0 0.28944880833107 0.350927525591036 0.292386754063948 0.351885835404478 0.31888546307388 0.332913435314562 0.41548811812719 0.311651876336322 0.378138610126184 0.320427789132291 0.455085934107374 0.447509219904409 0.389883060375013 0.469278775823904 0.479079836763551 0.474084378332887 0.44199483890874 0.483155009786964 0.413969873545948 0.41325564450292 0.336535375315346 0.305676538179455 0.357206954684247 0.437628433854114 0.367174448145536 0.455626605638431 0.372789697699957 0.40424989987774 0.454996313669989 0.500415468750068 0.326676412109274
"sivapurana_vidyesvarasamhita_au" 0.351096220995973 0.446898311487832 0.462259211176454 0.448232584094497 0.442077922693242 0.481077065846275 0.426190567786457 0.424306320100495 0.431994706338192 0.448675378681287 0.48831785007099 0.454898585253323 0.445391183564066 0.445891360927467 0.31175923707407 0.431228974303764 0.371489477775757 0.380428705848678 0.355798273426005 0.373061048460719 0.379365735304202 0.337976373835506 0.354663399123498 0.343727959679366 0.354739298959199 0.383259810343161 0.426616761113741 0.450399218360797 0.461293517645447 0.472266562694254 0.430089377472434 0.349925837391905 0.542148722544321 0.505964761810243 0.564898283569792 0.528102789918147 0.548263025420417 0.526068679478071 0.613822919574977 0.524160700371687 0.385827447169954 0.341005658364642 0.324667981094211 0.328204874553687 0.43502229108615 0.487268220077739 0.46229481540198 0.426986762600791 0.472812212619126 0.442741271508792 0.475047397029898 0.483205148076926 0.473329253971255 0.47289243027057 0.467792045376139 0.458655780919056 0.4834539785397 0.473955620891289 0.40065740839334 0.40782374600345 0.397334064946317 0.420501798616828 0.426056824850489 0.48625524733765 0.501956094948538 0.579034287958206 0.526497702452565 0.387970167932172 0.477759912246708 0.436944446489483 0.390804975402664 0.350618748112 0.31058439328766 0.371476417214229 0.409458402818954 0.398148505157261 0.372311887903774 0.398040342713546 0.455708559085214 0.448628359306464 0.460004433509886 0.463014171764384 0.472645541437478 0.47103880858322 0.44232084360731 0.334950502116655 0.385627619793212 0.375998803375468 0.417723486160696 0.444641644687981 0.35539186917646 0.409168249486833 0.421828229667608 0.339001401811271 0.28944880833107 0 0.380626343321188 0.345145346359088 0.381300714081746 0.351024957026867 0.389557681827715 0.447403509307893 0.382408619623698 0.409719929178629 0.37430055294548 0.50001691150058 0.470447947291004 0.444395275786141 0.513335826092931 0.506769457119782 0.513842584792761 0.460939778369633 0.519480164963325 0.457030578614648 0.434148024034058 0.368519975369129 0.36947842254116 0.392390392771009 0.472060453908473 0.421435423262022 0.485226858377036 0.404911349814041 0.456306169197439 0.50648121949449 0.525753105710894 0.391200905294086
"skandamahapurana_himavatkhanda" 0.369875462255154 0.37915038038625 0.414298981807473 0.391429544584245 0.377689288115576 0.443199745028703 0.366047176321414 0.375815907146967 0.353935540279911 0.381219941462041 0.461669497961659 0.376839518722627 0.40397085165945 0.392011461987669 0.323607984922681 0.414518893495994 0.332292398262645 0.364321650008357 0.32631653864262 0.31747053850954 0.386525139950829 0.321124915877445 0.352231922091753 0.353031424448912 0.373129480914282 0.383594466630012 0.354306363640823 0.371721049612748 0.405487086536167 0.388907604696478 0.355594526005424 0.319993649507429 0.548144822059787 0.453485054349059 0.53090200720387 0.470032457327025 0.512892017951536 0.500727371561517 0.57369170332325 0.46298638978156 0.346806352581946 0.360803303515297 0.311825809231388 0.351143913584427 0.367265026610429 0.409157499752402 0.396378191563007 0.355234156154386 0.404548964123388 0.383134290928797 0.404213937696038 0.429850051641826 0.399243907411865 0.401486670349794 0.388187844111792 0.400275934467467 0.432716372923568 0.465587400917473 0.361422021182441 0.356541444858573 0.406184838349554 0.408905906815334 0.373017760300925 0.431727914593989 0.448380815822905 0.538828387376552 0.478482151469221 0.350153331657767 0.416379845563272 0.373336604322461 0.334305554379121 0.311175980688597 0.337337468433836 0.361860374186261 0.373488158691271 0.336442845403223 0.372022075055984 0.430715104907288 0.395807938426356 0.394814795048612 0.394488806995027 0.39849267609547 0.411143241435946 0.399967248383782 0.37094436181163 0.321325354839196 0.405845939436494 0.405295839269434 0.427589614023902 0.42254412562371 0.329653876579899 0.44607610849038 0.380300898908693 0.327133116266128 0.350927525591036 0.380626343321188 0 0.338084252653822 0.340886751939191 0.400921503291234 0.322130225004746 0.445094712859888 0.284878887687459 0.386360167148761 0.308294009351211 0.490564115859364 0.489495830484094 0.400787326049292 0.478154610477667 0.502355368033371 0.487244626284375 0.47203939669488 0.493149781757007 0.436253025636849 0.436412192583989 0.355123634629529 0.337829642287374 0.362153405353748 0.441777178678684 0.385049130371147 0.465192211317512 0.408819162879047 0.435681968523473 0.474061371739891 0.509272656400383 0.3640801806466
"skandamahapurana_kasikhanda" 0.304807170115957 0.357488524815667 0.383446677932615 0.354310814060647 0.345030814435673 0.391675160971361 0.328993305486226 0.331242604845146 0.339831656214345 0.346661816551747 0.392758703173038 0.342733283526479 0.365041420855532 0.375253985318496 0.269926625425524 0.40656039914443 0.295847537271805 0.293688905178023 0.26602852918658 0.305071282554452 0.345611953475906 0.272954739988497 0.278710976214624 0.29249456127216 0.300362870291601 0.360703111788401 0.349783947684446 0.395176563537843 0.426186396129881 0.417531004897867 0.341796575207498 0.265297221535322 0.509791193098081 0.467120715453344 0.549296472749857 0.491186242184697 0.533385821806885 0.506025956255474 0.596144902035319 0.485910635988914 0.323494320101455 0.320234651715219 0.29770038671396 0.313302091899924 0.36429595340494 0.421964685003886 0.392454796417825 0.349952684113303 0.400507805764202 0.377434522405397 0.423442133697267 0.436968322371288 0.415845713962152 0.418575477697866 0.40892487977898 0.400535058853103 0.420559589490273 0.441128756894027 0.341137913269214 0.347928338171981 0.37600840541453 0.384502982154448 0.375961718512666 0.431024337678959 0.449811922251305 0.551381651511604 0.483629628263869 0.282532700362233 0.405555789583837 0.356947218184473 0.283192733205692 0.262389284493974 0.259141208225637 0.286284655708618 0.349858431000849 0.315336992989274 0.313109353613399 0.340844011433566 0.395027213886562 0.374251876955567 0.385187819430143 0.386469137649935 0.38982890570633 0.407279478957954 0.381689794571287 0.262153537311207 0.377911698226184 0.366716463923065 0.388031962246254 0.410576899508779 0.315130217390352 0.404254837750123 0.391114410687676 0.271077560014756 0.292386754063948 0.345145346359088 0.338084252653822 0 0.303062384272631 0.343410502622638 0.336943699095938 0.436850818069789 0.299868901598387 0.360101900289238 0.28108780321933 0.468710385641235 0.459883731370704 0.40149889156615 0.459516837247846 0.478297847232268 0.469767376136769 0.43591446462105 0.47953969106674 0.40843937561124 0.39424933878307 0.295045048814758 0.292006303406867 0.320812487439375 0.432716092527711 0.365087099809783 0.444756709363153 0.368152858508912 0.393490519363742 0.437179410157687 0.495496813734302 0.311320798094437
"skandamahapurana_revakhanda" 0.35332492146801 0.38868084012721 0.423955725234054 0.388459557987676 0.367705481231762 0.42497623628533 0.376853287845434 0.382767564696831 0.376386540023538 0.386655569446644 0.430963328485574 0.365853813864516 0.388603690483388 0.370007233993439 0.293229986208149 0.398071838962082 0.321590535215959 0.359036368790752 0.314940485359129 0.242047949032689 0.381041022466745 0.29669747832994 0.311079832651987 0.346939195116614 0.34130184260937 0.385783587711857 0.31615584319091 0.363619155192368 0.394547998651662 0.389458751994147 0.313256475643371 0.294694615262277 0.507842225122111 0.424900107587573 0.514782543714118 0.454756702808274 0.496335865410347 0.484964229345963 0.561723408575343 0.445455450856339 0.344017268070484 0.346922405044793 0.295306248841375 0.333813687241253 0.310341584929029 0.387769659647234 0.344113481867728 0.296929358799918 0.366595949010209 0.336184661771978 0.386553041601631 0.386526225739205 0.390227816295404 0.385271044013681 0.358598422743642 0.36941092051344 0.389144229650798 0.42395098400853 0.299014474289988 0.284951805060207 0.349707863811222 0.331665874559307 0.321867011308575 0.379528333979448 0.420569998366668 0.502277775673037 0.430743854332688 0.306603248559831 0.420324060751959 0.343126093665872 0.296567720475444 0.285554037158851 0.333880995644549 0.326390279661319 0.335861192088716 0.28031478838673 0.346579866403861 0.436409065554637 0.345526650806596 0.350623806085074 0.372464234757956 0.36179982603676 0.38595018309558 0.388985709683154 0.336606812738802 0.29921699614233 0.411505163516987 0.393107898111348 0.442686038567329 0.386362696341714 0.345228335231267 0.442056425071042 0.392048610761115 0.307121886276453 0.351885835404478 0.381300714081746 0.340886751939191 0.303062384272631 0 0.39014108708749 0.328116647078393 0.461120843070539 0.304528362805878 0.334687494968519 0.299393452929445 0.476171976391611 0.489927395170188 0.407528550909309 0.476989213048436 0.479915387985197 0.479831321707524 0.461703849172093 0.474397367968216 0.437202552977051 0.40993990879186 0.242009337274177 0.310481437823159 0.309696162685045 0.386652733488617 0.369863551735235 0.438447509909359 0.381887629422242 0.428489388747614 0.458270506289479 0.509105033920829 0.343263074103175
"skandamahapurana_sutasamhita_khanda-4" 0.405247410697715 0.439136584324006 0.445423348916005 0.443899827962885 0.43628023364879 0.472290066378149 0.403028919215619 0.410857517187353 0.417012189502197 0.438603792904888 0.478783753500465 0.450110797396202 0.421619903159682 0.437895735615917 0.354414330466093 0.421035539973359 0.363260540087259 0.369903174979745 0.348791270757401 0.387260317491017 0.360317706290149 0.347073692018339 0.357407987412124 0.373586394306123 0.386433984572361 0.378144420176937 0.415479823710859 0.434658688584509 0.452363347382646 0.459735136189177 0.42093340118048 0.3630684385841 0.546199130393365 0.494754185914033 0.560716097269985 0.527604400940376 0.530920862987821 0.52064057717299 0.599873489218187 0.513584630513596 0.35577747319812 0.344476974288616 0.31348364018605 0.339630647627888 0.424690195460077 0.471573533486916 0.451116081975676 0.421699718129203 0.459341803366568 0.439150820196888 0.46396237669376 0.489128435656652 0.46667255685164 0.468570457198024 0.460183460202999 0.45283007083231 0.471318814575768 0.469112632425105 0.396769817419563 0.411152158934392 0.409047058645604 0.43282581000035 0.422430531651118 0.47891488176218 0.499721220261053 0.57097874662035 0.519385824625323 0.377098615708823 0.463508440771001 0.421778976073777 0.378686052361219 0.362796969092293 0.342785887289721 0.377601685241487 0.431596456227294 0.398890066726752 0.402217029548933 0.371297962379678 0.449401934435004 0.445405896849658 0.450463524836812 0.445002420629737 0.455290374920231 0.460083236133909 0.43690544791986 0.312492959712888 0.41793510448855 0.396668287599424 0.43499090589635 0.456243551739594 0.36585080349207 0.420180868044491 0.424681070430422 0.346239032234212 0.31888546307388 0.351024957026867 0.400921503291234 0.343410502622638 0.39014108708749 0 0.380995457323515 0.432765283274289 0.373453582288154 0.40127541705603 0.378326005451645 0.482136508058742 0.465986021140243 0.423682046445906 0.495675403269418 0.503583961601283 0.487024606313274 0.465251498652961 0.503517357328408 0.441416269157193 0.444303775495756 0.38447842139113 0.357826333411733 0.38450947892413 0.461864975195114 0.40875407400611 0.473765480196385 0.4103386659902 0.456788126103364 0.492167326201979 0.516307394968581 0.387332575259873
"skandapurana_adhyaya-1-31_pu" 0.390947104470488 0.382953340110444 0.419647297620359 0.391925506695199 0.382612635248313 0.438426748276462 0.355599456067621 0.372184616870507 0.359407937142987 0.369739230000349 0.456126379581883 0.385152605960471 0.401341700187255 0.396740467070009 0.316946017770047 0.378872753232816 0.294681877477843 0.364577900753011 0.310780678226473 0.31312156796901 0.379686956213519 0.30494466170436 0.351091178041495 0.357801459192783 0.373199812132296 0.37621743495939 0.342541244503992 0.374372086087856 0.400844554733245 0.39418087023671 0.341115632929793 0.317867386825138 0.56126218060309 0.432396952132702 0.514028554390352 0.46861036480387 0.504243403941974 0.486843741190877 0.563437182956712 0.450620844996559 0.324083946158773 0.341068781147113 0.272505304029465 0.334270974253348 0.335482640124838 0.393472032788729 0.37577152810218 0.328200750443411 0.389564051978494 0.364082824464181 0.40689144090316 0.411881643139855 0.411293360511642 0.414180506816855 0.386358032622417 0.386879687150049 0.423175518608932 0.448049304508395 0.33926625753986 0.321800255733623 0.393526014475581 0.394340777820419 0.350980241266599 0.403569639402145 0.435753682003708 0.524884081644733 0.4564609154089 0.317027083583598 0.409378402385994 0.354390483740861 0.306208988911522 0.297858335989145 0.350039733373943 0.350746621198024 0.370661059690502 0.335053135573445 0.360030118085047 0.424045984810076 0.366125804394691 0.367446946567109 0.390147962603662 0.382371041269011 0.399122978976651 0.404152813486549 0.354850727760785 0.301253890210521 0.410989838443924 0.41849925724067 0.418767792162099 0.429901138503205 0.326518418620136 0.411517232519113 0.380903699550923 0.310750498081379 0.332913435314562 0.389557681827715 0.322130225004746 0.336943699095938 0.328116647078393 0.380995457323515 0 0.447546563066487 0.238272670357362 0.350421545296064 0.298511552832539 0.463190957614295 0.47318946559399 0.371863786284039 0.482777133268557 0.465963057029603 0.455060921000742 0.441948993855941 0.461810956479932 0.426330049910185 0.430469942364372 0.332563632604376 0.310684530287024 0.351968488610787 0.435377145389118 0.352925254928166 0.447866152512093 0.390766047050762 0.414919427324788 0.456693012800717 0.501035011375809 0.333542998349992
"skandapurana_pasupata_adhyaya174-183_u" 0.468584496632724 0.468667354611329 0.470748837407005 0.459239973124231 0.47178530086697 0.511650456812995 0.455704854785475 0.461105950219492 0.474058790340618 0.48381619562699 0.517966079755655 0.488703872502397 0.451811965760232 0.475053072191914 0.447245057459963 0.468018200309633 0.443178722335926 0.462069481183934 0.44112628714666 0.448104964552085 0.432270568347752 0.449656047448405 0.45540839212538 0.457907636492487 0.449244021050776 0.472273204128082 0.47763021346943 0.476638589339884 0.471679774843372 0.501495240819218 0.469422728819282 0.439279717112646 0.576615894942009 0.521753610236314 0.561894578426906 0.55167593539824 0.533736298162639 0.498760805716473 0.610457103179998 0.538681453308636 0.432757138324648 0.413031142545034 0.423524504672897 0.444328710461831 0.478532294999148 0.511396667736482 0.499046301514065 0.472597903817717 0.496682249051596 0.482409756312462 0.500513787418139 0.51221404350488 0.5056600035958 0.508169335034446 0.502036564629631 0.492628779386684 0.50417862277431 0.468412795955933 0.434707999274165 0.457855267130103 0.444928440270578 0.481748371109346 0.450095228264184 0.515878971136284 0.532954935385217 0.589825699409549 0.546070610940859 0.449959758663762 0.519468215857334 0.47084510743189 0.448776680362411 0.435402230021187 0.42844079080698 0.459694236064183 0.48666146470303 0.45941781347958 0.481756508852014 0.457190536902306 0.494348627990239 0.486124480928142 0.4943882775051 0.485260747219973 0.503276572514916 0.498398618837637 0.473885569455075 0.431967343654171 0.47494457906408 0.446213914880066 0.505518736069456 0.501824271424636 0.467485822422689 0.483534956300053 0.478592730671954 0.42763049143963 0.41548811812719 0.447403509307893 0.445094712859888 0.436850818069789 0.461120843070539 0.432765283274289 0.447546563066487 0 0.415685869200102 0.467954157889939 0.449584735248623 0.505764995666903 0.469421741606587 0.462846398369573 0.547330608240558 0.5294875955968 0.537498289615855 0.506997513641716 0.546476800412385 0.484341022600259 0.513492247490688 0.465170376789572 0.431501200406375 0.438158326671867 0.52232655631902 0.465574725493509 0.519335856195499 0.486760607902027 0.525881671147838 0.545752369185664 0.552199721479112 0.467349027937231
"skandapurana" 0.358760162948066 0.333294242231019 0.385542784057901 0.343300280233611 0.329665895639806 0.406048877560941 0.316660132074673 0.336829895902367 0.313948672312681 0.338743285943153 0.40988846542965 0.316918764206453 0.359922199695376 0.36069303282939 0.29173430884606 0.378054571664042 0.269697856370456 0.313154231522565 0.263608587490045 0.264805167604813 0.367124265220486 0.284827652306866 0.306821265602275 0.339075288578181 0.342203907820139 0.377731266790638 0.281374765838277 0.319880028645262 0.370422762931943 0.311166099612394 0.266493943735926 0.283150916169232 0.546262847751541 0.414185439291466 0.501020968541927 0.44848408325759 0.499413964717065 0.47872626303996 0.562646699203975 0.428876067622121 0.307461959110253 0.335120364842186 0.272655346194476 0.330857485983445 0.285795498535017 0.346891258819866 0.322823558416949 0.264621723296261 0.329991578269293 0.310345409998154 0.332910546781835 0.370348315111822 0.332852730944638 0.337120970355622 0.313268699113079 0.323824611654866 0.369229328919315 0.421999965662195 0.293139781322471 0.285240820360448 0.355502617671589 0.365820313828575 0.303103974876818 0.36363485007819 0.387916884363109 0.509844073732974 0.428490539654119 0.293431708341274 0.372639192234725 0.318974194302027 0.270625026089323 0.239698215300565 0.318797142809012 0.334999314664565 0.33631641733105 0.291890793981278 0.341551561193712 0.404979205640128 0.326316927829311 0.327458661021334 0.336041675757137 0.319639272720671 0.340424536607317 0.325534007471823 0.293941899757607 0.274017852114434 0.399374659540718 0.3851364086358 0.396842448569379 0.409553306542682 0.298833283213675 0.404306934684516 0.34638610569036 0.279570257739526 0.311651876336322 0.382408619623698 0.284878887687459 0.299868901598387 0.304528362805878 0.373453582288154 0.238272670357362 0.415685869200102 0 0.355324831176454 0.240005688345803 0.456468138344321 0.469765708081178 0.374244405269488 0.450297264754783 0.468076759243083 0.438110814097238 0.43732735694096 0.450263541021178 0.403114336637483 0.421417552283977 0.318987867332887 0.278688529496726 0.311501683856412 0.41205855195205 0.347146460627575 0.451528794110466 0.387818263127093 0.404814963965329 0.44671833659745 0.509420684970713 0.324959420652145
"vamanapurana_saromahatmya_u" 0.424968644662346 0.43473823028607 0.457602591953114 0.441870709310234 0.430646400397721 0.479616514075125 0.413640153633694 0.415359607688963 0.413940999713848 0.415192460883158 0.481233074642162 0.438020578111301 0.450158542157837 0.439883827260214 0.353068495411238 0.42503001966577 0.35819383260886 0.408390807692981 0.366791374924641 0.344450323258707 0.411063930429855 0.348639103552806 0.381149424675596 0.396834029230506 0.387781986137714 0.417039494851346 0.406159347853964 0.42480238276956 0.458984598276015 0.460756446035151 0.403169603034207 0.355305037415683 0.535620776342941 0.470028367375488 0.547035623540273 0.506282169253201 0.524571720571975 0.51288991657307 0.583684175395151 0.492909401060147 0.354326336975932 0.350299334093403 0.33762175124177 0.375847403629659 0.399384251095977 0.45412512724768 0.4369730504547 0.390884390348249 0.442841839645426 0.41879039733689 0.459798185095537 0.456278361225097 0.460644733077867 0.460967267048978 0.43447281279697 0.439174309338599 0.466505523905805 0.47158268350869 0.390457142884605 0.383604133661501 0.421834959938052 0.420157985735125 0.402855285173379 0.45242000892064 0.481762730538529 0.539819238179349 0.48750684575197 0.352977318328487 0.452185729096761 0.391595458752051 0.35031886357264 0.363991943103251 0.389215756116037 0.378727919788891 0.391330482454667 0.35928797653583 0.398243088611658 0.451393528932813 0.411929133393093 0.421185607710872 0.432563483665737 0.422374167615028 0.44774831697986 0.44726547157383 0.398132451272076 0.339166076670228 0.436280748742417 0.43549966420975 0.466376438513122 0.408365294945069 0.367869007472424 0.45656356896027 0.416961453836787 0.350415187104144 0.378138610126184 0.409719929178629 0.386360167148761 0.360101900289238 0.334687494968519 0.40127541705603 0.350421545296064 0.467954157889939 0.355324831176454 0 0.344558637279218 0.48511387150699 0.49194704068592 0.412343273819202 0.506313517848602 0.499543621081022 0.505267867115991 0.458146338024182 0.494058383504297 0.462821505191438 0.417395029119255 0.328436261196216 0.354599952854403 0.391930771179634 0.454141792811066 0.393397448956705 0.46968652388904 0.418467746715107 0.457960175757658 0.487358366627579 0.516006782853945 0.382040641037969
"vamanapurana_u" 0.32870966012857 0.352101081717544 0.398621830491786 0.365709524312083 0.344819180527063 0.409772975969411 0.317283277622085 0.338470147634385 0.313437940612891 0.327745441242315 0.430769746835366 0.33322255068556 0.383891846145073 0.374171988474588 0.272249809269721 0.402394803138186 0.265900411047995 0.306454095503369 0.264320084621564 0.277084010950531 0.365721042901714 0.263369224088259 0.299978257228786 0.318664445453968 0.337700131950641 0.36519228887271 0.292041464443894 0.341242511799847 0.412238176911622 0.366600728860542 0.295236732498117 0.256915085935965 0.536944578838504 0.424029395155231 0.517030174708006 0.462989219941799 0.512900989430459 0.498509188825879 0.57573131814238 0.442472793504697 0.285917729976625 0.318955300011687 0.283613493071918 0.321453626607934 0.321192748419223 0.374700624244992 0.357170705537779 0.304999947042392 0.368845113771715 0.343922612007191 0.377945610594029 0.408695243539753 0.372324895148204 0.372818369463902 0.350307324970623 0.363707987059916 0.398520283426543 0.445545684581386 0.33214666879417 0.322900464793389 0.384534715589439 0.38931672065549 0.343014652130903 0.396386610273657 0.407805522108267 0.519473095601593 0.456960873924066 0.282259802485177 0.369107146952118 0.335178303267907 0.27054383626962 0.254927737608246 0.289364326017588 0.294816573844387 0.344511001976895 0.281282256891229 0.321904234392628 0.408952345700526 0.336273177079149 0.338430551640421 0.347689333572157 0.345975805101753 0.359959374511248 0.356846140334525 0.31357508139858 0.266809968219046 0.403395651957646 0.400418629783304 0.39760716010652 0.409751662076935 0.278875090197635 0.424755316997137 0.363843520907992 0.281159118000228 0.320427789132291 0.37430055294548 0.308294009351211 0.28108780321933 0.299393452929445 0.378326005451645 0.298511552832539 0.449584735248623 0.240005688345803 0.344558637279218 0 0.477396965866178 0.487697472901638 0.391627556417041 0.458081107951239 0.489061144753287 0.459166141061941 0.453358954938548 0.463965105075025 0.421037133299777 0.394747717078572 0.303544284976501 0.299354128247041 0.31392190090128 0.41386173970226 0.34587894310651 0.449111790846467 0.378134163773918 0.386663133061913 0.437472110924508 0.498658132023259 0.310151814918731
"vayupurana_01_frame-and-cosmogony_iast" 0.503516642158296 0.482172341986552 0.493853526412225 0.493045559530397 0.491152505247864 0.519683170773555 0.465228419231754 0.478761420732771 0.476591704958161 0.488697703109049 0.551870022287605 0.505208857996717 0.498986603365695 0.488889586063254 0.467919674935445 0.419937191422477 0.455456739340679 0.484324552325633 0.446791542731902 0.482165065885776 0.489223072072518 0.473718486596229 0.473805518084228 0.478728543824531 0.479528814755959 0.496090652474614 0.495931192385325 0.522638418861183 0.505708353023276 0.509805936341973 0.489911258095779 0.46697098636973 0.612924154158116 0.53190116244842 0.575601746473654 0.563410538260242 0.552908012783485 0.545981923965401 0.613960106277449 0.555667124460454 0.460633740051745 0.468488037927764 0.437823754476325 0.46832477119923 0.49229429956575 0.528971635633577 0.511016272938385 0.491898359896112 0.520777811276949 0.502183604520893 0.527270340940434 0.51313683710003 0.529544257971084 0.529369329187107 0.519786450736623 0.509782224252537 0.524058534809128 0.529581224043036 0.474587368594848 0.476438871706576 0.500933622297831 0.499760570390216 0.487729811311308 0.527465838887668 0.543313217109668 0.591592296994488 0.550149835522431 0.454656139800097 0.517483533128577 0.488659509046148 0.456537234921538 0.439471582011417 0.472339607867167 0.497346866524113 0.509917199144719 0.489990671788664 0.497693771865398 0.497870168524755 0.519028617918969 0.518920353647588 0.53291427710459 0.522298421818449 0.531552813029863 0.538257912444276 0.506986252349643 0.455170795123613 0.52236428500496 0.516795046838645 0.527810920949259 0.524821876181759 0.485511706923762 0.508365362930774 0.509653416481842 0.447476264178286 0.455085934107374 0.50001691150058 0.490564115859364 0.468710385641235 0.476171976391611 0.482136508058742 0.463190957614295 0.505764995666903 0.456468138344321 0.48511387150699 0.477396965866178 0 0.484748399602106 0.452154702956179 0.525571211686957 0.480880977546437 0.486852813797316 0.488147603216053 0.497737114085038 0.489913911718893 0.527640053495619 0.482367075274233 0.397167220296777 0.484500679495635 0.538483599794538 0.469148097962777 0.521408477590575 0.477057674965092 0.513432796559624 0.538780668655174 0.550621983773085 0.458961570896815
"vayupurana_02_pashupata-yoga_iast" 0.485406409686254 0.517640716087081 0.514882092977474 0.509769405045079 0.512027043527151 0.529860374232446 0.489138406099596 0.498564931756889 0.504753739339636 0.517648458555345 0.548620447704518 0.529116901702651 0.505191494216649 0.516890224716882 0.462534557327258 0.466369139850003 0.472968952036835 0.500458670829578 0.469877831872593 0.490382197839878 0.468857112432173 0.476057443377312 0.464289066265617 0.470548023795646 0.458219975863199 0.49068783583258 0.507531948077218 0.522139656479171 0.510468191329048 0.540564212787156 0.506194546216123 0.466689045779579 0.597250509654646 0.542902106719908 0.583776619619457 0.573035309400819 0.565817962294885 0.536777837183376 0.634739665766378 0.561623102679508 0.482754924448769 0.459483123309964 0.457278323494968 0.462957972035648 0.50665553566893 0.547630101184008 0.524151213195855 0.498616853306343 0.520441888151178 0.504309403434831 0.535287479006386 0.536096222913112 0.535884598149887 0.537873917253886 0.531292489344174 0.515310882510269 0.529696393018497 0.515661772885741 0.46935383063205 0.485129509442918 0.492339912292461 0.488585421050536 0.482075482270811 0.537622623937916 0.554651528687897 0.603284302248322 0.566756682597585 0.465647624440283 0.540435016493205 0.503799609058439 0.470008067797105 0.457545891508488 0.46860073149814 0.48418956840564 0.517080966569106 0.491795468915707 0.507431596300505 0.486587041843025 0.527830812414438 0.519115098524389 0.52934775542995 0.520619396946552 0.537506741095353 0.536970927966454 0.513243085768911 0.461415046050087 0.501571925887351 0.483196268459997 0.536223608779937 0.522663156858507 0.490155856482541 0.519998428414205 0.522529148075067 0.452151937821757 0.447509219904409 0.470447947291004 0.489495830484094 0.459883731370704 0.489927395170188 0.465986021140243 0.47318946559399 0.469421741606587 0.469765708081178 0.49194704068592 0.487697472901638 0.484748399602106 0 0.472346404788806 0.561339005930419 0.509040452837953 0.528391146772135 0.481012853564581 0.524279173402515 0.49882675542747 0.531567392982776 0.486045559727468 0.427664622124897 0.486038207318265 0.536610785929607 0.489833151915983 0.529761251486978 0.488470913129387 0.532836812472881 0.548868832792518 0.573752830075407 0.478835514073983
"vayupurana_03_kalpas-and-shiva-lineages_iast" 0.437670086262273 0.429361109717737 0.447014949491294 0.433735065883461 0.432903317544015 0.480283906489829 0.403112086969862 0.421365626311579 0.409026840553699 0.419391584726102 0.508360752087384 0.437423697979584 0.441904620602483 0.425481370552426 0.390077788319293 0.384639530642837 0.379263552268049 0.421272710417895 0.378995937446937 0.411497693805311 0.437707482301778 0.398059624179059 0.408010956876649 0.419042662735269 0.42257020530771 0.42861914565848 0.435922647918128 0.442240841781166 0.447834068529875 0.44680057833886 0.411913283565751 0.38639371284945 0.577481600854141 0.465585088913415 0.529754783067235 0.505125241208313 0.504457105751272 0.481931885444054 0.566778044632557 0.485430616171766 0.373133062805924 0.400426305301366 0.351961901430032 0.398676257647139 0.42042807461084 0.457927254592384 0.446042650019798 0.417328290720466 0.453607453724111 0.438871451461416 0.466915639647139 0.475232305595098 0.468104515155397 0.464404026554234 0.45923557630279 0.453606325269909 0.479918697861151 0.49011533484728 0.414483435153879 0.412045216605618 0.46289169450397 0.456172977385986 0.427862150187585 0.47595962104403 0.487624260575144 0.561012486958536 0.509949805172039 0.381356238870712 0.463618188223478 0.42272097033231 0.380886038008773 0.363304660023997 0.40709531698262 0.431420144717705 0.449407534509092 0.415486477449207 0.44578804237194 0.451001739865487 0.446639327911536 0.450582379177222 0.462531422222279 0.447201229517098 0.465990639882386 0.465362037125995 0.428929697107778 0.372605834791929 0.465504389701164 0.462563076824264 0.48285499093797 0.473917143973226 0.40317701975577 0.468404330116681 0.424759834834847 0.374436657825013 0.389883060375013 0.444395275786141 0.400787326049292 0.40149889156615 0.407528550909309 0.423682046445906 0.371863786284039 0.462846398369573 0.374244405269488 0.412343273819202 0.391627556417041 0.452154702956179 0.472346404788806 0 0.500565844817058 0.458259446933303 0.452148813042285 0.46765220034388 0.460719846930666 0.450087699464045 0.46522461467515 0.412706808771153 0.312771989914905 0.425092534538727 0.477838762673521 0.412917044484158 0.473448356938843 0.451117683867428 0.461115962126535 0.489682630790473 0.528976459521001 0.400210075238095
"vayupurana_04_bhuvana-vinyasa_iast" 0.4823473228952 0.506593574328546 0.531623828275507 0.525721956732484 0.50799536195334 0.511697017826989 0.494726382082594 0.509222210890355 0.481555558067876 0.505496365043403 0.548847863310494 0.506757521866922 0.526792283446041 0.511469660901659 0.460955339380427 0.474425243325044 0.444870988666751 0.425861559734083 0.414757133911335 0.495003898965042 0.501518270383367 0.473920260261965 0.441792682933849 0.458840917367533 0.491321620886923 0.508395117284349 0.489267341315908 0.528856687073912 0.502809670317588 0.460434622676289 0.484831895583279 0.457645104828437 0.600313215966344 0.559307363615758 0.618692268505756 0.576655436725251 0.605313252846572 0.58944952957815 0.641110217633766 0.583632693639171 0.466938959530358 0.50477114843808 0.455678969192628 0.473557934880108 0.50716734756168 0.51590214402557 0.524959043972015 0.500564338011738 0.527968613298237 0.526965394133802 0.513197421110531 0.526997698303052 0.516654165539647 0.513120904764192 0.511063682515408 0.525685588983974 0.527635959056084 0.556184179047254 0.517044300625721 0.509065994718173 0.524499035042943 0.530891618393173 0.526826375018244 0.545410439971534 0.554285510990828 0.62417726155314 0.560147308151443 0.460218804391715 0.509924764125753 0.507622834423716 0.463165287955689 0.417476019738421 0.447480294414229 0.494276662391583 0.483566089418645 0.505483202392142 0.478694845927988 0.514621264050592 0.515858016893386 0.516051227249719 0.51494062807612 0.494372738686971 0.493843419500113 0.505670200342895 0.507451232758363 0.460830098248539 0.500066594918551 0.488158167173099 0.509306862956689 0.539940871960447 0.486395451822706 0.497852893830359 0.521459234397995 0.459082828032367 0.469278775823904 0.513335826092931 0.478154610477667 0.459516837247846 0.476989213048436 0.495675403269418 0.482777133268557 0.547330608240558 0.450297264754783 0.506313517848602 0.458081107951239 0.525571211686957 0.561339005930419 0.500565844817058 0 0.53782198708908 0.491956939938044 0.52584342011672 0.533751954712166 0.458228883750019 0.540951496498806 0.475979086779552 0.366665482212805 0.51374380392078 0.536814831840792 0.506863593509117 0.540729303439165 0.518104834377093 0.517004693531451 0.544010189835753 0.588777997264838 0.483153315666581
"vayupurana_05_jyotis-and-purvardha-close_iast" 0.506403950446139 0.508146579596787 0.534248888588692 0.527387371690655 0.521107687799483 0.54496130295577 0.492775649969101 0.502049345171702 0.502691325247433 0.50340138647418 0.558276360306048 0.523063507244838 0.521209972782289 0.504796999571246 0.469860770905622 0.39946395899541 0.458332238709186 0.48422203954432 0.448193953911231 0.493769580775266 0.504160815813717 0.481865140039152 0.480262234397622 0.485643408506108 0.47671636750543 0.50443179070798 0.513198581392325 0.538927468225666 0.52191153690573 0.523714643259408 0.502947776268124 0.479557904810861 0.615164624984745 0.541583745445763 0.574554250560329 0.565991958314317 0.573869613140749 0.554484781595544 0.618919453731037 0.561583421865152 0.485513793170044 0.484441083811687 0.452730075540261 0.487527854073391 0.499782551630507 0.538692021658274 0.51868587204779 0.498339653306694 0.52305753081787 0.508418067349474 0.536452453876137 0.537361901646377 0.542680178631834 0.541727170014312 0.526944468935103 0.520763788792342 0.538326215530846 0.546520197631472 0.491920244134736 0.488575312145182 0.52237557445327 0.515986129005187 0.501964867994975 0.538125035901971 0.549579239818144 0.608348316888527 0.561275454518034 0.461998712219111 0.527533827210731 0.491756617603026 0.462819247345716 0.443766188151264 0.486950551682951 0.504881199955469 0.511234141083983 0.502501806934655 0.514819752574474 0.517988030677344 0.520530567816914 0.523738821581319 0.544975171280708 0.525122212911435 0.547952441005755 0.545634875767826 0.515070976286826 0.463866280561977 0.528797605637804 0.523805333965957 0.53868469195577 0.522511429562019 0.492995894727382 0.52841400197528 0.509946719338715 0.450008249102283 0.479079836763551 0.506769457119782 0.502355368033371 0.478297847232268 0.479915387985197 0.503583961601283 0.465963057029603 0.5294875955968 0.468076759243083 0.499543621081022 0.489061144753287 0.480880977546437 0.509040452837953 0.458259446933303 0.53782198708908 0 0.480344219820003 0.488753172404892 0.462609930727163 0.48178380902394 0.530703013200303 0.478854050100773 0.401010358669076 0.51014778647966 0.553292362518161 0.486251128594017 0.506612223058037 0.491885074552426 0.526577219442487 0.528766146859803 0.542144276974298 0.464992633459612
"vayupurana_06_prthu-and-prajapati-lineages_iast" 0.485371933126051 0.48867935522275 0.513996061546151 0.502703369149009 0.498689609891443 0.526997691792778 0.471854663827291 0.485581880647166 0.475842619634174 0.476498797934925 0.547012206674856 0.498367544688534 0.509911152006068 0.498953816563589 0.461239905795837 0.413566883415831 0.437373075572015 0.455333662895724 0.423305871405262 0.479672227368007 0.497135579586062 0.463309313546188 0.453537324361366 0.472843800631529 0.48003343972091 0.485887082730885 0.480498135805084 0.51760482699813 0.497579963521981 0.483398383375207 0.472121265742043 0.457560660410941 0.616760470648264 0.511421020815464 0.555244573073299 0.552515802924793 0.573304409211307 0.551037146893191 0.613987770856371 0.538148804575418 0.478031395371807 0.500865528981522 0.447891325822541 0.473507369528747 0.478366149443966 0.506290113957012 0.495571120058254 0.476801909161049 0.498734597355195 0.49190436513256 0.513269317800018 0.511236669650704 0.51620792432607 0.513428210722254 0.500372144788418 0.49860002139632 0.518256494416818 0.545798839944157 0.480093746690276 0.471802623275013 0.51246009962802 0.506278547091817 0.489289067387521 0.517132731681781 0.53873807464134 0.601769537797904 0.543162783760817 0.441113603356423 0.49674501182422 0.48266088045395 0.440863879310655 0.416597603571567 0.466165119813003 0.492383186611619 0.493601884451099 0.487729247930761 0.51195319321216 0.517397757976938 0.497904131222593 0.510787756486565 0.514886410075889 0.505163477437125 0.511769885216846 0.514625225108774 0.496348679440798 0.459177424222813 0.533869375190967 0.521683665826393 0.525369785592441 0.520603653620999 0.476987847694864 0.524893047545592 0.50987422772802 0.442970142195515 0.474084378332887 0.513842584792761 0.487244626284375 0.469767376136769 0.479831321707524 0.487024606313274 0.455060921000742 0.537498289615855 0.438110814097238 0.505267867115991 0.459166141061941 0.486852813797316 0.528391146772135 0.452148813042285 0.491956939938044 0.480344219820003 0 0.483375760630777 0.463178899894575 0.480962970463368 0.525478025065147 0.489867864278889 0.371357210003248 0.49864444154361 0.53229606106851 0.487215236845469 0.531499867846847 0.493499908991251 0.506820203348579 0.537031694070111 0.570540403510544 0.462965292625495
"vayupurana_07_shraddha-kalpa_iast" 0.460071508522206 0.481651554700007 0.499943271493184 0.497115430438379 0.492235579554021 0.51923190904553 0.471057060079632 0.469163813447965 0.482453232702562 0.482270204267619 0.532742349259544 0.497084609624645 0.489211935517918 0.485523060596067 0.423857349050971 0.439166053611128 0.435899803828674 0.470022906339564 0.432436835054233 0.448310874961118 0.476269917448686 0.445234913084054 0.441332914974564 0.442960141748478 0.422045341674728 0.464218000662583 0.474203773784861 0.50889333450342 0.504380947207819 0.510650363866844 0.476084527190973 0.440801682115671 0.588322645134272 0.515686267666409 0.571274714141191 0.549613501283497 0.566446468721113 0.54377129167345 0.621327640532737 0.542025382244561 0.471261926325598 0.447983403885955 0.433214487169102 0.453959030800998 0.469228629576258 0.524106502683478 0.492143737585345 0.464495050741363 0.497203674101344 0.477699345492105 0.517782978843042 0.499254069471193 0.517170888141309 0.52012092864001 0.507980205987047 0.492411127897455 0.509456918641161 0.510226354356294 0.451137472159331 0.438646079133824 0.466708349332155 0.456146221670979 0.468814570345467 0.506310400177151 0.531737833728605 0.58121952550592 0.545648920311819 0.431570935678189 0.515101862200877 0.472239898578084 0.435310330694481 0.408420530329668 0.438722248865429 0.461964233920515 0.460838199672544 0.474580207806984 0.474112636824469 0.485276078689499 0.499124066574749 0.497053397558841 0.518552544586616 0.508581237648505 0.522941517868336 0.524198735029755 0.494115930306367 0.435501086881371 0.476208951639825 0.474151515198106 0.509573558545035 0.49721229341283 0.467583509913789 0.510401529913967 0.50647945285442 0.422600847632315 0.44199483890874 0.460939778369633 0.47203939669488 0.43591446462105 0.461703849172093 0.465251498652961 0.441948993855941 0.506997513641716 0.43732735694096 0.458146338024182 0.453358954938548 0.488147603216053 0.481012853564581 0.46765220034388 0.52584342011672 0.488753172404892 0.483375760630777 0 0.49152735762459 0.479857828770812 0.476450653556721 0.455962017127635 0.379956937510843 0.460256890664275 0.523259357607067 0.474210353632057 0.516088789793827 0.456256529402467 0.503251821950257 0.536657119250972 0.551480155375503 0.449751778942782
"vayupurana_08_manu-candra-vishnu-vamsha_iast" 0.497566260991069 0.492826843724856 0.524121329144707 0.519235001063244 0.507213372095463 0.537206959376304 0.485628322141543 0.489253970343014 0.484826805853015 0.464418700959834 0.556660147143231 0.498563504570762 0.522875449489797 0.493484105441933 0.455153592880287 0.431724004847871 0.435584656994173 0.487266341754156 0.441631184328973 0.476961657644663 0.500357973179033 0.462906038974314 0.46700604568053 0.483837565192819 0.483961635479389 0.497961625679316 0.4895520134579 0.506516233300769 0.527513844605283 0.51854185890039 0.473543541031019 0.460863208772954 0.620616482062354 0.502951341900048 0.571410226817628 0.548367078189932 0.585140823489115 0.565209656269943 0.616197295365951 0.50949021958615 0.484573661336463 0.502823550784923 0.45708844260296 0.486207800329735 0.465797266348335 0.512971811051917 0.483732941319894 0.470694707522991 0.496491700790869 0.485198448007608 0.510906056167885 0.51101863221442 0.512576148290027 0.512702844956705 0.495236389342665 0.50340878787629 0.51746573703925 0.550286830849316 0.4812635388971 0.475077607816968 0.530589406891589 0.514667359907509 0.482964985014315 0.498087638063707 0.528263692846014 0.573240962503619 0.536066989250879 0.436397254717388 0.505716336513701 0.457486675156001 0.431988217772885 0.428564499952874 0.478155109828137 0.488431399385632 0.499116276613538 0.474455310638702 0.504362871234387 0.536138098013047 0.492978336849097 0.496356845810789 0.517793321327797 0.508703028961641 0.522827261770444 0.524726036571807 0.490592877483702 0.461060151421177 0.536947366698913 0.526176858706755 0.527917594470139 0.526853182194491 0.479975095588071 0.538703851862456 0.500815654826103 0.451807316304882 0.483155009786964 0.519480164963325 0.493149781757007 0.47953969106674 0.474397367968216 0.503517357328408 0.461810956479932 0.546476800412385 0.450263541021178 0.494058383504297 0.463965105075025 0.497737114085038 0.524279173402515 0.460719846930666 0.533751954712166 0.462609930727163 0.463178899894575 0.49152735762459 0 0.494913085133643 0.527881754633295 0.473512236115795 0.395687606177848 0.503563384161889 0.5429129995067 0.473883814072794 0.505945717565023 0.489317441208469 0.486845783781396 0.509998943039705 0.5546217598336 0.441238587425866
"vayupurana_09_upasamhara_iast" 0.445733544015067 0.440927585495976 0.464207239796372 0.456587957600651 0.452312874475693 0.481897580699888 0.431923110997268 0.443064630670931 0.436077339581974 0.451437358643957 0.491985241941474 0.446955760631285 0.456210206080884 0.44784349187427 0.414793513379447 0.429635700207292 0.391672421504895 0.405839569121388 0.376531477597916 0.441356632897024 0.435059814156082 0.41170937077205 0.410992361752533 0.429551995596785 0.433307865567316 0.452591614336875 0.452107289626652 0.484563903010292 0.458562939987695 0.459735776722309 0.44180658205652 0.417204338286209 0.578752412570512 0.532415084494114 0.57849000029777 0.539687931379268 0.556417258058207 0.548837493325417 0.616147919415765 0.548142276688853 0.422623473214761 0.438204740921162 0.40319023926621 0.425749434358598 0.457682029096074 0.494242685634205 0.474928319040038 0.447537116190283 0.477307897025048 0.469644498852399 0.480963767909146 0.485509883678347 0.483796897744848 0.481704961044259 0.478001075552622 0.476893177663731 0.481576623733062 0.495826832978104 0.445648658979383 0.451612142419392 0.470878129719476 0.484474270368942 0.458874243293222 0.497800614937075 0.51274048391211 0.588403181825115 0.526653545403212 0.411355319358673 0.470617264020198 0.451491597711949 0.408405574289657 0.380566173746174 0.405408762671824 0.446314165666049 0.466996509320827 0.448924046430207 0.437482258004813 0.452262067189502 0.477361687541157 0.476596558927246 0.480317871612482 0.468581907761069 0.473290871506653 0.486027329981738 0.473151020598944 0.400729068691225 0.479482819964818 0.457738991238134 0.481712791752969 0.493579365104219 0.438566128243304 0.476966481475761 0.47266136684108 0.398680448316866 0.413969873545948 0.457030578614648 0.436253025636849 0.40843937561124 0.437202552977051 0.441416269157193 0.426330049910185 0.484341022600259 0.403114336637483 0.462821505191438 0.421037133299777 0.489913911718893 0.49882675542747 0.450087699464045 0.458228883750019 0.48178380902394 0.480962970463368 0.479857828770812 0.494913085133643 0 0.487123427637949 0.425664998940794 0.347845869190286 0.456317858383531 0.497849715893047 0.448673203237198 0.498779844775952 0.462838463460468 0.48604753545152 0.515493701301601 0.535452726560523 0.431737126113494
"vayupurana_10_gaya-mahatmya_iast" 0.410815530752139 0.469756941545325 0.491998024938255 0.48211279700561 0.469507358371688 0.524423375098273 0.453516736887606 0.451680512183895 0.455456726642685 0.45833120434777 0.522027403499655 0.473636486409798 0.486628081481405 0.491355220694742 0.386944078652467 0.474349586187633 0.412851614676002 0.437711384314546 0.40874159816104 0.413571225864733 0.448985156625314 0.397345872042443 0.409350497940253 0.411735983198124 0.394417775702824 0.433336469225891 0.455265333543472 0.4773684516913 0.506820055243396 0.506202328837204 0.461202861820652 0.390265131010732 0.562138713579247 0.531765127892558 0.595146555094751 0.551885612731154 0.563862262405085 0.558529299073304 0.636288973431203 0.540863441102783 0.431261586428277 0.415563820586296 0.409542124325054 0.419565449303316 0.470893662735695 0.506365932295505 0.493380888645436 0.466292578432481 0.500246290435951 0.482854953930684 0.5110501351301 0.511700753283326 0.50544780950322 0.50693038320103 0.492882014993458 0.492151107710339 0.512750848629937 0.531761400740214 0.465558676435842 0.45314868551255 0.480777576240128 0.474226417589905 0.477507505184549 0.511292940178304 0.529123673166428 0.580490568674399 0.53271077475359 0.421347046275379 0.483295848352205 0.464742203011409 0.421737900083047 0.407262342536018 0.39337956520163 0.408446223067998 0.439724695748392 0.430111806877468 0.433300323917116 0.468288018238845 0.479266316351828 0.477385071659782 0.493328876233469 0.490302177188675 0.507482158636174 0.50772749793293 0.473457742976206 0.390506516557582 0.468964391897812 0.468775231673284 0.49970792658813 0.475873067358529 0.413005521794625 0.511949899955082 0.463441125958016 0.400919433897023 0.41325564450292 0.434148024034058 0.436412192583989 0.39424933878307 0.40993990879186 0.444303775495756 0.430469942364372 0.513492247490688 0.421417552283977 0.417395029119255 0.394747717078572 0.527640053495619 0.531567392982776 0.46522461467515 0.540951496498806 0.530703013200303 0.525478025065147 0.476450653556721 0.527881754633295 0.487123427637949 0 0.393211722982913 0.361296926007745 0.449426850030199 0.501797811871678 0.449466025630166 0.520897624493407 0.444692131762261 0.504273450232449 0.522378024313538 0.558712536587845 0.438027379030583
"vayupurana_revakhanda" 0.360639600073601 0.402275486240784 0.432937052537686 0.414016121965088 0.397218877400046 0.447426171922194 0.378535840010256 0.387267808585582 0.382329547740214 0.392661429301921 0.452025905062589 0.392728296662023 0.409274514398005 0.405800895910845 0.274209850265492 0.398689554911001 0.312647843465074 0.353946279543226 0.306365899833721 0.295956027575372 0.372561407386237 0.294347822486024 0.314553657350401 0.32876424127514 0.31419772237085 0.375802176220701 0.363446899648632 0.39684184705451 0.442797304910429 0.430700826871355 0.357247207863465 0.300286339216239 0.519530056751654 0.471930006936771 0.550141351039993 0.495264102768119 0.532555152173336 0.517444849427717 0.592926394400486 0.490415157371841 0.341028341072365 0.328967189932754 0.308490199545329 0.336661519941093 0.362236064374482 0.42940997237883 0.39767797332086 0.348284807755325 0.411003848016622 0.38455934168716 0.429347489677401 0.434133430791476 0.426945791800696 0.425871415603827 0.40660623405758 0.410294259629126 0.426293262578417 0.451220107725448 0.355423848718066 0.342552718399806 0.388948929992816 0.381536866366098 0.374949320707208 0.428791456818129 0.462377446291622 0.537134876476407 0.473601873671802 0.305356597593578 0.403536136557757 0.346638631398453 0.293709170128429 0.297055712170105 0.318612448120884 0.310077244797174 0.340546495368491 0.317843270029535 0.33906888804868 0.430134258239818 0.396783221647162 0.390412534909298 0.403594945422332 0.402036851165719 0.41894296127565 0.423171699739668 0.379569690839852 0.293211252916604 0.407864138439156 0.405637765282895 0.429170892659024 0.385524602157267 0.328381861164321 0.432553326017047 0.387003617124117 0.284157908991457 0.336535375315346 0.368519975369129 0.355123634629529 0.295045048814758 0.242009337274177 0.38447842139113 0.332563632604376 0.465170376789572 0.318987867332887 0.328436261196216 0.303544284976501 0.482367075274233 0.486045559727468 0.412706808771153 0.475979086779552 0.478854050100773 0.489867864278889 0.455962017127635 0.473512236115795 0.425664998940794 0.393211722982913 0 0.313330065114782 0.347358435016566 0.405366254858924 0.371792743600269 0.442983730443369 0.378114114285508 0.431998948525545 0.447129127483245 0.501414989840132 0.336182123129689
"vayupurana" 0.330474616416246 0.369986819504186 0.409056955865513 0.38756183310528 0.371529718944132 0.421341814139873 0.341732819369983 0.359305967124588 0.343780114650359 0.35921544240645 0.449852647992795 0.371333984162707 0.389254826867537 0.372208313865483 0.27986163968803 0.310691744337979 0.269568212745325 0.308519810196368 0.247012808941485 0.317837617523308 0.364220537517282 0.30314060838184 0.289811857176786 0.306285499492767 0.314815178590944 0.364887713225037 0.35317580989966 0.400008585815041 0.391115661558219 0.37771490561578 0.340953056371545 0.288136298933248 0.541043241448819 0.444181029357545 0.525797284852758 0.47776203820104 0.503928349038878 0.484082033566956 0.577325581696564 0.470390527570258 0.318202769197863 0.339759947251443 0.268396638200976 0.319721290224369 0.355465642998864 0.408771008791605 0.389625634855291 0.345461444745916 0.401209794192228 0.381239579514761 0.40674500518735 0.414891580179535 0.410184673854504 0.410316383846323 0.391181230123757 0.395496021467079 0.417941727022907 0.446511715019554 0.348814156998163 0.336634487165429 0.396828535776525 0.386669654618253 0.372173656352686 0.420786597646007 0.452320833235112 0.542993828130486 0.468665136121485 0.284140703987791 0.402472248276804 0.35883662486865 0.28563290792914 0.228907870496685 0.290493669982846 0.344011783892114 0.361224912571016 0.338922300782869 0.34792062981472 0.391851445737176 0.388395165246386 0.387609255182281 0.405471571756312 0.386757409609486 0.403430722569228 0.408878439783118 0.373436248513018 0.276327780340234 0.394440325916402 0.381511267771308 0.398553051931023 0.422837760478138 0.330427149893465 0.392020084501263 0.390810497345359 0.267418778760353 0.305676538179455 0.36947842254116 0.337829642287374 0.292006303406867 0.310481437823159 0.357826333411733 0.310684530287024 0.431501200406375 0.278688529496726 0.354599952854403 0.299354128247041 0.397167220296777 0.427664622124897 0.312771989914905 0.366665482212805 0.401010358669076 0.371357210003248 0.379956937510843 0.395687606177848 0.347845869190286 0.361296926007745 0.313330065114782 0 0.358159627510051 0.43500314516689 0.351597124832771 0.430176230818772 0.364013646637118 0.406403313619253 0.439003447904477 0.495486913006058 0.314317124223333
"visnudharma_pu" 0.369709937256433 0.352471195653122 0.380787259503177 0.317341433631992 0.309927002079974 0.384298700351358 0.345953062989271 0.349342141424 0.354023271236983 0.38691858521537 0.385082921413549 0.320240246819659 0.313068164661707 0.329546330917734 0.319290488101986 0.43038098343343 0.341347929542877 0.385878608457465 0.348081677266149 0.251470157483319 0.391421213572557 0.323597204805052 0.344283053506176 0.364548720697284 0.342853959249757 0.390438009986758 0.294861755858176 0.32726962731059 0.382661472852364 0.395527148184867 0.288477983975649 0.330116154862077 0.522846047769495 0.410132756707529 0.496241713478868 0.445567586153838 0.475679699990153 0.463899000146177 0.55174807405465 0.430275743150918 0.351303312677329 0.3459271980389 0.3346735568387 0.364491524374363 0.288106967941821 0.376832320934321 0.320707084660743 0.277664607533225 0.342314539458308 0.294539636538087 0.37363181231736 0.385556483377738 0.369265253460801 0.373107062636079 0.35405029010155 0.340761149357925 0.35910734481342 0.38206201368575 0.243918912070425 0.254624848738647 0.299327784733103 0.306228487263338 0.285790956636773 0.363058060748726 0.408350386154898 0.501686865819169 0.43636294171141 0.316967747733387 0.429440773192569 0.34224980788471 0.304858466843469 0.314851670172707 0.329204598374715 0.32820115308152 0.38164693967271 0.269070485612903 0.360168670814835 0.419609001953928 0.340814795956376 0.325872131575636 0.352670300205757 0.345464455161438 0.356750872632626 0.372939635211938 0.326044144935245 0.332155169265524 0.414728394685284 0.389866296293394 0.443062088971084 0.431685155429304 0.370459975174875 0.451129878844907 0.418781128527111 0.321005392969859 0.357206954684247 0.392390392771009 0.362153405353748 0.320812487439375 0.309696162685045 0.38450947892413 0.351968488610787 0.438158326671867 0.311501683856412 0.391930771179634 0.31392190090128 0.484500679495635 0.486038207318265 0.425092534538727 0.51374380392078 0.51014778647966 0.49864444154361 0.460256890664275 0.503563384161889 0.456317858383531 0.449426850030199 0.347358435016566 0.358159627510051 0 0.391020087526483 0.348158706017656 0.442034629739889 0.352576672822524 0.417808544974107 0.448198534796796 0.489436778333007 0.318575445057535
"visnudharmottarapurana_khanda-3_adhyaya-343-353_pu" 0.441610133033549 0.458979268434374 0.477100690931502 0.447718180334461 0.433839349171578 0.472859969834553 0.4473819838046 0.453741197175311 0.446529265105382 0.465779112261331 0.486083628961096 0.43644754221825 0.451485285475228 0.432331119570631 0.411514811863016 0.485459663697024 0.426288862008773 0.449325143884763 0.423286977991348 0.382850705227868 0.468588670431893 0.42020660291934 0.422762321211225 0.435602576596367 0.438497677074385 0.455626574165277 0.397790923429144 0.416221925538578 0.465962778084574 0.455930900381709 0.401945883424492 0.413589359389832 0.562637195315544 0.486974182092977 0.553278661796441 0.507787613447687 0.532309812323138 0.537961491750903 0.589545239045913 0.503647468760516 0.430856132564452 0.449489393366529 0.416518842713477 0.424394792374178 0.402608601680458 0.440094885929607 0.431136395896501 0.395973499987405 0.440724870301994 0.425658851164398 0.456799740097452 0.452404203727093 0.451929175810646 0.4505370168039 0.444935407472376 0.436312944706058 0.45118582611144 0.476729527418628 0.403569374628765 0.403047487607987 0.446530627283873 0.443143961660117 0.407064102432179 0.460948601914088 0.46921668308451 0.543344038239427 0.496796601240839 0.422626057371486 0.484011531552641 0.426773551646252 0.409599190842302 0.409037157400741 0.430300444105432 0.44174825004084 0.438490733675078 0.374976074674242 0.442454503346528 0.499541988080225 0.429703682024509 0.433450541903784 0.430927932491332 0.43150172840967 0.440174684613245 0.450629080212765 0.412882114983625 0.417128964970528 0.510419233201735 0.474656639791766 0.511157834418305 0.494177360982936 0.431811331438573 0.510398247172163 0.468279920201385 0.427107752695317 0.437628433854114 0.472060453908473 0.441777178678684 0.432716092527711 0.386652733488617 0.461864975195114 0.435377145389118 0.52232655631902 0.41205855195205 0.454141792811066 0.41386173970226 0.538483599794538 0.536610785929607 0.477838762673521 0.536814831840792 0.553292362518161 0.53229606106851 0.523259357607067 0.5429129995067 0.497849715893047 0.501797811871678 0.405366254858924 0.43500314516689 0.391020087526483 0 0.445457448204053 0.501486088886148 0.460793870544467 0.488502136821925 0.500348236846076 0.548920943583452 0.428208051155226
"visnupurana_amsa-1_u" 0.417278832284566 0.400808162348643 0.417109690416311 0.39807614512367 0.382930054230531 0.453908150033335 0.360548394599012 0.362239705483974 0.366568605227439 0.389073919158003 0.467123943348785 0.397053786813584 0.408016768894524 0.400610810928679 0.359028092572018 0.410086316375506 0.340180730946661 0.387712377744175 0.342115064852769 0.351661602988473 0.400236623166382 0.340416678027148 0.389900554117001 0.392870423558694 0.389784055694392 0.404790293423649 0.384292350299776 0.40221530628859 0.433589555812231 0.426842725390378 0.374409140119935 0.349633587862581 0.557844237677073 0.464060192055462 0.538556131828277 0.501620991847986 0.492418324278654 0.50442331452166 0.570030881035784 0.490442218620284 0.355401828497793 0.380785326507008 0.341879767790315 0.38490360136506 0.373985319054715 0.436062407943202 0.408337165060569 0.375063406956604 0.425238922159989 0.397833614476962 0.435935819595044 0.433502937111984 0.442615831004802 0.441392966019451 0.424022339698533 0.421014181742263 0.444847972893776 0.459531940900367 0.363865153884886 0.365978275179305 0.425879405366277 0.43147361233816 0.379558663237141 0.433189809253174 0.468432572531916 0.537890801397717 0.48889459859441 0.323097858308856 0.423564325682369 0.346820438574761 0.31039657191402 0.339562940622109 0.376346022211267 0.383362178007512 0.423560328551318 0.357236535801549 0.390533897612524 0.423155273886133 0.411055028456299 0.408172517987332 0.42988455327072 0.417474174108589 0.433680476327252 0.439192433309334 0.394212289810831 0.34513871498828 0.457425958767291 0.445465933118332 0.446279945631046 0.457609207132943 0.361301405944762 0.460222085729069 0.400227697037915 0.342501758516428 0.367174448145536 0.421435423262022 0.385049130371147 0.365087099809783 0.369863551735235 0.40875407400611 0.352925254928166 0.465574725493509 0.347146460627575 0.393397448956705 0.34587894310651 0.469148097962777 0.489833151915983 0.412917044484158 0.506863593509117 0.486251128594017 0.487215236845469 0.474210353632057 0.473883814072794 0.448673203237198 0.449466025630166 0.371792743600269 0.351597124832771 0.348158706017656 0.445457448204053 0 0.395946001642938 0.364650429156794 0.405875700305924 0.389190633360217 0.439053764663773 0.235557736292119
"visnupurana_amsa-2_u" 0.472729225675696 0.484897178135985 0.493830696622591 0.48092340923565 0.482471162309612 0.499806417333256 0.463948101052248 0.473378876200962 0.471565664535517 0.477707210446611 0.519050506204027 0.482912756588289 0.482969034697794 0.463993639254889 0.428778813139505 0.440310557974522 0.427935241191106 0.462756412479045 0.425314870136186 0.445099316726885 0.467684801210771 0.442901464176457 0.463599587405892 0.451113714092812 0.445458046366357 0.476531206351966 0.480478813917433 0.487796441582816 0.492110248667688 0.497084147952258 0.45929364303919 0.444935173909858 0.582750403061267 0.523724995371714 0.576436399191432 0.554897265692243 0.542376459940611 0.555421530667808 0.595648121814086 0.543359989780488 0.45753156987923 0.461062812313809 0.429736486199411 0.454072151637497 0.460573666605567 0.506342357655828 0.483775246418728 0.455242073361641 0.490208106286072 0.480442594572541 0.503719162875918 0.507189355128274 0.506235757674741 0.505759412804866 0.494033275280203 0.497809197840715 0.510858285411123 0.519209568073593 0.450085161820466 0.444979065820971 0.491678057580137 0.470854580013837 0.463106979738007 0.506615923117034 0.528986441072405 0.577678798094296 0.533882142277898 0.409140685947706 0.491235406001024 0.438023783210981 0.40701394226612 0.424253429902292 0.441048516720692 0.458335261685645 0.483018604542705 0.445950843724429 0.475749236373608 0.502726397953316 0.486065365204235 0.489385668568352 0.495917614871513 0.49228030850079 0.50408253775783 0.505105830554826 0.483393638373546 0.437986834477345 0.51581768990765 0.51177915609874 0.516257838585547 0.512345151682085 0.468482559434333 0.517931235512254 0.486884646238187 0.428593767342314 0.455626605638431 0.485226858377036 0.465192211317512 0.444756709363153 0.438447509909359 0.473765480196385 0.447866152512093 0.519335856195499 0.451528794110466 0.46968652388904 0.449111790846467 0.521408477590575 0.529761251486978 0.473448356938843 0.540729303439165 0.506612223058037 0.531499867846847 0.516088789793827 0.505945717565023 0.498779844775952 0.520897624493407 0.442983730443369 0.430176230818772 0.442034629739889 0.501486088886148 0.395946001642938 0 0.423824349457896 0.472950417978859 0.448122153932616 0.46057579148285 0.359177614737537
"visnupurana_amsa-3_u" 0.388689244326536 0.425905274402661 0.448160569837968 0.425614531619056 0.419553464957636 0.464470717469211 0.396541720859779 0.397097843744702 0.407281550480611 0.422694362555833 0.471539781711128 0.423144743427839 0.420654542585334 0.419544278090657 0.342324366621619 0.412996073163777 0.356593527787376 0.403148700466732 0.358385548613921 0.372067052989417 0.408699855939936 0.367063982753017 0.381617758548075 0.373587772482028 0.350838279591746 0.417364475660494 0.408014389921649 0.443247517546952 0.455467438766082 0.460795629959025 0.401474604690294 0.363200251905238 0.561980403453191 0.479285110057847 0.550625098205323 0.513134147251332 0.519957352441315 0.513122216307629 0.593096796509586 0.49813233394 0.406264803097925 0.380814659530691 0.359404579990561 0.383830431853248 0.402428433354175 0.464118384563882 0.426196988857314 0.398955326583239 0.439087082393631 0.412681707178881 0.454554314716608 0.453015161864695 0.456711335245279 0.455944628874835 0.439883616269485 0.43761600028413 0.45498597335449 0.474962748594308 0.379119921072023 0.379779278506941 0.413861013399095 0.397790126198111 0.400860969588802 0.442852010307703 0.487826917117555 0.554028247389192 0.496272382355701 0.336786251367069 0.441333518055619 0.389506665547802 0.336339390101623 0.350861459329629 0.353357434601414 0.373956681996976 0.420932268374133 0.384611245667184 0.39784525807162 0.445878760936824 0.43987229668627 0.428193187359532 0.453028426677461 0.445716961920387 0.454451889602575 0.465727990879478 0.433953973664303 0.370323706008955 0.440794315037963 0.425367229090115 0.437756384579265 0.468239773714583 0.399723601674137 0.4555552232729 0.456037521126009 0.350054104613448 0.372789697699957 0.404911349814041 0.408819162879047 0.368152858508912 0.381887629422242 0.4103386659902 0.390766047050762 0.486760607902027 0.387818263127093 0.418467746715107 0.378134163773918 0.477057674965092 0.488470913129387 0.451117683867428 0.518104834377093 0.491885074552426 0.493499908991251 0.456256529402467 0.489317441208469 0.462838463460468 0.444692131762261 0.378114114285508 0.364013646637118 0.352576672822524 0.460793870544467 0.364650429156794 0.423824349457896 0 0.402130496468249 0.452215282763932 0.463717253068005 0.280477658794585
"visnupurana_amsa-4_u" 0.426503550092621 0.423082362901452 0.451546634764744 0.434487957156664 0.423029570587223 0.423596517359192 0.409308057463995 0.423977921700094 0.408552735424742 0.377533215269409 0.47637056137644 0.417596210081638 0.45519753688368 0.41771522929817 0.390157672682286 0.449022421854992 0.364841415825449 0.398944184055651 0.363573581904173 0.4141837861911 0.452177582478249 0.401369238555125 0.433714250316465 0.414765006591968 0.431510207874401 0.448395289945651 0.428876559590144 0.460786406620853 0.47542298135372 0.460404662837231 0.412608122510012 0.403123743433589 0.586933001089844 0.452594228454159 0.544039825819323 0.477265618731782 0.535013636847897 0.5216410151897 0.576620914399829 0.478061150028736 0.415834131978107 0.438393938862946 0.404178398272577 0.431481265419612 0.406833309431957 0.460968104119906 0.441380769894583 0.412277962843946 0.451176578160254 0.431418927103638 0.458509790156218 0.46815331158864 0.454650176808656 0.457123969898087 0.443537981516105 0.448172761974661 0.465546826164237 0.492074029532534 0.423386054248957 0.426499875254637 0.472691587670241 0.46856535623087 0.43430365224491 0.463416846030711 0.480240606894434 0.576201891892372 0.525168672675087 0.370084207142782 0.461199657184329 0.407401915109555 0.367227154741623 0.381984290560804 0.39883560405293 0.422103225608365 0.458483942666144 0.41287945291335 0.397684001080345 0.438958074939778 0.442634276196678 0.442863669435211 0.464205592271256 0.460175531811704 0.463434503506385 0.4747408803401 0.442495134946041 0.403492373754867 0.484374114270054 0.466493604285129 0.422218708660323 0.515770092431643 0.424085861318162 0.447861709777958 0.469187165721379 0.399759747992916 0.40424989987774 0.456306169197439 0.435681968523473 0.393490519363742 0.428489388747614 0.456788126103364 0.414919427324788 0.525881671147838 0.404814963965329 0.457960175757658 0.386663133061913 0.513432796559624 0.532836812472881 0.461115962126535 0.517004693531451 0.526577219442487 0.506820203348579 0.503251821950257 0.486845783781396 0.48604753545152 0.504273450232449 0.431998948525545 0.406403313619253 0.417808544974107 0.488502136821925 0.405875700305924 0.472950417978859 0.402130496468249 0 0.452083026748862 0.502725729415067 0.267395301876511
"visnupurana_amsa-5_u" 0.475973577162651 0.471862558861512 0.495319312140464 0.476063571898115 0.475432824487137 0.49599797435578 0.455155513535443 0.46115367846856 0.453628838951496 0.47359791451344 0.500215070141576 0.449531693625857 0.481770709590475 0.47379287370047 0.440175357634489 0.480022614152321 0.428089260083327 0.447381057993972 0.421474834701729 0.452140564426374 0.476909961273248 0.436755647545425 0.461846842704665 0.447855990962584 0.455974664798725 0.471442133321161 0.462806634234011 0.4719053400452 0.514143611617745 0.49803090515535 0.441228283162605 0.447145498042848 0.601288015867902 0.533052481842778 0.592844865945902 0.553698872750765 0.568058935826332 0.571036621160476 0.621253766805508 0.54954143377743 0.451784834614592 0.466997070271861 0.441226000541949 0.45961243121983 0.4664453377085 0.499858452556167 0.483296662788448 0.463432318400957 0.49232173178065 0.479870354385616 0.500269287452148 0.527235414600888 0.502929870012189 0.500569822207265 0.495374168702383 0.497901365646079 0.506702265661186 0.526717901047333 0.469129816692716 0.4693783141984 0.51702133480621 0.50566029247518 0.479534851523631 0.515159871105147 0.519313740631025 0.593096788736911 0.553595511207933 0.426254935389947 0.479622573953958 0.456964009100088 0.41971951774077 0.426763719787185 0.450200743607863 0.464879701119682 0.496782660869488 0.44468577914905 0.469655989418947 0.492161384775384 0.498871339532547 0.494754371445658 0.494112642453314 0.493219789724617 0.498661441841933 0.499368538874323 0.48524954486543 0.433695696458233 0.520756588453567 0.51245406900934 0.504375431023149 0.529389163256679 0.451832105421269 0.514341523924897 0.477785095402175 0.427919181015994 0.454996313669989 0.50648121949449 0.474061371739891 0.437179410157687 0.458270506289479 0.492167326201979 0.456693012800717 0.545752369185664 0.44671833659745 0.487358366627579 0.437472110924508 0.538780668655174 0.548868832792518 0.489682630790473 0.544010189835753 0.528766146859803 0.537031694070111 0.536657119250972 0.509998943039705 0.515493701301601 0.522378024313538 0.447129127483245 0.439003447904477 0.448198534796796 0.500348236846076 0.389190633360217 0.448122153932616 0.452215282763932 0.452083026748862 0 0.461207487147903 0.33606387375996
"visnupurana_amsa-6_u" 0.534617921206839 0.506975890816181 0.526388438757373 0.519349092843003 0.517099561093542 0.546183704993991 0.500429009156144 0.502166033521557 0.504996068215429 0.51319365056318 0.550913899382474 0.513322625402738 0.5095928160228 0.506321972485957 0.493036905279614 0.504333037551873 0.479328002823196 0.518250420533092 0.48801886330614 0.498898942545903 0.511576817415148 0.490397222997496 0.516915217834457 0.506602227016339 0.504250619231942 0.525961947351411 0.522044593759558 0.532168735386923 0.549175046110402 0.548781697638615 0.511202437796612 0.508554265986944 0.610540749928899 0.554431180572156 0.609951947108354 0.585022409117182 0.575619467576824 0.575905823075321 0.623235930975271 0.571308407344401 0.500567481673618 0.497635094828383 0.485110028904464 0.510444819530479 0.512440956408281 0.556777241828465 0.526998413994043 0.511389841387994 0.539005139489233 0.521414093958021 0.544803273714353 0.552717047080757 0.548473398201085 0.544671248392822 0.536381333545789 0.541864577043828 0.549167279744172 0.550617644869581 0.504549314162173 0.506929611415788 0.53840625167986 0.531969046414942 0.511828155376529 0.538067365435768 0.56065241746833 0.602719037711419 0.576478473406648 0.475055383112236 0.539887066017688 0.491500672339702 0.474100167612416 0.495845865793919 0.49655890611137 0.507241096422179 0.545731807404786 0.500851048143046 0.514016887517613 0.528224469073593 0.536076473166583 0.534820124409741 0.551663372898677 0.543477615759806 0.554216956227184 0.557907788764076 0.53382626407252 0.493166960097626 0.553519204816433 0.53651537019398 0.547856131899626 0.554558376118215 0.50591128964647 0.55360651187946 0.518152907658023 0.486219850096744 0.500415468750068 0.525753105710894 0.509272656400383 0.495496813734302 0.509105033920829 0.516307394968581 0.501035011375809 0.552199721479112 0.509420684970713 0.516006782853945 0.498658132023259 0.550621983773085 0.573752830075407 0.528976459521001 0.588777997264838 0.542144276974298 0.570540403510544 0.551480155375503 0.5546217598336 0.535452726560523 0.558712536587845 0.501414989840132 0.495486913006058 0.489436778333007 0.548920943583452 0.439053764663773 0.46057579148285 0.463717253068005 0.502725729415067 0.461207487147903 0 0.406148815740828
"visnupurana_u" 0.363889334433948 0.366888365023471 0.399326325213577 0.371394332911594 0.358976895154577 0.404714932690276 0.332445809038938 0.343079019374023 0.339212666370911 0.342100684452196 0.434411728732679 0.355132891647546 0.382342160281984 0.359495179716514 0.303789066134715 0.372382917553469 0.286230498272387 0.344448099500291 0.286259902338188 0.322555148158681 0.380098883436731 0.307198347994249 0.355059871633309 0.33558371475158 0.342470363229007 0.379543526333334 0.362109683483322 0.393089783604144 0.42133914668764 0.410543330719612 0.342495628075523 0.317688731900356 0.551745925333264 0.432466971396548 0.523108079348217 0.473494281176388 0.491920115480556 0.490803895735579 0.560314196933581 0.463478619698592 0.338060047730511 0.355745416389361 0.311541047715298 0.350541153082547 0.338892219221354 0.41887188025197 0.378158134599479 0.340614016895964 0.396926878145288 0.367104220003311 0.409925315141278 0.418523238837232 0.411473768844783 0.41028783733286 0.395298907132234 0.39688938231751 0.418387799944871 0.442269365061091 0.340029117909191 0.33896378459832 0.408663733042547 0.396536361044113 0.361456125913611 0.410902647315723 0.445978921088737 0.534627240973897 0.479815397400601 0.269888552474326 0.400573113960968 0.322358329832887 0.260510204236269 0.291515231695187 0.318633442532172 0.345134543742438 0.39279249948988 0.326976777698169 0.338810893386199 0.394386015160885 0.389043535349404 0.384054482021576 0.408457498279045 0.404175350472509 0.414047729337912 0.421680560142068 0.38305761157541 0.312544943828181 0.429857679106646 0.414031033403228 0.38679554068038 0.451300206318497 0.34078615823359 0.412858432751182 0.396141182333516 0.300805484390534 0.326676412109274 0.391200905294086 0.3640801806466 0.311320798094437 0.343263074103175 0.387332575259873 0.333542998349992 0.467349027937231 0.324959420652145 0.382040641037969 0.310151814918731 0.458961570896815 0.478835514073983 0.400210075238095 0.483153315666581 0.464992633459612 0.462965292625495 0.449751778942782 0.441238587425866 0.431737126113494 0.438027379030583 0.336182123129689 0.314317124223333 0.318575445057535 0.428208051155226 0.235557736292119 0.359177614737537 0.280477658794585 0.267395301876511 0.33606387375996 0.406148815740828 0
