"agnipurana_u" "bhagavatapurana_skandha-01_u" "bhagavatapurana_skandha-02_u" "bhagavatapurana_skandha-03_u" "bhagavatapurana_skandha-04_u" "bhagavatapurana_skandha-05_u" "bhagavatapurana_skandha-06_u" "bhagavatapurana_skandha-07_u" "bhagavatapurana_skandha-08_u" "bhagavatapurana_skandha-09_u" "bhagavatapurana_skandha-10_adhyaya-29-33_w_commentary" "bhagavatapurana_skandha-10_u" "bhagavatapurana_skandha-11_u" "bhagavatapurana_skandha-12_u" "bhavisyapurana" "brahmandapurana_khanda-1_u" "brahmandapurana_khanda-2_u" "brahmandapurana_khanda-3_u" "brahmandapurana" "brahmapurana_pu" "devibhagavatapurana_devigita_adhyaya-31-40" "devibhagavatapurana" "devipurana" "garudapurana_khanda-1_u" "garudapurana_khanda-2_u" "garudapurana_khanda-3_u" "harivamsa_appendix-29-30_mathura" "harivamsa_appendix-31" "harivamsa_appendix-41" "harivamsa_appendix-42_pradurbhava" "harivamsa" "kalikapurana" "karatoyamahatmya_pu" "kurmapurana_khanda-1_u" "kurmapurana_khanda-2_u" "lingapurana_khanda-1_u" "lingapurana_khanda-2_u" "mahabharata_01-adiparvan" "mahabharata_02-appendix-21_sisupala" "mahabharata_02-sabhaparvan" "mahabharata_03-aranyakaparvan" "mahabharata_04-virataparvan" "mahabharata_05-udyogaparvan" "mahabharata_06-bhismaparvan" "mahabharata_07-appendix-08_sodasarajika" "mahabharata_07-dronaparvan" "mahabharata_08-karnaparvan" "mahabharata_09-salyaparvan" "mahabharata_10-sauptikaparvan" "mahabharata_11-striparvan" "mahabharata_12-appendix-29_moksadharma" "mahabharata_12-santiparvan" "mahabharata_13-anusasanaparvan" "mahabharata_13-appendix-15_umamahesvara" "mahabharata_14-appendix-04_vaisnavadharma" "mahabharata_14-asvamedhikaparvan" "mahabharata_15-asramavasikaparvan" "mahabharata_16-mausalaparvan" "mahabharata_17-mahaprasthanikaparvan" "mahabharata_18-svargarohanaparvan" "markandeyapurana_adhyaya-1-80_u" "markandeyapurana_adhyaya-81-93_devimahatmya_u" "markandeyapurana_adhyaya-94-141_u" "markandeyapurana" "matsyapurana_pu" "naradapurana_khanda-1_u" "naradapurana_khanda-2_u" "nilamatapurana_au" "nrsimhapurana_pu" "padmapurana_a" "pranavakalpa" "ramayana_01-balakanda" "ramayana_02-ayodhyakanda_a" "ramayana_03-aranyakanda_a" "ramayana_04-kiskindhakanda" "ramayana_05-sundarakanda" "ramayana_06-yuddhakanda" "ramayana_07-uttarakanda" "saurapurana" "sivadharmasastra" "sivadharmottara" "sivapurana_dharmasamhita" "sivapurana_karvanamahatmya_au" "sivapurana_rudrasamhita" "sivapurana_sanatkumarasamhita" "sivapurana_satarudrasamhita_au" "sivapurana_umasamhita" "sivapurana_vayaviyasamhita_au" "sivapurana_vidyesvarasamhita_au" "skandamahapurana_himavatkhanda" "skandamahapurana_kasikhanda" "skandamahapurana_revakhanda" "skandamahapurana_sutasamhita_khanda-4" "skandapurana_adhyaya-1-31_pu" "skandapurana_pasupata_adhyaya174-183_u" "skandapurana" "vamanapurana_saromahatmya_u" "vamanapurana_u" "vayu_ba" "vayupurana_01_frame-and-cosmogony_iast" "vayupurana_02_pashupata-yoga_iast" "vayupurana_03_kalpas-and-shiva-lineages_iast" "vayupurana_04_bhuvana-vinyasa_iast" "vayupurana_05_jyotis-and-purvardha-close_iast" "vayupurana_06_prthu-and-prajapati-lineages_iast" "vayupurana_07_shraddha-kalpa_iast" "vayupurana_08_manu-candra-vishnu-vamsha_iast" "vayupurana_09_upasamhara_iast" "vayupurana_10_gaya-mahatmya_iast" "vayupurana_revakhanda" "vayupurana" "visnudharma_pu" "visnudharmottarapurana_khanda-3_adhyaya-343-353_pu" "visnupurana_u"
"agnipurana_u" 0 0.395002393556049 0.424835614542257 0.393818419972465 0.380266154507204 0.426394789111433 0.372179831540791 0.379879468303894 0.37669683666868 0.378992447478142 0.452518969849033 0.375910206031814 0.39561052770204 0.387588634020615 0.274702698434829 0.367513269297256 0.325467672017973 0.315248684148446 0.302373170188759 0.325003844956065 0.380443821930787 0.327253213246689 0.276203575405817 0.214508599196666 0.305319714688599 0.383222293336014 0.371486343037652 0.414738970281209 0.422751749956954 0.411796238172696 0.360348800124471 0.288081651329908 0.524273995881014 0.337742610164107 0.322064912061814 0.300071483987239 0.298894649802377 0.384702495774489 0.414635189381566 0.409694656408105 0.375369191771064 0.418067604074319 0.397212005342508 0.420070008064843 0.444125691709449 0.416817943233724 0.416887733753062 0.410717666621368 0.408639750108027 0.430606619551621 0.46809810168541 0.372228468275388 0.369643638418274 0.39838048470397 0.37936447033442 0.398638466066502 0.453867870079771 0.459416483886987 0.561092632761551 0.492779737080211 0.31770001676094 0.431827979455475 0.398035413291942 0.325995565910724 0.263878932629829 0.225962581194777 0.33768512842009 0.374807385279375 0.346031813168989 0.350117963947181 0.397404087303202 0.417493393764272 0.402999370622715 0.408520360877486 0.407893902634612 0.414994443227825 0.416277390003853 0.402136294350536 0.317902618071432 0.371362020133316 0.335739515911825 0.422647509165833 0.438898370666665 0.366068505358174 0.444931902261345 0.400146758528603 0.315396067152172 0.313267357638743 0.34447017310416 0.35800899697822 0.294068760018195 0.33251702982131 0.397890897567568 0.370589534363201 0.44964113798997 0.344621939547605 0.387552548941711 0.31557973908899 0.341391094688833 0.406783480098872 0.434642513513905 0.38835080802031 0.434886948214126 0.370146305985026 0.40080180204543 0.36552189850447 0.380107973891681 0.392380479974803 0.400533694554425 0.340883539040226 0.321049169433851 0.349144723452846 0.4344383095555 0.318764052759513
"bhagavatapurana_skandha-01_u" 0.395002393556049 0 0.307749203669472 0.275729843125067 0.264182365731499 0.348485951682847 0.270662978212556 0.279220880429052 0.287653884026263 0.296616019973648 0.399139015997594 0.249481208963217 0.289342154441716 0.314354355809548 0.362266693173812 0.394239904176126 0.332247320278024 0.386327119730862 0.344931978867106 0.325867633698178 0.417755121885542 0.363030130054696 0.395308800260708 0.379041831337199 0.38685368045476 0.434499340043367 0.352750821761388 0.382717462286826 0.40464279513945 0.402622413106676 0.31767143436806 0.369995439333114 0.562733320464528 0.35013842714668 0.371473502796295 0.36296278648391 0.413313106531979 0.324813902794011 0.383468139489246 0.351213617873743 0.319358119116709 0.369993982827752 0.340670951050745 0.38533989131687 0.406625289092608 0.383779630786943 0.389028225945664 0.378196429013083 0.370970125398804 0.387755359595475 0.44175822094431 0.325049774359861 0.332162402942844 0.408103847616148 0.411228831774263 0.345001170293377 0.391212846620245 0.41893688365772 0.52287490063755 0.452422734041701 0.333154976135148 0.445423806986335 0.353722752274959 0.327060274397687 0.327450133367887 0.356678897222265 0.375082899663533 0.42283378922729 0.344744774020803 0.378252728838928 0.416015149806651 0.389305625530327 0.366457088622621 0.389160790739635 0.388468854747994 0.396173970112704 0.402880896156396 0.368870940780157 0.357596027300478 0.446691716254045 0.401873152727728 0.435619430836817 0.452988283606588 0.389872409290555 0.462620917083246 0.380667888805121 0.355650997096004 0.385271252571676 0.440359926028381 0.372467050625261 0.350371532265675 0.377976002764547 0.434213063713434 0.372960308171333 0.451835744109495 0.328682473435836 0.396245082631134 0.343457480542256 0.372136300581601 0.418060698389941 0.478839661642395 0.396585740038756 0.471994475586476 0.408884921474767 0.428079906070141 0.416219095235617 0.37832620045273 0.41385423530906 0.460697238947483 0.389244205549929 0.358537788344621 0.343958451517406 0.451678854130697 0.334290516398437
"bhagavatapurana_skandha-02_u" 0.424835614542257 0.307749203669472 0 0.2968187940129 0.309280521547754 0.356915110931236 0.31574443283854 0.316669677817099 0.329025118585686 0.35148797207799 0.436216574348398 0.335775380286698 0.3224533588268 0.349115912004973 0.407306555222064 0.429188210961119 0.38621352345647 0.421359189246303 0.393543920378393 0.383415869177045 0.434960672236657 0.40961930232374 0.427577262476423 0.411367415325938 0.423437601067563 0.456148517076957 0.414900364968272 0.420684416911294 0.42558633356536 0.442648686176203 0.391638204739162 0.401589159505645 0.568947186948303 0.37609163719269 0.39577788344446 0.393598954518883 0.431400323658697 0.399479724124709 0.440944957666782 0.42469727355173 0.394830822956148 0.438635780291751 0.41488394357739 0.444199683954737 0.458776441707996 0.442198873007522 0.448451712520227 0.441213560278661 0.433039010679286 0.443832397395155 0.460210943952384 0.379361878703177 0.394095395909464 0.441811939705495 0.44503122610377 0.406264927057682 0.4564362723049 0.476621812775419 0.557483115152801 0.495882176395081 0.38312727844915 0.475246869818972 0.401552145355036 0.378343726135623 0.377871789116926 0.389496611303719 0.414616227164143 0.458181075082708 0.384737987760322 0.41986039334797 0.423418754726903 0.437675333007259 0.430666526894452 0.434423547925649 0.429130765336308 0.441998479580279 0.446294710624172 0.421900772928712 0.391775404525187 0.46205310958234 0.430940867346151 0.467827694417645 0.482403823184447 0.431074035080784 0.479806203690997 0.413330943097842 0.394864612714705 0.401489160124144 0.459101131382384 0.41110761201108 0.380597243165455 0.417688641791564 0.443541142030766 0.41143821025011 0.456312131315049 0.383572604421338 0.425483334945026 0.392616839565869 0.414475875118902 0.442911573357073 0.479074478727587 0.422792915588871 0.496997209750465 0.444009274618643 0.459033235196135 0.447030621947282 0.428611326389141 0.440191192097091 0.487720451162173 0.422128533276208 0.400633782621508 0.374376781204613 0.470077480986385 0.375039989758752
"bhagavatapurana_skandha-03_u" 0.393818419972465 0.275729843125067 0.2968187940129 0 0.207306043210954 0.304702620640778 0.283891245237427 0.29537839842922 0.295554145795474 0.321546676179342 0.361894932549815 0.243338904878564 0.244052533810255 0.291494651514139 0.380756871050375 0.404617286873049 0.356907171925183 0.389763515213919 0.358547528698033 0.30609830128277 0.418496414690805 0.38458945800186 0.399784613160197 0.390829458956065 0.397524130637916 0.441867254121211 0.342334586394853 0.374770237664601 0.367871083344979 0.385139885144546 0.310579650410148 0.372489738319141 0.554040719695083 0.360236667357915 0.375904374024541 0.364224956337032 0.410736792990317 0.321251571070941 0.383899097322672 0.357532390903194 0.31136915032349 0.367415397653344 0.34202536534481 0.381119797332707 0.405083338369244 0.376093367547069 0.38341623040044 0.372246800631742 0.366351033601454 0.38686300212686 0.406352733193024 0.299238175176905 0.314938280066382 0.380023022457287 0.38466560392051 0.3341978931346 0.400061972099762 0.424020272041769 0.522512438705308 0.458885104710563 0.347763592560393 0.451871292461616 0.375825688590778 0.342016717808982 0.341539163945553 0.368068317959638 0.380536702712466 0.436102349295569 0.324513244863868 0.386668345106974 0.416845786765465 0.373679769417871 0.352473015245453 0.37002513929101 0.369084396363136 0.370311686289252 0.378824123148464 0.351845150891682 0.373754365415855 0.44516057806772 0.391253551484051 0.450524542214956 0.467490642729491 0.399749539106099 0.466833895769542 0.394968432956677 0.362781670320175 0.377147294669064 0.44447029410297 0.386255327633689 0.348790518421401 0.377276469392116 0.44169039991018 0.382935185180737 0.444871040920173 0.339010121144986 0.405906007148967 0.359852098450825 0.386449439326912 0.419115188393996 0.469765926126154 0.404337650257001 0.487609395839325 0.420343411216958 0.436990790678323 0.424852977257387 0.406137365624912 0.417578543118448 0.474630735032807 0.402624590713902 0.372753239519129 0.311117028562271 0.440815366777609 0.342583148414242
"bhagavatapurana_skandha-04_u" 0.380266154507204 0.264182365731499 0.309280521547754 0.207306043210954 0 0.305258308097266 0.267998460982675 0.279755378235303 0.282080013690048 0.299123028367829 0.367589622656817 0.216525588067571 0.259184824499687 0.287054702080228 0.368217993726451 0.396278217309335 0.337778223698334 0.382406899533299 0.344941428825865 0.292335841621073 0.413456660618773 0.368460954901391 0.38656871290202 0.378461020735766 0.388139355060725 0.439804661491566 0.327058803604057 0.358657879874263 0.367448131790125 0.374418588761648 0.292873438142493 0.360895190411295 0.546650208487341 0.343510958665038 0.37247087047083 0.355087492284648 0.405526283375948 0.300558123202438 0.370946116159766 0.342036607506234 0.294254345813538 0.357255499056467 0.326965528407202 0.371980344965886 0.379144696664149 0.368486970336558 0.372392003974098 0.359353548718549 0.354453927986504 0.370655201516696 0.41041031380885 0.292311747309653 0.305683582861435 0.378816566232277 0.377745085089616 0.320792116274123 0.38320863345967 0.414337104966998 0.514024844804691 0.445346417939184 0.335880615422441 0.450219268851154 0.356224916805976 0.328510504365242 0.323911413739685 0.354433213691059 0.367267616488082 0.420511115512299 0.309468451536885 0.375821057975458 0.419527477698977 0.356303251587849 0.333216767498675 0.356807969021949 0.356640008397968 0.359414105647695 0.369443417674195 0.33730905674805 0.36087603471714 0.441788414493133 0.385749519452731 0.442074558471722 0.462583209113456 0.384235913256496 0.467115409970543 0.387897796796669 0.353211075786341 0.374853504339443 0.439490177663415 0.373722996061398 0.340722834000557 0.358714284982246 0.435273646071179 0.372395118772961 0.457739567000387 0.32694383944723 0.392971566173464 0.339881010476718 0.374135727673927 0.422900763969495 0.474518586230221 0.398332643574343 0.474589916403449 0.417527557136683 0.424973363720783 0.41474932906672 0.387473460368969 0.41825583962401 0.462184618885782 0.386476035553972 0.358973326480122 0.302062099968875 0.428095033440261 0.331351418483331
"bhagavatapurana_skandha-05_u" 0.426394789111433 0.348485951682847 0.356915110931236 0.304702620640778 0.305258308097266 0 0.34820646159926 0.364488159639044 0.350327206510556 0.380901773664802 0.392956744449217 0.324686498353265 0.335148678882016 0.338342808881911 0.416790300755167 0.4351834024936 0.400532966797923 0.413917481191704 0.398649157628664 0.376267588750864 0.455142774942535 0.431445590083057 0.43279003373139 0.421711609869707 0.435445000377472 0.468922123419489 0.40459570808127 0.431982127505625 0.426000515351624 0.43176674012638 0.374264463180559 0.422601657469599 0.566548160778089 0.407530998763301 0.41822174512697 0.411462089620484 0.445675535583266 0.38800203491066 0.430906350104992 0.409562871776149 0.37805425086238 0.424156571087302 0.399250229730249 0.432222888538015 0.455471667042738 0.432417807067726 0.4363734615036 0.429532452557379 0.423357232159273 0.430645571519361 0.442256123706577 0.371654969983504 0.381184163968237 0.426792424276937 0.432487565152233 0.399718612290107 0.44929934561152 0.471525644422906 0.555650143456255 0.501682884642742 0.399896436318399 0.48538555938578 0.431593929021271 0.396635857622485 0.377249533075149 0.409488088323352 0.431312239352781 0.467820672578377 0.382657781421359 0.412061429915264 0.424087269268643 0.429670897535758 0.410848528720746 0.418581565907223 0.41602006039002 0.418869675888563 0.42945500694426 0.41249126376482 0.413507896158587 0.470830180101558 0.427167888882748 0.460943801534714 0.506518983393312 0.442934748016499 0.467183746518473 0.444295720536283 0.409992354692645 0.41799415569108 0.47421950741762 0.433833252130961 0.383323243425694 0.4146611393512 0.466660453820081 0.424522885009011 0.496537927624293 0.397964072983897 0.448452710537111 0.400701136586298 0.418300841657053 0.455368748781144 0.49285039416505 0.441971671230086 0.475542749581671 0.438752236414758 0.469579710923654 0.458653002185275 0.436962417234599 0.452249000496938 0.515491555408001 0.434305365288694 0.407174238682974 0.373159377860696 0.467359759586032 0.38220226557283
"bhagavatapurana_skandha-06_u" 0.372179831540791 0.270662978212556 0.31574443283854 0.283891245237427 0.267998460982675 0.34820646159926 0 0.247854652017624 0.238168169782756 0.2773326574636 0.417570709744243 0.274060452711926 0.286042233956518 0.327423136975514 0.346002943716282 0.376321676320889 0.311351030629759 0.35368391365262 0.318331104501574 0.323343335971112 0.392059678861203 0.343125914627711 0.366487813475902 0.353602669858455 0.36788733340937 0.409665828251169 0.360614803244458 0.386563242618151 0.39106323476231 0.390977069634262 0.3310990228056 0.348580057045982 0.556161539461155 0.315157566461678 0.346360043101868 0.328586257510152 0.383204237434558 0.34157024772124 0.394285366068081 0.373281647498866 0.332831298681102 0.392431931185985 0.360296005832912 0.396791728214175 0.414962989300592 0.403279654028113 0.404133699217065 0.390226233817863 0.38932718247519 0.406065429832979 0.438117914703791 0.325685725727356 0.331725309699981 0.404046273344647 0.405631364247168 0.358273989109471 0.410825974362291 0.443921059775592 0.5324518055914 0.466533756604867 0.309555098536323 0.413730835502686 0.35534777568996 0.304811275271962 0.304697488259094 0.335447617281427 0.359524849884925 0.410310156653096 0.334516732481235 0.370647740855977 0.402347647410561 0.39296529351193 0.378359998226158 0.394204976259259 0.391807419420238 0.400613009371574 0.402621890037659 0.372081171209332 0.329027431791494 0.428289461135144 0.391076981596254 0.418790280423408 0.448864816713622 0.358086803257341 0.443494096108594 0.364906798744782 0.329774485376274 0.351896281356865 0.422323124013495 0.361179401491755 0.324058091839724 0.370936612117661 0.400810115683787 0.349181749597455 0.440942647856829 0.315912687392662 0.374925776695216 0.314305800184223 0.351278721855092 0.399792741635667 0.450172475704158 0.370974736434496 0.456653799447941 0.397465755367764 0.399886805248438 0.39488741431366 0.365093411685705 0.396136996331215 0.449326603097513 0.36964004964161 0.334831236836344 0.33858767565754 0.441333863013411 0.306269828167631
"bhagavatapurana_skandha-07_u" 0.379879468303894 0.279220880429052 0.316669677817099 0.29537839842922 0.279755378235303 0.364488159639044 0.247854652017624 0 0.270848246629382 0.296294599552018 0.410734410738126 0.290745335652681 0.285957268197003 0.341772250667739 0.35646695392998 0.39027448335288 0.333229464932399 0.36680802557888 0.337542554737846 0.341450529851876 0.403163013622005 0.35347006897833 0.37592819401249 0.364832646196769 0.366373717202425 0.415411248527983 0.376622895905 0.400897748875667 0.41557182840461 0.4152781971273 0.352972215772984 0.354379272668256 0.558590026361546 0.33793105981906 0.350278791315428 0.345406575077793 0.390849011818913 0.361638651566092 0.410595907454807 0.388868458424014 0.353435440501919 0.406855485525694 0.377988489087258 0.420885561444941 0.425904831713118 0.418335688550703 0.421167170149567 0.412402910983928 0.403585725964168 0.423646808092705 0.452445987262846 0.337397475678757 0.354852929444594 0.404580021104102 0.411429023634974 0.370452184043843 0.425818355807474 0.453374463801994 0.533295908076123 0.475452069279722 0.322999133668956 0.430423958840182 0.367497202510472 0.320737726861521 0.320253663552164 0.341505486148398 0.363160088853455 0.420794718985399 0.350925793348343 0.37379180614378 0.400034475820192 0.412715776175018 0.395837226279293 0.407867056973363 0.406257249320083 0.418546428243036 0.41954029175807 0.38893391612941 0.338434894363823 0.4265254328381 0.394085950916519 0.421137577067708 0.4544428168139 0.372786086200006 0.445556064395402 0.37962164943424 0.342909171967742 0.36238588528822 0.421080054620621 0.372391282389606 0.327168664082367 0.376478581583264 0.410265018620477 0.365068103092151 0.448850545344822 0.333806435072626 0.378724210373523 0.333115108714848 0.368933274615031 0.409151802846181 0.457661716701645 0.390485841444878 0.474233564823761 0.404105744054412 0.423085083157308 0.399449763529684 0.383630141837871 0.405309318377541 0.447288423198679 0.376508490298866 0.354443314095098 0.347109860725817 0.450270736766234 0.317653331962615
"bhagavatapurana_skandha-08_u" 0.37669683666868 0.287653884026263 0.329025118585686 0.295554145795474 0.282080013690048 0.350327206510556 0.238168169782756 0.270848246629382 0 0.276120770766215 0.418828103402438 0.263503754289685 0.321255018597091 0.331806953878551 0.344170623990578 0.385352319487355 0.316296143315288 0.353876244180746 0.324236556651943 0.331208872706609 0.404396764661289 0.350091857129392 0.371215138329655 0.356688039861957 0.381348022383611 0.416155136872196 0.358461539516878 0.386377789612804 0.387403155797066 0.373453639783874 0.332570465268143 0.344433191357639 0.557112724967471 0.319759151632705 0.36216303857454 0.334550604851416 0.384666252555795 0.352963147324225 0.385401668880687 0.37869229982512 0.343141110732185 0.396979853138879 0.375891313853977 0.39997641320407 0.419148668199996 0.400211725415222 0.401753648571516 0.390844210815617 0.397714824104277 0.416905148690976 0.466395514231829 0.35413880297559 0.351113527379959 0.422751563453208 0.417559069413172 0.374908633271577 0.422081673513629 0.447031570438645 0.541075949587367 0.47326558116778 0.328434403990127 0.41150985078253 0.364741985486497 0.32017410466899 0.30312885701296 0.340167495446247 0.367225610269778 0.404725882483389 0.339391233695223 0.364088393471397 0.406216644901087 0.398397514896963 0.390946529289674 0.397860575288046 0.389525184290342 0.394688416410849 0.391427163071914 0.372228627920581 0.32913167071046 0.422753998708145 0.399098657031308 0.418621705018532 0.458058544526763 0.357187209616349 0.435986094222897 0.364299386418632 0.340804260578142 0.359670782877409 0.428907535276494 0.350676417341514 0.336283857344164 0.37226078640978 0.415494902400151 0.34992368072548 0.458531400328113 0.312223311579972 0.373011419886167 0.309565415489383 0.358441146659366 0.412414179488513 0.469265984033575 0.376329388349788 0.44568438608926 0.403484536825267 0.408428874346386 0.408567126055266 0.366433706656241 0.403603849714621 0.451731548388844 0.373409511609107 0.340838615916886 0.346616855534643 0.442097277688544 0.314454374060724
"bhagavatapurana_skandha-09_u" 0.378992447478142 0.296616019973648 0.35148797207799 0.321546676179342 0.299123028367829 0.380901773664802 0.2773326574636 0.296294599552018 0.276120770766215 0 0.430635868676526 0.283367009800544 0.349392707239018 0.351668323774516 0.35113309696763 0.378388938733384 0.296041017014699 0.371296224673577 0.321738683357822 0.339510040330444 0.415323730741916 0.35274747482217 0.388875656594437 0.36910439509079 0.385720066297031 0.427000812834917 0.370000682186757 0.394835686134584 0.420234299431551 0.409530115510358 0.325601301368602 0.347778461411507 0.564461657809903 0.332851154760154 0.373550757162496 0.351152475326453 0.401271520433548 0.336942734338832 0.395899789639121 0.377202758672093 0.339989048492785 0.387921169263758 0.365312661647917 0.406726610742196 0.410763666855769 0.401892346628788 0.405523086288705 0.388385253462348 0.394201697869504 0.409806954423596 0.472926611981248 0.358109446358536 0.355370481663275 0.433097994356891 0.428737260483245 0.373599650072472 0.409072276253295 0.434963947948368 0.533118510593976 0.472288707414422 0.315553567830408 0.436439610490671 0.347362427344395 0.31085928859022 0.314451983946281 0.355803210302567 0.364585089657771 0.413318227710632 0.34744320275615 0.382967919537366 0.42179980729245 0.374356615966996 0.370103668201848 0.398521285498804 0.388547348487957 0.399572855007919 0.407267973800147 0.369462206959399 0.351208864027357 0.440461631672318 0.41439875736318 0.425152871512331 0.461996235640183 0.37559171247131 0.456543325933943 0.378326702721759 0.341781056703064 0.375349722126913 0.445080052893532 0.377423888981549 0.342460293684619 0.379316819318276 0.437506841526927 0.362006754524301 0.466320166943935 0.336739344328821 0.381280651972426 0.32370330495518 0.344376743307245 0.411784129300219 0.475224620156047 0.377523289368141 0.465234224342651 0.40089538095246 0.400133117247286 0.406072563420092 0.316935091617547 0.410313752297761 0.455626753608805 0.381929839540957 0.334095515952391 0.377928900354006 0.463395875624241 0.314124110492979
"bhagavatapurana_skandha-10_adhyaya-29-33_w_commentary" 0.452518969849033 0.399139015997594 0.436216574348398 0.361894932549815 0.367589622656817 0.392956744449217 0.417570709744243 0.410734410738126 0.418828103402438 0.430635868676526 0 0.333691795863997 0.374617251007353 0.395353722903428 0.437982717815161 0.471350151403434 0.429869272381846 0.42924747997672 0.427252082312518 0.381089889992787 0.463583636862962 0.431740547195592 0.447988859324111 0.449658392718785 0.435481360391297 0.475929824679798 0.40188982402626 0.438035009404581 0.462630306681055 0.457453090467739 0.386511025554509 0.429905427172779 0.575847093223619 0.448431432390732 0.448312160726774 0.442790537528693 0.468307819825089 0.39969616361013 0.450534708410766 0.41868213410839 0.391667967923793 0.425272393303858 0.408792139187548 0.444779689690246 0.468329844752895 0.439718843133814 0.44595038177952 0.434245289343657 0.426223582801429 0.437118075421709 0.458081356205142 0.389202066803298 0.400432391980252 0.417517019485465 0.431177513912835 0.410975282484807 0.452807867951212 0.465705085521671 0.562767139273793 0.501864327753818 0.415212072198951 0.48833399583591 0.435430301254722 0.411630747549006 0.411106978788069 0.431963253211058 0.438790141070628 0.472522930209825 0.39601196995107 0.443982746831624 0.452206036311681 0.446367025078654 0.410629409515186 0.428066915121697 0.424488275915159 0.422537697858679 0.446438114258283 0.421983705916168 0.439098379084638 0.501578443324341 0.445246025295798 0.505624106071271 0.497202393282863 0.448824748133655 0.516168914179008 0.463928530551289 0.425203739370125 0.44733842270118 0.486940634507681 0.460527216860891 0.392519889286723 0.424409461861817 0.479420494628244 0.447536989665681 0.506578618562908 0.41002497619606 0.458263964472746 0.428581275113968 0.459057360556811 0.491412994206464 0.517027218785679 0.479858028061061 0.519346057018278 0.478733247112455 0.504909185152203 0.473372226586229 0.473834634988869 0.478233362854933 0.518116203687859 0.445613487328197 0.448415035660007 0.383917808973631 0.482538806857379 0.410244157315707
"bhagavatapurana_skandha-10_u" 0.375910206031814 0.249481208963217 0.335775380286698 0.243338904878564 0.216525588067571 0.324686498353265 0.274060452711926 0.290745335652681 0.263503754289685 0.283367009800544 0.333691795863997 0 0.260984495731871 0.286612723249309 0.359804636576681 0.415740343605516 0.335512045235557 0.374157216827833 0.34733931773685 0.281999203761245 0.420668001253336 0.35692225901837 0.386699632090111 0.374638829044123 0.388360028005794 0.434350261551551 0.3109241867244 0.339993110507965 0.378578461955305 0.364201524282729 0.264198306014032 0.359580390903432 0.552397886740346 0.354868644613094 0.382312524709512 0.360114544985346 0.40977384441528 0.291270736388798 0.343526961282578 0.319252271938973 0.28109329847132 0.338128236062606 0.315325295983075 0.352341773053826 0.381992466115641 0.344868809541535 0.350151069806535 0.336906279509895 0.343082026404252 0.359774203151391 0.435729151659361 0.305957794208145 0.309886729277136 0.390679153105926 0.38834659165133 0.325180782434543 0.373415053158012 0.385748470106572 0.512301775968295 0.44461273725557 0.335595686390743 0.436057802463989 0.356139434235083 0.324859927263051 0.320965645912372 0.354409175432833 0.374296300560036 0.411922249729618 0.301437169637961 0.370978556241809 0.432243966577777 0.34988993421208 0.323425307300393 0.346229299467111 0.341969801358535 0.341107476923723 0.346391033077198 0.327514788423653 0.360226221726629 0.445580570455496 0.393699460228808 0.448553880284448 0.457169269822397 0.379271136577614 0.472452857585641 0.38118573806564 0.354215233678741 0.387299885911553 0.45157200044848 0.372688254911227 0.338866589978295 0.357121589757934 0.448540304479228 0.371722970005292 0.474444988338724 0.316092881991872 0.403032189621196 0.328607013104811 0.38739081219919 0.441144786941605 0.493431047947472 0.409214036735343 0.474173571223361 0.426826976513275 0.436658148325714 0.431336095519388 0.385707725025868 0.430716301448854 0.467957422724565 0.384292130153241 0.370948789038954 0.313102569979373 0.431203700286878 0.318206260258197
"bhagavatapurana_skandha-11_u" 0.39561052770204 0.289342154441716 0.3224533588268 0.244052533810255 0.259184824499687 0.335148678882016 0.286042233956518 0.285957268197003 0.321255018597091 0.349392707239018 0.374617251007353 0.260984495731871 0 0.30077381844737 0.38371509056312 0.410096786962648 0.369528949104806 0.395876931284166 0.370827924598661 0.315086283252863 0.410031937648518 0.381320034727487 0.395762096854334 0.387496749875288 0.382341455177587 0.435422462848745 0.359785070592337 0.37649483146886 0.383628728449143 0.404694867353903 0.33499414257717 0.384550120503777 0.55205878220288 0.364971953039887 0.363300087407162 0.368044170342855 0.412658080687935 0.336522444414705 0.404396732707671 0.362081685410013 0.323432049023993 0.375107426742373 0.34050893607662 0.389326570787692 0.415919252957227 0.390235003795665 0.39660950562001 0.391119499194913 0.383189000622108 0.393922003122295 0.405124014925471 0.289668638499005 0.317422476055804 0.364842293380615 0.378730695600002 0.3344681356263 0.401635999210211 0.437817577104823 0.529789366333349 0.463024721638565 0.352385110604622 0.457828498484241 0.38647979136462 0.351507907653576 0.34879568774159 0.363257361744901 0.387813218069476 0.43811932892183 0.335146912923749 0.398254199969545 0.422188981195668 0.398457132049757 0.369564049202633 0.389734320241239 0.385556053539215 0.388535979831874 0.40003682225351 0.375702777661361 0.370391045459258 0.445550455986819 0.380067952726429 0.462489584466357 0.465927047015385 0.409563309473554 0.480233210999081 0.403853076472869 0.368126797863858 0.385156009098561 0.438853543380458 0.396959431470602 0.356933956961512 0.377207990784985 0.419467806198195 0.390852230448017 0.438530256380821 0.35496686212612 0.417029633578628 0.374080554681085 0.393024867401342 0.425483080484764 0.460792897694238 0.410256122784674 0.492495759757584 0.423542213837362 0.451831469946452 0.419824887401444 0.418248539955313 0.419854909806252 0.477840136275319 0.398303950101918 0.379721855961384 0.310541587924724 0.444522058450339 0.351863586916548
"bhagavatapurana_skandha-12_u" 0.387588634020615 0.314354355809548 0.349115912004973 0.291494651514139 0.287054702080228 0.338342808881911 0.327423136975514 0.341772250667739 0.331806953878551 0.351668323774516 0.395353722903428 0.286612723249309 0.30077381844737 0 0.374508395743533 0.389624416045965 0.350347150616693 0.390315781277902 0.351515062433762 0.306569974503591 0.425712232334662 0.389163316602255 0.404286127824577 0.38235917090749 0.398876603676092 0.441153010782148 0.36415292535924 0.38203633637212 0.374774566673136 0.395385404482797 0.322661609316968 0.377605908592938 0.545005579600059 0.351818093372915 0.376378659442059 0.356566117321699 0.410278205378982 0.33256231873959 0.389810450140779 0.366953196338095 0.326691880050116 0.383924425957332 0.353518106339353 0.39254080880251 0.403086057628633 0.393997204556859 0.397597135038176 0.389486708828626 0.387397235217823 0.396736942620659 0.421407125636869 0.317564124868565 0.32499765906429 0.392242725528018 0.380554134139338 0.351212370058923 0.407303833500563 0.430732051176406 0.530766029927887 0.462210537809757 0.354120747232646 0.457291941959741 0.378353408238197 0.348112333044708 0.333106141629299 0.361767915006067 0.400785259327079 0.427811168699799 0.327830224591071 0.393708744944841 0.429922965792424 0.382281779850769 0.372090764501819 0.392319773228314 0.388351064669178 0.396680634311789 0.400749884414644 0.367143965347056 0.365622702728218 0.450150688771536 0.399842187255373 0.460524792887067 0.469753056516914 0.415683147909902 0.469949023303848 0.399684551683797 0.357760556120459 0.388083089319801 0.440919159410369 0.387874758854593 0.37106723629418 0.360168108085271 0.436411989695052 0.38855373424416 0.458583705721875 0.354364088070097 0.405369469197538 0.366992359622462 0.372116667502738 0.417762736914107 0.478916440119061 0.390512993488 0.472807470206097 0.400091488165455 0.429095534991011 0.421807500430964 0.388405169297817 0.408807477717841 0.484615858336975 0.394479496290382 0.357342286632266 0.321949883286741 0.428053770795058 0.330178249270974
"bhavisyapurana" 0.274702698434829 0.362266693173812 0.407306555222064 0.380756871050375 0.368217993726451 0.416790300755167 0.346002943716282 0.35646695392998 0.344170623990578 0.35113309696763 0.437982717815161 0.359804636576681 0.38371509056312 0.374508395743533 0 0.318959597729702 0.241709152735352 0.288536947056813 0.242966034195785 0.264275630017383 0.343154120695347 0.201659800032231 0.251978939193897 0.248860318845897 0.257865510659666 0.327326244804502 0.326818750372626 0.378706787984304 0.394412141703894 0.394578923269458 0.313319974007567 0.242405393471715 0.52297127093262 0.29221765036801 0.287026148300121 0.249190520704577 0.275292755846514 0.329330278832536 0.381848271381716 0.364140136914976 0.31880113460698 0.383158140155858 0.35086038139617 0.396352162080329 0.407720085426999 0.399644344674026 0.398182189372406 0.376859797030725 0.379592928975213 0.398028914185499 0.438326714028161 0.321097525409794 0.309716457641491 0.364541517764412 0.34658010353238 0.345431518443224 0.405984323531508 0.440155579481789 0.525289161844925 0.45892968319639 0.267842681201066 0.393511508149909 0.322109939916892 0.261307379820885 0.206015665542366 0.214581904786258 0.257302302073886 0.31622072501997 0.28298162373341 0.295132427492945 0.392509736305688 0.373503899034596 0.360391518077272 0.380553653494268 0.378240719838677 0.390047261687659 0.398919521740456 0.35322905280741 0.238210559002411 0.353856168238166 0.341590610103804 0.353959436165586 0.389318125069621 0.262910442259655 0.376676399046612 0.341919714830021 0.236986880741434 0.257614669639574 0.302895495454514 0.316005272761659 0.258052357648675 0.277807275976378 0.347398109790565 0.302970996554564 0.423481271262155 0.280017865180714 0.314861150223881 0.262984710307406 0.30295114326558 0.373716510659867 0.413403390006768 0.347931648699673 0.411355035620233 0.348845170468523 0.384046279972532 0.326637649810814 0.329720873156634 0.359554376951048 0.37909578397715 0.257961501932967 0.278264420586932 0.298750329854632 0.408279205807572 0.260354995082532
"brahmandapurana_khanda-1_u" 0.367513269297256 0.394239904176126 0.429188210961119 0.404617286873049 0.396278217309335 0.4351834024936 0.376321676320889 0.39027448335288 0.385352319487355 0.378388938733384 0.471350151403434 0.415740343605516 0.410096786962648 0.389624416045965 0.318959597729702 0 0.241964813244526 0.301838024937982 0.184421908512305 0.336243296808879 0.395813870743853 0.349574933559544 0.351548427384949 0.34132674070556 0.354180995788377 0.386018302749469 0.386521993215016 0.431975391569462 0.369873727142209 0.384344280066415 0.339650709145122 0.337728882796739 0.565185294189218 0.30852864901182 0.355767855518799 0.263113905982848 0.350025465259614 0.364294871799998 0.400348702577112 0.396877928835618 0.362018731442325 0.412999962789395 0.390170436555579 0.414177901444544 0.412998055819897 0.430094558299537 0.431450498937758 0.407027981970418 0.408065962184587 0.431716054104201 0.451448375882201 0.351635678708214 0.342442137511945 0.39211656508096 0.400405051661583 0.374059284396846 0.42896431514257 0.465999641132676 0.549945803667814 0.474864159097645 0.303719912227046 0.419458993097189 0.37101610194356 0.308999536760811 0.259104732197924 0.321826284562482 0.374585779412383 0.396131375654677 0.379946613587276 0.401428157266365 0.413604466391379 0.404173966602479 0.410972262517836 0.431148418351206 0.405145288698192 0.432239832541029 0.42975689023458 0.393561087095657 0.328970942633323 0.42280110743766 0.386811341666668 0.409034616986989 0.452732724836091 0.371259645772033 0.411912987499182 0.403640808311522 0.288738731873283 0.325614029142718 0.391094975347608 0.372926615069804 0.354415875131182 0.357197075660085 0.387811270717742 0.331110589745277 0.409134080709115 0.321919489218089 0.36667032423359 0.353318439441349 0.152814392730328 0.228149535115728 0.409523470302233 0.274855146700506 0.354500334836286 0.189164483803192 0.264973937077649 0.3142816609207 0.298513401528619 0.249275089059479 0.438151825565446 0.36060214758709 0.171927734446259 0.373841110061826 0.462387030731554 0.299100976411423
"brahmandapurana_khanda-2_u" 0.325467672017973 0.332247320278024 0.38621352345647 0.356907171925183 0.337778223698334 0.400532966797923 0.311351030629759 0.333229464932399 0.316296143315288 0.296041017014699 0.429869272381846 0.335512045235557 0.369528949104806 0.350347150616693 0.241709152735352 0.241964813244526 0 0.257509159217558 0.127446000824832 0.254293714509481 0.357084436194242 0.255193185977925 0.297788295316498 0.290621919236695 0.30905609566536 0.348802093960287 0.311073723984924 0.36444927431077 0.359937729726086 0.351720994986799 0.251011314955707 0.26858329548032 0.543988715288539 0.25724838627304 0.307675074212874 0.223877811136857 0.309947310387853 0.279298674204061 0.348409375350992 0.330621399143208 0.27627698547174 0.348680234139775 0.320721238365404 0.3584640030661 0.378177043807651 0.366917137150312 0.370632419130085 0.334218207736174 0.346433893710615 0.381039879826301 0.433233541331268 0.30124901082278 0.287146807167486 0.370957592457009 0.370005685971871 0.320696147722442 0.370665641326266 0.40884514222296 0.515163756395338 0.43535801011602 0.231042150791397 0.374190987999462 0.290760569591826 0.223335203198387 0.189436268113185 0.263925543859861 0.296300029277138 0.348247581149249 0.283405234461827 0.320911932987527 0.38584135945494 0.326637040236139 0.333207926879443 0.358288004511146 0.342974714524778 0.364155156293625 0.36661501120476 0.315128861365272 0.259457827983384 0.390783963509538 0.363616453849722 0.357828545427402 0.412571480597011 0.289632202276735 0.384350728609268 0.338264073370707 0.223988747364131 0.283431401908939 0.363350023893527 0.320682787779687 0.287102343043363 0.296488174650247 0.351551329413706 0.267586896324547 0.414446739502611 0.241511477203153 0.299670800169393 0.2518885877667 0.198427045061783 0.313013928595945 0.41021578590195 0.284045190665249 0.376460315905438 0.2901070322754 0.291425283908933 0.284793502206698 0.217897247070658 0.303247912290757 0.39746245062331 0.29333480685285 0.176782441383353 0.316862651253507 0.418873999169704 0.220582757362044
"brahmandapurana_khanda-3_u" 0.315248684148446 0.386327119730862 0.421359189246303 0.389763515213919 0.382406899533299 0.413917481191704 0.35368391365262 0.36680802557888 0.353876244180746 0.371296224673577 0.42924747997672 0.374157216827833 0.395876931284166 0.390315781277902 0.288536947056813 0.301838024937982 0.257509159217558 0 0.184674330990316 0.329068020058326 0.34745614558292 0.295804720167634 0.290686026609319 0.297327135308136 0.339826960905935 0.368450140045316 0.36265868848097 0.405803668948925 0.394655298796289 0.35909000391835 0.337191557377183 0.287984427635189 0.540090495292161 0.292712148300468 0.343938274787713 0.275178195256204 0.311590652426583 0.378844118248006 0.38992686949631 0.40297400717081 0.363941343994993 0.41311017356803 0.393887780246776 0.400285621216749 0.435096411201219 0.408406651150531 0.412273383136283 0.39550401478782 0.402527966718722 0.4276359436457 0.461215974363694 0.37095447618261 0.369909966298275 0.390341109829928 0.414595061831624 0.394496999803753 0.440104625297872 0.45470923254064 0.559794404323601 0.484154677001829 0.295668069107795 0.368185951876368 0.370269781895723 0.292875364797817 0.240546826508383 0.257026410449869 0.341900330279599 0.385196466627006 0.348977143536304 0.342519606631906 0.377883176270575 0.402711588628661 0.400746966009864 0.403106248910986 0.392908512861698 0.394000783680708 0.400067605130034 0.383767953847367 0.281438368245572 0.388915910530155 0.369242539100423 0.375768583596532 0.438378366253487 0.313776980783185 0.384536870103414 0.365204643533955 0.272166682032313 0.287305804656819 0.362280562490341 0.344996453730761 0.281023275367854 0.338526990265935 0.354758375042877 0.328675705561572 0.421732066999572 0.288811697965723 0.357040470576337 0.291543443336923 0.289025895916935 0.350965584110012 0.441299962813319 0.348159537904462 0.372230069712734 0.325870216361743 0.351137047883602 0.357813492609815 0.343195885185147 0.318054671327214 0.423718822872562 0.330714051795156 0.268874776381367 0.359248468064349 0.44034851638214 0.286321181856133
"brahmandapurana" 0.302373170188759 0.344931978867106 0.393543920378393 0.358547528698033 0.344941428825865 0.398649157628664 0.318331104501574 0.337542554737846 0.324236556651943 0.321738683357822 0.427252082312518 0.34733931773685 0.370827924598661 0.351515062433762 0.242966034195785 0.184421908512305 0.127446000824832 0.184674330990316 0 0.265545720963993 0.3451416086235 0.263523522823615 0.278968950122191 0.274590575949156 0.307338481745235 0.344680958597384 0.323821940054743 0.381261182889975 0.351445873836348 0.33825596973366 0.271883299922513 0.26254515255928 0.541334504488979 0.246510951489778 0.307196065181625 0.208762572328862 0.292598588819214 0.311280582851256 0.353900726768576 0.350945655530337 0.303374915493997 0.370655824595338 0.342426735952568 0.368550835300751 0.388594211613276 0.379703871724089 0.384343801082975 0.353930208776775 0.361134408461255 0.392029035118298 0.432982204700816 0.31209308078372 0.300067430458654 0.364294563788561 0.371775603439077 0.339298857883235 0.392625094218804 0.42488270441649 0.530157039321492 0.44851209132801 0.235647192181175 0.366506466359852 0.315790766315453 0.231885843460389 0.172342973659283 0.243790807501353 0.306956729446342 0.351994375717757 0.306070416574137 0.322601945773581 0.376071683575956 0.354243477649697 0.356516637582407 0.37433224596503 0.354719405483877 0.375085228841082 0.376748048048998 0.338714079000439 0.255084979892057 0.382497494587028 0.350082332465298 0.351369412363681 0.416529322568388 0.294630790337004 0.371285642887898 0.344697036367148 0.215798520279261 0.267792639176991 0.350674504600292 0.319680035821222 0.272752614466502 0.298299349326061 0.344733067845162 0.278926012676984 0.402242707293474 0.246863436647244 0.315687424973572 0.265149033812573 0.167288620791618 0.276175001113683 0.403992298574363 0.271661344036887 0.34648831585113 0.24442371168772 0.274742625445939 0.290079557307575 0.250627598914961 0.263720208626946 0.398567698439787 0.29510943987561 0.144366037237793 0.323078452823001 0.422561096959311 0.225033509607747
"brahmapurana_pu" 0.325003844956065 0.325867633698178 0.383415869177045 0.30609830128277 0.292335841621073 0.376267588750864 0.323343335971112 0.341450529851876 0.331208872706609 0.339510040330444 0.381089889992787 0.281999203761245 0.315086283252863 0.306569974503591 0.264275630017383 0.336243296808879 0.254293714509481 0.329068020058326 0.265545720963993 0 0.373408969180377 0.263974151574158 0.30647630594122 0.318670403147148 0.313494919989797 0.369497980204374 0.237060336245444 0.294638235689344 0.323180749178939 0.322032286475265 0.200727016990135 0.271415427689775 0.511549646841169 0.280900762130254 0.300395361291532 0.253952266832801 0.331668810343998 0.213877898730033 0.307632262803438 0.271777655456566 0.201817377611071 0.297063393079087 0.257195294146641 0.314498162571468 0.33092365365097 0.319110694212049 0.323651780097318 0.283033033727691 0.299603629978932 0.333956106529427 0.371620993745386 0.211484907690776 0.197884433967537 0.29408114995877 0.284326762879363 0.237367748628495 0.318800916898044 0.360683075546644 0.478430497910086 0.396103391332752 0.259964640401679 0.399460600845876 0.294200511710297 0.245536809915923 0.218945107431256 0.292300873626371 0.301597916017391 0.322944317293329 0.207904855914014 0.322972822438548 0.420381028324058 0.281618149860555 0.278018886274827 0.309530048351473 0.292099221023435 0.316796281946872 0.322589317816499 0.260259551755957 0.268887190001819 0.402562364808578 0.34293430786401 0.407718575042678 0.390982201957913 0.30528779185991 0.425978981841836 0.329265576612338 0.253842474126228 0.317527768927951 0.36963410149656 0.305404154724381 0.287146963828309 0.226708520120717 0.374080516577742 0.29297621338918 0.416052879240477 0.237337827587863 0.301181655549335 0.261550041467118 0.304310965798012 0.376712766274865 0.434419506208529 0.349020520600845 0.434123276329244 0.363297738965687 0.378341273554079 0.346542106721059 0.327575712409155 0.372456291696193 0.409928430252407 0.283064676525404 0.281634588819506 0.214653511126576 0.37268248600572 0.250139589667366
"devibhagavatapurana_devigita_adhyaya-31-40" 0.380443821930787 0.417755121885542 0.434960672236657 0.418496414690805 0.413456660618773 0.455142774942535 0.392059678861203 0.403163013622005 0.404396764661289 0.415323730741916 0.463583636862962 0.420668001253336 0.410031937648518 0.425712232334662 0.343154120695347 0.395813870743853 0.357084436194242 0.34745614558292 0.3451416086235 0.373408969180377 0 0.333978656271309 0.350715093950412 0.354284362898139 0.374009812366708 0.387365111207053 0.407250072114142 0.438599682371203 0.44641552941565 0.4532386170357 0.412126373638095 0.33159271647708 0.541720482777099 0.343799932694619 0.356382910377868 0.3433442139284 0.348708101697134 0.421491778117557 0.458439783977179 0.449820124149834 0.415436090122294 0.458622824193886 0.433526894043489 0.461071603278173 0.476832211187912 0.469710519635028 0.467966003818094 0.457055052090464 0.452425470193292 0.474016274260111 0.465743011668235 0.396409450498003 0.409629869322009 0.419075240646257 0.437992934186208 0.417744636064945 0.47261943061499 0.492183231469475 0.565577191195065 0.504009766105813 0.351086743527142 0.431560137934703 0.401423046019552 0.348916206590274 0.340599673960964 0.330515884893745 0.37696440423366 0.414498472000378 0.385074257952235 0.390776368493062 0.389753304412854 0.445453379220631 0.436339650642324 0.453042325856297 0.447736847156794 0.45433132746573 0.467307381513061 0.435296603242258 0.339110225106052 0.420235426147969 0.390814218552017 0.45065763513483 0.44307256329091 0.369067006802655 0.449210625365919 0.391387212927588 0.343894616278377 0.340151029842088 0.377875581148475 0.384183661134078 0.342366277378729 0.374244010262789 0.357979685792426 0.367741246948249 0.413025636612776 0.360513039873317 0.387362153403423 0.361270448825648 0.388823327497472 0.418596625843753 0.431561891351291 0.4092770697701 0.466247997240078 0.412919553626488 0.443598070179448 0.407169060185057 0.413204882502074 0.397315940021189 0.448959316735138 0.363382056898668 0.368085780728169 0.386092363926447 0.462253671679093 0.357880746341794
"devibhagavatapurana" 0.327253213246689 0.363030130054696 0.40961930232374 0.38458945800186 0.368460954901391 0.431445590083057 0.343125914627711 0.35347006897833 0.350091857129392 0.35274747482217 0.431740547195592 0.35692225901837 0.381320034727487 0.389163316602255 0.201659800032231 0.349574933559544 0.255193185977925 0.295804720167634 0.263523522823615 0.263974151574158 0.333978656271309 0 0.272252184092723 0.301109710829462 0.303607793509391 0.322137855814276 0.315725268121628 0.366354533189505 0.398957227088272 0.394878805617522 0.313096133789272 0.245632637940773 0.523532923739968 0.285882766925853 0.310251340863065 0.265589717344389 0.296026594829196 0.318347369046703 0.388398825993343 0.359908613810124 0.313705097853815 0.379794018626848 0.346528794442589 0.397218486680075 0.410792722727151 0.403121118689189 0.403414577325602 0.376299406795184 0.381969788488172 0.397948568667396 0.441077657371111 0.318910081027365 0.318044257934667 0.36625731907409 0.38008238340156 0.338466234752726 0.39266197286605 0.434234414953602 0.522800748199135 0.455557979541816 0.268836005450679 0.376119460559847 0.316859575880447 0.255839660412559 0.24580569870236 0.265805149962529 0.259559439703602 0.336593099248328 0.275044215613326 0.303293493926839 0.400690274036278 0.362611200582995 0.344816784780549 0.370849893285961 0.369634103928179 0.378121949683912 0.396246234445038 0.346503498406636 0.24721856267652 0.403004488786864 0.369969890295686 0.362932480495442 0.386143375600723 0.214602359343485 0.388108873677522 0.320465231791727 0.242085151009064 0.288282067160524 0.333391161831557 0.317128534980349 0.265702884233225 0.28383492096735 0.343703087546796 0.29299551659457 0.429761908183064 0.28023314577567 0.312029751092651 0.255811303865798 0.328731762333448 0.392501290922793 0.43303559387463 0.360874763900631 0.432984709842273 0.379380277260787 0.391359930636435 0.357101380377345 0.336804538989855 0.377356897990215 0.392898334949035 0.278054392570359 0.304807960089092 0.315810250067072 0.417130076089479 0.267039922174142
"devipurana" 0.276203575405817 0.395308800260708 0.427577262476423 0.399784613160197 0.38656871290202 0.43279003373139 0.366487813475902 0.37592819401249 0.371215138329655 0.388875656594437 0.447988859324111 0.386699632090111 0.395762096854334 0.404286127824577 0.251978939193897 0.351548427384949 0.297788295316498 0.290686026609319 0.278968950122191 0.30647630594122 0.350715093950412 0.272252184092723 0 0.282211060222181 0.314132085463146 0.374002219174556 0.344829061629273 0.400297125527037 0.405887673317698 0.393965237916279 0.34077570403547 0.258737506260703 0.522805210133841 0.308733606290383 0.32148597348605 0.287572129618691 0.292371659972048 0.372507497401055 0.400196130548133 0.397859632114435 0.357270593071093 0.403129058919486 0.386533705223376 0.410479508080933 0.43336478517154 0.414202277668725 0.414577234806502 0.400640652819179 0.404942886660104 0.425939997092391 0.459660181720361 0.3615393811094 0.349359659740214 0.375344030206859 0.376626992817526 0.385173874849822 0.43429354044464 0.461071315524321 0.55304467504447 0.472493488348713 0.293529049148486 0.383724217487714 0.365081265450488 0.291239393733285 0.238944812098303 0.257325359054007 0.313718549691442 0.339027566289033 0.332183739655934 0.355069394647135 0.399228305797179 0.404145552712778 0.393664550466512 0.402886448575346 0.396224664317738 0.402359792570329 0.414220236691856 0.388168391815639 0.277506803170156 0.351104671842651 0.333810887986459 0.410903061591065 0.401664167668175 0.318953157890795 0.413374056577183 0.366534033126472 0.275803500384558 0.302095332026998 0.349651412569374 0.34399099068273 0.27311957958882 0.296908837585237 0.35349372188374 0.335049158787212 0.434320422266138 0.299229640376526 0.346010146338968 0.293306588211929 0.319316150406973 0.38358431384715 0.418539139445618 0.362690036220555 0.39745207527352 0.356785745855352 0.380854326958775 0.339830365264223 0.34829311509184 0.36927225573986 0.402965746905153 0.297874233827237 0.293685094938146 0.333062311082158 0.418003154096175 0.31800816746832
"garudapurana_khanda-1_u" 0.214508599196666 0.379041831337199 0.411367415325938 0.390829458956065 0.378461020735766 0.421711609869707 0.353602669858455 0.364832646196769 0.356688039861957 0.36910439509079 0.449658392718785 0.374638829044123 0.387496749875288 0.38235917090749 0.248860318845897 0.34132674070556 0.290621919236695 0.297327135308136 0.274590575949156 0.318670403147148 0.354284362898139 0.301109710829462 0.282211060222181 0 0.273088097655608 0.353061530255089 0.374086289081255 0.410001922111265 0.419626497333595 0.409207210730583 0.355583317096649 0.287575308768633 0.524486009884751 0.313762533283661 0.302277791919839 0.277165316293274 0.288007403481688 0.38006338218549 0.415160410808797 0.406847852247822 0.37018487133577 0.41624326682568 0.392168776322469 0.421373073940901 0.449879911598873 0.419474027239351 0.420529882399561 0.414967591060097 0.414158609954049 0.430955091564216 0.468846348847194 0.365585726457791 0.360534259392532 0.399980072748852 0.387029062042691 0.395060504716725 0.45106169950239 0.460824198221736 0.558446842711908 0.493478907598821 0.292568843418739 0.415433599582945 0.372053726667276 0.29715814029543 0.247948479521223 0.217831888130617 0.327358678293442 0.3661681137286 0.331911879930933 0.337338031231944 0.38570126374248 0.413707970800962 0.399254435290686 0.412302821561172 0.408206400823528 0.416072701071504 0.416197634113853 0.400354360707954 0.283471197561944 0.361994919694732 0.339141081996961 0.398865642530858 0.424449429407794 0.344191807199432 0.415305355265368 0.375903032656151 0.28447586851043 0.287839185349082 0.333166444086783 0.339262303862043 0.276713205743145 0.326589226814162 0.363894014534092 0.333078659023953 0.435466620122122 0.319240789446535 0.356479853701743 0.297949375378055 0.327051589422427 0.390255871649692 0.421031831816875 0.365420937532407 0.415552005591798 0.359277853609554 0.392655652648317 0.34625381130195 0.364436977011647 0.376327378828806 0.394178705472048 0.309256282069886 0.301087490700453 0.34043683404684 0.425105248702043 0.295384471280031
"garudapurana_khanda-2_u" 0.305319714688599 0.38685368045476 0.423437601067563 0.397524130637916 0.388139355060725 0.435445000377472 0.36788733340937 0.366373717202425 0.381348022383611 0.385720066297031 0.435481360391297 0.388360028005794 0.382341455177587 0.398876603676092 0.257865510659666 0.354180995788377 0.30905609566536 0.339826960905935 0.307338481745235 0.313494919989797 0.374009812366708 0.303607793509391 0.314132085463146 0.273088097655608 0 0.353106798178816 0.376355779465133 0.412143184831628 0.43398700217694 0.437251876092255 0.364206370996458 0.313029184221981 0.520572492482202 0.348441643250326 0.313603021458744 0.318661483305875 0.33541888884413 0.375655022075762 0.43297646049634 0.401261114604449 0.361053449705697 0.407513461928042 0.377473993533974 0.431517797255234 0.441596006752731 0.431501347176597 0.431256232887186 0.421310896384274 0.410983878619868 0.419295811090087 0.447600981226557 0.342244441948106 0.341623394392084 0.361003140952575 0.339976968229341 0.374219062437781 0.439504749207033 0.466575085816204 0.545502381395487 0.484359234995485 0.282662738632225 0.425695392056284 0.36216887691206 0.293081605377558 0.270569604585754 0.276759174966466 0.299030409468621 0.372995849921231 0.342603557985684 0.353297223882969 0.409851171103292 0.424926085968273 0.397672399559457 0.418816547564865 0.419356874276396 0.433585354534381 0.440279100939131 0.4042821041697 0.305024100839095 0.388622085873461 0.34447856014648 0.415526680452606 0.415040340824412 0.344965763668945 0.441856965015624 0.390082162153565 0.279797962308854 0.323949623335881 0.348271585426245 0.365190892268788 0.28948717135537 0.323133635409806 0.379295998423229 0.357503554802051 0.430749098230634 0.331448047027614 0.357038708819248 0.323683583539402 0.335342172788525 0.389450609029777 0.405506058960604 0.38143359203401 0.442159418108836 0.364167411213888 0.411553702703279 0.320841470991672 0.37774608387147 0.373739854813093 0.383096147221535 0.299722627488267 0.314393753920818 0.326140914176997 0.4359852987743 0.303879612477418
"garudapurana_khanda-3_u" 0.383222293336014 0.434499340043367 0.456148517076957 0.441867254121211 0.439804661491566 0.468922123419489 0.409665828251169 0.415411248527983 0.416155136872196 0.427000812834917 0.475929824679798 0.434350261551551 0.435422462848745 0.441153010782148 0.327326244804502 0.386018302749469 0.348802093960287 0.368450140045316 0.344680958597384 0.369497980204374 0.387365111207053 0.322137855814276 0.374002219174556 0.353061530255089 0.353106798178816 0 0.402562408089694 0.421866023749074 0.456833854596996 0.465095591003472 0.405678930477225 0.347759203093939 0.536932823585402 0.365015566909063 0.370529432250766 0.343384566558157 0.357986401057627 0.4178127224892 0.450358753855054 0.442511719804844 0.41405073436531 0.454255259893585 0.428095774612863 0.464051029085164 0.482641144049476 0.468135444782883 0.468999158118148 0.454602650553407 0.451684050503455 0.468877321890837 0.474596441040113 0.399819059746827 0.403311627341844 0.426359404905894 0.426143861898282 0.420466269579389 0.474709040174189 0.490412828214202 0.567457194763938 0.509694475922942 0.369303504647816 0.448234184863746 0.417818005997721 0.369461632558386 0.345186212838671 0.344286106198001 0.357331320979028 0.403932356282709 0.378051737615492 0.407229485882489 0.425667871204391 0.456440579025752 0.441773589684213 0.452704390963388 0.447172344011525 0.454978007218757 0.46508115802604 0.433192169448883 0.345907906021637 0.447759366531288 0.427991732420265 0.465529795392594 0.444265750168598 0.343886221602027 0.470034871717878 0.385385878458112 0.339754513102388 0.354563816644792 0.380505816473562 0.382356732917572 0.35748418271635 0.379631214520793 0.376600780978519 0.374053135253886 0.456510255247009 0.375240056979055 0.388439423109374 0.359767769227195 0.384749377306921 0.421782600860755 0.449526548855207 0.400872292877377 0.467504861021064 0.418357341256174 0.428923623356617 0.401325671394804 0.403927262677077 0.40238478351687 0.431603780582552 0.365597245904839 0.367497831346176 0.386327479189744 0.455495904179414 0.35580662691696
"harivamsa_appendix-29-30_mathura" 0.371486343037652 0.352750821761388 0.414900364968272 0.342334586394853 0.327058803604057 0.40459570808127 0.360614803244458 0.376622895905 0.358461539516878 0.370000682186757 0.40188982402626 0.3109241867244 0.359785070592337 0.36415292535924 0.326818750372626 0.386521993215016 0.311073723984924 0.36265868848097 0.323821940054743 0.237060336245444 0.407250072114142 0.315725268121628 0.344829061629273 0.374086289081255 0.376355779465133 0.402562408089694 0 0.313784889453521 0.354150003248809 0.319871275713615 0.220706207549936 0.320251995040839 0.545909935553577 0.334999383839186 0.36477077585911 0.318412763946083 0.372850405407899 0.251451126621457 0.296948104280946 0.283464653362544 0.236944956405314 0.300386807650971 0.27703658887344 0.313915009929197 0.357440016012901 0.315953428971257 0.317024562578335 0.289351984351876 0.306343494535577 0.339120982981221 0.408065603927053 0.279625145399629 0.262362538974888 0.342082745528168 0.355434897730612 0.278991286636905 0.332921077990698 0.351856724213798 0.476234531727526 0.405190091728106 0.333653491173028 0.404974578442187 0.349282512656052 0.316939849131718 0.287409296676573 0.34994509342326 0.349213645418009 0.36692773244718 0.281697049097422 0.372075394074429 0.44926862939339 0.302038193777691 0.292550139294565 0.313577670192045 0.294945474207187 0.312529112710666 0.321507036717437 0.284641380180487 0.339167183527997 0.445321309125162 0.391809129637734 0.441161563815508 0.435619894675912 0.334950628984609 0.458921021906973 0.362439551622631 0.320913030670567 0.368952681126386 0.424428872659771 0.351354581721798 0.346732423466497 0.305591637595046 0.414353300018224 0.332067905092002 0.458039736310502 0.280287118397229 0.365438166401175 0.290805444953103 0.359725426076511 0.415178913702245 0.47051294748361 0.39661181461647 0.451476262503087 0.409070070268782 0.411101604475095 0.398625720510739 0.356263291404268 0.417964252824464 0.451568231630952 0.350128714799839 0.343744147720823 0.28341001106049 0.393752276343386 0.317704354398659
"harivamsa_appendix-31" 0.414738970281209 0.382717462286826 0.420684416911294 0.374770237664601 0.358657879874263 0.431982127505625 0.386563242618151 0.400897748875667 0.386377789612804 0.394835686134584 0.438035009404581 0.339993110507965 0.37649483146886 0.38203633637212 0.378706787984304 0.431975391569462 0.36444927431077 0.405803668948925 0.381261182889975 0.294638235689344 0.438599682371203 0.366354533189505 0.400297125527037 0.410001922111265 0.412143184831628 0.421866023749074 0.313784889453521 0 0.386477119912032 0.361741434299302 0.295395623984464 0.367775572030247 0.550848320543943 0.36833216907244 0.389522326331308 0.360195270672033 0.402510229874042 0.311001321400946 0.334825399234654 0.3334045437121 0.298519648944937 0.340601674851669 0.326186447969588 0.345866307124256 0.401305891911877 0.338851956447892 0.34513643264401 0.326074383689161 0.344799050125686 0.382734062876147 0.431626067531177 0.323827048689065 0.3313119567515 0.395187696936112 0.401691213394537 0.318178126666062 0.371487456222622 0.384748635395074 0.502321774911684 0.439100835809537 0.386933023877935 0.440463795475414 0.387706561985749 0.372278353647586 0.356474859275074 0.394470345224108 0.40023157290104 0.413265103285658 0.298082355312738 0.411840569525721 0.468221827350493 0.344875497188258 0.355021482745966 0.353407358874025 0.34821700653202 0.368211083069859 0.343806695668177 0.314549469973638 0.368532406283079 0.461157145274099 0.431854359069943 0.479358451209199 0.466594457555862 0.372536170309368 0.489834606095179 0.374272905744087 0.375729661087469 0.399621457741177 0.448604298646714 0.36792470609179 0.391784189590429 0.35466148786791 0.432626064756707 0.365362710864437 0.460270308896832 0.318949957486846 0.389696322840094 0.338542796248278 0.413644329540878 0.457664284922356 0.484731285971044 0.419026269821991 0.492809600227734 0.449595565110108 0.457519455807487 0.452156432324069 0.399395804783629 0.44899588375081 0.474350745264549 0.386084474616119 0.397989847581502 0.321028838512246 0.412511930122887 0.359179365670885
"harivamsa_appendix-41" 0.422751749956954 0.40464279513945 0.42558633356536 0.367871083344979 0.367448131790125 0.426000515351624 0.39106323476231 0.41557182840461 0.387403155797066 0.420234299431551 0.462630306681055 0.378578461955305 0.383628728449143 0.374774566673136 0.394412141703894 0.369873727142209 0.359937729726086 0.394655298796289 0.351445873836348 0.323180749178939 0.44641552941565 0.398957227088272 0.405887673317698 0.419626497333595 0.43398700217694 0.456833854596996 0.354150003248809 0.386477119912032 0 0.324404389754265 0.30990973803339 0.397477085691409 0.557621127285498 0.359478615943764 0.39865311617209 0.343600106115012 0.409125635576504 0.340496728444008 0.357194526936209 0.360000363800289 0.326247039161963 0.384468093187069 0.358639020676325 0.359330591802144 0.398543894022923 0.383015770478759 0.383627690055476 0.365246582356806 0.382198275866016 0.393296173298306 0.424246226024129 0.320212960869633 0.31667672629215 0.379775982131934 0.386344804196973 0.338374247827218 0.39987604401888 0.434369654364314 0.525635567598852 0.443919039915223 0.393674986323869 0.463863114900503 0.405343415326527 0.381219112162101 0.349464308455571 0.39841054867809 0.427407786390425 0.444664433849408 0.362987567267287 0.430710260678256 0.46378526998273 0.378056845411778 0.389498321640098 0.391524251512536 0.378061413739473 0.393206245064364 0.383452083552979 0.366970169318754 0.381279948949107 0.450871247671916 0.401025101941917 0.466961041778228 0.48147054633201 0.419751961180714 0.461231101641475 0.426331573583625 0.372724267636467 0.39695712233728 0.44943844456168 0.386780555771583 0.409131915981393 0.369286395998504 0.438905103309913 0.379169161214675 0.445494676215445 0.348550834151728 0.408156318772614 0.390458492009371 0.365429806822835 0.396326605293879 0.473328016048972 0.39292349137166 0.453764342474849 0.397614116501825 0.418957161108506 0.424376752139057 0.40520684210062 0.389429852857014 0.49227514044182 0.41409899908361 0.354902886785723 0.353015908388866 0.447958764774849 0.371481464790728
"harivamsa_appendix-42_pradurbhava" 0.411796238172696 0.402622413106676 0.442648686176203 0.385139885144546 0.374418588761648 0.43176674012638 0.390977069634262 0.4152781971273 0.373453639783874 0.409530115510358 0.457453090467739 0.364201524282729 0.404694867353903 0.395385404482797 0.394578923269458 0.384344280066415 0.351720994986799 0.35909000391835 0.33825596973366 0.322032286475265 0.4532386170357 0.394878805617522 0.393965237916279 0.409207210730583 0.437251876092255 0.465095591003472 0.319871275713615 0.361741434299302 0.324404389754265 0 0.274089188553051 0.398310324762572 0.572840920014339 0.367217812244707 0.415563696752845 0.340130225470975 0.40841230583867 0.337289936286718 0.29955088252672 0.346820701647596 0.319978332200592 0.354923362070473 0.353891329425509 0.305195026449662 0.388787570270992 0.321876990978045 0.326709575737853 0.312526549411119 0.348186335220823 0.382331728265271 0.454283073606637 0.354670678022887 0.33738074926174 0.40736578666225 0.407862566973394 0.356682287276858 0.395823741694407 0.405253056525674 0.520212131057666 0.439923442245976 0.397687861902634 0.42268979396676 0.411117252085325 0.382762280008868 0.32547320271606 0.398812335328804 0.435737860177915 0.427266933292774 0.364064388215434 0.414336353508996 0.470231998881835 0.35686673654647 0.383896091456475 0.364741702301385 0.340096476742504 0.35095912369353 0.313885892216469 0.345778935899911 0.374975298415282 0.458587032548418 0.409640049351693 0.449334038826875 0.490237511193744 0.397875139386871 0.455465566758112 0.406270824208605 0.372980702335318 0.402498886128943 0.462852147490893 0.372312411148142 0.405179661824067 0.370762157095086 0.450723257917896 0.371709540871266 0.479844735307983 0.300157891510327 0.414677047022306 0.35335743536299 0.366735153066109 0.419049353285086 0.502735447028716 0.400429731759379 0.416350044338225 0.401611309885716 0.402011172839154 0.437563920100902 0.390461166425506 0.408920098093827 0.496051060100361 0.41164151212165 0.354317318603572 0.372948412800686 0.443746382615214 0.366387697943786
"harivamsa" 0.360348800124471 0.31767143436806 0.391638204739162 0.310579650410148 0.292873438142493 0.374264463180559 0.3310990228056 0.352972215772984 0.332570465268143 0.325601301368602 0.386511025554509 0.264198306014032 0.33499414257717 0.322661609316968 0.313319974007567 0.339650709145122 0.251011314955707 0.337191557377183 0.271883299922513 0.200727016990135 0.412126373638095 0.313096133789272 0.34077570403547 0.355583317096649 0.364206370996458 0.405678930477225 0.220706207549936 0.295395623984464 0.30990973803339 0.274089188553051 0 0.319767528805172 0.539630255467616 0.314157880848472 0.359624344228398 0.294953513352788 0.370323633397024 0.203999563441623 0.250302119416151 0.24036387316906 0.194388748049284 0.263169660903383 0.237404605649148 0.279974278883092 0.332512239737049 0.280788483778845 0.289602034317072 0.253437634966047 0.271336102397811 0.3084114246776 0.404190194914927 0.246587946469341 0.228602515268268 0.34345752216418 0.339404648430507 0.248627116958519 0.304910827641127 0.328139315284512 0.468282600346282 0.387059864387358 0.300405230216241 0.395966784837456 0.318536841610236 0.28136628895724 0.248538542691931 0.341585213360932 0.346921448658821 0.371989761063532 0.256798670965337 0.363545994190384 0.437894682780333 0.268919038710947 0.270727396126254 0.282834213891287 0.263628219256072 0.283268922389739 0.277238959639209 0.240366909407823 0.324437644564164 0.430862755899917 0.374687983994826 0.423461067902747 0.436963437625734 0.342933684181849 0.448193135465768 0.361723373658426 0.292029632201723 0.356037748482093 0.426091801083071 0.34327588857049 0.335258231089892 0.292028503118134 0.415505971727199 0.322603646334796 0.447759801046233 0.25608589671852 0.353237353752991 0.285693908907338 0.306180485747756 0.38704663418955 0.462757936277276 0.35507142480229 0.430367444687012 0.3686308838843 0.36970887031886 0.376086254939092 0.299863209278762 0.384098827664693 0.450984277442825 0.342031144252666 0.292825952359649 0.271059996666638 0.394279897981471 0.272975679616733
"kalikapurana" 0.288081651329908 0.369995439333114 0.401589159505645 0.372489738319141 0.360895190411295 0.422601657469599 0.348580057045982 0.354379272668256 0.344433191357639 0.347778461411507 0.429905427172779 0.359580390903432 0.384550120503777 0.377605908592938 0.242405393471715 0.337728882796739 0.26858329548032 0.287984427635189 0.26254515255928 0.271415427689775 0.33159271647708 0.245632637940773 0.258737506260703 0.287575308768633 0.313029184221981 0.347759203093939 0.320251995040839 0.367775572030247 0.397477085691409 0.398310324762572 0.319767528805172 0 0.52300863068441 0.277236545430181 0.307795836973797 0.272921821963721 0.292370199873068 0.337826940927969 0.388814156839877 0.379061381394446 0.329437984832156 0.389342233233732 0.366950716096452 0.401735497288024 0.420522732504618 0.399364996784228 0.402215825207722 0.38030369069927 0.385033776050349 0.415865486319279 0.448266496301771 0.344333480672344 0.337640158144938 0.373647438913142 0.374332069056385 0.360446268365321 0.415390270886276 0.437427620951115 0.533730890600492 0.464914139917718 0.259076491514673 0.364217747698271 0.319557127178992 0.249805351462701 0.227407117373178 0.254429418619976 0.29997573979808 0.324427742683792 0.290711985866986 0.317954791889165 0.393047535942104 0.369815567282575 0.361036975907506 0.37627409279362 0.374497978788913 0.382596143151561 0.396654013482541 0.348680544956959 0.270855737731468 0.375168059201826 0.36177498637416 0.393596554641674 0.389642593665479 0.272066763851337 0.412375805857219 0.325819811506849 0.261809739235979 0.28601429688 0.347027800464925 0.312261860908183 0.257318332508964 0.28273807689029 0.358742107996027 0.30284640886473 0.417720498719194 0.274938246345167 0.319040337875471 0.248488859157617 0.308659977849934 0.37175093336718 0.418150431983611 0.347745195123238 0.412000025276531 0.355117595786296 0.377040071758902 0.340713003576407 0.330389718981967 0.36648809963764 0.385515111509188 0.284038531521148 0.285349520701264 0.317637003227149 0.409824883606137 0.274727544195627
"karatoyamahatmya_pu" 0.524273995881014 0.562733320464528 0.568947186948303 0.554040719695083 0.546650208487341 0.566548160778089 0.556161539461155 0.558590026361546 0.557112724967471 0.564461657809903 0.575847093223619 0.552397886740346 0.55205878220288 0.545005579600059 0.52297127093262 0.565185294189218 0.543988715288539 0.540090495292161 0.541334504488979 0.511549646841169 0.541720482777099 0.523532923739968 0.522805210133841 0.524486009884751 0.520572492482202 0.536932823585402 0.545909935553577 0.550848320543943 0.557621127285498 0.572840920014339 0.539630255467616 0.52300863068441 0 0.525436643846827 0.519671327191264 0.5279642169727 0.529982923584853 0.54909525198926 0.565670815214196 0.561639461764543 0.541441101841573 0.565174596907275 0.548984584518187 0.571359369575414 0.579329597519213 0.576532479873014 0.570458845831303 0.56543906084436 0.56582262589817 0.565537996828554 0.568002096943168 0.532745781202807 0.531643968374528 0.538002841961595 0.53033590757219 0.546995689067276 0.572396609919373 0.585262451608176 0.622985809553957 0.578632586956867 0.541465678277871 0.574226483266793 0.55767677113075 0.538611355862686 0.521255201197527 0.516380754403651 0.527203188976573 0.539664467832846 0.519145216199434 0.54555440864548 0.5708581355623 0.563402843786468 0.551984445206319 0.570444758319083 0.564459025586995 0.573256107368526 0.575606536425632 0.558526590273522 0.519759048433596 0.549121634492787 0.532253045704554 0.601583118667663 0.539935833328603 0.546250332433438 0.6028997970671 0.54973825069248 0.524979865883468 0.536841340293688 0.536156554214626 0.545634437209225 0.507348813231691 0.498917511301179 0.543256730456888 0.553831775045286 0.564695286006994 0.542560756909779 0.522321068686558 0.53010361123593 0.560446752232203 0.578796278046765 0.57678317617914 0.566988500780157 0.583162332958032 0.573999243158427 0.587318072793106 0.550326922448903 0.568193427273363 0.568539962193573 0.556086762306622 0.508713054848845 0.547833714525891 0.515961934869062 0.56230630274972 0.534546385540676
"kurmapurana_khanda-1_u" 0.337742610164107 0.35013842714668 0.37609163719269 0.360236667357915 0.343510958665038 0.407530998763301 0.315157566461678 0.33793105981906 0.319759151632705 0.332851154760154 0.448431432390732 0.354868644613094 0.364971953039887 0.351818093372915 0.29221765036801 0.30852864901182 0.25724838627304 0.292712148300468 0.246510951489778 0.280900762130254 0.343799932694619 0.285882766925853 0.308733606290383 0.313762533283661 0.348441643250326 0.365015566909063 0.334999383839186 0.36833216907244 0.359478615943764 0.367217812244707 0.314157880848472 0.277236545430181 0.525436643846827 0 0.24473463322357 0.212416147594072 0.28650720077386 0.342700159634426 0.374189181858413 0.380656528561407 0.333976901910117 0.398029783209118 0.370736268058726 0.3954248070608 0.410292721579767 0.403643890309963 0.405516161202707 0.385508334612388 0.387018013972491 0.41432489971283 0.434142654458911 0.333586454120179 0.33130962430113 0.38000855090134 0.39059590740351 0.353136045200702 0.416314516254864 0.439379671533224 0.533511258842728 0.45832335015726 0.284013182739693 0.393107228627894 0.340969167805625 0.277575906220249 0.250888635590599 0.283906517595919 0.326765994352553 0.364503689853117 0.300802279248884 0.332443549988957 0.381777915938724 0.367207829639568 0.376916354956651 0.388132932185235 0.375475269938592 0.397236554788322 0.394279563636066 0.350710602968235 0.227331830612718 0.381420915534147 0.373399695789752 0.385052818098494 0.407134604520788 0.300607338119779 0.378698312781146 0.31017374795648 0.269565458849092 0.276541684367095 0.362239783543677 0.323466775987753 0.293149174160364 0.305762062054393 0.338764187238521 0.282164197068592 0.390056363115263 0.266653618872207 0.290036068092335 0.257946637840316 0.290100333922056 0.343742200508671 0.4210786050517 0.29948086330618 0.404021158511721 0.343652710082017 0.360463353730343 0.352066302945199 0.320588599321703 0.343484858464928 0.408021754360061 0.303260888671001 0.264704660668995 0.319021595530853 0.416325066300682 0.2771904989292
"kurmapurana_khanda-2_u" 0.322064912061814 0.371473502796295 0.39577788344446 0.375904374024541 0.37247087047083 0.41822174512697 0.346360043101868 0.350278791315428 0.36216303857454 0.373550757162496 0.448312160726774 0.382312524709512 0.363300087407162 0.376378659442059 0.287026148300121 0.355767855518799 0.307675074212874 0.343938274787713 0.307196065181625 0.300395361291532 0.356382910377868 0.310251340863065 0.32148597348605 0.302277791919839 0.313603021458744 0.370529432250766 0.36477077585911 0.389522326331308 0.39865311617209 0.415563696752845 0.359624344228398 0.307795836973797 0.519671327191264 0.24473463322357 0 0.27174787348914 0.29748296441929 0.366299708459849 0.414212719573004 0.401532803856586 0.35679728699648 0.410869439929906 0.378322147220979 0.420030190903568 0.436321460511211 0.424830292016161 0.426916123844268 0.412691477363842 0.402319346388045 0.427977709113185 0.429607504664995 0.325061766290003 0.326596046203823 0.356349113019295 0.347372053541307 0.361649740797197 0.436721434139485 0.457749888221063 0.542886966100337 0.482074618205541 0.309389458275935 0.431088687072724 0.371436351681691 0.312056525294379 0.284525329942853 0.280466088065415 0.31916609433809 0.369223523968343 0.322407622219091 0.336294771174875 0.382646228803261 0.402159780146841 0.394313991441066 0.407929838710404 0.40431801271007 0.425425220726708 0.422830624723401 0.383352079822846 0.267026673314606 0.366247636318231 0.348753947569235 0.405937939452027 0.401177646588812 0.343483553227112 0.399519057711673 0.359211494279558 0.298544683125011 0.282488308296029 0.324366513335017 0.349832714434181 0.294752209523683 0.317833414296656 0.332380477187404 0.319602680816702 0.397002942278722 0.31461495589847 0.31223332532186 0.298889073113515 0.342972511222313 0.38438416608878 0.392303542817796 0.357937415985695 0.452858767520517 0.371585039014434 0.418855896509964 0.340553517927837 0.381753754922829 0.379252646532604 0.397972884226675 0.301101717195791 0.320749350904878 0.314791730728503 0.437681979201213 0.318694300281174
"lingapurana_khanda-1_u" 0.300071483987239 0.36296278648391 0.393598954518883 0.364224956337032 0.355087492284648 0.411462089620484 0.328586257510152 0.345406575077793 0.334550604851416 0.351152475326453 0.442790537528693 0.360114544985346 0.368044170342855 0.356566117321699 0.249190520704577 0.263113905982848 0.223877811136857 0.275178195256204 0.208762572328862 0.253952266832801 0.3433442139284 0.265589717344389 0.287572129618691 0.277165316293274 0.318661483305875 0.343384566558157 0.318412763946083 0.360195270672033 0.343600106115012 0.340130225470975 0.294953513352788 0.272921821963721 0.5279642169727 0.212416147594072 0.27174787348914 0 0.24078660982762 0.325257973743803 0.354295713010512 0.362371676276175 0.315845903973963 0.380982716712121 0.355274800972344 0.375450160216461 0.395759331579316 0.38658735221898 0.387441093378827 0.361095927067215 0.370936121546498 0.404811084621688 0.424532119797865 0.310994649236895 0.300953192078601 0.35545915789833 0.359911896572816 0.334719366751842 0.399067567129367 0.424706830267413 0.520414812130079 0.44597540768578 0.277395712150842 0.393694256870152 0.34090098653593 0.274984618157297 0.211218534244134 0.255342768435507 0.314960528113446 0.348919572142262 0.291779390925522 0.322814023765664 0.375508411828324 0.355841324501887 0.364705632427229 0.379173740497747 0.359452520071178 0.382412872508571 0.377345198587165 0.338357451350532 0.205685581629807 0.358562806512766 0.337054626905692 0.366361563574339 0.404421824995808 0.2841264557872 0.356807066879526 0.314482930317145 0.239498719676333 0.243403955328721 0.323262478077593 0.299414961664587 0.278634012980542 0.27783299288707 0.312399837961232 0.246578293569509 0.388023779050903 0.243294531297866 0.290018537621156 0.266562619913337 0.258022432814155 0.323540231753134 0.400661368252605 0.271480908512004 0.387637634858072 0.307826400684157 0.340505382639249 0.324108286125709 0.302232372246345 0.312513806656324 0.399840007294291 0.291755105816549 0.225017650716426 0.304665561196282 0.407758818545894 0.250927149899869
"lingapurana_khanda-2_u" 0.298894649802377 0.413313106531979 0.431400323658697 0.410736792990317 0.405526283375948 0.445675535583266 0.383204237434558 0.390849011818913 0.384666252555795 0.401271520433548 0.468307819825089 0.40977384441528 0.412658080687935 0.410278205378982 0.275292755846514 0.350025465259614 0.309947310387853 0.311590652426583 0.292598588819214 0.331668810343998 0.348708101697134 0.296026594829196 0.292371659972048 0.288007403481688 0.33541888884413 0.357986401057627 0.372850405407899 0.402510229874042 0.409125635576504 0.40841230583867 0.370323633397024 0.292370199873068 0.529982923584853 0.28650720077386 0.29748296441929 0.24078660982762 0 0.386123759785777 0.417732460269341 0.414230178239337 0.379152409402741 0.422077656056327 0.404915539993531 0.429640344399671 0.448200021413608 0.432659589195738 0.433654254980162 0.420223223167028 0.417428049217135 0.439707865885102 0.455575667146732 0.372234464604245 0.372490803082691 0.39530218273678 0.394406352514731 0.389957134373617 0.448429992349083 0.471808748868911 0.549245990191179 0.488548973700193 0.335469958162809 0.422577933476008 0.38966866434161 0.333564253081378 0.284518877110151 0.2663893597015 0.338486144037055 0.369424998848816 0.339233085080551 0.358069887152524 0.390263441433633 0.409161194300883 0.413473683646281 0.417749072967138 0.412557163333171 0.423263794531104 0.426507308296967 0.39944707161354 0.266025088502 0.373050731911026 0.360463648783964 0.415895336110887 0.417362538895633 0.3131157454312 0.40580967693583 0.35782492043048 0.297916520500734 0.254570167371024 0.322885286706066 0.3449910149801 0.308718507033223 0.32625357156327 0.336572533758625 0.319998567098051 0.419683588017132 0.322372602682212 0.342320324703371 0.31435156307875 0.349019561484328 0.393792298795269 0.416522718295305 0.360952184932263 0.43665865663679 0.375572594605777 0.404673451818948 0.367877694318585 0.376586904227686 0.382992648695123 0.416474842276184 0.322209308625372 0.323752947337268 0.353048636915791 0.422504023806917 0.320586013003168
"mahabharata_01-adiparvan" 0.384702495774489 0.324813902794011 0.399479724124709 0.321251571070941 0.300558123202438 0.38800203491066 0.34157024772124 0.361638651566092 0.352963147324225 0.336942734338832 0.39969616361013 0.291270736388798 0.336522444414705 0.33256231873959 0.329330278832536 0.364294871799998 0.279298674204061 0.378844118248006 0.311280582851256 0.213877898730033 0.421491778117557 0.318347369046703 0.372507497401055 0.38006338218549 0.375655022075762 0.4178127224892 0.251451126621457 0.311001321400946 0.340496728444008 0.337289936286718 0.203999563441623 0.337826940927969 0.54909525198926 0.342700159634426 0.366299708459849 0.325257973743803 0.386123759785777 0 0.309795359698275 0.197700347293382 0.137349356774153 0.222537197355041 0.183466021881118 0.276261430788337 0.326901366259277 0.279924861441332 0.28462711091578 0.240777588509318 0.251845957563482 0.287287686490649 0.390231823762065 0.20868457013967 0.207400265848123 0.336610876193962 0.332538886296047 0.196685650086446 0.255013755709026 0.328597449161509 0.438929614877754 0.364585999831784 0.306775196710633 0.425964188350273 0.29912700877222 0.287534452375488 0.28517305493676 0.367057831658204 0.358542882213943 0.374912269857293 0.258452163489078 0.381318070303902 0.453997432074756 0.259559034338403 0.247155788023016 0.296948025015658 0.283647595304202 0.302342600878103 0.312248462916706 0.25126957954453 0.348627758659658 0.451388123177444 0.39472668513704 0.445562092111186 0.434878968634996 0.353813621246642 0.469127565088886 0.368473759316714 0.315700788690207 0.37176599418212 0.429776220979807 0.361779894452809 0.35654418195317 0.298151637041974 0.421631566602669 0.329913246210852 0.457496105869768 0.283744602288697 0.360895869711298 0.314618564716801 0.335890557652206 0.406597476389313 0.466412445869494 0.379411935494737 0.460963152747645 0.393002668613556 0.399402902828374 0.38598696679417 0.321950694334247 0.406257076110153 0.461167856407895 0.347955145578082 0.325234377584276 0.275721697410895 0.397035084587238 0.302070744467411
"mahabharata_02-appendix-21_sisupala" 0.414635189381566 0.383468139489246 0.440944957666782 0.383899097322672 0.370946116159766 0.430906350104992 0.394285366068081 0.410595907454807 0.385401668880687 0.395899789639121 0.450534708410766 0.343526961282578 0.404396732707671 0.389810450140779 0.381848271381716 0.400348702577112 0.348409375350992 0.38992686949631 0.353900726768576 0.307632262803438 0.458439783977179 0.388398825993343 0.400196130548133 0.415160410808797 0.43297646049634 0.450358753855054 0.296948104280946 0.334825399234654 0.357194526936209 0.29955088252672 0.250302119416151 0.388814156839877 0.565670815214196 0.374189181858413 0.414212719573004 0.354295713010512 0.417732460269341 0.309795359698275 0 0.318665429101271 0.29522550417935 0.343724253973632 0.329278861572503 0.32974290891545 0.371022530997512 0.341390655013213 0.346777323039115 0.317416076277352 0.347638694888456 0.378526546253602 0.44824470002483 0.337207373057022 0.317709121945151 0.409563116435934 0.402059060257277 0.337302102421079 0.376928696159994 0.375020172525492 0.502672797899448 0.423865715442058 0.393946150115468 0.441170268822695 0.404072658904487 0.378722822918409 0.33972695089781 0.405978880556027 0.420866307524998 0.425186245997662 0.331186550290394 0.417239526399184 0.474836482889625 0.333813421641668 0.361211448349751 0.35733703861199 0.335152108002014 0.353254547786917 0.337005479735632 0.323890654785255 0.385592353915463 0.467908902099651 0.428898352853447 0.472560751988907 0.485714216963465 0.39969423161779 0.479166377706255 0.404900471818908 0.375631416077729 0.414526428663364 0.470672320222125 0.388604440389301 0.401775369920216 0.364530696137095 0.456569724214134 0.373921770436406 0.487662710864408 0.328866111423599 0.407972127546093 0.355695904352255 0.380579059826649 0.429885594619186 0.507748960476622 0.407751522969829 0.457428029319372 0.423583627809692 0.423994804773514 0.44379996025061 0.382326702840251 0.429358089753768 0.492315333102911 0.406067534969822 0.371483042068209 0.348138875422194 0.424084581292147 0.359524422600575
"mahabharata_02-sabhaparvan" 0.409694656408105 0.351213617873743 0.42469727355173 0.357532390903194 0.342036607506234 0.409562871776149 0.373281647498866 0.388868458424014 0.37869229982512 0.377202758672093 0.41868213410839 0.319252271938973 0.362081685410013 0.366953196338095 0.364140136914976 0.396877928835618 0.330621399143208 0.40297400717081 0.350945655530337 0.271777655456566 0.449820124149834 0.359908613810124 0.397859632114435 0.406847852247822 0.401261114604449 0.442511719804844 0.283464653362544 0.3334045437121 0.360000363800289 0.346820701647596 0.24036387316906 0.379061381394446 0.561639461764543 0.380656528561407 0.401532803856586 0.362371676276175 0.414230178239337 0.197700347293382 0.318665429101271 0 0.191233876779004 0.227072836238918 0.177277436568125 0.264018707155066 0.344783661445997 0.273850860852046 0.274301455892676 0.236776022427072 0.266246983885896 0.288534415985539 0.417683734968917 0.241934790440183 0.2435797763436 0.364806488486578 0.348301546695783 0.235870750896323 0.246247170669313 0.346136275363159 0.432296945742181 0.356491407446903 0.349797008681151 0.444089695317346 0.353143887961798 0.335813712684827 0.325475318554355 0.397856957767336 0.394071433389828 0.408998332253653 0.30817541607332 0.416347899587736 0.477184299478856 0.306802787369402 0.285554620335876 0.335700837073223 0.312163705056127 0.335341226093485 0.331929229077071 0.296325785927522 0.381423738023576 0.47186641698439 0.415567450352743 0.473922495527588 0.466639134230222 0.393391884798368 0.492960031638959 0.403669091580785 0.357934925786444 0.403264367276374 0.458480341098976 0.392170090881209 0.386304505392806 0.337222448221134 0.448644505239557 0.372996257697452 0.481494153739558 0.323672395084478 0.403681963038702 0.353853710190626 0.374408879400044 0.432102535820057 0.487176211772859 0.412484200273128 0.478773748883184 0.418381664783776 0.430004524410033 0.418453449624354 0.360507874096159 0.432970325686479 0.485710352475894 0.386192345130559 0.366354817614744 0.312755507345423 0.428872788536555 0.342766850486199
"mahabharata_03-aranyakaparvan" 0.375369191771064 0.319358119116709 0.394830822956148 0.31136915032349 0.294254345813538 0.37805425086238 0.332831298681102 0.353435440501919 0.343141110732185 0.339989048492785 0.391667967923793 0.28109329847132 0.323432049023993 0.326691880050116 0.31880113460698 0.362018731442325 0.27627698547174 0.363941343994993 0.303374915493997 0.201817377611071 0.415436090122294 0.313705097853815 0.357270593071093 0.37018487133577 0.361053449705697 0.41405073436531 0.236944956405314 0.298519648944937 0.326247039161963 0.319978332200592 0.194388748049284 0.329437984832156 0.541441101841573 0.333976901910117 0.35679728699648 0.315845903973963 0.379152409402741 0.137349356774153 0.29522550417935 0.191233876779004 0 0.213215681443341 0.171684175320725 0.257249209006198 0.318610351552786 0.262023098626995 0.26832675597068 0.221381742543813 0.244336954182364 0.274434890468328 0.383353660107864 0.18952729448457 0.185719441357936 0.319073370735185 0.315147936586089 0.186717506349902 0.256914107744116 0.33182647341406 0.436075399645483 0.357188041827418 0.298039522047008 0.414407959508686 0.303670873798196 0.279939373911454 0.272020388156441 0.353517573145519 0.346678499930825 0.367206406397169 0.239215464637096 0.367329774313082 0.449371984436886 0.253759949876358 0.228231548028513 0.268822523971121 0.256487330616798 0.275789311398286 0.281094147358512 0.226905481612985 0.335290773584683 0.43796347878242 0.380490191410729 0.438635273445344 0.42713159370229 0.348535389814269 0.45926603423282 0.363833972125623 0.304578854383233 0.364320339592288 0.419054610651635 0.347583846787393 0.339441662485278 0.27990206979093 0.416099322448087 0.317156736848679 0.450233884267053 0.262791584480565 0.343597458190874 0.299212180442081 0.333484679596724 0.403206695005127 0.454069162672032 0.377936301320188 0.451377575586559 0.387213112267013 0.402239903531474 0.37881102341906 0.330573791449172 0.397263921197316 0.452566397239903 0.328586702629071 0.320362719213617 0.262878635301628 0.390979029695897 0.298307239659937
"mahabharata_04-virataparvan" 0.418067604074319 0.369993982827752 0.438635780291751 0.367415397653344 0.357255499056467 0.424156571087302 0.392431931185985 0.406855485525694 0.396979853138879 0.387921169263758 0.425272393303858 0.338128236062606 0.375107426742373 0.383924425957332 0.383158140155858 0.412999962789395 0.348680234139775 0.41311017356803 0.370655824595338 0.297063393079087 0.458622824193886 0.379794018626848 0.403129058919486 0.41624326682568 0.407513461928042 0.454255259893585 0.300386807650971 0.340601674851669 0.384468093187069 0.354923362070473 0.263169660903383 0.389342233233732 0.565174596907275 0.398029783209118 0.410869439929906 0.380982716712121 0.422077656056327 0.222537197355041 0.343724253973632 0.227072836238918 0.213215681443341 0 0.207040427578432 0.255468301837604 0.364842838540746 0.247427583858265 0.252835665823952 0.250232618175698 0.269514959033132 0.289877080254275 0.43187781330086 0.271854022765412 0.276018139715031 0.380119924831631 0.368369843615524 0.255098842734953 0.299876645791292 0.357020438753353 0.453013978125395 0.389947611044465 0.364447600980574 0.447840899851951 0.365736135699179 0.351008652734115 0.339420092168412 0.409858769421751 0.40555297032331 0.418264076547028 0.32394381304362 0.433644316289069 0.482931812963231 0.321467552026764 0.292426447870662 0.321051225296876 0.312409402498422 0.322771217057923 0.317619641223225 0.305084423976063 0.397939196297888 0.478715664688679 0.420899883373924 0.48728199770931 0.47331912414993 0.404635421017275 0.50405668879221 0.413878773475997 0.369613112027175 0.415549013418149 0.470238843689119 0.400874559301011 0.396193927232093 0.358695015431412 0.457907821080719 0.387249727561549 0.48037530673495 0.332454260654814 0.413729630265278 0.365818278045824 0.387101130290431 0.447651054572247 0.479112972190816 0.425407767775348 0.482447329176123 0.426034896685294 0.44126566009555 0.425460307882979 0.37535135135581 0.439893460854181 0.492568530224939 0.399777275986762 0.379091317238883 0.334370935119471 0.439108190911719 0.36004798930104
"mahabharata_05-udyogaparvan" 0.397212005342508 0.340670951050745 0.41488394357739 0.34202536534481 0.326965528407202 0.399250229730249 0.360296005832912 0.377988489087258 0.375891313853977 0.365312661647917 0.408792139187548 0.315325295983075 0.34050893607662 0.353518106339353 0.35086038139617 0.390170436555579 0.320721238365404 0.393887780246776 0.342426735952568 0.257195294146641 0.433526894043489 0.346528794442589 0.386533705223376 0.392168776322469 0.377473993533974 0.428095774612863 0.27703658887344 0.326186447969588 0.358639020676325 0.353891329425509 0.237404605649148 0.366950716096452 0.548984584518187 0.370736268058726 0.378322147220979 0.355274800972344 0.404915539993531 0.183466021881118 0.329278861572503 0.177277436568125 0.171684175320725 0.207040427578432 0 0.250934324472691 0.342115795167863 0.258572548233395 0.259872182832015 0.231645409844952 0.249085870972888 0.262331633703115 0.395604078656766 0.201966911433872 0.220407434914334 0.33679465013271 0.33291448089979 0.20761926927719 0.254877948628045 0.34116688409526 0.445365103747878 0.369183332016512 0.334173484817145 0.441929178260127 0.336598191039041 0.321168987376238 0.315507695800526 0.383850124065411 0.372876671355439 0.403155036001193 0.291744596239638 0.405812250380507 0.463345448959169 0.302278932241547 0.265528149282761 0.322994363769707 0.301311401055467 0.325183143315334 0.32495424301356 0.281520232125986 0.369000710501509 0.457399097996296 0.399353352180276 0.465684780348889 0.451666742442197 0.380859676185196 0.487461483660917 0.397286580720433 0.338923891217123 0.388973764682768 0.438875586341696 0.379463720695522 0.372157217869667 0.325588252669414 0.436670410040894 0.361688920502413 0.464915750218367 0.31177762098719 0.385814001486502 0.341023723237913 0.364742577600678 0.42444777191823 0.463989526650372 0.404820196515195 0.480104316878511 0.410849902943706 0.426861944269651 0.402021794592643 0.355462253554223 0.422587065580192 0.474682553978915 0.372039685368905 0.357841462032955 0.286609348731591 0.423151942672275 0.332052666066448
"mahabharata_06-bhismaparvan" 0.420070008064843 0.38533989131687 0.444199683954737 0.381119797332707 0.371980344965886 0.432222888538015 0.396791728214175 0.420885561444941 0.39997641320407 0.406726610742196 0.444779689690246 0.352341773053826 0.389326570787692 0.39254080880251 0.396352162080329 0.414177901444544 0.3584640030661 0.400285621216749 0.368550835300751 0.314498162571468 0.461071603278173 0.397218486680075 0.410479508080933 0.421373073940901 0.431517797255234 0.464051029085164 0.313915009929197 0.345866307124256 0.359330591802144 0.305195026449662 0.279974278883092 0.401735497288024 0.571359369575414 0.3954248070608 0.420030190903568 0.375450160216461 0.429640344399671 0.276261430788337 0.32974290891545 0.264018707155066 0.257249209006198 0.255468301837604 0.250934324472691 0 0.37701414861349 0.165563058265502 0.176339956147595 0.189113916617897 0.273918917460781 0.315251366161253 0.442369294900984 0.30654178327217 0.31223906506978 0.390070122470957 0.391485174138072 0.291751973311047 0.326955263933562 0.362071924396612 0.482451098930046 0.401437247238174 0.383726508777881 0.441421451252378 0.39103907894928 0.370978061976326 0.346759067373232 0.410097492436719 0.431962118999729 0.432885576575557 0.347507453792454 0.436074434595834 0.486655549123886 0.346657979885232 0.335211275795611 0.343735553405827 0.33145968777648 0.350063279733433 0.300026230505549 0.323731593510566 0.399614361955142 0.478909126388164 0.414363293213244 0.482112223414723 0.48891408065177 0.413364013776168 0.496424619072935 0.422029651179481 0.375689197961757 0.413391051937444 0.465985870798531 0.392887970099989 0.412222960347238 0.370016851269559 0.45597639386976 0.393010419528208 0.480128185345887 0.326882188021704 0.42227984667194 0.371085577551792 0.393839297578878 0.445490502705861 0.492525017110715 0.427536982260072 0.464924791930289 0.429406230441743 0.445887684657952 0.442441030865005 0.393480905101549 0.436595026685741 0.499709713486678 0.413758632913423 0.384277817318252 0.358785083180053 0.448304078358768 0.372347053640012
"mahabharata_07-appendix-08_sodasarajika" 0.444125691709449 0.406625289092608 0.458776441707996 0.405083338369244 0.379144696664149 0.455471667042738 0.414962989300592 0.425904831713118 0.419148668199996 0.410763666855769 0.468329844752895 0.381992466115641 0.415919252957227 0.403086057628633 0.407720085426999 0.412998055819897 0.378177043807651 0.435096411201219 0.388594211613276 0.33092365365097 0.476832211187912 0.410792722727151 0.43336478517154 0.449879911598873 0.441596006752731 0.482641144049476 0.357440016012901 0.401305891911877 0.398543894022923 0.388787570270992 0.332512239737049 0.420522732504618 0.579329597519213 0.410292721579767 0.436321460511211 0.395759331579316 0.448200021413608 0.326901366259277 0.371022530997512 0.344783661445997 0.318610351552786 0.364842838540746 0.342115795167863 0.37701414861349 0 0.376052586777759 0.374017315084969 0.356200284136412 0.359415908574961 0.391184342148014 0.437302954242556 0.324862028292938 0.319036147843274 0.402319495828415 0.393379980182965 0.333121846231659 0.37373822147973 0.421876807534867 0.502559309291846 0.437882837937503 0.401203513172311 0.477481857530533 0.400036505703501 0.39012261032357 0.375001303963659 0.429366181316614 0.437532994335718 0.444610129164076 0.371446878517733 0.444411718326347 0.502994197058004 0.364569133519051 0.372838856118048 0.399745735656345 0.379177797336093 0.40232232099254 0.398040106380981 0.36026685561148 0.422371004268934 0.495815585708601 0.449158571376416 0.490123646977738 0.486512795525251 0.432781539856408 0.506852249974545 0.434609707594025 0.400882621812984 0.43569293044243 0.480038561398489 0.425620652446366 0.431452891081848 0.380609567885693 0.486230674150169 0.408888287652747 0.496337813318845 0.369062429581214 0.42778886752641 0.405250766013632 0.3949957233935 0.436890777244384 0.505096871038269 0.435228953892944 0.487809028411791 0.440574412879425 0.442304977008736 0.434488377176263 0.406313336964168 0.445177111369319 0.504961461554754 0.423353787740103 0.3915147196525 0.375791080900197 0.448589883119136 0.392733614516488
"mahabharata_07-dronaparvan" 0.416817943233724 0.383779630786943 0.442198873007522 0.376093367547069 0.368486970336558 0.432417807067726 0.403279654028113 0.418335688550703 0.400211725415222 0.401892346628788 0.439718843133814 0.344868809541535 0.390235003795665 0.393997204556859 0.399644344674026 0.430094558299537 0.366917137150312 0.408406651150531 0.379703871724089 0.319110694212049 0.469710519635028 0.403121118689189 0.414202277668725 0.419474027239351 0.431501347176597 0.468135444782883 0.315953428971257 0.338851956447892 0.383015770478759 0.321876990978045 0.280788483778845 0.399364996784228 0.576532479873014 0.403643890309963 0.424830292016161 0.38658735221898 0.432659589195738 0.279924861441332 0.341390655013213 0.273850860852046 0.262023098626995 0.247427583858265 0.258572548233395 0.165563058265502 0.376052586777759 0 0.132453902852302 0.194540084138662 0.253692105848111 0.312267547930454 0.450255240368765 0.320174684298711 0.329846669695807 0.402164138178603 0.400916032838525 0.302892566685091 0.3415532243924 0.358283552171236 0.481957677804636 0.405123248227013 0.390243549361513 0.444388737322765 0.395574030838914 0.376916768222248 0.353399817673602 0.412896090114633 0.434827324308784 0.434576072025338 0.346811352503879 0.437125101691777 0.490334883599889 0.347924693859174 0.333603442412885 0.338586265576779 0.330197380027372 0.341517198462072 0.288947057818999 0.319531070088397 0.403645384692535 0.481778885250515 0.421121049573515 0.48276841160901 0.492764844159443 0.416794947330509 0.502775817076013 0.422960078606906 0.384572023226964 0.417753669304795 0.469897561562613 0.393630806768745 0.411451612884947 0.380471015944719 0.464496951442367 0.400503476322662 0.489567146577124 0.334290342335117 0.429596817740686 0.370580984642077 0.405662552655085 0.456732147910324 0.500040110391301 0.438420637806383 0.47963030691489 0.440691436834571 0.453375591603476 0.449629101803286 0.396136046415496 0.448102177923616 0.499175392087307 0.417433611462907 0.39614802769694 0.36210773179378 0.447604611628664 0.377623561819673
"mahabharata_08-karnaparvan" 0.416887733753062 0.389028225945664 0.448451712520227 0.38341623040044 0.372392003974098 0.4363734615036 0.404133699217065 0.421167170149567 0.401753648571516 0.405523086288705 0.44595038177952 0.350151069806535 0.39660950562001 0.397597135038176 0.398182189372406 0.431450498937758 0.370632419130085 0.412273383136283 0.384343801082975 0.323651780097318 0.467966003818094 0.403414577325602 0.414577234806502 0.420529882399561 0.431256232887186 0.468999158118148 0.317024562578335 0.34513643264401 0.383627690055476 0.326709575737853 0.289602034317072 0.402215825207722 0.570458845831303 0.405516161202707 0.426916123844268 0.387441093378827 0.433654254980162 0.28462711091578 0.346777323039115 0.274301455892676 0.26832675597068 0.252835665823952 0.259872182832015 0.176339956147595 0.374017315084969 0.132453902852302 0 0.195768239113634 0.260304472010046 0.312921379813755 0.451195118450688 0.320884487870268 0.331561257421306 0.40431414734865 0.402157722941199 0.304622615385715 0.341060959161752 0.364163707287875 0.484438726398124 0.40301511065251 0.389941462314966 0.443656386838778 0.396064140047157 0.377219977456323 0.355641766350417 0.413280975697496 0.437388677714306 0.433835832254843 0.349362395531212 0.438992088760599 0.492529465133122 0.356809351759933 0.339507907211173 0.34798588037851 0.338560431522049 0.350962085099637 0.30176695196771 0.328801814115857 0.407248376812087 0.484700227681949 0.42136089831188 0.486913015873952 0.491897508926585 0.416677008120476 0.505677163249708 0.422526822813355 0.385693561719519 0.42063715503135 0.469123392038117 0.39598405311685 0.414487226892922 0.376346942027013 0.466444589668813 0.404359795167188 0.492567741901856 0.338947121357934 0.431116209701584 0.370972305731249 0.410381493564765 0.459669326319592 0.501182587751783 0.439841392107782 0.478630775259512 0.444881657398443 0.45393735908417 0.453592755216499 0.39885045944674 0.450831068172249 0.501217129572232 0.416869619932791 0.400940485737311 0.36565892495157 0.446299567603852 0.378183407113217
"mahabharata_09-salyaparvan" 0.410717666621368 0.378196429013083 0.441213560278661 0.372246800631742 0.359353548718549 0.429532452557379 0.390226233817863 0.412402910983928 0.390844210815617 0.388385253462348 0.434245289343657 0.336906279509895 0.391119499194913 0.389486708828626 0.376859797030725 0.407027981970418 0.334218207736174 0.39550401478782 0.353930208776775 0.283033033727691 0.457055052090464 0.376299406795184 0.400640652819179 0.414967591060097 0.421310896384274 0.454602650553407 0.289351984351876 0.326074383689161 0.365246582356806 0.312526549411119 0.253437634966047 0.38030369069927 0.56543906084436 0.385508334612388 0.412691477363842 0.361095927067215 0.420223223167028 0.240777588509318 0.317416076277352 0.236776022427072 0.221381742543813 0.250232618175698 0.231645409844952 0.189113916617897 0.356200284136412 0.194540084138662 0.195768239113634 0 0.250499417539817 0.303622089353651 0.433495944324918 0.291852408985511 0.288600583340437 0.387793776153731 0.374000305073138 0.270235952864951 0.289753328060875 0.334142871433321 0.455089209962335 0.376770380006648 0.364765277706572 0.429828764211579 0.369505180437782 0.350504790858165 0.329962910327094 0.400380041853968 0.413623132742888 0.408281242369717 0.32163285779319 0.424990834706443 0.489600395772661 0.309505225408331 0.315204117572277 0.329803189327877 0.314713699485551 0.336110639320981 0.295082507551407 0.292064028154043 0.388207386764134 0.476860203223607 0.423553944979505 0.477556034983598 0.467741399886286 0.39351841285256 0.496657055213367 0.407489067101729 0.365139564270752 0.410076047769258 0.462518076343869 0.380691144478074 0.401327624755293 0.345128509812504 0.455641294705873 0.374978835774477 0.483915054854762 0.311880167706362 0.396009085761157 0.345380851446272 0.382481492052044 0.439844360018218 0.493483755584828 0.421144477843915 0.466417762241447 0.426365913202165 0.432413160463557 0.431916039067589 0.369575538271908 0.434275308035755 0.484313615866696 0.393883640048505 0.372321145125898 0.34316091826858 0.438714002067996 0.356159263185769
"mahabharata_10-sauptikaparvan" 0.408639750108027 0.370970125398804 0.433039010679286 0.366351033601454 0.354453927986504 0.423357232159273 0.38932718247519 0.403585725964168 0.397714824104277 0.394201697869504 0.426223582801429 0.343082026404252 0.383189000622108 0.387397235217823 0.379592928975213 0.408065962184587 0.346433893710615 0.402527966718722 0.361134408461255 0.299603629978932 0.452425470193292 0.381969788488172 0.404942886660104 0.414158609954049 0.410983878619868 0.451684050503455 0.306343494535577 0.344799050125686 0.382198275866016 0.348186335220823 0.271336102397811 0.385033776050349 0.56582262589817 0.387018013972491 0.402319346388045 0.370936121546498 0.417428049217135 0.251845957563482 0.347638694888456 0.266246983885896 0.244336954182364 0.269514959033132 0.249085870972888 0.273918917460781 0.359415908574961 0.253692105848111 0.260304472010046 0.250499417539817 0 0.292446442070574 0.418723051360157 0.28427304891929 0.293132595524609 0.367371338570733 0.37144842291106 0.274668026328509 0.325997236786652 0.353294638486306 0.462741605046595 0.394478831848049 0.364360940136328 0.440932779902098 0.37406720090373 0.353541638794663 0.341543364801475 0.404192863729497 0.408392789115963 0.426556633397878 0.326744499453305 0.419186549937612 0.478190435962501 0.329338527963894 0.314198567151147 0.334785439440676 0.319492925328874 0.335987205802403 0.324455653136267 0.310387822895014 0.390314315752585 0.470355742880732 0.413973087188212 0.473120538212081 0.472036248837807 0.398126459900994 0.493533462918878 0.41086559305106 0.364826162825883 0.40464186763102 0.455527963833878 0.39512310054291 0.39694692401897 0.359563071296347 0.450972481080066 0.379718445049652 0.477755197279686 0.324997087729706 0.408181810511471 0.362151898493594 0.384893289681952 0.435356527477437 0.481719797027238 0.418338052477526 0.484451813766807 0.425665617547175 0.437435902240105 0.423688350568988 0.384428378689066 0.434603693848186 0.485883657380752 0.399709048521454 0.377130376507722 0.333155075646186 0.432796927603847 0.362195170254939
"mahabharata_11-striparvan" 0.430606619551621 0.387755359595475 0.443832397395155 0.38686300212686 0.370655201516696 0.430645571519361 0.406065429832979 0.423646808092705 0.416905148690976 0.409806954423596 0.437118075421709 0.359774203151391 0.393922003122295 0.396736942620659 0.398028914185499 0.431716054104201 0.381039879826301 0.4276359436457 0.392029035118298 0.333956106529427 0.474016274260111 0.397948568667396 0.425939997092391 0.430955091564216 0.419295811090087 0.468877321890837 0.339120982981221 0.382734062876147 0.393296173298306 0.382331728265271 0.3084114246776 0.415865486319279 0.565537996828554 0.41432489971283 0.427977709113185 0.404811084621688 0.439707865885102 0.287287686490649 0.378526546253602 0.288534415985539 0.274434890468328 0.289877080254275 0.262331633703115 0.315251366161253 0.391184342148014 0.312267547930454 0.312921379813755 0.303622089353651 0.292446442070574 0 0.438290779520009 0.303955021476666 0.317599666628821 0.38175230468887 0.384089700916969 0.297673042677824 0.32009790317848 0.376019263117948 0.46782175517616 0.39780720739226 0.389842346531242 0.467702149049062 0.394829514885845 0.380160767606085 0.368794961723847 0.419599717301744 0.416463071827452 0.44454215618605 0.358020394772826 0.444638389012255 0.49852489316232 0.36922471491557 0.327247417574132 0.355380676136222 0.345661984118854 0.352341066249015 0.357150724968347 0.352047450815842 0.414931673317064 0.488424055794485 0.420069570257046 0.49702494844178 0.480479227440462 0.431158812035018 0.516228605279204 0.444580936312186 0.388325225851153 0.429695358422702 0.479354950818046 0.428946322606302 0.415833521088975 0.37808445875205 0.469561129528474 0.415976037934372 0.489641209808467 0.369768631652394 0.439482867053 0.395402271545144 0.412613144583646 0.459909258309941 0.493231483108644 0.446473294245849 0.489747950686158 0.444793517181386 0.457595282912945 0.443133067877684 0.412988561991571 0.454184606301596 0.507350889154757 0.417070622839056 0.404707287135648 0.352806056207515 0.449068666856478 0.38793933071156
"mahabharata_12-appendix-29_moksadharma" 0.46809810168541 0.44175822094431 0.460210943952384 0.406352733193024 0.41041031380885 0.442256123706577 0.438117914703791 0.452445987262846 0.466395514231829 0.472926611981248 0.458081356205142 0.435729151659361 0.405124014925471 0.421407125636869 0.438326714028161 0.451448375882201 0.433233541331268 0.461215974363694 0.432982204700816 0.371620993745386 0.465743011668235 0.441077657371111 0.459660181720361 0.468846348847194 0.447600981226557 0.474596441040113 0.408065603927053 0.431626067531177 0.424246226024129 0.454283073606637 0.404190194914927 0.448266496301771 0.568002096943168 0.434142654458911 0.429607504664995 0.424532119797865 0.455575667146732 0.390231823762065 0.44824470002483 0.417683734968917 0.383353660107864 0.43187781330086 0.395604078656766 0.442369294900984 0.437302954242556 0.450255240368765 0.451195118450688 0.433495944324918 0.418723051360157 0.438290779520009 0 0.331694470881281 0.365587558041874 0.404324091179705 0.416147019331689 0.368533369262265 0.435731929596523 0.473952681186497 0.532798509853 0.484355235950821 0.428293820163058 0.513480254206628 0.439383866554012 0.423967865068853 0.41791222193187 0.449283877142616 0.460061529046092 0.479500471892714 0.400175246103035 0.465840295153543 0.473866737388444 0.420379913729874 0.417738164501516 0.444060265986916 0.434659391040425 0.45070069918713 0.458940925316503 0.416835779255033 0.438137852399633 0.507669809811097 0.44547406283845 0.509434004629092 0.497428691787905 0.455668816209107 0.506898152123281 0.462043723771245 0.426547639092117 0.436889644622335 0.471491161815927 0.461107196129283 0.437632371248903 0.417691735761275 0.466776201674347 0.442822285496501 0.452253815922799 0.417591534593423 0.445838356898983 0.44174497949364 0.441016480692768 0.463550284244973 0.478252853015437 0.464416312262318 0.522037251688187 0.462568538588152 0.493478188759777 0.459329309999673 0.463043238276991 0.44800223818244 0.524950903831476 0.442773101779675 0.43394344575535 0.378214096692874 0.472899306807552 0.421054285039592
"mahabharata_12-santiparvan" 0.372228468275388 0.325049774359861 0.379361878703177 0.299238175176905 0.292311747309653 0.371654969983504 0.325685725727356 0.337397475678757 0.35413880297559 0.358109446358536 0.389202066803298 0.305957794208145 0.289668638499005 0.317564124868565 0.321097525409794 0.351635678708214 0.30124901082278 0.37095447618261 0.31209308078372 0.211484907690776 0.396409450498003 0.318910081027365 0.3615393811094 0.365585726457791 0.342244441948106 0.399819059746827 0.279625145399629 0.323827048689065 0.320212960869633 0.354670678022887 0.246587946469341 0.344333480672344 0.532745781202807 0.333586454120179 0.325061766290003 0.310994649236895 0.372234464604245 0.20868457013967 0.337207373057022 0.241934790440183 0.18952729448457 0.271854022765412 0.201966911433872 0.30654178327217 0.324862028292938 0.320174684298711 0.320884487870268 0.291852408985511 0.28427304891929 0.303955021476666 0.331694470881281 0 0.160351666000522 0.266945343235693 0.283995778301659 0.180045208917081 0.293210016549013 0.370373145950113 0.458813364622022 0.385263912450995 0.29744966560253 0.433809456604676 0.322141653040918 0.290778101269447 0.282784155099348 0.345627780826351 0.345672052266131 0.382645231543207 0.267243770654065 0.381082408751848 0.424970783623678 0.305618343913007 0.272267069327373 0.32434488359533 0.305233046390208 0.332116985546384 0.338605430963551 0.287044244184595 0.329197794388493 0.426811532540765 0.354282520603409 0.439652097865905 0.427902444737474 0.362746884110267 0.452718040725468 0.37334777490859 0.301398449485363 0.344914767802346 0.394927105680442 0.357287085500678 0.334654100041686 0.290420227252202 0.391808802300028 0.337601946969894 0.408836946452188 0.29248726302847 0.350632649830715 0.329244996047664 0.33028254104159 0.378680801399197 0.417318895422493 0.376686226183194 0.468825943401553 0.375819220089522 0.406818363239589 0.363699970082033 0.35805217259802 0.374855526251206 0.456596609713242 0.342164797849066 0.320555790189137 0.235291100162653 0.403342521768208 0.303326455067477
"mahabharata_13-anusasanaparvan" 0.369643638418274 0.332162402942844 0.394095395909464 0.314938280066382 0.305683582861435 0.381184163968237 0.331725309699981 0.354852929444594 0.351113527379959 0.355370481663275 0.400432391980252 0.309886729277136 0.317422476055804 0.32499765906429 0.309716457641491 0.342442137511945 0.287146807167486 0.369909966298275 0.300067430458654 0.197884433967537 0.409629869322009 0.318044257934667 0.349359659740214 0.360534259392532 0.341623394392084 0.403311627341844 0.262362538974888 0.3313119567515 0.31667672629215 0.33738074926174 0.228602515268268 0.337640158144938 0.531643968374528 0.33130962430113 0.326596046203823 0.300953192078601 0.372490803082691 0.207400265848123 0.317709121945151 0.2435797763436 0.185719441357936 0.276018139715031 0.220407434914334 0.31223906506978 0.319036147843274 0.329846669695807 0.331561257421306 0.288600583340437 0.293132595524609 0.317599666628821 0.365587558041874 0.160351666000522 0 0.283065231838983 0.263782769178094 0.21295573353209 0.289566551828424 0.369491398836069 0.460960506766207 0.377040924295699 0.297581330598517 0.428020870772173 0.319658467755735 0.287828755434948 0.269740571259121 0.347498711907466 0.340974125811358 0.367721140297029 0.268508707770695 0.371757252779834 0.440870421271569 0.298134557336488 0.281988487345724 0.329152785404136 0.309531165675179 0.338006703982129 0.343245735972638 0.284822228944874 0.325922707801775 0.422050869456992 0.365157042518428 0.433690619655022 0.418660746141325 0.361182479949851 0.452801053736719 0.372413254487508 0.296116917645333 0.361643307733471 0.40261919218416 0.350830416939143 0.33731244039515 0.274629463847837 0.405608355281966 0.323156049942503 0.432637858355371 0.283130288551448 0.3407427374891 0.317997785373076 0.316924407710255 0.380607039246979 0.43780635224675 0.364288669545524 0.457071170034487 0.372657396961235 0.390631518175666 0.346362664764495 0.342762154742867 0.37993486990974 0.442540360592794 0.327197697815782 0.305387077971223 0.236342063960481 0.402099650336538 0.301491782902176
"mahabharata_13-appendix-15_umamahesvara" 0.39838048470397 0.408103847616148 0.441811939705495 0.380023022457287 0.378816566232277 0.426792424276937 0.404046273344647 0.404580021104102 0.422751563453208 0.433097994356891 0.417517019485465 0.390679153105926 0.364842293380615 0.392242725528018 0.364541517764412 0.39211656508096 0.370957592457009 0.390341109829928 0.364294563788561 0.29408114995877 0.419075240646257 0.36625731907409 0.375344030206859 0.399980072748852 0.361003140952575 0.426359404905894 0.342082745528168 0.395187696936112 0.379775982131934 0.40736578666225 0.34345752216418 0.373647438913142 0.538002841961595 0.38000855090134 0.356349113019295 0.35545915789833 0.39530218273678 0.336610876193962 0.409563116435934 0.364806488486578 0.319073370735185 0.380119924831631 0.33679465013271 0.390070122470957 0.402319495828415 0.402164138178603 0.40431414734865 0.387793776153731 0.367371338570733 0.38175230468887 0.404324091179705 0.266945343235693 0.283065231838983 0 0.32191813192416 0.321397326259914 0.388595847046569 0.437470819210245 0.513600712383732 0.44238799903601 0.366638604921216 0.465004015994552 0.398796078112016 0.365421180898072 0.337342967185568 0.367237077658488 0.37236962587371 0.414641259068457 0.344311590007376 0.405005974071303 0.454616696827951 0.389620128899492 0.354311905108618 0.389233941086803 0.375430891167524 0.392304881211712 0.408764978134105 0.367133071421864 0.369257211799806 0.426948671501661 0.364081169160713 0.460412805961385 0.433806039328247 0.397719524372702 0.462036218601643 0.420303093536213 0.341512529577541 0.376173101462158 0.393847638596316 0.400541485910206 0.371463801455219 0.337103419916885 0.40612629434731 0.38656128912081 0.426073922436449 0.35173061571735 0.392404779248343 0.378486760681592 0.379682206894251 0.407248916241929 0.438522331277932 0.42301147016345 0.483194941327524 0.408721538074334 0.448655177442726 0.379945908068986 0.427350342319754 0.401519444248597 0.469430146609596 0.374562467370472 0.374402938036636 0.29232441402468 0.445278560166279 0.375787972209853
"mahabharata_14-appendix-04_vaisnavadharma" 0.37936447033442 0.411228831774263 0.44503122610377 0.38466560392051 0.377745085089616 0.432487565152233 0.405631364247168 0.411429023634974 0.417559069413172 0.428737260483245 0.431177513912835 0.38834659165133 0.378730695600002 0.380554134139338 0.34658010353238 0.400405051661583 0.370005685971871 0.414595061831624 0.371775603439077 0.284326762879363 0.437992934186208 0.38008238340156 0.376626992817526 0.387029062042691 0.339976968229341 0.426143861898282 0.355434897730612 0.401691213394537 0.386344804196973 0.407862566973394 0.339404648430507 0.374332069056385 0.53033590757219 0.39059590740351 0.347372053541307 0.359911896572816 0.394406352514731 0.332538886296047 0.402059060257277 0.348301546695783 0.315147936586089 0.368369843615524 0.33291448089979 0.391485174138072 0.393379980182965 0.400916032838525 0.402157722941199 0.374000305073138 0.37144842291106 0.384089700916969 0.416147019331689 0.283995778301659 0.263782769178094 0.32191813192416 0 0.319112265031482 0.382258120490852 0.430483613827052 0.504231986710765 0.436803154895948 0.361068466651517 0.471216179715776 0.395252206739281 0.360684431276705 0.330459314846572 0.370249033130015 0.373107767750383 0.395660383304479 0.335610191114008 0.409912830293675 0.474576626793556 0.389926752392634 0.377682921889534 0.409373171179621 0.390093344808987 0.411588920115608 0.416837754745663 0.377517872727431 0.370593945716368 0.423507992657888 0.375657982410491 0.483797590680084 0.438833697488815 0.417329563180794 0.485941615267061 0.431824360190649 0.353478614566224 0.392592341524209 0.41464634259049 0.403989650229508 0.376139608649711 0.317551166107303 0.429499145303627 0.391629951549081 0.465126040310799 0.359404021015625 0.391063236906496 0.383501749559641 0.385304643575317 0.422544025578724 0.448434164277067 0.422236366922456 0.485782338770885 0.413793184987863 0.448093702061104 0.371241423901863 0.416259332064872 0.42658048054187 0.46079216411753 0.364615444999603 0.373603926519896 0.290765497538067 0.43927519998425 0.367755768085838
"mahabharata_14-asvamedhikaparvan" 0.398638466066502 0.345001170293377 0.406264927057682 0.3341978931346 0.320792116274123 0.399718612290107 0.358273989109471 0.370452184043843 0.374908633271577 0.373599650072472 0.410975282484807 0.325180782434543 0.3344681356263 0.351212370058923 0.345431518443224 0.374059284396846 0.320696147722442 0.394496999803753 0.339298857883235 0.237367748628495 0.417744636064945 0.338466234752726 0.385173874849822 0.395060504716725 0.374219062437781 0.420466269579389 0.278991286636905 0.318178126666062 0.338374247827218 0.356682287276858 0.248627116958519 0.360446268365321 0.546995689067276 0.353136045200702 0.361649740797197 0.334719366751842 0.389957134373617 0.196685650086446 0.337302102421079 0.235870750896323 0.186717506349902 0.255098842734953 0.20761926927719 0.291751973311047 0.333121846231659 0.302892566685091 0.304622615385715 0.270235952864951 0.274668026328509 0.297673042677824 0.368533369262265 0.180045208917081 0.21295573353209 0.321397326259914 0.319112265031482 0 0.271034197123763 0.346482667412559 0.449092564122258 0.378397712789918 0.327585890485655 0.439249797816351 0.326501510439444 0.314486661725371 0.314151284812392 0.376221536265755 0.370397116214939 0.39764186145733 0.28057689676461 0.398430219385764 0.45222211135324 0.303876929492436 0.280898756170522 0.329851968990626 0.307136809781947 0.33608251170577 0.332395781354631 0.281989854287684 0.35844639086051 0.45675484711023 0.389009117567999 0.457417701323584 0.440570533874451 0.371845190625644 0.472528541707731 0.386418535558122 0.330501201666951 0.375120102867625 0.422466022234894 0.369661508149557 0.370243169366232 0.312365831664644 0.419683922959143 0.348050045459337 0.429040303481701 0.303257055512783 0.367246092375984 0.340429477340013 0.352265026512428 0.397114778399757 0.43898603693464 0.39473440665583 0.478428161366323 0.400848920348625 0.418901825334211 0.392289571191208 0.357955493302437 0.396216211599279 0.469685973892268 0.362954202311881 0.344697499972625 0.277477802895317 0.403597137898504 0.324560394109566
"mahabharata_15-asramavasikaparvan" 0.453867870079771 0.391212846620245 0.4564362723049 0.400061972099762 0.38320863345967 0.44929934561152 0.410825974362291 0.425818355807474 0.422081673513629 0.409072276253295 0.452807867951212 0.373415053158012 0.401635999210211 0.407303833500563 0.405984323531508 0.42896431514257 0.370665641326266 0.440104625297872 0.392625094218804 0.318800916898044 0.47261943061499 0.39266197286605 0.43429354044464 0.45106169950239 0.439504749207033 0.474709040174189 0.332921077990698 0.371487456222622 0.39987604401888 0.395823741694407 0.304910827641127 0.415390270886276 0.572396609919373 0.416314516254864 0.436721434139485 0.399067567129367 0.448429992349083 0.255013755709026 0.376928696159994 0.246247170669313 0.256914107744116 0.299876645791292 0.254877948628045 0.326955263933562 0.37373822147973 0.3415532243924 0.341060959161752 0.289753328060875 0.325997236786652 0.32009790317848 0.435731929596523 0.293210016549013 0.289566551828424 0.388595847046569 0.382258120490852 0.271034197123763 0 0.371422606041715 0.444758676419747 0.367140454383218 0.379765821535239 0.465942901360808 0.37559531101963 0.366757959559209 0.37198846630396 0.434577429954446 0.428000764825945 0.435258008503293 0.349689500618821 0.455144907669072 0.508099523622338 0.332972753552585 0.320349934679132 0.380613073973124 0.362323097238243 0.378095723685512 0.383189288083396 0.33652266268482 0.420699740140375 0.50183100293471 0.451597502510094 0.504257715885096 0.481167225787542 0.424082263241323 0.520430811068986 0.436611226229044 0.395922986425092 0.439592840961509 0.484132616829341 0.428967243840093 0.428146852185467 0.373929793031218 0.477884918107863 0.403000032532797 0.498573758392759 0.365563745856981 0.424043048078942 0.395090786037034 0.409865308392221 0.458422874573557 0.509360968283677 0.443445914013261 0.503908340726692 0.453649426588117 0.455961199421745 0.445382802109597 0.393599120109528 0.46233523579539 0.504874346505838 0.419802584316271 0.403723609491201 0.358889495488929 0.459343607177386 0.383841185181028
"mahabharata_16-mausalaparvan" 0.459416483886987 0.41893688365772 0.476621812775419 0.424020272041769 0.414337104966998 0.471525644422906 0.443921059775592 0.453374463801994 0.447031570438645 0.434963947948368 0.465705085521671 0.385748470106572 0.437817577104823 0.430732051176406 0.440155579481789 0.465999641132676 0.40884514222296 0.45470923254064 0.42488270441649 0.360683075546644 0.492183231469475 0.434234414953602 0.461071315524321 0.460824198221736 0.466575085816204 0.490412828214202 0.351856724213798 0.384748635395074 0.434369654364314 0.405253056525674 0.328139315284512 0.437427620951115 0.585262451608176 0.439379671533224 0.457749888221063 0.424706830267413 0.471808748868911 0.328597449161509 0.375020172525492 0.346136275363159 0.33182647341406 0.357020438753353 0.34116688409526 0.362071924396612 0.421876807534867 0.358283552171236 0.364163707287875 0.334142871433321 0.353294638486306 0.376019263117948 0.473952681186497 0.370373145950113 0.369491398836069 0.437470819210245 0.430483613827052 0.346482667412559 0.371422606041715 0 0.483098497596969 0.437662469684432 0.424737519125756 0.489058804681604 0.424437860473752 0.414644943113549 0.409164397446623 0.455310388312762 0.460551407482547 0.458028201068864 0.388468292672909 0.46892885883939 0.510068981720735 0.38507458933078 0.375479231016851 0.396373714951874 0.380384873656794 0.402214978151148 0.390329753264161 0.373413902806938 0.444036145265261 0.516827660354428 0.464292197984874 0.516880194976609 0.501710258882533 0.447420503927272 0.535784272307476 0.452270674235502 0.430829205153332 0.459927299587283 0.499152262753327 0.445433167873974 0.446098544496421 0.414210291711262 0.497903555142753 0.430222149884271 0.520070165161987 0.389483478203918 0.455313129658229 0.406848235655629 0.446223924160879 0.484421320845942 0.524115955724069 0.468140797501555 0.522216548527363 0.475570806021633 0.485840294819672 0.479764634280056 0.432168011294376 0.483933224098113 0.525875722082321 0.453412119892686 0.437839390713884 0.401734204553537 0.465307485685656 0.416924857378671
"mahabharata_17-mahaprasthanikaparvan" 0.561092632761551 0.52287490063755 0.557483115152801 0.522512438705308 0.514024844804691 0.555650143456255 0.5324518055914 0.533295908076123 0.541075949587367 0.533118510593976 0.562767139273793 0.512301775968295 0.529789366333349 0.530766029927887 0.525289161844925 0.549945803667814 0.515163756395338 0.559794404323601 0.530157039321492 0.478430497910086 0.565577191195065 0.522800748199135 0.55304467504447 0.558446842711908 0.545502381395487 0.567457194763938 0.476234531727526 0.502321774911684 0.525635567598852 0.520212131057666 0.468282600346282 0.533730890600492 0.622985809553957 0.533511258842728 0.542886966100337 0.520414812130079 0.549245990191179 0.438929614877754 0.502672797899448 0.432296945742181 0.436075399645483 0.453013978125395 0.445365103747878 0.482451098930046 0.502559309291846 0.481957677804636 0.484438726398124 0.455089209962335 0.462741605046595 0.46782175517616 0.532798509853 0.458813364622022 0.460960506766207 0.513600712383732 0.504231986710765 0.449092564122258 0.444758676419747 0.483098497596969 0 0.459095448687946 0.522622725538197 0.569197554668353 0.513701148658447 0.515272241642905 0.515407617031035 0.551747842333505 0.535884791873527 0.544773296925186 0.48586649483406 0.563841529971507 0.601226331268323 0.472124530868309 0.469358455298421 0.498538946146661 0.483875173113079 0.504426395797058 0.502052395218785 0.478501543196765 0.537415999388675 0.59135737096279 0.561746671813766 0.604730797226561 0.561229806298505 0.532568206366096 0.612291605272967 0.535866514241181 0.527013932235855 0.543553734654531 0.575616448108879 0.536348909820763 0.547708800477581 0.499254999113347 0.568238299918319 0.52469329190994 0.578835047332822 0.508639316873804 0.524252837914419 0.518199012965836 0.539701644086674 0.563365675041916 0.576303761248976 0.549721181226867 0.597044160409217 0.564178624866116 0.569879738231992 0.550597465645763 0.524874712967221 0.565136146477378 0.575370956925864 0.530614427016144 0.533556943594653 0.498025576259675 0.540573727962822 0.520619603487406
"mahabharata_18-svargarohanaparvan" 0.492779737080211 0.452422734041701 0.495882176395081 0.458885104710563 0.445346417939184 0.501682884642742 0.466533756604867 0.475452069279722 0.47326558116778 0.472288707414422 0.501864327753818 0.44461273725557 0.463024721638565 0.462210537809757 0.45892968319639 0.474864159097645 0.43535801011602 0.484154677001829 0.44851209132801 0.396103391332752 0.504009766105813 0.455557979541816 0.472493488348713 0.493478907598821 0.484359234995485 0.509694475922942 0.405190091728106 0.439100835809537 0.443919039915223 0.439923442245976 0.387059864387358 0.464914139917718 0.578632586956867 0.45832335015726 0.482074618205541 0.44597540768578 0.488548973700193 0.364585999831784 0.423865715442058 0.356491407446903 0.357188041827418 0.389947611044465 0.369183332016512 0.401437247238174 0.437882837937503 0.405123248227013 0.40301511065251 0.376770380006648 0.394478831848049 0.39780720739226 0.484355235950821 0.385263912450995 0.377040924295699 0.44238799903601 0.436803154895948 0.378397712789918 0.367140454383218 0.437662469684432 0.459095448687946 0 0.445846576906404 0.51033906335848 0.452201502177303 0.439130610930153 0.432538137154144 0.478790872751136 0.476725215376765 0.474823997563555 0.416117659894907 0.493257801545142 0.542768714663078 0.413804727905662 0.413757120755468 0.440032820561575 0.42784081031671 0.44424619056222 0.440392880632237 0.409542167760298 0.466990569478671 0.526667502739352 0.487783013632005 0.540891627427707 0.510443380574065 0.474986966934994 0.54862078756758 0.482524108542873 0.449575450991609 0.486556350252784 0.518553940265543 0.471842484256103 0.475061831267243 0.418594016405941 0.51236021145643 0.448125392701246 0.52721996644119 0.424580905154108 0.462191020192553 0.452588198378999 0.459393397832686 0.499778760024609 0.536624670304018 0.48276522929151 0.524144327765408 0.492522920284257 0.491170155061131 0.483815898252531 0.454632059299572 0.49321363124945 0.522439566061614 0.460104063354812 0.45230341141199 0.428243135058616 0.488059343188849 0.451412891556106
"markandeyapurana_adhyaya-1-80_u" 0.31770001676094 0.333154976135148 0.38312727844915 0.347763592560393 0.335880615422441 0.399896436318399 0.309555098536323 0.322999133668956 0.328434403990127 0.315553567830408 0.415212072198951 0.335595686390743 0.352385110604622 0.354120747232646 0.267842681201066 0.303719912227046 0.231042150791397 0.295668069107795 0.235647192181175 0.259964640401679 0.351086743527142 0.268836005450679 0.293529049148486 0.292568843418739 0.282662738632225 0.369303504647816 0.333653491173028 0.386933023877935 0.393674986323869 0.397687861902634 0.300405230216241 0.259076491514673 0.541465678277871 0.284013182739693 0.309389458275935 0.277395712150842 0.335469958162809 0.306775196710633 0.393946150115468 0.349797008681151 0.298039522047008 0.364447600980574 0.334173484817145 0.383726508777881 0.401203513172311 0.390243549361513 0.389941462314966 0.364765277706572 0.364360940136328 0.389842346531242 0.428293820163058 0.29744966560253 0.297581330598517 0.366638604921216 0.361068466651517 0.327585890485655 0.379765821535239 0.424737519125756 0.522622725538197 0.445846576906404 0 0.361079802440288 0.252030736891616 0.0934428419506667 0.217040460307682 0.279067882546383 0.298402516346542 0.346838628208871 0.289340053129741 0.33450931060522 0.392037047292972 0.368961499466486 0.341309430298225 0.378809563965172 0.369150784449768 0.381269683972421 0.399572295746957 0.351071653689302 0.287656795830758 0.390031803946006 0.350421316694208 0.384040611187603 0.403046968837837 0.31503802186923 0.409541558052554 0.350539300094813 0.249184316414955 0.306346541075281 0.374178565568411 0.33607754332171 0.267113586259753 0.291800353189068 0.367504616255687 0.302587082658244 0.417853312552938 0.275879838778063 0.31375531684978 0.268998961599069 0.266169320617139 0.33758293212904 0.403103885457171 0.324108388451699 0.397220556432978 0.323998087943332 0.342764051280264 0.315901705361423 0.295814947212999 0.338566385240005 0.405122726954199 0.290223350484379 0.245199758944378 0.299455779348292 0.418731192145776 0.216595655476355
"markandeyapurana_adhyaya-81-93_devimahatmya_u" 0.431827979455475 0.445423806986335 0.475246869818972 0.451871292461616 0.450219268851154 0.48538555938578 0.413730835502686 0.430423958840182 0.41150985078253 0.436439610490671 0.48833399583591 0.436057802463989 0.457828498484241 0.457291941959741 0.393511508149909 0.419458993097189 0.374190987999462 0.368185951876368 0.366506466359852 0.399460600845876 0.431560137934703 0.376119460559847 0.383724217487714 0.415433599582945 0.425695392056284 0.448234184863746 0.404974578442187 0.440463795475414 0.463863114900503 0.42268979396676 0.395966784837456 0.364217747698271 0.574226483266793 0.393107228627894 0.431088687072724 0.393694256870152 0.422577933476008 0.425964188350273 0.441170268822695 0.444089695317346 0.414407959508686 0.447840899851951 0.441929178260127 0.441421451252378 0.477481857530533 0.444388737322765 0.443656386838778 0.429828764211579 0.440932779902098 0.467702149049062 0.513480254206628 0.433809456604676 0.428020870772173 0.465004015994552 0.471216179715776 0.439249797816351 0.465942901360808 0.489058804681604 0.569197554668353 0.51033906335848 0.361079802440288 0 0.38329894983814 0.326291230791538 0.363558752969296 0.399123487641415 0.418475036691306 0.444311948665887 0.410790151368963 0.43973258098449 0.480112714177355 0.45496691480583 0.452262994283963 0.446541613742461 0.452204093506729 0.448275550753866 0.441700249570091 0.434733284745355 0.393705878921058 0.477235568397562 0.470655280790277 0.47519895862001 0.485136070005188 0.385312114151756 0.488559063052847 0.423133562394167 0.374866943258906 0.414999742610911 0.469607790462586 0.406788459700569 0.395774624050524 0.408236050042706 0.454971019615383 0.389999585455526 0.496290429767685 0.362389246724461 0.415664623897754 0.358520709412104 0.406359426274437 0.446517604259675 0.502410277526112 0.426915011903778 0.474546596054734 0.434362439399598 0.440313060896399 0.44685440663803 0.413544394157352 0.443431964398792 0.478119078277688 0.390707965406123 0.39262182422099 0.417922901980746 0.475620215135619 0.361858448641031
"markandeyapurana_adhyaya-94-141_u" 0.398035413291942 0.353722752274959 0.401552145355036 0.375825688590778 0.356224916805976 0.431593929021271 0.35534777568996 0.367497202510472 0.364741985486497 0.347362427344395 0.435430301254722 0.356139434235083 0.38647979136462 0.378353408238197 0.322109939916892 0.37101610194356 0.290760569591826 0.370269781895723 0.315790766315453 0.294200511710297 0.401423046019552 0.316859575880447 0.365081265450488 0.372053726667276 0.36216887691206 0.417818005997721 0.349282512656052 0.387706561985749 0.405343415326527 0.411117252085325 0.318536841610236 0.319557127178992 0.55767677113075 0.340969167805625 0.371436351681691 0.34090098653593 0.38966866434161 0.29912700877222 0.404072658904487 0.353143887961798 0.303670873798196 0.365736135699179 0.336598191039041 0.39103907894928 0.400036505703501 0.395574030838914 0.396064140047157 0.369505180437782 0.37406720090373 0.394829514885845 0.439383866554012 0.322141653040918 0.319658467755735 0.398796078112016 0.395252206739281 0.326501510439444 0.37559531101963 0.424437860473752 0.513701148658447 0.452201502177303 0.252030736891616 0.38329894983814 0 0.190172136328573 0.303658401331476 0.356013596826947 0.345883548925652 0.375621266092724 0.309898919089023 0.381285129049767 0.439113192175596 0.362592730365938 0.347631158240383 0.37787804076442 0.375400106132977 0.389560842797164 0.403855990212107 0.346233320576787 0.342782310830964 0.436551378006861 0.411530486756815 0.435420291233959 0.424136762862642 0.348489958352333 0.459700918672086 0.355530284633804 0.315298310260904 0.362349204353137 0.424314431891906 0.354317466954177 0.343007785687078 0.333213536800854 0.413803244864471 0.341440898534598 0.442422090822245 0.296996629770468 0.353942501834357 0.320405048343716 0.340176281036946 0.398943407895967 0.456072903200984 0.376663329029936 0.456114730531181 0.393029638475985 0.397987578389747 0.37726524960433 0.340184331109997 0.401489750126104 0.448149850721748 0.334206563081761 0.328244279500751 0.324621098369147 0.418098325319516 0.287018529705905
"markandeyapurana" 0.325995565910724 0.327060274397687 0.378343726135623 0.342016717808982 0.328510504365242 0.396635857622485 0.304811275271962 0.320737726861521 0.32017410466899 0.31085928859022 0.411630747549006 0.324859927263051 0.351507907653576 0.348112333044708 0.261307379820885 0.308999536760811 0.223335203198387 0.292875364797817 0.231885843460389 0.245536809915923 0.348916206590274 0.255839660412559 0.291239393733285 0.29715814029543 0.293081605377558 0.369461632558386 0.316939849131718 0.372278353647586 0.381219112162101 0.382762280008868 0.28136628895724 0.249805351462701 0.538611355862686 0.277575906220249 0.312056525294379 0.274984618157297 0.333564253081378 0.287534452375488 0.378722822918409 0.335813712684827 0.279939373911454 0.351008652734115 0.321168987376238 0.370978061976326 0.39012261032357 0.376916768222248 0.377219977456323 0.350504790858165 0.353541638794663 0.380160767606085 0.423967865068853 0.290778101269447 0.287828755434948 0.365421180898072 0.360684431276705 0.314486661725371 0.366757959559209 0.414644943113549 0.515272241642905 0.439130610930153 0.0934428419506667 0.326291230791538 0.190172136328573 0 0.211783467052585 0.281627895017632 0.293685035501853 0.340693310776042 0.27503259830643 0.328301847573244 0.394341607192029 0.354774049694736 0.331313652560018 0.364264515512128 0.357864195337647 0.369628381045416 0.385335394847081 0.333784686960862 0.281045403281252 0.390402833316746 0.357459380092956 0.383254714279029 0.397749479647204 0.301671190286519 0.411612746566043 0.334046303675556 0.242873150254493 0.307063692892081 0.376992509454134 0.320478811865715 0.268000963134379 0.281722491834693 0.369600961887191 0.291099208811538 0.415820887188709 0.254740981394435 0.30813540594094 0.256375593204166 0.267720772498216 0.343137436693801 0.410595070408448 0.323492413879685 0.404616379839233 0.331217571529315 0.34360558775818 0.321009301740978 0.291691375249869 0.342444300253906 0.405879988562983 0.278418787128875 0.248567877996954 0.287245880880088 0.405403001619964 0.20526396252102
"matsyapurana_pu" 0.263878932629829 0.327450133367887 0.377871789116926 0.341539163945553 0.323911413739685 0.377249533075149 0.304697488259094 0.320253663552164 0.30312885701296 0.314451983946281 0.411106978788069 0.320965645912372 0.34879568774159 0.333106141629299 0.206015665542366 0.259104732197924 0.189436268113185 0.240546826508383 0.172342973659283 0.218945107431256 0.340599673960964 0.24580569870236 0.238944812098303 0.247948479521223 0.270569604585754 0.345186212838671 0.287409296676573 0.356474859275074 0.349464308455571 0.32547320271606 0.248538542691931 0.227407117373178 0.521255201197527 0.250888635590599 0.284525329942853 0.211218534244134 0.284518877110151 0.28517305493676 0.33972695089781 0.325475318554355 0.272020388156441 0.339420092168412 0.315507695800526 0.346759067373232 0.375001303963659 0.353399817673602 0.355641766350417 0.329962910327094 0.341543364801475 0.368794961723847 0.41791222193187 0.282784155099348 0.269740571259121 0.337342967185568 0.330459314846572 0.314151284812392 0.37198846630396 0.409164397446623 0.515407617031035 0.432538137154144 0.217040460307682 0.363558752969296 0.303658401331476 0.211783467052585 0 0.223191854485303 0.285004928679109 0.307010773683628 0.275813781000199 0.292873265174189 0.378959710019525 0.339110219215555 0.332200297289773 0.347868209656572 0.333008260084932 0.34934472132427 0.355075437284218 0.316546324922701 0.23122112014548 0.351781056101755 0.314887181442141 0.353177564697904 0.388663120833384 0.289685505078582 0.372944089452887 0.331277972368409 0.212134635454377 0.266758392048591 0.337861532840288 0.291402542250971 0.242340181551078 0.25086637526458 0.349019591952904 0.262311470197994 0.40380138530326 0.216788717411617 0.29844435619487 0.230281612321883 0.221969109122515 0.319317177580536 0.397186111830422 0.292522599275786 0.358017859986699 0.279332135769291 0.318804980963884 0.285402553061689 0.266419730316533 0.303724912465345 0.385618322539863 0.259736593779862 0.194484240348263 0.278212509559369 0.39767332356572 0.223424463257918
"naradapurana_khanda-1_u" 0.225962581194777 0.356678897222265 0.389496611303719 0.368068317959638 0.354433213691059 0.409488088323352 0.335447617281427 0.341505486148398 0.340167495446247 0.355803210302567 0.431963253211058 0.354409175432833 0.363257361744901 0.361767915006067 0.214581904786258 0.321826284562482 0.263925543859861 0.257026410449869 0.243790807501353 0.292300873626371 0.330515884893745 0.265805149962529 0.257325359054007 0.217831888130617 0.276759174966466 0.344286106198001 0.34994509342326 0.394470345224108 0.39841054867809 0.398812335328804 0.341585213360932 0.254429418619976 0.516380754403651 0.283906517595919 0.280466088065415 0.255342768435507 0.2663893597015 0.367057831658204 0.405978880556027 0.397856957767336 0.353517573145519 0.409858769421751 0.383850124065411 0.410097492436719 0.429366181316614 0.412896090114633 0.413280975697496 0.400380041853968 0.404192863729497 0.419599717301744 0.449283877142616 0.345627780826351 0.347498711907466 0.367237077658488 0.370249033130015 0.376221536265755 0.434577429954446 0.455310388312762 0.551747842333505 0.478790872751136 0.279067882546383 0.399123487641415 0.356013596826947 0.281627895017632 0.223191854485303 0 0.28193648828421 0.348731979395616 0.313100198167534 0.299380216968893 0.357219442624384 0.40033219474369 0.387173171331639 0.397176559075599 0.394091950968256 0.399722888991772 0.406713192449393 0.384044408815045 0.25193850539792 0.343401280199554 0.318148105851304 0.367906702156946 0.413103080342695 0.314961397673445 0.38614386263325 0.358145271850963 0.260423494743019 0.251690459723165 0.30126879168331 0.324522648625713 0.246054478063589 0.313106510290833 0.332345380590058 0.324911116703513 0.406743933878968 0.302504383648936 0.346308972650017 0.273276987232015 0.315432605656502 0.37249935664412 0.408512102821887 0.355647863010731 0.405522595364574 0.345876660274297 0.385780675475035 0.338686768159335 0.357709208692083 0.3498648040076 0.383936495683093 0.295581322511839 0.290222331040311 0.307704539340039 0.420831248336663 0.271362945156166
"naradapurana_khanda-2_u" 0.33768512842009 0.375082899663533 0.414616227164143 0.380536702712466 0.367267616488082 0.431312239352781 0.359524849884925 0.363160088853455 0.367225610269778 0.364585089657771 0.438790141070628 0.374296300560036 0.387813218069476 0.400785259327079 0.257302302073886 0.374585779412383 0.296300029277138 0.341900330279599 0.306956729446342 0.301597916017391 0.37696440423366 0.259559439703602 0.313718549691442 0.327358678293442 0.299030409468621 0.357331320979028 0.349213645418009 0.40023157290104 0.427407786390425 0.435737860177915 0.346921448658821 0.29997573979808 0.527203188976573 0.326765994352553 0.31916609433809 0.314960528113446 0.338486144037055 0.358542882213943 0.420866307524998 0.394071433389828 0.346678499930825 0.40555297032331 0.372876671355439 0.431962118999729 0.437532994335718 0.434827324308784 0.437388677714306 0.413623132742888 0.408392789115963 0.416463071827452 0.460061529046092 0.345672052266131 0.340974125811358 0.37236962587371 0.373107767750383 0.370397116214939 0.428000764825945 0.460551407482547 0.535884791873527 0.476725215376765 0.298402516346542 0.418475036691306 0.345883548925652 0.293685035501853 0.285004928679109 0.28193648828421 0 0.363119785050037 0.310494024472179 0.330766106899438 0.418459108010433 0.39389317504809 0.356654801032329 0.385005582665138 0.389175760130183 0.394026979944469 0.420225805793385 0.369144567731599 0.301898461518332 0.400762926389295 0.382138970353003 0.412296731705191 0.406159344526416 0.308546846772086 0.434697196214958 0.372299639707858 0.29845895213848 0.337254032628207 0.366003291880703 0.358277069791682 0.279554920204002 0.309943978296614 0.376151040976791 0.337977822348224 0.444288246284327 0.33007962396527 0.342060502258173 0.290531012246262 0.36005241422698 0.417335575851104 0.438327617212937 0.390743141860145 0.458378672971056 0.400041129829257 0.422440292014636 0.370845776912093 0.37275233785829 0.403006380039637 0.39988237220461 0.292043825915877 0.340561289563125 0.319161631474167 0.438348398719129 0.313918376043677
"nilamatapurana_au" 0.374807385279375 0.42283378922729 0.458181075082708 0.436102349295569 0.420511115512299 0.467820672578377 0.410310156653096 0.420794718985399 0.404725882483389 0.413318227710632 0.472522930209825 0.411922249729618 0.43811932892183 0.427811168699799 0.31622072501997 0.396131375654677 0.348247581149249 0.385196466627006 0.351994375717757 0.322944317293329 0.414498472000378 0.336593099248328 0.339027566289033 0.3661681137286 0.372995849921231 0.403932356282709 0.36692773244718 0.413265103285658 0.444664433849408 0.427266933292774 0.371989761063532 0.324427742683792 0.539664467832846 0.364503689853117 0.369223523968343 0.348919572142262 0.369424998848816 0.374912269857293 0.425186245997662 0.408998332253653 0.367206406397169 0.418264076547028 0.403155036001193 0.432885576575557 0.444610129164076 0.434576072025338 0.433835832254843 0.408281242369717 0.426556633397878 0.44454215618605 0.479500471892714 0.382645231543207 0.367721140297029 0.414641259068457 0.395660383304479 0.39764186145733 0.435258008503293 0.458028201068864 0.544773296925186 0.474823997563555 0.346838628208871 0.444311948665887 0.375621266092724 0.340693310776042 0.307010773683628 0.348731979395616 0.363119785050037 0 0.356922260954478 0.391801072412831 0.460446061815031 0.411830597002186 0.408006301372051 0.419484702794363 0.412837151473279 0.428091057925442 0.43613803092485 0.395973996181075 0.347084822625633 0.417120960328282 0.414663046964892 0.462291333160901 0.401641502567898 0.365942067956615 0.466551212585235 0.382043608032486 0.346716907278478 0.375987109223323 0.406137989953343 0.368949315547481 0.344167351234356 0.325111193225051 0.428552606607115 0.359636799149714 0.467388543147745 0.329678405053624 0.362629825560119 0.339464311522571 0.377909095664691 0.433945941680896 0.47167160046123 0.415939998533714 0.43936761536999 0.412739341406022 0.424081844232578 0.396954734826872 0.394697062586997 0.431882752845934 0.432636614022787 0.326461485531312 0.362688001781037 0.369387470785583 0.435692916037885 0.364926498473359
"nrsimhapurana_pu" 0.346031813168989 0.344744774020803 0.384737987760322 0.324513244863868 0.309468451536885 0.382657781421359 0.334516732481235 0.350925793348343 0.339391233695223 0.34744320275615 0.39601196995107 0.301437169637961 0.335146912923749 0.327830224591071 0.28298162373341 0.379946613587276 0.283405234461827 0.348977143536304 0.306070416574137 0.207904855914014 0.385074257952235 0.275044215613326 0.332183739655934 0.331911879930933 0.342603557985684 0.378051737615492 0.281697049097422 0.298082355312738 0.362987567267287 0.364064388215434 0.256798670965337 0.290711985866986 0.519145216199434 0.300802279248884 0.322407622219091 0.291779390925522 0.339233085080551 0.258452163489078 0.331186550290394 0.30817541607332 0.239215464637096 0.32394381304362 0.291744596239638 0.347507453792454 0.371446878517733 0.346811352503879 0.349362395531212 0.32163285779319 0.326744499453305 0.358020394772826 0.400175246103035 0.267243770654065 0.268508707770695 0.344311590007376 0.335610191114008 0.28057689676461 0.349689500618821 0.388468292672909 0.48586649483406 0.416117659894907 0.289340053129741 0.410790151368963 0.309898919089023 0.27503259830643 0.275813781000199 0.313100198167534 0.310494024472179 0.356922260954478 0 0.328790100297639 0.426132747526092 0.289192008359321 0.277490907518795 0.293805342675559 0.298575555115866 0.313181756386436 0.322537216947756 0.259885009049385 0.299184328878483 0.415157498504836 0.372927995405014 0.427335168068942 0.402642969488303 0.313462528778616 0.444688098772741 0.324602344915021 0.292195968300917 0.339697570536264 0.389674925630981 0.328279636639263 0.305282972051606 0.262177443836709 0.390374075516973 0.318840116675305 0.437754572155146 0.28045804405204 0.318271722078749 0.26989753088428 0.352567419490589 0.411556968258624 0.446353877205271 0.375059134874194 0.460824255353281 0.403422541056873 0.412264233326146 0.384982043311368 0.351098331743001 0.407983114670691 0.42271572771258 0.300176828715216 0.330999035362918 0.24867273840906 0.364890160346975 0.285907240075133
"padmapurana_a" 0.350117963947181 0.378252728838928 0.41986039334797 0.386668345106974 0.375821057975458 0.412061429915264 0.370647740855977 0.37379180614378 0.364088393471397 0.382967919537366 0.443982746831624 0.370978556241809 0.398254199969545 0.393708744944841 0.295132427492945 0.401428157266365 0.320911932987527 0.342519606631906 0.322601945773581 0.322972822438548 0.390776368493062 0.303293493926839 0.355069394647135 0.337338031231944 0.353297223882969 0.407229485882489 0.372075394074429 0.411840569525721 0.430710260678256 0.414336353508996 0.363545994190384 0.317954791889165 0.54555440864548 0.332443549988957 0.336294771174875 0.322814023765664 0.358069887152524 0.381318070303902 0.417239526399184 0.416347899587736 0.367329774313082 0.433644316289069 0.405812250380507 0.436074434595834 0.444411718326347 0.437125101691777 0.438992088760599 0.424990834706443 0.419186549937612 0.444638389012255 0.465840295153543 0.381082408751848 0.371757252779834 0.405005974071303 0.409912830293675 0.398430219385764 0.455144907669072 0.46892885883939 0.563841529971507 0.493257801545142 0.33450931060522 0.43973258098449 0.381285129049767 0.328301847573244 0.292873265174189 0.299380216968893 0.330766106899438 0.391801072412831 0.328790100297639 0 0.395930428469987 0.404986584605253 0.398673063648701 0.408390858782348 0.409788924629818 0.412797904315107 0.425372111909475 0.3851590554592 0.311176502663737 0.399453602329065 0.36425753151067 0.275439851066674 0.439785153842301 0.33456142261851 0.317710568084737 0.381467968289068 0.31578223721836 0.335679627464769 0.366809080392569 0.366945330530061 0.306902154352092 0.332061935631211 0.39829241704978 0.345406019810708 0.465641105994894 0.332780103765685 0.366234703737902 0.314434307838715 0.381022046113348 0.42979281301254 0.467329906152468 0.412905538166495 0.451743112453361 0.410965745194812 0.446161625972132 0.396896784858753 0.399609295369796 0.414519640692945 0.425268586397769 0.32214128774252 0.357581492823437 0.348535400557973 0.438579745684878 0.307690153173432
"pranavakalpa" 0.397404087303202 0.416015149806651 0.423418754726903 0.416845786765465 0.419527477698977 0.424087269268643 0.402347647410561 0.400034475820192 0.406216644901087 0.42179980729245 0.452206036311681 0.432243966577777 0.422188981195668 0.429922965792424 0.392509736305688 0.413604466391379 0.38584135945494 0.377883176270575 0.376071683575956 0.420381028324058 0.389753304412854 0.400690274036278 0.399228305797179 0.38570126374248 0.409851171103292 0.425667871204391 0.44926862939339 0.468221827350493 0.46378526998273 0.470231998881835 0.437894682780333 0.393047535942104 0.5708581355623 0.381777915938724 0.382646228803261 0.375508411828324 0.390263441433633 0.453997432074756 0.474836482889625 0.477184299478856 0.449371984436886 0.482931812963231 0.463345448959169 0.486655549123886 0.502994197058004 0.490334883599889 0.492529465133122 0.489600395772661 0.478190435962501 0.49852489316232 0.473866737388444 0.424970783623678 0.440870421271569 0.454616696827951 0.474576626793556 0.45222211135324 0.508099523622338 0.510068981720735 0.601226331268323 0.542768714663078 0.392037047292972 0.480112714177355 0.439113192175596 0.394341607192029 0.378959710019525 0.357219442624384 0.418459108010433 0.460446061815031 0.426132747526092 0.395930428469987 0 0.476510939203025 0.472498750654411 0.475845973334771 0.468424780445307 0.479314436543597 0.484904605497283 0.468325062345502 0.363916323094861 0.442871458783748 0.400173184807736 0.430622419185421 0.488896624314886 0.410148299964756 0.433735958952005 0.425460706615321 0.38179717520996 0.353894790563121 0.396403777649176 0.42723457639902 0.339058982546858 0.432077046875572 0.370578267119334 0.414404827733879 0.446578823788347 0.400462181808904 0.422732761039311 0.404510719831167 0.403511019639303 0.425239617691141 0.447941960394535 0.421714313806426 0.48414564471359 0.420497559003034 0.455948127453756 0.424775906412962 0.43745626264462 0.408160955320147 0.467495127384993 0.421968752048417 0.388392012523085 0.416568482530235 0.498313409289898 0.377369975369467
"ramayana_01-balakanda" 0.417493393764272 0.389305625530327 0.437675333007259 0.373679769417871 0.356303251587849 0.429670897535758 0.39296529351193 0.412715776175018 0.398397514896963 0.374356615966996 0.446367025078654 0.34988993421208 0.398457132049757 0.382281779850769 0.373503899034596 0.404173966602479 0.326637040236139 0.402711588628661 0.354243477649697 0.281618149860555 0.445453379220631 0.362611200582995 0.404145552712778 0.413707970800962 0.424926085968273 0.456440579025752 0.302038193777691 0.344875497188258 0.378056845411778 0.35686673654647 0.268919038710947 0.369815567282575 0.563402843786468 0.367207829639568 0.402159780146841 0.355841324501887 0.409161194300883 0.259559034338403 0.333813421641668 0.306802787369402 0.253759949876358 0.321467552026764 0.302278932241547 0.346657979885232 0.364569133519051 0.347924693859174 0.356809351759933 0.309505225408331 0.329338527963894 0.36922471491557 0.420379913729874 0.305618343913007 0.298134557336488 0.389620128899492 0.389926752392634 0.303876929492436 0.332972753552585 0.38507458933078 0.472124530868309 0.413804727905662 0.368961499466486 0.45496691480583 0.362592730365938 0.354774049694736 0.339110219215555 0.40033219474369 0.39389317504809 0.411830597002186 0.289192008359321 0.404986584605253 0.476510939203025 0 0.262532825013519 0.29037961655255 0.287839218555848 0.305730760387947 0.305148418787839 0.237169132355304 0.37165676655619 0.47015299950999 0.432736669586566 0.470949400622174 0.455518807604221 0.378453440861774 0.483863005612948 0.389478697895636 0.36467286708873 0.397754179836734 0.453660417388534 0.393071414434188 0.392502342721397 0.339719449147974 0.447786131097797 0.362819463381363 0.476963235358001 0.326426579918668 0.373997836972709 0.335674263860484 0.378070208943906 0.441279827349753 0.494151983484192 0.411960982119906 0.474290967018677 0.428705221791996 0.42483666677725 0.425685328278525 0.357672405062125 0.438418171122015 0.473058187266827 0.38637870781209 0.368640214506731 0.332712080446935 0.42753502099545 0.357624886225337
"ramayana_02-ayodhyakanda_a" 0.402999370622715 0.366457088622621 0.430666526894452 0.352473015245453 0.333216767498675 0.410848528720746 0.378359998226158 0.395837226279293 0.390946529289674 0.370103668201848 0.410629409515186 0.323425307300393 0.369564049202633 0.372090764501819 0.360391518077272 0.410972262517836 0.333207926879443 0.400746966009864 0.356516637582407 0.278018886274827 0.436339650642324 0.344816784780549 0.393664550466512 0.399254435290686 0.397672399559457 0.441773589684213 0.292550139294565 0.355021482745966 0.389498321640098 0.383896091456475 0.270727396126254 0.361036975907506 0.551984445206319 0.376916354956651 0.394313991441066 0.364705632427229 0.413473683646281 0.247155788023016 0.361211448349751 0.285554620335876 0.228231548028513 0.292426447870662 0.265528149282761 0.335211275795611 0.372838856118048 0.333603442412885 0.339507907211173 0.315204117572277 0.314198567151147 0.327247417574132 0.417738164501516 0.272267069327373 0.281988487345724 0.354311905108618 0.377682921889534 0.280898756170522 0.320349934679132 0.375479231016851 0.469358455298421 0.413757120755468 0.341309430298225 0.452262994283963 0.347631158240383 0.331313652560018 0.332200297289773 0.387173171331639 0.356654801032329 0.408006301372051 0.277490907518795 0.398673063648701 0.472498750654411 0.262532825013519 0 0.239484144222183 0.254421555094498 0.265288691241344 0.291309017836851 0.250217962425666 0.382492730755251 0.462682974570382 0.408895619239691 0.470760691298616 0.450701434479946 0.378416041099339 0.491456923428545 0.396045579310121 0.353699950344615 0.390449482888643 0.446369167901808 0.391764726475006 0.370469439380838 0.341396644742145 0.443961543759006 0.359649292586621 0.46970585116399 0.326241563154712 0.389886133428178 0.336446847748314 0.384674128402511 0.443031807423169 0.477762654019453 0.417126039953223 0.476491662430817 0.432078774586329 0.441678605563269 0.421293328837309 0.376361427060222 0.440499233258793 0.471935657117096 0.37973408484736 0.372436885569428 0.315027777083753 0.430337667626531 0.35196933803142
"ramayana_03-aranyakanda_a" 0.408520360877486 0.389160790739635 0.434423547925649 0.37002513929101 0.356807969021949 0.418581565907223 0.394204976259259 0.407867056973363 0.397860575288046 0.398521285498804 0.428066915121697 0.346229299467111 0.389734320241239 0.392319773228314 0.380553653494268 0.431148418351206 0.358288004511146 0.403106248910986 0.37433224596503 0.309530048351473 0.453042325856297 0.370849893285961 0.402886448575346 0.412302821561172 0.418816547564865 0.452704390963388 0.313577670192045 0.353407358874025 0.391524251512536 0.364741702301385 0.282834213891287 0.37627409279362 0.570444758319083 0.388132932185235 0.407929838710404 0.379173740497747 0.417749072967138 0.296948025015658 0.35733703861199 0.335700837073223 0.268822523971121 0.321051225296876 0.322994363769707 0.343735553405827 0.399745735656345 0.338586265576779 0.34798588037851 0.329803189327877 0.334785439440676 0.355380676136222 0.444060265986916 0.32434488359533 0.329152785404136 0.389233941086803 0.409373171179621 0.329851968990626 0.380613073973124 0.396373714951874 0.498538946146661 0.440032820561575 0.378809563965172 0.446541613742461 0.37787804076442 0.364264515512128 0.347868209656572 0.397176559075599 0.385005582665138 0.419484702794363 0.293805342675559 0.408390858782348 0.475845973334771 0.29037961655255 0.239484144222183 0 0.24386935096822 0.226182102235866 0.232313965270558 0.245739712944315 0.393786725212586 0.470711837745398 0.423837083050618 0.478885987954171 0.462592402226306 0.389241084336143 0.495651962799753 0.404829541846263 0.37742626193918 0.403222281346311 0.457880678017873 0.390044552534425 0.382021655822509 0.360741231942631 0.449487251448068 0.377623829355028 0.479521872081981 0.334992354581832 0.401663660125359 0.345590199705135 0.406118935845691 0.460828391238464 0.489611451268307 0.434971635899738 0.47628381599293 0.442708514911909 0.448063879816331 0.442213646118041 0.405853184664534 0.452064864266699 0.488389609577873 0.392472416485606 0.395023198656908 0.343475891035467 0.426238306864828 0.373399792589139
"ramayana_04-kiskindhakanda" 0.407893902634612 0.388468854747994 0.429130765336308 0.369084396363136 0.356640008397968 0.41602006039002 0.391807419420238 0.406257249320083 0.389525184290342 0.388547348487957 0.424488275915159 0.341969801358535 0.385556053539215 0.388351064669178 0.378240719838677 0.405145288698192 0.342974714524778 0.392908512861698 0.354719405483877 0.292099221023435 0.447736847156794 0.369634103928179 0.396224664317738 0.408206400823528 0.419356874276396 0.447172344011525 0.294945474207187 0.34821700653202 0.378061413739473 0.340096476742504 0.263628219256072 0.374497978788913 0.564459025586995 0.375475269938592 0.40431801271007 0.359452520071178 0.412557163333171 0.283647595304202 0.335152108002014 0.312163705056127 0.256487330616798 0.312409402498422 0.301311401055467 0.33145968777648 0.379177797336093 0.330197380027372 0.338560431522049 0.314713699485551 0.319492925328874 0.345661984118854 0.434659391040425 0.305233046390208 0.309531165675179 0.375430891167524 0.390093344808987 0.307136809781947 0.362323097238243 0.380384873656794 0.483875173113079 0.42784081031671 0.369150784449768 0.452204093506729 0.375400106132977 0.357864195337647 0.333008260084932 0.394091950968256 0.389175760130183 0.412837151473279 0.298575555115866 0.409788924629818 0.468424780445307 0.287839218555848 0.254421555094498 0.24386935096822 0 0.229803955821798 0.238365713831371 0.249926287584609 0.381187156509535 0.45786089861895 0.407306143030793 0.470697294948572 0.462811682510358 0.384809480437248 0.48229148898009 0.396095550584791 0.365437391483121 0.394239919795372 0.460830836443522 0.393164269417959 0.382697271169671 0.351127075678158 0.443412549705612 0.368167121928191 0.468092094436674 0.3189106637027 0.388783844971875 0.344128498955194 0.382333301781714 0.440125540622663 0.479202706972396 0.415919928658048 0.446941953288904 0.420226847190005 0.435566171524293 0.432908667853844 0.389722578784351 0.431320198747211 0.483958643284568 0.390502354822418 0.371666915357375 0.334551380079612 0.427580941862489 0.364565029421139
"ramayana_05-sundarakanda" 0.414994443227825 0.396173970112704 0.441998479580279 0.370311686289252 0.359414105647695 0.418869675888563 0.400613009371574 0.418546428243036 0.394688416410849 0.399572855007919 0.422537697858679 0.341107476923723 0.388535979831874 0.396680634311789 0.390047261687659 0.432239832541029 0.364155156293625 0.394000783680708 0.375085228841082 0.316796281946872 0.45433132746573 0.378121949683912 0.402359792570329 0.416072701071504 0.433585354534381 0.454978007218757 0.312529112710666 0.368211083069859 0.393206245064364 0.35095912369353 0.283268922389739 0.382596143151561 0.573256107368526 0.397236554788322 0.425425220726708 0.382412872508571 0.423263794531104 0.302342600878103 0.353254547786917 0.335341226093485 0.275789311398286 0.322771217057923 0.325183143315334 0.350063279733433 0.40232232099254 0.341517198462072 0.350962085099637 0.336110639320981 0.335987205802403 0.352341066249015 0.45070069918713 0.332116985546384 0.338006703982129 0.392304881211712 0.411588920115608 0.33608251170577 0.378095723685512 0.402214978151148 0.504426395797058 0.44424619056222 0.381269683972421 0.448275550753866 0.389560842797164 0.369628381045416 0.34934472132427 0.399722888991772 0.394026979944469 0.428091057925442 0.313181756386436 0.412797904315107 0.479314436543597 0.305730760387947 0.265288691241344 0.226182102235866 0.229803955821798 0 0.2318560419344 0.264249594984535 0.401968930445108 0.469346956407379 0.421166622725661 0.476045735196976 0.476343781398813 0.397849189614044 0.4909391191589 0.41565007887759 0.381263975786547 0.409348668745163 0.470644744825406 0.407247663993222 0.387409448160236 0.375925645773784 0.454184224916764 0.385715883140561 0.487747798385415 0.340815492439499 0.417163109343961 0.357816112032166 0.407806006116819 0.45982919341822 0.498160586645211 0.435309334211567 0.461517907668377 0.446687605934874 0.447444847055203 0.446979726525979 0.408747883700685 0.452671196242838 0.501465292834481 0.408984927114476 0.396413036684002 0.347822621047801 0.436570500837283 0.378689692179861
"ramayana_06-yuddhakanda" 0.416277390003853 0.402880896156396 0.446294710624172 0.378824123148464 0.369443417674195 0.42945500694426 0.402621890037659 0.41954029175807 0.391427163071914 0.407267973800147 0.446438114258283 0.346391033077198 0.40003682225351 0.400749884414644 0.398919521740456 0.42975689023458 0.36661501120476 0.400067605130034 0.376748048048998 0.322589317816499 0.467307381513061 0.396246234445038 0.414220236691856 0.416197634113853 0.440279100939131 0.46508115802604 0.321507036717437 0.343806695668177 0.383452083552979 0.313885892216469 0.277238959639209 0.396654013482541 0.575606536425632 0.394279563636066 0.422830624723401 0.377345198587165 0.426507308296967 0.312248462916706 0.337005479735632 0.331929229077071 0.281094147358512 0.317619641223225 0.32495424301356 0.300026230505549 0.398040106380981 0.288947057818999 0.30176695196771 0.295082507551407 0.324455653136267 0.357150724968347 0.458940925316503 0.338605430963551 0.343245735972638 0.408764978134105 0.416837754745663 0.332395781354631 0.383189288083396 0.390329753264161 0.502052395218785 0.440392880632237 0.399572295746957 0.441700249570091 0.403855990212107 0.385335394847081 0.355075437284218 0.406713192449393 0.420225805793385 0.43613803092485 0.322537216947756 0.425372111909475 0.484904605497283 0.305148418787839 0.291309017836851 0.232313965270558 0.238365713831371 0.2318560419344 0 0.243850568955736 0.39980241526108 0.471853966163671 0.427629191720313 0.48156923482041 0.485829210443062 0.404435800815577 0.495997957924585 0.409218156872297 0.388966493806823 0.412556854024381 0.467950728405371 0.394806085863955 0.403238946767056 0.379232549707609 0.45798972188932 0.392027339700541 0.483976413316667 0.326347751814799 0.416971662872074 0.355406632127504 0.40988791420222 0.462975257936508 0.501559297478324 0.437542345281058 0.46804933561911 0.443047561601886 0.450499721315709 0.456818080349694 0.411478577149342 0.452246274122791 0.501363512771316 0.413278022232072 0.39919938079954 0.363073457179615 0.446736645398942 0.3857184071506
"ramayana_07-uttarakanda" 0.402136294350536 0.368870940780157 0.421900772928712 0.351845150891682 0.33730905674805 0.41249126376482 0.372081171209332 0.38893391612941 0.372228627920581 0.369462206959399 0.421983705916168 0.327514788423653 0.375702777661361 0.367143965347056 0.35322905280741 0.393561087095657 0.315128861365272 0.383767953847367 0.338714079000439 0.260259551755957 0.435296603242258 0.346503498406636 0.388168391815639 0.400354360707954 0.4042821041697 0.433192169448883 0.284641380180487 0.314549469973638 0.366970169318754 0.345778935899911 0.240366909407823 0.348680544956959 0.558526590273522 0.350710602968235 0.383352079822846 0.338357451350532 0.39944707161354 0.25126957954453 0.323890654785255 0.296325785927522 0.226905481612985 0.305084423976063 0.281520232125986 0.323731593510566 0.36026685561148 0.319531070088397 0.328801814115857 0.292064028154043 0.310387822895014 0.352047450815842 0.416835779255033 0.287044244184595 0.284822228944874 0.367133071421864 0.377517872727431 0.281989854287684 0.33652266268482 0.373413902806938 0.478501543196765 0.409542167760298 0.351071653689302 0.434733284745355 0.346233320576787 0.333784686960862 0.316546324922701 0.384044408815045 0.369144567731599 0.395973996181075 0.259885009049385 0.3851590554592 0.468325062345502 0.237169132355304 0.250217962425666 0.245739712944315 0.249926287584609 0.264249594984535 0.243850568955736 0 0.356370510700576 0.455863761440761 0.417962197266575 0.456894314120649 0.44654510485022 0.35656212830997 0.473790382435671 0.372507995366737 0.344769479204344 0.381575891864613 0.438633453658835 0.366308461296206 0.377466092223204 0.324980275319141 0.435744545068731 0.345606025907591 0.456503991226819 0.29374706522213 0.36190115889561 0.312281777608376 0.369954115759912 0.429983847025906 0.476986286019318 0.39768298707828 0.464415867085277 0.416499431497298 0.42159505992728 0.419624268961948 0.358347192585257 0.426055977898079 0.467105429298213 0.366566686416897 0.356511470379545 0.314257931623963 0.409354512509905 0.343561193244535
"saurapurana" 0.317902618071432 0.357596027300478 0.391775404525187 0.373754365415855 0.36087603471714 0.413507896158587 0.329027431791494 0.338434894363823 0.32913167071046 0.351208864027357 0.439098379084638 0.360226221726629 0.370391045459258 0.365622702728218 0.238210559002411 0.328970942633323 0.259457827983384 0.281438368245572 0.255084979892057 0.268887190001819 0.339110225106052 0.24721856267652 0.277506803170156 0.283471197561944 0.305024100839095 0.345907906021637 0.339167183527997 0.368532406283079 0.381279948949107 0.374975298415282 0.324437644564164 0.270855737731468 0.519759048433596 0.227331830612718 0.267026673314606 0.205685581629807 0.266025088502 0.348627758659658 0.385592353915463 0.381423738023576 0.335290773584683 0.397939196297888 0.369000710501509 0.399614361955142 0.422371004268934 0.403645384692535 0.407248376812087 0.388207386764134 0.390314315752585 0.414931673317064 0.438137852399633 0.329197794388493 0.325922707801775 0.369257211799806 0.370593945716368 0.35844639086051 0.420699740140375 0.444036145265261 0.537415999388675 0.466990569478671 0.287656795830758 0.393705878921058 0.342782310830964 0.281045403281252 0.23122112014548 0.25193850539792 0.301898461518332 0.347084822625633 0.299184328878483 0.311176502663737 0.363916323094861 0.37165676655619 0.382492730755251 0.393786725212586 0.381187156509535 0.401968930445108 0.39980241526108 0.356370510700576 0 0.359854351023957 0.347312818986943 0.364925200981667 0.398202882063779 0.263976235036599 0.363301321208707 0.307680635753811 0.243187333900457 0.252609893470846 0.321824471087269 0.310423992592801 0.250595375994041 0.287572050561483 0.303995734691635 0.28132957464685 0.39860814318849 0.261493821264668 0.293133810378667 0.257461489713861 0.311677839242352 0.372193253355671 0.414778191505186 0.324942748654034 0.416902779051099 0.353413055391 0.379113472308216 0.342251029056468 0.3363926778086 0.347622924327188 0.384129114712621 0.2779536888684 0.279571413595865 0.313929950135871 0.414514229846523 0.273893659812719
"sivadharmasastra" 0.371362020133316 0.446691716254045 0.46205310958234 0.44516057806772 0.441788414493133 0.470830180101558 0.428289461135144 0.4265254328381 0.422753998708145 0.440461631672318 0.501578443324341 0.445580570455496 0.445550455986819 0.450150688771536 0.353856168238166 0.42280110743766 0.390783963509538 0.388915910530155 0.382497494587028 0.402562364808578 0.420235426147969 0.403004488786864 0.351104671842651 0.361994919694732 0.388622085873461 0.447759366531288 0.445321309125162 0.461157145274099 0.450871247671916 0.458587032548418 0.430862755899917 0.375168059201826 0.549121634492787 0.381420915534147 0.366247636318231 0.358562806512766 0.373050731911026 0.451388123177444 0.467908902099651 0.47186641698439 0.43796347878242 0.478715664688679 0.457399097996296 0.478909126388164 0.495815585708601 0.481778885250515 0.484700227681949 0.476860203223607 0.470355742880732 0.488424055794485 0.507669809811097 0.426811532540765 0.422050869456992 0.426948671501661 0.423507992657888 0.45675484711023 0.50183100293471 0.516827660354428 0.59135737096279 0.526667502739352 0.390031803946006 0.477235568397562 0.436551378006861 0.390402833316746 0.351781056101755 0.343401280199554 0.400762926389295 0.417120960328282 0.415157498504836 0.399453602329065 0.442871458783748 0.47015299950999 0.462682974570382 0.470711837745398 0.45786089861895 0.469346956407379 0.471853966163671 0.455863761440761 0.359854351023957 0 0.337947342356207 0.43925410174776 0.455671114989764 0.415392196836585 0.433768348523166 0.430582510982705 0.374065347577481 0.355990891134789 0.378082223027471 0.389336203172203 0.364548465391645 0.391100517467457 0.410150262802385 0.389820560352997 0.462028273577771 0.384666931888971 0.407156273348713 0.393830868454473 0.404363390970553 0.444125718748995 0.456059515278869 0.422754495063033 0.455167297768535 0.42437210896111 0.468611651635102 0.399867686065462 0.442219371437752 0.42673378017158 0.460466695248486 0.387115035128725 0.387277234410094 0.397522900825673 0.499360588463347 0.400846481969384
"sivadharmottara" 0.335739515911825 0.401873152727728 0.430940867346151 0.391253551484051 0.385749519452731 0.427167888882748 0.391076981596254 0.394085950916519 0.399098657031308 0.41439875736318 0.445246025295798 0.393699460228808 0.380067952726429 0.399842187255373 0.341590610103804 0.386811341666668 0.363616453849722 0.369242539100423 0.350082332465298 0.34293430786401 0.390814218552017 0.369969890295686 0.333810887986459 0.339141081996961 0.34447856014648 0.427991732420265 0.391809129637734 0.431854359069943 0.401025101941917 0.409640049351693 0.374687983994826 0.36177498637416 0.532253045704554 0.373399695789752 0.348753947569235 0.337054626905692 0.360463648783964 0.39472668513704 0.428898352853447 0.415567450352743 0.380490191410729 0.420899883373924 0.399353352180276 0.414363293213244 0.449158571376416 0.421121049573515 0.42136089831188 0.423553944979505 0.413973087188212 0.420069570257046 0.44547406283845 0.354282520603409 0.365157042518428 0.364081169160713 0.375657982410491 0.389009117567999 0.451597502510094 0.464292197984874 0.561746671813766 0.487783013632005 0.350421316694208 0.470655280790277 0.411530486756815 0.357459380092956 0.314887181442141 0.318148105851304 0.382138970353003 0.414663046964892 0.372927995405014 0.36425753151067 0.400173184807736 0.432736669586566 0.408895619239691 0.423837083050618 0.407306143030793 0.421166622725661 0.427629191720313 0.417962197266575 0.347312818986943 0.337947342356207 0 0.411112021354514 0.456611835455758 0.404765164727206 0.429693994578868 0.418857031101025 0.332041321089156 0.329152294546905 0.366265738500315 0.381044452158089 0.338201745683145 0.354781190649872 0.374492059178422 0.390241386073158 0.41777061167932 0.357465616633853 0.399976359300362 0.380449579973866 0.36648668953214 0.405904010272494 0.42655234022229 0.404315752817664 0.436699039618764 0.38897527561144 0.438010956136151 0.376071109387362 0.417713785888362 0.387853829948854 0.456227486511245 0.377925359675094 0.353123620228142 0.351281685039756 0.465538510529078 0.362509955766662
"sivapurana_dharmasamhita" 0.422647509165833 0.435619430836817 0.467827694417645 0.450524542214956 0.442074558471722 0.460943801534714 0.418790280423408 0.421137577067708 0.418621705018532 0.425152871512331 0.505624106071271 0.448553880284448 0.462489584466357 0.460524792887067 0.353959436165586 0.409034616986989 0.357828545427402 0.375768583596532 0.351369412363681 0.407718575042678 0.45065763513483 0.362932480495442 0.410903061591065 0.398865642530858 0.415526680452606 0.465529795392594 0.441161563815508 0.479358451209199 0.466961041778228 0.449334038826875 0.423461067902747 0.393596554641674 0.601583118667663 0.385052818098494 0.405937939452027 0.366361563574339 0.415895336110887 0.445562092111186 0.472560751988907 0.473922495527588 0.438635273445344 0.48728199770931 0.465684780348889 0.482112223414723 0.490123646977738 0.48276841160901 0.486913015873952 0.477556034983598 0.473120538212081 0.49702494844178 0.509434004629092 0.439652097865905 0.433690619655022 0.460412805961385 0.483797590680084 0.457417701323584 0.504257715885096 0.516880194976609 0.604730797226561 0.540891627427707 0.384040611187603 0.47519895862001 0.435420291233959 0.383254714279029 0.353177564697904 0.367906702156946 0.412296731705191 0.462291333160901 0.427335168068942 0.275439851066674 0.430622419185421 0.470949400622174 0.470760691298616 0.478885987954171 0.470697294948572 0.476045735196976 0.48156923482041 0.456894314120649 0.364925200981667 0.43925410174776 0.411112021354514 0 0.5105282050467 0.383091391743126 0.203389066054657 0.440617367128881 0.355264260874565 0.367211603061589 0.413027456357129 0.421756424049614 0.382558174771847 0.43003805363816 0.426895186146233 0.401934757863017 0.48791613460805 0.38420710517672 0.432400467613643 0.393314601337296 0.399966011116645 0.443056387614883 0.496627264627381 0.437223160915441 0.475490350944362 0.430968920533179 0.456018586111356 0.433031106675998 0.425146350979231 0.430640447050769 0.495323796161373 0.419230362127904 0.382286293458737 0.430895488952319 0.506502359018254 0.35692677410449
"sivapurana_karvanamahatmya_au" 0.438898370666665 0.452988283606588 0.482403823184447 0.467490642729491 0.462583209113456 0.506518983393312 0.448864816713622 0.4544428168139 0.458058544526763 0.461996235640183 0.497202393282863 0.457169269822397 0.465927047015385 0.469753056516914 0.389318125069621 0.452732724836091 0.412571480597011 0.438378366253487 0.416529322568388 0.390982201957913 0.44307256329091 0.386143375600723 0.401664167668175 0.424449429407794 0.415040340824412 0.444265750168598 0.435619894675912 0.466594457555862 0.48147054633201 0.490237511193744 0.436963437625734 0.389642593665479 0.539935833328603 0.407134604520788 0.401177646588812 0.404421824995808 0.417362538895633 0.434878968634996 0.485714216963465 0.466639134230222 0.42713159370229 0.47331912414993 0.451666742442197 0.48891408065177 0.486512795525251 0.492764844159443 0.491897508926585 0.467741399886286 0.472036248837807 0.480479227440462 0.497428691787905 0.427902444737474 0.418660746141325 0.433806039328247 0.438833697488815 0.440570533874451 0.481167225787542 0.501710258882533 0.561229806298505 0.510443380574065 0.403046968837837 0.485136070005188 0.424136762862642 0.397749479647204 0.388663120833384 0.413103080342695 0.406159344526416 0.401641502567898 0.402642969488303 0.439785153842301 0.488896624314886 0.455518807604221 0.450701434479946 0.462592402226306 0.462811682510358 0.476343781398813 0.485829210443062 0.44654510485022 0.398202882063779 0.455671114989764 0.456611835455758 0.5105282050467 0 0.40994640823694 0.503869526247825 0.420483475769489 0.404166015206361 0.416937559839015 0.436760278196914 0.409591823512489 0.398404937327499 0.365566009831552 0.443229499622254 0.40742137705605 0.47767900276001 0.396314749833714 0.384966329000249 0.399102201725452 0.437299182392746 0.469691801321311 0.482773329029691 0.450694774918202 0.50444128687633 0.463791526009219 0.475352351209002 0.433027517598197 0.448920430409606 0.464142802647972 0.461942008069873 0.365961420975603 0.420117349715825 0.411894621360298 0.489273673305465 0.421266646933364
"sivapurana_rudrasamhita" 0.366068505358174 0.389872409290555 0.431074035080784 0.399749539106099 0.384235913256496 0.442934748016499 0.358086803257341 0.372786086200006 0.357187209616349 0.37559171247131 0.448824748133655 0.379271136577614 0.409563309473554 0.415683147909902 0.262910442259655 0.371259645772033 0.289632202276735 0.313776980783185 0.294630790337004 0.30528779185991 0.369067006802655 0.214602359343485 0.318953157890795 0.344191807199432 0.344965763668945 0.343886221602027 0.334950628984609 0.372536170309368 0.419751961180714 0.397875139386871 0.342933684181849 0.272066763851337 0.546250332433438 0.300607338119779 0.343483553227112 0.2841264557872 0.3131157454312 0.353813621246642 0.39969423161779 0.393391884798368 0.348535389814269 0.404635421017275 0.380859676185196 0.413364013776168 0.432781539856408 0.416794947330509 0.416677008120476 0.39351841285256 0.398126459900994 0.431158812035018 0.455668816209107 0.362746884110267 0.361182479949851 0.397719524372702 0.417329563180794 0.371845190625644 0.424082263241323 0.447420503927272 0.532568206366096 0.474986966934994 0.31503802186923 0.385312114151756 0.348489958352333 0.301671190286519 0.289685505078582 0.314961397673445 0.308546846772086 0.365942067956615 0.313462528778616 0.33456142261851 0.410148299964756 0.378453440861774 0.378416041099339 0.389241084336143 0.384809480437248 0.397849189614044 0.404435800815577 0.35656212830997 0.263976235036599 0.415392196836585 0.404765164727206 0.383091391743126 0.40994640823694 0 0.393174413391387 0.273899071319754 0.264963947012071 0.28629163629587 0.347062795534153 0.317172823113438 0.298587827438919 0.328189033157345 0.357305949863287 0.300737672217108 0.437858340124876 0.281743340164143 0.32535707287334 0.263931126013934 0.355867056446198 0.407636963254382 0.448233299421543 0.368531042782362 0.444983887531254 0.399869979145304 0.405489809255963 0.382609242159431 0.35818393134522 0.398782051275604 0.406783828297398 0.309573498999863 0.330930482197619 0.352453877809538 0.424590620218178 0.299562708034032
"sivapurana_sanatkumarasamhita" 0.444931902261345 0.462620917083246 0.479806203690997 0.466833895769542 0.467115409970543 0.467183746518473 0.443494096108594 0.445556064395402 0.435986094222897 0.456543325933943 0.516168914179008 0.472452857585641 0.480233210999081 0.469949023303848 0.376676399046612 0.411912987499182 0.384350728609268 0.384536870103414 0.371285642887898 0.425978981841836 0.449210625365919 0.388108873677522 0.413374056577183 0.415305355265368 0.441856965015624 0.470034871717878 0.458921021906973 0.489834606095179 0.461231101641475 0.455465566758112 0.448193135465768 0.412375805857219 0.6028997970671 0.378698312781146 0.399519057711673 0.356807066879526 0.40580967693583 0.469127565088886 0.479166377706255 0.492960031638959 0.45926603423282 0.50405668879221 0.487461483660917 0.496424619072935 0.506852249974545 0.502775817076013 0.505677163249708 0.496657055213367 0.493533462918878 0.516228605279204 0.506898152123281 0.452718040725468 0.452801053736719 0.462036218601643 0.485941615267061 0.472528541707731 0.520430811068986 0.535784272307476 0.612291605272967 0.54862078756758 0.409541558052554 0.488559063052847 0.459700918672086 0.411612746566043 0.372944089452887 0.38614386263325 0.434697196214958 0.466551212585235 0.444688098772741 0.317710568084737 0.433735958952005 0.483863005612948 0.491456923428545 0.495651962799753 0.48229148898009 0.4909391191589 0.495997957924585 0.473790382435671 0.363301321208707 0.433768348523166 0.429693994578868 0.203389066054657 0.503869526247825 0.393174413391387 0 0.436451498188649 0.375844641254103 0.364706719604495 0.404855641232591 0.433679846901655 0.394899054335463 0.431163694530425 0.418092855072901 0.384411542141013 0.464086159189616 0.385854854308832 0.424782038348865 0.411204999421576 0.408553529867692 0.437429442341937 0.486891693158195 0.424958252061212 0.463491120118589 0.428508316432154 0.464956337105722 0.437141714407327 0.444946580934492 0.424549460663164 0.503269720147613 0.419541467943914 0.387676699881468 0.439006014803364 0.505494882124998 0.38482305295348
"sivapurana_satarudrasamhita_au" 0.400146758528603 0.380667888805121 0.413330943097842 0.394968432956677 0.387897796796669 0.444295720536283 0.364906798744782 0.37962164943424 0.364299386418632 0.378326702721759 0.463928530551289 0.38118573806564 0.403853076472869 0.399684551683797 0.341919714830021 0.403640808311522 0.338264073370707 0.365204643533955 0.344697036367148 0.329265576612338 0.391387212927588 0.320465231791727 0.366534033126472 0.375903032656151 0.390082162153565 0.385385878458112 0.362439551622631 0.374272905744087 0.426331573583625 0.406270824208605 0.361723373658426 0.325819811506849 0.54973825069248 0.31017374795648 0.359211494279558 0.314482930317145 0.35782492043048 0.368473759316714 0.404900471818908 0.403669091580785 0.363833972125623 0.413878773475997 0.397286580720433 0.422029651179481 0.434609707594025 0.422960078606906 0.422526822813355 0.407489067101729 0.41086559305106 0.444580936312186 0.462043723771245 0.37334777490859 0.372413254487508 0.420303093536213 0.431824360190649 0.386418535558122 0.436611226229044 0.452270674235502 0.535866514241181 0.482524108542873 0.350539300094813 0.423133562394167 0.355530284633804 0.334046303675556 0.331277972368409 0.358145271850963 0.372299639707858 0.382043608032486 0.324602344915021 0.381467968289068 0.425460706615321 0.389478697895636 0.396045579310121 0.404829541846263 0.396095550584791 0.41565007887759 0.409218156872297 0.372507995366737 0.307680635753811 0.430582510982705 0.418857031101025 0.440617367128881 0.420483475769489 0.273899071319754 0.436451498188649 0 0.320645126073521 0.337648608815122 0.394532362443418 0.340546524831625 0.33820780219415 0.348841329500327 0.394288822089887 0.328449271260013 0.425707733514278 0.293730187522987 0.353971302988572 0.317760704914429 0.383418322908535 0.4265430749412 0.46680008443681 0.366037297759928 0.465427465828412 0.419465671020925 0.430242540363504 0.421308859462397 0.38111639571909 0.418806907262304 0.436820988823584 0.344584337843661 0.360502666499101 0.36717363291159 0.440671603972485 0.34251557665456
"sivapurana_umasamhita" 0.315396067152172 0.355650997096004 0.394864612714705 0.362781670320175 0.353211075786341 0.409992354692645 0.329774485376274 0.342909171967742 0.340804260578142 0.341781056703064 0.425203739370125 0.354215233678741 0.368126797863858 0.357760556120459 0.236986880741434 0.288738731873283 0.223988747364131 0.272166682032313 0.215798520279261 0.253842474126228 0.343894616278377 0.242085151009064 0.275803500384558 0.28447586851043 0.279797962308854 0.339754513102388 0.320913030670567 0.375729661087469 0.372724267636467 0.372980702335318 0.292029632201723 0.261809739235979 0.524979865883468 0.269565458849092 0.298544683125011 0.239498719676333 0.297916520500734 0.315700788690207 0.375631416077729 0.357934925786444 0.304578854383233 0.369613112027175 0.338923891217123 0.375689197961757 0.400882621812984 0.384572023226964 0.385693561719519 0.365139564270752 0.364826162825883 0.388325225851153 0.426547639092117 0.301398449485363 0.296116917645333 0.341512529577541 0.353478614566224 0.330501201666951 0.395922986425092 0.430829205153332 0.527013932235855 0.449575450991609 0.249184316414955 0.374866943258906 0.315298310260904 0.242873150254493 0.212134635454377 0.260423494743019 0.29845895213848 0.346716907278478 0.292195968300917 0.31578223721836 0.38179717520996 0.36467286708873 0.353699950344615 0.37742626193918 0.365437391483121 0.381263975786547 0.388966493806823 0.344769479204344 0.243187333900457 0.374065347577481 0.332041321089156 0.355264260874565 0.404166015206361 0.264963947012071 0.375844641254103 0.320645126073521 0 0.274470928806948 0.331020138104436 0.3143169249938 0.258747082336145 0.283720319703121 0.338522742568389 0.287389725783198 0.400979355463335 0.259323050232126 0.307390726253676 0.26745475794702 0.263976905207577 0.336536650025271 0.402616756586177 0.312283623480642 0.392643505022124 0.320606620306579 0.343367523909382 0.304482248968592 0.305592658565482 0.326455885159497 0.392947943028112 0.271513006329445 0.237123184641385 0.296183437058565 0.418528462665678 0.247348591683007
"sivapurana_vayaviyasamhita_au" 0.313267357638743 0.385271252571676 0.401489160124144 0.377147294669064 0.374853504339443 0.41799415569108 0.351896281356865 0.36238588528822 0.359670782877409 0.375349722126913 0.44733842270118 0.387299885911553 0.385156009098561 0.388083089319801 0.257614669639574 0.325614029142718 0.283431401908939 0.287305804656819 0.267792639176991 0.317527768927951 0.340151029842088 0.288282067160524 0.302095332026998 0.287839185349082 0.323949623335881 0.354563816644792 0.368952681126386 0.399621457741177 0.39695712233728 0.402498886128943 0.356037748482093 0.28601429688 0.536841340293688 0.276541684367095 0.282488308296029 0.243403955328721 0.254570167371024 0.37176599418212 0.414526428663364 0.403264367276374 0.364320339592288 0.415549013418149 0.388973764682768 0.413391051937444 0.43569293044243 0.417753669304795 0.42063715503135 0.410076047769258 0.40464186763102 0.429695358422702 0.436889644622335 0.344914767802346 0.361643307733471 0.376173101462158 0.392592341524209 0.375120102867625 0.439592840961509 0.459927299587283 0.543553734654531 0.486556350252784 0.306346541075281 0.414999742610911 0.362349204353137 0.307063692892081 0.266758392048591 0.251690459723165 0.337254032628207 0.375987109223323 0.339697570536264 0.335679627464769 0.353894790563121 0.397754179836734 0.390449482888643 0.403222281346311 0.394239919795372 0.409348668745163 0.412556854024381 0.381575891864613 0.252609893470846 0.355990891134789 0.329152294546905 0.367211603061589 0.416937559839015 0.28629163629587 0.364706719604495 0.337648608815122 0.274470928806948 0 0.281285041497458 0.339009769580869 0.281588530239566 0.337549385353704 0.309935473774155 0.308556023343823 0.387845625809352 0.293983686643379 0.339778664066778 0.307726670110789 0.322065431558126 0.357822017727474 0.391086690101562 0.34647263106662 0.423058453696517 0.351505936811563 0.394864303749338 0.348838713074612 0.364693327231285 0.345540246993172 0.406563701034246 0.320547515821271 0.298263356174652 0.33950095303557 0.43323931730768 0.289450341163815
"sivapurana_vidyesvarasamhita_au" 0.34447017310416 0.440359926028381 0.459101131382384 0.44447029410297 0.439490177663415 0.47421950741762 0.422323124013495 0.421080054620621 0.428907535276494 0.445080052893532 0.486940634507681 0.45157200044848 0.438853543380458 0.440919159410369 0.302895495454514 0.391094975347608 0.363350023893527 0.362280562490341 0.350674504600292 0.36963410149656 0.377875581148475 0.333391161831557 0.349651412569374 0.333166444086783 0.348271585426245 0.380505816473562 0.424428872659771 0.448604298646714 0.44943844456168 0.462852147490893 0.426091801083071 0.347027800464925 0.536156554214626 0.362239783543677 0.324366513335017 0.323262478077593 0.322885286706066 0.429776220979807 0.470672320222125 0.458480341098976 0.419054610651635 0.470238843689119 0.438875586341696 0.465985870798531 0.480038561398489 0.469897561562613 0.469123392038117 0.462518076343869 0.455527963833878 0.479354950818046 0.471491161815927 0.394927105680442 0.40261919218416 0.393847638596316 0.41464634259049 0.422466022234894 0.484132616829341 0.499152262753327 0.575616448108879 0.518553940265543 0.374178565568411 0.469607790462586 0.424314431891906 0.376992509454134 0.337861532840288 0.30126879168331 0.366003291880703 0.406137989953343 0.389674925630981 0.366809080392569 0.396403777649176 0.453660417388534 0.446369167901808 0.457880678017873 0.460830836443522 0.470644744825406 0.467950728405371 0.438633453658835 0.321824471087269 0.378082223027471 0.366265738500315 0.413027456357129 0.436760278196914 0.347062795534153 0.404855641232591 0.394532362443418 0.331020138104436 0.281285041497458 0 0.375878205817832 0.341092643918664 0.370098901744803 0.345855453162364 0.37815829362497 0.431723186527003 0.374871754055954 0.383908322377588 0.366916217104464 0.39202614939739 0.42098327683852 0.423888367697314 0.41779169516896 0.479283125805686 0.40887941369604 0.45255011316335 0.385028803341172 0.431238071517228 0.401377240442349 0.427601877872609 0.356954758620149 0.372945759656877 0.3833972849351 0.470778219046215 0.365787775985631
"skandamahapurana_himavatkhanda" 0.35800899697822 0.372467050625261 0.41110761201108 0.386255327633689 0.373722996061398 0.433833252130961 0.361179401491755 0.372391282389606 0.350676417341514 0.377423888981549 0.460527216860891 0.372688254911227 0.396959431470602 0.387874758854593 0.316005272761659 0.372926615069804 0.320682787779687 0.344996453730761 0.319680035821222 0.305404154724381 0.384183661134078 0.317128534980349 0.34399099068273 0.339262303862043 0.365190892268788 0.382356732917572 0.351354581721798 0.36792470609179 0.386780555771583 0.372312411148142 0.34327588857049 0.312261860908183 0.545634437209225 0.323466775987753 0.349832714434181 0.299414961664587 0.3449910149801 0.361779894452809 0.388604440389301 0.392170090881209 0.347583846787393 0.400874559301011 0.379463720695522 0.392887970099989 0.425620652446366 0.393630806768745 0.39598405311685 0.380691144478074 0.39512310054291 0.428946322606302 0.461107196129283 0.357287085500678 0.350830416939143 0.400541485910206 0.403989650229508 0.369661508149557 0.428967243840093 0.445433167873974 0.536348909820763 0.471842484256103 0.33607754332171 0.406788459700569 0.354317466954177 0.320478811865715 0.291402542250971 0.324522648625713 0.358277069791682 0.368949315547481 0.328279636639263 0.366945330530061 0.42723457639902 0.393071414434188 0.391764726475006 0.390044552534425 0.393164269417959 0.407247663993222 0.394806085863955 0.366308461296206 0.310423992592801 0.389336203172203 0.381044452158089 0.421756424049614 0.409591823512489 0.317172823113438 0.433679846901655 0.340546524831625 0.3143169249938 0.339009769580869 0.375878205817832 0 0.33130111224336 0.329277805535275 0.39521939483511 0.308845885810282 0.424717383927551 0.275071645962356 0.34738422470113 0.302221525765069 0.35802492047034 0.406600746750587 0.452810614609462 0.363651730479067 0.433967954654361 0.390595228749277 0.415532129680938 0.399222850603157 0.374258982217647 0.396816457384564 0.43257748485878 0.34094110874795 0.335836343094551 0.348895421168873 0.435934994950272 0.331327580442323
"skandamahapurana_kasikhanda" 0.294068760018195 0.350371532265675 0.380597243165455 0.348790518421401 0.340722834000557 0.383323243425694 0.324058091839724 0.327168664082367 0.336283857344164 0.342460293684619 0.392519889286723 0.338866589978295 0.356933956961512 0.37106723629418 0.258052357648675 0.354415875131182 0.287102343043363 0.281023275367854 0.272752614466502 0.287146963828309 0.342366277378729 0.265702884233225 0.27311957958882 0.276713205743145 0.28948717135537 0.35748418271635 0.346732423466497 0.391784189590429 0.409131915981393 0.405179661824067 0.335258231089892 0.257318332508964 0.507348813231691 0.293149174160364 0.294752209523683 0.278634012980542 0.308718507033223 0.35654418195317 0.401775369920216 0.386304505392806 0.339441662485278 0.396193927232093 0.372157217869667 0.412222960347238 0.431452891081848 0.411451612884947 0.414487226892922 0.401327624755293 0.39694692401897 0.415833521088975 0.437632371248903 0.334654100041686 0.33731244039515 0.371463801455219 0.376139608649711 0.370243169366232 0.428146852185467 0.446098544496421 0.547708800477581 0.475061831267243 0.267113586259753 0.395774624050524 0.343007785687078 0.268000963134379 0.242340181551078 0.246054478063589 0.279554920204002 0.344167351234356 0.305282972051606 0.306902154352092 0.339058982546858 0.392502342721397 0.370469439380838 0.382021655822509 0.382697271169671 0.387409448160236 0.403238946767056 0.377466092223204 0.250595375994041 0.364548465391645 0.338201745683145 0.382558174771847 0.398404937327499 0.298587827438919 0.394899054335463 0.33820780219415 0.258747082336145 0.281588530239566 0.341092643918664 0.33130111224336 0 0.291259762906496 0.339436775447759 0.313392849475791 0.419859106362534 0.290165863040818 0.324480921892602 0.270713700838341 0.323321774238946 0.379518760142773 0.413481922512988 0.357821473285061 0.416183891851681 0.360706178408813 0.397865483387411 0.334005020036986 0.358979123623859 0.366357966198967 0.384652587032798 0.28001844135468 0.298154996296469 0.310522020330386 0.427470066636427 0.279199909564118
"skandamahapurana_revakhanda" 0.33251702982131 0.377976002764547 0.417688641791564 0.377276469392116 0.358714284982246 0.4146611393512 0.370936612117661 0.376478581583264 0.37226078640978 0.379316819318276 0.424409461861817 0.357121589757934 0.377207990784985 0.360168108085271 0.277807275976378 0.357197075660085 0.296488174650247 0.338526990265935 0.298299349326061 0.226708520120717 0.374244010262789 0.28383492096735 0.296908837585237 0.326589226814162 0.323133635409806 0.379631214520793 0.305591637595046 0.35466148786791 0.369286395998504 0.370762157095086 0.292028503118134 0.28273807689029 0.498917511301179 0.305762062054393 0.317833414296656 0.27783299288707 0.32625357156327 0.298151637041974 0.364530696137095 0.337222448221134 0.27990206979093 0.358695015431412 0.325588252669414 0.370016851269559 0.380609567885693 0.380471015944719 0.376346942027013 0.345128509812504 0.359563071296347 0.37808445875205 0.417691735761275 0.290420227252202 0.274629463847837 0.337103419916885 0.317551166107303 0.312365831664644 0.373929793031218 0.414210291711262 0.499254999113347 0.418594016405941 0.291800353189068 0.408236050042706 0.333213536800854 0.281722491834693 0.25086637526458 0.313106510290833 0.309943978296614 0.325111193225051 0.262177443836709 0.332061935631211 0.432077046875572 0.339719449147974 0.341396644742145 0.360741231942631 0.351127075678158 0.375925645773784 0.379232549707609 0.324980275319141 0.287572050561483 0.391100517467457 0.354781190649872 0.43003805363816 0.365566009831552 0.328189033157345 0.431163694530425 0.348841329500327 0.283720319703121 0.337549385353704 0.370098901744803 0.329277805535275 0.291259762906496 0 0.382307784574243 0.309031295621161 0.436947688648217 0.288568957712366 0.296700328922531 0.282878541444671 0.335744322945836 0.395323462714409 0.447768218868637 0.37131156488523 0.431496357644958 0.374635211922879 0.405125882390912 0.362208941835519 0.358981938245367 0.391052711762698 0.395488292351097 0.210583632762442 0.31263875822886 0.28325919122527 0.382511827014053 0.302023245365922
"skandamahapurana_sutasamhita_khanda-4" 0.397890897567568 0.434213063713434 0.443541142030766 0.44169039991018 0.435273646071179 0.466660453820081 0.400810115683787 0.410265018620477 0.415494902400151 0.437506841526927 0.479420494628244 0.448540304479228 0.419467806198195 0.436411989695052 0.347398109790565 0.387811270717742 0.351551329413706 0.354758375042877 0.344733067845162 0.374080516577742 0.357979685792426 0.343703087546796 0.35349372188374 0.363894014534092 0.379295998423229 0.376600780978519 0.414353300018224 0.432626064756707 0.438905103309913 0.450723257917896 0.415505971727199 0.358742107996027 0.543256730456888 0.338764187238521 0.332380477187404 0.312399837961232 0.336572533758625 0.421631566602669 0.456569724214134 0.448644505239557 0.416099322448087 0.457907821080719 0.436670410040894 0.45597639386976 0.486230674150169 0.464496951442367 0.466444589668813 0.455641294705873 0.450972481080066 0.469561129528474 0.466776201674347 0.391808802300028 0.405608355281966 0.40612629434731 0.429499145303627 0.419683922959143 0.477884918107863 0.497903555142753 0.568238299918319 0.51236021145643 0.367504616255687 0.454971019615383 0.413803244864471 0.369600961887191 0.349019591952904 0.332345380590058 0.376151040976791 0.428552606607115 0.390374075516973 0.39829241704978 0.370578267119334 0.447786131097797 0.443961543759006 0.449487251448068 0.443412549705612 0.454184224916764 0.45798972188932 0.435744545068731 0.303995734691635 0.410150262802385 0.374492059178422 0.426895186146233 0.443229499622254 0.357305949863287 0.418092855072901 0.394288822089887 0.338522742568389 0.309935473774155 0.345855453162364 0.39521939483511 0.339436775447759 0.382307784574243 0 0.370307153708693 0.413233747246448 0.367481089989686 0.371059032715548 0.37284905466259 0.377915311959116 0.413998963016356 0.422303371358635 0.394528242592962 0.456913686130331 0.403349608031795 0.43094595784745 0.38661030697346 0.406464120265789 0.390012814680434 0.441186145107583 0.373041795990525 0.35844214080965 0.38085996221705 0.457101972864476 0.364771181713675
"skandapurana_adhyaya-1-31_pu" 0.370589534363201 0.372960308171333 0.41143821025011 0.382935185180737 0.372395118772961 0.424522885009011 0.349181749597455 0.365068103092151 0.34992368072548 0.362006754524301 0.447536989665681 0.371722970005292 0.390852230448017 0.38855373424416 0.302970996554564 0.331110589745277 0.267586896324547 0.328675705561572 0.278926012676984 0.29297621338918 0.367741246948249 0.29299551659457 0.335049158787212 0.333078659023953 0.357503554802051 0.374053135253886 0.332067905092002 0.365362710864437 0.379169161214675 0.371709540871266 0.322603646334796 0.30284640886473 0.553831775045286 0.282164197068592 0.319602680816702 0.246578293569509 0.319998567098051 0.329913246210852 0.373921770436406 0.372996257697452 0.317156736848679 0.387249727561549 0.361688920502413 0.393010419528208 0.408888287652747 0.400503476322662 0.404359795167188 0.374978835774477 0.379718445049652 0.415976037934372 0.442822285496501 0.337601946969894 0.323156049942503 0.38656128912081 0.391629951549081 0.348050045459337 0.403000032532797 0.430222149884271 0.52469329190994 0.448125392701246 0.302587082658244 0.389999585455526 0.341440898534598 0.291099208811538 0.262311470197994 0.324911116703513 0.337977822348224 0.359636799149714 0.318840116675305 0.345406019810708 0.414404827733879 0.362819463381363 0.359649292586621 0.377623829355028 0.368167121928191 0.385715883140561 0.392027339700541 0.345606025907591 0.28132957464685 0.389820560352997 0.390241386073158 0.401934757863017 0.40742137705605 0.300737672217108 0.384411542141013 0.328449271260013 0.287389725783198 0.308556023343823 0.37815829362497 0.308845885810282 0.313392849475791 0.309031295621161 0.370307153708693 0 0.419347111637342 0.210841195665266 0.296863818184629 0.28105423254523 0.319231159897342 0.372617256872236 0.431826533516656 0.323496007191667 0.421492089963366 0.364687255929559 0.381511023793536 0.361064336040648 0.340182290114449 0.366779166707257 0.420179843461944 0.30861718779613 0.293867271913152 0.334825561792712 0.426165943522437 0.297340994203544
"skandapurana_pasupata_adhyaya174-183_u" 0.44964113798997 0.451835744109495 0.456312131315049 0.444871040920173 0.457739567000387 0.496537927624293 0.440942647856829 0.448850545344822 0.458531400328113 0.466320166943935 0.506578618562908 0.474444988338724 0.438530256380821 0.458583705721875 0.423481271262155 0.409134080709115 0.414446739502611 0.421732066999572 0.402242707293474 0.416052879240477 0.413025636612776 0.429761908183064 0.434320422266138 0.435466620122122 0.430749098230634 0.456510255247009 0.458039736310502 0.460270308896832 0.445494676215445 0.479844735307983 0.447759801046233 0.417720498719194 0.564695286006994 0.390056363115263 0.397002942278722 0.388023779050903 0.419683588017132 0.457496105869768 0.487662710864408 0.481494153739558 0.450233884267053 0.48037530673495 0.464915750218367 0.480128185345887 0.496337813318845 0.489567146577124 0.492567741901856 0.483915054854762 0.477755197279686 0.489641209808467 0.452253815922799 0.408836946452188 0.432637858355371 0.426073922436449 0.465126040310799 0.429040303481701 0.498573758392759 0.520070165161987 0.578835047332822 0.52721996644119 0.417853312552938 0.496290429767685 0.442422090822245 0.415820887188709 0.40380138530326 0.406743933878968 0.444288246284327 0.467388543147745 0.437754572155146 0.465641105994894 0.446578823788347 0.476963235358001 0.46970585116399 0.479521872081981 0.468092094436674 0.487747798385415 0.483976413316667 0.456503991226819 0.39860814318849 0.462028273577771 0.41777061167932 0.48791613460805 0.47767900276001 0.437858340124876 0.464086159189616 0.425707733514278 0.400979355463335 0.387845625809352 0.431723186527003 0.424717383927551 0.419859106362534 0.436947688648217 0.413233747246448 0.419347111637342 0 0.387328933640062 0.429671053038783 0.42879467234165 0.406431594359214 0.416814953790288 0.424182585705751 0.418379985414487 0.491563914998575 0.420447163311722 0.465896771287902 0.435316404254937 0.452226454587082 0.399011683847663 0.498000724002127 0.438276772625032 0.398379478751689 0.42211214536937 0.507346287779505 0.426880411212592
"skandapurana" 0.344621939547605 0.328682473435836 0.383572604421338 0.339010121144986 0.32694383944723 0.397964072983897 0.315912687392662 0.333806435072626 0.312223311579972 0.336739344328821 0.41002497619606 0.316092881991872 0.35496686212612 0.354364088070097 0.280017865180714 0.321919489218089 0.241511477203153 0.288811697965723 0.246863436647244 0.237337827587863 0.360513039873317 0.28023314577567 0.299229640376526 0.319240789446535 0.331448047027614 0.375240056979055 0.280287118397229 0.318949957486846 0.348550834151728 0.300157891510327 0.25608589671852 0.274938246345167 0.542560756909779 0.266653618872207 0.31461495589847 0.243294531297866 0.322372602682212 0.283744602288697 0.328866111423599 0.323672395084478 0.262791584480565 0.332454260654814 0.31177762098719 0.326882188021704 0.369062429581214 0.334290342335117 0.338947121357934 0.311880167706362 0.324997087729706 0.369768631652394 0.417591534593423 0.29248726302847 0.283130288551448 0.35173061571735 0.359404021015625 0.303257055512783 0.365563745856981 0.389483478203918 0.508639316873804 0.424580905154108 0.275879838778063 0.362389246724461 0.296996629770468 0.254740981394435 0.216788717411617 0.302504383648936 0.33007962396527 0.329678405053624 0.28045804405204 0.332780103765685 0.400462181808904 0.326426579918668 0.326241563154712 0.334992354581832 0.3189106637027 0.340815492439499 0.326347751814799 0.29374706522213 0.261493821264668 0.384666931888971 0.357465616633853 0.38420710517672 0.396314749833714 0.281743340164143 0.385854854308832 0.293730187522987 0.259323050232126 0.293983686643379 0.374871754055954 0.275071645962356 0.290165863040818 0.288568957712366 0.367481089989686 0.210841195665266 0.387328933640062 0 0.298893856001077 0.236040015520859 0.289562249676682 0.357240074975865 0.423285954408103 0.320488840333147 0.400731798994904 0.342020312026681 0.353288159924118 0.344576249023508 0.307834656964602 0.34775401008584 0.41113855714358 0.299539214067955 0.265846555769526 0.297423267964229 0.403277377837467 0.279015597604574
"vamanapurana_saromahatmya_u" 0.387552548941711 0.396245082631134 0.425483334945026 0.405906007148967 0.392971566173464 0.448452710537111 0.374925776695216 0.378724210373523 0.373011419886167 0.381280651972426 0.458263964472746 0.403032189621196 0.417029633578628 0.405369469197538 0.314861150223881 0.36667032423359 0.299670800169393 0.357040470576337 0.315687424973572 0.301181655549335 0.387362153403423 0.312029751092651 0.346010146338968 0.356479853701743 0.357038708819248 0.388439423109374 0.365438166401175 0.389696322840094 0.408156318772614 0.414677047022306 0.353237353752991 0.319040337875471 0.522321068686558 0.290036068092335 0.31223332532186 0.290018537621156 0.342320324703371 0.360895869711298 0.407972127546093 0.403681963038702 0.343597458190874 0.413729630265278 0.385814001486502 0.42227984667194 0.42778886752641 0.429596817740686 0.431116209701584 0.396009085761157 0.408181810511471 0.439482867053 0.445838356898983 0.350632649830715 0.3407427374891 0.392404779248343 0.391063236906496 0.367246092375984 0.424043048078942 0.455313129658229 0.524252837914419 0.462191020192553 0.31375531684978 0.415664623897754 0.353942501834357 0.30813540594094 0.29844435619487 0.346308972650017 0.342060502258173 0.362629825560119 0.318271722078749 0.366234703737902 0.422732761039311 0.373997836972709 0.389886133428178 0.401663660125359 0.388783844971875 0.417163109343961 0.416971662872074 0.36190115889561 0.293133810378667 0.407156273348713 0.399976359300362 0.432400467613643 0.384966329000249 0.32535707287334 0.424782038348865 0.353971302988572 0.307390726253676 0.339778664066778 0.383908322377588 0.34738422470113 0.324480921892602 0.296700328922531 0.371059032715548 0.296863818184629 0.429671053038783 0.298893856001077 0 0.292293194547852 0.344213328712201 0.391882157491236 0.430456777292886 0.348986491929261 0.444484945865731 0.385928847230758 0.408316565659916 0.362897750718723 0.353811214100745 0.392824613768524 0.386701262638642 0.291264910455055 0.320388538870964 0.336795035644894 0.428711432727207 0.321550885567489
"vamanapurana_u" 0.31557973908899 0.343457480542256 0.392616839565869 0.359852098450825 0.339881010476718 0.400701136586298 0.314305800184223 0.333115108714848 0.309565415489383 0.32370330495518 0.428581275113968 0.328607013104811 0.374080554681085 0.366992359622462 0.262984710307406 0.353318439441349 0.2518885877667 0.291543443336923 0.265149033812573 0.261550041467118 0.361270448825648 0.255811303865798 0.293306588211929 0.297949375378055 0.323683583539402 0.359767769227195 0.290805444953103 0.338542796248278 0.390458492009371 0.35335743536299 0.285693908907338 0.248488859157617 0.53010361123593 0.257946637840316 0.298889073113515 0.266562619913337 0.31435156307875 0.314618564716801 0.355695904352255 0.353853710190626 0.299212180442081 0.365818278045824 0.341023723237913 0.371085577551792 0.405250766013632 0.370580984642077 0.370972305731249 0.345380851446272 0.362151898493594 0.395402271545144 0.44174497949364 0.329244996047664 0.317997785373076 0.378486760681592 0.383501749559641 0.340429477340013 0.395090786037034 0.406848235655629 0.518199012965836 0.452588198378999 0.268998961599069 0.358520709412104 0.320405048343716 0.256375593204166 0.230281612321883 0.273276987232015 0.290531012246262 0.339464311522571 0.26989753088428 0.314434307838715 0.404510719831167 0.335674263860484 0.336446847748314 0.345590199705135 0.344128498955194 0.357816112032166 0.355406632127504 0.312281777608376 0.257461489713861 0.393830868454473 0.380449579973866 0.393314601337296 0.399102201725452 0.263931126013934 0.411204999421576 0.317760704914429 0.26745475794702 0.307726670110789 0.366916217104464 0.302221525765069 0.270713700838341 0.282878541444671 0.37284905466259 0.28105423254523 0.42879467234165 0.236040015520859 0.292293194547852 0 0.321248033389845 0.393025551173281 0.440331058697277 0.347702400180916 0.413639760196386 0.374081313475251 0.377992778986244 0.360486100404268 0.322571852780933 0.383989955861801 0.386586734312963 0.283214492296937 0.295752315904591 0.300076369623625 0.406744623158881 0.267714644525693
"vayu_ba" 0.341391094688833 0.372136300581601 0.414475875118902 0.386449439326912 0.374135727673927 0.418300841657053 0.351278721855092 0.368933274615031 0.358441146659366 0.344376743307245 0.459057360556811 0.38739081219919 0.393024867401342 0.372116667502738 0.30295114326558 0.152814392730328 0.198427045061783 0.289025895916935 0.167288620791618 0.304310965798012 0.388823327497472 0.328731762333448 0.319316150406973 0.327051589422427 0.335342172788525 0.384749377306921 0.359725426076511 0.413644329540878 0.365429806822835 0.366735153066109 0.306180485747756 0.308659977849934 0.560446752232203 0.290100333922056 0.342972511222313 0.258022432814155 0.349019561484328 0.335890557652206 0.380579059826649 0.374408879400044 0.333484679596724 0.387101130290431 0.364742577600678 0.393839297578878 0.3949957233935 0.405662552655085 0.410381493564765 0.382481492052044 0.384893289681952 0.412613144583646 0.441016480692768 0.33028254104159 0.316924407710255 0.379682206894251 0.385304643575317 0.352265026512428 0.409865308392221 0.446223924160879 0.539701644086674 0.459393397832686 0.266169320617139 0.406359426274437 0.340176281036946 0.267720772498216 0.221969109122515 0.315432605656502 0.36005241422698 0.377909095664691 0.352567419490589 0.381022046113348 0.403511019639303 0.378070208943906 0.384674128402511 0.406118935845691 0.382333301781714 0.407806006116819 0.40988791420222 0.369954115759912 0.311677839242352 0.404363390970553 0.36648668953214 0.399966011116645 0.437299182392746 0.355867056446198 0.408553529867692 0.383418322908535 0.263976905207577 0.322065431558126 0.39202614939739 0.35802492047034 0.323321774238946 0.335744322945836 0.377915311959116 0.319231159897342 0.406431594359214 0.289562249676682 0.344213328712201 0.321248033389845 0 0.227481079119339 0.394319778755716 0.246367042969391 0.343497708581248 0.189768537947148 0.221539519563278 0.264276474230409 0.221719423778464 0.229387993393158 0.418420557386689 0.342102737035511 0.0807647287235975 0.351399530242917 0.449086384743549 0.281122813174814
"vayupurana_01_frame-and-cosmogony_iast" 0.406783480098872 0.418060698389941 0.442911573357073 0.419115188393996 0.422900763969495 0.455368748781144 0.399792741635667 0.409151802846181 0.412414179488513 0.411784129300219 0.491412994206464 0.441144786941605 0.425483080484764 0.417762736914107 0.373716510659867 0.228149535115728 0.313013928595945 0.350965584110012 0.276175001113683 0.376712766274865 0.418596625843753 0.392501290922793 0.38358431384715 0.390255871649692 0.389450609029777 0.421782600860755 0.415178913702245 0.457664284922356 0.396326605293879 0.419049353285086 0.38704663418955 0.37175093336718 0.578796278046765 0.343742200508671 0.38438416608878 0.323540231753134 0.393792298795269 0.406597476389313 0.429885594619186 0.432102535820057 0.403206695005127 0.447651054572247 0.42444777191823 0.445490502705861 0.436890777244384 0.456732147910324 0.459669326319592 0.439844360018218 0.435356527477437 0.459909258309941 0.463550284244973 0.378680801399197 0.380607039246979 0.407248916241929 0.422544025578724 0.397114778399757 0.458422874573557 0.484421320845942 0.563365675041916 0.499778760024609 0.33758293212904 0.446517604259675 0.398943407895967 0.343137436693801 0.319317177580536 0.37249935664412 0.417335575851104 0.433945941680896 0.411556968258624 0.42979281301254 0.425239617691141 0.441279827349753 0.443031807423169 0.460828391238464 0.440125540622663 0.45982919341822 0.462975257936508 0.429983847025906 0.372193253355671 0.444125718748995 0.405904010272494 0.443056387614883 0.469691801321311 0.407636963254382 0.437429442341937 0.4265430749412 0.336536650025271 0.357822017727474 0.42098327683852 0.406600746750587 0.379518760142773 0.395323462714409 0.413998963016356 0.372617256872236 0.416814953790288 0.357240074975865 0.391882157491236 0.393025551173281 0.227481079119339 0 0.406074839143115 0.308643577223527 0.398475474086983 0.276151577172474 0.308012281271494 0.342700196389058 0.340948697464096 0.277559304771428 0.453926543484873 0.400592039589875 0.233464469848703 0.398381174600853 0.487364923150955 0.350401044831539
"vayupurana_02_pashupata-yoga_iast" 0.434642513513905 0.478839661642395 0.479074478727587 0.469765926126154 0.474518586230221 0.49285039416505 0.450172475704158 0.457661716701645 0.469265984033575 0.475224620156047 0.517027218785679 0.493431047947472 0.460792897694238 0.478916440119061 0.413403390006768 0.409523470302233 0.41021578590195 0.441299962813319 0.403992298574363 0.434419506208529 0.431561891351291 0.43303559387463 0.418539139445618 0.421031831816875 0.405506058960604 0.449526548855207 0.47051294748361 0.484731285971044 0.473328016048972 0.502735447028716 0.462757936277276 0.418150431983611 0.57678317617914 0.4210786050517 0.392303542817796 0.400661368252605 0.416522718295305 0.466412445869494 0.507748960476622 0.487176211772859 0.454069162672032 0.479112972190816 0.463989526650372 0.492525017110715 0.505096871038269 0.500040110391301 0.501182587751783 0.493483755584828 0.481719797027238 0.493231483108644 0.478252853015437 0.417318895422493 0.43780635224675 0.438522331277932 0.448434164277067 0.43898603693464 0.509360968283677 0.524115955724069 0.576303761248976 0.536624670304018 0.403103885457171 0.502410277526112 0.456072903200984 0.410595070408448 0.397186111830422 0.408512102821887 0.438327617212937 0.47167160046123 0.446353877205271 0.467329906152468 0.447941960394535 0.494151983484192 0.477762654019453 0.489611451268307 0.479202706972396 0.498160586645211 0.501559297478324 0.476986286019318 0.414778191505186 0.456059515278869 0.42655234022229 0.496627264627381 0.482773329029691 0.448233299421543 0.486891693158195 0.46680008443681 0.402616756586177 0.391086690101562 0.423888367697314 0.452810614609462 0.413481922512988 0.447768218868637 0.422303371358635 0.431826533516656 0.424182585705751 0.423285954408103 0.430456777292886 0.440331058697277 0.394319778755716 0.406074839143115 0 0.412278841086328 0.48842260572336 0.408576780504069 0.451625837460072 0.394182708764532 0.436438078179026 0.400265001169824 0.491759464123843 0.438934895077405 0.377870767668809 0.432021704173788 0.502457831068158 0.423536400395331
"vayupurana_03_kalpas-and-shiva-lineages_iast" 0.38835080802031 0.396585740038756 0.422792915588871 0.404337650257001 0.398332643574343 0.441971671230086 0.370974736434496 0.390485841444878 0.376329388349788 0.377523289368141 0.479858028061061 0.409214036735343 0.410256122784674 0.390512993488 0.347931648699673 0.274855146700506 0.284045190665249 0.348159537904462 0.271661344036887 0.349020520600845 0.4092770697701 0.360874763900631 0.362690036220555 0.365420937532407 0.38143359203401 0.400872292877377 0.39661181461647 0.419026269821991 0.39292349137166 0.400429731759379 0.35507142480229 0.347745195123238 0.566988500780157 0.29948086330618 0.357937415985695 0.271480908512004 0.360952184932263 0.379411935494737 0.407751522969829 0.412484200273128 0.377936301320188 0.425407767775348 0.404820196515195 0.427536982260072 0.435228953892944 0.438420637806383 0.439841392107782 0.421144477843915 0.418338052477526 0.446473294245849 0.464416312262318 0.376686226183194 0.364288669545524 0.42301147016345 0.422236366922456 0.39473440665583 0.443445914013261 0.468140797501555 0.549721181226867 0.48276522929151 0.324108388451699 0.426915011903778 0.376663329029936 0.323492413879685 0.292522599275786 0.355647863010731 0.390743141860145 0.415939998533714 0.375059134874194 0.412905538166495 0.421714313806426 0.411960982119906 0.417126039953223 0.434971635899738 0.415919928658048 0.435309334211567 0.437542345281058 0.39768298707828 0.324942748654034 0.422754495063033 0.404315752817664 0.437223160915441 0.450694774918202 0.368531042782362 0.424958252061212 0.366037297759928 0.312283623480642 0.34647263106662 0.41779169516896 0.363651730479067 0.357821473285061 0.37131156488523 0.394528242592962 0.323496007191667 0.418379985414487 0.320488840333147 0.348986491929261 0.347702400180916 0.246367042969391 0.308643577223527 0.412278841086328 0 0.399058959174455 0.30388217617573 0.315109665158065 0.346491891696957 0.296285969249115 0.311706039461369 0.434219348152003 0.37294040040303 0.21941385624777 0.382243641940783 0.458103285238425 0.329514797036772
"vayupurana_04_bhuvana-vinyasa_iast" 0.434886948214126 0.471994475586476 0.496997209750465 0.487609395839325 0.474589916403449 0.475542749581671 0.456653799447941 0.474233564823761 0.44568438608926 0.465234224342651 0.519346057018278 0.474173571223361 0.492495759757584 0.472807470206097 0.411355035620233 0.354500334836286 0.376460315905438 0.372230069712734 0.34648831585113 0.434123276329244 0.466247997240078 0.432984709842273 0.39745207527352 0.415552005591798 0.442159418108836 0.467504861021064 0.451476262503087 0.492809600227734 0.453764342474849 0.416350044338225 0.430367444687012 0.412000025276531 0.583162332958032 0.404021158511721 0.452858767520517 0.387637634858072 0.43665865663679 0.460963152747645 0.457428029319372 0.478773748883184 0.451377575586559 0.482447329176123 0.480104316878511 0.464924791930289 0.487809028411791 0.47963030691489 0.478630775259512 0.466417762241447 0.484451813766807 0.489747950686158 0.522037251688187 0.468825943401553 0.457071170034487 0.483194941327524 0.485782338770885 0.478428161366323 0.503908340726692 0.522216548527363 0.597044160409217 0.524144327765408 0.397220556432978 0.474546596054734 0.456114730531181 0.404616379839233 0.358017859986699 0.405522595364574 0.458378672971056 0.43936761536999 0.460824255353281 0.451743112453361 0.48414564471359 0.474290967018677 0.476491662430817 0.47628381599293 0.446941953288904 0.461517907668377 0.46804933561911 0.464415867085277 0.416902779051099 0.455167297768535 0.436699039618764 0.475490350944362 0.50444128687633 0.444983887531254 0.463491120118589 0.465427465828412 0.392643505022124 0.423058453696517 0.479283125805686 0.433967954654361 0.416183891851681 0.431496357644958 0.456913686130331 0.421492089963366 0.491563914998575 0.400731798994904 0.444484945865731 0.413639760196386 0.343497708581248 0.398475474086983 0.48842260572336 0.399058959174455 0 0.365687947162323 0.384903566302485 0.412816386111827 0.403733642619399 0.384002683926702 0.502513701183218 0.433044439709098 0.326844057063047 0.464197748594053 0.504944607744594 0.41228593682957
"vayupurana_05_jyotis-and-purvardha-close_iast" 0.370146305985026 0.408884921474767 0.444009274618643 0.420343411216958 0.417527557136683 0.438752236414758 0.397465755367764 0.404105744054412 0.403484536825267 0.40089538095246 0.478733247112455 0.426826976513275 0.423542213837362 0.400091488165455 0.348845170468523 0.189164483803192 0.2901070322754 0.325870216361743 0.24442371168772 0.363297738965687 0.412919553626488 0.379380277260787 0.356785745855352 0.359277853609554 0.364167411213888 0.418357341256174 0.409070070268782 0.449595565110108 0.397614116501825 0.401611309885716 0.3686308838843 0.355117595786296 0.573999243158427 0.343652710082017 0.371585039014434 0.307826400684157 0.375572594605777 0.393002668613556 0.423583627809692 0.418381664783776 0.387213112267013 0.426034896685294 0.410849902943706 0.429406230441743 0.440574412879425 0.440691436834571 0.444881657398443 0.426365913202165 0.425665617547175 0.444793517181386 0.462568538588152 0.375819220089522 0.372657396961235 0.408721538074334 0.413793184987863 0.400848920348625 0.453649426588117 0.475570806021633 0.564178624866116 0.492522920284257 0.323998087943332 0.434362439399598 0.393029638475985 0.331217571529315 0.279332135769291 0.345876660274297 0.400041129829257 0.412739341406022 0.403422541056873 0.410965745194812 0.420497559003034 0.428705221791996 0.432078774586329 0.442708514911909 0.420226847190005 0.446687605934874 0.443047561601886 0.416499431497298 0.353413055391 0.42437210896111 0.38897527561144 0.430968920533179 0.463791526009219 0.399869979145304 0.428508316432154 0.419465671020925 0.320606620306579 0.351505936811563 0.40887941369604 0.390595228749277 0.360706178408813 0.374635211922879 0.403349608031795 0.364687255929559 0.420447163311722 0.342020312026681 0.385928847230758 0.374081313475251 0.189768537947148 0.276151577172474 0.408576780504069 0.30388217617573 0.365687947162323 0 0.302972203046532 0.322913371568591 0.31582598797199 0.260331660576431 0.448186808465131 0.37889739888533 0.202462541273576 0.392994256624029 0.475090213193368 0.337478054009504
"vayupurana_06_prthu-and-prajapati-lineages_iast" 0.40080180204543 0.428079906070141 0.459033235196135 0.436990790678323 0.424973363720783 0.469579710923654 0.399886805248438 0.423085083157308 0.408428874346386 0.400133117247286 0.504909185152203 0.436658148325714 0.451831469946452 0.429095534991011 0.384046279972532 0.264973937077649 0.291425283908933 0.351137047883602 0.274742625445939 0.378341273554079 0.443598070179448 0.391359930636435 0.380854326958775 0.392655652648317 0.411553702703279 0.428923623356617 0.411101604475095 0.457519455807487 0.418957161108506 0.402011172839154 0.36970887031886 0.377040071758902 0.587318072793106 0.360463353730343 0.418855896509964 0.340505382639249 0.404673451818948 0.399402902828374 0.423994804773514 0.430004524410033 0.402239903531474 0.44126566009555 0.426861944269651 0.445887684657952 0.442304977008736 0.453375591603476 0.45393735908417 0.432413160463557 0.437435902240105 0.457595282912945 0.493478188759777 0.406818363239589 0.390631518175666 0.448655177442726 0.448093702061104 0.418901825334211 0.455961199421745 0.485840294819672 0.569879738231992 0.491170155061131 0.342764051280264 0.440313060896399 0.397987578389747 0.34360558775818 0.318804980963884 0.385780675475035 0.422440292014636 0.424081844232578 0.412264233326146 0.446161625972132 0.455948127453756 0.42483666677725 0.441678605563269 0.448063879816331 0.435566171524293 0.447444847055203 0.450499721315709 0.42159505992728 0.379113472308216 0.468611651635102 0.438010956136151 0.456018586111356 0.475352351209002 0.405489809255963 0.464956337105722 0.430242540363504 0.343367523909382 0.394864303749338 0.45255011316335 0.415532129680938 0.397865483387411 0.405125882390912 0.43094595784745 0.381511023793536 0.465896771287902 0.353288159924118 0.408316565659916 0.377992778986244 0.221539519563278 0.308012281271494 0.451625837460072 0.315109665158065 0.384903566302485 0.302972203046532 0 0.359481151421978 0.302362442397626 0.32253218663758 0.468255719764462 0.413988117348115 0.230043541496344 0.42143898703044 0.482634195791387 0.35799889976423
"vayupurana_07_shraddha-kalpa_iast" 0.36552189850447 0.416219095235617 0.447030621947282 0.424852977257387 0.41474932906672 0.458653002185275 0.39488741431366 0.399449763529684 0.408567126055266 0.406072563420092 0.473372226586229 0.431336095519388 0.419824887401444 0.421807500430964 0.326637649810814 0.3142816609207 0.284793502206698 0.357813492609815 0.290079557307575 0.346542106721059 0.407169060185057 0.357101380377345 0.339830365264223 0.34625381130195 0.320841470991672 0.401325671394804 0.398625720510739 0.452156432324069 0.424376752139057 0.437563920100902 0.376086254939092 0.340713003576407 0.550326922448903 0.352066302945199 0.340553517927837 0.324108286125709 0.367877694318585 0.38598696679417 0.44379996025061 0.418453449624354 0.37881102341906 0.425460307882979 0.402021794592643 0.442441030865005 0.434488377176263 0.449629101803286 0.453592755216499 0.431916039067589 0.423688350568988 0.443133067877684 0.459329309999673 0.363699970082033 0.346362664764495 0.379945908068986 0.371241423901863 0.392289571191208 0.445382802109597 0.479764634280056 0.550597465645763 0.483815898252531 0.315901705361423 0.44685440663803 0.37726524960433 0.321009301740978 0.285402553061689 0.338686768159335 0.370845776912093 0.396954734826872 0.384982043311368 0.396896784858753 0.424775906412962 0.425685328278525 0.421293328837309 0.442213646118041 0.432908667853844 0.446979726525979 0.456818080349694 0.419624268961948 0.342251029056468 0.399867686065462 0.376071109387362 0.433031106675998 0.433027517598197 0.382609242159431 0.437141714407327 0.421308859462397 0.304482248968592 0.348838713074612 0.385028803341172 0.399222850603157 0.334005020036986 0.362208941835519 0.38661030697346 0.361064336040648 0.435316404254937 0.344576249023508 0.362897750718723 0.360486100404268 0.264276474230409 0.342700196389058 0.394182708764532 0.346491891696957 0.412816386111827 0.322913371568591 0.359481151421978 0 0.338310062781641 0.343093207760457 0.38983253050356 0.355878799544003 0.253460527879474 0.367180672106918 0.473903780524445 0.343093196283482
"vayupurana_08_manu-candra-vishnu-vamsha_iast" 0.380107973891681 0.37832620045273 0.428611326389141 0.406137365624912 0.387473460368969 0.436962417234599 0.365093411685705 0.383630141837871 0.366433706656241 0.316935091617547 0.473834634988869 0.385707725025868 0.418248539955313 0.388405169297817 0.329720873156634 0.298513401528619 0.217897247070658 0.343195885185147 0.250627598914961 0.327575712409155 0.413204882502074 0.336804538989855 0.34829311509184 0.364436977011647 0.37774608387147 0.403927262677077 0.356263291404268 0.399395804783629 0.40520684210062 0.390461166425506 0.299863209278762 0.330389718981967 0.568193427273363 0.320588599321703 0.381753754922829 0.302232372246345 0.376586904227686 0.321950694334247 0.382326702840251 0.360507874096159 0.330573791449172 0.37535135135581 0.355462253554223 0.393480905101549 0.406313336964168 0.396136046415496 0.39885045944674 0.369575538271908 0.384428378689066 0.412988561991571 0.463043238276991 0.35805217259802 0.342762154742867 0.427350342319754 0.416259332064872 0.357955493302437 0.393599120109528 0.432168011294376 0.524874712967221 0.454632059299572 0.295814947212999 0.413544394157352 0.340184331109997 0.291691375249869 0.266419730316533 0.357709208692083 0.37275233785829 0.394697062586997 0.351098331743001 0.399609295369796 0.43745626264462 0.357672405062125 0.376361427060222 0.405853184664534 0.389722578784351 0.408747883700685 0.411478577149342 0.358347192585257 0.3363926778086 0.442219371437752 0.417713785888362 0.425146350979231 0.448920430409606 0.35818393134522 0.444946580934492 0.38111639571909 0.305592658565482 0.364693327231285 0.431238071517228 0.374258982217647 0.358979123623859 0.358981938245367 0.406464120265789 0.340182290114449 0.452226454587082 0.307834656964602 0.353811214100745 0.322571852780933 0.221719423778464 0.340948697464096 0.436438078179026 0.296285969249115 0.403733642619399 0.31582598797199 0.302362442397626 0.338310062781641 0 0.341843334069413 0.43900245409914 0.363972779843085 0.216680683816495 0.378203908077363 0.459997454189582 0.304027530040762
"vayupurana_09_upasamhara_iast" 0.392380479974803 0.41385423530906 0.440191192097091 0.417578543118448 0.41825583962401 0.452249000496938 0.396136996331215 0.405309318377541 0.403603849714621 0.410313752297761 0.478233362854933 0.430716301448854 0.419854909806252 0.408807477717841 0.359554376951048 0.249275089059479 0.303247912290757 0.318054671327214 0.263720208626946 0.372456291696193 0.397315940021189 0.377356897990215 0.36927225573986 0.376327378828806 0.373739854813093 0.40238478351687 0.417964252824464 0.44899588375081 0.389429852857014 0.408920098093827 0.384098827664693 0.36648809963764 0.568539962193573 0.343484858464928 0.379252646532604 0.312513806656324 0.382992648695123 0.406257076110153 0.429358089753768 0.432970325686479 0.397263921197316 0.439893460854181 0.422587065580192 0.436595026685741 0.445177111369319 0.448102177923616 0.450831068172249 0.434275308035755 0.434603693848186 0.454184606301596 0.44800223818244 0.374855526251206 0.37993486990974 0.401519444248597 0.42658048054187 0.396216211599279 0.46233523579539 0.483933224098113 0.565136146477378 0.49321363124945 0.338566385240005 0.443431964398792 0.401489750126104 0.342444300253906 0.303724912465345 0.3498648040076 0.403006380039637 0.431882752845934 0.407983114670691 0.414519640692945 0.408160955320147 0.438418171122015 0.440499233258793 0.452064864266699 0.431320198747211 0.452671196242838 0.452246274122791 0.426055977898079 0.347622924327188 0.42673378017158 0.387853829948854 0.430640447050769 0.464142802647972 0.398782051275604 0.424549460663164 0.418806907262304 0.326455885159497 0.345540246993172 0.401377240442349 0.396816457384564 0.366357966198967 0.391052711762698 0.390012814680434 0.366779166707257 0.399011683847663 0.34775401008584 0.392824613768524 0.383989955861801 0.229387993393158 0.277559304771428 0.400265001169824 0.311706039461369 0.384002683926702 0.260331660576431 0.32253218663758 0.343093207760457 0.341843334069413 0 0.447741785368084 0.390312728490107 0.232247648021244 0.394800104748336 0.480668704145822 0.346637447031003
"vayupurana_10_gaya-mahatmya_iast" 0.400533694554425 0.460697238947483 0.487720451162173 0.474630735032807 0.462184618885782 0.515491555408001 0.449326603097513 0.447288423198679 0.451731548388844 0.455626753608805 0.518116203687859 0.467957422724565 0.477840136275319 0.484615858336975 0.37909578397715 0.438151825565446 0.39746245062331 0.423718822872562 0.398567698439787 0.409928430252407 0.448959316735138 0.392898334949035 0.402965746905153 0.394178705472048 0.383096147221535 0.431603780582552 0.451568231630952 0.474350745264549 0.49227514044182 0.496051060100361 0.450984277442825 0.385515111509188 0.556086762306622 0.408021754360061 0.397972884226675 0.399840007294291 0.416474842276184 0.461167856407895 0.492315333102911 0.485710352475894 0.452566397239903 0.492568530224939 0.474682553978915 0.499709713486678 0.504961461554754 0.499175392087307 0.501217129572232 0.484313615866696 0.485883657380752 0.507350889154757 0.524950903831476 0.456596609713242 0.442540360592794 0.469430146609596 0.46079216411753 0.469685973892268 0.504874346505838 0.525875722082321 0.575370956925864 0.522439566061614 0.405122726954199 0.478119078277688 0.448149850721748 0.405879988562983 0.385618322539863 0.383936495683093 0.39988237220461 0.432636614022787 0.42271572771258 0.425268586397769 0.467495127384993 0.473058187266827 0.471935657117096 0.488389609577873 0.483958643284568 0.501465292834481 0.501363512771316 0.467105429298213 0.384129114712621 0.460466695248486 0.456227486511245 0.495323796161373 0.461942008069873 0.406783828297398 0.503269720147613 0.436820988823584 0.392947943028112 0.406563701034246 0.427601877872609 0.43257748485878 0.384652587032798 0.395488292351097 0.441186145107583 0.420179843461944 0.498000724002127 0.41113855714358 0.386701262638642 0.386586734312963 0.418420557386689 0.453926543484873 0.491759464123843 0.434219348152003 0.502513701183218 0.448186808465131 0.468255719764462 0.38983253050356 0.43900245409914 0.447741785368084 0 0.376272874351741 0.391204823479456 0.43375658127436 0.498678104999857 0.409159209570852
"vayupurana_revakhanda" 0.340883539040226 0.389244205549929 0.422128533276208 0.402624590713902 0.386476035553972 0.434305365288694 0.36964004964161 0.376508490298866 0.373409511609107 0.381929839540957 0.445613487328197 0.384292130153241 0.398303950101918 0.394479496290382 0.257961501932967 0.36060214758709 0.29333480685285 0.330714051795156 0.29510943987561 0.283064676525404 0.363382056898668 0.278054392570359 0.297874233827237 0.309256282069886 0.299722627488267 0.365597245904839 0.350128714799839 0.386084474616119 0.41409899908361 0.41164151212165 0.342031144252666 0.284038531521148 0.508713054848845 0.303260888671001 0.301101717195791 0.291755105816549 0.322209308625372 0.347955145578082 0.406067534969822 0.386192345130559 0.328586702629071 0.399777275986762 0.372039685368905 0.413758632913423 0.423353787740103 0.417433611462907 0.416869619932791 0.393883640048505 0.399709048521454 0.417070622839056 0.442773101779675 0.342164797849066 0.327197697815782 0.374562467370472 0.364615444999603 0.362954202311881 0.419802584316271 0.453412119892686 0.530614427016144 0.460104063354812 0.290223350484379 0.390707965406123 0.334206563081761 0.278418787128875 0.259736593779862 0.295581322511839 0.292043825915877 0.326461485531312 0.300176828715216 0.32214128774252 0.421968752048417 0.38637870781209 0.37973408484736 0.392472416485606 0.390502354822418 0.408984927114476 0.413278022232072 0.366566686416897 0.2779536888684 0.387115035128725 0.377925359675094 0.419230362127904 0.365961420975603 0.309573498999863 0.419541467943914 0.344584337843661 0.271513006329445 0.320547515821271 0.356954758620149 0.34094110874795 0.28001844135468 0.210583632762442 0.373041795990525 0.30861718779613 0.438276772625032 0.299539214067955 0.291264910455055 0.283214492296937 0.342102737035511 0.400592039589875 0.438934895077405 0.37294040040303 0.433044439709098 0.37889739888533 0.413988117348115 0.355878799544003 0.363972779843085 0.390312728490107 0.376272874351741 0 0.316637099911513 0.321809919350026 0.397604308991064 0.303172609336323
"vayupurana" 0.321049169433851 0.358537788344621 0.400633782621508 0.372753239519129 0.358973326480122 0.407174238682974 0.334831236836344 0.354443314095098 0.340838615916886 0.334095515952391 0.448415035660007 0.370948789038954 0.379721855961384 0.357342286632266 0.278264420586932 0.171927734446259 0.176782441383353 0.268874776381367 0.144366037237793 0.281634588819506 0.368085780728169 0.304807960089092 0.293685094938146 0.301087490700453 0.314393753920818 0.367497831346176 0.343744147720823 0.397989847581502 0.354902886785723 0.354317318603572 0.292825952359649 0.285349520701264 0.547833714525891 0.264704660668995 0.320749350904878 0.225017650716426 0.323752947337268 0.325234377584276 0.371483042068209 0.366354817614744 0.320362719213617 0.379091317238883 0.357841462032955 0.384277817318252 0.3915147196525 0.39614802769694 0.400940485737311 0.372321145125898 0.377130376507722 0.404707287135648 0.43394344575535 0.320555790189137 0.305387077971223 0.374402938036636 0.373603926519896 0.344697499972625 0.403723609491201 0.437839390713884 0.533556943594653 0.45230341141199 0.245199758944378 0.39262182422099 0.328244279500751 0.248567877996954 0.194484240348263 0.290222331040311 0.340561289563125 0.362688001781037 0.330999035362918 0.357581492823437 0.388392012523085 0.368640214506731 0.372436885569428 0.395023198656908 0.371666915357375 0.396413036684002 0.39919938079954 0.356511470379545 0.279571413595865 0.387277234410094 0.353123620228142 0.382286293458737 0.420117349715825 0.330930482197619 0.387676699881468 0.360502666499101 0.237123184641385 0.298263356174652 0.372945759656877 0.335836343094551 0.298154996296469 0.31263875822886 0.35844214080965 0.293867271913152 0.398379478751689 0.265846555769526 0.320388538870964 0.295752315904591 0.0807647287235975 0.233464469848703 0.377870767668809 0.21941385624777 0.326844057063047 0.202462541273576 0.230043541496344 0.253460527879474 0.216680683816495 0.232247648021244 0.391204823479456 0.316637099911513 0 0.334922954360985 0.434502374073187 0.260808309106403
"visnudharma_pu" 0.349144723452846 0.343958451517406 0.374376781204613 0.311117028562271 0.302062099968875 0.373159377860696 0.33858767565754 0.347109860725817 0.346616855534643 0.377928900354006 0.383917808973631 0.313102569979373 0.310541587924724 0.321949883286741 0.298750329854632 0.373841110061826 0.316862651253507 0.359248468064349 0.323078452823001 0.214653511126576 0.386092363926447 0.315810250067072 0.333062311082158 0.34043683404684 0.326140914176997 0.386327479189744 0.28341001106049 0.321028838512246 0.353015908388866 0.372948412800686 0.271059996666638 0.317637003227149 0.515961934869062 0.319021595530853 0.314791730728503 0.304665561196282 0.353048636915791 0.275721697410895 0.348138875422194 0.312755507345423 0.262878635301628 0.334370935119471 0.286609348731591 0.358785083180053 0.375791080900197 0.36210773179378 0.36565892495157 0.34316091826858 0.333155075646186 0.352806056207515 0.378214096692874 0.235291100162653 0.236342063960481 0.29232441402468 0.290765497538067 0.277477802895317 0.358889495488929 0.401734204553537 0.498025576259675 0.428243135058616 0.299455779348292 0.417922901980746 0.324621098369147 0.287245880880088 0.278212509559369 0.307704539340039 0.319161631474167 0.369387470785583 0.24867273840906 0.348535400557973 0.416568482530235 0.332712080446935 0.315027777083753 0.343475891035467 0.334551380079612 0.347822621047801 0.363073457179615 0.314257931623963 0.313929950135871 0.397522900825673 0.351281685039756 0.430895488952319 0.411894621360298 0.352453877809538 0.439006014803364 0.36717363291159 0.296183437058565 0.33950095303557 0.3833972849351 0.348895421168873 0.310522020330386 0.28325919122527 0.38085996221705 0.334825561792712 0.42211214536937 0.297423267964229 0.336795035644894 0.300076369623625 0.351399530242917 0.398381174600853 0.432021704173788 0.382243641940783 0.464197748594053 0.392994256624029 0.42143898703044 0.367180672106918 0.378203908077363 0.394800104748336 0.43375658127436 0.321809919350026 0.334922954360985 0 0.380122548418378 0.277660662715402
"visnudharmottarapurana_khanda-3_adhyaya-343-353_pu" 0.4344383095555 0.451678854130697 0.470077480986385 0.440815366777609 0.428095033440261 0.467359759586032 0.441333863013411 0.450270736766234 0.442097277688544 0.463395875624241 0.482538806857379 0.431203700286878 0.444522058450339 0.428053770795058 0.408279205807572 0.462387030731554 0.418873999169704 0.44034851638214 0.422561096959311 0.37268248600572 0.462253671679093 0.417130076089479 0.418003154096175 0.425105248702043 0.4359852987743 0.455495904179414 0.393752276343386 0.412511930122887 0.447958764774849 0.443746382615214 0.394279897981471 0.409824883606137 0.56230630274972 0.416325066300682 0.437681979201213 0.407758818545894 0.422504023806917 0.397035084587238 0.424084581292147 0.428872788536555 0.390979029695897 0.439108190911719 0.423151942672275 0.448304078358768 0.448589883119136 0.447604611628664 0.446299567603852 0.438714002067996 0.432796927603847 0.449068666856478 0.472899306807552 0.403342521768208 0.402099650336538 0.445278560166279 0.43927519998425 0.403597137898504 0.459343607177386 0.465307485685656 0.540573727962822 0.488059343188849 0.418731192145776 0.475620215135619 0.418098325319516 0.405403001619964 0.39767332356572 0.420831248336663 0.438348398719129 0.435692916037885 0.364890160346975 0.438579745684878 0.498313409289898 0.42753502099545 0.430337667626531 0.426238306864828 0.427580941862489 0.436570500837283 0.446736645398942 0.409354512509905 0.414514229846523 0.499360588463347 0.465538510529078 0.506502359018254 0.489273673305465 0.424590620218178 0.505494882124998 0.440671603972485 0.418528462665678 0.43323931730768 0.470778219046215 0.435934994950272 0.427470066636427 0.382511827014053 0.457101972864476 0.426165943522437 0.507346287779505 0.403277377837467 0.428711432727207 0.406744623158881 0.449086384743549 0.487364923150955 0.502457831068158 0.458103285238425 0.504944607744594 0.475090213193368 0.482634195791387 0.473903780524445 0.459997454189582 0.480668704145822 0.498678104999857 0.397604308991064 0.434502374073187 0.380122548418378 0 0.403152321379864
"visnupurana_u" 0.318764052759513 0.334290516398437 0.375039989758752 0.342583148414242 0.331351418483331 0.38220226557283 0.306269828167631 0.317653331962615 0.314454374060724 0.314124110492979 0.410244157315707 0.318206260258197 0.351863586916548 0.330178249270974 0.260354995082532 0.299100976411423 0.220582757362044 0.286321181856133 0.225033509607747 0.250139589667366 0.357880746341794 0.267039922174142 0.31800816746832 0.295384471280031 0.303879612477418 0.35580662691696 0.317704354398659 0.359179365670885 0.371481464790728 0.366387697943786 0.272975679616733 0.274727544195627 0.534546385540676 0.2771904989292 0.318694300281174 0.250927149899869 0.320586013003168 0.302070744467411 0.359524422600575 0.342766850486199 0.298307239659937 0.36004798930104 0.332052666066448 0.372347053640012 0.392733614516488 0.377623561819673 0.378183407113217 0.356159263185769 0.362195170254939 0.38793933071156 0.421054285039592 0.303326455067477 0.301491782902176 0.375787972209853 0.367755768085838 0.324560394109566 0.383841185181028 0.416924857378671 0.520619603487406 0.451412891556106 0.216595655476355 0.361858448641031 0.287018529705905 0.20526396252102 0.223424463257918 0.271362945156166 0.313918376043677 0.364926498473359 0.285907240075133 0.307690153173432 0.377369975369467 0.357624886225337 0.35196933803142 0.373399792589139 0.364565029421139 0.378689692179861 0.3857184071506 0.343561193244535 0.273893659812719 0.400846481969384 0.362509955766662 0.35692677410449 0.421266646933364 0.299562708034032 0.38482305295348 0.34251557665456 0.247348591683007 0.289450341163815 0.365787775985631 0.331327580442323 0.279199909564118 0.302023245365922 0.364771181713675 0.297340994203544 0.426880411212592 0.279015597604574 0.321550885567489 0.267714644525693 0.281122813174814 0.350401044831539 0.423536400395331 0.329514797036772 0.41228593682957 0.337478054009504 0.35799889976423 0.343093196283482 0.304027530040762 0.346637447031003 0.409159209570852 0.303172609336323 0.260808309106403 0.277660662715402 0.403152321379864 0
