"agnipurana_u" "bhagavatapurana_skandha-01_u" "bhagavatapurana_skandha-02_u" "bhagavatapurana_skandha-03_u" "bhagavatapurana_skandha-04_u" "bhagavatapurana_skandha-05_u" "bhagavatapurana_skandha-06_u" "bhagavatapurana_skandha-07_u" "bhagavatapurana_skandha-08_u" "bhagavatapurana_skandha-09_u" "bhagavatapurana_skandha-10_adhyaya-29-33_w_commentary" "bhagavatapurana_skandha-10_u" "bhagavatapurana_skandha-11_u" "bhagavatapurana_skandha-12_u" "bhavisyapurana" "brahmandapurana_khanda-1_u" "brahmandapurana_khanda-2_u" "brahmandapurana_khanda-3_u" "brahmandapurana" "brahmapurana_pu" "devibhagavatapurana_devigita_adhyaya-31-40" "devibhagavatapurana" "devipurana" "garudapurana_khanda-1_u" "garudapurana_khanda-2_u" "garudapurana_khanda-3_u" "harivamsa_appendix-29-30_mathura" "harivamsa_appendix-31" "harivamsa_appendix-41" "harivamsa_appendix-42_pradurbhava" "harivamsa" "kalikapurana" "karatoyamahatmya_pu" "kirfel_ppl_textgruppe_I_col1" "kirfel_ppl_textgruppe_Ia_col1" "kirfel_ppl_textgruppe_II_col1" "kirfel_ppl_textgruppe_IIA_col1" "kirfel_ppl_textgruppe_IIB_col1" "kirfel_ppl_textgruppe_III_col1" "kirfel_ppl_ungrouped_col1" "kurmapurana_khanda-1_u" "kurmapurana_khanda-2_u" "lingapurana_khanda-1_u" "lingapurana_khanda-2_u" "mahabharata_01-adiparvan" "mahabharata_02-appendix-21_sisupala" "mahabharata_02-sabhaparvan" "mahabharata_03-aranyakaparvan" "mahabharata_04-virataparvan" "mahabharata_05-udyogaparvan" "mahabharata_06-bhismaparvan" "mahabharata_07-appendix-08_sodasarajika" "mahabharata_07-dronaparvan" "mahabharata_08-karnaparvan" "mahabharata_09-salyaparvan" "mahabharata_10-sauptikaparvan" "mahabharata_11-striparvan" "mahabharata_12-appendix-29_moksadharma" "mahabharata_12-santiparvan" "mahabharata_13-anusasanaparvan" "mahabharata_13-appendix-15_umamahesvara" "mahabharata_14-appendix-04_vaisnavadharma" "mahabharata_14-asvamedhikaparvan" "mahabharata_15-asramavasikaparvan" "mahabharata_16-mausalaparvan" "mahabharata_17-mahaprasthanikaparvan" "mahabharata_18-svargarohanaparvan" "markandeyapurana_adhyaya-1-80_u" "markandeyapurana_adhyaya-81-93_devimahatmya_u" "markandeyapurana_adhyaya-94-141_u" "markandeyapurana" "matsyapurana_pu" "naradapurana_khanda-1_u" "naradapurana_khanda-2_u" "nilamatapurana_au" "nrsimhapurana_pu" "padmapurana_a" "pranavakalpa" "ramayana_01-balakanda" "ramayana_02-ayodhyakanda_a" "ramayana_03-aranyakanda_a" "ramayana_04-kiskindhakanda" "ramayana_05-sundarakanda" "ramayana_06-yuddhakanda" "ramayana_07-uttarakanda" "saurapurana" "sivadharmasastra" "sivadharmottara" "sivapurana_dharmasamhita" "sivapurana_karvanamahatmya_au" "sivapurana_rudrasamhita" "sivapurana_sanatkumarasamhita" "sivapurana_satarudrasamhita_au" "sivapurana_umasamhita" "sivapurana_vayaviyasamhita_au" "sivapurana_vidyesvarasamhita_au" "skandamahapurana_himavatkhanda" "skandamahapurana_kasikhanda" "skandamahapurana_revakhanda" "skandamahapurana_sutasamhita_khanda-4" "skandapurana_adhyaya-1-31_pu" "skandapurana_pasupata_adhyaya174-183_u" "skandapurana" "vamanapurana_saromahatmya_u" "vamanapurana_u" "vayupurana_01_frame-and-cosmogony_iast" "vayupurana_02_pashupata-yoga_iast" "vayupurana_03_kalpas-and-shiva-lineages_iast" "vayupurana_04_bhuvana-vinyasa_iast" "vayupurana_05_jyotis-and-purvardha-close_iast" "vayupurana_06_prthu-and-prajapati-lineages_iast" "vayupurana_07_shraddha-kalpa_iast" "vayupurana_08_manu-candra-vishnu-vamsha_iast" "vayupurana_09_upasamhara_iast" "vayupurana_10_gaya-mahatmya_iast" "vayupurana_revakhanda" "vayupurana" "visnudharma_pu" "visnudharmottarapurana_khanda-3_adhyaya-343-353_pu" "visnupurana_amsa-1_u" "visnupurana_amsa-2_u" "visnupurana_amsa-3_u" "visnupurana_amsa-4_u" "visnupurana_amsa-5_u" "visnupurana_amsa-6_u" "visnupurana_u"
"agnipurana_u" 0 0.562790178960904 0.569182578488429 0.569595481232528 0.574835703653858 0.566739583907444 0.602599063337331 0.624714187245498 0.600224355252127 0.595092791429174 0.631889482957407 0.587174751614934 0.585773244119538 0.504972987979006 0.369748209093758 0.508787882129439 0.494891201100318 0.41706269759946 0.405363429555855 0.456626303234666 0.490938258091953 0.43221971902321 0.345178242446788 0.258193409081599 0.413454378474304 0.501449482765902 0.429313465221197 0.523739525067342 0.500789148239775 0.504905065115975 0.5102365318891 0.43168465236717 0.60220479543006 0.497126796258129 0.563680053717571 0.430608029421241 0.458243035113995 0.533786246607944 0.489992036625783 0.512382865530076 0.510103046768466 0.453131200368126 0.397729646601833 0.333143544894892 0.541039143778811 0.514071291384738 0.51890751791759 0.538271274014259 0.543948194735769 0.524090050543333 0.520795536060943 0.496130902050472 0.523524698506813 0.509222529753322 0.521292810206821 0.510498108969558 0.527638118361858 0.513724134399517 0.491114275008604 0.486931471147743 0.434480540497432 0.495883654300971 0.523719178688291 0.567344124610563 0.572419408569057 0.610446973010336 0.564043530478418 0.49847721398631 0.504023783911722 0.565340687519201 0.516380956707145 0.36012245610947 0.285109568953735 0.524954678885887 0.437659095705591 0.504471414314145 0.515294910962585 0.592852723851404 0.527908477543183 0.534326897965681 0.553709467528139 0.521104295743778 0.567651788873642 0.527124979503763 0.550897498702762 0.48597646423217 0.494758202129006 0.456924704178359 0.474311447756402 0.539378971014348 0.544170238319051 0.443362506573356 0.6268658169445 0.468892920565352 0.403945578302011 0.368006335285424 0.489395730241675 0.531925746348805 0.423181914430504 0.48005758193448 0.543682663014264 0.453199649410726 0.508508499427739 0.516445431663044 0.483832428524068 0.52099255445446 0.472624168255857 0.522363335638259 0.529934014963345 0.599077855389303 0.567000208203669 0.535235933353062 0.60507839586902 0.433535211488255 0.4052096420771 0.506033435727466 0.403576311742195 0.476746430468341 0.521253715414496 0.591526941329517 0.539247712981531 0.405718930807787 0.534115410961034 0.689185094657073 0.590157029540703 0.510841151529012
"bhagavatapurana_skandha-01_u" 0.562790178960904 0 0.35799651405146 0.315126972366573 0.256153284675874 0.395914487545362 0.32633214786431 0.344354874533185 0.343969444346668 0.367574654426353 0.528122889317067 0.282420007802855 0.361749488833411 0.342989794826806 0.465681153434463 0.600385896389024 0.398859248369018 0.52456316108013 0.456340598613613 0.448442947971118 0.514017931413761 0.420176259578987 0.505608855499815 0.565664926752702 0.451686559037142 0.576777512101829 0.48060315893221 0.480376928883344 0.530008494091402 0.548529265162197 0.41921847973644 0.459573614069965 0.590609816099926 0.557845153211176 0.650617332607494 0.559512655832723 0.562854417699395 0.613617203920626 0.580127488861028 0.581372327761572 0.416467925466521 0.457597094216044 0.540623640390174 0.553586694909139 0.443860801498184 0.577988123145333 0.436639600211669 0.431086936397491 0.408629718333336 0.428814821553003 0.485454342390204 0.476625149354413 0.467213219067778 0.454406756703815 0.514567062931056 0.461456772372455 0.420908690233457 0.518154489342987 0.428778912358372 0.463223871817754 0.515129674803542 0.546281559001998 0.453827130149659 0.509460019797521 0.561691090900249 0.574597156398104 0.531442820422676 0.419935744457378 0.517698111279594 0.467482469637278 0.429994324004676 0.482878595545924 0.486831035921548 0.425945886871318 0.568106800497393 0.410785891282911 0.39616238415531 0.589542045660592 0.483467103814802 0.45783835913862 0.441505880469376 0.458306435607032 0.473141137654753 0.439235810542952 0.450612588829373 0.419396457498442 0.557395477663452 0.533242262788176 0.432625002770031 0.538339209361638 0.447090199970056 0.486890233665228 0.503256130222325 0.418203763941319 0.451313735660173 0.536514109518433 0.514979184748889 0.408109054890247 0.469333903893296 0.571811168583874 0.525099331856285 0.538130563017804 0.456991610088127 0.471258283734984 0.486467845384319 0.591935765846801 0.595282773731349 0.558430701612148 0.66677677108756 0.684435512713524 0.651186935827533 0.638226153901285 0.65531455216402 0.524638342030299 0.508348495600543 0.458844703615204 0.523436345800344 0.450247784169576 0.503930163751142 0.495789779894421 0.539819654176385 0.490542348855326 0.556953003166466 0.562376869987172 0.607326232320509 0.466092016275894
"bhagavatapurana_skandha-02_u" 0.569182578488429 0.35799651405146 0 0.349398682042834 0.364558649441235 0.422492336127381 0.397217035874985 0.389874814010204 0.428629652249587 0.43292096205223 0.53573725335803 0.392381635549748 0.338401404698038 0.4160991418398 0.499786042380918 0.631271877831204 0.479101296260066 0.537749657650519 0.494347836983964 0.523506912118119 0.489438881773148 0.474673506762516 0.524916197106153 0.564592467815715 0.481182995370027 0.586008494992461 0.557849832966554 0.526083748048784 0.605746535752129 0.631514450161673 0.531905465905534 0.519398184768734 0.577591160274686 0.630056514918163 0.684479986983069 0.606708527615847 0.588956559313541 0.637366630272804 0.606944463344458 0.630545741316684 0.466821852923657 0.46364281728117 0.580313045611856 0.58685847467582 0.532837996608285 0.623648274161374 0.531865957069772 0.531330487411362 0.515729217850518 0.511790922337098 0.584557429663117 0.57227090274247 0.569256232442991 0.571410925052614 0.618100718203925 0.517582856559562 0.528541058836403 0.535349991563282 0.505671820641335 0.518149744812693 0.545496622163962 0.575933970212522 0.531509196046186 0.58199735183416 0.608036377070936 0.617191619733601 0.589688535247261 0.490891279068288 0.58032184137324 0.516627273433425 0.499271553361278 0.553877714884329 0.491138803197722 0.444110218592145 0.630427070796082 0.495090058207839 0.47071700785614 0.59472613253012 0.55718294150206 0.540738889684049 0.534052633936075 0.544067644629225 0.5507719988644 0.552178039736895 0.553683493211891 0.449209651100509 0.562356479191691 0.565174103511254 0.482384999574195 0.570196758207013 0.511187598622666 0.528320690633491 0.560218796965248 0.454320434501219 0.509800031382562 0.548069125790342 0.60486198693993 0.426340393962678 0.538954502092025 0.566341931957948 0.605179028868793 0.562486809001897 0.556351099730851 0.546123144602306 0.557266235627608 0.603887212669793 0.629408479309469 0.61592116665836 0.68335130405739 0.69383799474201 0.68385554735621 0.665684584452356 0.713384893830765 0.56499951661242 0.564958960638722 0.510895526300498 0.583108026116272 0.460783044958413 0.570769961639591 0.526482747547315 0.578011937195526 0.49386806982142 0.59478846309793 0.607959630751402 0.628724591145337 0.50774272974136
"bhagavatapurana_skandha-03_u" 0.569595481232528 0.315126972366573 0.349398682042834 0 0.263052028773098 0.386065259258035 0.346290849135904 0.35201413535953 0.360711607278167 0.37686398269618 0.531801625105071 0.2999985742919 0.388727521430044 0.393049166295326 0.472746964857285 0.617601019875462 0.4338288274265 0.528861711013331 0.474782182878734 0.493607712934567 0.535050613527198 0.468354222366375 0.497504648185556 0.560664107281496 0.499421849388246 0.58446928191629 0.489391816659822 0.505664479653995 0.565020023284296 0.575101952471674 0.456849653718595 0.470242809328149 0.613271221532091 0.57509046463391 0.640138101751527 0.551495425159683 0.535622477359384 0.589220684632192 0.579020445973388 0.564983020348857 0.410651552395521 0.471375174117041 0.549503599629852 0.56754406849907 0.506590725871066 0.576643745807281 0.50637302901379 0.497163262060562 0.484895555871088 0.477472650460539 0.535301577398724 0.503678674477602 0.520822733976767 0.504850092276735 0.566478477663216 0.49789285783056 0.49125673998533 0.554651595909151 0.480637515569744 0.500031220987295 0.529162398979828 0.60097525981754 0.508442063288285 0.556527493609698 0.588605823221571 0.610551634596178 0.577430265268851 0.470511051326676 0.522561027161106 0.487141752222003 0.464514042590573 0.52683354504593 0.48392488830259 0.455345724351763 0.600410558946074 0.428853826494809 0.440642270810709 0.583712946482406 0.512205878706432 0.50623020091408 0.490519797217889 0.521025958656029 0.531265794154929 0.486977032379283 0.499390405726594 0.441901890254241 0.560042844984497 0.562725144442443 0.448670423066355 0.576853545190381 0.445829655915542 0.503056072503241 0.504739158651954 0.426059725555534 0.484377683119008 0.557447784286297 0.54492038191004 0.437805321147108 0.510571986266965 0.588601434955024 0.544525818392575 0.566411289371081 0.479048181453636 0.487280674369882 0.48615432730639 0.605692779866954 0.625482215537073 0.586767273864362 0.688175470935811 0.690546166537621 0.669294851908664 0.646896870208425 0.705276654346295 0.531675810100568 0.515698202537917 0.502514122624987 0.557856336937867 0.449323637819796 0.538969868546963 0.488333539537851 0.547802700309299 0.505722334459076 0.57281259461096 0.594005168088878 0.61746277241906 0.492530794390669
"bhagavatapurana_skandha-04_u" 0.574835703653858 0.256153284675874 0.364558649441235 0.263052028773098 0 0.367499010421276 0.331789083827135 0.3253763106607 0.330675358346429 0.345705563731547 0.515945916531069 0.275783086073232 0.355007091151828 0.381743676620519 0.477199610425405 0.636217411409417 0.43100778772245 0.537157469641835 0.475077550568016 0.474471497128275 0.503570695053195 0.448350122112869 0.494054608243946 0.580300344366489 0.48496527700914 0.574215515215217 0.492154734620603 0.499580050879963 0.558114980754159 0.581931959676837 0.44841838907013 0.483758377341488 0.606050822232882 0.561066311594542 0.659002895786878 0.557076725710605 0.566920349969995 0.620932261236931 0.582413761815497 0.570751747665462 0.40001015896423 0.482153048778544 0.560916681022808 0.55646733018148 0.485521717506662 0.583173546743281 0.47935955734606 0.473394994005265 0.472084265460196 0.464108831061574 0.51845218836837 0.497728120068527 0.495931756284858 0.493170099037175 0.54708176819724 0.476366479176412 0.449965801235749 0.540243989436731 0.460309045081647 0.483775583394937 0.52261929838399 0.577395674640704 0.501564951897278 0.54627585435286 0.586570750649281 0.605223020061863 0.559338583177214 0.460201399870447 0.536909186045136 0.488873666210348 0.461904804856806 0.521257632831533 0.482874807612653 0.42292519476016 0.586721107230273 0.432382285072764 0.42394209864197 0.571985102747383 0.487858076762969 0.481230298335311 0.462694323417263 0.473508399891887 0.493183813720479 0.447957002443285 0.467497423454323 0.433259410038766 0.537329943034453 0.526489736144792 0.414756013744999 0.581035900641533 0.473189149749613 0.493637961235591 0.532004017669005 0.423944558552196 0.476130112830406 0.547820378291261 0.537204247108572 0.408987897897685 0.506319064458966 0.574814735400661 0.551423611198003 0.56047881306248 0.471016293889891 0.501783584981205 0.478076080554059 0.612384428170125 0.618559000148741 0.596067637935447 0.678686132354216 0.709956480360179 0.670843219342801 0.65582883446908 0.696174468417032 0.549992526522448 0.499435708277892 0.501370938658648 0.551413752841305 0.432525055934213 0.556286463598351 0.499536310609494 0.566283603293954 0.49962060605768 0.569967193018839 0.597167583995299 0.642946436466668 0.478418550336255
"bhagavatapurana_skandha-05_u" 0.566739583907444 0.395914487545362 0.422492336127381 0.386065259258035 0.367499010421276 0 0.382131738502189 0.413639713122623 0.453746412355216 0.401031680434992 0.488932024476365 0.385325955870052 0.412983459545188 0.363290204324576 0.439154913945053 0.576358416287974 0.431343509273129 0.478729112064601 0.428094977434986 0.519200614825579 0.491328648448469 0.493924352390775 0.504383428492367 0.525042642572289 0.481573304374763 0.557425904476663 0.53978904064304 0.507247285001563 0.584455712781572 0.610939393995611 0.505640281746087 0.489419655432376 0.565840521300237 0.583313275106148 0.647898722469507 0.56178709925432 0.595897711904253 0.610756516983654 0.575282129030065 0.604214143186675 0.432080158104088 0.472937281342771 0.527094971620751 0.51534502338308 0.526350633607304 0.601483287737248 0.533910773265534 0.523709232654262 0.537927913542867 0.514258118239294 0.570177206134917 0.532062671931966 0.575526699212499 0.563108918597992 0.583605953924835 0.54372324665847 0.522757344978848 0.525779728325896 0.499211816535988 0.526740931789497 0.553684326945277 0.606337442448665 0.531624124008262 0.572215094466226 0.595012845345458 0.637044989297788 0.595930215757844 0.492861587475134 0.55344175430434 0.550587832394799 0.503570996672289 0.505155905084772 0.455407302793995 0.512994207463607 0.596856872992769 0.460786952075185 0.429221826842137 0.526779260763293 0.559182264586929 0.552974381780394 0.551846238682714 0.573171403389169 0.586187530003595 0.562286782135837 0.552395839735501 0.402420284856816 0.573215710740508 0.551561919915142 0.457788535280511 0.61727231709703 0.494619315792341 0.47118575514882 0.551289835109379 0.438639700958899 0.441693553359169 0.481757823813245 0.599675799058423 0.408498201413987 0.525966902010278 0.54260420955519 0.587594111444029 0.569984699048509 0.527237633975008 0.554396946512002 0.53262823205872 0.594700695683911 0.58136844076575 0.598028600862041 0.661738166293038 0.663625581607518 0.662645397134234 0.638442832523239 0.685863268218461 0.540203630905762 0.541574410797218 0.503797279998001 0.528818258998077 0.510629361901732 0.542793198793972 0.558992642362015 0.542381232838442 0.519410431334172 0.518649453529703 0.626697058504287 0.631620280683829 0.487287344596486
"bhagavatapurana_skandha-06_u" 0.602599063337331 0.32633214786431 0.397217035874985 0.346290849135904 0.331789083827135 0.382131738502189 0 0.241553007542214 0.274455131360836 0.346554951346065 0.53328205400759 0.283014058425038 0.279367707889565 0.362000173895507 0.470239583245687 0.561994567281086 0.394259361240833 0.527959703818685 0.453099067006871 0.440719329128933 0.498910677757485 0.4376070462163 0.533158244489412 0.563716193902971 0.424189013868757 0.544790663683948 0.497337225159743 0.486356409837277 0.561413837065926 0.588460420607089 0.454046943056313 0.470655114214938 0.588617333021749 0.561205719016287 0.638891558336849 0.551472272253666 0.579523158010981 0.612177292623038 0.588626023646013 0.565926377319852 0.416112114341939 0.455317461100954 0.533072926599726 0.57995411976849 0.430862101658837 0.580470428508443 0.417504974612683 0.417850507792273 0.416834000456453 0.403143648346297 0.519706715297518 0.488703158393506 0.506186685976445 0.502203992377232 0.538532515442442 0.444960282034581 0.442793107360285 0.499053200335107 0.38533680615435 0.407905051999808 0.534871168713603 0.530223798537332 0.441976580481023 0.508380136152193 0.541304968722746 0.548406765109265 0.5361298752527 0.435613067576326 0.498922329528904 0.461283370640195 0.434997797289535 0.484398254325851 0.520215505041822 0.426313341727762 0.571105611713122 0.408536150712276 0.400851240023963 0.619580562812236 0.479135933630548 0.478143137878005 0.506663024136898 0.488840489034614 0.502477331971916 0.490964930334482 0.461649231702287 0.390396918810426 0.578872858097826 0.588120212567625 0.443461193410255 0.540858760458941 0.438426576809594 0.504865092515807 0.490571672731769 0.41070936646239 0.477106291474092 0.5533670266646 0.559257408830495 0.414014845963273 0.480935565553154 0.564739608217869 0.520310815620652 0.562346116455669 0.46221901482817 0.478301143718192 0.473619563613091 0.587855967719261 0.585050599065966 0.558184797140662 0.677171386695902 0.647207051885181 0.641375469625158 0.626992907278337 0.667461376253389 0.54795838807811 0.529218416665947 0.410308256885507 0.52681223569904 0.448723187240827 0.502698327393536 0.42250221870079 0.498264919955982 0.480537855266891 0.571122734633731 0.52529269827461 0.568142698556064 0.407703497289939
"bhagavatapurana_skandha-07_u" 0.624714187245498 0.344354874533185 0.389874814010204 0.35201413535953 0.3253763106607 0.413639713122623 0.241553007542214 0 0.292882897356342 0.357154886508727 0.5400571632108 0.278116666849828 0.28723889537769 0.38249617493079 0.515673974805095 0.612521367880649 0.463847749622692 0.557869422953512 0.509191265630359 0.510402923611799 0.510986682034384 0.4702633110701 0.559726064486714 0.595086829616009 0.478927188946923 0.561101108180973 0.54818120791114 0.519571048561027 0.613707223497881 0.640860839025603 0.522472522713734 0.534667470069593 0.598662771899841 0.620893785774665 0.685231710588751 0.614443735301667 0.60749409580572 0.658964720368396 0.625644862032174 0.628857317372821 0.472514153471928 0.511416274393248 0.576869470453267 0.589921072802906 0.498944588075024 0.630562677085961 0.476853691319864 0.489112035045751 0.478044892620483 0.467609845833783 0.574962922025625 0.533001426918604 0.561813903862307 0.558413478704323 0.606478036827875 0.504515538867098 0.476375745254617 0.55985155058989 0.444399821903248 0.475475210537183 0.571424894653669 0.580470160718643 0.495197656798215 0.565720230004348 0.614231878676571 0.588596545496611 0.572820272303076 0.487832569823667 0.551316565412241 0.523474125048921 0.494371119795107 0.551795668738429 0.542264888341131 0.464207587874525 0.613140930854725 0.474494300518265 0.456564876885114 0.603766670610004 0.555113021069714 0.52907855687536 0.535834361106098 0.537126943496188 0.548133877423175 0.543172121252282 0.537624870013526 0.439582233041175 0.619684343313152 0.594541916930439 0.495517963954945 0.590282288558639 0.484323599918921 0.543023855394642 0.514938973886506 0.435778151793922 0.534328527022506 0.562852253104213 0.560113882955371 0.455356444168403 0.522985882192524 0.583911492516786 0.576200031488397 0.591684735737655 0.539626675506296 0.532705495470845 0.545837794788421 0.6161895910199 0.628631281364438 0.611687292320576 0.705400661288817 0.702343157294521 0.687780054722689 0.664742026950925 0.696451252637743 0.587710342792557 0.55210210442566 0.463086399962025 0.575627743985447 0.48722794734284 0.535258167288131 0.448105080045317 0.532437196851638 0.511268975216856 0.60488952837189 0.543924232732309 0.601566891954621 0.448901783225158
"bhagavatapurana_skandha-08_u" 0.600224355252127 0.343969444346668 0.428629652249587 0.360711607278167 0.330675358346429 0.453746412355216 0.274455131360836 0.292882897356342 0 0.328187892650475 0.565020865283874 0.256019622786511 0.363543547511697 0.382672894731429 0.458620095672773 0.575913887694216 0.361675199387577 0.525231273888215 0.441946400194233 0.432947438708865 0.49416693869441 0.425568477517837 0.514883662828139 0.569458281944909 0.458884020581231 0.571807631073618 0.482160586534451 0.476621961933651 0.556638499161935 0.548286932959655 0.429540680163287 0.482178834733087 0.586430753689484 0.554024900204299 0.652463253999215 0.551056099842887 0.565478995889705 0.621938135237029 0.579252608924629 0.557252593407187 0.363344590747848 0.483772154957784 0.538434069926762 0.562235691446965 0.416821642627715 0.54513554351823 0.441878675430826 0.41939916746737 0.44840733205382 0.460922698398597 0.501947297175473 0.464708851906063 0.485726235153651 0.493370039751544 0.535812515666886 0.445267562699305 0.456639842861144 0.547786057487184 0.45444169564371 0.449715121097331 0.55211889107131 0.587318380175898 0.452767210356297 0.50807877601617 0.551410424886538 0.576437466482937 0.538628158844765 0.433487994663722 0.480646208106782 0.448880759238862 0.41482122548372 0.500267877871867 0.531030190510032 0.468498907956627 0.560907703905405 0.396259690626877 0.378165328815918 0.604694002820228 0.47123953272293 0.487420449463929 0.470541078657219 0.491511602851822 0.509331360893388 0.453520915226112 0.455575511056607 0.394861399377177 0.583933244929545 0.578615371677441 0.439840732689463 0.525814349566613 0.424124356760624 0.485116032260116 0.440961878992556 0.401285940927397 0.494375003341336 0.565532460937603 0.526656939328323 0.437700855501101 0.452350085707746 0.581896021525564 0.490308992433982 0.574559156854583 0.458610237094298 0.443128570658398 0.467384771730761 0.612827038287814 0.623482788334564 0.543123682743058 0.677580070696946 0.675217991088015 0.657746602891277 0.643702809350404 0.65498469076579 0.557772725841027 0.534251280889706 0.39931784106486 0.530771437172141 0.481131252225559 0.469373319767606 0.377215065700557 0.483106378418711 0.497690548568569 0.583126913831006 0.516636613700417 0.540339960493653 0.396515138632574
"bhagavatapurana_skandha-09_u" 0.595092791429174 0.367574654426353 0.43292096205223 0.37686398269618 0.345705563731547 0.401031680434992 0.346554951346065 0.357154886508727 0.328187892650475 0 0.56724791755287 0.284245766450086 0.428779880049537 0.325840952929224 0.444937575316831 0.603900245963191 0.374196955315764 0.509598503933431 0.441125083526783 0.464165306048847 0.492911734082817 0.451219917490858 0.553445912959597 0.554812459910554 0.463472096544723 0.566277518842979 0.503890773921728 0.4936139436956 0.576928003358256 0.595351474764695 0.463470432236784 0.479307094435812 0.61722086638194 0.515318767795596 0.645738107032234 0.52409575245933 0.547471717248482 0.594988103833267 0.557040711441091 0.544046268543242 0.405102384360312 0.480434142957887 0.545765395238339 0.562703058492973 0.459722993722805 0.553988360683524 0.485363775513255 0.465388869999304 0.485797637023497 0.494737437815304 0.527982617271 0.461915819313516 0.50688256525753 0.515265347799249 0.54546812342012 0.480214710088001 0.489736232561142 0.57372941414793 0.473663591057753 0.49801972140183 0.582963109226356 0.588660354128335 0.481194811510707 0.536761072958383 0.549043292263577 0.608268476882278 0.572111499297534 0.435754833421152 0.525813212224391 0.476904595718662 0.441614333604745 0.515056576090902 0.508718548652821 0.473235279453198 0.575125188566031 0.398148498811115 0.418011757314083 0.607660075436016 0.495220324228747 0.517388849729322 0.49157279450849 0.513779811585884 0.526659017364782 0.494892058434547 0.484287145682389 0.39915814651822 0.608347167711042 0.589545539605612 0.453090551593738 0.581612556792926 0.445794846573468 0.524310416933065 0.483364026076003 0.389435289094281 0.471468279088973 0.545366731364749 0.55571736046467 0.435796196852025 0.508757318939122 0.599198116374807 0.542249604928021 0.571884549897836 0.499853102674187 0.491642837965002 0.481098768170474 0.645996974062095 0.605656930688161 0.575715561973021 0.677289910504917 0.705585275522801 0.657188921376521 0.641018175359845 0.645877383887038 0.575033993558027 0.518036724635449 0.461195582736207 0.543121901697138 0.519701333375133 0.476332151420795 0.481085172903026 0.511403403222734 0.505687554924626 0.49918849115673 0.584278084110545 0.610805477725245 0.422182017218712
"bhagavatapurana_skandha-10_adhyaya-29-33_w_commentary" 0.631889482957407 0.528122889317067 0.53573725335803 0.531801625105071 0.515945916531069 0.488932024476365 0.53328205400759 0.5400571632108 0.565020865283874 0.56724791755287 0 0.52251416864723 0.539934528031378 0.52586590799442 0.564338337404868 0.653758520205361 0.546909678648309 0.535510181466045 0.535375675974421 0.557536453060997 0.52297096974026 0.552992747624013 0.557050584751769 0.611770325403718 0.541391276499776 0.594432543030425 0.588750116911647 0.590748500155989 0.672893829403925 0.685793726605977 0.601114189157063 0.563437613441813 0.580681843111732 0.647502508779047 0.71446852125157 0.620522768122597 0.629095653503073 0.661999858492235 0.61648012978437 0.675410490119734 0.572639913059143 0.541707175717366 0.604937145540979 0.584985378595692 0.587229205698122 0.672484129481761 0.586646150377931 0.593387103441961 0.605162382569567 0.577519172544363 0.622956967727405 0.628816384817559 0.620560930892475 0.626437448219497 0.633531689827426 0.58848145408169 0.585135243397692 0.528955787071192 0.569477212387313 0.581339607202367 0.548143994496665 0.608687123382981 0.590605819766531 0.617539247860994 0.65327008715832 0.64598864174995 0.631199650363079 0.551036186793874 0.607906511726113 0.583062107303102 0.55821957713338 0.607896565672935 0.558063453011045 0.536495119135903 0.649743786409927 0.559259687878833 0.522069881769057 0.422829894303481 0.603859973045098 0.583692217252346 0.602577877497863 0.62129958695739 0.614281893776573 0.617530039040927 0.598964537669445 0.501817238720162 0.632600523633339 0.590959901982286 0.553929152488517 0.640794159964148 0.555712826470217 0.566358828068268 0.621929271816424 0.551808272008185 0.474407634090084 0.546878710652634 0.658817562869631 0.401605310511605 0.609226592715818 0.56287716803725 0.650635886908667 0.578747519757083 0.600559098391134 0.625784437990355 0.6021815307523 0.638824319036402 0.615299062535085 0.67454199565914 0.727304418480054 0.733584537017654 0.724563044610968 0.679594561389497 0.728620553543395 0.577403366794769 0.611671008408143 0.583653551682525 0.624336366547094 0.515668567703773 0.63221970961922 0.60426540120889 0.616615225437675 0.574950687449151 0.553342457859098 0.654753119743346 0.64948586852168 0.546688481204326
"bhagavatapurana_skandha-10_u" 0.587174751614934 0.282420007802855 0.392381635549748 0.2999985742919 0.275783086073232 0.385325955870052 0.283014058425038 0.278116666849828 0.256019622786511 0.284245766450086 0.52251416864723 0 0.328049940419047 0.344909495028496 0.451742326218828 0.597448473988602 0.3661842807764 0.50969589751955 0.432992929044823 0.46363214732376 0.514914898772839 0.42974495811535 0.513459474284602 0.556196477471102 0.459411254634959 0.56622312631863 0.485391213140046 0.488832729467672 0.559404877302671 0.57150949177963 0.436151767552211 0.480704423101076 0.590401444759609 0.572588413208038 0.671561052837961 0.571226109186889 0.59415962949807 0.637912016020483 0.595056054556353 0.592128331682563 0.390145639418418 0.500805759156478 0.546544525087392 0.572572011221282 0.461802097288519 0.577250740958672 0.475278154441919 0.449401869155954 0.455531192582958 0.479955837670347 0.495927108724862 0.481521590169637 0.477804718445615 0.473545567381718 0.529134485606875 0.477014026846244 0.470328327080344 0.556883025381812 0.468561133638878 0.490994648354384 0.558797035088469 0.596325824148334 0.477957243535069 0.527370660229699 0.563123254655218 0.599866183559716 0.567403575532061 0.463380592865199 0.4956584303135 0.488006569497277 0.458417407285166 0.51186365658634 0.502733050974952 0.463863711400422 0.570529503406977 0.380127166632682 0.375343293471714 0.590085422569302 0.493373945385293 0.483545184435738 0.473605325533039 0.504774657283174 0.50751235423431 0.457519285823822 0.472754121014704 0.417312965646149 0.595418867554706 0.557417193337344 0.425361563848717 0.559605241414434 0.408674298411067 0.530239842211846 0.467952967561523 0.410594255893261 0.483335554621307 0.552498435686573 0.528985553854364 0.434453688356491 0.502428638425318 0.603399533837066 0.54396670149535 0.59691336614329 0.477213354732177 0.500023163124568 0.462937604310652 0.620352564936586 0.613735428215817 0.585793077848519 0.680060080598965 0.69930670750237 0.659973664758195 0.650725762519716 0.675700962938987 0.561336907843694 0.517978838831809 0.438312188857543 0.539650781705843 0.507817709889461 0.500417110945758 0.464742365200152 0.523809268518562 0.524425161868102 0.560809216444947 0.548413296265041 0.589374382371038 0.447307834661607
"bhagavatapurana_skandha-11_u" 0.585773244119538 0.361749488833411 0.338401404698038 0.388727521430044 0.355007091151828 0.412983459545188 0.279367707889565 0.28723889537769 0.363543547511697 0.428779880049537 0.539934528031378 0.328049940419047 0 0.416131906212189 0.495153336367006 0.606973047509092 0.458329484582733 0.544097316925812 0.497918608390795 0.492215676478875 0.48356348249144 0.438111234863733 0.512078559191768 0.570464206096129 0.427065517295388 0.533944063461255 0.522651330628567 0.522024405314518 0.603166177301507 0.634949592393489 0.502010125251943 0.510804245503117 0.576455035422528 0.620247578183714 0.676848536397016 0.611485285796456 0.62032713468757 0.649157919100328 0.621380558428128 0.619423623727134 0.463060321217661 0.452259802626105 0.542490986495151 0.561954836070928 0.498792840303176 0.632463477119148 0.476279561977494 0.475258105660111 0.433778886675379 0.442248466175549 0.566182896949895 0.526581614207652 0.554259202001341 0.556893408904353 0.602206919178617 0.491091186796694 0.465042076592461 0.534395391789671 0.430839716129844 0.458170502019881 0.532125469230097 0.541962968299865 0.477783255231137 0.544972510012204 0.611992953953401 0.598713359675141 0.5466339785937 0.468743576201284 0.55177460186097 0.489247657831695 0.4760871474792 0.535354846903143 0.494101651119506 0.391851830222636 0.59812993893269 0.452388729834606 0.416831702496689 0.589097534093823 0.538182276437465 0.471066950029486 0.494405271681735 0.498900836502773 0.487158170280891 0.529410892447574 0.520501977963707 0.416549063872833 0.557655780741963 0.562762220238749 0.472418216601593 0.565165231753721 0.479363339295577 0.522231192808721 0.51741391914997 0.447212824600322 0.502519782758629 0.543831693000009 0.57925637433761 0.436902826012175 0.529560503368427 0.553514416093749 0.547004660118007 0.567467128934447 0.529053934531798 0.538755330662563 0.530011119968102 0.596542278996846 0.606407085031486 0.599687829988731 0.673287822290647 0.682725952333795 0.672308885192419 0.627952927532523 0.705564464400257 0.547008527540111 0.529174693141123 0.452735828195261 0.548649137726933 0.46137321753934 0.538187371758594 0.488384883150977 0.552932416423583 0.48921038759112 0.58143370040347 0.566449705326012 0.615850594628347 0.46321990338603
"bhagavatapurana_skandha-12_u" 0.504972987979006 0.342989794826806 0.4160991418398 0.393049166295326 0.381743676620519 0.363290204324576 0.362000173895507 0.38249617493079 0.382672894731429 0.325840952929224 0.52586590799442 0.344909495028496 0.416131906212189 0 0.409819816209454 0.537927222221995 0.35246337301938 0.449891314226845 0.379373666082598 0.448823628099947 0.436874407526893 0.417397858856675 0.46049562995179 0.49255695644602 0.415359604283377 0.537228793501773 0.470316232405135 0.472570156475397 0.513300891186817 0.542731309820469 0.439297131197239 0.430258921129081 0.532561981651578 0.538884643234092 0.617278586686685 0.516552243564406 0.519967947822895 0.570840428137902 0.52275426484899 0.55601395743813 0.385308306161629 0.425676273650788 0.482344843883675 0.499259522980949 0.468341595020063 0.519286842449278 0.481106333912233 0.452363307692062 0.463935813951619 0.471497474852817 0.494689994396724 0.474915396233377 0.48011757497893 0.479671855352852 0.511478310814587 0.474065459705162 0.446275877942834 0.517022709635544 0.449724101102205 0.469648197173811 0.517399285831413 0.540560102296207 0.475310942818458 0.523796639551895 0.522515241331116 0.571242246687098 0.551622477115538 0.427333566792813 0.483871994326215 0.490174848178542 0.435049204748153 0.429583752582082 0.406600002602477 0.468965618986291 0.54830797243676 0.380256877287491 0.366577200513753 0.551316401025467 0.493048977511615 0.507160768899891 0.494928210070055 0.523878875348384 0.520785801460483 0.48775808410293 0.492117377527478 0.361552553337601 0.543036828447446 0.508515280550311 0.428404355621351 0.546209505509352 0.429588398673592 0.461817543639639 0.497097725120927 0.363701952182584 0.414200655062554 0.462004757979917 0.525670359078439 0.412262257562044 0.463150171073971 0.549737302307765 0.53341882322567 0.492364109590268 0.483703965756051 0.457748030672211 0.445392177691725 0.548687194383863 0.521843245010821 0.544652257857112 0.62553162170023 0.645742386486427 0.627464977900058 0.608044061012379 0.606316890394576 0.468573073504797 0.480087365570209 0.440797203509812 0.463274624665122 0.45277531628521 0.441149929912812 0.477863380549813 0.451369415953208 0.434033604409311 0.4944447568966 0.592188539664301 0.574180837384015 0.409690423880015
"bhavisyapurana" 0.369748209093758 0.465681153434463 0.499786042380918 0.472746964857285 0.477199610425405 0.439154913945053 0.470239583245687 0.515673974805095 0.458620095672773 0.444937575316831 0.564338337404868 0.451742326218828 0.495153336367006 0.409819816209454 0 0.405787020547235 0.265637027131943 0.356105677688944 0.2330211737978 0.265713218410712 0.388982207985068 0.240858048289442 0.292453607929108 0.340638355502791 0.23957673483401 0.382199615616922 0.308606392977056 0.372156121275238 0.457470868364389 0.446337351459133 0.326912392467336 0.27552949124219 0.530134699783358 0.360577136928052 0.488250488724058 0.338687344579227 0.404007017819711 0.440460713911341 0.382903163364517 0.393247018895706 0.382997326083052 0.348448795770167 0.294122583178132 0.323181175292774 0.353677984867604 0.421822811476036 0.377803797866176 0.369794871498843 0.394997576408394 0.384102904980229 0.411598029137007 0.319319518661825 0.398308078539467 0.40281998266857 0.402584151855227 0.366077772666285 0.390145892471709 0.410285260733503 0.36073313857471 0.338560498570282 0.368455235047842 0.424292127169284 0.365016566810015 0.434331487758995 0.47528646807302 0.51485841279913 0.460287289362779 0.304352862360757 0.367089027833943 0.393308189671124 0.317674257522144 0.282173665784901 0.328884720855847 0.398961568630247 0.350130932339256 0.288020058617839 0.327462003387148 0.589648184015978 0.383344407109444 0.401327027383568 0.431977969291895 0.399921965206637 0.448693614529937 0.395617126032947 0.402679539465695 0.268416630674154 0.473698850978528 0.446857531995362 0.332995099014538 0.414543979577355 0.327245087575717 0.318749808171193 0.461482697456817 0.244719279711315 0.301219907473214 0.337510338113138 0.421205010131217 0.380990655259856 0.281730697919947 0.428364999333269 0.423715369167901 0.433809924639664 0.375192394830336 0.35623366102962 0.341250330387609 0.486739636125188 0.399712906267018 0.418355061417804 0.51798374830191 0.565424429851288 0.480722625532694 0.437690554857429 0.519429485741826 0.415204660251137 0.347158968547457 0.284813162717877 0.288677504443883 0.380991357247205 0.398388898031645 0.446098710456903 0.431214976464158 0.335040501433267 0.438066044292886 0.590031601926928 0.493001535811528 0.343627076203728
"brahmandapurana_khanda-1_u" 0.508787882129439 0.600385896389024 0.631271877831204 0.617601019875462 0.636217411409417 0.576358416287974 0.561994567281086 0.612521367880649 0.575913887694216 0.603900245963191 0.653758520205361 0.597448473988602 0.606973047509092 0.537927222221995 0.405787020547235 0 0.481242268130287 0.523495854186392 0.45683567522467 0.444909428584623 0.50462962962963 0.478367419698924 0.511772093838047 0.453434609993332 0.427506438319108 0.40987462063807 0.471012140287124 0.525059297301534 0.453889353452131 0.545950779086915 0.494541062203079 0.452911931065973 0.620724159363393 0.380885748323672 0.361873009585713 0.409567625100129 0.402809030284532 0.386014561588509 0.361467641411595 0.411504275993835 0.558541062318078 0.478504129000354 0.328227713782242 0.435072415852196 0.461625570274169 0.541504802873949 0.4782638042781 0.495073445730239 0.535711853843054 0.48444363054401 0.533870211441802 0.475709728177765 0.559065111392756 0.557129244128805 0.512652574400124 0.489899186932997 0.52117518341669 0.483073054895935 0.456918146111866 0.419634004213799 0.459621265470906 0.425950416171219 0.463230562411174 0.456593173468688 0.516941170662909 0.540584598254394 0.528605801363454 0.465435439511578 0.493159592273522 0.520142011254223 0.470990335052347 0.354419628311034 0.51519475044291 0.584462799441711 0.43828569106873 0.506263098795186 0.528929879395576 0.663682749165522 0.546616773401984 0.555077878697204 0.586750638322107 0.552575728559635 0.601663657157629 0.560183399506366 0.551813480802229 0.47320915616414 0.610358242736357 0.585121619765929 0.519167470737331 0.496546485806606 0.510126903363092 0.456544513266208 0.563468244747126 0.456046319670158 0.487978544306707 0.466408871385032 0.518490903391024 0.567087084852473 0.386305159235038 0.523490480031592 0.426301031246943 0.520916777660218 0.475721545849868 0.496604047965289 0.528355362072907 0.434458073716572 0.40284813970604 0.387495208500982 0.553596898983915 0.406459018322558 0.371090977373452 0.37583575602651 0.491849179185424 0.513837784943363 0.534521116808968 0.443361227865161 0.36381704260343 0.533203633879259 0.507328144035055 0.556693638833724 0.49816329664864 0.483672499566586 0.526605651791478 0.648684751456378 0.546086534038341 0.483957181343999
"brahmandapurana_khanda-2_u" 0.494891201100318 0.398859248369018 0.479101296260066 0.4338288274265 0.43100778772245 0.431343509273129 0.394259361240833 0.463847749622692 0.361675199387577 0.374196955315764 0.546909678648309 0.3661842807764 0.458329484582733 0.35246337301938 0.265637027131943 0.481242268130287 0 0.365671230388001 0.229205450478309 0.278441036012053 0.368883042728971 0.279223063567856 0.383456472863737 0.449727442774974 0.357300082207944 0.449166365002995 0.327555415358458 0.313997358255338 0.46860285940367 0.463044815669017 0.278315021114726 0.332408431865379 0.549958624065016 0.407946386903796 0.545467283905494 0.398686014703879 0.461529494841468 0.509288415689128 0.445629532322938 0.401032532366322 0.319634353567554 0.362116525949379 0.377942308218605 0.422661925480286 0.290639626470728 0.432773810940678 0.350413526083244 0.293732891462192 0.342699930172331 0.369394176263869 0.397918009567934 0.352031482453369 0.370030865179485 0.379837240319043 0.395312330468805 0.327643200936486 0.372478015319847 0.434816086476559 0.35497556381491 0.356772607469219 0.450409817493895 0.482302797067551 0.321737147529404 0.404729787046852 0.447039099039487 0.488956938300421 0.470013405001332 0.315365446882039 0.371719467193227 0.354487836524259 0.300925101317448 0.359643741685929 0.374508138809431 0.398950032344364 0.412187133634583 0.198517465619203 0.254763300774741 0.584732173857858 0.332063096446216 0.362881209840454 0.359285435035192 0.386244226194277 0.415616130570519 0.366031989398931 0.335695874273057 0.285054070668342 0.528041189910608 0.532031736097719 0.335885254063812 0.454435711420655 0.266984584799081 0.371054979454992 0.384305662391725 0.237730619599788 0.362861757597011 0.424672531991938 0.462027747716477 0.381737932560407 0.335930884603666 0.469372193908201 0.396318852297251 0.478762065974762 0.353716830607007 0.334715305916833 0.278864449886261 0.53967248176464 0.488426461804037 0.425247170416902 0.572255002085125 0.591134782579641 0.528313734409291 0.522049115542844 0.54056137544982 0.457762528170976 0.414982107109098 0.278033736629467 0.365467465362374 0.403276913136706 0.366720523244849 0.400955753948459 0.407365892742221 0.426884193891656 0.450610803094624 0.568868593976479 0.522904497245535 0.355251821177669
"brahmandapurana_khanda-3_u" 0.41706269759946 0.52456316108013 0.537749657650519 0.528861711013331 0.537157469641835 0.478729112064601 0.527959703818685 0.557869422953512 0.525231273888215 0.509598503933431 0.535510181466045 0.50969589751955 0.544097316925812 0.449891314226845 0.356105677688944 0.523495854186392 0.365671230388001 0 0.188169046077064 0.415276861801135 0.399470312352578 0.376516913889476 0.318333043085619 0.379505290727046 0.399992719520259 0.447506082774442 0.388536932220012 0.420375631147305 0.507921435576312 0.483158384984487 0.442193685319449 0.373583384380961 0.46063136651172 0.474952111152364 0.57253493666285 0.435707472076699 0.499242200523284 0.55290084469902 0.483634940635464 0.511426566702111 0.406054866661058 0.411808732703577 0.427525830410032 0.376080453798474 0.457047984311948 0.473807793562247 0.483224009510924 0.471318058584266 0.484938358203863 0.493015465699282 0.484283833713924 0.498343929493981 0.480935709839117 0.481058649389898 0.479213387559166 0.466766887999453 0.479035300966012 0.498108779814387 0.490613984693878 0.481643605836986 0.470209823696754 0.558059269696553 0.493757165219875 0.535893010898318 0.532834324000008 0.588544673761355 0.542457660877195 0.445068152307068 0.427850209345358 0.496213741677698 0.450389092881279 0.421020445211315 0.31430056589035 0.50545318766078 0.472094455005146 0.417517625903817 0.379022665932721 0.549665034643166 0.449849325597696 0.478988568397673 0.465479784672812 0.488897923348916 0.484708953847442 0.469002382298401 0.464448407714722 0.376839704872068 0.504898782846213 0.490875763319541 0.428227591272539 0.518693591365276 0.404416521195412 0.390637370459011 0.514174270261877 0.346369552949692 0.356506891373228 0.394868737334935 0.500108545193166 0.417355954920959 0.445320054226171 0.422010512314301 0.516121300058546 0.443639373353426 0.465252148932323 0.479142337318866 0.373163552830968 0.548345198501159 0.536322948630532 0.514583721826693 0.510181416688744 0.596820033162212 0.567623580195942 0.566095060769559 0.593177788953065 0.407153872453969 0.419551641316651 0.419716312006257 0.384234440120442 0.440328065976324 0.450036848755992 0.511968434363353 0.469512337075593 0.461531972673877 0.495114924715444 0.62926738755631 0.563940224006605 0.436700475208424
"brahmandapurana" 0.405363429555855 0.456340598613613 0.494347836983964 0.474782182878734 0.475077550568016 0.428094977434986 0.453099067006871 0.509191265630359 0.441946400194233 0.441125083526783 0.535375675974421 0.432992929044823 0.497918608390795 0.379373666082598 0.2330211737978 0.45683567522467 0.229205450478309 0.188169046077064 0 0.320497956156013 0.372698188384294 0.287830041815719 0.29786711774358 0.367230161918164 0.323290052034669 0.413949966862304 0.314438004305368 0.347397777505029 0.457710696413375 0.440637473819091 0.336895494856161 0.293118439156079 0.484726335998602 0.406524345820111 0.524012015609172 0.376793377810614 0.44594789646337 0.506304468671983 0.427324045057712 0.430122051433843 0.323996358144503 0.353324595998825 0.355003130764836 0.358091021079651 0.360143996064837 0.438604253429404 0.403798725275868 0.381591248262149 0.401353872663237 0.411964356143759 0.410096380657767 0.398537546762709 0.409358791437722 0.411677167774562 0.412598315139902 0.379531626781355 0.393940008728731 0.433389571610588 0.405848992950484 0.398242050105651 0.433621288316495 0.491887345519269 0.395653709019525 0.457513734256767 0.465663351354035 0.52370727101852 0.483850038895146 0.35086405129179 0.356571531365289 0.414047637127163 0.358052050257769 0.34326935934328 0.300867042958221 0.432281995927935 0.397414355292352 0.299937071067449 0.283254061180944 0.564530822260183 0.384547465461703 0.41470952710837 0.419535855132574 0.426816738790065 0.445716311494317 0.40765079370294 0.39801982141532 0.284351651006627 0.493801924282119 0.48757434604922 0.33495155459038 0.458920528640343 0.318989277982358 0.338457948157199 0.446779615293482 0.247687245860077 0.311812442277268 0.371469133626546 0.451117137943997 0.36792291691022 0.353844795253586 0.427667742327658 0.451102232233867 0.439051948113851 0.382596665854967 0.393563726382427 0.296554707094254 0.511406337609498 0.482914411020768 0.439559717561716 0.516035856421614 0.572749747349367 0.5204464158758 0.519508306145974 0.55200373573113 0.397918800257307 0.382026981925624 0.319806510358861 0.320517793813767 0.388326684825475 0.383183739287557 0.450197038241866 0.428037756616325 0.401252272774217 0.439300759413511 0.589373712768828 0.517010939719172 0.362272036248373
"brahmapurana_pu" 0.456626303234666 0.448442947971118 0.523506912118119 0.493607712934567 0.474471497128275 0.519200614825579 0.440719329128933 0.510402923611799 0.432947438708865 0.464165306048847 0.557536453060997 0.46363214732376 0.492215676478875 0.448823628099947 0.265713218410712 0.444909428584623 0.278441036012053 0.415276861801135 0.320497956156013 0 0.386294419703841 0.201616832692437 0.37358435443797 0.452436636582807 0.299825410145398 0.425207413164412 0.264422515701121 0.365950118540697 0.475307633413234 0.470772990282046 0.278281655229883 0.25885002589269 0.540268041806499 0.370640327323473 0.508026054190054 0.33634302160059 0.422241780272524 0.471879114253531 0.384284773557041 0.394434510516984 0.410899445892685 0.375380309355007 0.341627393194949 0.377609280171274 0.236425142291731 0.439651308107626 0.288943504565196 0.250341020779861 0.322544621944399 0.317094084891835 0.387385397746815 0.315104926267378 0.380809409989673 0.38517874787604 0.371294143716243 0.277536506233139 0.33134743314379 0.39824379193753 0.286705280565912 0.26179354944376 0.360977148519453 0.396915139606666 0.261816354939184 0.347511574278464 0.401293432391915 0.429672351804219 0.395217945585847 0.212553704108133 0.329823867952654 0.286339103215615 0.217727420464797 0.303056673829749 0.413782225260228 0.396114664731959 0.337545164278669 0.273259227177978 0.309652711964368 0.633532053136969 0.340600144007096 0.324737103896915 0.381958252612421 0.355178268997448 0.389420217214049 0.35924027141343 0.334896260912661 0.302878406515538 0.517443747364827 0.493519822421653 0.359508107584601 0.375410420696399 0.302366853402451 0.350299863276815 0.45513238993249 0.29461469835814 0.335778816453682 0.425241223389176 0.42248136432194 0.39967266721086 0.265054028436201 0.458286891937727 0.334269902335 0.466089186056169 0.321669590870471 0.293184134376533 0.307671293003414 0.492287353338127 0.418513591799304 0.371848506735614 0.537080387227789 0.549653233364574 0.506395463222431 0.465418623066896 0.507688033040882 0.40238585073794 0.357066493336093 0.28715566160794 0.316692904602214 0.326021821421168 0.397963924929245 0.391544877353387 0.427456627733559 0.369991312279476 0.462294382212949 0.561516546755027 0.511094806141379 0.324390778827476
"devibhagavatapurana_devigita_adhyaya-31-40" 0.490938258091953 0.514017931413761 0.489438881773148 0.535050613527198 0.503570695053195 0.491328648448469 0.498910677757485 0.510986682034384 0.49416693869441 0.492911734082817 0.52297096974026 0.514914898772839 0.48356348249144 0.436874407526893 0.388982207985068 0.50462962962963 0.368883042728971 0.399470312352578 0.372698188384294 0.386294419703841 0 0.359815950622424 0.425273487155809 0.47306611041997 0.417208259848817 0.412095288846329 0.432755692247618 0.413755779170552 0.554869780702609 0.602317529128062 0.460853177373252 0.356209317014834 0.486419818753615 0.482638741627621 0.575708881236893 0.448387858949046 0.47773307746588 0.540797037923382 0.450249388859722 0.503159942107914 0.444995365203436 0.340477395923179 0.438770982091528 0.416130666233406 0.43797390786928 0.56265980509479 0.467281779183716 0.455581640308271 0.474411002250795 0.45893798986805 0.520304038112508 0.504682941332083 0.52241285955089 0.532101177296711 0.533036679199577 0.449852029006256 0.479484811196027 0.460214155776063 0.446153593650656 0.445762142660108 0.439258208431347 0.476537975851809 0.44739628184937 0.489729959303956 0.541762172542968 0.54700521483305 0.526815463333621 0.386137555915537 0.464636392807658 0.449755687814418 0.395522139516519 0.44207247388345 0.397850472725971 0.393140901016836 0.48684991823119 0.390442333058702 0.410564302690794 0.538715914717405 0.487022420993665 0.448909192973954 0.451522367610013 0.483629778387113 0.487634572299104 0.505183598055791 0.462134282050592 0.363596525627745 0.520341845880184 0.509181360311681 0.396004392192698 0.475110480844328 0.404591395484524 0.364088630237101 0.507916742662627 0.373331625674582 0.379245514438261 0.36148103449744 0.517995489814202 0.401147734764062 0.435625948645281 0.362911803433056 0.493473695489689 0.420163337176911 0.478780176568384 0.469908351399908 0.433580799890771 0.57886041860662 0.487423305811242 0.497714678503033 0.601743045761582 0.624354484477949 0.601860666749649 0.557664189639883 0.582451663190738 0.48748781753452 0.46673383533357 0.425321423234773 0.46019468832811 0.401294939152413 0.480910877938025 0.473125128217959 0.496544258121088 0.464977591825463 0.478525568771277 0.604850454581858 0.5968216387582 0.431254951152079
"devibhagavatapurana" 0.43221971902321 0.420176259578987 0.474673506762516 0.468354222366375 0.448350122112869 0.493924352390775 0.4376070462163 0.4702633110701 0.425568477517837 0.451219917490858 0.552992747624013 0.42974495811535 0.438111234863733 0.417397858856675 0.240858048289442 0.478367419698924 0.279223063567856 0.376516913889476 0.287830041815719 0.201616832692437 0.359815950622424 0 0.352856279911501 0.434761810325165 0.298654102538122 0.408236852813582 0.281440961410757 0.364020496559053 0.471246982025626 0.461269837411948 0.29272710606073 0.284824920771297 0.531799054311744 0.410090964929885 0.537744330922185 0.380931067840901 0.456705304432779 0.511480958372393 0.449850812915135 0.422805381052956 0.375558133180965 0.364145861726637 0.331628379458556 0.359633381828407 0.280442914324111 0.439697616208886 0.304584380432136 0.272050866907502 0.304104547625153 0.319471053431064 0.401842094737417 0.323380839201781 0.394998292403845 0.398712230481315 0.390012967318559 0.321674138047461 0.312058797305464 0.414352193962641 0.298148291572258 0.29817397542416 0.380243362466152 0.430714724924955 0.293414056022889 0.375805356987038 0.446573319199052 0.4533777029315 0.412705040587351 0.241500329216087 0.347445392953031 0.329742408500705 0.24631152183503 0.343210379887634 0.372944007189888 0.355489241178154 0.382436999830418 0.27487778092941 0.27360582748798 0.609899624515239 0.334073648648087 0.332192014541876 0.402129701732167 0.370130107168553 0.391934973224038 0.370528643037969 0.367598008290172 0.289207686170717 0.497054452193334 0.469096614351845 0.379560541173336 0.414857415528751 0.283264144336039 0.369878011945254 0.443018403576323 0.293999227245546 0.335118450420695 0.407155693330037 0.413651133990444 0.394427297771509 0.290321604907599 0.46060644743032 0.369718142695365 0.474401540023749 0.353656817928773 0.346106133191815 0.327883820970332 0.500807098479542 0.45453092360181 0.424780167009727 0.544666415755524 0.569066638152427 0.533524963881894 0.489241810427373 0.537720820126065 0.424410396930187 0.339449316436855 0.320945636147066 0.358947328513192 0.345672485953329 0.409219789921226 0.430318372564056 0.442322741930085 0.369463992424234 0.466472352235216 0.572295362732156 0.530551494948116 0.348225384673751
"devipurana" 0.345178242446788 0.505608855499815 0.524916197106153 0.497504648185556 0.494054608243946 0.504383428492367 0.533158244489412 0.559726064486714 0.514883662828139 0.553445912959597 0.557050584751769 0.513459474284602 0.512078559191768 0.46049562995179 0.292453607929108 0.511772093838047 0.383456472863737 0.318333043085619 0.29786711774358 0.37358435443797 0.425273487155809 0.352856279911501 0 0.402470482654423 0.334210269211046 0.466409033519211 0.357708835920533 0.420778986529319 0.507462619777762 0.479953566588009 0.406250996083302 0.303191109361326 0.502639100329028 0.460312715717436 0.554809609386866 0.422816491027319 0.483154601736936 0.540704127492452 0.482201378370629 0.46600380053038 0.442256338310137 0.41243485404998 0.348529792205771 0.347817482649985 0.451754280737029 0.473703501696823 0.455518655965861 0.445872736564049 0.430641238052544 0.460316428375902 0.46838284341248 0.443637118572135 0.445236284525931 0.453744576463547 0.472181012016349 0.441552909618313 0.446458838688057 0.476993358258598 0.448890568392569 0.4230843097439 0.393510930854779 0.484648368001503 0.471329300987422 0.511943902021541 0.540790723960434 0.57956720106657 0.53017297991134 0.427333283557308 0.437391537149414 0.45599466488969 0.4241695632887 0.343784667710531 0.299429855175175 0.409616441712945 0.427272115198753 0.391166111343513 0.371416958710097 0.595676888103682 0.436074340783268 0.433623941932908 0.423112709407257 0.454425453584093 0.453241173275777 0.422526017513141 0.434296064632272 0.379249544445675 0.433217290656863 0.420022205655823 0.383554006573767 0.452190554867367 0.419558117974158 0.369874667768443 0.55817967294075 0.347701333508135 0.366151311346221 0.364358233461647 0.493194863614552 0.42045741826073 0.383448150054378 0.427205334114176 0.484374143844853 0.442225064115059 0.429690130445346 0.430051096590444 0.350904304671011 0.528799407731496 0.450423219301541 0.495316702586013 0.50594222501933 0.599028008672085 0.55474317433045 0.496290112745104 0.590233961334102 0.408189324887232 0.401051804595834 0.384229078445816 0.348733670973734 0.388779952961081 0.460082066120186 0.493196459016348 0.456313022200264 0.403377466710912 0.543927182055348 0.633585067515812 0.562045971456353 0.452518822526721
"garudapurana_khanda-1_u" 0.258193409081599 0.565664926752702 0.564592467815715 0.560664107281496 0.580300344366489 0.525042642572289 0.563716193902971 0.595086829616009 0.569458281944909 0.554812459910554 0.611770325403718 0.556196477471102 0.570464206096129 0.49255695644602 0.340638355502791 0.453434609993332 0.449727442774974 0.379505290727046 0.367230161918164 0.452436636582807 0.47306611041997 0.434761810325165 0.402470482654423 0 0.376924448605397 0.439709594904252 0.424809741884144 0.500970992013989 0.4783387728841 0.49910632359655 0.496632503274847 0.457065980496179 0.556864636743424 0.476075569076553 0.551890933071433 0.415940699126783 0.456561487438314 0.499924143414696 0.480623253544439 0.490832560700993 0.496660551796959 0.440439163824391 0.386788360541617 0.331467523210048 0.511694768081391 0.521140403630511 0.495689188792234 0.526553526138339 0.550502896383813 0.496631882874712 0.495304590739446 0.478486620861929 0.52668473056597 0.51414591262568 0.505387965640549 0.501938370040825 0.520703061079287 0.475329876758847 0.472161781562656 0.473137437151938 0.448425332122647 0.501604640486083 0.500414005564594 0.535050314892561 0.556484870802336 0.591257844532954 0.543775046497805 0.478272520383231 0.486675608301801 0.55509530894662 0.498037267535712 0.370623887814737 0.328974700749638 0.540774788970391 0.45997354792228 0.507113598239975 0.498969656264364 0.584821699667096 0.530861143390367 0.536347537464481 0.558893600240514 0.52275714077004 0.566397964312646 0.532004375065302 0.565943941765175 0.434435951434319 0.497352082552776 0.48210958140135 0.495005556076312 0.553337091940567 0.516627580353608 0.421271486450847 0.5958006402239 0.417704200065355 0.380019948435495 0.363391797350894 0.460102476482673 0.506533729944347 0.4174082611753 0.472092469464551 0.498243069302109 0.466475024715969 0.489908291162327 0.509686667036086 0.484798015091068 0.494767248074148 0.469465146391976 0.511891444784962 0.510854149259365 0.577433015031012 0.553760483537611 0.511775900370472 0.601285721887066 0.46386634512859 0.446675095580232 0.454325694967975 0.400497108591051 0.469925767838867 0.479096510539008 0.562625000478212 0.539669550184696 0.412349166163711 0.477559811301449 0.649186931949356 0.571210860679091 0.46274554186001
"garudapurana_khanda-2_u" 0.413454378474304 0.451686559037142 0.481182995370027 0.499421849388246 0.48496527700914 0.481573304374763 0.424189013868757 0.478927188946923 0.458884020581231 0.463472096544723 0.541391276499776 0.459411254634959 0.427065517295388 0.415359604283377 0.23957673483401 0.427506438319108 0.357300082207944 0.399992719520259 0.323290052034669 0.299825410145398 0.417208259848817 0.298654102538122 0.334210269211046 0.376924448605397 0 0.385123310821567 0.362227516133957 0.457703565797792 0.507586520972013 0.503357953414991 0.383365925178289 0.337450492671957 0.481178128016039 0.422277017776719 0.519211613314409 0.406289050764674 0.443982428517706 0.473459752022239 0.427109621370945 0.458323843989345 0.443914586136778 0.335598083185395 0.342707842730655 0.353139985557893 0.370206452984383 0.492732090612885 0.384552758064277 0.376713172764258 0.383507610390173 0.371156042447346 0.459682352144692 0.398499709832448 0.442817573218987 0.451249167382137 0.462299888883807 0.36798638811241 0.376155533203904 0.426447375683948 0.340235570454285 0.317874883747928 0.31522292575298 0.369040576369906 0.372705034099903 0.440137666218091 0.509442099837461 0.504671264210516 0.438892994900135 0.319517158322864 0.422160019836704 0.414398002055474 0.345775536282083 0.341747029953458 0.349671814565536 0.369462467502768 0.422898857994726 0.361298844395905 0.373273786518708 0.620872709884692 0.411958821759738 0.392359671474035 0.440426885501849 0.418520250029238 0.449506320394346 0.443544736357708 0.435747590651623 0.308317100749708 0.47303917370817 0.430117393329429 0.403082399646303 0.423108105560199 0.395908234202787 0.356624580661992 0.522380872034983 0.298328081214007 0.320355728385152 0.358642346440086 0.455769652954202 0.38985583899012 0.33730242451759 0.415267010208346 0.461033515286673 0.426252098952137 0.418601295531537 0.396707062470949 0.393823689879649 0.466351901880514 0.401348031003596 0.444314794861418 0.550482680894884 0.577576917393764 0.508430932108491 0.445496676397568 0.561523808368398 0.409542195256481 0.382474542195463 0.285966009438316 0.332312857081106 0.355607847787802 0.429212778484418 0.442367183373714 0.431435245963277 0.320510034780195 0.481092823596487 0.575290260533963 0.505215920697912 0.33368270940724
"garudapurana_khanda-3_u" 0.501449482765902 0.576777512101829 0.586008494992461 0.58446928191629 0.574215515215217 0.557425904476663 0.544790663683948 0.561101108180973 0.571807631073618 0.566277518842979 0.594432543030425 0.56622312631863 0.533944063461255 0.537228793501773 0.382199615616922 0.40987462063807 0.449166365002995 0.447506082774442 0.413949966862304 0.425207413164412 0.412095288846329 0.408236852813582 0.466409033519211 0.439709594904252 0.385123310821567 0 0.449278966700634 0.513206747700477 0.492061644538148 0.559096305538666 0.47792658679607 0.429868893122592 0.522950696715932 0.40469148388261 0.464696763450435 0.415485845988658 0.421692819864146 0.420579072910801 0.388464771511869 0.446615451264486 0.527007253546345 0.429447636234898 0.342923044611408 0.392878968328422 0.472474629110016 0.576307113815195 0.454567210445684 0.486549004357807 0.504687552173847 0.449983549745213 0.505262541125936 0.474429142208811 0.538683481477695 0.526114962286935 0.494917921096237 0.468112672475172 0.477143071367741 0.458853884286045 0.418467281658072 0.393578059576401 0.403758801953245 0.429548574546114 0.454170342575969 0.474261723828059 0.542659845644911 0.530008109168555 0.494148569248343 0.419508208086123 0.490787982202234 0.51688552135891 0.446128615729206 0.43090828479151 0.482210337469311 0.440933062305697 0.452038632625111 0.459540777148453 0.492603255609404 0.625713961836593 0.523447119308962 0.489500806167948 0.542569525684368 0.505248491931843 0.544727041750253 0.543028960144074 0.501406777377017 0.428042097763335 0.561649319541252 0.555098346670215 0.508506376344191 0.49594112359409 0.440282119574216 0.420036976230774 0.543581753292962 0.423409540765394 0.414146090813591 0.419709280842624 0.482077800881631 0.505041631639793 0.411021714602772 0.40916262293026 0.441300892709976 0.491840715995632 0.457101728507153 0.514717358208689 0.467948843212285 0.486561812034387 0.425091420595167 0.468564292041915 0.512948881967017 0.503908109350185 0.476968655649539 0.413303404457054 0.53233300156577 0.455924257376425 0.458947663805781 0.456348794866268 0.362954252568808 0.456199178239875 0.543876481968789 0.541234353324417 0.522321300202158 0.441436712974813 0.493593108434735 0.638763708503874 0.624257538520326 0.467480052436254
"harivamsa_appendix-29-30_mathura" 0.429313465221197 0.48060315893221 0.557849832966554 0.489391816659822 0.492154734620603 0.53978904064304 0.497337225159743 0.54818120791114 0.482160586534451 0.503890773921728 0.588750116911647 0.485391213140046 0.522651330628567 0.470316232405135 0.308606392977056 0.471012140287124 0.327555415358458 0.388536932220012 0.314438004305368 0.264422515701121 0.432755692247618 0.281440961410757 0.357708835920533 0.424809741884144 0.362227516133957 0.449278966700634 0 0.330613771288779 0.399678834972516 0.416656117126691 0.256633589767654 0.315764098307863 0.567478260869565 0.335873978207396 0.498997215489084 0.321058160236034 0.413293563646994 0.466500851428145 0.427213045826001 0.347287239049698 0.401808068348924 0.38951571398631 0.337065067160771 0.373386086319403 0.281815429294205 0.35906638933029 0.287838777415339 0.269596147011808 0.320967866017658 0.296982398211369 0.324665322277773 0.331005218111601 0.328775037145835 0.309822840335312 0.321700808193131 0.275048513785419 0.310861881298705 0.37324596800661 0.30319557233334 0.292193416401233 0.370505932383724 0.437631644693126 0.287247772147581 0.338511425182727 0.382157015529128 0.460098301064298 0.379053968653907 0.329926105274365 0.393805241592678 0.394126811964717 0.33952504806364 0.31722525182482 0.410339303155372 0.434935368731872 0.373608827900849 0.340605092522502 0.375131013811329 0.626845317446926 0.293392049750747 0.298170819963197 0.33889531526425 0.31033904467079 0.35597093934613 0.307316329372513 0.338447724531079 0.36997850468737 0.518399360733858 0.497564655222282 0.400409633832783 0.457356793416504 0.350103238012561 0.383447902857908 0.481947203670357 0.342644040056799 0.336719273369829 0.436730661083447 0.416536741316951 0.450105418263401 0.328417375898819 0.485079688459041 0.333020199466206 0.471107500056313 0.276053176731246 0.378904199584124 0.275754072266528 0.509862142960002 0.443089889542034 0.405777707481886 0.50310163711591 0.548537108537108 0.49454057073058 0.466930660129225 0.52297747911872 0.382300217001604 0.358751883605869 0.367525037397652 0.334736157899091 0.365106620229813 0.445607866826107 0.478468045385672 0.495049333528455 0.391824465464613 0.47906006992752 0.617857998630358 0.54662901747425 0.417934332603616
"harivamsa_appendix-31" 0.523739525067342 0.480376928883344 0.526083748048784 0.505664479653995 0.499580050879963 0.507247285001563 0.486356409837277 0.519571048561027 0.476621961933651 0.4936139436956 0.590748500155989 0.488832729467672 0.522024405314518 0.472570156475397 0.372156121275238 0.525059297301534 0.313997358255338 0.420375631147305 0.347397777505029 0.365950118540697 0.413755779170552 0.364020496559053 0.420778986529319 0.500970992013989 0.457703565797792 0.513206747700477 0.330613771288779 0 0.481048344795844 0.482518197869585 0.348816948583271 0.378022313692613 0.568283775186976 0.441523141865926 0.56694775907814 0.443127152053922 0.500984934931417 0.53378651911071 0.514535571625911 0.442932127169258 0.384734939949408 0.41107350146072 0.421272281012408 0.452835409078096 0.337141410002533 0.414021382111272 0.35090260903145 0.33162617697618 0.3566330065915 0.367829184073831 0.376837272604686 0.391383449733677 0.380162368304778 0.36373750303611 0.401565655910548 0.361697617098664 0.393471435863866 0.434355266148473 0.389404310413212 0.396234356350044 0.506348279512628 0.511817847242827 0.356539241144814 0.370895648533016 0.441411879528973 0.520822503389135 0.41691100561661 0.412545265614853 0.415998708063575 0.424783857950485 0.402641707493409 0.419007779505053 0.456724064303365 0.474432338692023 0.443233162779703 0.339069185847794 0.356520111338759 0.601354116430274 0.349862940629092 0.410095850287873 0.394173256907443 0.405758349875681 0.421512764399099 0.3930636811606 0.368261401336858 0.333921578510628 0.529945245763689 0.568778262858667 0.40373559612514 0.507777571868702 0.34854126837267 0.395506440691227 0.452478884648263 0.363092146753101 0.420523423569091 0.46072386288524 0.467795451087227 0.456505688806796 0.417779324328815 0.496115000920333 0.39722856587065 0.503838011706662 0.349848314765732 0.404716577100816 0.345886597722948 0.58145341610405 0.505077393610261 0.425359285674259 0.59104011292913 0.597122762480048 0.535513248934419 0.564903917069617 0.580826093224145 0.506118851332472 0.464449407798653 0.38142873521455 0.422867792763302 0.438770219639244 0.404952985269175 0.477906033104311 0.512988843187923 0.506803609209639 0.514089462281999 0.615224983879998 0.567695244782498 0.455367836193023
"harivamsa_appendix-41" 0.500789148239775 0.530008494091402 0.605746535752129 0.565020023284296 0.558114980754159 0.584455712781572 0.561413837065926 0.613707223497881 0.556638499161935 0.576928003358256 0.672893829403925 0.559404877302671 0.603166177301507 0.513300891186817 0.457470868364389 0.453889353452131 0.46860285940367 0.507921435576312 0.457710696413375 0.475307633413234 0.554869780702609 0.471246982025626 0.507462619777762 0.4783387728841 0.507586520972013 0.492061644538148 0.399678834972516 0.481048344795844 0 0.395332471502395 0.40864806635285 0.510361925326877 0.609165542665845 0.440560395970563 0.491556119993709 0.438358170389281 0.456684647901504 0.489882545940734 0.431928141701121 0.444743420336743 0.472928132188424 0.483697935223359 0.385571908095765 0.451855474623346 0.456267693763811 0.45282045578197 0.413568813597663 0.444711003307942 0.465746813544202 0.401090920685301 0.402491734253134 0.44856779580371 0.426755634457234 0.416682242649572 0.406059741755601 0.416043011494515 0.430376769590541 0.487267638467196 0.426322325147156 0.42520337591135 0.49896088115896 0.489546318892785 0.443244747176175 0.422673610078692 0.437205490597535 0.53978064058577 0.463023819966915 0.50658804647045 0.549435302955999 0.537811497996897 0.508086997903132 0.401266077642018 0.525094352341245 0.583339598741763 0.502654506336984 0.503108076700629 0.499363603054716 0.655975934585361 0.459729465808599 0.46519887351376 0.504103286115775 0.4625505085769 0.498521690316055 0.439648546297833 0.487262204524212 0.504430693168962 0.558791599935079 0.54187628600576 0.510554526570143 0.555584384571935 0.499265195013149 0.459742820953469 0.557459950714624 0.472963472843175 0.476606954243377 0.529361148102766 0.481846434074928 0.561077331473153 0.451420136466225 0.562844779935889 0.391639442974243 0.515328120187995 0.3739728232103 0.505971773187419 0.467039205132975 0.499218456364948 0.493597629024977 0.507973987037739 0.544782291207117 0.543348555734277 0.488221919212096 0.488013820910444 0.535072460712378 0.447288087613933 0.502345502222123 0.52907722355876 0.41029726161384 0.51614190861596 0.565730157677867 0.572051576479409 0.609015944436145 0.518711992780022 0.551966117364937 0.661661901811687 0.603776821357285 0.540129186677818
"harivamsa_appendix-42_pradurbhava" 0.504905065115975 0.548529265162197 0.631514450161673 0.575101952471674 0.581931959676837 0.610939393995611 0.588460420607089 0.640860839025603 0.548286932959655 0.595351474764695 0.685793726605977 0.57150949177963 0.634949592393489 0.542731309820469 0.446337351459133 0.545950779086915 0.463044815669017 0.483158384984487 0.440637473819091 0.470772990282046 0.602317529128062 0.461269837411948 0.479953566588009 0.49910632359655 0.503357953414991 0.559096305538666 0.416656117126691 0.482518197869585 0.395332471502395 0 0.370593227401928 0.500974657176389 0.666472935536247 0.469921286452385 0.560710886007514 0.470882304644984 0.500929428719404 0.550842692090837 0.51967836492849 0.475386463762723 0.502661855052156 0.554303887863923 0.464485048929492 0.492255952998623 0.450547157431511 0.402666652868336 0.437109760527032 0.428949995608439 0.440698363020522 0.43291799776117 0.335649731828261 0.411513305809105 0.363640742589159 0.359966732653967 0.37061260511081 0.414295625379434 0.404462325104279 0.523982209269749 0.480986089779484 0.46961623409766 0.536850037512307 0.571676204218682 0.45508304502866 0.502204562340804 0.498140830511308 0.568827624494642 0.464947265547267 0.508613336099808 0.465557076782596 0.537176085348153 0.50121418558983 0.437874811216699 0.526441143421823 0.602316902289304 0.478104112434807 0.497957424646237 0.489196423545978 0.700640882484139 0.425877414134165 0.476753755490854 0.496069939251526 0.434532689208517 0.469216277065996 0.393110901672652 0.458458399395249 0.524154478275923 0.588584482549361 0.577361972858485 0.519157664426487 0.530703062765648 0.486090361082089 0.479191844483551 0.555722692271393 0.461898511332356 0.508418711212161 0.564289201119494 0.481601388191156 0.582458855155323 0.441867336143734 0.611172520540219 0.493796665886193 0.577990215866931 0.396696698130094 0.47988365893801 0.46442606696105 0.572878262177329 0.557451385791827 0.47528186466051 0.435379701135351 0.601393476345381 0.522012213190478 0.570597524317529 0.576930390253227 0.505804485093714 0.529936989565836 0.51344853835006 0.41083297229591 0.537993864327339 0.556793450640334 0.576211365503058 0.564177633931765 0.49706990743887 0.584924108790745 0.684499974663489 0.600503741547798 0.538508567757159
"harivamsa" 0.5102365318891 0.41921847973644 0.531905465905534 0.456849653718595 0.44841838907013 0.505640281746087 0.454046943056313 0.522472522713734 0.429540680163287 0.463470432236784 0.601114189157063 0.436151767552211 0.502010125251943 0.439297131197239 0.326912392467336 0.494541062203079 0.278315021114726 0.442193685319449 0.336895494856161 0.278281655229883 0.460853177373252 0.29272710606073 0.406250996083302 0.496632503274847 0.383365925178289 0.47792658679607 0.256633589767654 0.348816948583271 0.40864806635285 0.370593227401928 0 0.346858536811328 0.617096104569447 0.362328345362885 0.514076966798006 0.413292680140917 0.445829654467618 0.49371618605799 0.456683917699949 0.358715061323324 0.392062157026211 0.452789814740855 0.393443567021861 0.441473953772605 0.209355630338477 0.363711575054512 0.262488037987628 0.184524804558535 0.256129923712927 0.277118045705097 0.318227807226883 0.325394393329073 0.27097279115207 0.276669947069267 0.296090702817961 0.235114296604059 0.258536507831481 0.411983994984456 0.333418163275081 0.324482167148082 0.438949547290031 0.487346479813858 0.251063702115415 0.329084472527781 0.36167567753897 0.465356319305207 0.402558650059897 0.311764556519586 0.382183624232989 0.339269053181384 0.300052616617228 0.382119177842897 0.466522561712925 0.426262313976654 0.427229867904295 0.31017114282087 0.348544164143003 0.648815541308756 0.247974244854819 0.24046535481719 0.276710438312999 0.252539038931494 0.283877711407233 0.213959385615006 0.231328982185776 0.378641982090278 0.552021145615383 0.534008246019735 0.42096113881541 0.448120324768789 0.32312232474962 0.409250749791226 0.443372649003124 0.341544059338634 0.393522792265619 0.487918739085744 0.425203780127519 0.463033619751666 0.338701274889218 0.538993874235571 0.344446869440694 0.517481059590483 0.232535989522786 0.353208744755996 0.265915719398014 0.527495554289168 0.50336217343311 0.388527633203035 0.544161156478683 0.563204697888576 0.498560908277795 0.519197462820329 0.515870557376538 0.44023219935639 0.412321748239542 0.364101533294548 0.362237061826714 0.397324051874512 0.471536471501434 0.448937452476289 0.478296550348653 0.437261556828301 0.480343382287552 0.60764652698787 0.543091893496521 0.413881824258351
"kalikapurana" 0.43168465236717 0.459573614069965 0.519398184768734 0.470242809328149 0.483758377341488 0.489419655432376 0.470655114214938 0.534667470069593 0.482178834733087 0.479307094435812 0.563437613441813 0.480704423101076 0.510804245503117 0.430258921129081 0.27552949124219 0.452911931065973 0.332408431865379 0.373583384380961 0.293118439156079 0.25885002589269 0.356209317014834 0.284824920771297 0.303191109361326 0.457065980496179 0.337450492671957 0.429868893122592 0.315764098307863 0.378022313692613 0.510361925326877 0.500974657176389 0.346858536811328 0 0.547354412663176 0.373164374188704 0.502693095018249 0.327083219897466 0.393798670250595 0.47298820472668 0.403797215856706 0.396303975527611 0.408507712078454 0.375760353354541 0.344775725220469 0.395838403817839 0.361286061543243 0.466932643166406 0.401857137936678 0.370597283176476 0.392714720841433 0.407114395248961 0.441222054209841 0.396724492870602 0.435415945368756 0.43047895732316 0.427024419520269 0.394119038419393 0.42635503690635 0.466196674566525 0.381045150078114 0.358454291516911 0.394430168988096 0.424356019390294 0.376760377116626 0.444922840775421 0.462114551954899 0.522937952791656 0.486625184350189 0.29354430495704 0.37561844242319 0.370480310707424 0.301002754418533 0.301386656042479 0.366160470760822 0.375254896059038 0.3537304957073 0.314540664621279 0.353686247816983 0.607822051371199 0.399454090435053 0.398799865579918 0.410983015060292 0.434970957561348 0.446087499083287 0.428631722291099 0.371104839299244 0.325739897625433 0.500463435043641 0.504948537663105 0.336833602983482 0.385079157044446 0.348750553767198 0.352767298371937 0.498818775511731 0.320760166733137 0.341376277240888 0.388735377159514 0.471520532742123 0.397357944069483 0.328104799790696 0.418777769665094 0.406189417464361 0.399658193159012 0.36536563350617 0.346522923821889 0.314344563796066 0.518608568049011 0.402724909154413 0.407185011612464 0.559945369958136 0.576905280639223 0.510191207553637 0.468558549294298 0.514177289383088 0.416927041519477 0.400528076630905 0.358329380695143 0.359765163278805 0.357610444953313 0.41393673799957 0.439567137917589 0.417953133636444 0.380087214947157 0.490277475583832 0.596045983634097 0.559601421550978 0.384850366250575
"karatoyamahatmya_pu" 0.60220479543006 0.590609816099926 0.577591160274686 0.613271221532091 0.606050822232882 0.565840521300237 0.588617333021749 0.598662771899841 0.586430753689484 0.61722086638194 0.580681843111732 0.590401444759609 0.576455035422528 0.532561981651578 0.530134699783358 0.620724159363393 0.549958624065016 0.46063136651172 0.484726335998602 0.540268041806499 0.486419818753615 0.531799054311744 0.502639100329028 0.556864636743424 0.481178128016039 0.522950696715932 0.567478260869565 0.568283775186976 0.609165542665845 0.666472935536247 0.617096104569447 0.547354412663176 0 0.625724770885292 0.688219567513647 0.587378633381019 0.624312897714611 0.655272749833264 0.582059929040644 0.645417479396361 0.550803487477562 0.454644252893838 0.554732416138583 0.522310657715305 0.595316092681112 0.673009398345673 0.598280743305442 0.606474154733782 0.608670572877137 0.590960098706432 0.629667571116504 0.614219400615472 0.634944678021323 0.643340344863405 0.650020272738586 0.592884978769272 0.595640022946019 0.607191393534112 0.575326094926468 0.558491258743956 0.522208439785641 0.574834053486194 0.603764368751832 0.628146922878393 0.663220191470844 0.653325362842685 0.599756849463766 0.557202056491215 0.592540686099486 0.59434648294019 0.563608722433147 0.581548758437576 0.528790375238716 0.57060121485087 0.636503175541054 0.567064768630686 0.522927040613445 0.620702767301454 0.634183252997899 0.615324972308572 0.626882771883505 0.653621030134494 0.640988272921287 0.653364690114056 0.64674482372854 0.451952611899869 0.554551379937012 0.551375303068305 0.574477770415013 0.632253163503164 0.541280586269904 0.498026015444661 0.620986692649174 0.477566607703594 0.487814012606298 0.511270224115982 0.597863631675208 0.481589012797896 0.572280955685724 0.45212251952133 0.60446490159668 0.557165644968329 0.587611441813769 0.570358634477883 0.584473812009735 0.633660205245154 0.572110333303796 0.649053545034092 0.618506160515268 0.671641791044776 0.671432132648887 0.599179477239781 0.707502513918524 0.542486252115059 0.569211439184944 0.529113924050633 0.562409911778101 0.534520958591315 0.569682766333115 0.568186746263922 0.591340122238161 0.547046302201855 0.608237661261688 0.649684755685656 0.631465779863756 0.533512624761322
"kirfel_ppl_textgruppe_I_col1" 0.497126796258129 0.557845153211176 0.630056514918163 0.57509046463391 0.561066311594542 0.583313275106148 0.561205719016287 0.620893785774665 0.554024900204299 0.515318767795596 0.647502508779047 0.572588413208038 0.620247578183714 0.538884643234092 0.360577136928052 0.380885748323672 0.407946386903796 0.474952111152364 0.406524345820111 0.370640327323473 0.482638741627621 0.410090964929885 0.460312715717436 0.476075569076553 0.422277017776719 0.40469148388261 0.335873978207396 0.441523141865926 0.440560395970563 0.469921286452385 0.362328345362885 0.373164374188704 0.625724770885292 0 0.354466061592217 0.251092951171403 0.334610663027994 0.293957729286447 0.360592218973849 0.176360655835856 0.479743174810592 0.452438930809298 0.359924196322678 0.407223324572166 0.354707419748837 0.411159745136942 0.37038775817687 0.373994587154187 0.424268839231678 0.389921712547781 0.418664241508392 0.360016308590307 0.433675171973914 0.427495892444747 0.386255312792798 0.367228374277552 0.433896309209734 0.446911151629501 0.386249166305958 0.359558373163625 0.416771112511631 0.433945635763425 0.373721468785313 0.387619327314101 0.435134157725802 0.476536709415524 0.435762736550227 0.388242587281744 0.467158773412438 0.429114725654203 0.389233472376215 0.36810852835461 0.512420617744525 0.519895592365775 0.398116511166366 0.411071450425572 0.466304754625385 0.68229694906259 0.375656343002849 0.417780018372122 0.430708991933684 0.387185477910821 0.463118363137104 0.411046617773691 0.376807880262591 0.439937236504816 0.594392804341729 0.587800679038891 0.477054286834866 0.485179186792688 0.443637537290647 0.420371749463726 0.528345275201984 0.393770841697105 0.41978152830723 0.492027930668322 0.457470196068246 0.527019754495392 0.345732796907972 0.48916285597846 0.387788335258949 0.483797354218401 0.329440756164245 0.451353737902877 0.394826882933638 0.520527887868096 0.385097898881619 0.331099506547441 0.51730370106891 0.509369552784996 0.369898353071066 0.395130455903059 0.423559654963314 0.485218414074113 0.471564923215454 0.431427603015924 0.333673365432313 0.465953661533169 0.510506522213696 0.519553841132214 0.499355705128751 0.464463827106248 0.474392656357183 0.663193563258649 0.588983495353933 0.464473507621831
"kirfel_ppl_textgruppe_Ia_col1" 0.563680053717571 0.650617332607494 0.684479986983069 0.640138101751527 0.659002895786878 0.647898722469507 0.638891558336849 0.685231710588751 0.652463253999215 0.645738107032234 0.71446852125157 0.671561052837961 0.676848536397016 0.617278586686685 0.488250488724058 0.361873009585713 0.545467283905494 0.57253493666285 0.524012015609172 0.508026054190054 0.575708881236893 0.537744330922185 0.554809609386866 0.551890933071433 0.519211613314409 0.464696763450435 0.498997215489084 0.56694775907814 0.491556119993709 0.560710886007514 0.514076966798006 0.502693095018249 0.688219567513647 0.354466061592217 0 0.448633232116297 0.404573754351819 0.300467752131155 0.389962904895856 0.37265330672147 0.588244365021528 0.543794989468008 0.405428519448761 0.489844207547376 0.522228527666764 0.545166172613384 0.526088446981155 0.533819977930901 0.565681504965525 0.51706002542927 0.562017446722216 0.502083230503985 0.581835001836641 0.576798940551861 0.531915051342344 0.518725905804557 0.547617238984042 0.544826464566029 0.505125932368106 0.473200272367716 0.508807359346074 0.482927070780098 0.510063470234388 0.4935458514333 0.540734986068453 0.58296653583952 0.553105002224004 0.524418351634204 0.56306726225157 0.568712857096644 0.533357763084453 0.451441096315106 0.579163787901667 0.611359615950329 0.485137415339059 0.562094248188103 0.580205335918774 0.724021053192066 0.547651243936501 0.560174888203308 0.591244501835448 0.550050456265395 0.599145332814116 0.563239477777757 0.542870737681405 0.552693825047727 0.647103598829083 0.635747185111159 0.570521914092824 0.544079154430661 0.551180049226444 0.503928065850958 0.626264563381402 0.51151137478239 0.540253728304082 0.539487132897279 0.544097528707502 0.620429786683636 0.463885211501439 0.556808866351327 0.448361594272816 0.544406342872581 0.487230676599108 0.549742895906499 0.537926088018005 0.46666809317548 0.457245920431059 0.424047659133433 0.597076866212042 0.445900522952823 0.2765505184723 0.390058591119292 0.51034799780317 0.534892369872725 0.548900248887861 0.53947725351842 0.421184893938127 0.553170232648336 0.589736446034624 0.615584488306214 0.577714708673199 0.551318369339423 0.596796268572433 0.728435005634223 0.637917697513341 0.580561541220469
"kirfel_ppl_textgruppe_II_col1" 0.430608029421241 0.559512655832723 0.606708527615847 0.551495425159683 0.557076725710605 0.56178709925432 0.551472272253666 0.614443735301667 0.551056099842887 0.52409575245933 0.620522768122597 0.571226109186889 0.611485285796456 0.516552243564406 0.338687344579227 0.409567625100129 0.398686014703879 0.435707472076699 0.376793377810614 0.33634302160059 0.448387858949046 0.380931067840901 0.422816491027319 0.415940699126783 0.406289050764674 0.415485845988658 0.321058160236034 0.443127152053922 0.438358170389281 0.470882304644984 0.413292680140917 0.327083219897466 0.587378633381019 0.251092951171403 0.448633232116297 0 0.29610632629001 0.351578343105411 0.313528522434716 0.286393327911585 0.488370797561322 0.417698660850081 0.356776024899652 0.365166651855202 0.390633854712406 0.419895879027686 0.416914279142093 0.410372780290387 0.461908235004359 0.419110943890923 0.436600164762585 0.379142196383734 0.452110452951436 0.448245602582251 0.412282549250025 0.395575499568553 0.460883537066214 0.444120148024457 0.398941554684684 0.383279337444521 0.395130099972077 0.438190632309774 0.384047306794513 0.42641364232543 0.430174407597295 0.470125702631809 0.453911152763373 0.37397404656671 0.437843571920962 0.426665716177579 0.376413797886289 0.326072037898283 0.439413196641616 0.511970252521215 0.366431980126963 0.408695132507276 0.46211354157503 0.659449645734089 0.419436378068006 0.449039222365138 0.477242756486308 0.415281492633463 0.482943543990813 0.445089153758076 0.413814800707683 0.428277643486374 0.56906831990762 0.546850714216658 0.438287248671816 0.460043218410458 0.452035680317905 0.399357762483063 0.539515897097035 0.380288732822307 0.365501852939932 0.474861371386206 0.443732199885771 0.498544853276007 0.340033790753918 0.469096064584876 0.410182564886792 0.460442154607883 0.363309810592682 0.429786047982233 0.387301346392297 0.514156627940763 0.395752368166905 0.401935590989961 0.521457139609847 0.564546312759151 0.444142731626631 0.430622080736062 0.484653879978224 0.458090935882154 0.457321575697533 0.434092608197085 0.357842563663934 0.431878856164329 0.478339858867024 0.497638097861463 0.490322943488541 0.427153495425453 0.424306205614346 0.653434373964964 0.597608513246991 0.412817167957269
"kirfel_ppl_textgruppe_IIA_col1" 0.458243035113995 0.562854417699395 0.588956559313541 0.535622477359384 0.566920349969995 0.595897711904253 0.579523158010981 0.60749409580572 0.565478995889705 0.547471717248482 0.629095653503073 0.59415962949807 0.62032713468757 0.519967947822895 0.404007017819711 0.402809030284532 0.461529494841468 0.499242200523284 0.44594789646337 0.422241780272524 0.47773307746588 0.456705304432779 0.483154601736936 0.456561487438314 0.443982428517706 0.421692819864146 0.413293563646994 0.500984934931417 0.456684647901504 0.500929428719404 0.445829654467618 0.393798670250595 0.624312897714611 0.334610663027994 0.404573754351819 0.29610632629001 0 0.31231618496676 0.287508135738153 0.321691234136769 0.515919764688789 0.452640527880811 0.369358401045653 0.392499651711984 0.450435796527267 0.485055779304313 0.45120427408438 0.461651986282031 0.50742923099183 0.446318321548267 0.483627852564372 0.43049991728356 0.505730657230755 0.495526553394074 0.455962061326053 0.436627598507381 0.491021185247867 0.478523852600518 0.426676846948086 0.390430691146967 0.413833514179173 0.436904211220242 0.437388866730327 0.449317480025414 0.491195314919719 0.494834270115542 0.493345379694778 0.402647317028738 0.483645576247592 0.456884296350122 0.417063226064797 0.351699585946638 0.480571355469046 0.530528856326217 0.415274320520443 0.49097507327779 0.515761658259252 0.653188011300618 0.497880177140354 0.507843427652107 0.541925698304054 0.488663486696734 0.545368576330097 0.511773895747121 0.466168349024017 0.493057315996214 0.592012132583932 0.569535873433178 0.463537955091493 0.475949247423769 0.487535834087187 0.416979118702275 0.570268290365394 0.425151586613919 0.429059717475124 0.458436638863744 0.451342456046139 0.54705792648802 0.384230647680954 0.500002965447166 0.453307145489336 0.4400806132421 0.415805811041724 0.447971873038243 0.432780620082323 0.469956160086394 0.401314715359828 0.409542232997086 0.541827865011736 0.510753372128103 0.437512671381108 0.444419629899023 0.500992668187597 0.443059335292947 0.469083560514436 0.480562443317388 0.362779621101337 0.446893623342066 0.515764288730495 0.508060188867329 0.480342718239334 0.42613348071131 0.483665190272362 0.664198817551549 0.574139389689696 0.457300587026828
"kirfel_ppl_textgruppe_IIB_col1" 0.533786246607944 0.613617203920626 0.637366630272804 0.589220684632192 0.620932261236931 0.610756516983654 0.612177292623038 0.658964720368396 0.621938135237029 0.594988103833267 0.661999858492235 0.637912016020483 0.649157919100328 0.570840428137902 0.440460713911341 0.386014561588509 0.509288415689128 0.55290084469902 0.506304468671983 0.471879114253531 0.540797037923382 0.511480958372393 0.540704127492452 0.499924143414696 0.473459752022239 0.420579072910801 0.466500851428145 0.53378651911071 0.489882545940734 0.550842692090837 0.49371618605799 0.47298820472668 0.655272749833264 0.293957729286447 0.300467752131155 0.351578343105411 0.31231618496676 0 0.355979583535188 0.306092385982557 0.580001985974425 0.477975412009871 0.401844639360658 0.480445539016503 0.472102353124382 0.484774115243953 0.492629134776616 0.499341025891902 0.545020151430651 0.487520600180847 0.526529687159018 0.441278016926597 0.547524873493591 0.547925211152145 0.497351007745085 0.478573464323932 0.535437017814391 0.508097331849733 0.469791549224937 0.441259700294354 0.463366955981358 0.45470207930307 0.459866085479335 0.464579355771014 0.51185477081937 0.538308835416475 0.524889450954901 0.481571203134644 0.546692894634301 0.509922881096977 0.489227061937455 0.447706208127775 0.53579658057843 0.568441368136522 0.483436509774889 0.521301998248298 0.565066300511421 0.68832291475587 0.512283867896466 0.539982371540384 0.569150734767202 0.514657007395718 0.572136174179304 0.53265328986425 0.500349486840303 0.513557357356348 0.600856344616847 0.577701894824027 0.528954243431957 0.51999481155061 0.513460544882259 0.478262973392673 0.590329569722491 0.460371975145266 0.474913057667887 0.509198521511779 0.513278582961579 0.588504270781044 0.447984715326095 0.545889221751763 0.462303298143312 0.469128543306743 0.44830117282061 0.483527232792204 0.507785109530898 0.514856734040527 0.37704153161472 0.368821411247776 0.571901602562839 0.503787764464431 0.409654512697624 0.401123543638461 0.472402187824454 0.511596099332436 0.538654620901788 0.496514477155288 0.409165301758875 0.514934908134366 0.587868317008692 0.56938113503231 0.532584224260096 0.503403576443015 0.505154168263996 0.696697939425584 0.613901003269228 0.496839481300997
"kirfel_ppl_textgruppe_III_col1" 0.489992036625783 0.580127488861028 0.606944463344458 0.579020445973388 0.582413761815497 0.575282129030065 0.588626023646013 0.625644862032174 0.579252608924629 0.557040711441091 0.61648012978437 0.595056054556353 0.621380558428128 0.52275426484899 0.382903163364517 0.361467641411595 0.445629532322938 0.483634940635464 0.427324045057712 0.384284773557041 0.450249388859722 0.449850812915135 0.482201378370629 0.480623253544439 0.427109621370945 0.388464771511869 0.427213045826001 0.514535571625911 0.431928141701121 0.51967836492849 0.456683917699949 0.403797215856706 0.582059929040644 0.360592218973849 0.389962904895856 0.313528522434716 0.287508135738153 0.355979583535188 0 0.393945630477244 0.516424000104232 0.474997483225864 0.333581060354233 0.388923201405773 0.448256637757946 0.502803793254072 0.465531478168861 0.475043439356442 0.514197632898103 0.454348921761923 0.483749184711272 0.442604186448005 0.508092551358832 0.503120433374097 0.445452029692177 0.43533559787514 0.492556016145666 0.481772946405915 0.444939760477041 0.39302789631465 0.406192614095198 0.428566653241256 0.440309932917558 0.438010484969408 0.46359119493116 0.502918581249956 0.479306256678693 0.402016361389719 0.463185587303221 0.469199588368657 0.410903161152946 0.342879360744259 0.482181833904404 0.537669106059709 0.393563518520284 0.460547813425196 0.493783314312561 0.651630877528393 0.505375016723208 0.521728513576274 0.552288745572463 0.497085354912856 0.543977544802368 0.528369424614018 0.49371071513825 0.492839858597519 0.582118418967387 0.545486453342559 0.452061044563802 0.464247082806059 0.481541290572301 0.415400549713605 0.57973429946693 0.441632407714395 0.421299988787324 0.446967231829581 0.432738798019417 0.521290706742962 0.373142418983569 0.470717405128702 0.428193569180872 0.507038383488309 0.439078570446864 0.456029549613185 0.445657212653889 0.458426887184232 0.425187670175117 0.422542985455261 0.520963614646024 0.491591089747201 0.387757278041164 0.431317890083336 0.46674410832744 0.440942569317915 0.486958974903526 0.460227340495097 0.336268110801463 0.472022283885528 0.523581713469943 0.537075419635575 0.494446551830346 0.441535176398957 0.448217850968194 0.66269793904671 0.597175334078027 0.449903195484225
"kirfel_ppl_ungrouped_col1" 0.512382865530076 0.581372327761572 0.630545741316684 0.564983020348857 0.570751747665462 0.604214143186675 0.565926377319852 0.628857317372821 0.557252593407187 0.544046268543242 0.675410490119734 0.592128331682563 0.619423623727134 0.55601395743813 0.393247018895706 0.411504275993835 0.401032532366322 0.511426566702111 0.430122051433843 0.394434510516984 0.503159942107914 0.422805381052956 0.46600380053038 0.490832560700993 0.458323843989345 0.446615451264486 0.347287239049698 0.442932127169258 0.444743420336743 0.475386463762723 0.358715061323324 0.396303975527611 0.645417479396361 0.176360655835856 0.37265330672147 0.286393327911585 0.321691234136769 0.306092385982557 0.393945630477244 0 0.476548307215319 0.470948761088547 0.351055016312295 0.431585653518238 0.370024791116961 0.407914982463875 0.384501738603248 0.381907275884337 0.436722300635714 0.410613371815714 0.424464107929836 0.359662453699946 0.440941174543577 0.433682430877683 0.384732818724862 0.375522311855481 0.452518403518615 0.463232091618264 0.394254986423019 0.372574113459954 0.449926292654879 0.441690240269039 0.383170024907744 0.407727245896852 0.424853881963324 0.473160171963595 0.451986523553032 0.430519720232231 0.468353729268565 0.437266560532577 0.41785648898968 0.384220691651024 0.510149036292169 0.528286935176085 0.431649294873706 0.430311301410652 0.470875368610535 0.685721697306264 0.391319558961335 0.438097278845453 0.462058717209599 0.402592888231694 0.486931348006964 0.423161743333541 0.388073857867346 0.456266496486059 0.591404527297021 0.581454847929807 0.460244480236656 0.478821910129632 0.447588458884213 0.441158414755472 0.528448404150818 0.417922240848409 0.457015551014226 0.5163354956153 0.446664242855783 0.556964537421587 0.362750751381294 0.53565143328533 0.364855302690661 0.512528741959053 0.324808087055464 0.411423844262899 0.38183716854498 0.54036056002875 0.416776240642776 0.319567209838951 0.531882727216556 0.529575783086622 0.404952971942854 0.418922362632598 0.436545796124699 0.496650168109928 0.480133606021381 0.444803994867704 0.370297270656747 0.477187328181192 0.509797779355841 0.506712908200698 0.500937887727381 0.488584563623125 0.468059860809263 0.675303379284758 0.589292938521129 0.473538977543269
"kurmapurana_khanda-1_u" 0.510103046768466 0.416467925466521 0.466821852923657 0.410651552395521 0.40001015896423 0.432080158104088 0.416112114341939 0.472514153471928 0.363344590747848 0.405102384360312 0.572639913059143 0.390145639418418 0.463060321217661 0.385308306161629 0.382997326083052 0.558541062318078 0.319634353567554 0.406054866661058 0.323996358144503 0.410899445892685 0.444995365203436 0.375558133180965 0.442256338310137 0.496660551796959 0.443914586136778 0.527007253546345 0.401808068348924 0.384734939949408 0.472928132188424 0.502661855052156 0.392062157026211 0.408507712078454 0.550803487477562 0.479743174810592 0.588244365021528 0.488370797561322 0.515919764688789 0.580001985974425 0.516424000104232 0.476548307215319 0 0.374195172441233 0.433107282853816 0.437555752365789 0.435197216358131 0.480158878281191 0.457056192569509 0.425769225909634 0.446509710709721 0.461297953148104 0.467372119882798 0.431956603525249 0.4656404428415 0.462339986202424 0.476993086461452 0.445173704403873 0.443395973800824 0.526331257935031 0.463969319474494 0.460082726243088 0.51857988281959 0.569940671477226 0.466288747874965 0.526143294007704 0.522789614763664 0.578205328981447 0.521552899151036 0.438286143972139 0.444038653674515 0.472178493457863 0.434383141007872 0.460822680229454 0.437051269512095 0.455145552169067 0.498607844724235 0.336230090963094 0.296264299636344 0.551494116088534 0.43633985433646 0.481280908088572 0.451243331347594 0.478744308133921 0.493433086619763 0.453123414133361 0.426702012218452 0.343590077884702 0.522935115250806 0.55031558281243 0.325749343396746 0.52297015206357 0.367099165107983 0.405190771112581 0.422793271307785 0.358455556060822 0.437872739376564 0.474699448427815 0.456830617373766 0.380931195914635 0.432787668498505 0.488978190153332 0.47004866023282 0.500640119533306 0.425366029271371 0.408569457114429 0.361234011236479 0.585507222172034 0.553921229021252 0.49299062607953 0.576811992242069 0.636455400643998 0.60091383389521 0.607084895509983 0.626499821255041 0.455803456141539 0.429483388184304 0.409087145349669 0.429354640503836 0.464653940188312 0.426888290200582 0.487256979894177 0.524499395634698 0.487798369586665 0.529371368996753 0.602236049647706 0.591393373356893 0.462061691943773
"kurmapurana_khanda-2_u" 0.453131200368126 0.457597094216044 0.46364281728117 0.471375174117041 0.482153048778544 0.472937281342771 0.455317461100954 0.511416274393248 0.483772154957784 0.480434142957887 0.541707175717366 0.500805759156478 0.452259802626105 0.425676273650788 0.348448795770167 0.478504129000354 0.362116525949379 0.411808732703577 0.353324595998825 0.375380309355007 0.340477395923179 0.364145861726637 0.41243485404998 0.440439163824391 0.335598083185395 0.429447636234898 0.38951571398631 0.41107350146072 0.483697935223359 0.554303887863923 0.452789814740855 0.375760353354541 0.454644252893838 0.452438930809298 0.543794989468008 0.417698660850081 0.452640527880811 0.477975412009871 0.474997483225864 0.470948761088547 0.374195172441233 0 0.377212687742871 0.368680606676255 0.423990853945969 0.509208212966479 0.435384721921824 0.440027712661154 0.438267896570007 0.414388696029943 0.506872894037286 0.450331622349387 0.493618625499393 0.510146072039179 0.508992237067812 0.414631582020748 0.463322672630369 0.455110477668962 0.389845765927514 0.388154053317449 0.401215451063857 0.427490277835197 0.409495390580294 0.482617537312065 0.520660090194005 0.543112978416632 0.495567939245068 0.39323434084889 0.502575634818427 0.450032006477238 0.412211648234403 0.414174360431408 0.376356953046216 0.3956127754033 0.491221880352547 0.381748463698547 0.404759951259565 0.56735496423614 0.467241116188182 0.437846550153028 0.457064979160037 0.472904118744286 0.480301594537387 0.500102708353907 0.458171088995654 0.320815082012559 0.485386013571865 0.476572324055701 0.387533411839464 0.523651940483891 0.401727257974865 0.357366833179066 0.487102935848517 0.322280276262288 0.335450297351044 0.349827703703568 0.516551636785849 0.397084902290929 0.431996158435028 0.388265355263153 0.457623960271087 0.362731110728168 0.430526279797784 0.430215629170863 0.415625889725764 0.526887918397853 0.415313553893726 0.474212971894323 0.598551994420557 0.6006944082609 0.559976283671438 0.491115594953006 0.594759759677727 0.459598103856616 0.432557789771556 0.399064031611518 0.415608867747477 0.389657974531999 0.466569412396491 0.480697489310205 0.512460231960612 0.418751191815069 0.503107821584422 0.59026996203093 0.559732451127931 0.435724187909769
"lingapurana_khanda-1_u" 0.397729646601833 0.540623640390174 0.580313045611856 0.549503599629852 0.560916681022808 0.527094971620751 0.533072926599726 0.576869470453267 0.538434069926762 0.545765395238339 0.604937145540979 0.546544525087392 0.542490986495151 0.482344843883675 0.294122583178132 0.328227713782242 0.377942308218605 0.427525830410032 0.355003130764836 0.341627393194949 0.438770982091528 0.331628379458556 0.348529792205771 0.386788360541617 0.342707842730655 0.342923044611408 0.337065067160771 0.421272281012408 0.385571908095765 0.464485048929492 0.393443567021861 0.344775725220469 0.554732416138583 0.359924196322678 0.405428519448761 0.356776024899652 0.369358401045653 0.401844639360658 0.333581060354233 0.351055016312295 0.433107282853816 0.377212687742871 0 0.262641516229877 0.418934668006083 0.455148762529032 0.39975897762349 0.416600592848455 0.455048158470199 0.405646936069492 0.443724804007577 0.377583675452727 0.479271087020691 0.475622931413417 0.422481440660631 0.412105533501275 0.431904206912583 0.431473958952715 0.362010255340171 0.324257740254346 0.359851885907395 0.371768843626441 0.410882415329461 0.404943948828989 0.457643414317403 0.498910698667169 0.44428281708786 0.390242562710494 0.432900315021065 0.481018267677366 0.411792757485264 0.28298926410234 0.409677818866813 0.472129834726502 0.369484059882067 0.410939659091617 0.410783135336201 0.615245672118977 0.454235338172638 0.463098810498648 0.49415032613175 0.471307285014314 0.507620694250719 0.471154376207306 0.477459997894126 0.374681271309344 0.512392369494203 0.48721206041968 0.410036524120954 0.470405128435335 0.418540333645807 0.346024982565061 0.533713225064339 0.374863141577962 0.361650671745063 0.368388574000619 0.421743543731628 0.481979724746661 0.322586142955416 0.434307511152816 0.329488271199307 0.469580624008292 0.375658380331031 0.405472457122232 0.411458002966841 0.426838999065451 0.37667299224129 0.399038560155871 0.50309658573449 0.448241498839585 0.416187710915642 0.356635866600725 0.492106251551959 0.42046904857119 0.431254568832784 0.411261695991315 0.278844017585234 0.423221260244486 0.456447707041651 0.520729917958328 0.480727646046541 0.379591335312439 0.481222183234943 0.63418017635346 0.561827494684378 0.446700198273438
"lingapurana_khanda-2_u" 0.333143544894892 0.553586694909139 0.58685847467582 0.56754406849907 0.55646733018148 0.51534502338308 0.57995411976849 0.589921072802906 0.562235691446965 0.562703058492973 0.584985378595692 0.572572011221282 0.561954836070928 0.499259522980949 0.323181175292774 0.435072415852196 0.422661925480286 0.376080453798474 0.358091021079651 0.377609280171274 0.416130666233406 0.359633381828407 0.347817482649985 0.331467523210048 0.353139985557893 0.392878968328422 0.373386086319403 0.452835409078096 0.451855474623346 0.492255952998623 0.441473953772605 0.395838403817839 0.522310657715305 0.407223324572166 0.489844207547376 0.365166651855202 0.392499651711984 0.480445539016503 0.388923201405773 0.431585653518238 0.437555752365789 0.368680606676255 0.262641516229877 0 0.46163463030003 0.474672087175238 0.438588053474659 0.468931716234185 0.493223049282828 0.443923071019084 0.464125456532548 0.426903784578658 0.492142249011802 0.481799629287361 0.46223548435779 0.439349164360808 0.458594770052336 0.459897374693114 0.399418451478039 0.383218842542888 0.35566529422973 0.438521226841541 0.437509467471075 0.471232479176731 0.514406517381668 0.538492337122139 0.485424381286349 0.415138526877192 0.45725883724826 0.505337718702751 0.43842548407184 0.322631978559358 0.349931888117107 0.513575879657945 0.393196366826918 0.457617434237532 0.442310767332274 0.589491367426632 0.484931073676994 0.492730122982438 0.527755362397914 0.505021438067693 0.526383302980333 0.509823091833154 0.525279462694299 0.408938554896044 0.495543155537637 0.458185566223206 0.437727825685292 0.517928709948427 0.468709480225387 0.336428997768862 0.57464681814571 0.404995228759139 0.320178778387117 0.328140095521545 0.416645465716058 0.486807037873746 0.371745610569702 0.424945018045813 0.432403814084932 0.466315333342699 0.417092737209728 0.461608595942802 0.440162189056423 0.472123818742453 0.38933873710926 0.458529531445765 0.498389521846768 0.521522792650374 0.487408955437323 0.452589890407528 0.549916690372658 0.407477496289778 0.397150381789641 0.4588337288983 0.332757168757332 0.433487442678138 0.471448580132358 0.550195180396524 0.520275480761615 0.411217230289445 0.479865520728807 0.659449843556951 0.552578304598327 0.471655168096939
"mahabharata_01-adiparvan" 0.541039143778811 0.443860801498184 0.532837996608285 0.506590725871066 0.485521717506662 0.526350633607304 0.430862101658837 0.498944588075024 0.416821642627715 0.459722993722805 0.587229205698122 0.461802097288519 0.498792840303176 0.468341595020063 0.353677984867604 0.461625570274169 0.290639626470728 0.457047984311948 0.360143996064837 0.236425142291731 0.43797390786928 0.280442914324111 0.451754280737029 0.511694768081391 0.370206452984383 0.472474629110016 0.281815429294205 0.337141410002533 0.456267693763811 0.450547157431511 0.209355630338477 0.361286061543243 0.595316092681112 0.354707419748837 0.522228527666764 0.390633854712406 0.450435796527267 0.472102353124382 0.448256637757946 0.370024791116961 0.435197216358131 0.423990853945969 0.418934668006083 0.46163463030003 0 0.37666776113376 0.211147367694588 0.133587792285627 0.236936291521755 0.25196915735661 0.336546541444412 0.319582014366708 0.304965664214633 0.315533498093462 0.320064016694089 0.213986674251749 0.266019129227927 0.388802690134321 0.280610741628818 0.275323921634763 0.428659775363536 0.44827450894096 0.153375802151395 0.259193713216226 0.325332867461577 0.393526209988047 0.377337855036366 0.251671907975043 0.368404034741616 0.268314636598019 0.240422431350895 0.375989542156452 0.490252578991394 0.439420455192801 0.396944869414065 0.318155813714683 0.342178469685399 0.658335573163751 0.247121379812894 0.265657095305981 0.316915241789439 0.277799941417295 0.329018452436786 0.291548759744535 0.262466215200603 0.364364878153925 0.573156323688752 0.560195125453584 0.43508156681156 0.437465711388358 0.337778784650944 0.420022874470817 0.43662723847718 0.351612573965395 0.381925448383803 0.502033231456742 0.446582825295524 0.455447792800659 0.324751449857877 0.511677458347007 0.338304181477313 0.513151018967581 0.249406812536448 0.353757847092088 0.301676258243459 0.531668465923536 0.489168340159406 0.368246462339961 0.561988773482722 0.533470442176018 0.501143027733287 0.505629683949369 0.483649771423499 0.455331750283016 0.432847114945727 0.35304745487263 0.374987256845099 0.402131063748261 0.447665824442112 0.406900792445047 0.460706062722543 0.435891287492921 0.47414175369616 0.576323339699312 0.527952534089645 0.36124996603769
"mahabharata_02-appendix-21_sisupala" 0.514071291384738 0.577988123145333 0.623648274161374 0.576643745807281 0.583173546743281 0.601483287737248 0.580470428508443 0.630562677085961 0.54513554351823 0.553988360683524 0.672484129481761 0.577250740958672 0.632463477119148 0.519286842449278 0.421822811476036 0.541504802873949 0.432773810940678 0.473807793562247 0.438604253429404 0.439651308107626 0.56265980509479 0.439697616208886 0.473703501696823 0.521140403630511 0.492732090612885 0.576307113815195 0.35906638933029 0.414021382111272 0.45282045578197 0.402666652868336 0.363711575054512 0.466932643166406 0.673009398345673 0.411159745136942 0.545166172613384 0.419895879027686 0.485055779304313 0.484774115243953 0.502803793254072 0.407914982463875 0.480158878281191 0.509208212966479 0.455148762529032 0.474672087175238 0.37666776113376 0 0.423854123300497 0.37259574674505 0.447991545513763 0.438419518092197 0.367989795149777 0.405146153322374 0.338389060043295 0.338518903037408 0.348228314208687 0.381878327981473 0.436576771819701 0.500515141389522 0.471465320330218 0.457544271751605 0.518647334265133 0.547594618098393 0.399133315326123 0.437287643519029 0.367300594105616 0.55177026094896 0.469369723439527 0.480306589275814 0.470220212724185 0.495981466897282 0.474700555097053 0.452667967407906 0.498131532300415 0.582476483662938 0.489232512204244 0.447770169858483 0.479717806147467 0.678379811627558 0.355879475586357 0.456671376173607 0.447089076142662 0.395749396949364 0.443135040725043 0.354788693113638 0.384394642482354 0.492354136456734 0.569273094434018 0.550265121181095 0.497134595687177 0.53843104244881 0.46301095552378 0.505089735048117 0.52476062887563 0.462630040257088 0.464519313875407 0.533295376046696 0.485383014528045 0.563628867390523 0.448890529760868 0.589407492165044 0.431353758771728 0.542251029244216 0.368720385785878 0.432749634888139 0.388736907565987 0.595717821439929 0.531941209995894 0.442345759954943 0.526264114439018 0.593376244638596 0.537402340826773 0.558179325172542 0.529755071217485 0.485148441190803 0.489418529487536 0.49241271009082 0.431284254157813 0.521177075356248 0.52265808780853 0.545663365373416 0.554439532395891 0.504446320841712 0.554351185149223 0.695422521942277 0.586138316284013 0.513046873335403
"mahabharata_02-sabhaparvan" 0.51890751791759 0.436639600211669 0.531865957069772 0.50637302901379 0.47935955734606 0.533910773265534 0.417504974612683 0.476853691319864 0.441878675430826 0.485363775513255 0.586646150377931 0.475278154441919 0.476279561977494 0.481106333912233 0.377803797866176 0.4782638042781 0.350413526083244 0.483224009510924 0.403798725275868 0.288943504565196 0.467281779183716 0.304584380432136 0.455518655965861 0.495689188792234 0.384552758064277 0.454567210445684 0.287838777415339 0.35090260903145 0.413568813597663 0.437109760527032 0.262488037987628 0.401857137936678 0.598280743305442 0.37038775817687 0.526088446981155 0.416914279142093 0.45120427408438 0.492629134776616 0.465531478168861 0.384501738603248 0.457056192569509 0.435384721921824 0.39975897762349 0.438588053474659 0.211147367694588 0.423854123300497 0 0.184842745910306 0.226533092531826 0.158919262242843 0.285699888979057 0.319641518168976 0.32789285651861 0.315084371856432 0.294720207863158 0.226743740908047 0.242226453380719 0.378090602779517 0.191447058033748 0.210850494456233 0.421617596229282 0.414878169600122 0.206113228426704 0.262684328363447 0.359638510654515 0.362992330171117 0.292023973782916 0.308277510831695 0.409376980626149 0.349859554295836 0.313472877783241 0.349775400839517 0.498760884418046 0.435863765554959 0.403283805155302 0.376042037326199 0.365359250121654 0.65839242638174 0.291666941831795 0.270829119092865 0.360532034684677 0.279157632061296 0.34422382543789 0.32613841908645 0.325786209669015 0.371236548152718 0.558292657065541 0.54873774979713 0.453047161579112 0.466662723719337 0.385817156694636 0.441214664024936 0.492815827333458 0.376742441829855 0.403075266134586 0.507362698273276 0.424830671625004 0.465858456457651 0.299678063511303 0.513058776513252 0.34705598543481 0.510228708868465 0.263334543918917 0.394287742004319 0.370521499387346 0.508402867795259 0.468855063282803 0.395500751924904 0.548471427190406 0.540118075209911 0.494292809075146 0.486982790882718 0.495196412863916 0.443815881271585 0.440714821151656 0.373293744424852 0.361600636847676 0.38781001151397 0.470880088089828 0.444962469533408 0.507427932476239 0.406986643336645 0.492595921687376 0.574806459767456 0.545675482804205 0.406072751460803
"mahabharata_03-aranyakaparvan" 0.538271274014259 0.431086936397491 0.531330487411362 0.497163262060562 0.473394994005265 0.523709232654262 0.417850507792273 0.489112035045751 0.41939916746737 0.465388869999304 0.593387103441961 0.449401869155954 0.475258105660111 0.452363307692062 0.369794871498843 0.495073445730239 0.293732891462192 0.471318058584266 0.381591248262149 0.250341020779861 0.455581640308271 0.272050866907502 0.445872736564049 0.526553526138339 0.376713172764258 0.486549004357807 0.269596147011808 0.33162617697618 0.444711003307942 0.428949995608439 0.184524804558535 0.370597283176476 0.606474154733782 0.373994587154187 0.533819977930901 0.410372780290387 0.461651986282031 0.499341025891902 0.475043439356442 0.381907275884337 0.425769225909634 0.440027712661154 0.416600592848455 0.468931716234185 0.133587792285627 0.37259574674505 0.184842745910306 0 0.175608189790831 0.198256543787289 0.296512407752436 0.326729080103676 0.269409138486743 0.275314275586387 0.286411228849362 0.208259760607081 0.217150268681578 0.404878925089967 0.263113089375626 0.260766523909167 0.438711488979379 0.448657952575219 0.168284600663049 0.261168126343788 0.32964347272455 0.397302031170424 0.36250942594572 0.260369211564308 0.379577028856236 0.288714505395255 0.25415055460106 0.378344917955066 0.495190432759757 0.415655966434304 0.421568965201999 0.310280125896656 0.347155936939659 0.671430285313017 0.241091091422658 0.223203466102696 0.289151144042115 0.244604085839547 0.284068645899078 0.268869869660523 0.243307556726896 0.373798965928873 0.560477447794508 0.553976715571389 0.438571754121967 0.452676035292021 0.345491926037808 0.445526969805149 0.451914262359508 0.3619958613799 0.393485168511807 0.522306102615671 0.441696806241116 0.46079985351828 0.339952273117596 0.535129811015953 0.343266274117134 0.519170963835307 0.255584654330582 0.359092119365141 0.300209295714253 0.533097671099912 0.491337865471993 0.384505814624068 0.560086964310571 0.55379046540693 0.507546074835462 0.52205759798925 0.50191947375863 0.452544784779597 0.434099200717026 0.367171661297186 0.37543739771513 0.396162235871969 0.460781678908826 0.42111330626474 0.473862411975438 0.431027322693182 0.494890971863918 0.587647244724878 0.537257144098756 0.384913405923486
"mahabharata_04-virataparvan" 0.543948194735769 0.408629718333336 0.515729217850518 0.484895555871088 0.472084265460196 0.537927913542867 0.416834000456453 0.478044892620483 0.44840733205382 0.485797637023497 0.605162382569567 0.455531192582958 0.433778886675379 0.463935813951619 0.394997576408394 0.535711853843054 0.342699930172331 0.484938358203863 0.401353872663237 0.322544621944399 0.474411002250795 0.304104547625153 0.430641238052544 0.550502896383813 0.383507610390173 0.504687552173847 0.320967866017658 0.3566330065915 0.465746813544202 0.440698363020522 0.256129923712927 0.392714720841433 0.608670572877137 0.424268839231678 0.565681504965525 0.461908235004359 0.50742923099183 0.545020151430651 0.514197632898103 0.436722300635714 0.446509710709721 0.438267896570007 0.455048158470199 0.493223049282828 0.236936291521755 0.447991545513763 0.226533092531826 0.175608189790831 0 0.227275964136553 0.324069094353267 0.34876844860967 0.307509291232635 0.289316678939249 0.333999867814797 0.259905509711989 0.230941683446837 0.442986635306453 0.285550753730858 0.290994095053057 0.465465648630536 0.452273536462986 0.24536430617213 0.328759654649022 0.409302164883617 0.434560658424437 0.388960286647367 0.307681642342029 0.418829460893473 0.325489284073459 0.302203573328645 0.407717875473639 0.489358051683926 0.408658793368333 0.459577773747792 0.333223473239944 0.370021203882497 0.679867359333679 0.294022792888477 0.232786066165043 0.296784542512114 0.275596909893604 0.265252182107017 0.288591007664611 0.293467348166668 0.391907875343582 0.544834005122993 0.561601960941085 0.465291401031449 0.473720618684553 0.36445093832872 0.464580494302529 0.475183855257036 0.379461991311344 0.423007820921769 0.533980033073026 0.466481096618953 0.463733369018734 0.377789852035086 0.534744616960512 0.384547057536824 0.524782019500909 0.294112060240676 0.401970938257669 0.354223093461654 0.543028904566135 0.516495368131933 0.445540501600998 0.574246105473774 0.583107452397684 0.533213079677432 0.547776908034888 0.549855173186609 0.479073113142794 0.445477636901104 0.385265801740072 0.411110429066546 0.405927558452937 0.472615069335162 0.440700125328812 0.498858203447832 0.437593131236578 0.537919127511011 0.589464172957373 0.557025949115807 0.41621351836434
"mahabharata_05-udyogaparvan" 0.524090050543333 0.428814821553003 0.511790922337098 0.477472650460539 0.464108831061574 0.514258118239294 0.403143648346297 0.467609845833783 0.460922698398597 0.494737437815304 0.577519172544363 0.479955837670347 0.442248466175549 0.471497474852817 0.384102904980229 0.48444363054401 0.369394176263869 0.493015465699282 0.411964356143759 0.317094084891835 0.45893798986805 0.319471053431064 0.460316428375902 0.496631882874712 0.371156042447346 0.449983549745213 0.296982398211369 0.367829184073831 0.401090920685301 0.43291799776117 0.277118045705097 0.407114395248961 0.590960098706432 0.389921712547781 0.51706002542927 0.419110943890923 0.446318321548267 0.487520600180847 0.454348921761923 0.410613371815714 0.461297953148104 0.414388696029943 0.405646936069492 0.443923071019084 0.25196915735661 0.438419518092197 0.158919262242843 0.198256543787289 0.227275964136553 0 0.302673212773692 0.341316236261344 0.328024774557103 0.321102498936619 0.319205132578447 0.216363526735637 0.215589314218225 0.374675258609611 0.181534974648175 0.220075053577095 0.407023823763513 0.393333964849477 0.202546148577217 0.263678116460052 0.360440743600778 0.386184889826509 0.302036613319065 0.315372564955575 0.442522110448269 0.349778315831448 0.316798171616707 0.365484176735118 0.50641390201955 0.397813381776067 0.456715506431117 0.383967617706995 0.393186707328595 0.669536191639506 0.310567024670823 0.249012695629263 0.355342831248909 0.290343313627724 0.32227128556844 0.337877596539818 0.335327984453164 0.387333497073913 0.5355692343035 0.529975014874635 0.455613804918892 0.472344448004986 0.392354996648793 0.444364207386229 0.503522658841359 0.363319146203485 0.401836039036091 0.514539519628304 0.422544558150814 0.451930932532942 0.334350259696044 0.508928838988092 0.369393753426951 0.494390563820163 0.277009278964926 0.41475481799054 0.389740560942757 0.512420830374401 0.466127574833666 0.409082358275329 0.541034120989496 0.546676499735167 0.493796894803474 0.496125349500757 0.530507503015915 0.428206919014828 0.445546497230387 0.403702275845389 0.360307112340126 0.361517439443061 0.511719841084673 0.459604106370129 0.525136202328276 0.391627210513941 0.486175185312497 0.586301390726752 0.548837498638736 0.412192140669133
"mahabharata_06-bhismaparvan" 0.520795536060943 0.485454342390204 0.584557429663117 0.535301577398724 0.51845218836837 0.570177206134917 0.519706715297518 0.574962922025625 0.501947297175473 0.527982617271 0.622956967727405 0.495927108724862 0.566182896949895 0.494689994396724 0.411598029137007 0.533870211441802 0.397918009567934 0.484283833713924 0.410096380657767 0.387385397746815 0.520304038112508 0.401842094737417 0.46838284341248 0.495304590739446 0.459682352144692 0.505262541125936 0.324665322277773 0.376837272604686 0.402491734253134 0.335649731828261 0.318227807226883 0.441222054209841 0.629667571116504 0.418664241508392 0.562017446722216 0.436600164762585 0.483627852564372 0.526529687159018 0.483749184711272 0.424464107929836 0.467372119882798 0.506872894037286 0.443724804007577 0.464125456532548 0.336546541444412 0.367989795149777 0.285699888979057 0.296512407752436 0.324069094353267 0.302673212773692 0 0.391237029037226 0.179797675296406 0.177835406631439 0.175414015511118 0.2971718292458 0.307417245346932 0.472854484190834 0.368724278971174 0.370478779901349 0.482332452415792 0.487283924555032 0.332888846410323 0.350635293724311 0.345563691420531 0.4415609058309 0.33650979109539 0.414143263123002 0.431944160763335 0.448635587499484 0.411955556517989 0.387543841740825 0.504237116992281 0.519079695461409 0.46132147294958 0.429406880583607 0.43285507686332 0.676725568663585 0.338996121627277 0.36750105527691 0.398341311803569 0.32246058870904 0.374664828064864 0.306103751922779 0.375079066424436 0.455173030830045 0.579464224377976 0.573239227734543 0.46463532759862 0.497553268912795 0.447575129034528 0.477737013831145 0.556814732387979 0.430772241930491 0.43395026886308 0.547704141925353 0.442004293602352 0.534639298201018 0.37305469477039 0.56992632650047 0.417843988341411 0.548172441079861 0.310209309599669 0.444482567809825 0.390383035241184 0.553690926949826 0.522706300278409 0.451677555479548 0.464503579398741 0.603719494755326 0.513548494574395 0.54702427102448 0.540137422961965 0.466964875827391 0.479777495242209 0.453137223021724 0.388453929940809 0.469342043301408 0.512338050817935 0.51774558143562 0.556279901841529 0.468927555871517 0.506075049908699 0.639727842051244 0.593994380068407 0.467905787942317
"mahabharata_07-appendix-08_sodasarajika" 0.496130902050472 0.476625149354413 0.57227090274247 0.503678674477602 0.497728120068527 0.532062671931966 0.488703158393506 0.533001426918604 0.464708851906063 0.461915819313516 0.628816384817559 0.481521590169637 0.526581614207652 0.474915396233377 0.319319518661825 0.475709728177765 0.352031482453369 0.498343929493981 0.398537546762709 0.315104926267378 0.504682941332083 0.323380839201781 0.443637118572135 0.478486620861929 0.398499709832448 0.474429142208811 0.331005218111601 0.391383449733677 0.44856779580371 0.411513305809105 0.325394393329073 0.396724492870602 0.614219400615472 0.360016308590307 0.502083230503985 0.379142196383734 0.43049991728356 0.441278016926597 0.442604186448005 0.359662453699946 0.431956603525249 0.450331622349387 0.377583675452727 0.426903784578658 0.319582014366708 0.405146153322374 0.319641518168976 0.326729080103676 0.34876844860967 0.341316236261344 0.391237029037226 0 0.404505510352684 0.392379343443734 0.387524506066341 0.341941201909986 0.368856124675859 0.410176951196574 0.311093997007714 0.330896856869753 0.461431324123639 0.464670868557546 0.328343616561773 0.39089710718867 0.436517204171119 0.486149522121837 0.409515254739607 0.352117811665277 0.406886007809229 0.378332779151411 0.346613299313639 0.381375610744789 0.487914257252818 0.497209470694327 0.382992165695714 0.360780172385374 0.354002209657247 0.658681063278707 0.349030242439533 0.40205254628155 0.447136903028192 0.390921865858938 0.434503078448714 0.396368835015276 0.406645671203536 0.381104777077786 0.542069963920374 0.523932126236514 0.412266650479708 0.449942801514363 0.338109527075231 0.399434140080872 0.425859832036327 0.343373212387234 0.411953409814066 0.494653906290036 0.404579699781314 0.466100949639044 0.337602858307597 0.557198146732682 0.361929695287518 0.51439765316069 0.292669137007163 0.350143802438483 0.384258432951917 0.532561293530839 0.452969054672891 0.415562800124166 0.521029111520871 0.573979521489285 0.496102943610717 0.475083064614882 0.53709913691352 0.46661687868672 0.426383603250524 0.372697504841538 0.361841787879437 0.446142858998137 0.449965497535909 0.448968538622632 0.484317512639438 0.426676297673353 0.472710195799808 0.605633268842649 0.547215475845574 0.392186523581305
"mahabharata_07-dronaparvan" 0.523524698506813 0.467213219067778 0.569256232442991 0.520822733976767 0.495931756284858 0.575526699212499 0.506186685976445 0.561813903862307 0.485726235153651 0.50688256525753 0.620560930892475 0.477804718445615 0.554259202001341 0.48011757497893 0.398308078539467 0.559065111392756 0.370030865179485 0.480935709839117 0.409358791437722 0.380809409989673 0.52241285955089 0.394998292403845 0.445236284525931 0.52668473056597 0.442817573218987 0.538683481477695 0.328775037145835 0.380162368304778 0.426755634457234 0.363640742589159 0.27097279115207 0.435415945368756 0.634944678021323 0.433675171973914 0.581835001836641 0.452110452951436 0.505730657230755 0.547524873493591 0.508092551358832 0.440941174543577 0.4656404428415 0.493618625499393 0.479271087020691 0.492142249011802 0.304965664214633 0.338389060043295 0.32789285651861 0.269409138486743 0.307509291232635 0.328024774557103 0.179797675296406 0.404505510352684 0 0.132119240023264 0.216530306615753 0.272720657421575 0.292422310178376 0.477112557707055 0.394300087304399 0.409531993958935 0.480191529653508 0.516648971514611 0.317455922531072 0.371580416947291 0.352779091115178 0.474519420666198 0.388366365885132 0.413362428065646 0.418005755062795 0.406941860184658 0.395245254093643 0.427770744722714 0.491567237449903 0.498801141584488 0.488569580306964 0.401925639336133 0.429169526725119 0.683958844687353 0.287369307420659 0.323026753440685 0.340059735140473 0.296810526536149 0.295190109162593 0.237676186742413 0.318563534815085 0.449676688755063 0.570610226970426 0.558941799081747 0.448575070139509 0.482824334984691 0.43080154140631 0.478494117719621 0.527789418133632 0.401986693285226 0.432542529937998 0.541703065361479 0.469801563026039 0.513854571767409 0.41486859716577 0.571593886785139 0.443238641694143 0.527191391298139 0.302917684496994 0.42206914967417 0.326083039472053 0.583712757301387 0.540716314710717 0.45785315238355 0.525252320041045 0.630051122451231 0.542509484215043 0.574049934621179 0.557898401201333 0.468202346806596 0.464773439596112 0.438364731970805 0.426810943778652 0.452568554343224 0.518227068036032 0.486483710734057 0.544416243751733 0.460259937793273 0.540154812480536 0.63057848485628 0.58113358709325 0.454204375830006
"mahabharata_08-karnaparvan" 0.509222529753322 0.454406756703815 0.571410925052614 0.504850092276735 0.493170099037175 0.563108918597992 0.502203992377232 0.558413478704323 0.493370039751544 0.515265347799249 0.626437448219497 0.473545567381718 0.556893408904353 0.479671855352852 0.40281998266857 0.557129244128805 0.379837240319043 0.481058649389898 0.411677167774562 0.38517874787604 0.532101177296711 0.398712230481315 0.453744576463547 0.51414591262568 0.451249167382137 0.526114962286935 0.309822840335312 0.36373750303611 0.416682242649572 0.359966732653967 0.276669947069267 0.43047895732316 0.643340344863405 0.427495892444747 0.576798940551861 0.448245602582251 0.495526553394074 0.547925211152145 0.503120433374097 0.433682430877683 0.462339986202424 0.510146072039179 0.475622931413417 0.481799629287361 0.315533498093462 0.338518903037408 0.315084371856432 0.275314275586387 0.289316678939249 0.321102498936619 0.177835406631439 0.392379343443734 0.132119240023264 0 0.19569519523933 0.288321131636746 0.290834176241401 0.46158437203748 0.38223609453752 0.402256892852744 0.482550019665457 0.515439806441923 0.321624192717894 0.363191297282319 0.363025562966009 0.47158144509078 0.373495501807284 0.405439911003283 0.402780625872791 0.420038922849703 0.393127017137924 0.418412681416808 0.494567880780094 0.504684558015805 0.469260670378103 0.402403065487815 0.415346057617876 0.681227425299635 0.301370093755731 0.331583079866121 0.352459510917172 0.29993510014008 0.320365618097861 0.258408192932063 0.32635932690301 0.453857476409502 0.567824418717545 0.551674276929337 0.449600210569441 0.482238941486023 0.42238630455282 0.474318770555479 0.523314881075609 0.420666253282707 0.429708293203035 0.54016175214633 0.439357741108147 0.513796176633321 0.405852053488085 0.577589268629147 0.436357005181837 0.547473774030506 0.293330217803699 0.428427803370508 0.330138841008578 0.559854355401141 0.539569787425195 0.442862754975773 0.508880424443086 0.61363478749491 0.540951175689632 0.577494125221997 0.552318369725234 0.446531208420579 0.442383125864346 0.441986057903062 0.413274845683598 0.463658622044467 0.504692844975642 0.498254522427288 0.5503048292985 0.47350447632579 0.530684470357968 0.637078335085425 0.578745562387955 0.463702499550957
"mahabharata_09-salyaparvan" 0.521292810206821 0.514567062931056 0.618100718203925 0.566478477663216 0.54708176819724 0.583605953924835 0.538532515442442 0.606478036827875 0.535812515666886 0.54546812342012 0.633531689827426 0.529134485606875 0.602206919178617 0.511478310814587 0.402584151855227 0.512652574400124 0.395312330468805 0.479213387559166 0.412598315139902 0.371294143716243 0.533036679199577 0.390012967318559 0.472181012016349 0.505387965640549 0.462299888883807 0.494917921096237 0.321700808193131 0.401565655910548 0.406059741755601 0.37061260511081 0.296090702817961 0.427024419520269 0.650020272738586 0.386255312792798 0.531915051342344 0.412282549250025 0.455962061326053 0.497351007745085 0.445452029692177 0.384732818724862 0.476993086461452 0.508992237067812 0.422481440660631 0.46223548435779 0.320064016694089 0.348228314208687 0.294720207863158 0.286411228849362 0.333999867814797 0.319205132578447 0.175414015511118 0.387524506066341 0.216530306615753 0.19569519523933 0 0.302850568060066 0.321765438017865 0.47188033532544 0.380767749619694 0.360958741212409 0.48351680928063 0.480619087430602 0.323277062709121 0.340801303240705 0.315505038387716 0.431029545654792 0.347231004453009 0.415360904921688 0.422548264257113 0.441454297929059 0.40887614074458 0.390195512461818 0.520345224058822 0.515003274262687 0.440871063250572 0.413828385264956 0.442013270499015 0.696241242354827 0.319266636121174 0.358454920928696 0.410128360066889 0.334623305840953 0.388900702238063 0.306623859987039 0.342271729348043 0.462309801977157 0.59896457511487 0.58715771127972 0.470655542936191 0.484696250252385 0.423240580778156 0.486946097919118 0.543102384562985 0.44250225090036 0.450878263966944 0.54026218574866 0.428053870081146 0.531608584959778 0.381660205373186 0.577570499308766 0.406089633738211 0.560915776214811 0.305497954777981 0.410712189773742 0.338150441237184 0.535181565222482 0.520578344138927 0.445205385216422 0.476213535100642 0.577766134662941 0.50113911524933 0.53197989221036 0.489563992132516 0.45533251261207 0.466521396930311 0.44858934590476 0.356761617434093 0.485219075944412 0.54359642833316 0.529450241749697 0.52733907693917 0.475162847015812 0.503679553352023 0.653841051511199 0.599173313870396 0.483746602784436
"mahabharata_10-sauptikaparvan" 0.510498108969558 0.461456772372455 0.517582856559562 0.49789285783056 0.476366479176412 0.54372324665847 0.444960282034581 0.504515538867098 0.445267562699305 0.480214710088001 0.58848145408169 0.477014026846244 0.491091186796694 0.474065459705162 0.366077772666285 0.489899186932997 0.327643200936486 0.466766887999453 0.379531626781355 0.277536506233139 0.449852029006256 0.321674138047461 0.441552909618313 0.501938370040825 0.36798638811241 0.468112672475172 0.275048513785419 0.361697617098664 0.416043011494515 0.414295625379434 0.235114296604059 0.394119038419393 0.592884978769272 0.367228374277552 0.518725905804557 0.395575499568553 0.436627598507381 0.478573464323932 0.43533559787514 0.375522311855481 0.445173704403873 0.414631582020748 0.412105533501275 0.439349164360808 0.213986674251749 0.381878327981473 0.226743740908047 0.208259760607081 0.259905509711989 0.216363526735637 0.2971718292458 0.341941201909986 0.272720657421575 0.288321131636746 0.302850568060066 0 0.225786029765653 0.372652482798486 0.269562425853157 0.271771660566404 0.401309878627164 0.408615502884174 0.206848307800726 0.287416421000671 0.320651956536231 0.41053499330527 0.339773981489956 0.321920144180105 0.415330797115977 0.351282602905914 0.319569165303236 0.382608088065865 0.472994338803935 0.44043933449227 0.43592528935978 0.351413360370832 0.371849435079451 0.674987895062977 0.265847128532496 0.271159938180259 0.32918789993089 0.256991869263731 0.300345962674645 0.268296956990159 0.282394148642181 0.386537634863034 0.538038030340948 0.539729153529712 0.408850039116429 0.433040875309661 0.378227554666384 0.410937392641525 0.492069317839734 0.344675288878002 0.397753919068369 0.505128155416884 0.41899374161663 0.469347129925652 0.350419548216462 0.516545813771323 0.368825195743221 0.474940633773701 0.235080694695928 0.394809814736193 0.332562363464054 0.533951925456993 0.466221418696161 0.393283646361956 0.53483153048665 0.569517881926936 0.47486369089046 0.496162808282103 0.520491803278688 0.418610471291201 0.437252741989559 0.373430457425472 0.361255337589122 0.365005466489215 0.485877933368387 0.439843332527098 0.505931271402402 0.415722197050834 0.49893310828545 0.589767027847247 0.547748120542089 0.406707146941681
"mahabharata_11-striparvan" 0.527638118361858 0.420908690233457 0.528541058836403 0.49125673998533 0.449965801235749 0.522757344978848 0.442793107360285 0.476375745254617 0.456639842861144 0.489736232561142 0.585135243397692 0.470328327080344 0.465042076592461 0.446275877942834 0.390145892471709 0.52117518341669 0.372478015319847 0.479035300966012 0.393940008728731 0.33134743314379 0.479484811196027 0.312058797305464 0.446458838688057 0.520703061079287 0.376155533203904 0.477143071367741 0.310861881298705 0.393471435863866 0.430376769590541 0.404462325104279 0.258536507831481 0.42635503690635 0.595640022946019 0.433896309209734 0.547617238984042 0.460883537066214 0.491021185247867 0.535437017814391 0.492556016145666 0.452518403518615 0.443395973800824 0.463322672630369 0.431904206912583 0.458594770052336 0.266019129227927 0.436576771819701 0.242226453380719 0.217150268681578 0.230941683446837 0.215589314218225 0.307417245346932 0.368856124675859 0.292422310178376 0.290834176241401 0.321765438017865 0.225786029765653 0 0.40570689542168 0.293499993670893 0.298950072260538 0.422971594575018 0.449420819283666 0.261516843977042 0.335448704442592 0.413301407626502 0.416310191176317 0.348250895173086 0.343630123762319 0.429731093743329 0.398383643758168 0.355161927639109 0.406774744444064 0.501512207568837 0.438563740457493 0.457589670450512 0.374366623491806 0.375932955476086 0.659347107068424 0.333024548290073 0.271726917693083 0.348798282016809 0.282957459541987 0.307593953725856 0.293607018017654 0.342357722652743 0.397723106753821 0.535099737494969 0.528555356414881 0.460943842025664 0.472609312929894 0.412350455593074 0.446062116156929 0.528986900299754 0.378167944687624 0.420508275684419 0.520905753942564 0.448074856189308 0.456979453890116 0.359462481606641 0.523523108459121 0.415215976245896 0.52292179444501 0.310551021727286 0.41250525970907 0.382993046420033 0.526205581801609 0.515327944645981 0.438944273550755 0.549071620114609 0.579159035027879 0.534039608895056 0.52832997466266 0.558533511919237 0.428850868229367 0.440834972875497 0.403234103438756 0.383082533486844 0.391949052254613 0.503371303711619 0.483433108133477 0.52073615313426 0.407088086185044 0.517748652401378 0.608938113809634 0.576112058535774 0.426642703531425
"mahabharata_12-appendix-29_moksadharma" 0.513724134399517 0.518154489342987 0.535349991563282 0.554651595909151 0.540243989436731 0.525779728325896 0.499053200335107 0.55985155058989 0.547786057487184 0.57372941414793 0.528955787071192 0.556883025381812 0.534395391789671 0.517022709635544 0.410285260733503 0.483073054895935 0.434816086476559 0.498108779814387 0.433389571610588 0.39824379193753 0.460214155776063 0.414352193962641 0.476993358258598 0.475329876758847 0.426447375683948 0.458853884286045 0.37324596800661 0.434355266148473 0.487267638467196 0.523982209269749 0.411983994984456 0.466196674566525 0.607191393534112 0.446911151629501 0.544826464566029 0.444120148024457 0.478523852600518 0.508097331849733 0.481772946405915 0.463232091618264 0.526331257935031 0.455110477668962 0.431473958952715 0.459897374693114 0.388802690134321 0.500515141389522 0.378090602779517 0.404878925089967 0.442986635306453 0.374675258609611 0.472854484190834 0.410176951196574 0.477112557707055 0.46158437203748 0.47188033532544 0.372652482798486 0.40570689542168 0 0.354290610114145 0.374066230180955 0.422918870691972 0.468902328986558 0.374952549455633 0.400043546822731 0.487864674388112 0.50733104117109 0.446648142761132 0.420851002733966 0.498535867138101 0.451701186937593 0.42604887547824 0.441042001773129 0.509567218685799 0.512504069599561 0.484683386234424 0.471037745653962 0.440199635246674 0.616028028563031 0.419412124899875 0.423126905534602 0.492994954535761 0.432476196931165 0.482653419790241 0.469523592464238 0.460335088799304 0.434305014090498 0.555741064225883 0.551705456181465 0.48225794279677 0.488387870912966 0.461184443367377 0.410670080095053 0.533577304722064 0.437644485280614 0.419487390308311 0.470632675310744 0.494556900047046 0.459432810763206 0.411023717390057 0.532955676033605 0.475939848001739 0.508265479162383 0.407985925890423 0.507628460841017 0.457036017571539 0.534210646825885 0.484236836661526 0.48703190474508 0.568599846179917 0.55163187464635 0.551770969982252 0.503148665790808 0.587679029965219 0.45212873488861 0.498593883638641 0.457731936252483 0.441040741080865 0.41160372415089 0.524473058144277 0.51614491015331 0.579669469950917 0.471440974984431 0.493393929942093 0.614682594583741 0.580088572420979 0.465957120853704
"mahabharata_12-santiparvan" 0.491114275008604 0.428778912358372 0.505671820641335 0.480637515569744 0.460309045081647 0.499211816535988 0.38533680615435 0.444399821903248 0.45444169564371 0.473663591057753 0.569477212387313 0.468561133638878 0.430839716129844 0.449724101102205 0.36073313857471 0.456918146111866 0.35497556381491 0.490613984693878 0.405848992950484 0.286705280565912 0.446153593650656 0.298148291572258 0.448890568392569 0.472161781562656 0.340235570454285 0.418467281658072 0.30319557233334 0.389404310413212 0.426322325147156 0.480986089779484 0.333418163275081 0.381045150078114 0.575326094926468 0.386249166305958 0.505125932368106 0.398941554684684 0.426676846948086 0.469791549224937 0.444939760477041 0.394254986423019 0.463969319474494 0.389845765927514 0.362010255340171 0.399418451478039 0.280610741628818 0.471465320330218 0.191447058033748 0.263113089375626 0.285550753730858 0.181534974648175 0.368724278971174 0.311093997007714 0.394300087304399 0.38223609453752 0.380767749619694 0.269562425853157 0.293499993670893 0.354290610114145 0 0.158570794388708 0.372041243129384 0.362634004941742 0.22710242767428 0.305792377524458 0.40925149485873 0.386269069763532 0.350211123655548 0.300387387531616 0.444911951323772 0.367718353280305 0.321014955077483 0.327029099852581 0.471196608162929 0.393720028333252 0.409898340196332 0.389609296094859 0.372665389943303 0.645722590977202 0.355889500400896 0.314439861236452 0.418624832132586 0.366204097023492 0.392815158202787 0.403222215535564 0.393949718634883 0.358395893631642 0.514346865680541 0.50681657289841 0.436691778148809 0.468120633304565 0.394847935872562 0.403395133798287 0.503014672302103 0.344755810781203 0.361256492334218 0.457044969219415 0.428527342780024 0.431331990314825 0.312257900512459 0.487650404525481 0.359302362750237 0.466699965816637 0.308266821949098 0.394397383209883 0.406512214264993 0.480610818324691 0.416871565976014 0.421488643616194 0.553203777133457 0.52593446919359 0.497411603001501 0.448271348689815 0.520606753616528 0.423765679861856 0.420135355656496 0.38008111517593 0.350379339689826 0.345195549330923 0.47739553278229 0.438325257313029 0.5021952505061 0.35452368598183 0.471967927271319 0.567458929835007 0.544497281908943 0.385849834269731
"mahabharata_13-anusasanaparvan" 0.486931471147743 0.463223871817754 0.518149744812693 0.500031220987295 0.483775583394937 0.526740931789497 0.407905051999808 0.475475210537183 0.449715121097331 0.49801972140183 0.581339607202367 0.490994648354384 0.458170502019881 0.469648197173811 0.338560498570282 0.419634004213799 0.356772607469219 0.481643605836986 0.398242050105651 0.26179354944376 0.445762142660108 0.29817397542416 0.4230843097439 0.473137437151938 0.317874883747928 0.393578059576401 0.292193416401233 0.396234356350044 0.42520337591135 0.46961623409766 0.324482167148082 0.358454291516911 0.558491258743956 0.359558373163625 0.473200272367716 0.383279337444521 0.390430691146967 0.441259700294354 0.39302789631465 0.372574113459954 0.460082726243088 0.388154053317449 0.324257740254346 0.383218842542888 0.275323921634763 0.457544271751605 0.210850494456233 0.260766523909167 0.290994095053057 0.220075053577095 0.370478779901349 0.330896856869753 0.409531993958935 0.402256892852744 0.360958741212409 0.271771660566404 0.298950072260538 0.374066230180955 0.158570794388708 0 0.365055230776221 0.315947414895535 0.242645429244501 0.305187870812194 0.395181541301863 0.389352654243712 0.353620433655754 0.283536154607791 0.427686659821052 0.365195302086418 0.306452187769548 0.310366953180204 0.480938778221497 0.393101081200332 0.379029337998254 0.371856167075977 0.37558466351362 0.657593588932669 0.359169358364701 0.325132006346572 0.416859579297469 0.363597112284238 0.395824103858702 0.394059377423184 0.385814245709087 0.362458660154837 0.503472983050999 0.519443551078095 0.434503394984809 0.446231586606561 0.392920469421107 0.394764570983923 0.496395395223836 0.345713196008376 0.378762805964969 0.453951750193784 0.418008949035371 0.429472415374003 0.290650475021644 0.465630089313692 0.329238456771385 0.485471500272478 0.315805722452258 0.376999197417088 0.383287579954257 0.435594954559896 0.402900010480174 0.400198969375831 0.520555977209416 0.492708784179659 0.459401254905141 0.411380180485165 0.497533312301667 0.422380993314524 0.430302720314026 0.358210541625487 0.310326601250655 0.330781355214506 0.473402443977704 0.431535360918245 0.473183346073591 0.350134396746889 0.478648053955234 0.581563269187584 0.532336618029258 0.380513489395341
"mahabharata_13-appendix-15_umamahesvara" 0.434480540497432 0.515129674803542 0.545496622163962 0.529162398979828 0.52261929838399 0.553684326945277 0.534871168713603 0.571424894653669 0.55211889107131 0.582963109226356 0.548143994496665 0.558797035088469 0.532125469230097 0.517399285831413 0.368455235047842 0.459621265470906 0.450409817493895 0.470209823696754 0.433621288316495 0.360977148519453 0.439258208431347 0.380243362466152 0.393510930854779 0.448425332122647 0.31522292575298 0.403758801953245 0.370505932383724 0.506348279512628 0.49896088115896 0.536850037512307 0.438949547290031 0.394430168988096 0.522208439785641 0.416771112511631 0.508807359346074 0.395130099972077 0.413833514179173 0.463366955981358 0.406192614095198 0.449926292654879 0.51857988281959 0.401215451063857 0.359851885907395 0.35566529422973 0.428659775363536 0.518647334265133 0.421617596229282 0.438711488979379 0.465465648630536 0.407023823763513 0.482332452415792 0.461431324123639 0.480191529653508 0.482550019665457 0.48351680928063 0.401309878627164 0.422971594575018 0.422918870691972 0.372041243129384 0.365055230776221 0 0.375273107154843 0.415644373293805 0.449338918260379 0.520561133347545 0.500411359442023 0.438725631081732 0.404810046431555 0.499466153864585 0.478659250196584 0.425289726508004 0.369295422132925 0.423787996617715 0.461164222201093 0.463707617335077 0.470061514755745 0.472554960794661 0.612572202985412 0.462091103573799 0.443155078666356 0.492718606435611 0.466321856254915 0.511932260775491 0.48056636615018 0.4733466437068 0.419705548010493 0.488116794473666 0.423342998253221 0.458914382061573 0.500633866603783 0.491008073533556 0.376122869434243 0.601484483554617 0.40320922440345 0.356601234367002 0.380259550418001 0.498424465727517 0.481255217689107 0.394308645093758 0.414915554654974 0.451631382595005 0.452126937508296 0.41813673824729 0.442464557734226 0.464059041373011 0.48968227106723 0.408823838998537 0.482058355692003 0.549937082808628 0.523717148775231 0.519081011620267 0.443251858398311 0.59067451724731 0.413910654589931 0.433777661081161 0.446767273009273 0.394941563347888 0.359011663678177 0.54361950972222 0.547462489986772 0.517583380574813 0.413015955153461 0.533731759012977 0.656990290735134 0.586585834400319 0.477547785203932
"mahabharata_14-appendix-04_vaisnavadharma" 0.495883654300971 0.546281559001998 0.575933970212522 0.60097525981754 0.577395674640704 0.606337442448665 0.530223798537332 0.580470160718643 0.587318380175898 0.588660354128335 0.608687123382981 0.596325824148334 0.541962968299865 0.540560102296207 0.424292127169284 0.425950416171219 0.482302797067551 0.558059269696553 0.491887345519269 0.396915139606666 0.476537975851809 0.430714724924955 0.484648368001503 0.501604640486083 0.369040576369906 0.429548574546114 0.437631644693126 0.511817847242827 0.489546318892785 0.571676204218682 0.487346479813858 0.424356019390294 0.574834053486194 0.433945635763425 0.482927070780098 0.438190632309774 0.436904211220242 0.45470207930307 0.428566653241256 0.441690240269039 0.569940671477226 0.427490277835197 0.371768843626441 0.438521226841541 0.44827450894096 0.547594618098393 0.414878169600122 0.448657952575219 0.452273536462986 0.393333964849477 0.487283924555032 0.464670868557546 0.516648971514611 0.515439806441923 0.480619087430602 0.408615502884174 0.449420819283666 0.468902328986558 0.362634004941742 0.315947414895535 0.375273107154843 0 0.419413417092709 0.428576044562115 0.485428974593808 0.486602172725096 0.443240098075251 0.424111966624845 0.533448095543496 0.490116075619519 0.449397956627137 0.370331307192566 0.512049839935838 0.475785808826109 0.457019981005052 0.489396894189189 0.515897222124698 0.692210675155714 0.507677757716447 0.487755749413047 0.542568549287026 0.49642773571122 0.524397386783926 0.526921566770493 0.510640688485348 0.473322540915264 0.517571178382705 0.511340632390848 0.491864761741045 0.481404526211053 0.518023169494717 0.467756282219787 0.602685882385661 0.462110486578892 0.42265270865787 0.472370086740556 0.520300648852957 0.510972169693815 0.399998343929896 0.500714509225884 0.422477774922747 0.487393387453171 0.44691203835275 0.491368756363798 0.50698738242249 0.444304914631227 0.385677154894917 0.459339772291203 0.576009700027333 0.55112782649735 0.465225520998034 0.39411699404368 0.519451533582333 0.485782117707102 0.505529511748513 0.468140113765606 0.388596393314327 0.405549617340982 0.550906697189083 0.540592303960642 0.54168089997431 0.426770586349107 0.508912086666093 0.654981157811283 0.585868202319751 0.479920007911531
"mahabharata_14-asvamedhikaparvan" 0.523719178688291 0.453827130149659 0.531509196046186 0.508442063288285 0.501564951897278 0.531624124008262 0.441976580481023 0.495197656798215 0.452767210356297 0.481194811510707 0.590605819766531 0.477957243535069 0.477783255231137 0.475310942818458 0.365016566810015 0.463230562411174 0.321737147529404 0.493757165219875 0.395653709019525 0.261816354939184 0.44739628184937 0.293414056022889 0.471329300987422 0.500414005564594 0.372705034099903 0.454170342575969 0.287247772147581 0.356539241144814 0.443244747176175 0.45508304502866 0.251063702115415 0.376760377116626 0.603764368751832 0.373721468785313 0.510063470234388 0.384047306794513 0.437388866730327 0.459866085479335 0.440309932917558 0.383170024907744 0.466288747874965 0.409495390580294 0.410882415329461 0.437509467471075 0.153375802151395 0.399133315326123 0.206113228426704 0.168284600663049 0.24536430617213 0.202546148577217 0.332888846410323 0.328343616561773 0.317455922531072 0.321624192717894 0.323277062709121 0.206848307800726 0.261516843977042 0.374952549455633 0.22710242767428 0.242645429244501 0.415644373293805 0.419413417092709 0 0.219531900014193 0.319792235602819 0.391533068901375 0.353499815248183 0.280367402265702 0.414077858775146 0.292576858784391 0.272000807511199 0.379358668118984 0.497607781875964 0.434720597826394 0.423428083954984 0.339895402911014 0.385084365446761 0.666473510619976 0.285534213316297 0.257085205517842 0.344305193693835 0.277413013293787 0.328508154466571 0.324144507702081 0.300353066783776 0.379655928556392 0.565258989220955 0.55412478605714 0.438553251545082 0.461802956210079 0.358150251462295 0.428922778317832 0.46922132724625 0.359664462247906 0.399261729336237 0.5009993348142 0.427460163465612 0.459995048263436 0.340877325440215 0.516881289704714 0.335970524134877 0.513842011757383 0.272788028472203 0.376465041903846 0.337421871975265 0.526208607187111 0.45430177324847 0.379430056178611 0.563570472182503 0.543349763077307 0.491857471112212 0.494363588077338 0.517792334380423 0.443281960130406 0.44780230082084 0.387640088542739 0.38379281629235 0.389520125457562 0.471295445488371 0.432610404725917 0.491310276776926 0.414600476558148 0.485554994058286 0.582477429748029 0.533827077655 0.397288016114602
"mahabharata_15-asramavasikaparvan" 0.567344124610563 0.509460019797521 0.58199735183416 0.556527493609698 0.54627585435286 0.572215094466226 0.508380136152193 0.565720230004348 0.50807877601617 0.536761072958383 0.617539247860994 0.527370660229699 0.544972510012204 0.523796639551895 0.434331487758995 0.456593173468688 0.404729787046852 0.535893010898318 0.457513734256767 0.347511574278464 0.489729959303956 0.375805356987038 0.511943902021541 0.535050314892561 0.440137666218091 0.474261723828059 0.338511425182727 0.370895648533016 0.422673610078692 0.502204562340804 0.329084472527781 0.444922840775421 0.628146922878393 0.387619327314101 0.4935458514333 0.42641364232543 0.449317480025414 0.464579355771014 0.438010484969408 0.407727245896852 0.526143294007704 0.482617537312065 0.404943948828989 0.471232479176731 0.259193713216226 0.437287643519029 0.262684328363447 0.261168126343788 0.328759654649022 0.263678116460052 0.350635293724311 0.39089710718867 0.371580416947291 0.363191297282319 0.340801303240705 0.287416421000671 0.335448704442592 0.400043546822731 0.305792377524458 0.305187870812194 0.449338918260379 0.428576044562115 0.219531900014193 0 0.316709781186169 0.367326777356563 0.302681951684002 0.352917460657763 0.46501553934206 0.357272826974102 0.342670887125839 0.409182384872442 0.542984089402575 0.503106086311078 0.454299097358233 0.430176296048478 0.443940338749886 0.690394649239238 0.326194499604295 0.348036378234624 0.421083131313791 0.365769725121469 0.400502489981854 0.369690420931895 0.363698165781119 0.447271730557101 0.603622928313284 0.592927350373494 0.496673935817391 0.503365259780745 0.429065916565489 0.464215625196777 0.530675085379442 0.429562242646229 0.443678032815099 0.544428578143328 0.470653532328909 0.528044314474522 0.396055684357788 0.560199437173058 0.33930638588646 0.558044493688951 0.298786414543636 0.451873198225291 0.412667469858058 0.508158208916903 0.494400578830168 0.43698191869302 0.578406046847978 0.506347076551293 0.473311516365269 0.476454340423473 0.469668783034494 0.493120290140195 0.499646958051671 0.455286954459693 0.407599265812088 0.447448518924795 0.524710501236667 0.491958912521491 0.533319837183121 0.482113740273086 0.499728109957148 0.626574795945878 0.568480468853589 0.454121513761151
"mahabharata_16-mausalaparvan" 0.572419408569057 0.561691090900249 0.608036377070936 0.588605823221571 0.586570750649281 0.595012845345458 0.541304968722746 0.614231878676571 0.551410424886538 0.549043292263577 0.65327008715832 0.563123254655218 0.611992953953401 0.522515241331116 0.47528646807302 0.516941170662909 0.447039099039487 0.532834324000008 0.465663351354035 0.401293432391915 0.541762172542968 0.446573319199052 0.540790723960434 0.556484870802336 0.509442099837461 0.542659845644911 0.382157015529128 0.441411879528973 0.437205490597535 0.498140830511308 0.36167567753897 0.462114551954899 0.663220191470844 0.435134157725802 0.540734986068453 0.430174407597295 0.491195314919719 0.51185477081937 0.46359119493116 0.424853881963324 0.522789614763664 0.520660090194005 0.457643414317403 0.514406517381668 0.325332867461577 0.367300594105616 0.359638510654515 0.32964347272455 0.409302164883617 0.360440743600778 0.345563691420531 0.436517204171119 0.352779091115178 0.363025562966009 0.315505038387716 0.320651956536231 0.413301407626502 0.487864674388112 0.40925149485873 0.395181541301863 0.520561133347545 0.485428974593808 0.319792235602819 0.316709781186169 0 0.448080722613061 0.416242572522431 0.434823039256514 0.486062742181983 0.445077578851889 0.430701438261704 0.450170027024143 0.564105393779078 0.565392775579401 0.507880304050803 0.472020938713092 0.495348001636867 0.725186304254008 0.355513535190433 0.405105128862018 0.44053944421909 0.391605979857467 0.422757005513622 0.371164020766246 0.37895421868137 0.493065819333882 0.63888224735901 0.628014463593153 0.52193032712791 0.524266266135089 0.47570841227027 0.539827246963303 0.56842355045679 0.488202740595736 0.482304406408386 0.593583434379002 0.481825164884647 0.560442644702801 0.46402611128884 0.618965138062879 0.382969857849354 0.581193396744204 0.327807314404875 0.452687513550728 0.384320926894734 0.560627800948951 0.533022261072056 0.468605617612482 0.574261632831625 0.560745964012378 0.515903635211264 0.547118380062305 0.508396105089105 0.481430999892798 0.521547194553473 0.52222706237457 0.443165977589506 0.502459231941187 0.568265616654452 0.539145740997466 0.565845626445946 0.528577464655001 0.496445784905068 0.678973175848179 0.596105614364284 0.498903186310024
"mahabharata_17-mahaprasthanikaparvan" 0.610446973010336 0.574597156398104 0.617191619733601 0.610551634596178 0.605223020061863 0.637044989297788 0.548406765109265 0.588596545496611 0.576437466482937 0.608268476882278 0.64598864174995 0.599866183559716 0.598713359675141 0.571242246687098 0.51485841279913 0.540584598254394 0.488956938300421 0.588544673761355 0.52370727101852 0.429672351804219 0.54700521483305 0.4533777029315 0.57956720106657 0.591257844532954 0.504671264210516 0.530008109168555 0.460098301064298 0.520822503389135 0.53978064058577 0.568827624494642 0.465356319305207 0.522937952791656 0.653325362842685 0.476536709415524 0.58296653583952 0.470125702631809 0.494834270115542 0.538308835416475 0.502918581249956 0.473160171963595 0.578205328981447 0.543112978416632 0.498910698667169 0.538492337122139 0.393526209988047 0.55177026094896 0.362992330171117 0.397302031170424 0.434560658424437 0.386184889826509 0.4415609058309 0.486149522121837 0.474519420666198 0.47158144509078 0.431029545654792 0.41053499330527 0.416310191176317 0.50733104117109 0.386269069763532 0.389352654243712 0.500411359442023 0.486602172725096 0.391533068901375 0.367326777356563 0.448080722613061 0 0.391912482358145 0.435980204609488 0.500232098886704 0.446659271233596 0.433518191185184 0.462854357093248 0.588149811129035 0.54386345820829 0.513196723434458 0.506732499083722 0.524143189100921 0.73603221185639 0.467586957862965 0.457686279043645 0.530232143706461 0.450030251959362 0.508109918441468 0.484357552273394 0.493211866171667 0.520775076013012 0.646019858706248 0.649436889801719 0.557974661103001 0.528904036827196 0.531423603944583 0.535941164619414 0.591001639283186 0.518124534961329 0.512630596479555 0.602384136328094 0.536340113090425 0.575051563446019 0.414992040417412 0.553748137459158 0.4804461709806 0.59448583821097 0.460326177435337 0.486610385850793 0.491346117326397 0.558012658936873 0.542495151438256 0.499162060766358 0.627099744363859 0.553348170452314 0.563689401562685 0.580642832806879 0.49249395656855 0.560056243258007 0.56134622235826 0.492225625404697 0.482235330518137 0.5139697888201 0.570414839469258 0.514834078715809 0.522397054595959 0.492354580263686 0.503451582641786 0.648969764441853 0.581654901514289 0.44729057392507
"mahabharata_18-svargarohanaparvan" 0.564043530478418 0.531442820422676 0.589688535247261 0.577430265268851 0.559338583177214 0.595930215757844 0.5361298752527 0.572820272303076 0.538628158844765 0.572111499297534 0.631199650363079 0.567403575532061 0.5466339785937 0.551622477115538 0.460287289362779 0.528605801363454 0.470013405001332 0.542457660877195 0.483850038895146 0.395217945585847 0.526815463333621 0.412705040587351 0.53017297991134 0.543775046497805 0.438892994900135 0.494148569248343 0.379053968653907 0.41691100561661 0.463023819966915 0.464947265547267 0.402558650059897 0.486625184350189 0.599756849463766 0.435762736550227 0.553105002224004 0.453911152763373 0.493345379694778 0.524889450954901 0.479306256678693 0.451986523553032 0.521552899151036 0.495567939245068 0.44428281708786 0.485424381286349 0.377337855036366 0.469369723439527 0.292023973782916 0.36250942594572 0.388960286647367 0.302036613319065 0.33650979109539 0.409515254739607 0.388366365885132 0.373495501807284 0.347231004453009 0.339773981489956 0.348250895173086 0.446648142761132 0.350211123655548 0.353620433655754 0.438725631081732 0.443240098075251 0.353499815248183 0.302681951684002 0.416242572522431 0.391912482358145 0 0.435270843565295 0.470164795894456 0.456078589310775 0.432138657609852 0.427968557284862 0.540922967400423 0.516926682460722 0.492705335506647 0.466617267593456 0.480801582140976 0.698448455182459 0.363283969936902 0.408365661418692 0.473231899214327 0.408760976523495 0.466547412730658 0.429083582507324 0.451474595883928 0.471886612400339 0.584259731934549 0.57638496830801 0.526454070990623 0.525968018203868 0.46833670310728 0.489243990526251 0.576238551295326 0.462166452634927 0.454897036278519 0.561425758008191 0.467257960196367 0.522314555494693 0.390916905652611 0.539371778194746 0.409553290766796 0.565946745803389 0.368372447014382 0.470165510149758 0.473114734963901 0.522165522743216 0.515509103169251 0.461855403573968 0.527765741216413 0.583624161073826 0.489139559714083 0.511326626225866 0.524251634122986 0.48897314595798 0.487865381314404 0.460633493725823 0.406282024746452 0.446833644293251 0.541433552035578 0.534942790101357 0.573741500685953 0.470805393400505 0.523838902150774 0.645279343279372 0.603363378891331 0.47656117968056
"markandeyapurana_adhyaya-1-80_u" 0.49847721398631 0.419935744457378 0.490891279068288 0.470511051326676 0.460201399870447 0.492861587475134 0.435613067576326 0.487832569823667 0.433487994663722 0.435754833421152 0.551036186793874 0.463380592865199 0.468743576201284 0.427333566792813 0.304352862360757 0.465435439511578 0.315365446882039 0.445068152307068 0.35086405129179 0.212553704108133 0.386137555915537 0.241500329216087 0.427333283557308 0.478272520383231 0.319517158322864 0.419508208086123 0.329926105274365 0.412545265614853 0.50658804647045 0.508613336099808 0.311764556519586 0.29354430495704 0.557202056491215 0.388242587281744 0.524418351634204 0.37397404656671 0.402647317028738 0.481571203134644 0.402016361389719 0.430519720232231 0.438286143972139 0.39323434084889 0.390242562710494 0.415138526877192 0.251671907975043 0.480306589275814 0.308277510831695 0.260369211564308 0.307681642342029 0.315372564955575 0.414143263123002 0.352117811665277 0.413362428065646 0.405439911003283 0.415360904921688 0.321920144180105 0.343630123762319 0.420851002733966 0.300387387531616 0.283536154607791 0.404810046431555 0.424111966624845 0.280367402265702 0.352917460657763 0.434823039256514 0.435980204609488 0.435270843565295 0 0.31921376254 0.241994718880921 0.0950710312079848 0.34640231953777 0.446259332170285 0.372327363627554 0.388016582536485 0.33258521202432 0.346837526184234 0.632406869349286 0.363309738990279 0.33402584753495 0.388466667278527 0.355628603060927 0.362603986096932 0.400277054667887 0.375077927138667 0.328662405670887 0.534837494713568 0.520346629550607 0.428760163933695 0.413255607032854 0.353132678502175 0.389011869527803 0.468745153380933 0.335171107567829 0.330294731963822 0.449290784280556 0.456816484297033 0.395428930742413 0.321042915168337 0.463932194246574 0.378403360377467 0.507375676045477 0.355785997585535 0.379862143170877 0.355979798725289 0.49070724647571 0.464796497456623 0.415138296272856 0.556344049551788 0.554149668001875 0.512219673403546 0.495738651507624 0.516100429029108 0.417338203295258 0.40780556193347 0.361407450832554 0.378094188374799 0.322306257214309 0.401749285328166 0.381921208317065 0.416383505774811 0.338315456218521 0.427156636294636 0.565728535156585 0.524474252855105 0.295328995924308
"markandeyapurana_adhyaya-81-93_devimahatmya_u" 0.504023783911722 0.517698111279594 0.58032184137324 0.522561027161106 0.536909186045136 0.55344175430434 0.498922329528904 0.551316565412241 0.480646208106782 0.525813212224391 0.607906511726113 0.4956584303135 0.55177460186097 0.483871994326215 0.367089027833943 0.493159592273522 0.371719467193227 0.427850209345358 0.356571531365289 0.329823867952654 0.464636392807658 0.347445392953031 0.437391537149414 0.486675608301801 0.422160019836704 0.490787982202234 0.393805241592678 0.415998708063575 0.549435302955999 0.465557076782596 0.382183624232989 0.37561844242319 0.592540686099486 0.467158773412438 0.56306726225157 0.437843571920962 0.483645576247592 0.546692894634301 0.463185587303221 0.468353729268565 0.444038653674515 0.502575634818427 0.432900315021065 0.45725883724826 0.368404034741616 0.470220212724185 0.409376980626149 0.379577028856236 0.418829460893473 0.442522110448269 0.431944160763335 0.406886007809229 0.418005755062795 0.402780625872791 0.422548264257113 0.415330797115977 0.429731093743329 0.498535867138101 0.444911951323772 0.427686659821052 0.499466153864585 0.533448095543496 0.414077858775146 0.46501553934206 0.486062742181983 0.500232098886704 0.470164795894456 0.31921376254 0 0.346684498417181 0.287218744692876 0.415102158560955 0.472387804101741 0.525781782824212 0.420021991495324 0.386104696960693 0.396633752233759 0.651514221298197 0.415855804038187 0.460359738393574 0.47874043817713 0.44660724973646 0.46271914159905 0.43367795584712 0.439563767767194 0.419467066366938 0.579026823310437 0.56565072429623 0.465782831692632 0.409380569775233 0.369498499510849 0.441535618324239 0.470316148374372 0.394225213763373 0.434168396485961 0.490662169569071 0.403617203403161 0.479411623614322 0.393120402761585 0.528296912218805 0.424726325337897 0.592231859599756 0.411268659440002 0.42309723009694 0.3633977225719 0.551372524752475 0.530702871746317 0.425106801118097 0.537564040687898 0.567286939844708 0.527309906434958 0.571477133835812 0.53771943612479 0.472618597289231 0.445778282917801 0.397213135919039 0.402597979778237 0.461780864331999 0.422703220080182 0.446153233517977 0.467343017088328 0.435575852304278 0.481573910207696 0.600796596506151 0.534873511957676 0.382153289162538
"markandeyapurana_adhyaya-94-141_u" 0.565340687519201 0.467482469637278 0.516627273433425 0.487141752222003 0.488873666210348 0.550587832394799 0.461283370640195 0.523474125048921 0.448880759238862 0.476904595718662 0.583062107303102 0.488006569497277 0.489247657831695 0.490174848178542 0.393308189671124 0.520142011254223 0.354487836524259 0.496213741677698 0.414047637127163 0.286339103215615 0.449755687814418 0.329742408500705 0.45599466488969 0.55509530894662 0.414398002055474 0.51688552135891 0.394126811964717 0.424783857950485 0.537811497996897 0.537176085348153 0.339269053181384 0.370480310707424 0.59434648294019 0.429114725654203 0.568712857096644 0.426665716177579 0.456884296350122 0.509922881096977 0.469199588368657 0.437266560532577 0.472178493457863 0.450032006477238 0.481018267677366 0.505337718702751 0.268314636598019 0.495981466897282 0.349859554295836 0.288714505395255 0.325489284073459 0.349778315831448 0.448635587499484 0.378332779151411 0.406941860184658 0.420038922849703 0.441454297929059 0.351282602905914 0.398383643758168 0.451701186937593 0.367718353280305 0.365195302086418 0.478659250196584 0.490116075619519 0.292576858784391 0.357272826974102 0.445077578851889 0.446659271233596 0.456078589310775 0.241994718880921 0.346684498417181 0 0.168781330000763 0.442382192517699 0.498331713890172 0.428473359584987 0.471262414104351 0.341296014968941 0.377595375044868 0.671956927855175 0.357927321432164 0.350207653442713 0.387463517245941 0.380430684299273 0.383018269282691 0.403414885183509 0.337173354160565 0.389969677198827 0.558315408847206 0.575401473587674 0.464195722568592 0.434371824931284 0.354252359796064 0.448553815249352 0.435783328078606 0.371959347153401 0.4465085711728 0.527192882098962 0.48730733043154 0.447772932408213 0.372463921291958 0.527794248714591 0.388581853922669 0.543749009116516 0.367505199219874 0.389546175469476 0.369648537724235 0.567366386625186 0.526211979826876 0.452829870732913 0.613831959339003 0.589403645825754 0.558300889804391 0.55193215889458 0.552573994207164 0.501061281102892 0.481471528922867 0.366915422723727 0.456500323884552 0.364164167295454 0.442155261232 0.340842649915012 0.429123815282328 0.432968731529209 0.485538000132809 0.554058772225197 0.513186989008563 0.328404616617899
"markandeyapurana" 0.516380956707145 0.429994324004676 0.499271553361278 0.464514042590573 0.461904804856806 0.503570996672289 0.434997797289535 0.494371119795107 0.41482122548372 0.441614333604745 0.55821957713338 0.458417407285166 0.4760871474792 0.435049204748153 0.317674257522144 0.470990335052347 0.300925101317448 0.450389092881279 0.358052050257769 0.217727420464797 0.395522139516519 0.24631152183503 0.4241695632887 0.498037267535712 0.345775536282083 0.446128615729206 0.33952504806364 0.402641707493409 0.508086997903132 0.50121418558983 0.300052616617228 0.301002754418533 0.563608722433147 0.389233472376215 0.533357763084453 0.376413797886289 0.417063226064797 0.489227061937455 0.410903161152946 0.41785648898968 0.434383141007872 0.412211648234403 0.411792757485264 0.43842548407184 0.240422431350895 0.474700555097053 0.313472877783241 0.25415055460106 0.302203573328645 0.316798171616707 0.411955556517989 0.346613299313639 0.395245254093643 0.393127017137924 0.40887614074458 0.319569165303236 0.355161927639109 0.42604887547824 0.321014955077483 0.306452187769548 0.425289726508004 0.449397956627137 0.272000807511199 0.342670887125839 0.430701438261704 0.433518191185184 0.432138657609852 0.0950710312079848 0.287218744692876 0.168781330000763 0 0.362964351519848 0.455758059219577 0.389039699429457 0.407636673157257 0.308050197478383 0.332241952538462 0.641991679146059 0.349480706936768 0.322052408114233 0.376619016331952 0.347024327641622 0.35782965697489 0.385496926793709 0.347807275397181 0.34334435957603 0.536229278507018 0.533543023883796 0.423543927924877 0.398034737321289 0.328419013888888 0.397693564453027 0.440866438419241 0.330123600033243 0.361889905002721 0.46730787169425 0.446960864707888 0.401051493155289 0.318696906558686 0.478323845526649 0.371180034576649 0.520064844227476 0.346588895835357 0.371221081737771 0.341290254467883 0.512085635733467 0.482823998962148 0.40854587312912 0.564114804280902 0.558335406267025 0.516783380119853 0.515220546580488 0.518169723877046 0.432474659402419 0.422425883542332 0.347960475854355 0.393659943963076 0.334238848187397 0.404428153525101 0.352718428031576 0.404079520725598 0.366339336490705 0.441973444330085 0.554699560549697 0.510986303855384 0.289710962444798
"matsyapurana_pu" 0.36012245610947 0.482878595545924 0.553877714884329 0.52683354504593 0.521257632831533 0.505155905084772 0.484398254325851 0.551795668738429 0.500267877871867 0.515056576090902 0.607896565672935 0.51186365658634 0.535354846903143 0.429583752582082 0.282173665784901 0.354419628311034 0.359643741685929 0.421020445211315 0.34326935934328 0.303056673829749 0.44207247388345 0.343210379887634 0.343784667710531 0.370623887814737 0.341747029953458 0.43090828479151 0.31722525182482 0.419007779505053 0.401266077642018 0.437874811216699 0.382119177842897 0.301386656042479 0.581548758437576 0.36810852835461 0.451441096315106 0.326072037898283 0.351699585946638 0.447706208127775 0.342879360744259 0.384220691651024 0.460822680229454 0.414174360431408 0.28298926410234 0.322631978559358 0.375989542156452 0.452667967407906 0.349775400839517 0.378344917955066 0.407717875473639 0.365484176735118 0.387543841740825 0.381375610744789 0.427770744722714 0.418412681416808 0.390195512461818 0.382608088065865 0.406774744444064 0.441042001773129 0.327029099852581 0.310366953180204 0.369295422132925 0.370331307192566 0.379358668118984 0.409182384872442 0.450170027024143 0.462854357093248 0.427968557284862 0.34640231953777 0.415102158560955 0.442382192517699 0.362964351519848 0 0.37722798449464 0.456613809948079 0.28747465203722 0.386620514045812 0.410812791706637 0.630682612140572 0.434593751546215 0.447103781051252 0.485803238484139 0.43529587498088 0.484751734504463 0.443590294836106 0.45403363936585 0.394185884828642 0.519122376903769 0.490585948774531 0.387869437521176 0.441782006226254 0.462322076363491 0.369655288277133 0.54569172249047 0.371416264696658 0.354905295864969 0.403788749287483 0.452917191235877 0.484278373710371 0.249367779012916 0.460287298738238 0.39232290168053 0.436192647866179 0.356735396344557 0.404401835920177 0.392886655159919 0.433526693673054 0.351008450091284 0.398777299293536 0.500645102274645 0.50164166031622 0.417779649889014 0.43000177468081 0.469354263981434 0.40543570157136 0.411268312994715 0.377379531517581 0.25482113810754 0.418321392952918 0.436884754029225 0.502365995643229 0.440247135919689 0.367937428600943 0.476889792816335 0.614649535901089 0.543328111274385 0.407288950020284
"naradapurana_khanda-1_u" 0.285109568953735 0.486831035921548 0.491138803197722 0.48392488830259 0.482874807612653 0.455407302793995 0.520215505041822 0.542264888341131 0.531030190510032 0.508718548652821 0.558063453011045 0.502733050974952 0.494101651119506 0.406600002602477 0.328884720855847 0.51519475044291 0.374508138809431 0.31430056589035 0.300867042958221 0.413782225260228 0.397850472725971 0.372944007189888 0.299429855175175 0.328974700749638 0.349671814565536 0.482210337469311 0.410339303155372 0.456724064303365 0.525094352341245 0.526441143421823 0.466522561712925 0.366160470760822 0.528790375238716 0.512420617744525 0.579163787901667 0.439413196641616 0.480571355469046 0.53579658057843 0.482181833904404 0.510149036292169 0.437051269512095 0.376356953046216 0.409677818866813 0.349931888117107 0.490252578991394 0.498131532300415 0.498760884418046 0.495190432759757 0.489358051683926 0.50641390201955 0.504237116992281 0.487914257252818 0.491567237449903 0.494567880780094 0.520345224058822 0.472994338803935 0.501512207568837 0.509567218685799 0.471196608162929 0.480938778221497 0.423787996617715 0.512049839935838 0.497607781875964 0.542984089402575 0.564105393779078 0.588149811129035 0.540922967400423 0.446259332170285 0.472387804101741 0.498331713890172 0.455758059219577 0.37722798449464 0 0.456053427050114 0.475164950849329 0.415636227543068 0.410169448755628 0.538996141916485 0.477835590728405 0.492015227676936 0.4832831462653 0.501572610965381 0.51286717214274 0.484716161131434 0.493203853708871 0.389763159569655 0.430723771657765 0.39516472516381 0.385413322160222 0.509429273385199 0.450448440113246 0.391495835834325 0.559099334898782 0.356901841999176 0.339190589688873 0.306410804840671 0.477304403014735 0.415840186536541 0.439528570076454 0.435414487295347 0.525549939570406 0.408586835584905 0.481736736666537 0.439052835126127 0.388925561406496 0.530024250597888 0.485955606827006 0.519939269858248 0.552676293285429 0.628120086845849 0.566868968162761 0.541441638855065 0.610419740696024 0.426973290558104 0.36468214994981 0.422425898591375 0.405862396887142 0.40977448213977 0.460105141035034 0.502845759330987 0.47973480971888 0.396931008339794 0.490761498568921 0.644694432474637 0.553800543335603 0.428042900823032
"naradapurana_khanda-2_u" 0.524954678885887 0.425945886871318 0.444110218592145 0.455345724351763 0.42292519476016 0.512994207463607 0.426313341727762 0.464207587874525 0.468498907956627 0.473235279453198 0.536495119135903 0.463863711400422 0.391851830222636 0.468965618986291 0.398961568630247 0.584462799441711 0.398950032344364 0.50545318766078 0.432281995927935 0.396114664731959 0.393140901016836 0.355489241178154 0.409616441712945 0.540774788970391 0.369462467502768 0.440933062305697 0.434935368731872 0.474432338692023 0.583339598741763 0.602316902289304 0.426262313976654 0.375254896059038 0.57060121485087 0.519895592365775 0.611359615950329 0.511970252521215 0.530528856326217 0.568441368136522 0.537669106059709 0.528286935176085 0.455145552169067 0.3956127754033 0.472129834726502 0.513575879657945 0.439420455192801 0.582476483662938 0.435863765554959 0.415655966434304 0.408658793368333 0.397813381776067 0.519079695461409 0.497209470694327 0.498801141584488 0.504684558015805 0.515003274262687 0.44043933449227 0.438563740457493 0.512504069599561 0.393720028333252 0.393101081200332 0.461164222201093 0.475785808826109 0.434720597826394 0.503106086311078 0.565392775579401 0.54386345820829 0.516926682460722 0.372327363627554 0.525781782824212 0.428473359584987 0.389039699429457 0.456613809948079 0.456053427050114 0 0.5253170345515 0.350620560562559 0.383394514411074 0.628283257377903 0.451570734125811 0.366697057296699 0.396487241548961 0.429060140650207 0.414646383065221 0.465854357232461 0.405592821470748 0.381421402148381 0.518795950811473 0.525465451191673 0.386337468429886 0.507248052121746 0.422539975836418 0.466464309943582 0.501430840485936 0.379067708999412 0.447211830888216 0.471128800810229 0.550435671357016 0.365801935431747 0.447542448631877 0.47857339104883 0.521271317549704 0.474182176662122 0.484527713699438 0.46719739075793 0.40250257906705 0.58508799532628 0.504334941184238 0.537514813623092 0.636677006710804 0.671122350674374 0.624051631280936 0.55712636613917 0.614581552681341 0.51289522049472 0.46162069307191 0.404973428569956 0.464553554200899 0.377362230203063 0.533626098198904 0.493409065614076 0.525727250077257 0.437885586885595 0.536249334642879 0.595677570762376 0.629009058701233 0.446968290398932
"nilamatapurana_au" 0.437659095705591 0.568106800497393 0.630427070796082 0.600410558946074 0.586721107230273 0.596856872992769 0.571105611713122 0.613140930854725 0.560907703905405 0.575125188566031 0.649743786409927 0.570529503406977 0.59812993893269 0.54830797243676 0.350130932339256 0.43828569106873 0.412187133634583 0.472094455005146 0.397414355292352 0.337545164278669 0.48684991823119 0.382436999830418 0.427272115198753 0.45997354792228 0.422898857994726 0.452038632625111 0.373608827900849 0.443233162779703 0.502654506336984 0.478104112434807 0.427229867904295 0.3537304957073 0.636503175541054 0.398116511166366 0.485137415339059 0.366431980126963 0.415274320520443 0.483436509774889 0.393563518520284 0.431649294873706 0.498607844724235 0.491221880352547 0.369484059882067 0.393196366826918 0.396944869414065 0.489232512204244 0.403283805155302 0.421568965201999 0.459577773747792 0.456715506431117 0.46132147294958 0.382992165695714 0.488569580306964 0.469260670378103 0.440871063250572 0.43592528935978 0.457589670450512 0.484683386234424 0.409898340196332 0.379029337998254 0.463707617335077 0.457019981005052 0.423428083954984 0.454299097358233 0.507880304050803 0.513196723434458 0.492705335506647 0.388016582536485 0.420021991495324 0.471262414104351 0.407636673157257 0.28747465203722 0.475164950849329 0.5253170345515 0 0.407803408194734 0.427824856783069 0.668838382211565 0.443067433838325 0.49578920030017 0.51071131676665 0.470159046185435 0.526306561739632 0.471231296239539 0.450874140151487 0.446340701028844 0.583710518908805 0.564833534307855 0.426046055164732 0.430494933799026 0.45536249927846 0.403666034602812 0.531082890438943 0.444815057205183 0.429920049785967 0.478425170716346 0.476518250293699 0.538726842621085 0.310988884836596 0.503296918078603 0.448500554335409 0.510231111765887 0.394947299587134 0.421507427561045 0.426620345072843 0.529285221108997 0.4322791472617 0.418313182732289 0.542274856236531 0.552910451293128 0.470720683415254 0.475113100025614 0.510041653338755 0.492960036919426 0.449063485045219 0.398984398149883 0.343126727192893 0.481314363417185 0.432276259335167 0.541453943286244 0.508783439328826 0.447465187247934 0.506991463100619 0.651521802394675 0.59573082343891 0.458648826121536
"nrsimhapurana_pu" 0.504471414314145 0.410785891282911 0.495090058207839 0.428853826494809 0.432382285072764 0.460786952075185 0.408536150712276 0.474494300518265 0.396259690626877 0.398148498811115 0.559259687878833 0.380127166632682 0.452388729834606 0.380256877287491 0.288020058617839 0.506263098795186 0.198517465619203 0.417517625903817 0.299937071067449 0.273259227177978 0.390442333058702 0.27487778092941 0.391166111343513 0.507113598239975 0.361298844395905 0.459540777148453 0.340605092522502 0.339069185847794 0.503108076700629 0.497957424646237 0.31017114282087 0.314540664621279 0.567064768630686 0.411071450425572 0.562094248188103 0.408695132507276 0.49097507327779 0.521301998248298 0.460547813425196 0.430311301410652 0.336230090963094 0.381748463698547 0.410939659091617 0.457617434237532 0.318155813714683 0.447770169858483 0.376042037326199 0.310280125896656 0.333223473239944 0.383967617706995 0.429406880583607 0.360780172385374 0.401925639336133 0.402403065487815 0.413828385264956 0.351413360370832 0.374366623491806 0.471037745653962 0.389609296094859 0.371856167075977 0.470061514755745 0.489396894189189 0.339895402911014 0.430176296048478 0.472020938713092 0.506732499083722 0.466617267593456 0.33258521202432 0.386104696960693 0.341296014968941 0.308050197478383 0.386620514045812 0.415636227543068 0.350620560562559 0.407803408194734 0 0.262774615425745 0.60917021859106 0.355556479195839 0.36382665923742 0.336393341488875 0.375885033997656 0.409818756218968 0.372970600602891 0.303072633949255 0.295560230003148 0.519982557020753 0.537206900233899 0.342321183962078 0.440246219734628 0.248827018739127 0.402495298969827 0.368367280325026 0.296647730128567 0.400366289886688 0.466992509937096 0.462183070317549 0.374945519638832 0.345372049326419 0.480165847911199 0.4072489138424 0.49672222940715 0.37129989896269 0.356353164254961 0.304035770001477 0.561572114481966 0.486909078962629 0.446027437358301 0.607031691220759 0.626003396340509 0.534002180382451 0.540811580346948 0.563980999562268 0.493791728261152 0.409568690228081 0.29017492581885 0.384006757842274 0.412566805371178 0.395511956202468 0.41667812214437 0.432350909545562 0.44195454690001 0.481979206512363 0.57100490114402 0.544672474184648 0.388911155437969
"padmapurana_a" 0.515294910962585 0.39616238415531 0.47071700785614 0.440642270810709 0.42394209864197 0.429221826842137 0.400851240023963 0.456564876885114 0.378165328815918 0.418011757314083 0.522069881769057 0.375343293471714 0.416831702496689 0.366577200513753 0.327462003387148 0.528929879395576 0.254763300774741 0.379022665932721 0.283254061180944 0.309652711964368 0.410564302690794 0.27360582748798 0.371416958710097 0.498969656264364 0.373273786518708 0.492603255609404 0.375131013811329 0.356520111338759 0.499363603054716 0.489196423545978 0.348544164143003 0.353686247816983 0.522927040613445 0.466304754625385 0.580205335918774 0.46211354157503 0.515761658259252 0.565066300511421 0.493783314312561 0.470875368610535 0.296264299636344 0.404759951259565 0.410783135336201 0.442310767332274 0.342178469685399 0.479717806147467 0.365359250121654 0.347155936939659 0.370021203882497 0.393186707328595 0.43285507686332 0.354002209657247 0.429169526725119 0.415346057617876 0.442013270499015 0.371849435079451 0.375932955476086 0.440199635246674 0.372665389943303 0.37558466351362 0.472554960794661 0.515897222124698 0.385084365446761 0.443940338749886 0.495348001636867 0.524143189100921 0.480801582140976 0.346837526184234 0.396633752233759 0.377595375044868 0.332241952538462 0.410812791706637 0.410169448755628 0.383394514411074 0.427824856783069 0.262774615425745 0 0.57228647763417 0.371597710172911 0.412775543306341 0.410115321933185 0.423124802365394 0.428729256527093 0.409617071308102 0.382046246603274 0.256429613273729 0.503477744388204 0.506011805368753 0.279943586501272 0.430863049324831 0.311936423521732 0.348350722019118 0.374849026934871 0.294133169252465 0.389452867814738 0.454110255230701 0.444622757096257 0.355525751637376 0.37463387853143 0.487196259251197 0.441101293920413 0.490752046738266 0.361788384567394 0.375512360479578 0.347453603390786 0.557433866100865 0.519613876007369 0.452369069572124 0.572882016044989 0.618658688057595 0.582934402813276 0.542472409973318 0.592539458161312 0.448471414566761 0.4186372607947 0.329948314469248 0.380893904717396 0.400407970526604 0.380785525762541 0.407162314682948 0.455454137257845 0.452903920583501 0.485207857521398 0.545002383364829 0.551590674656692 0.369547628872089
"pranavakalpa" 0.592852723851404 0.589542045660592 0.59472613253012 0.583712946482406 0.571985102747383 0.526779260763293 0.619580562812236 0.603766670610004 0.604694002820228 0.607660075436016 0.422829894303481 0.590085422569302 0.589097534093823 0.551316401025467 0.589648184015978 0.663682749165522 0.584732173857858 0.549665034643166 0.564530822260183 0.633532053136969 0.538715914717405 0.609899624515239 0.595676888103682 0.584821699667096 0.620872709884692 0.625713961836593 0.626845317446926 0.601354116430274 0.655975934585361 0.700640882484139 0.648815541308756 0.607822051371199 0.620702767301454 0.68229694906259 0.724021053192066 0.659449645734089 0.653188011300618 0.68832291475587 0.651630877528393 0.685721697306264 0.551494116088534 0.56735496423614 0.615245672118977 0.589491367426632 0.658335573163751 0.678379811627558 0.65839242638174 0.671430285313017 0.679867359333679 0.669536191639506 0.676725568663585 0.658681063278707 0.683958844687353 0.681227425299635 0.696241242354827 0.674987895062977 0.659347107068424 0.616028028563031 0.645722590977202 0.657593588932669 0.612572202985412 0.692210675155714 0.666473510619976 0.690394649239238 0.725186304254008 0.73603221185639 0.698448455182459 0.632406869349286 0.651514221298197 0.671956927855175 0.641991679146059 0.630682612140572 0.538996141916485 0.628283257377903 0.668838382211565 0.60917021859106 0.57228647763417 0 0.671121829080538 0.67311386082174 0.657545958842572 0.679930430159915 0.687695275205233 0.675204176239416 0.670391183694247 0.555301978122762 0.60203038076253 0.570991322067133 0.575946555464548 0.698575650760117 0.607776792756468 0.559215280313895 0.627777394536777 0.582338114970507 0.553405385695362 0.505832251937863 0.657554347775517 0.48868966085325 0.642736184779521 0.552277316143682 0.670863819030532 0.554583634420251 0.652958335065614 0.648744751099762 0.640168906476452 0.687381568145766 0.668355146242306 0.684417244600249 0.719915637831994 0.744200255247312 0.752047665979837 0.706175269305935 0.742192130738122 0.611792343571612 0.600498866332165 0.638507733269454 0.635826461168798 0.606804029779914 0.623248631021381 0.655259242155007 0.66365853294063 0.646403913013194 0.59452924461576 0.705179251999434 0.703777329727072 0.621519460517939
"ramayana_01-balakanda" 0.527908477543183 0.483467103814802 0.55718294150206 0.512205878706432 0.487858076762969 0.559182264586929 0.479135933630548 0.555113021069714 0.47123953272293 0.495220324228747 0.603859973045098 0.493373945385293 0.538182276437465 0.493048977511615 0.383344407109444 0.546616773401984 0.332063096446216 0.449849325597696 0.384547465461703 0.340600144007096 0.487022420993665 0.334073648648087 0.436074340783268 0.530861143390367 0.411958821759738 0.523447119308962 0.293392049750747 0.349862940629092 0.459729465808599 0.425877414134165 0.247974244854819 0.399454090435053 0.634183252997899 0.375656343002849 0.547651243936501 0.419436378068006 0.497880177140354 0.512283867896466 0.505375016723208 0.391319558961335 0.43633985433646 0.467241116188182 0.454235338172638 0.484931073676994 0.247121379812894 0.355879475586357 0.291666941831795 0.241091091422658 0.294022792888477 0.310567024670823 0.338996121627277 0.349030242439533 0.287369307420659 0.301370093755731 0.319266636121174 0.265847128532496 0.333024548290073 0.419412124899875 0.355889500400896 0.359169358364701 0.462091103573799 0.507677757716447 0.285534213316297 0.326194499604295 0.355513535190433 0.467586957862965 0.363283969936902 0.363309738990279 0.415855804038187 0.357927321432164 0.349480706936768 0.434593751546215 0.477835590728405 0.451570734125811 0.443067433838325 0.355556479195839 0.371597710172911 0.671121829080538 0 0.269226785929559 0.298360100480809 0.275561873554492 0.29057150978317 0.222769251011641 0.235552158084746 0.403146464873098 0.533538790945808 0.540651621781257 0.435374664073189 0.469386939687979 0.354008341733923 0.444225014203115 0.457599427039687 0.389785076149194 0.413841718318824 0.529547855073306 0.453537191137794 0.471765098298084 0.392402795494032 0.539365564967801 0.401248432227768 0.517855106444838 0.265713875015833 0.408825783680765 0.312124961684382 0.579393984622756 0.534623879433546 0.445623236903205 0.540395997145276 0.598165366969219 0.537384035950458 0.558879053096047 0.54755141902757 0.473667330305434 0.434353919340096 0.410864756317785 0.413148802569643 0.406511902294193 0.499791485053865 0.480945717117423 0.531204871304015 0.468321435775666 0.514707284937817 0.630551242373104 0.5856319688601 0.428939958338333
"ramayana_02-ayodhyakanda_a" 0.534326897965681 0.45783835913862 0.540738889684049 0.50623020091408 0.481230298335311 0.552974381780394 0.478143137878005 0.52907855687536 0.487420449463929 0.517388849729322 0.583692217252346 0.483545184435738 0.471066950029486 0.507160768899891 0.401327027383568 0.555077878697204 0.362881209840454 0.478988568397673 0.41470952710837 0.324737103896915 0.448909192973954 0.332192014541876 0.433623941932908 0.536347537464481 0.392359671474035 0.489500806167948 0.298170819963197 0.410095850287873 0.46519887351376 0.476753755490854 0.24046535481719 0.398799865579918 0.615324972308572 0.417780018372122 0.560174888203308 0.449039222365138 0.507843427652107 0.539982371540384 0.521728513576274 0.438097278845453 0.481280908088572 0.437846550153028 0.463098810498648 0.492730122982438 0.265657095305981 0.456671376173607 0.270829119092865 0.223203466102696 0.232786066165043 0.249012695629263 0.36750105527691 0.40205254628155 0.323026753440685 0.331583079866121 0.358454920928696 0.271159938180259 0.271726917693083 0.423126905534602 0.314439861236452 0.325132006346572 0.443155078666356 0.487755749413047 0.257085205517842 0.348036378234624 0.405105128862018 0.457686279043645 0.408365661418692 0.33402584753495 0.460359738393574 0.350207653442713 0.322052408114233 0.447103781051252 0.492015227676936 0.366697057296699 0.49578920030017 0.36382665923742 0.412775543306341 0.67311386082174 0.269226785929559 0 0.220040298495292 0.220617666067092 0.223442884914886 0.268413249654415 0.270270550934558 0.421552678765254 0.553991433835559 0.538521423717501 0.466176188934103 0.491012226753259 0.389739240270569 0.472677206021301 0.511646641496118 0.384594321900921 0.425565723558617 0.516359242980381 0.498201198020194 0.458999125036304 0.415801129208072 0.516200943695428 0.412898575208437 0.499464082117395 0.330042187763494 0.443278071781837 0.325309188195061 0.571175623138939 0.532343276052223 0.474704722117818 0.589719267426866 0.620002230417511 0.56671852007228 0.540869465134358 0.564165384512673 0.459632128810312 0.440980091147335 0.430189493614005 0.440090719396292 0.389493146597772 0.525425059297851 0.477280342843486 0.527289955983932 0.454978162659537 0.528198468598791 0.626249691147285 0.59745868067625 0.452832494985777
"ramayana_03-aranyakanda_a" 0.553709467528139 0.441505880469376 0.534052633936075 0.490519797217889 0.462694323417263 0.551846238682714 0.506663024136898 0.535834361106098 0.470541078657219 0.49157279450849 0.602577877497863 0.473605325533039 0.494405271681735 0.494928210070055 0.431977969291895 0.586750638322107 0.359285435035192 0.465479784672812 0.419535855132574 0.381958252612421 0.451522367610013 0.402129701732167 0.423112709407257 0.558893600240514 0.440426885501849 0.542569525684368 0.33889531526425 0.394173256907443 0.504103286115775 0.496069939251526 0.276710438312999 0.410983015060292 0.626882771883505 0.430708991933684 0.591244501835448 0.477242756486308 0.541925698304054 0.569150734767202 0.552288745572463 0.462058717209599 0.451243331347594 0.457064979160037 0.49415032613175 0.527755362397914 0.316915241789439 0.447089076142662 0.360532034684677 0.289151144042115 0.296784542512114 0.355342831248909 0.398341311803569 0.447136903028192 0.340059735140473 0.352459510917172 0.410128360066889 0.32918789993089 0.348798282016809 0.492994954535761 0.418624832132586 0.416859579297469 0.492718606435611 0.542568549287026 0.344305193693835 0.421083131313791 0.44053944421909 0.530232143706461 0.473231899214327 0.388466667278527 0.47874043817713 0.387463517245941 0.376619016331952 0.485803238484139 0.4832831462653 0.396487241548961 0.51071131676665 0.336393341488875 0.410115321933185 0.657545958842572 0.298360100480809 0.220040298495292 0 0.226220786954546 0.222577790043738 0.244585381940054 0.244335256723983 0.423210035965646 0.557104613841463 0.558105197298665 0.447116099999337 0.493347369423238 0.400580211738181 0.477495451006815 0.478783035051048 0.388176668956283 0.460581617296002 0.548193534148353 0.51728142032852 0.459907687671578 0.454476509821801 0.520827577289996 0.451952942454708 0.50384824583818 0.354853014474837 0.442028276844105 0.331734195488995 0.616235310975617 0.573175432553112 0.480989456125977 0.606148874354613 0.657819145762481 0.585255374419604 0.578270673832952 0.582891269379513 0.540398730613766 0.473516355159688 0.417341936002778 0.459139635410509 0.430242602369014 0.504652539446408 0.469121135886213 0.55131425711693 0.504025803943905 0.548663822441264 0.622779371301903 0.615678992826158 0.486263967821117
"ramayana_04-kiskindhakanda" 0.521104295743778 0.458306435607032 0.544067644629225 0.521025958656029 0.473508399891887 0.573171403389169 0.488840489034614 0.537126943496188 0.491511602851822 0.513779811585884 0.62129958695739 0.504774657283174 0.498900836502773 0.523878875348384 0.399921965206637 0.552575728559635 0.386244226194277 0.488897923348916 0.426816738790065 0.355178268997448 0.483629778387113 0.370130107168553 0.454425453584093 0.52275714077004 0.418520250029238 0.505248491931843 0.31033904467079 0.405758349875681 0.4625505085769 0.434532689208517 0.252539038931494 0.434970957561348 0.653621030134494 0.387185477910821 0.550050456265395 0.415281492633463 0.488663486696734 0.514657007395718 0.497085354912856 0.402592888231694 0.478744308133921 0.472904118744286 0.471307285014314 0.505021438067693 0.277799941417295 0.395749396949364 0.279157632061296 0.244604085839547 0.275596909893604 0.290343313627724 0.32246058870904 0.390921865858938 0.296810526536149 0.29993510014008 0.334623305840953 0.256991869263731 0.282957459541987 0.432476196931165 0.366204097023492 0.363597112284238 0.466321856254915 0.49642773571122 0.277413013293787 0.365769725121469 0.391605979857467 0.450030251959362 0.408760976523495 0.355628603060927 0.44660724973646 0.380430684299273 0.347024327641622 0.43529587498088 0.501572610965381 0.429060140650207 0.470159046185435 0.375885033997656 0.423124802365394 0.679930430159915 0.275561873554492 0.220617666067092 0.226220786954546 0 0.222634090407927 0.219017199523502 0.239012459417958 0.439336143102018 0.571692056798017 0.560308113175666 0.469256815950567 0.466779675178896 0.414809181629652 0.460707821012801 0.498042552423363 0.409423058713756 0.44484907284221 0.551324053430792 0.464348518298727 0.49172559860769 0.389957193053667 0.530569145162007 0.405735604565396 0.521041696638154 0.299278514537428 0.431315837851096 0.347980475922228 0.569150364014912 0.538596666768421 0.433283202472535 0.56437752955642 0.624332771558356 0.531195207900985 0.539695875562596 0.548538926292545 0.494385933343694 0.461411399286074 0.424052758507262 0.427997020177169 0.417008380935052 0.523085977955803 0.47852229976648 0.549948168434365 0.453744556837628 0.506543099005504 0.634041647106981 0.610883694934606 0.454766651702133
"ramayana_05-sundarakanda" 0.567651788873642 0.473141137654753 0.5507719988644 0.531265794154929 0.493183813720479 0.586187530003595 0.502477331971916 0.548133877423175 0.509331360893388 0.526659017364782 0.614281893776573 0.50751235423431 0.487158170280891 0.520785801460483 0.448693614529937 0.601663657157629 0.415616130570519 0.484708953847442 0.445716311494317 0.389420217214049 0.487634572299104 0.391934973224038 0.453241173275777 0.566397964312646 0.449506320394346 0.544727041750253 0.35597093934613 0.421512764399099 0.498521690316055 0.469216277065996 0.283877711407233 0.446087499083287 0.640988272921287 0.463118363137104 0.599145332814116 0.482943543990813 0.545368576330097 0.572136174179304 0.543977544802368 0.486931348006964 0.493433086619763 0.480301594537387 0.507620694250719 0.526383302980333 0.329018452436786 0.443135040725043 0.34422382543789 0.284068645899078 0.265252182107017 0.32227128556844 0.374664828064864 0.434503078448714 0.295190109162593 0.320365618097861 0.388900702238063 0.300345962674645 0.307593953725856 0.482653419790241 0.392815158202787 0.395824103858702 0.511932260775491 0.524397386783926 0.328508154466571 0.400502489981854 0.422757005513622 0.508109918441468 0.466547412730658 0.362603986096932 0.46271914159905 0.383018269282691 0.35782965697489 0.484751734504463 0.51286717214274 0.414646383065221 0.526306561739632 0.409818756218968 0.428729256527093 0.687695275205233 0.29057150978317 0.223442884914886 0.222577790043738 0.222634090407927 0 0.237288417149315 0.291289958428095 0.459163707906411 0.560216130712831 0.549969536533296 0.488182989118561 0.495254173179327 0.423832706291693 0.507655715191022 0.51111643521763 0.438320460832589 0.452891596735436 0.564566666049048 0.496833662075534 0.480286356885226 0.474624579828492 0.547277480645655 0.445116096907916 0.527652777065061 0.341806109580757 0.473890633035183 0.347327795160995 0.612263207311827 0.565147320486017 0.498280114407223 0.584147802329813 0.657546669334807 0.58522302161691 0.585790972943925 0.588423716177967 0.517344481497244 0.464697633471357 0.459420395434978 0.466103515190136 0.41652970481943 0.538283037504838 0.486938281457242 0.582173198856346 0.474493354408712 0.538251448673804 0.638197042958197 0.608770679067356 0.464622724307508
"ramayana_06-yuddhakanda" 0.527124979503763 0.439235810542952 0.552178039736895 0.486977032379283 0.447957002443285 0.562286782135837 0.490964930334482 0.543172121252282 0.453520915226112 0.494892058434547 0.617530039040927 0.457519285823822 0.529410892447574 0.48775808410293 0.395617126032947 0.560183399506366 0.366031989398931 0.469002382298401 0.40765079370294 0.35924027141343 0.505183598055791 0.370528643037969 0.422526017513141 0.532004375065302 0.443544736357708 0.543028960144074 0.307316329372513 0.3930636811606 0.439648546297833 0.393110901672652 0.213959385615006 0.428631722291099 0.653364690114056 0.411046617773691 0.563239477777757 0.445089153758076 0.511773895747121 0.53265328986425 0.528369424614018 0.423161743333541 0.453123414133361 0.500102708353907 0.471154376207306 0.509823091833154 0.291548759744535 0.354788693113638 0.32613841908645 0.268869869660523 0.288591007664611 0.337877596539818 0.306103751922779 0.396368835015276 0.237676186742413 0.258408192932063 0.306623859987039 0.268296956990159 0.293607018017654 0.469523592464238 0.403222215535564 0.394059377423184 0.48056636615018 0.526921566770493 0.324144507702081 0.369690420931895 0.371164020766246 0.484357552273394 0.429083582507324 0.400277054667887 0.43367795584712 0.403414885183509 0.385496926793709 0.443590294836106 0.484716161131434 0.465854357232461 0.471231296239539 0.372970600602891 0.409617071308102 0.675204176239416 0.222769251011641 0.268413249654415 0.244585381940054 0.219017199523502 0.237288417149315 0 0.240952525874907 0.440390064282676 0.551958525937169 0.531933712631688 0.456228037287164 0.475390312080989 0.405807733928717 0.468293822507675 0.49718681385892 0.400269222883252 0.43558959378876 0.553229836772787 0.47726084188649 0.489036438656727 0.414014265047821 0.552575334235031 0.418404105926334 0.5258940885083 0.27372808965807 0.428660736545819 0.322003459692072 0.594219564667163 0.557885730155884 0.464991877533723 0.569035834051238 0.62440273381129 0.551777619858217 0.569462161038612 0.575409235202387 0.493694128060243 0.452085459773364 0.435726404825903 0.433462766764009 0.431212424710191 0.529022856177654 0.492897621520533 0.547050981031323 0.470527265855249 0.534054211527971 0.633887636276314 0.584452938114196 0.457700596611578
"ramayana_07-uttarakanda" 0.550897498702762 0.450612588829373 0.553683493211891 0.499390405726594 0.467497423454323 0.552395839735501 0.461649231702287 0.537624870013526 0.455575511056607 0.484287145682389 0.598964537669445 0.472754121014704 0.520501977963707 0.492117377527478 0.402679539465695 0.551813480802229 0.335695874273057 0.464448407714722 0.39801982141532 0.334896260912661 0.462134282050592 0.367598008290172 0.434296064632272 0.565943941765175 0.435747590651623 0.501406777377017 0.338447724531079 0.368261401336858 0.487262204524212 0.458458399395249 0.231328982185776 0.371104839299244 0.64674482372854 0.376807880262591 0.542870737681405 0.413814800707683 0.466168349024017 0.500349486840303 0.49371071513825 0.388073857867346 0.426702012218452 0.458171088995654 0.477459997894126 0.525279462694299 0.262466215200603 0.384394642482354 0.325786209669015 0.243307556726896 0.293467348166668 0.335327984453164 0.375079066424436 0.406645671203536 0.318563534815085 0.32635932690301 0.342271729348043 0.282394148642181 0.342357722652743 0.460335088799304 0.393949718634883 0.385814245709087 0.4733466437068 0.510640688485348 0.300353066783776 0.363698165781119 0.37895421868137 0.493211866171667 0.451474595883928 0.375077927138667 0.439563767767194 0.337173354160565 0.347807275397181 0.45403363936585 0.493203853708871 0.405592821470748 0.450874140151487 0.303072633949255 0.382046246603274 0.670391183694247 0.235552158084746 0.270270550934558 0.244335256723983 0.239012459417958 0.291289958428095 0.240952525874907 0 0.40504112053255 0.565692071377973 0.578051657939475 0.415185662125133 0.454594091729391 0.341652211412396 0.454368654879082 0.446414470767751 0.367353048197393 0.453233994144087 0.532222154847655 0.47154941374156 0.472596564992941 0.403069235717491 0.531221295170902 0.409119229012018 0.491297494684516 0.283524263132308 0.391679114656205 0.274642456022683 0.599892921161064 0.529567687540117 0.422041890125263 0.579525328833004 0.609679044695722 0.537796104088007 0.55584090997845 0.540640564902399 0.497763065404442 0.462180490230353 0.383477804698952 0.415357302797979 0.41596989882752 0.496669789743448 0.450977713014183 0.496722943274143 0.507067227992471 0.532249410059086 0.622831519667534 0.604149008608469 0.458864616612603
"saurapurana" 0.48597646423217 0.419396457498442 0.449209651100509 0.441901890254241 0.433259410038766 0.402420284856816 0.390396918810426 0.439582233041175 0.394861399377177 0.39915814651822 0.501817238720162 0.417312965646149 0.416549063872833 0.361552553337601 0.268416630674154 0.47320915616414 0.285054070668342 0.376839704872068 0.284351651006627 0.302878406515538 0.363596525627745 0.289207686170717 0.379249544445675 0.434435951434319 0.308317100749708 0.428042097763335 0.36997850468737 0.333921578510628 0.504430693168962 0.524154478275923 0.378641982090278 0.325739897625433 0.451952611899869 0.439937236504816 0.552693825047727 0.428277643486374 0.493057315996214 0.513557357356348 0.492839858597519 0.456266496486059 0.343590077884702 0.320815082012559 0.374681271309344 0.408938554896044 0.364364878153925 0.492354136456734 0.371236548152718 0.373798965928873 0.391907875343582 0.387333497073913 0.455173030830045 0.381104777077786 0.449676688755063 0.453857476409502 0.462309801977157 0.386537634863034 0.397723106753821 0.434305014090498 0.358395893631642 0.362458660154837 0.419705548010493 0.473322540915264 0.379655928556392 0.447271730557101 0.493065819333882 0.520775076013012 0.471886612400339 0.328662405670887 0.419467066366938 0.389969677198827 0.34334435957603 0.394185884828642 0.389763159569655 0.381421402148381 0.446340701028844 0.295560230003148 0.256429613273729 0.555301978122762 0.403146464873098 0.421552678765254 0.423210035965646 0.439336143102018 0.459163707906411 0.440390064282676 0.40504112053255 0 0.511967712188097 0.507553487416294 0.355633396850674 0.472715900396176 0.31363820358855 0.344045355113841 0.435534937392346 0.251942348286796 0.342774387836891 0.404974845705289 0.488086693114051 0.327264250076902 0.363496820996455 0.436567581417882 0.427354230396268 0.439956905804144 0.37471301559371 0.357799750250157 0.368805397933754 0.543150997387301 0.465064699281773 0.455824731909929 0.587542971072716 0.595619590961693 0.572332011732565 0.517100840302764 0.606518172527401 0.465021654159144 0.395968571122607 0.305015595698165 0.394255983140473 0.362863562641988 0.378887831745476 0.400413279012676 0.44227577209053 0.387270943077333 0.47561901325402 0.542617105852204 0.535445038177147 0.343766936843506
"sivadharmasastra" 0.494758202129006 0.557395477663452 0.562356479191691 0.560042844984497 0.537329943034453 0.573215710740508 0.578872858097826 0.619684343313152 0.583933244929545 0.608347167711042 0.632600523633339 0.595418867554706 0.557655780741963 0.543036828447446 0.473698850978528 0.610358242736357 0.528041189910608 0.504898782846213 0.493801924282119 0.517443747364827 0.520341845880184 0.497054452193334 0.433217290656863 0.497352082552776 0.47303917370817 0.561649319541252 0.518399360733858 0.529945245763689 0.558791599935079 0.588584482549361 0.552021145615383 0.500463435043641 0.554551379937012 0.594392804341729 0.647103598829083 0.56906831990762 0.592012132583932 0.600856344616847 0.582118418967387 0.591404527297021 0.522935115250806 0.485386013571865 0.512392369494203 0.495543155537637 0.573156323688752 0.569273094434018 0.558292657065541 0.560477447794508 0.544834005122993 0.5355692343035 0.579464224377976 0.542069963920374 0.570610226970426 0.567824418717545 0.59896457511487 0.538038030340948 0.535099737494969 0.555741064225883 0.514346865680541 0.503472983050999 0.488116794473666 0.517571178382705 0.565258989220955 0.603622928313284 0.63888224735901 0.646019858706248 0.584259731934549 0.534837494713568 0.579026823310437 0.558315408847206 0.536229278507018 0.519122376903769 0.430723771657765 0.518795950811473 0.583710518908805 0.519982557020753 0.503477744388204 0.60203038076253 0.533538790945808 0.553991433835559 0.557104613841463 0.571692056798017 0.560216130712831 0.551958525937169 0.565692071377973 0.511967712188097 0 0.360714713481512 0.489207114981213 0.548254430714908 0.529236443054795 0.463386191077608 0.604642820113516 0.474968085244962 0.472469598489647 0.4544072061454 0.529619347856773 0.51843656602737 0.54455240408659 0.481448664541999 0.547857101054044 0.49438884256072 0.542444751581266 0.503318528702187 0.520969298969884 0.611736015606708 0.558920309529316 0.589532607612408 0.594347757478546 0.667468804837282 0.653193384337801 0.550170275832153 0.686920469723524 0.509882065062456 0.494684720494559 0.524781061038877 0.527442402087938 0.426361352894751 0.592274168950026 0.543820574092953 0.5954568192282 0.485027701394195 0.606720086247588 0.668883839889395 0.615017966472228 0.521172462253946
"sivadharmottara" 0.456924704178359 0.533242262788176 0.565174103511254 0.562725144442443 0.526489736144792 0.551561919915142 0.588120212567625 0.594541916930439 0.578615371677441 0.589545539605612 0.590959901982286 0.557417193337344 0.562762220238749 0.508515280550311 0.446857531995362 0.585121619765929 0.532031736097719 0.490875763319541 0.48757434604922 0.493519822421653 0.509181360311681 0.469096614351845 0.420022205655823 0.48210958140135 0.430117393329429 0.555098346670215 0.497564655222282 0.568778262858667 0.54187628600576 0.577361972858485 0.534008246019735 0.504948537663105 0.551375303068305 0.587800679038891 0.635747185111159 0.546850714216658 0.569535873433178 0.577701894824027 0.545486453342559 0.581454847929807 0.55031558281243 0.476572324055701 0.48721206041968 0.458185566223206 0.560195125453584 0.550265121181095 0.54873774979713 0.553976715571389 0.561601960941085 0.529975014874635 0.573239227734543 0.523932126236514 0.558941799081747 0.551674276929337 0.58715771127972 0.539729153529712 0.528555356414881 0.551705456181465 0.50681657289841 0.519443551078095 0.423342998253221 0.511340632390848 0.55412478605714 0.592927350373494 0.628014463593153 0.649436889801719 0.57638496830801 0.520346629550607 0.56565072429623 0.575401473587674 0.533543023883796 0.490585948774531 0.39516472516381 0.525465451191673 0.564833534307855 0.537206900233899 0.506011805368753 0.570991322067133 0.540651621781257 0.538521423717501 0.558105197298665 0.560308113175666 0.549969536533296 0.531933712631688 0.578051657939475 0.507553487416294 0.360714713481512 0 0.494848054510608 0.556129888968454 0.531052906059799 0.488960906180144 0.602588122570065 0.478018121063393 0.414312679550854 0.412688209163223 0.500159203621432 0.499800276211448 0.537126794551409 0.539491179329779 0.551008587440673 0.492606789874448 0.528460135173063 0.518874765479314 0.538308182946784 0.594046433625072 0.511716533924716 0.580146177021689 0.582188787537554 0.664732898235436 0.659358594776792 0.546265724167429 0.652806511785654 0.46857262410743 0.455213589133433 0.548342632488231 0.495616701139483 0.456692086861346 0.584060179832646 0.570139300506614 0.595307394211438 0.476772598297839 0.520572079517569 0.682977689256467 0.579857971562427 0.498521733693635
"sivapurana_dharmasamhita" 0.474311447756402 0.432625002770031 0.482384999574195 0.448670423066355 0.414756013744999 0.457788535280511 0.443461193410255 0.495517963954945 0.439840732689463 0.453090551593738 0.553929152488517 0.425361563848717 0.472418216601593 0.428404355621351 0.332995099014538 0.519167470737331 0.335885254063812 0.428227591272539 0.33495155459038 0.359508107584601 0.396004392192698 0.379560541173336 0.383554006573767 0.495005556076312 0.403082399646303 0.508506376344191 0.400409633832783 0.40373559612514 0.510554526570143 0.519157664426487 0.42096113881541 0.336833602983482 0.574477770415013 0.477054286834866 0.570521914092824 0.438287248671816 0.463537955091493 0.528954243431957 0.452061044563802 0.460244480236656 0.325749343396746 0.387533411839464 0.410036524120954 0.437727825685292 0.43508156681156 0.497134595687177 0.453047161579112 0.438571754121967 0.465291401031449 0.455613804918892 0.46463532759862 0.412266650479708 0.448575070139509 0.449600210569441 0.470655542936191 0.408850039116429 0.460943842025664 0.48225794279677 0.436691778148809 0.434503394984809 0.458914382061573 0.491864761741045 0.438553251545082 0.496673935817391 0.52193032712791 0.557974661103001 0.526454070990623 0.428760163933695 0.465782831692632 0.464195722568592 0.423543927924877 0.387869437521176 0.385413322160222 0.386337468429886 0.426046055164732 0.342321183962078 0.279943586501272 0.575946555464548 0.435374664073189 0.466176188934103 0.447116099999337 0.469256815950567 0.488182989118561 0.456228037287164 0.415185662125133 0.355633396850674 0.489207114981213 0.494848054510608 0 0.442338056400623 0.404301450793048 0.366491884747633 0.4623175322951 0.340059612201241 0.425302562166951 0.445056463681162 0.438043058082468 0.384806281964185 0.404737110499589 0.491498393923666 0.498861668275264 0.432691835695742 0.419612121298184 0.394632239744189 0.362130246479122 0.585589539451973 0.482664169612224 0.453387803075765 0.585385431956385 0.661481208599844 0.568868891826779 0.545832541504583 0.592490026826366 0.480884572903568 0.44350081452893 0.385772886797218 0.389814003852614 0.414652166790063 0.458068892132453 0.475463945200548 0.480546687715031 0.459043492863564 0.532572091997795 0.597556409867177 0.589337563307948 0.434812794416875
"sivapurana_karvanamahatmya_au" 0.539378971014348 0.538339209361638 0.570196758207013 0.576853545190381 0.581035900641533 0.61727231709703 0.540858760458941 0.590282288558639 0.525814349566613 0.581612556792926 0.640794159964148 0.559605241414434 0.565165231753721 0.546209505509352 0.414543979577355 0.496546485806606 0.454435711420655 0.518693591365276 0.458920528640343 0.375410420696399 0.475110480844328 0.414857415528751 0.452190554867367 0.553337091940567 0.423108105560199 0.49594112359409 0.457356793416504 0.507777571868702 0.555584384571935 0.530703062765648 0.448120324768789 0.385079157044446 0.632253163503164 0.485179186792688 0.544079154430661 0.460043218410458 0.475949247423769 0.51999481155061 0.464247082806059 0.478821910129632 0.52297015206357 0.523651940483891 0.470405128435335 0.517928709948427 0.437465711388358 0.53843104244881 0.466662723719337 0.452676035292021 0.473720618684553 0.472344448004986 0.497553268912795 0.449942801514363 0.482824334984691 0.482238941486023 0.484696250252385 0.433040875309661 0.472609312929894 0.488387870912966 0.468120633304565 0.446231586606561 0.500633866603783 0.481404526211053 0.461802956210079 0.503365259780745 0.524266266135089 0.528904036827196 0.525968018203868 0.413255607032854 0.409380569775233 0.434371824931284 0.398034737321289 0.441782006226254 0.509429273385199 0.507248052121746 0.430494933799026 0.440246219734628 0.430863049324831 0.698575650760117 0.469386939687979 0.491012226753259 0.493347369423238 0.466779675178896 0.495254173179327 0.475390312080989 0.454594091729391 0.472715900396176 0.548254430714908 0.556129888968454 0.442338056400623 0 0.449136896912567 0.421196027971965 0.522175305945759 0.440786216983506 0.480199415101833 0.521331124483944 0.466663581032607 0.545308745626404 0.376729169071201 0.538175975909435 0.512095746426867 0.518967478655736 0.465417344515971 0.406514219534006 0.444332444626202 0.578534917845107 0.498950759423315 0.427932785532385 0.587965634416875 0.614902229063337 0.543106272982124 0.529353259835843 0.560668532053405 0.494207557469521 0.487481396757569 0.391398944910291 0.441086421311786 0.471662094149178 0.493176038830511 0.459562645554047 0.504726720475061 0.483503372689092 0.549752982739288 0.628966777625481 0.572838239762284 0.462657741466938
"sivapurana_rudrasamhita" 0.544170238319051 0.447090199970056 0.511187598622666 0.445829655915542 0.473189149749613 0.494619315792341 0.438426576809594 0.484323599918921 0.424124356760624 0.445794846573468 0.555712826470217 0.408674298411067 0.479363339295577 0.429588398673592 0.327245087575717 0.510126903363092 0.266984584799081 0.404416521195412 0.318989277982358 0.302366853402451 0.404591395484524 0.283264144336039 0.419558117974158 0.516627580353608 0.395908234202787 0.440282119574216 0.350103238012561 0.34854126837267 0.499265195013149 0.486090361082089 0.32312232474962 0.348750553767198 0.541280586269904 0.443637537290647 0.551180049226444 0.452035680317905 0.487535834087187 0.513460544882259 0.481541290572301 0.447588458884213 0.367099165107983 0.401727257974865 0.418540333645807 0.468709480225387 0.337778784650944 0.46301095552378 0.385817156694636 0.345491926037808 0.36445093832872 0.392354996648793 0.447575129034528 0.338109527075231 0.43080154140631 0.42238630455282 0.423240580778156 0.378227554666384 0.412350455593074 0.461184443367377 0.394847935872562 0.392920469421107 0.491008073533556 0.518023169494717 0.358150251462295 0.429065916565489 0.47570841227027 0.531423603944583 0.46833670310728 0.353132678502175 0.369498499510849 0.354252359796064 0.328419013888888 0.462322076363491 0.450448440113246 0.422539975836418 0.45536249927846 0.248827018739127 0.311936423521732 0.607776792756468 0.354008341733923 0.389739240270569 0.400580211738181 0.414809181629652 0.423832706291693 0.405807733928717 0.341652211412396 0.31363820358855 0.529236443054795 0.531052906059799 0.404301450793048 0.449136896912567 0 0.429684409884897 0.289653480578981 0.270069311202579 0.403409040435793 0.427538915663464 0.403911810218705 0.392538736674902 0.390238256917767 0.494983573648391 0.396278219434589 0.505135432535939 0.356776233214941 0.355382696129057 0.312111664405729 0.568347374930297 0.498917707402057 0.44001492177972 0.557379420096473 0.584738574749453 0.548908385127578 0.529934657485558 0.56297741822501 0.455599537228328 0.403688768013157 0.327934961051057 0.387454095065361 0.425368708962538 0.426510680413484 0.425112420041607 0.477599564628775 0.481228247115233 0.5039240346774 0.574794244265126 0.517727176704259 0.41164926085875
"sivapurana_sanatkumarasamhita" 0.443362506573356 0.486890233665228 0.528320690633491 0.503056072503241 0.493637961235591 0.47118575514882 0.504865092515807 0.543023855394642 0.485116032260116 0.524310416933065 0.566358828068268 0.530239842211846 0.522231192808721 0.461817543639639 0.318749808171193 0.456544513266208 0.371054979454992 0.390637370459011 0.338457948157199 0.350299863276815 0.364088630237101 0.369878011945254 0.369874667768443 0.421271486450847 0.356624580661992 0.420036976230774 0.383447902857908 0.395506440691227 0.459742820953469 0.479191844483551 0.409250749791226 0.352767298371937 0.498026015444661 0.420371749463726 0.503928065850958 0.399357762483063 0.416979118702275 0.478262973392673 0.415400549713605 0.441158414755472 0.405190771112581 0.357366833179066 0.346024982565061 0.336428997768862 0.420022874470817 0.505089735048117 0.441214664024936 0.445526969805149 0.464580494302529 0.444364207386229 0.477737013831145 0.399434140080872 0.478494117719621 0.474318770555479 0.486946097919118 0.410937392641525 0.446062116156929 0.410670080095053 0.403395133798287 0.394764570983923 0.376122869434243 0.467756282219787 0.428922778317832 0.464215625196777 0.539827246963303 0.535941164619414 0.489243990526251 0.389011869527803 0.441535618324239 0.448553815249352 0.397693564453027 0.369655288277133 0.391495835834325 0.466464309943582 0.403666034602812 0.402495298969827 0.348350722019118 0.559215280313895 0.444225014203115 0.472677206021301 0.477495451006815 0.460707821012801 0.507655715191022 0.468293822507675 0.454368654879082 0.344045355113841 0.463386191077608 0.488960906180144 0.366491884747633 0.421196027971965 0.429684409884897 0 0.516879223170586 0.350155471140272 0.373031105162723 0.341368747970458 0.441465966526604 0.439358928331514 0.357332176571017 0.375240948851 0.450622480802938 0.439819520263895 0.391206022915409 0.386898230781216 0.416849463114234 0.508288432963364 0.442021771274683 0.450204159469679 0.525750897714142 0.580781873847504 0.5315288935911 0.482305666094722 0.599965168883516 0.414203080555618 0.399842063291704 0.370624402808552 0.369568753738054 0.362839600308635 0.404602906015428 0.473320631773885 0.481668438655283 0.427989727489623 0.496255808063236 0.593234787085336 0.56495083571848 0.414760159656564
"sivapurana_satarudrasamhita_au" 0.6268658169445 0.503256130222325 0.560218796965248 0.504739158651954 0.532004017669005 0.551289835109379 0.490571672731769 0.514938973886506 0.440961878992556 0.483364026076003 0.621929271816424 0.467952967561523 0.51741391914997 0.497097725120927 0.461482697456817 0.563468244747126 0.384305662391725 0.514174270261877 0.446779615293482 0.45513238993249 0.507916742662627 0.443018403576323 0.55817967294075 0.5958006402239 0.522380872034983 0.543581753292962 0.481947203670357 0.452478884648263 0.557459950714624 0.555722692271393 0.443372649003124 0.498818775511731 0.620986692649174 0.528345275201984 0.626264563381402 0.539515897097035 0.570268290365394 0.590329569722491 0.57973429946693 0.528448404150818 0.422793271307785 0.487102935848517 0.533713225064339 0.57464681814571 0.43662723847718 0.52476062887563 0.492815827333458 0.451914262359508 0.475183855257036 0.503522658841359 0.556814732387979 0.425859832036327 0.527789418133632 0.523314881075609 0.543102384562985 0.492069317839734 0.528986900299754 0.533577304722064 0.503014672302103 0.496395395223836 0.601484483554617 0.602685882385661 0.46922132724625 0.530675085379442 0.56842355045679 0.591001639283186 0.576238551295326 0.468745153380933 0.470316148374372 0.435783328078606 0.440866438419241 0.54569172249047 0.559099334898782 0.501430840485936 0.531082890438943 0.368367280325026 0.374849026934871 0.627777394536777 0.457599427039687 0.511646641496118 0.478783035051048 0.498042552423363 0.51111643521763 0.49718681385892 0.446414470767751 0.435534937392346 0.604642820113516 0.602588122570065 0.4623175322951 0.522175305945759 0.289653480578981 0.516879223170586 0 0.406512729043572 0.522579497300009 0.514161130927059 0.468237966101422 0.469631233036386 0.491568061174997 0.597078786038168 0.482923228267074 0.588406529463646 0.447224514884269 0.457492616421507 0.441714455566764 0.631554248348342 0.582546238017623 0.498808763695908 0.637637325672004 0.597471440152243 0.626030074455179 0.618847416750181 0.577616526921386 0.56392856963225 0.51361392515461 0.416210920303525 0.49749583275059 0.547804361772075 0.502695696287823 0.443037321009323 0.513432576903426 0.572295336327354 0.565973910307059 0.571538672005158 0.53915567863968 0.471989958915319
"sivapurana_umasamhita" 0.468892920565352 0.418203763941319 0.454320434501219 0.426059725555534 0.423944558552196 0.438639700958899 0.41070936646239 0.435778151793922 0.401285940927397 0.389435289094281 0.551808272008185 0.410594255893261 0.447212824600322 0.363701952182584 0.244719279711315 0.456046319670158 0.237730619599788 0.346369552949692 0.247687245860077 0.29461469835814 0.373331625674582 0.293999227245546 0.347701333508135 0.417704200065355 0.298328081214007 0.423409540765394 0.342644040056799 0.363092146753101 0.472963472843175 0.461898511332356 0.341544059338634 0.320760166733137 0.477566607703594 0.393770841697105 0.51151137478239 0.380288732822307 0.425151586613919 0.460371975145266 0.441632407714395 0.417922240848409 0.358455556060822 0.322280276262288 0.374863141577962 0.404995228759139 0.351612573965395 0.462630040257088 0.376742441829855 0.3619958613799 0.379461991311344 0.363319146203485 0.430772241930491 0.343373212387234 0.401986693285226 0.420666253282707 0.44250225090036 0.344675288878002 0.378167944687624 0.437644485280614 0.344755810781203 0.345713196008376 0.40320922440345 0.462110486578892 0.359664462247906 0.429562242646229 0.488202740595736 0.518124534961329 0.462166452634927 0.335171107567829 0.394225213763373 0.371959347153401 0.330123600033243 0.371416264696658 0.356901841999176 0.379067708999412 0.444815057205183 0.296647730128567 0.294133169252465 0.582338114970507 0.389785076149194 0.384594321900921 0.388176668956283 0.409423058713756 0.438320460832589 0.400269222883252 0.367353048197393 0.251942348286796 0.474968085244962 0.478018121063393 0.340059612201241 0.440786216983506 0.270069311202579 0.350155471140272 0.406512729043572 0 0.348317299338258 0.376786419268223 0.423098266294178 0.351233169916367 0.34933052552628 0.434950148260561 0.430842268153387 0.39035497481626 0.36969432108361 0.328327134092385 0.324980794156195 0.515804590610519 0.445914174806685 0.433708614204038 0.534660240719567 0.572836861905154 0.511818532700027 0.464908736845649 0.539996940322379 0.436211305455594 0.409414761168427 0.272555129754951 0.34303172833514 0.369105548215657 0.416399218130988 0.387631780329734 0.416160798203861 0.386889408645249 0.481758414312579 0.563862640139217 0.519057376745188 0.348457788857237
"sivapurana_vayaviyasamhita_au" 0.403945578302011 0.451313735660173 0.509800031382562 0.484377683119008 0.476130112830406 0.441693553359169 0.477106291474092 0.534328527022506 0.494375003341336 0.471468279088973 0.474407634090084 0.483335554621307 0.502519782758629 0.414200655062554 0.301219907473214 0.487978544306707 0.362861757597011 0.356506891373228 0.311812442277268 0.335778816453682 0.379245514438261 0.335118450420695 0.366151311346221 0.380019948435495 0.320355728385152 0.414146090813591 0.336719273369829 0.420523423569091 0.476606954243377 0.508418711212161 0.393522792265619 0.341376277240888 0.487814012606298 0.41978152830723 0.540253728304082 0.365501852939932 0.429059717475124 0.474913057667887 0.421299988787324 0.457015551014226 0.437872739376564 0.335450297351044 0.361650671745063 0.320178778387117 0.381925448383803 0.464519313875407 0.403075266134586 0.393485168511807 0.423007820921769 0.401836039036091 0.43395026886308 0.411953409814066 0.432542529937998 0.429708293203035 0.450878263966944 0.397753919068369 0.420508275684419 0.419487390308311 0.361256492334218 0.378762805964969 0.356601234367002 0.42265270865787 0.399261729336237 0.443678032815099 0.482304406408386 0.512630596479555 0.454897036278519 0.330294731963822 0.434168396485961 0.4465085711728 0.361889905002721 0.354905295864969 0.339190589688873 0.447211830888216 0.429920049785967 0.400366289886688 0.389452867814738 0.553405385695362 0.413841718318824 0.425565723558617 0.460581617296002 0.44484907284221 0.452891596735436 0.43558959378876 0.453233994144087 0.342774387836891 0.472469598489647 0.414312679550854 0.425302562166951 0.480199415101833 0.403409040435793 0.373031105162723 0.522579497300009 0.348317299338258 0 0.357977076585768 0.483988800028036 0.371611116117679 0.396119987143516 0.418028641412294 0.436191417198062 0.41469469636812 0.364304266106161 0.453932569214571 0.395916267856059 0.476826903867924 0.406857344246903 0.478589867877564 0.550373171947726 0.58697032254626 0.551247038572251 0.496349807398809 0.566459414042585 0.401095661142484 0.372702989970807 0.418898768320284 0.383584982764193 0.385963358769142 0.45927849736328 0.481322744661494 0.491987196048075 0.354518206838375 0.38639274078704 0.602437342550996 0.540171462076033 0.33859396913632
"sivapurana_vidyesvarasamhita_au" 0.368006335285424 0.536514109518433 0.548069125790342 0.557447784286297 0.547820378291261 0.481757823813245 0.5533670266646 0.562852253104213 0.565532460937603 0.545366731364749 0.546878710652634 0.552498435686573 0.543831693000009 0.462004757979917 0.337510338113138 0.466408871385032 0.424672531991938 0.394868737334935 0.371469133626546 0.425241223389176 0.36148103449744 0.407155693330037 0.364358233461647 0.363391797350894 0.358642346440086 0.419709280842624 0.436730661083447 0.46072386288524 0.529361148102766 0.564289201119494 0.487918739085744 0.388735377159514 0.511270224115982 0.492027930668322 0.539487132897279 0.474861371386206 0.458436638863744 0.509198521511779 0.446967231829581 0.5163354956153 0.474699448427815 0.349827703703568 0.368388574000619 0.328140095521545 0.502033231456742 0.533295376046696 0.507362698273276 0.522306102615671 0.533980033073026 0.514539519628304 0.547704141925353 0.494653906290036 0.541703065361479 0.54016175214633 0.54026218574866 0.505128155416884 0.520905753942564 0.470632675310744 0.457044969219415 0.453951750193784 0.380259550418001 0.472370086740556 0.5009993348142 0.544428578143328 0.593583434379002 0.602384136328094 0.561425758008191 0.449290784280556 0.490662169569071 0.527192882098962 0.46730787169425 0.403788749287483 0.306410804840671 0.471128800810229 0.478425170716346 0.466992509937096 0.454110255230701 0.505832251937863 0.529547855073306 0.516359242980381 0.548193534148353 0.551324053430792 0.564566666049048 0.553229836772787 0.532222154847655 0.404974845705289 0.4544072061454 0.412688209163223 0.445056463681162 0.521331124483944 0.427538915663464 0.341368747970458 0.514161130927059 0.376786419268223 0.357977076585768 0 0.478352352216151 0.451941056616566 0.440423314484697 0.380197243474294 0.515889263673215 0.414141836740767 0.506197866718104 0.45928775372316 0.458887623100643 0.512100348478469 0.395001116117128 0.499659569202233 0.54606605497093 0.552743655344222 0.563557209806209 0.486769685011506 0.56637023643844 0.398312163111229 0.391180287837668 0.45016521861904 0.381673276578142 0.43615728608577 0.486353464489463 0.552958008506282 0.517086325481567 0.429163083834456 0.505563350752335 0.654073940800867 0.557060696509115 0.476890211892897
"skandamahapurana_himavatkhanda" 0.489395730241675 0.514979184748889 0.60486198693993 0.54492038191004 0.537204247108572 0.599675799058423 0.559257408830495 0.560113882955371 0.526656939328323 0.55571736046467 0.658817562869631 0.528985553854364 0.57925637433761 0.525670359078439 0.421205010131217 0.518490903391024 0.462027747716477 0.500108545193166 0.451117137943997 0.42248136432194 0.517995489814202 0.413651133990444 0.493194863614552 0.460102476482673 0.455769652954202 0.482077800881631 0.416536741316951 0.467795451087227 0.481846434074928 0.481601388191156 0.425203780127519 0.471520532742123 0.597863631675208 0.457470196068246 0.544097528707502 0.443732199885771 0.451342456046139 0.513278582961579 0.432738798019417 0.446664242855783 0.456830617373766 0.516551636785849 0.421743543731628 0.416645465716058 0.446582825295524 0.485383014528045 0.424830671625004 0.441696806241116 0.466481096618953 0.422544558150814 0.442004293602352 0.404579699781314 0.469801563026039 0.439357741108147 0.428053870081146 0.41899374161663 0.448074856189308 0.494556900047046 0.428527342780024 0.418008949035371 0.498424465727517 0.520300648852957 0.427460163465612 0.470653532328909 0.481825164884647 0.536340113090425 0.467257960196367 0.456816484297033 0.403617203403161 0.48730733043154 0.446960864707888 0.452917191235877 0.477304403014735 0.550435671357016 0.476518250293699 0.462183070317549 0.444622757096257 0.657554347775517 0.453537191137794 0.498201198020194 0.51728142032852 0.464348518298727 0.496833662075534 0.47726084188649 0.47154941374156 0.488086693114051 0.529619347856773 0.500159203621432 0.438043058082468 0.466663581032607 0.403911810218705 0.441465966526604 0.468237966101422 0.423098266294178 0.483988800028036 0.478352352216151 0 0.532547829004688 0.420779219508292 0.563064415928191 0.433655899715289 0.568956618042226 0.399157690076898 0.436173926396051 0.412964477711711 0.551484358210788 0.523653009389378 0.432129255958669 0.518134115147946 0.578282202237763 0.538435036692443 0.549905564918493 0.555554093889395 0.466618837012887 0.450210026141552 0.473211274893569 0.38938717778149 0.489005536013258 0.515922280027309 0.509209192121449 0.557476446191443 0.482393743400426 0.51465936008938 0.645300622651092 0.570760441285293 0.486680223971197
"skandamahapurana_kasikhanda" 0.531925746348805 0.408109054890247 0.426340393962678 0.437805321147108 0.408987897897685 0.408498201413987 0.414014845963273 0.455356444168403 0.437700855501101 0.435796196852025 0.401605310511605 0.434453688356491 0.436902826012175 0.412262257562044 0.380990655259856 0.567087084852473 0.381737932560407 0.417355954920959 0.36792291691022 0.39967266721086 0.401147734764062 0.394427297771509 0.42045741826073 0.506533729944347 0.38985583899012 0.505041631639793 0.450105418263401 0.456505688806796 0.561077331473153 0.582458855155323 0.463033619751666 0.397357944069483 0.481589012797896 0.527019754495392 0.620429786683636 0.498544853276007 0.54705792648802 0.588504270781044 0.521290706742962 0.556964537421587 0.380931195914635 0.397084902290929 0.481979724746661 0.486807037873746 0.455447792800659 0.563628867390523 0.465858456457651 0.46079985351828 0.463733369018734 0.451930932532942 0.534639298201018 0.466100949639044 0.513854571767409 0.513796176633321 0.531608584959778 0.469347129925652 0.456979453890116 0.459432810763206 0.431331990314825 0.429472415374003 0.481255217689107 0.510972169693815 0.459995048263436 0.528044314474522 0.560442644702801 0.575051563446019 0.522314555494693 0.395428930742413 0.479411623614322 0.447772932408213 0.401051493155289 0.484278373710371 0.415840186536541 0.365801935431747 0.538726842621085 0.374945519638832 0.355525751637376 0.48868966085325 0.471765098298084 0.458999125036304 0.459907687671578 0.49172559860769 0.480286356885226 0.489036438656727 0.472596564992941 0.327264250076902 0.51843656602737 0.499800276211448 0.384806281964185 0.545308745626404 0.392538736674902 0.439358928331514 0.469631233036386 0.351233169916367 0.371611116117679 0.451941056616566 0.532547829004688 0 0.476123826367573 0.441311374384892 0.528296450207486 0.487281237734276 0.476198886397846 0.469380219863335 0.436118899290355 0.570078425620116 0.532749342400304 0.563268419457752 0.632974243522221 0.673049509791227 0.635496847395904 0.600743516073112 0.657813131119738 0.475324917345072 0.467547641803922 0.414862179249548 0.482692068388882 0.407170509009463 0.510922467067047 0.486360522704389 0.530126155854067 0.445383466798611 0.465539184486542 0.576885629903403 0.585961310074504 0.399774682353292
"skandamahapurana_revakhanda" 0.423181914430504 0.469333903893296 0.538954502092025 0.510571986266965 0.506319064458966 0.525966902010278 0.480935565553154 0.522985882192524 0.452350085707746 0.508757318939122 0.609226592715818 0.502428638425318 0.529560503368427 0.463150171073971 0.281730697919947 0.386305159235038 0.335930884603666 0.445320054226171 0.353844795253586 0.265054028436201 0.435625948645281 0.290321604907599 0.383448150054378 0.4174082611753 0.33730242451759 0.411021714602772 0.328417375898819 0.417779324328815 0.451420136466225 0.441867336143734 0.338701274889218 0.328104799790696 0.572280955685724 0.345732796907972 0.463885211501439 0.340033790753918 0.384230647680954 0.447984715326095 0.373142418983569 0.362750751381294 0.432787668498505 0.431996158435028 0.322586142955416 0.371745610569702 0.324751449857877 0.448890529760868 0.299678063511303 0.339952273117596 0.377789852035086 0.334350259696044 0.37305469477039 0.337602858307597 0.41486859716577 0.405852053488085 0.381660205373186 0.350419548216462 0.359462481606641 0.411023717390057 0.312257900512459 0.290650475021644 0.394308645093758 0.399998343929896 0.340877325440215 0.396055684357788 0.46402611128884 0.414992040417412 0.390916905652611 0.321042915168337 0.393120402761585 0.372463921291958 0.318696906558686 0.249367779012916 0.439528570076454 0.447542448631877 0.310988884836596 0.345372049326419 0.37463387853143 0.642736184779521 0.392402795494032 0.415801129208072 0.454476509821801 0.389957193053667 0.474624579828492 0.414014265047821 0.403069235717491 0.363496820996455 0.54455240408659 0.537126794551409 0.404737110499589 0.376729169071201 0.390238256917767 0.357332176571017 0.491568061174997 0.34933052552628 0.396119987143516 0.440423314484697 0.420779219508292 0.476123826367573 0 0.443866872428373 0.390658979576694 0.479154305186558 0.357317041986382 0.342918884380944 0.405449181933983 0.468579956928865 0.419342847363779 0.369295971571623 0.509431015732877 0.512953104788422 0.446501086319803 0.456576049180882 0.476615706255403 0.433333989759507 0.398685128516008 0.272635385840888 0.27189615851339 0.39919955764744 0.398144862923246 0.443355976814591 0.438917218102432 0.383361676346419 0.486435601459313 0.59107362243631 0.530409296503513 0.391187031648106
"skandamahapurana_sutasamhita_khanda-4" 0.48005758193448 0.571811168583874 0.566341931957948 0.588601434955024 0.574814735400661 0.54260420955519 0.564739608217869 0.583911492516786 0.581896021525564 0.599198116374807 0.56287716803725 0.603399533837066 0.553514416093749 0.549737302307765 0.428364999333269 0.523490480031592 0.469372193908201 0.422010512314301 0.427667742327658 0.458286891937727 0.362911803433056 0.46060644743032 0.427205334114176 0.472092469464551 0.415267010208346 0.40916262293026 0.485079688459041 0.496115000920333 0.562844779935889 0.611172520540219 0.538993874235571 0.418777769665094 0.45212251952133 0.48916285597846 0.556808866351327 0.469096064584876 0.500002965447166 0.545889221751763 0.470717405128702 0.53565143328533 0.488978190153332 0.388265355263153 0.434307511152816 0.424945018045813 0.511677458347007 0.589407492165044 0.513058776513252 0.535129811015953 0.534744616960512 0.508928838988092 0.56992632650047 0.557198146732682 0.571593886785139 0.577589268629147 0.577570499308766 0.516545813771323 0.523523108459121 0.532955676033605 0.487650404525481 0.465630089313692 0.414915554654974 0.500714509225884 0.516881289704714 0.560199437173058 0.618965138062879 0.553748137459158 0.539371778194746 0.463932194246574 0.528296912218805 0.527794248714591 0.478323845526649 0.460287298738238 0.435414487295347 0.47857339104883 0.503296918078603 0.480165847911199 0.487196259251197 0.552277316143682 0.539365564967801 0.516200943695428 0.520827577289996 0.530569145162007 0.547277480645655 0.552575334235031 0.531221295170902 0.436567581417882 0.481448664541999 0.539491179329779 0.491498393923666 0.538175975909435 0.494983573648391 0.375240948851 0.597078786038168 0.434950148260561 0.418028641412294 0.380197243474294 0.563064415928191 0.441311374384892 0.443866872428373 0 0.514715487281379 0.423593397141112 0.521323374838894 0.513776879248426 0.509262966522714 0.556252556113342 0.469960251199489 0.540865623345158 0.602856880000735 0.609924910981213 0.57860424122643 0.525278018943927 0.630848262566418 0.469943700252378 0.463274640056059 0.465426971430616 0.45966148635191 0.42642521299528 0.517391846954498 0.544505355719669 0.539513610073574 0.440921534320613 0.560585586293266 0.655449622973351 0.644050874135638 0.496264033869541
"skandapurana_adhyaya-1-31_pu" 0.543682663014264 0.525099331856285 0.605179028868793 0.544525818392575 0.551423611198003 0.587594111444029 0.520310815620652 0.576200031488397 0.490308992433982 0.542249604928021 0.650635886908667 0.54396670149535 0.547004660118007 0.53341882322567 0.423715369167901 0.426301031246943 0.396318852297251 0.516121300058546 0.451102232233867 0.334269902335 0.493473695489689 0.369718142695365 0.484374143844853 0.498243069302109 0.461033515286673 0.441300892709976 0.333020199466206 0.39722856587065 0.391639442974243 0.493796665886193 0.344446869440694 0.406189417464361 0.60446490159668 0.387788335258949 0.448361594272816 0.410182564886792 0.453307145489336 0.462303298143312 0.428193569180872 0.364855302690661 0.47004866023282 0.457623960271087 0.329488271199307 0.432403814084932 0.338304181477313 0.431353758771728 0.34705598543481 0.343266274117134 0.384547057536824 0.369393753426951 0.417843988341411 0.361929695287518 0.443238641694143 0.436357005181837 0.406089633738211 0.368825195743221 0.415215976245896 0.475939848001739 0.359302362750237 0.329238456771385 0.451631382595005 0.422477774922747 0.335970524134877 0.33930638588646 0.382969857849354 0.4804461709806 0.409553290766796 0.378403360377467 0.424726325337897 0.388581853922669 0.371180034576649 0.39232290168053 0.525549939570406 0.521271317549704 0.448500554335409 0.4072489138424 0.441101293920413 0.670863819030532 0.401248432227768 0.412898575208437 0.451952942454708 0.405735604565396 0.445116096907916 0.418404105926334 0.409119229012018 0.427354230396268 0.547857101054044 0.551008587440673 0.498861668275264 0.512095746426867 0.396278219434589 0.450622480802938 0.482923228267074 0.430842268153387 0.436191417198062 0.515889263673215 0.433655899715289 0.528296450207486 0.390658979576694 0.514715487281379 0 0.56255320366628 0.282541381946312 0.392353348029904 0.394460568289216 0.4841468615883 0.462254784155125 0.421616172047841 0.558776915490847 0.488512350776495 0.462471485347155 0.430581645861278 0.498972953870691 0.493849887534036 0.459625414000156 0.439384386498588 0.385207568381054 0.43215259460968 0.484847190569867 0.461371787788864 0.508255921827082 0.461547843915323 0.505712977321422 0.631862863399436 0.562403797584151 0.448796500481086
"skandapurana_pasupata_adhyaya174-183_u" 0.453199649410726 0.538130563017804 0.562486809001897 0.566411289371081 0.56047881306248 0.569984699048509 0.562346116455669 0.591684735737655 0.574559156854583 0.571884549897836 0.578747519757083 0.59691336614329 0.567467128934447 0.492364109590268 0.433809924639664 0.520916777660218 0.478762065974762 0.443639373353426 0.439051948113851 0.466089186056169 0.420163337176911 0.474401540023749 0.442225064115059 0.466475024715969 0.426252098952137 0.491840715995632 0.471107500056313 0.503838011706662 0.515328120187995 0.577990215866931 0.517481059590483 0.399658193159012 0.557165644968329 0.483797354218401 0.544406342872581 0.460442154607883 0.4400806132421 0.469128543306743 0.507038383488309 0.512528741959053 0.500640119533306 0.362731110728168 0.469580624008292 0.466315333342699 0.513151018967581 0.542251029244216 0.510228708868465 0.519170963835307 0.524782019500909 0.494390563820163 0.548172441079861 0.51439765316069 0.527191391298139 0.547473774030506 0.560915776214811 0.474940633773701 0.52292179444501 0.508265479162383 0.466699965816637 0.485471500272478 0.452126937508296 0.487393387453171 0.513842011757383 0.558044493688951 0.581193396744204 0.59448583821097 0.565946745803389 0.507375676045477 0.592231859599756 0.543749009116516 0.520064844227476 0.436192647866179 0.408586835584905 0.474182176662122 0.510231111765887 0.49672222940715 0.490752046738266 0.554583634420251 0.517855106444838 0.499464082117395 0.50384824583818 0.521041696638154 0.527652777065061 0.5258940885083 0.491297494684516 0.439956905804144 0.49438884256072 0.492606789874448 0.432691835695742 0.518967478655736 0.505135432535939 0.439819520263895 0.588406529463646 0.39035497481626 0.41469469636812 0.414141836740767 0.568956618042226 0.487281237734276 0.479154305186558 0.423593397141112 0.56255320366628 0 0.505788484075934 0.493940751531454 0.49849978793593 0.567488308356369 0.434424561835956 0.509092708905618 0.612341430760635 0.641227209718941 0.582205517074402 0.524360037987708 0.588935154268029 0.463258752686829 0.466856066048929 0.478197185275524 0.451619804364754 0.422949852215793 0.550761061456326 0.543802225197359 0.536362383488082 0.486079703657212 0.566086961549804 0.664139569541109 0.621617974570894 0.505630086586418
"skandapurana" 0.508508499427739 0.456991610088127 0.556351099730851 0.479048181453636 0.471016293889891 0.527237633975008 0.46221901482817 0.539626675506296 0.458610237094298 0.499853102674187 0.600559098391134 0.477213354732177 0.529053934531798 0.483703965756051 0.375192394830336 0.475721545849868 0.353716830607007 0.465252148932323 0.382596665854967 0.321669590870471 0.478780176568384 0.353656817928773 0.429690130445346 0.489908291162327 0.418601295531537 0.457101728507153 0.276053176731246 0.349848314765732 0.3739728232103 0.396696698130094 0.232535989522786 0.36536563350617 0.587611441813769 0.329440756164245 0.487230676599108 0.363309810592682 0.415805811041724 0.44830117282061 0.439078570446864 0.324808087055464 0.425366029271371 0.430526279797784 0.375658380331031 0.417092737209728 0.249406812536448 0.368720385785878 0.263334543918917 0.255584654330582 0.294112060240676 0.277009278964926 0.310209309599669 0.292669137007163 0.302917684496994 0.293330217803699 0.305497954777981 0.235080694695928 0.310551021727286 0.407985925890423 0.308266821949098 0.315805722452258 0.41813673824729 0.44691203835275 0.272788028472203 0.298786414543636 0.327807314404875 0.460326177435337 0.368372447014382 0.355785997585535 0.411268659440002 0.367505199219874 0.346588895835357 0.356735396344557 0.481736736666537 0.484527713699438 0.394947299587134 0.37129989896269 0.361788384567394 0.652958335065614 0.265713875015833 0.330042187763494 0.354853014474837 0.299278514537428 0.341806109580757 0.27372808965807 0.283524263132308 0.37471301559371 0.542444751581266 0.528460135173063 0.419612121298184 0.465417344515971 0.356776233214941 0.391206022915409 0.447224514884269 0.36969432108361 0.364304266106161 0.506197866718104 0.399157690076898 0.476198886397846 0.357317041986382 0.521323374838894 0.282541381946312 0.505788484075934 0 0.378862083640093 0.303925867737753 0.508290020176548 0.452369116413276 0.392422784350213 0.523313800102771 0.527910423840255 0.481233583341245 0.488822446200213 0.514617468713714 0.431406523848839 0.414680020508292 0.414912321027145 0.346577045353037 0.39927408873442 0.494498449523459 0.44530394070771 0.494759169840644 0.436830622660023 0.469913630475925 0.611735170213581 0.557709535483675 0.414092276320985
"vamanapurana_saromahatmya_u" 0.516445431663044 0.471258283734984 0.546123144602306 0.487280674369882 0.501783584981205 0.554396946512002 0.478301143718192 0.532705495470845 0.443128570658398 0.491642837965002 0.625784437990355 0.500023163124568 0.538755330662563 0.457748030672211 0.35623366102962 0.496604047965289 0.334715305916833 0.479142337318866 0.393563726382427 0.293184134376533 0.469908351399908 0.346106133191815 0.430051096590444 0.509686667036086 0.396707062470949 0.514717358208689 0.378904199584124 0.404716577100816 0.505971773187419 0.47988365893801 0.353208744755996 0.346522923821889 0.570358634477883 0.451353737902877 0.549742895906499 0.429786047982233 0.447971873038243 0.483527232792204 0.456029549613185 0.411423844262899 0.408569457114429 0.430215629170863 0.405472457122232 0.461608595942802 0.353757847092088 0.432749634888139 0.394287742004319 0.359092119365141 0.401970938257669 0.41475481799054 0.444482567809825 0.350143802438483 0.42206914967417 0.428427803370508 0.410712189773742 0.394809814736193 0.41250525970907 0.507628460841017 0.394397383209883 0.376999197417088 0.442464557734226 0.491368756363798 0.376465041903846 0.451873198225291 0.452687513550728 0.486610385850793 0.470165510149758 0.379862143170877 0.42309723009694 0.389546175469476 0.371221081737771 0.404401835920177 0.439052835126127 0.46719739075793 0.421507427561045 0.356353164254961 0.375512360479578 0.648744751099762 0.408825783680765 0.443278071781837 0.442028276844105 0.431315837851096 0.473890633035183 0.428660736545819 0.391679114656205 0.357799750250157 0.503318528702187 0.518874765479314 0.394632239744189 0.406514219534006 0.355382696129057 0.386898230781216 0.457492616421507 0.328327134092385 0.453932569214571 0.45928775372316 0.436173926396051 0.469380219863335 0.342918884380944 0.513776879248426 0.392353348029904 0.493940751531454 0.378862083640093 0 0.354494980475283 0.548434935735299 0.503719034958369 0.382861298077767 0.550582595057116 0.582574058764618 0.556585133394873 0.525512250499737 0.555805393319804 0.488046310572132 0.415776190519027 0.328654455061799 0.388536368878365 0.409806437335262 0.432759792170609 0.421036504169081 0.446858467455574 0.448357379214162 0.521428649918243 0.604194778030975 0.553909765833566 0.398497670280323
"vamanapurana_u" 0.483832428524068 0.486467845384319 0.557266235627608 0.48615432730639 0.478076080554059 0.53262823205872 0.473619563613091 0.545837794788421 0.467384771730761 0.481098768170474 0.6021815307523 0.462937604310652 0.530011119968102 0.445392177691725 0.341250330387609 0.528355362072907 0.278864449886261 0.373163552830968 0.296554707094254 0.307671293003414 0.433580799890771 0.327883820970332 0.350904304671011 0.484798015091068 0.393823689879649 0.467948843212285 0.275754072266528 0.345886597722948 0.467039205132975 0.46442606696105 0.265915719398014 0.314344563796066 0.584473812009735 0.394826882933638 0.537926088018005 0.387301346392297 0.432780620082323 0.507785109530898 0.445657212653889 0.38183716854498 0.361234011236479 0.415625889725764 0.411458002966841 0.440162189056423 0.301676258243459 0.388736907565987 0.370521499387346 0.300209295714253 0.354223093461654 0.389740560942757 0.390383035241184 0.384258432951917 0.326083039472053 0.330138841008578 0.338150441237184 0.332562363464054 0.382993046420033 0.457036017571539 0.406512214264993 0.383287579954257 0.464059041373011 0.50698738242249 0.337421871975265 0.412667469858058 0.384320926894734 0.491346117326397 0.473114734963901 0.355979798725289 0.3633977225719 0.369648537724235 0.341290254467883 0.392886655159919 0.388925561406496 0.40250257906705 0.426620345072843 0.304035770001477 0.347453603390786 0.640168906476452 0.312124961684382 0.325309188195061 0.331734195488995 0.347980475922228 0.347327795160995 0.322003459692072 0.274642456022683 0.368805397933754 0.520969298969884 0.538308182946784 0.362130246479122 0.444332444626202 0.312111664405729 0.416849463114234 0.441714455566764 0.324980794156195 0.395916267856059 0.458887623100643 0.412964477711711 0.436118899290355 0.405449181933983 0.509262966522714 0.394460568289216 0.49849978793593 0.303925867737753 0.354494980475283 0 0.549490340350084 0.486810189238246 0.429014084999621 0.523230534573755 0.577594196106957 0.526126845657136 0.539173465382184 0.53129430255487 0.422956196035574 0.354570188790795 0.370177931458796 0.358570317145075 0.398090685748579 0.465071638120099 0.440748115395512 0.455567457867632 0.44844745564673 0.488898591304683 0.619405034706902 0.56360679504584 0.40055589134767
"vayupurana_01_frame-and-cosmogony_iast" 0.52099255445446 0.591935765846801 0.603887212669793 0.605692779866954 0.612384428170125 0.594700695683911 0.587855967719261 0.6161895910199 0.612827038287814 0.645996974062095 0.638824319036402 0.620352564936586 0.596542278996846 0.548687194383863 0.486739636125188 0.434458073716572 0.53967248176464 0.548345198501159 0.511406337609498 0.492287353338127 0.57886041860662 0.500807098479542 0.528799407731496 0.494767248074148 0.466351901880514 0.486561812034387 0.509862142960002 0.58145341610405 0.499218456364948 0.572878262177329 0.527495554289168 0.518608568049011 0.633660205245154 0.520527887868096 0.46666809317548 0.514156627940763 0.469956160086394 0.514856734040527 0.458426887184232 0.54036056002875 0.585507222172034 0.526887918397853 0.426838999065451 0.472123818742453 0.531668465923536 0.595717821439929 0.508402867795259 0.533097671099912 0.543028904566135 0.512420830374401 0.553690926949826 0.532561293530839 0.583712757301387 0.559854355401141 0.535181565222482 0.533951925456993 0.526205581801609 0.534210646825885 0.480610818324691 0.435594954559896 0.48968227106723 0.444304914631227 0.526208607187111 0.508158208916903 0.560627800948951 0.558012658936873 0.522165522743216 0.49070724647571 0.551372524752475 0.567366386625186 0.512085635733467 0.433526693673054 0.530024250597888 0.58508799532628 0.529285221108997 0.561572114481966 0.557433866100865 0.687381568145766 0.579393984622756 0.571175623138939 0.616235310975617 0.569150364014912 0.612263207311827 0.594219564667163 0.599892921161064 0.543150997387301 0.611736015606708 0.594046433625072 0.585589539451973 0.578534917845107 0.568347374930297 0.508288432963364 0.631554248348342 0.515804590610519 0.476826903867924 0.512100348478469 0.551484358210788 0.570078425620116 0.468579956928865 0.556252556113342 0.4841468615883 0.567488308356369 0.508290020176548 0.548434935735299 0.549490340350084 0 0.485994918199074 0.523232602620338 0.580369700881183 0.47498346925281 0.45041144088233 0.442004131952415 0.55684920175366 0.507629409825256 0.538434394413124 0.540439668649885 0.426009577256162 0.511577955688767 0.591030583780954 0.58166684935578 0.555224701417205 0.469783763939053 0.540127906048851 0.698488157368703 0.631703340527353 0.522076434830512
"vayupurana_02_pashupata-yoga_iast" 0.472624168255857 0.595282773731349 0.629408479309469 0.625482215537073 0.618559000148741 0.58136844076575 0.585050599065966 0.628631281364438 0.623482788334564 0.605656930688161 0.615299062535085 0.613735428215817 0.606407085031486 0.521843245010821 0.399712906267018 0.40284813970604 0.488426461804037 0.536322948630532 0.482914411020768 0.418513591799304 0.487423305811242 0.45453092360181 0.450423219301541 0.469465146391976 0.401348031003596 0.425091420595167 0.443089889542034 0.505077393610261 0.493597629024977 0.557451385791827 0.50336217343311 0.402724909154413 0.572110333303796 0.385097898881619 0.457245920431059 0.395752368166905 0.401314715359828 0.37704153161472 0.425187670175117 0.416776240642776 0.553921229021252 0.415313553893726 0.37667299224129 0.38933873710926 0.489168340159406 0.531941209995894 0.468855063282803 0.491337865471993 0.516495368131933 0.466127574833666 0.522706300278409 0.452969054672891 0.540716314710717 0.539569787425195 0.520578344138927 0.466221418696161 0.515327944645981 0.484236836661526 0.416871565976014 0.402900010480174 0.408823838998537 0.385677154894917 0.45430177324847 0.494400578830168 0.533022261072056 0.542495151438256 0.515509103169251 0.464796497456623 0.530702871746317 0.526211979826876 0.482823998962148 0.351008450091284 0.485955606827006 0.504334941184238 0.4322791472617 0.486909078962629 0.519613876007369 0.668355146242306 0.534623879433546 0.532343276052223 0.573175432553112 0.538596666768421 0.565147320486017 0.557885730155884 0.529567687540117 0.465064699281773 0.558920309529316 0.511716533924716 0.482664169612224 0.498950759423315 0.498917707402057 0.442021771274683 0.582546238017623 0.445914174806685 0.406857344246903 0.395001116117128 0.523653009389378 0.532749342400304 0.419342847363779 0.469960251199489 0.462254784155125 0.434424561835956 0.452369116413276 0.503719034958369 0.486810189238246 0.485994918199074 0 0.421223487010151 0.556544857425846 0.531642344548401 0.46366062682405 0.379645654690327 0.493665416457818 0.465515066320646 0.473387979388025 0.47903847143576 0.373441375402802 0.484218861241547 0.553290261519081 0.58820383458427 0.539713117269966 0.463704974289824 0.533529186677166 0.677555133413388 0.55237885003646 0.49329959993916
"vayupurana_03_kalpas-and-shiva-lineages_iast" 0.522363335638259 0.558430701612148 0.61592116665836 0.586767273864362 0.596067637935447 0.598028600862041 0.558184797140662 0.611687292320576 0.543123682743058 0.575715561973021 0.67454199565914 0.585793077848519 0.599687829988731 0.544652257857112 0.418355061417804 0.387495208500982 0.425247170416902 0.514583721826693 0.439559717561716 0.371848506735614 0.497714678503033 0.424780167009727 0.495316702586013 0.511891444784962 0.444314794861418 0.468564292041915 0.405777707481886 0.425359285674259 0.507973987037739 0.47528186466051 0.388527633203035 0.407185011612464 0.649053545034092 0.331099506547441 0.424047659133433 0.401935590989961 0.409542232997086 0.368821411247776 0.422542985455261 0.319567209838951 0.49299062607953 0.474212971894323 0.399038560155871 0.458529531445765 0.368246462339961 0.442345759954943 0.395500751924904 0.384505814624068 0.445540501600998 0.409082358275329 0.451677555479548 0.415562800124166 0.45785315238355 0.442862754975773 0.445205385216422 0.393283646361956 0.438944273550755 0.48703190474508 0.421488643616194 0.400198969375831 0.482058355692003 0.459339772291203 0.379430056178611 0.43698191869302 0.468605617612482 0.499162060766358 0.461855403573968 0.415138296272856 0.425106801118097 0.452829870732913 0.40854587312912 0.398777299293536 0.519939269858248 0.537514813623092 0.418313182732289 0.446027437358301 0.452369069572124 0.684417244600249 0.445623236903205 0.474704722117818 0.480989456125977 0.433283202472535 0.498280114407223 0.464991877533723 0.422041890125263 0.455824731909929 0.589532607612408 0.580146177021689 0.453387803075765 0.427932785532385 0.44001492177972 0.450204159469679 0.498808763695908 0.433708614204038 0.478589867877564 0.499659569202233 0.432129255958669 0.563268419457752 0.369295971571623 0.540865623345158 0.421616172047841 0.509092708905618 0.392422784350213 0.382861298077767 0.429014084999621 0.523232602620338 0.421223487010151 0 0.541359449348123 0.51643686709766 0.451579765370731 0.487122474066806 0.449424778060861 0.498566594340577 0.477816663040062 0.413565822776785 0.322859353815118 0.486147600573898 0.485381117200824 0.508259131404049 0.506728044949879 0.505450038567756 0.512172126715106 0.652697402572434 0.575121527386368 0.459688009815133
"vayupurana_04_bhuvana-vinyasa_iast" 0.529934014963345 0.66677677108756 0.68335130405739 0.688175470935811 0.678686132354216 0.661738166293038 0.677171386695902 0.705400661288817 0.677580070696946 0.677289910504917 0.727304418480054 0.680060080598965 0.673287822290647 0.62553162170023 0.51798374830191 0.553596898983915 0.572255002085125 0.510181416688744 0.516035856421614 0.537080387227789 0.601743045761582 0.544666415755524 0.50594222501933 0.510854149259365 0.550482680894884 0.512948881967017 0.50310163711591 0.59104011292913 0.544782291207117 0.435379701135351 0.544161156478683 0.559945369958136 0.618506160515268 0.51730370106891 0.597076866212042 0.521457139609847 0.541827865011736 0.571901602562839 0.520963614646024 0.531882727216556 0.576811992242069 0.598551994420557 0.50309658573449 0.498389521846768 0.561988773482722 0.526264114439018 0.548471427190406 0.560086964310571 0.574246105473774 0.541034120989496 0.464503579398741 0.521029111520871 0.525252320041045 0.508880424443086 0.476213535100642 0.53483153048665 0.549071620114609 0.568599846179917 0.553203777133457 0.520555977209416 0.549937082808628 0.576009700027333 0.563570472182503 0.578406046847978 0.574261632831625 0.627099744363859 0.527765741216413 0.556344049551788 0.537564040687898 0.613831959339003 0.564114804280902 0.500645102274645 0.552676293285429 0.636677006710804 0.542274856236531 0.607031691220759 0.572882016044989 0.719915637831994 0.540395997145276 0.589719267426866 0.606148874354613 0.56437752955642 0.584147802329813 0.569035834051238 0.579525328833004 0.587542971072716 0.594347757478546 0.582188787537554 0.585385431956385 0.587965634416875 0.557379420096473 0.525750897714142 0.637637325672004 0.534660240719567 0.550373171947726 0.54606605497093 0.518134115147946 0.632974243522221 0.509431015732877 0.602856880000735 0.558776915490847 0.612341430760635 0.523313800102771 0.550582595057116 0.523230534573755 0.580369700881183 0.556544857425846 0.541359449348123 0 0.589671409938026 0.573455642391933 0.559125100728089 0.583704048517212 0.465199659727782 0.534899555210636 0.551770995767431 0.395246924223786 0.575044327963857 0.594710566624765 0.648846863841991 0.615286800757955 0.540332112524674 0.588471732575587 0.743106981262147 0.673925836538766 0.587273738113746
"vayupurana_05_jyotis-and-purvardha-close_iast" 0.599077855389303 0.684435512713524 0.69383799474201 0.690546166537621 0.709956480360179 0.663625581607518 0.647207051885181 0.702343157294521 0.675217991088015 0.705585275522801 0.733584537017654 0.69930670750237 0.682725952333795 0.645742386486427 0.565424429851288 0.406459018322558 0.591134782579641 0.596820033162212 0.572749747349367 0.549653233364574 0.624354484477949 0.569066638152427 0.599028008672085 0.577433015031012 0.577576917393764 0.503908109350185 0.548537108537108 0.597122762480048 0.543348555734277 0.601393476345381 0.563204697888576 0.576905280639223 0.671641791044776 0.509369552784996 0.445900522952823 0.564546312759151 0.510753372128103 0.503787764464431 0.491591089747201 0.529575783086622 0.636455400643998 0.6006944082609 0.448241498839585 0.521522792650374 0.533470442176018 0.593376244638596 0.540118075209911 0.55379046540693 0.583107452397684 0.546676499735167 0.603719494755326 0.573979521489285 0.630051122451231 0.61363478749491 0.577766134662941 0.569517881926936 0.579159035027879 0.55163187464635 0.52593446919359 0.492708784179659 0.523717148775231 0.55112782649735 0.543349763077307 0.506347076551293 0.560745964012378 0.553348170452314 0.583624161073826 0.554149668001875 0.567286939844708 0.589403645825754 0.558335406267025 0.50164166031622 0.628120086845849 0.671122350674374 0.552910451293128 0.626003396340509 0.618658688057595 0.744200255247312 0.598165366969219 0.620002230417511 0.657819145762481 0.624332771558356 0.657546669334807 0.62440273381129 0.609679044695722 0.595619590961693 0.667468804837282 0.664732898235436 0.661481208599844 0.614902229063337 0.584738574749453 0.580781873847504 0.597471440152243 0.572836861905154 0.58697032254626 0.552743655344222 0.578282202237763 0.673049509791227 0.512953104788422 0.609924910981213 0.488512350776495 0.641227209718941 0.527910423840255 0.582574058764618 0.577594196106957 0.47498346925281 0.531642344548401 0.51643686709766 0.589671409938026 0 0.454728320560759 0.48579369096622 0.529655680805971 0.54862151217618 0.594590897432244 0.575447603611914 0.474557265347956 0.60965635950083 0.632440176477965 0.606068264538673 0.53066498649096 0.600421867524899 0.655293332927406 0.672915077318027 0.577950031633949 0.597245743783029
"vayupurana_06_prthu-and-prajapati-lineages_iast" 0.567000208203669 0.651186935827533 0.68385554735621 0.669294851908664 0.670843219342801 0.662645397134234 0.641375469625158 0.687780054722689 0.657746602891277 0.657188921376521 0.724563044610968 0.659973664758195 0.672308885192419 0.627464977900058 0.480722625532694 0.371090977373452 0.528313734409291 0.567623580195942 0.5204464158758 0.506395463222431 0.601860666749649 0.533524963881894 0.55474317433045 0.553760483537611 0.508430932108491 0.476968655649539 0.49454057073058 0.535513248934419 0.488221919212096 0.522012213190478 0.498560908277795 0.510191207553637 0.671432132648887 0.369898353071066 0.2765505184723 0.444142731626631 0.437512671381108 0.409654512697624 0.387757278041164 0.404952971942854 0.60091383389521 0.559976283671438 0.416187710915642 0.487408955437323 0.501143027733287 0.537402340826773 0.494292809075146 0.507546074835462 0.533213079677432 0.493796894803474 0.513548494574395 0.496102943610717 0.542509484215043 0.540951175689632 0.50113911524933 0.47486369089046 0.534039608895056 0.551770969982252 0.497411603001501 0.459401254905141 0.519081011620267 0.465225520998034 0.491857471112212 0.473311516365269 0.515903635211264 0.563689401562685 0.489139559714083 0.512219673403546 0.527309906434958 0.558300889804391 0.516783380119853 0.417779649889014 0.566868968162761 0.624051631280936 0.470720683415254 0.534002180382451 0.582934402813276 0.752047665979837 0.537384035950458 0.56671852007228 0.585255374419604 0.531195207900985 0.58522302161691 0.551777619858217 0.537796104088007 0.572332011732565 0.653193384337801 0.659358594776792 0.568868891826779 0.543106272982124 0.548908385127578 0.5315288935911 0.626030074455179 0.511818532700027 0.551247038572251 0.563557209806209 0.538435036692443 0.635496847395904 0.446501086319803 0.57860424122643 0.462471485347155 0.582205517074402 0.481233583341245 0.556585133394873 0.526126845657136 0.45041144088233 0.46366062682405 0.451579765370731 0.573455642391933 0.454728320560759 0 0.370868457440462 0.496740204972908 0.561255586170637 0.564086870367048 0.523219241230027 0.409313444958512 0.581016600335538 0.58805692063373 0.624657838897977 0.589170714283213 0.545907896158139 0.593879516992629 0.724676970327905 0.639227926363053 0.581299601141205
"vayupurana_07_shraddha-kalpa_iast" 0.535235933353062 0.638226153901285 0.665684584452356 0.646896870208425 0.65582883446908 0.638442832523239 0.626992907278337 0.664742026950925 0.643702809350404 0.641018175359845 0.679594561389497 0.650725762519716 0.627952927532523 0.608044061012379 0.437690554857429 0.37583575602651 0.522049115542844 0.566095060769559 0.519508306145974 0.465418623066896 0.557664189639883 0.489241810427373 0.496290112745104 0.511775900370472 0.445496676397568 0.413303404457054 0.466930660129225 0.564903917069617 0.488013820910444 0.570597524317529 0.519197462820329 0.468558549294298 0.599179477239781 0.395130455903059 0.390058591119292 0.430622080736062 0.444419629899023 0.401123543638461 0.431317890083336 0.418922362632598 0.607084895509983 0.491115594953006 0.356635866600725 0.452589890407528 0.505629683949369 0.558179325172542 0.486982790882718 0.52205759798925 0.547776908034888 0.496125349500757 0.54702427102448 0.475083064614882 0.574049934621179 0.577494125221997 0.53197989221036 0.496162808282103 0.52832997466266 0.503148665790808 0.448271348689815 0.411380180485165 0.443251858398311 0.39411699404368 0.494363588077338 0.476454340423473 0.547118380062305 0.580642832806879 0.511326626225866 0.495738651507624 0.571477133835812 0.55193215889458 0.515220546580488 0.43000177468081 0.541441638855065 0.55712636613917 0.475113100025614 0.540811580346948 0.542472409973318 0.706175269305935 0.558879053096047 0.540869465134358 0.578270673832952 0.539695875562596 0.585790972943925 0.569462161038612 0.55584090997845 0.517100840302764 0.550170275832153 0.546265724167429 0.545832541504583 0.529353259835843 0.529934657485558 0.482305666094722 0.618847416750181 0.464908736845649 0.496349807398809 0.486769685011506 0.549905564918493 0.600743516073112 0.456576049180882 0.525278018943927 0.430581645861278 0.524360037987708 0.488822446200213 0.525512250499737 0.539173465382184 0.442004131952415 0.379645654690327 0.487122474066806 0.559125100728089 0.48579369096622 0.370868457440462 0 0.487415630752449 0.529371283610554 0.544997801254666 0.517342704031235 0.417845108195795 0.528063059018275 0.573211066272877 0.587101999184396 0.582793471251418 0.495652253152774 0.572207199728432 0.693431470736497 0.608718945453639 0.544262186513927
"vayupurana_08_manu-candra-vishnu-vamsha_iast" 0.60507839586902 0.65531455216402 0.713384893830765 0.705276654346295 0.696174468417032 0.685863268218461 0.667461376253389 0.696451252637743 0.65498469076579 0.645877383887038 0.728620553543395 0.675700962938987 0.705564464400257 0.606316890394576 0.519429485741826 0.491849179185424 0.54056137544982 0.593177788953065 0.55200373573113 0.507688033040882 0.582451663190738 0.537720820126065 0.590233961334102 0.601285721887066 0.561523808368398 0.53233300156577 0.52297747911872 0.580826093224145 0.535072460712378 0.576930390253227 0.515870557376538 0.514177289383088 0.707502513918524 0.423559654963314 0.51034799780317 0.484653879978224 0.500992668187597 0.472402187824454 0.46674410832744 0.436545796124699 0.626499821255041 0.594759759677727 0.492106251551959 0.549916690372658 0.483649771423499 0.529755071217485 0.495196412863916 0.50191947375863 0.549855173186609 0.530507503015915 0.540137422961965 0.53709913691352 0.557898401201333 0.552318369725234 0.489563992132516 0.520491803278688 0.558533511919237 0.587679029965219 0.520606753616528 0.497533312301667 0.59067451724731 0.519451533582333 0.517792334380423 0.469668783034494 0.508396105089105 0.49249395656855 0.524251634122986 0.516100429029108 0.53771943612479 0.552573994207164 0.518169723877046 0.469354263981434 0.610419740696024 0.614581552681341 0.510041653338755 0.563980999562268 0.592539458161312 0.742192130738122 0.54755141902757 0.564165384512673 0.582891269379513 0.548538926292545 0.588423716177967 0.575409235202387 0.540640564902399 0.606518172527401 0.686920469723524 0.652806511785654 0.592490026826366 0.560668532053405 0.56297741822501 0.599965168883516 0.577616526921386 0.539996940322379 0.566459414042585 0.56637023643844 0.555554093889395 0.657813131119738 0.476615706255403 0.630848262566418 0.498972953870691 0.588935154268029 0.514617468713714 0.555805393319804 0.53129430255487 0.55684920175366 0.493665416457818 0.449424778060861 0.583704048517212 0.529655680805971 0.496740204972908 0.487415630752449 0 0.587767911628081 0.581225685365209 0.536991162632376 0.423652293525903 0.62114097606805 0.628268685556805 0.576694316336034 0.536507745696923 0.58030192345204 0.547377739906333 0.713092302946431 0.606002120945498 0.541532303701691
"vayupurana_09_upasamhara_iast" 0.433535211488255 0.524638342030299 0.56499951661242 0.531675810100568 0.549992526522448 0.540203630905762 0.54795838807811 0.587710342792557 0.557772725841027 0.575033993558027 0.577403366794769 0.561336907843694 0.547008527540111 0.468573073504797 0.415204660251137 0.513837784943363 0.457762528170976 0.407153872453969 0.397918800257307 0.40238585073794 0.48748781753452 0.424410396930187 0.408189324887232 0.46386634512859 0.409542195256481 0.455924257376425 0.382300217001604 0.506118851332472 0.447288087613933 0.505804485093714 0.44023219935639 0.416927041519477 0.542486252115059 0.485218414074113 0.534892369872725 0.458090935882154 0.443059335292947 0.511596099332436 0.440942569317915 0.496650168109928 0.455803456141539 0.459598103856616 0.42046904857119 0.407477496289778 0.455331750283016 0.485148441190803 0.443815881271585 0.452544784779597 0.479073113142794 0.428206919014828 0.466964875827391 0.46661687868672 0.468202346806596 0.446531208420579 0.45533251261207 0.418610471291201 0.428850868229367 0.45212873488861 0.423765679861856 0.422380993314524 0.413910654589931 0.485782117707102 0.443281960130406 0.493120290140195 0.481430999892798 0.560056243258007 0.48897314595798 0.417338203295258 0.472618597289231 0.501061281102892 0.432474659402419 0.40543570157136 0.426973290558104 0.51289522049472 0.492960036919426 0.493791728261152 0.448471414566761 0.611792343571612 0.473667330305434 0.459632128810312 0.540398730613766 0.494385933343694 0.517344481497244 0.493694128060243 0.497763065404442 0.465021654159144 0.509882065062456 0.46857262410743 0.480884572903568 0.494207557469521 0.455599537228328 0.414203080555618 0.56392856963225 0.436211305455594 0.401095661142484 0.398312163111229 0.466618837012887 0.475324917345072 0.433333989759507 0.469943700252378 0.493849887534036 0.463258752686829 0.431406523848839 0.488046310572132 0.422956196035574 0.507629409825256 0.465515066320646 0.498566594340577 0.465199659727782 0.54862151217618 0.561255586170637 0.529371283610554 0.587767911628081 0 0.386418525127825 0.486245593532432 0.363968346995369 0.403719015174847 0.524453939424252 0.541883495599919 0.511587108869702 0.427664227437127 0.519788298351486 0.656312410841655 0.565328585020119 0.469969760669291
"vayupurana_10_gaya-mahatmya_iast" 0.4052096420771 0.508348495600543 0.564958960638722 0.515698202537917 0.499435708277892 0.541574410797218 0.529218416665947 0.55210210442566 0.534251280889706 0.518036724635449 0.611671008408143 0.517978838831809 0.529174693141123 0.480087365570209 0.347158968547457 0.534521116808968 0.414982107109098 0.419551641316651 0.382026981925624 0.357066493336093 0.46673383533357 0.339449316436855 0.401051804595834 0.446675095580232 0.382474542195463 0.458947663805781 0.358751883605869 0.464449407798653 0.502345502222123 0.529936989565836 0.412321748239542 0.400528076630905 0.569211439184944 0.471564923215454 0.548900248887861 0.457321575697533 0.469083560514436 0.538654620901788 0.486958974903526 0.480133606021381 0.429483388184304 0.432557789771556 0.431254568832784 0.397150381789641 0.432847114945727 0.489418529487536 0.440714821151656 0.434099200717026 0.445477636901104 0.445546497230387 0.479777495242209 0.426383603250524 0.464773439596112 0.442383125864346 0.466521396930311 0.437252741989559 0.440834972875497 0.498593883638641 0.420135355656496 0.430302720314026 0.433777661081161 0.505529511748513 0.44780230082084 0.499646958051671 0.521547194553473 0.56134622235826 0.487865381314404 0.40780556193347 0.445778282917801 0.481471528922867 0.422425883542332 0.411268312994715 0.36468214994981 0.46162069307191 0.449063485045219 0.409568690228081 0.4186372607947 0.600498866332165 0.434353919340096 0.440980091147335 0.473516355159688 0.461411399286074 0.464697633471357 0.452085459773364 0.462180490230353 0.395968571122607 0.494684720494559 0.455213589133433 0.44350081452893 0.487481396757569 0.403688768013157 0.399842063291704 0.51361392515461 0.409414761168427 0.372702989970807 0.391180287837668 0.450210026141552 0.467547641803922 0.398685128516008 0.463274640056059 0.459625414000156 0.466856066048929 0.414680020508292 0.415776190519027 0.354570188790795 0.538434394413124 0.473387979388025 0.477816663040062 0.534899555210636 0.594590897432244 0.564086870367048 0.544997801254666 0.581225685365209 0.386418525127825 0 0.408261142769326 0.347345979852106 0.413562480210688 0.478170442841916 0.521675085670934 0.520723967981169 0.414005178592204 0.506387239993444 0.64819573976224 0.581233176692889 0.441841958014519
"vayupurana_revakhanda" 0.506033435727466 0.458844703615204 0.510895526300498 0.502514122624987 0.501370938658648 0.503797279998001 0.410308256885507 0.463086399962025 0.39931784106486 0.461195582736207 0.583653551682525 0.438312188857543 0.452735828195261 0.440797203509812 0.284813162717877 0.443361227865161 0.278033736629467 0.419716312006257 0.319806510358861 0.28715566160794 0.425321423234773 0.320945636147066 0.384229078445816 0.454325694967975 0.285966009438316 0.456348794866268 0.367525037397652 0.38142873521455 0.52907722355876 0.51344853835006 0.364101533294548 0.358329380695143 0.529113924050633 0.431427603015924 0.53947725351842 0.434092608197085 0.480562443317388 0.496514477155288 0.460227340495097 0.444803994867704 0.409087145349669 0.399064031611518 0.411261695991315 0.4588337288983 0.35304745487263 0.49241271009082 0.373293744424852 0.367171661297186 0.385265801740072 0.403702275845389 0.453137223021724 0.372697504841538 0.438364731970805 0.441986057903062 0.44858934590476 0.373430457425472 0.403234103438756 0.457731936252483 0.38008111517593 0.358210541625487 0.446767273009273 0.468140113765606 0.387640088542739 0.455286954459693 0.52222706237457 0.492225625404697 0.460633493725823 0.361407450832554 0.397213135919039 0.366915422723727 0.347960475854355 0.377379531517581 0.422425898591375 0.404973428569956 0.398984398149883 0.29017492581885 0.329948314469248 0.638507733269454 0.410864756317785 0.430189493614005 0.417341936002778 0.424052758507262 0.459420395434978 0.435726404825903 0.383477804698952 0.305015595698165 0.524781061038877 0.548342632488231 0.385772886797218 0.391398944910291 0.327934961051057 0.370624402808552 0.416210920303525 0.272555129754951 0.418898768320284 0.45016521861904 0.473211274893569 0.414862179249548 0.272635385840888 0.465426971430616 0.439384386498588 0.478197185275524 0.414912321027145 0.328654455061799 0.370177931458796 0.540439668649885 0.47903847143576 0.413565822776785 0.551770995767431 0.575447603611914 0.523219241230027 0.517342704031235 0.536991162632376 0.486245593532432 0.408261142769326 0 0.357098269401686 0.408557034482394 0.375231497926712 0.359249802491949 0.389723289369883 0.422229717718092 0.519192425944826 0.520575348191946 0.490229243230595 0.321395830056171
"vayupurana" 0.403576311742195 0.523436345800344 0.583108026116272 0.557856336937867 0.551413752841305 0.528818258998077 0.52681223569904 0.575627743985447 0.530771437172141 0.543121901697138 0.624336366547094 0.539650781705843 0.548649137726933 0.463274624665122 0.288677504443883 0.36381704260343 0.365467465362374 0.384234440120442 0.320517793813767 0.316692904602214 0.46019468832811 0.358947328513192 0.348733670973734 0.400497108591051 0.332312857081106 0.362954252568808 0.334736157899091 0.422867792763302 0.41029726161384 0.41083297229591 0.362237061826714 0.359765163278805 0.562409911778101 0.333673365432313 0.421184893938127 0.357842563663934 0.362779621101337 0.409165301758875 0.336268110801463 0.370297270656747 0.429354640503836 0.415608867747477 0.278844017585234 0.332757168757332 0.374987256845099 0.431284254157813 0.361600636847676 0.37543739771513 0.411110429066546 0.360307112340126 0.388453929940809 0.361841787879437 0.426810943778652 0.413274845683598 0.356761617434093 0.361255337589122 0.383082533486844 0.441040741080865 0.350379339689826 0.310326601250655 0.394941563347888 0.388596393314327 0.38379281629235 0.407599265812088 0.443165977589506 0.482235330518137 0.406282024746452 0.378094188374799 0.402597979778237 0.456500323884552 0.393659943963076 0.25482113810754 0.405862396887142 0.464553554200899 0.343126727192893 0.384006757842274 0.380893904717396 0.635826461168798 0.413148802569643 0.440090719396292 0.459139635410509 0.427997020177169 0.466103515190136 0.433462766764009 0.415357302797979 0.394255983140473 0.527442402087938 0.495616701139483 0.389814003852614 0.441086421311786 0.387454095065361 0.369568753738054 0.49749583275059 0.34303172833514 0.383584982764193 0.381673276578142 0.38938717778149 0.482692068388882 0.27189615851339 0.45966148635191 0.385207568381054 0.451619804364754 0.346577045353037 0.388536368878365 0.358570317145075 0.426009577256162 0.373441375402802 0.322859353815118 0.395246924223786 0.474557265347956 0.409313444958512 0.417845108195795 0.423652293525903 0.363968346995369 0.347345979852106 0.357098269401686 0 0.425456598503203 0.466737524554333 0.50343034245265 0.46968630986996 0.40211686256734 0.473185122482713 0.641582079136147 0.551892131768462 0.43171933350667
"visnudharma_pu" 0.476746430468341 0.450247784169576 0.460783044958413 0.449323637819796 0.432525055934213 0.510629361901732 0.448723187240827 0.48722794734284 0.481131252225559 0.519701333375133 0.515668567703773 0.507817709889461 0.46137321753934 0.45277531628521 0.380991357247205 0.533203633879259 0.403276913136706 0.440328065976324 0.388326684825475 0.326021821421168 0.401294939152413 0.345672485953329 0.388779952961081 0.469925767838867 0.355607847787802 0.456199178239875 0.365106620229813 0.438770219639244 0.51614190861596 0.537993864327339 0.397324051874512 0.357610444953313 0.534520958591315 0.465953661533169 0.553170232648336 0.431878856164329 0.446893623342066 0.514934908134366 0.472022283885528 0.477187328181192 0.464653940188312 0.389657974531999 0.423221260244486 0.433487442678138 0.402131063748261 0.521177075356248 0.38781001151397 0.396162235871969 0.405927558452937 0.361517439443061 0.469342043301408 0.446142858998137 0.452568554343224 0.463658622044467 0.485219075944412 0.365005466489215 0.391949052254613 0.41160372415089 0.345195549330923 0.330781355214506 0.359011663678177 0.405549617340982 0.389520125457562 0.447448518924795 0.502459231941187 0.5139697888201 0.446833644293251 0.322306257214309 0.461780864331999 0.364164167295454 0.334238848187397 0.418321392952918 0.40977448213977 0.377362230203063 0.481314363417185 0.412566805371178 0.400407970526604 0.606804029779914 0.406511902294193 0.389493146597772 0.430242602369014 0.417008380935052 0.41652970481943 0.431212424710191 0.41596989882752 0.362863562641988 0.426361352894751 0.456692086861346 0.414652166790063 0.471662094149178 0.425368708962538 0.362839600308635 0.547804361772075 0.369105548215657 0.385963358769142 0.43615728608577 0.489005536013258 0.407170509009463 0.39919955764744 0.42642521299528 0.43215259460968 0.422949852215793 0.39927408873442 0.409806437335262 0.398090685748579 0.511577955688767 0.484218861241547 0.486147600573898 0.575044327963857 0.60965635950083 0.581016600335538 0.528063059018275 0.62114097606805 0.403719015174847 0.413562480210688 0.408557034482394 0.425456598503203 0 0.482283359163052 0.403560501815386 0.486520158817119 0.347426836914996 0.499254765256291 0.590114931818237 0.565492057040182 0.380849468070324
"visnudharmottarapurana_khanda-3_adhyaya-343-353_pu" 0.521253715414496 0.503930163751142 0.570769961639591 0.538969868546963 0.556286463598351 0.542793198793972 0.502698327393536 0.535258167288131 0.469373319767606 0.476332151420795 0.63221970961922 0.500417110945758 0.538187371758594 0.441149929912812 0.398388898031645 0.507328144035055 0.366720523244849 0.450036848755992 0.383183739287557 0.397963924929245 0.480910877938025 0.409219789921226 0.460082066120186 0.479096510539008 0.429212778484418 0.543876481968789 0.445607866826107 0.404952985269175 0.565730157677867 0.556793450640334 0.471536471501434 0.41393673799957 0.569682766333115 0.510506522213696 0.589736446034624 0.478339858867024 0.515764288730495 0.587868317008692 0.523581713469943 0.509797779355841 0.426888290200582 0.466569412396491 0.456447707041651 0.471448580132358 0.447665824442112 0.52265808780853 0.470880088089828 0.460781678908826 0.472615069335162 0.511719841084673 0.512338050817935 0.449965497535909 0.518227068036032 0.504692844975642 0.54359642833316 0.485877933368387 0.503371303711619 0.524473058144277 0.47739553278229 0.473402443977704 0.54361950972222 0.550906697189083 0.471295445488371 0.524710501236667 0.568265616654452 0.570414839469258 0.541433552035578 0.401749285328166 0.422703220080182 0.442155261232 0.404428153525101 0.436884754029225 0.460105141035034 0.533626098198904 0.432276259335167 0.395511956202468 0.380785525762541 0.623248631021381 0.499791485053865 0.525425059297851 0.504652539446408 0.523085977955803 0.538283037504838 0.529022856177654 0.496669789743448 0.378887831745476 0.592274168950026 0.584060179832646 0.458068892132453 0.493176038830511 0.426510680413484 0.404602906015428 0.502695696287823 0.416399218130988 0.45927849736328 0.486353464489463 0.515922280027309 0.510922467067047 0.398144862923246 0.517391846954498 0.484847190569867 0.550761061456326 0.494498449523459 0.432759792170609 0.465071638120099 0.591030583780954 0.553290261519081 0.485381117200824 0.594710566624765 0.632440176477965 0.58805692063373 0.573211066272877 0.628268685556805 0.524453939424252 0.478170442841916 0.375231497926712 0.466737524554333 0.482283359163052 0 0.458546597849236 0.488225209939309 0.465681994296523 0.53687423394519 0.591805285994912 0.564404755279482 0.426333767914246
"visnupurana_amsa-1_u" 0.591526941329517 0.495789779894421 0.526482747547315 0.488333539537851 0.499536310609494 0.558992642362015 0.42250221870079 0.448105080045317 0.377215065700557 0.481085172903026 0.60426540120889 0.464742365200152 0.488384883150977 0.477863380549813 0.446098710456903 0.556693638833724 0.400955753948459 0.511968434363353 0.450197038241866 0.391544877353387 0.473125128217959 0.430318372564056 0.493196459016348 0.562625000478212 0.442367183373714 0.541234353324417 0.478468045385672 0.477906033104311 0.572051576479409 0.576211365503058 0.448937452476289 0.439567137917589 0.568186746263922 0.519553841132214 0.615584488306214 0.497638097861463 0.508060188867329 0.56938113503231 0.537075419635575 0.506712908200698 0.487256979894177 0.480697489310205 0.520729917958328 0.550195180396524 0.406900792445047 0.545663365373416 0.444962469533408 0.42111330626474 0.440700125328812 0.459604106370129 0.51774558143562 0.448968538622632 0.486483710734057 0.498254522427288 0.529450241749697 0.439843332527098 0.483433108133477 0.51614491015331 0.438325257313029 0.431535360918245 0.547462489986772 0.540592303960642 0.432610404725917 0.491958912521491 0.539145740997466 0.514834078715809 0.534942790101357 0.381921208317065 0.446153233517977 0.340842649915012 0.352718428031576 0.502365995643229 0.502845759330987 0.493409065614076 0.541453943286244 0.41667812214437 0.407162314682948 0.655259242155007 0.480945717117423 0.477280342843486 0.469121135886213 0.47852229976648 0.486938281457242 0.492897621520533 0.450977713014183 0.400413279012676 0.543820574092953 0.570139300506614 0.475463945200548 0.459562645554047 0.425112420041607 0.473320631773885 0.443037321009323 0.387631780329734 0.481322744661494 0.552958008506282 0.509209192121449 0.486360522704389 0.443355976814591 0.544505355719669 0.461371787788864 0.543802225197359 0.44530394070771 0.421036504169081 0.440748115395512 0.58166684935578 0.58820383458427 0.508259131404049 0.648846863841991 0.606068264538673 0.624657838897977 0.587101999184396 0.576694316336034 0.541883495599919 0.521675085670934 0.359249802491949 0.50343034245265 0.403560501815386 0.458546597849236 0 0.36714557552399 0.443991537439227 0.528431340043864 0.43658363574472 0.428709110493792 0.268689228943218
"visnupurana_amsa-2_u" 0.539247712981531 0.539819654176385 0.578011937195526 0.547802700309299 0.566283603293954 0.542381232838442 0.498264919955982 0.532437196851638 0.483106378418711 0.511403403222734 0.616615225437675 0.523809268518562 0.552932416423583 0.451369415953208 0.431214976464158 0.49816329664864 0.407365892742221 0.469512337075593 0.428037756616325 0.427456627733559 0.496544258121088 0.442322741930085 0.456313022200264 0.539669550184696 0.431435245963277 0.522321300202158 0.495049333528455 0.512988843187923 0.609015944436145 0.564177633931765 0.478296550348653 0.417953133636444 0.591340122238161 0.499355705128751 0.577714708673199 0.490322943488541 0.480342718239334 0.532584224260096 0.494446551830346 0.500937887727381 0.524499395634698 0.512460231960612 0.480727646046541 0.520275480761615 0.460706062722543 0.554439532395891 0.507427932476239 0.473862411975438 0.498858203447832 0.525136202328276 0.556279901841529 0.484317512639438 0.544416243751733 0.5503048292985 0.52733907693917 0.505931271402402 0.52073615313426 0.579669469950917 0.5021952505061 0.473183346073591 0.517583380574813 0.54168089997431 0.491310276776926 0.533319837183121 0.565845626445946 0.522397054595959 0.573741500685953 0.416383505774811 0.467343017088328 0.429123815282328 0.404079520725598 0.440247135919689 0.47973480971888 0.525727250077257 0.508783439328826 0.432350909545562 0.455454137257845 0.66365853294063 0.531204871304015 0.527289955983932 0.55131425711693 0.549948168434365 0.582173198856346 0.547050981031323 0.496722943274143 0.44227577209053 0.5954568192282 0.595307394211438 0.480546687715031 0.504726720475061 0.477599564628775 0.481668438655283 0.513432576903426 0.416160798203861 0.491987196048075 0.517086325481567 0.557476446191443 0.530126155854067 0.438917218102432 0.539513610073574 0.508255921827082 0.536362383488082 0.494759169840644 0.446858467455574 0.455567457867632 0.555224701417205 0.539713117269966 0.506728044949879 0.615286800757955 0.53066498649096 0.589170714283213 0.582793471251418 0.536507745696923 0.511587108869702 0.520723967981169 0.389723289369883 0.46968630986996 0.486520158817119 0.488225209939309 0.36714557552399 0 0.448210266202028 0.53407374042531 0.541525131236371 0.476663303670658 0.349745563275101
"visnupurana_amsa-3_u" 0.405718930807787 0.490542348855326 0.49386806982142 0.505722334459076 0.49962060605768 0.519410431334172 0.480537855266891 0.511268975216856 0.497690548568569 0.505687554924626 0.574950687449151 0.524425161868102 0.48921038759112 0.434033604409311 0.335040501433267 0.483672499566586 0.426884193891656 0.461531972673877 0.401252272774217 0.369991312279476 0.464977591825463 0.369463992424234 0.403377466710912 0.412349166163711 0.320510034780195 0.441436712974813 0.391824465464613 0.506803609209639 0.518711992780022 0.49706990743887 0.437261556828301 0.380087214947157 0.547046302201855 0.464463827106248 0.551318369339423 0.427153495425453 0.42613348071131 0.503403576443015 0.441535176398957 0.488584563623125 0.487798369586665 0.418751191815069 0.379591335312439 0.411217230289445 0.435891287492921 0.504446320841712 0.406986643336645 0.431027322693182 0.437593131236578 0.391627210513941 0.468927555871517 0.426676297673353 0.460259937793273 0.47350447632579 0.475162847015812 0.415722197050834 0.407088086185044 0.471440974984431 0.35452368598183 0.350134396746889 0.413015955153461 0.426770586349107 0.414600476558148 0.482113740273086 0.528577464655001 0.492354580263686 0.470805393400505 0.338315456218521 0.435575852304278 0.432968731529209 0.366339336490705 0.367937428600943 0.396931008339794 0.437885586885595 0.447465187247934 0.44195454690001 0.452903920583501 0.646403913013194 0.468321435775666 0.454978162659537 0.504025803943905 0.453744556837628 0.474493354408712 0.470527265855249 0.507067227992471 0.387270943077333 0.485027701394195 0.476772598297839 0.459043492863564 0.483503372689092 0.481228247115233 0.427989727489623 0.572295336327354 0.386889408645249 0.354518206838375 0.429163083834456 0.482393743400426 0.445383466798611 0.383361676346419 0.440921534320613 0.461547843915323 0.486079703657212 0.436830622660023 0.448357379214162 0.44844745564673 0.469783763939053 0.463704974289824 0.505450038567756 0.540332112524674 0.600421867524899 0.545907896158139 0.495652253152774 0.58030192345204 0.427664227437127 0.414005178592204 0.422229717718092 0.40211686256734 0.347426836914996 0.465681994296523 0.443991537439227 0.448210266202028 0 0.471055926890837 0.617412897305767 0.556479067096415 0.347402390438478
"visnupurana_amsa-4_u" 0.534115410961034 0.556953003166466 0.59478846309793 0.57281259461096 0.569967193018839 0.518649453529703 0.571122734633731 0.60488952837189 0.583126913831006 0.49918849115673 0.553342457859098 0.560809216444947 0.58143370040347 0.4944447568966 0.438066044292886 0.526605651791478 0.450610803094624 0.495114924715444 0.439300759413511 0.462294382212949 0.478525568771277 0.466472352235216 0.543927182055348 0.477559811301449 0.481092823596487 0.493593108434735 0.47906006992752 0.514089462281999 0.551966117364937 0.584924108790745 0.480343382287552 0.490277475583832 0.608237661261688 0.474392656357183 0.596796268572433 0.424306205614346 0.483665190272362 0.505154168263996 0.448217850968194 0.468059860809263 0.529371368996753 0.503107821584422 0.481222183234943 0.479865520728807 0.47414175369616 0.554351185149223 0.492595921687376 0.494890971863918 0.537919127511011 0.486175185312497 0.506075049908699 0.472710195799808 0.540154812480536 0.530684470357968 0.503679553352023 0.49893310828545 0.517748652401378 0.493393929942093 0.471967927271319 0.478648053955234 0.533731759012977 0.508912086666093 0.485554994058286 0.499728109957148 0.496445784905068 0.503451582641786 0.523838902150774 0.427156636294636 0.481573910207696 0.485538000132809 0.441973444330085 0.476889792816335 0.490761498568921 0.536249334642879 0.506991463100619 0.481979206512363 0.485207857521398 0.59452924461576 0.514707284937817 0.528198468598791 0.548663822441264 0.506543099005504 0.538251448673804 0.534054211527971 0.532249410059086 0.47561901325402 0.606720086247588 0.520572079517569 0.532572091997795 0.549752982739288 0.5039240346774 0.496255808063236 0.565973910307059 0.481758414312579 0.38639274078704 0.505563350752335 0.51465936008938 0.465539184486542 0.486435601459313 0.560585586293266 0.505712977321422 0.566086961549804 0.469913630475925 0.521428649918243 0.488898591304683 0.540127906048851 0.533529186677166 0.512172126715106 0.588471732575587 0.655293332927406 0.593879516992629 0.572207199728432 0.547377739906333 0.519788298351486 0.506387239993444 0.519192425944826 0.473185122482713 0.499254765256291 0.53687423394519 0.528431340043864 0.53407374042531 0.471055926890837 0 0.67184461844122 0.599446617257982 0.370164596209931
"visnupurana_amsa-5_u" 0.689185094657073 0.562376869987172 0.607959630751402 0.594005168088878 0.597167583995299 0.626697058504287 0.52529269827461 0.543924232732309 0.516636613700417 0.584278084110545 0.654753119743346 0.548413296265041 0.566449705326012 0.592188539664301 0.590031601926928 0.648684751456378 0.568868593976479 0.62926738755631 0.589373712768828 0.561516546755027 0.604850454581858 0.572295362732156 0.633585067515812 0.649186931949356 0.575290260533963 0.638763708503874 0.617857998630358 0.615224983879998 0.661661901811687 0.684499974663489 0.60764652698787 0.596045983634097 0.649684755685656 0.663193563258649 0.728435005634223 0.653434373964964 0.664198817551549 0.696697939425584 0.66269793904671 0.675303379284758 0.602236049647706 0.59026996203093 0.63418017635346 0.659449843556951 0.576323339699312 0.695422521942277 0.574806459767456 0.587647244724878 0.589464172957373 0.586301390726752 0.639727842051244 0.605633268842649 0.63057848485628 0.637078335085425 0.653841051511199 0.589767027847247 0.608938113809634 0.614682594583741 0.567458929835007 0.581563269187584 0.656990290735134 0.654981157811283 0.582477429748029 0.626574795945878 0.678973175848179 0.648969764441853 0.645279343279372 0.565728535156585 0.600796596506151 0.554058772225197 0.554699560549697 0.614649535901089 0.644694432474637 0.595677570762376 0.651521802394675 0.57100490114402 0.545002383364829 0.705179251999434 0.630551242373104 0.626249691147285 0.622779371301903 0.634041647106981 0.638197042958197 0.633887636276314 0.622831519667534 0.542617105852204 0.668883839889395 0.682977689256467 0.597556409867177 0.628966777625481 0.574794244265126 0.593234787085336 0.571538672005158 0.563862640139217 0.602437342550996 0.654073940800867 0.645300622651092 0.576885629903403 0.59107362243631 0.655449622973351 0.631862863399436 0.664139569541109 0.611735170213581 0.604194778030975 0.619405034706902 0.698488157368703 0.677555133413388 0.652697402572434 0.743106981262147 0.672915077318027 0.724676970327905 0.693431470736497 0.713092302946431 0.656312410841655 0.64819573976224 0.520575348191946 0.641582079136147 0.590114931818237 0.591805285994912 0.43658363574472 0.541525131236371 0.617412897305767 0.67184461844122 0 0.492606081119931 0.477775343633031
"visnupurana_amsa-6_u" 0.590157029540703 0.607326232320509 0.628724591145337 0.61746277241906 0.642946436466668 0.631620280683829 0.568142698556064 0.601566891954621 0.540339960493653 0.610805477725245 0.64948586852168 0.589374382371038 0.615850594628347 0.574180837384015 0.493001535811528 0.546086534038341 0.522904497245535 0.563940224006605 0.517010939719172 0.511094806141379 0.5968216387582 0.530551494948116 0.562045971456353 0.571210860679091 0.505215920697912 0.624257538520326 0.54662901747425 0.567695244782498 0.603776821357285 0.600503741547798 0.543091893496521 0.559601421550978 0.631465779863756 0.588983495353933 0.637917697513341 0.597608513246991 0.574139389689696 0.613901003269228 0.597175334078027 0.589292938521129 0.591393373356893 0.559732451127931 0.561827494684378 0.552578304598327 0.527952534089645 0.586138316284013 0.545675482804205 0.537257144098756 0.557025949115807 0.548837498638736 0.593994380068407 0.547215475845574 0.58113358709325 0.578745562387955 0.599173313870396 0.547748120542089 0.576112058535774 0.580088572420979 0.544497281908943 0.532336618029258 0.586585834400319 0.585868202319751 0.533827077655 0.568480468853589 0.596105614364284 0.581654901514289 0.603363378891331 0.524474252855105 0.534873511957676 0.513186989008563 0.510986303855384 0.543328111274385 0.553800543335603 0.629009058701233 0.59573082343891 0.544672474184648 0.551590674656692 0.703777329727072 0.5856319688601 0.59745868067625 0.615678992826158 0.610883694934606 0.608770679067356 0.584452938114196 0.604149008608469 0.535445038177147 0.615017966472228 0.579857971562427 0.589337563307948 0.572838239762284 0.517727176704259 0.56495083571848 0.53915567863968 0.519057376745188 0.540171462076033 0.557060696509115 0.570760441285293 0.585961310074504 0.530409296503513 0.644050874135638 0.562403797584151 0.621617974570894 0.557709535483675 0.553909765833566 0.56360679504584 0.631703340527353 0.55237885003646 0.575121527386368 0.673925836538766 0.577950031633949 0.639227926363053 0.608718945453639 0.606002120945498 0.565328585020119 0.581233176692889 0.490229243230595 0.551892131768462 0.565492057040182 0.564404755279482 0.428709110493792 0.476663303670658 0.556479067096415 0.599446617257982 0.492606081119931 0 0.446942039244349
"visnupurana_u" 0.510841151529012 0.466092016275894 0.50774272974136 0.492530794390669 0.478418550336255 0.487287344596486 0.407703497289939 0.448901783225158 0.396515138632574 0.422182017218712 0.546688481204326 0.447307834661607 0.46321990338603 0.409690423880015 0.343627076203728 0.483957181343999 0.355251821177669 0.436700475208424 0.362272036248373 0.324390778827476 0.431254951152079 0.348225384673751 0.452518822526721 0.46274554186001 0.33368270940724 0.467480052436254 0.417934332603616 0.455367836193023 0.540129186677818 0.538508567757159 0.413881824258351 0.384850366250575 0.533512624761322 0.464473507621831 0.580561541220469 0.412817167957269 0.457300587026828 0.496839481300997 0.449903195484225 0.473538977543269 0.462061691943773 0.435724187909769 0.446700198273438 0.471655168096939 0.36124996603769 0.513046873335403 0.406072751460803 0.384913405923486 0.41621351836434 0.412192140669133 0.467905787942317 0.392186523581305 0.454204375830006 0.463702499550957 0.483746602784436 0.406707146941681 0.426642703531425 0.465957120853704 0.385849834269731 0.380513489395341 0.477547785203932 0.479920007911531 0.397288016114602 0.454121513761151 0.498903186310024 0.44729057392507 0.47656117968056 0.295328995924308 0.382153289162538 0.328404616617899 0.289710962444798 0.407288950020284 0.428042900823032 0.446968290398932 0.458648826121536 0.388911155437969 0.369547628872089 0.621519460517939 0.428939958338333 0.452832494985777 0.486263967821117 0.454766651702133 0.464622724307508 0.457700596611578 0.458864616612603 0.343766936843506 0.521172462253946 0.498521733693635 0.434812794416875 0.462657741466938 0.41164926085875 0.414760159656564 0.471989958915319 0.348457788857237 0.33859396913632 0.476890211892897 0.486680223971197 0.399774682353292 0.391187031648106 0.496264033869541 0.448796500481086 0.505630086586418 0.414092276320985 0.398497670280323 0.40055589134767 0.522076434830512 0.49329959993916 0.459688009815133 0.587273738113746 0.597245743783029 0.581299601141205 0.544262186513927 0.541532303701691 0.469969760669291 0.441841958014519 0.321395830056171 0.43171933350667 0.380849468070324 0.426333767914246 0.268689228943218 0.349745563275101 0.347402390438478 0.370164596209931 0.477775343633031 0.446942039244349 0
