"agnipurana_u" "bhagavatapurana_skandha-01_u" "bhagavatapurana_skandha-02_u" "bhagavatapurana_skandha-03_u" "bhagavatapurana_skandha-04_u" "bhagavatapurana_skandha-05_u" "bhagavatapurana_skandha-06_u" "bhagavatapurana_skandha-07_u" "bhagavatapurana_skandha-08_u" "bhagavatapurana_skandha-09_u" "bhagavatapurana_skandha-10_adhyaya-29-33_w_commentary" "bhagavatapurana_skandha-10_u" "bhagavatapurana_skandha-11_u" "bhagavatapurana_skandha-12_u" "bhavisyapurana" "brahmandapurana_khanda-1_u" "brahmandapurana_khanda-2_u" "brahmandapurana_khanda-3_u" "brahmandapurana" "brahmapurana_pu" "devibhagavatapurana_devigita_adhyaya-31-40" "devibhagavatapurana" "devipurana" "garudapurana_khanda-1_u" "garudapurana_khanda-2_u" "garudapurana_khanda-3_u" "harivamsa_appendix-29-30_mathura" "harivamsa_appendix-31" "harivamsa_appendix-41" "harivamsa_appendix-42_pradurbhava" "harivamsa" "kalikapurana" "karatoyamahatmya_pu" "kirfel_ppl_textgruppe_I_col1" "kirfel_ppl_textgruppe_Ia_col1" "kirfel_ppl_textgruppe_II_col1" "kirfel_ppl_textgruppe_IIA_col1" "kirfel_ppl_textgruppe_IIB_col1" "kirfel_ppl_textgruppe_III_col1" "kirfel_ppl_ungrouped_col1" "kurmapurana_khanda-1_u" "kurmapurana_khanda-2_u" "lingapurana_khanda-1_u" "lingapurana_khanda-2_u" "mahabharata_01-adiparvan" "mahabharata_02-appendix-21_sisupala" "mahabharata_02-sabhaparvan" "mahabharata_03-aranyakaparvan" "mahabharata_04-virataparvan" "mahabharata_05-udyogaparvan" "mahabharata_06-bhismaparvan" "mahabharata_07-appendix-08_sodasarajika" "mahabharata_07-dronaparvan" "mahabharata_08-karnaparvan" "mahabharata_09-salyaparvan" "mahabharata_10-sauptikaparvan" "mahabharata_11-striparvan" "mahabharata_12-appendix-29_moksadharma" "mahabharata_12-santiparvan" "mahabharata_13-anusasanaparvan" "mahabharata_13-appendix-15_umamahesvara" "mahabharata_14-appendix-04_vaisnavadharma" "mahabharata_14-asvamedhikaparvan" "mahabharata_15-asramavasikaparvan" "mahabharata_16-mausalaparvan" "mahabharata_17-mahaprasthanikaparvan" "mahabharata_18-svargarohanaparvan" "markandeyapurana_adhyaya-1-80_u" "markandeyapurana_adhyaya-81-93_devimahatmya_u" "markandeyapurana_adhyaya-94-141_u" "markandeyapurana" "matsyapurana_pu" "naradapurana_khanda-1_u" "naradapurana_khanda-2_u" "nilamatapurana_au" "nrsimhapurana_pu" "padmapurana_a" "pranavakalpa" "ramayana_01-balakanda" "ramayana_02-ayodhyakanda_a" "ramayana_03-aranyakanda_a" "ramayana_04-kiskindhakanda" "ramayana_05-sundarakanda" "ramayana_06-yuddhakanda" "ramayana_07-uttarakanda" "saurapurana" "sivadharmasastra" "sivadharmottara" "sivapurana_dharmasamhita" "sivapurana_karvanamahatmya_au" "sivapurana_rudrasamhita" "sivapurana_sanatkumarasamhita" "sivapurana_satarudrasamhita_au" "sivapurana_umasamhita" "sivapurana_vayaviyasamhita_au" "sivapurana_vidyesvarasamhita_au" "skandamahapurana_himavatkhanda" "skandamahapurana_kasikhanda" "skandamahapurana_revakhanda" "skandamahapurana_sutasamhita_khanda-4" "skandapurana_adhyaya-1-31_pu" "skandapurana_pasupata_adhyaya174-183_u" "skandapurana" "vamanapurana_saromahatmya_u" "vamanapurana_u" "vayupurana_01_frame-and-cosmogony_iast" "vayupurana_02_pashupata-yoga_iast" "vayupurana_03_kalpas-and-shiva-lineages_iast" "vayupurana_04_bhuvana-vinyasa_iast" "vayupurana_05_jyotis-and-purvardha-close_iast" "vayupurana_06_prthu-and-prajapati-lineages_iast" "vayupurana_07_shraddha-kalpa_iast" "vayupurana_08_manu-candra-vishnu-vamsha_iast" "vayupurana_09_upasamhara_iast" "vayupurana_10_gaya-mahatmya_iast" "vayupurana_revakhanda" "vayupurana" "visnudharma_pu" "visnudharmottarapurana_khanda-3_adhyaya-343-353_pu" "visnupurana_amsa-1_u" "visnupurana_amsa-2_u" "visnupurana_amsa-3_u" "visnupurana_amsa-4_u" "visnupurana_amsa-5_u" "visnupurana_amsa-6_u" "visnupurana_u"
"agnipurana_u" 0 0.408274441981286 0.434051174365669 0.405249994278579 0.390729743126576 0.437616161432916 0.383687623205702 0.389012288347872 0.385084487163932 0.390457888734169 0.456889068496464 0.385141494590243 0.410332972082332 0.399952627286129 0.290488761364002 0.424933944187366 0.352979819618949 0.334098867922787 0.313439868167044 0.34853085672599 0.387101684473522 0.339347666492939 0.288724157685807 0.231557653731307 0.319614004940596 0.390044835576904 0.382299315783397 0.422721617832671 0.441676572606489 0.430613351015277 0.378059312215214 0.297963670275242 0.531282738008922 0.469188974347025 0.538383787725611 0.487752500352179 0.508132324394652 0.489549286542601 0.619510702278447 0.482521376203584 0.377176883886706 0.360047851041817 0.325001414599255 0.304397339151523 0.398884820264743 0.439995356108814 0.422313331486772 0.390536821662095 0.427501178779045 0.409182073673233 0.435210787046035 0.45430071741426 0.425658230963487 0.42532437136637 0.424004872165798 0.418747590792275 0.440724836348976 0.476717166248044 0.386078594299912 0.386206612943103 0.408958707222472 0.393151639861824 0.410923345614931 0.4639491278165 0.467490648280909 0.568126040527752 0.505637425903203 0.348135655573026 0.445092417688222 0.41682410838735 0.353034347193959 0.277620838274545 0.235948757800821 0.350379430313625 0.384820967629249 0.361098473388826 0.364491503465457 0.401705186229391 0.426943670233223 0.412472077805603 0.416236566189392 0.416282071708059 0.421000663435723 0.42371217565642 0.411990585146329 0.338978347787812 0.386581144407139 0.355397094507598 0.433880761431541 0.453155263046499 0.38561865329729 0.456068384052246 0.445383890307133 0.338310998257699 0.327071072211199 0.351096220995973 0.369875462255154 0.304807170115957 0.35332492146801 0.405247410697715 0.390947104470488 0.468584496632724 0.358760162948066 0.424968644662346 0.32870966012857 0.500852672190967 0.485406409686254 0.437670086262273 0.4823473228952 0.506403950446139 0.482060072608002 0.460071508522206 0.495750647149834 0.445733544015067 0.410815530752139 0.360639600073601 0.330525605589836 0.369709937256433 0.441610133033549 0.415222342626876 0.472729225675696 0.388427157304305 0.426503550092621 0.475973577162651 0.534617921206839 0.363357504395484
"bhagavatapurana_skandha-01_u" 0.408274441981286 0 0.311244269214564 0.281240104014078 0.268761700693509 0.359405162064992 0.274654818222471 0.282588551664569 0.292580117654059 0.300777857390528 0.399472555171136 0.252774361079104 0.295235531449481 0.316502917651072 0.369864640985433 0.434429844164907 0.335798606126838 0.40239936109066 0.35411779458415 0.348912601471857 0.422675755294829 0.368577508886221 0.400991574853286 0.393579495977431 0.39748791984629 0.439551291593772 0.357311751061397 0.386625002526772 0.424753752124669 0.409911330127252 0.323802703542207 0.377339167328368 0.565663622474827 0.432285032101492 0.522111435910082 0.471521060958614 0.487026381618981 0.484679235256244 0.585064750671706 0.447624948732513 0.370219343102105 0.385077972706479 0.385539567119388 0.417306914238326 0.33050882857568 0.405934658089756 0.354108101475563 0.323704727212324 0.373103618576591 0.344248476209552 0.392762884681183 0.411220790548025 0.386178091073931 0.392320862285562 0.381636781693966 0.372392438370016 0.389594013855285 0.445079691934715 0.327510578656206 0.337005109236697 0.41270435461276 0.413706197754025 0.348230686048764 0.393411175810022 0.423069699265107 0.526921138462475 0.459711213873489 0.343751323126515 0.452726664169591 0.366524172735549 0.3382229713489 0.342507849333693 0.369293854978526 0.380370884703762 0.429946633968756 0.35322067801048 0.383259995762107 0.420506243235304 0.391927310439301 0.369998256236731 0.393154092287082 0.391698785145251 0.399872763763543 0.406913804364808 0.373630182302184 0.370037682945184 0.456718218200154 0.425565704988294 0.447418622073317 0.464875647767912 0.402851318557893 0.472393211192796 0.427470487785694 0.370479141929736 0.397604790477364 0.446898311487832 0.37915038038625 0.357488524815667 0.388680840127211 0.439136584324006 0.382953340110444 0.468667354611329 0.333294242231019 0.43473823028607 0.352101081717544 0.479757196005842 0.517640716087081 0.429361109717737 0.506593574328545 0.508146579596787 0.486195681774993 0.481651554700007 0.492183281977917 0.440927585495976 0.469756941545325 0.402275486240784 0.370044077429337 0.352471195653122 0.458979268434374 0.39932331119706 0.484897178135986 0.426089871736632 0.423082362901452 0.471862558861512 0.506975890816181 0.366652623113714
"bhagavatapurana_skandha-02_u" 0.434051174365669 0.311244269214564 0 0.296715268134783 0.310188088035882 0.367873628500736 0.318192747550102 0.317606245140067 0.329977056154541 0.35272624345584 0.436194677357603 0.336251550638071 0.324115949435531 0.348992134730545 0.414373457181332 0.464451360210603 0.386496971034212 0.434189737180219 0.394815423924829 0.400101746542012 0.435953671485844 0.413924320526634 0.43079992110537 0.421986315608119 0.430438231580098 0.458893033834739 0.417156609509505 0.421391000777932 0.442418874250397 0.451037434848834 0.397237131781844 0.405276414302701 0.571144387171507 0.469582144815927 0.536844529896567 0.489393796029404 0.48804742218481 0.491328644456818 0.590071552809133 0.478777273133642 0.387065568603827 0.403179210430862 0.413253996069411 0.436998258089047 0.404502719866654 0.462028063904116 0.426566424222858 0.398419799803347 0.439080699416978 0.41701967656398 0.449714538630339 0.463294856226843 0.443925478213467 0.450734874821883 0.444254099183856 0.43357157938274 0.445243884990111 0.462851335238103 0.383697830678672 0.400146040150202 0.445412448593869 0.44691784730869 0.409057496488899 0.457475157749861 0.479480419425601 0.560653411539677 0.502439819688689 0.389421593118874 0.480993651046357 0.409412506441426 0.385204145864933 0.39035313253841 0.399554371222706 0.418116868392938 0.461568572495487 0.392072324436833 0.422818934694377 0.424625307185186 0.438893320402151 0.431290230801119 0.436723820930457 0.4297293072281 0.443300923618372 0.448410644760023 0.423520880605522 0.401959716509437 0.470054624778121 0.449264460739256 0.475321291027142 0.491807727440698 0.440586907394891 0.486668139235673 0.454677261277706 0.403315978800135 0.410271430285271 0.462948530122885 0.414707828792063 0.38401760484233 0.424421139992976 0.445934700676329 0.419986924157049 0.471058840229443 0.385847845777857 0.457737782432361 0.398924301064684 0.49262493385681 0.515132343393741 0.447525547882431 0.532031443599751 0.534852490515301 0.513132248244996 0.500162499373901 0.524237454864511 0.464766243168463 0.492154169945314 0.433200936410784 0.40981682585192 0.381078629811365 0.477564745317952 0.415474451326007 0.494293281544443 0.4482953487063 0.452003937651553 0.495756653547432 0.526554967928367 0.399092445457811
"bhagavatapurana_skandha-03_u" 0.405249994278579 0.281240104014078 0.296715268134783 0 0.20981786719229 0.317713066420338 0.286988323134127 0.29715032486905 0.29815321375235 0.323140569327748 0.364910316927681 0.247655822556974 0.247615171719654 0.291702696233917 0.388919655535406 0.446053334317479 0.363190339646521 0.408334094282636 0.36692852048086 0.330893249631117 0.42066831528737 0.389482108978517 0.404361292326839 0.404059143185389 0.407623090727886 0.444499661603391 0.346306386810685 0.376415231618453 0.391484953084632 0.395891067589243 0.322150958088954 0.378440142722923 0.557057023085725 0.417153283277655 0.500530670301868 0.444707278208794 0.455753808868901 0.445816901312778 0.567790237311103 0.434533131662417 0.374184853538948 0.386997810700977 0.387256761351732 0.416408221918075 0.327710414413667 0.407806023878882 0.36230882623755 0.316920063264165 0.371474190446165 0.346124808963596 0.389929715658929 0.407628984847415 0.380320403849771 0.387936910776422 0.37766337748085 0.369345056744366 0.39069034434567 0.408314549734425 0.303919733699948 0.320725967507946 0.385321899636687 0.389045560195078 0.337179060847709 0.402040622448008 0.42684315676943 0.525904872242433 0.466668912477555 0.35636196927993 0.460138603636487 0.387909223601344 0.351960590371294 0.361917377983988 0.379737646225476 0.38449923364124 0.442384876181476 0.332616473717917 0.39112330110113 0.418703638494119 0.374941337081027 0.355286305080129 0.373904123861012 0.372170060556869 0.374823013012929 0.383663672160214 0.35559160952283 0.38490897561097 0.45220717158482 0.417889795614306 0.456641078805343 0.476151421928404 0.411795329932551 0.475502850714038 0.43917557017156 0.373632354606793 0.388054416833793 0.448232584094497 0.391429544584245 0.354310814060647 0.388459557987676 0.443899827962885 0.391925506695199 0.459239973124231 0.343300280233611 0.441870709310234 0.365709524312083 0.490591106345111 0.509769405045079 0.433735065883461 0.525721956732484 0.527387371690655 0.500339279438688 0.497115430438379 0.518386499049983 0.456587957600651 0.48211279700561 0.414016121965088 0.387562109351601 0.317341433631992 0.44771818033446 0.39705512797515 0.48092340923565 0.425727623482594 0.434487957156664 0.476063571898115 0.519349092843003 0.37105937414472
"bhagavatapurana_skandha-04_u" 0.390729743126576 0.268761700693509 0.310188088035882 0.20981786719229 0 0.317097967286168 0.268722031283837 0.281886621708729 0.281679708731292 0.300997082586461 0.368122930812379 0.217871919024061 0.263804479360613 0.286621867937334 0.374789711849884 0.439691910945395 0.34329887242002 0.395349836467225 0.349258683818979 0.315154735885045 0.415138799975318 0.371875428159635 0.388936393932979 0.390786912614235 0.397431275561146 0.44178731040415 0.329316546214874 0.360204793363242 0.388505220231769 0.386350767449826 0.305134753297082 0.366098470997197 0.548514571810461 0.401932504257058 0.498179915775244 0.439698469308133 0.459611577629384 0.451053105472249 0.572719103050615 0.418726244081852 0.358417259422618 0.383728470518152 0.373881542601315 0.408620100049543 0.306201528703023 0.394713130832768 0.344587571241566 0.298155397597896 0.358960036192482 0.330122346103841 0.379189944919212 0.382611849959705 0.370702329450962 0.374808886898297 0.363461289210016 0.357099131454857 0.372800844895994 0.412505950518243 0.295643002776487 0.309218925241855 0.383436993211786 0.38209866093697 0.32301831232307 0.3837886484148 0.416942321872221 0.517421138510226 0.4527180635288 0.343254620278878 0.458046692805798 0.368976973226586 0.336942026382702 0.343045612542352 0.36380949015678 0.370031779381317 0.426037430623768 0.315935233811421 0.37867074601572 0.420237070855919 0.356980447458808 0.334510301982729 0.358512750900324 0.357562497883729 0.361031939230538 0.372023340707037 0.339940484664545 0.370158776375833 0.448870567831747 0.407470440319402 0.45001005633853 0.470149963240066 0.395462928851511 0.47423032177996 0.429967966863219 0.363883296884293 0.383675089946919 0.442077922693242 0.377689288115576 0.345030814435673 0.367705481231762 0.43628023364879 0.382612635248313 0.47178530086697 0.329665895639806 0.430646400397721 0.344819180527063 0.488744845066996 0.512027043527151 0.432903317544015 0.50799536195334 0.521107687799483 0.495692185105446 0.492235579554022 0.506363363456866 0.452312874475693 0.469507358371688 0.397218877400046 0.371624756467199 0.309927002079974 0.433839349171578 0.381808627668507 0.482471162309612 0.419642621420439 0.423029570587223 0.475432824487137 0.517099561093542 0.358690558605406
"bhagavatapurana_skandha-05_u" 0.437616161432916 0.359405162064992 0.367873628500736 0.317713066420338 0.317097967286168 0 0.358566255175765 0.374542670692571 0.358699969749506 0.389218759415312 0.400068793497332 0.33567281852905 0.34739983312821 0.348739553189582 0.426595148424345 0.47881666396009 0.404880220518741 0.426855351332833 0.40338840873825 0.402547956814355 0.46089521714168 0.438826466565304 0.438780427106266 0.435202185230182 0.446561383631863 0.474851450481265 0.410940330918366 0.438614773524808 0.442601938987603 0.442487974812077 0.387246122824495 0.431038792982169 0.569220915755684 0.44365440814035 0.523512734626941 0.456519562893521 0.49550671708162 0.480300945377903 0.569990045219286 0.465842294453294 0.424795952709822 0.434795659522813 0.43344496465822 0.451386159943741 0.396164196189226 0.453105489632487 0.417800598808391 0.386531763624952 0.43041451709861 0.40842132071775 0.444223291767154 0.46138928140873 0.438436025230361 0.442447511142756 0.437364077648182 0.42878704369351 0.436801510242939 0.447618679083813 0.381324516183043 0.393842472877151 0.434225960147137 0.441050297683897 0.406503809921837 0.454048487398375 0.476734971513357 0.560664728668302 0.509953851833435 0.412883051098496 0.496958457783394 0.44627196395613 0.409656052315688 0.393436473344261 0.422753444165555 0.43966956383281 0.47518565397824 0.392353746629063 0.418704164211769 0.42861297147576 0.433329711368504 0.417376489716547 0.424921329204504 0.421854127366472 0.426065632758244 0.435601503338423 0.41945237971165 0.426735528003029 0.483169203917246 0.452243328671183 0.469730029178536 0.519814436532286 0.457106611889305 0.473039809288432 0.486605646923212 0.427395803730363 0.428948088990487 0.481077065846275 0.443199745028703 0.391675160971361 0.42497623628533 0.472290066378149 0.438426748276462 0.511650456812995 0.406048877560941 0.479616514075125 0.409772975969411 0.515495924321693 0.529860374232446 0.480283906489829 0.511697017826989 0.54496130295577 0.525519794827805 0.51923190904553 0.535585477005375 0.481897580699888 0.524423375098273 0.447426171922194 0.421153771467925 0.384298700351358 0.472859969834553 0.45245292847302 0.499806417333256 0.464541929565295 0.423596517359192 0.49599797435578 0.546183704993991 0.404446619724508
"bhagavatapurana_skandha-06_u" 0.383687623205702 0.274654818222471 0.318192747550102 0.286988323134127 0.268722031283837 0.358566255175765 0 0.250146319975082 0.238821966402704 0.276581739764939 0.418744460187996 0.274558860513037 0.288270063701196 0.32816650470743 0.351487288277932 0.415937098009254 0.318759931043753 0.368252217137649 0.324579935592636 0.342017085700462 0.393841477807904 0.345094868375876 0.368856034174485 0.368095733157168 0.376847031700842 0.411462072404074 0.36155771481432 0.386744074129107 0.408151384406321 0.399194039324413 0.341752391653981 0.352273774324413 0.55898210704915 0.418282917189231 0.506843635698296 0.458316568590538 0.47278719322763 0.466649157412488 0.581139414413858 0.433821666931934 0.331715719790084 0.35785526634732 0.348980086447727 0.38792518488187 0.345236639752037 0.411034039613273 0.375465267641087 0.33538917146723 0.393960472656678 0.363170543849779 0.403833599959787 0.417329768180298 0.404577851518223 0.405900195347885 0.392848634937177 0.390593579662784 0.407569044610365 0.439552920882705 0.327607094306963 0.335211424487496 0.406950818937499 0.408892971533353 0.359514660980146 0.411474379627732 0.445033810622872 0.535433581540267 0.471126976755789 0.318618333709333 0.420325204944629 0.366845851769676 0.314316568313127 0.317466966135273 0.345693679929251 0.362136040483046 0.414938147006302 0.340292539762708 0.371009318435145 0.404065397712495 0.393028990325612 0.379616072056548 0.395847745011038 0.39223610434208 0.401845417552612 0.403830461934514 0.373565245996976 0.338898116103992 0.435183703175323 0.413556653145938 0.426631853558611 0.458779177610311 0.366925969127076 0.449732198619257 0.406010494785501 0.340197685837538 0.362124990302404 0.426190567786457 0.366047176321414 0.328993305486226 0.376853287845434 0.403028919215619 0.355599456067621 0.455704854785475 0.316660132074673 0.413640153633694 0.317283277622085 0.463625604011896 0.489138406099596 0.403112086969862 0.494726382082594 0.492775649969101 0.469116084719764 0.471057060079631 0.484371932612649 0.431923110997268 0.453516736887606 0.378535840010255 0.341698940510556 0.345953062989271 0.4473819838046 0.359189623675971 0.463948101052248 0.396624566242764 0.409308057463995 0.455155513535443 0.500429009156144 0.332194791559545
"bhagavatapurana_skandha-07_u" 0.389012288347872 0.282588551664569 0.317606245140067 0.29715032486905 0.281886621708729 0.374542670692571 0.250146319975082 0 0.273136941847505 0.298191375273132 0.411295959474736 0.292293853730437 0.287786791689107 0.341605338657004 0.362341924532504 0.426304047620402 0.334323926367027 0.382733218602736 0.340124866793297 0.356754470606169 0.404983457697284 0.35573500285633 0.378860304205071 0.376962948406045 0.373704342295531 0.417432302308471 0.378861084670545 0.400882083904936 0.429750061602943 0.424438436340189 0.359664005717779 0.357674779249616 0.561374804276989 0.444884912961913 0.522894924330758 0.478400133474935 0.488419723391865 0.47744537923971 0.59022973989985 0.45481656216804 0.351940972439396 0.36687555542485 0.364371954790086 0.393421453779376 0.365297894080585 0.431061887525747 0.390976969990214 0.356862087496713 0.408514073750735 0.380424597735452 0.427876590551331 0.428018670946426 0.420756343477935 0.423446792674356 0.416440270431935 0.405257005582203 0.426002669473641 0.452811213760204 0.33842475495815 0.358615604136653 0.407687565329228 0.4129173702052 0.370719040722417 0.426971222114158 0.455664911929094 0.535909818941445 0.481073564670932 0.330979910325152 0.437806352636612 0.377087319402027 0.329590207048083 0.330874919807766 0.351287896895579 0.364833957308504 0.424010453794468 0.357124553290364 0.374861505251688 0.401348284492027 0.413703884252432 0.397268091062171 0.409860858419936 0.407465311113479 0.420165406991963 0.422296595577086 0.390745262290847 0.348324465290612 0.434769525821588 0.416161213938956 0.429254936395312 0.461129900759836 0.382821063015966 0.455743378206648 0.420662254102376 0.351613738221927 0.371483610443378 0.424306320100495 0.375815907146967 0.331242604845146 0.382767564696831 0.410857517187353 0.372184616870507 0.461105950219493 0.336829895902367 0.415359607688963 0.338470147634385 0.477098045110594 0.498564931756889 0.421365626311579 0.509222210890355 0.502049345171702 0.483123468656257 0.469163813447965 0.488795214131223 0.443064630670931 0.451680512183895 0.387267808585582 0.359415239218367 0.349342141424 0.453741197175311 0.361407733755553 0.473378876200962 0.396857674683909 0.423977921700094 0.46115367846856 0.502166033521557 0.342860277985751
"bhagavatapurana_skandha-08_u" 0.385084487163932 0.292580117654059 0.329977056154541 0.29815321375235 0.281679708731292 0.358699969749506 0.238821966402704 0.273136941847505 0 0.276021996840519 0.419480629222333 0.263919961949533 0.324399683385986 0.33077349958557 0.348467384688169 0.419237168705066 0.319550209450992 0.364995518127424 0.324125876859706 0.347273573734633 0.404009607923081 0.352179428983511 0.37328081367637 0.368594135934926 0.387075162469889 0.418095119003167 0.360009321536511 0.387950227374139 0.401020628510512 0.382522499097232 0.341796369205264 0.348683295466531 0.559439646626281 0.429323652357386 0.513045891516908 0.46118841837691 0.48086226117402 0.476968566858945 0.577514535707443 0.439530310565995 0.33162110648258 0.372788575223996 0.352208752082028 0.38783559046915 0.356183287052511 0.40759862600071 0.380557642644907 0.346155871224408 0.397916308017623 0.377270748217992 0.405817692590469 0.421823376537704 0.401967648419379 0.403557634426233 0.394855140020187 0.399110272124181 0.417849056001093 0.467783556606768 0.352825318492234 0.355097811057182 0.425570127774292 0.419973482285304 0.375249617489805 0.42321914981673 0.448601620838816 0.543319028865233 0.478221735152038 0.336155864968269 0.418107242018786 0.376007206463742 0.327678041174204 0.31259817551359 0.348488530738913 0.368128922240551 0.409220716815839 0.342555521087949 0.365061038410626 0.407412100781532 0.39904269225 0.39080356689326 0.398319592754489 0.390020195126406 0.395247494473986 0.392520191925552 0.372647044481482 0.337480961858451 0.430661231598479 0.417400857826077 0.424717696119356 0.466467484215341 0.368933665301014 0.4451235089792 0.406341888259287 0.349001954529606 0.368899543488038 0.431994706338192 0.353935540279911 0.339831656214345 0.376386540023538 0.417012189502197 0.359407937142987 0.474058790340618 0.313948672312681 0.413940999713848 0.313437940612891 0.474145247640755 0.504753739339636 0.409026840553699 0.481555558067876 0.502691325247433 0.472978485341727 0.482453232702562 0.484056054432246 0.436077339581974 0.455456726642685 0.382329547740213 0.343667388713518 0.354023271236983 0.446529265105381 0.364933334962654 0.471565664535517 0.407475756360143 0.408552735424742 0.453628838951496 0.504996068215429 0.338912961664584
"bhagavatapurana_skandha-09_u" 0.390457888734169 0.300777857390528 0.35272624345584 0.323140569327748 0.300997082586461 0.389218759415312 0.276581739764939 0.298191375273132 0.276021996840519 0 0.431056664792562 0.283650103474921 0.353348426213001 0.352948211838392 0.355612442825859 0.42274046914554 0.314883081413208 0.384808156897522 0.333986329377918 0.362471726156857 0.418094815953014 0.355350125603574 0.39200052135772 0.383902878591197 0.395734970033427 0.430025306118355 0.372021912368064 0.396224818720381 0.438295760317171 0.417008315280382 0.344017124948426 0.352518434783131 0.569194436722837 0.403818240376821 0.513411423025964 0.457038877027606 0.485917685853082 0.477849389002492 0.582359733869279 0.419661782056754 0.350608256695457 0.386147469777705 0.374971434318081 0.405055878193357 0.344260761394518 0.411708036796494 0.381112287896887 0.345198553060618 0.391479279153335 0.36981117090188 0.413223381426369 0.414931407278053 0.404307651804496 0.408329259999814 0.392471038205401 0.396661236469944 0.413166142081628 0.476613258293192 0.359703675437517 0.3591110039329 0.437206234814808 0.432988267639496 0.376343191218137 0.410985171781048 0.43850799259037 0.536026906801272 0.478231745540433 0.32232162926267 0.443098551841835 0.357969901885985 0.318697706126503 0.335643699155583 0.364989869364123 0.367124277004731 0.41856426163235 0.352029546404233 0.384388257493777 0.423373030209955 0.377398613626741 0.372201437097245 0.400116876017928 0.390454397362558 0.401566091420479 0.409192704079979 0.37251115857367 0.360989524228575 0.45005924525256 0.429755061745527 0.434220709904387 0.468567531658471 0.386098061182597 0.465525808717488 0.417451337704037 0.3558921311246 0.384870424884096 0.448675378681287 0.381219941462041 0.346661816551747 0.386655569446644 0.438603792904888 0.369739230000349 0.48381619562699 0.338743285943153 0.415192460883158 0.327745441242315 0.48646390254518 0.517648458555345 0.419391584726102 0.505496365043403 0.50340138647418 0.473631672896072 0.482270204267619 0.462724090915076 0.451437358643957 0.45833120434777 0.392661429301921 0.358930239175565 0.386918585215369 0.465779112261331 0.386975528160363 0.477707210446611 0.422765204787254 0.377533215269409 0.47359791451344 0.51319365056318 0.341749059374416
"bhagavatapurana_skandha-10_adhyaya-29-33_w_commentary" 0.456889068496464 0.399472555171136 0.436194677357603 0.364910316927681 0.368122930812379 0.400068793497332 0.418744460187996 0.411295959474736 0.419480629222333 0.431056664792562 0 0.33385591065333 0.376123172596129 0.397066138121793 0.440639414167476 0.499923374283874 0.431695991583303 0.433588311830202 0.419347048352674 0.390229857188463 0.463527009298052 0.432652483929887 0.448276320711608 0.456187302829643 0.44088918235018 0.476767674463107 0.402667210111252 0.437392012773453 0.474714923976622 0.467021370964738 0.38147033424061 0.431803457287569 0.577173909980164 0.469966912786511 0.530978888209947 0.480771953776349 0.512386697837767 0.481225624776742 0.594053456759082 0.482585818085623 0.463353547480924 0.458776933210324 0.453593911186135 0.468250091094314 0.402442838216468 0.46191349439198 0.421011622840483 0.393309522443914 0.426156001717889 0.410425323788207 0.450722282659699 0.470071272488403 0.44144416564001 0.447381154548048 0.43776739337534 0.427295373967675 0.437998650118488 0.45827307886642 0.390728000761072 0.402510713153192 0.418960105030512 0.432694959364459 0.412007285220022 0.453567719781158 0.468042409754817 0.564594595074071 0.506119312168455 0.417832420131304 0.493706767091304 0.441808755483493 0.414737527887506 0.417009713887724 0.437982434594339 0.440459734768999 0.474056177622057 0.398634163205065 0.443296905846422 0.452500458217324 0.445206051743411 0.41119779563845 0.428059784012024 0.425331651146687 0.422543206712934 0.447720671583445 0.422153781398706 0.439998647477247 0.507081384873129 0.471119617783221 0.507476133178962 0.501144250998304 0.456269995351746 0.520985398785157 0.497072276661192 0.433690965146357 0.451015690840508 0.48831785007099 0.461669497961659 0.392758703173038 0.430963328485574 0.478783753500465 0.456126379581884 0.517966079755655 0.40988846542965 0.481233074642162 0.430769746835366 0.550467882267855 0.548620447704518 0.508360752087384 0.548847863310494 0.558276360306048 0.545428792640287 0.532742349259544 0.557427690298338 0.491985241941474 0.522027403499655 0.452025905062589 0.44993350982146 0.385082921413549 0.486083628961096 0.466258246676912 0.519050506204027 0.471536280074578 0.47637056137644 0.500215070141576 0.550913899382473 0.434261083565713
"bhagavatapurana_skandha-10_u" 0.385141494590243 0.252774361079104 0.336251550638071 0.247655822556974 0.217871919024061 0.33567281852905 0.274558860513037 0.292293853730437 0.263919961949533 0.283650103474921 0.33385591065333 0 0.265613391944463 0.286137118572957 0.363653270939602 0.449681040976869 0.328603237842491 0.383318115922516 0.337810264058942 0.304134838949884 0.422521543230405 0.359324747119696 0.388917055774763 0.385475740687013 0.396826676462129 0.436434268951047 0.312869054927706 0.341614911212418 0.398044445634983 0.375509450380777 0.262984689535858 0.364232136834788 0.554499754866359 0.406096139851206 0.506664835344201 0.443805619116467 0.471954350167375 0.464664055548865 0.572518193121207 0.421533101467686 0.367281996185787 0.392240947748886 0.375817666003763 0.4113398293211 0.294768571222312 0.365582997610312 0.321692338343478 0.283665764032539 0.34050562985723 0.318332015141061 0.359104151792676 0.384487513296829 0.347550785949251 0.353006263023033 0.340816439749773 0.344747235484306 0.361504726667936 0.436311753628097 0.306430498856261 0.312807258691133 0.393718071563353 0.390633993666096 0.325763903771114 0.373927705036411 0.387898239918294 0.51495130899892 0.450194287795802 0.341960107581208 0.442082326760671 0.367089699426604 0.331930019726937 0.3319827869436 0.362737376987606 0.376344479955122 0.41684242361965 0.305273055595154 0.371385904370772 0.433833106147615 0.349738412373374 0.324222092168238 0.34787002840081 0.342661468109343 0.341991845753287 0.348600407411078 0.328549882603366 0.365970226869902 0.45444057641479 0.41395583720999 0.452307446382053 0.4646369041675 0.390027855337118 0.480614194701251 0.42431037904115 0.362718290123251 0.394684881309785 0.454898585253323 0.376839518722627 0.342733283526479 0.365853813864516 0.450110797396202 0.385152605960471 0.488703872502397 0.316918764206453 0.438020578111301 0.33322255068556 0.501902456856246 0.529116901702651 0.437423697979584 0.506757521866923 0.523063507244838 0.49463657305186 0.497084609624645 0.497194551097262 0.446955760631285 0.473636486409798 0.392728296662023 0.37129407229951 0.320240246819659 0.43644754221825 0.395057521477977 0.482912756588289 0.423118866066953 0.417596210081637 0.449531693625857 0.513322625402738 0.354825128583928
"bhagavatapurana_skandha-11_u" 0.410332972082332 0.295235531449481 0.324115949435531 0.247615171719654 0.263804479360613 0.34739983312821 0.288270063701196 0.287786791689107 0.324399683385986 0.353348426213001 0.376123172596129 0.265613391944463 0 0.301117851343602 0.393632909199499 0.448662475006069 0.373935234262758 0.414159262376931 0.378000181264773 0.336234271159804 0.41467785302533 0.386822830525573 0.40199109746028 0.404601175625261 0.392524851409465 0.438888034766315 0.363614968598775 0.377938913824404 0.403574523224687 0.413698687530452 0.338859107050422 0.39271102252755 0.554345122052141 0.430272786542012 0.51383758353914 0.466216248020895 0.465952712792993 0.45150769257531 0.571021206015911 0.449096698273485 0.382898495278454 0.377807860657216 0.390476149512924 0.420932131045765 0.342348819720514 0.422458505093448 0.366667376450977 0.329204293572513 0.378760854382409 0.345042387558788 0.398181278869361 0.418558563462601 0.394027330399434 0.400678829463828 0.396001364282608 0.386049334831672 0.396760228122934 0.406982142358018 0.296168709826276 0.325683323196911 0.369758953945182 0.381298744022702 0.337974644743697 0.404579601841707 0.441446886014849 0.532584531863376 0.47084738892089 0.364631418434238 0.465196201257938 0.397080844349562 0.363133608426017 0.364476727531915 0.379775464304333 0.392986425118346 0.445406849338568 0.343066520671765 0.404534158033923 0.425660780548485 0.402515533120358 0.373108085620679 0.393532511678291 0.387782641500493 0.391737529315943 0.403400611907771 0.3797555410061 0.383371655371786 0.455405926186022 0.411646357658271 0.472070103180524 0.477254604615016 0.421394816585044 0.486985956898274 0.447492808920167 0.379013741402594 0.399420388533946 0.445391183564066 0.40397085165945 0.365041420855531 0.388603690483389 0.421619903159682 0.401341700187255 0.451811965760232 0.359922199695376 0.450158542157837 0.383891846145073 0.49602283345783 0.505191494216649 0.441904620602483 0.526792283446041 0.521209972782289 0.507247870783704 0.489211935517918 0.521612416798519 0.456210206080884 0.486628081481405 0.409274514398005 0.389129875919328 0.313068164661707 0.451485285475228 0.407401474297469 0.482969034697794 0.420561098809002 0.45519753688368 0.481770709590475 0.5095928160228 0.382121655230618
"bhagavatapurana_skandha-12_u" 0.399952627286129 0.316502917651072 0.348992134730545 0.291702696233917 0.286621867937334 0.348739553189582 0.32816650470743 0.341605338657004 0.33077349958557 0.352948211838392 0.397066138121793 0.286137118572957 0.301117851343602 0 0.382037335348766 0.429360020889712 0.365455298023289 0.406583383521924 0.365263962171343 0.334068042173443 0.429385520117798 0.392646325495734 0.410007055587529 0.394062765659489 0.408964417505955 0.444946506199472 0.367565072333302 0.384509921676464 0.396879340840979 0.404836724077797 0.335073196801047 0.38229093588199 0.546807195806684 0.409970082776354 0.495739848533446 0.449074711724223 0.450115532256102 0.446907988280727 0.555297019437503 0.433685380553736 0.369985558797958 0.388041876071883 0.379770751887076 0.41573633649963 0.338858715243316 0.411503574441499 0.371540816523991 0.332169040773795 0.387139426775372 0.35813244639218 0.401818237038928 0.406578301135317 0.397625894918019 0.401080924528007 0.396020975806762 0.391675500047702 0.400030626338934 0.425313642508795 0.322972515972063 0.333057344593693 0.398277190689059 0.386127918196982 0.355986458386874 0.409297880679055 0.433694587047674 0.534911871686301 0.469329134764665 0.36534840004232 0.465811165789543 0.389360723966478 0.358604809698528 0.348143043086447 0.371866607398244 0.405004859635372 0.43547215426956 0.33626796108332 0.396836046944502 0.431113829911735 0.385808731667969 0.374643494178182 0.394381857527865 0.39069096619237 0.397897590490161 0.40344467050203 0.370714750308384 0.3776206546176 0.461255414289825 0.424907301656224 0.466372616751083 0.482275151925227 0.426687088677321 0.475054188671198 0.438132984361808 0.370589069748534 0.397774078081521 0.445891360927467 0.392011461987669 0.375253985318496 0.370007233993439 0.437895735615917 0.396740467070009 0.475053072191914 0.36069303282939 0.439883827260214 0.374171988474588 0.486726567613155 0.516890224716882 0.425481370552426 0.511469660901659 0.504796999571246 0.495931251382998 0.485523060596067 0.49245933503015 0.44784349187427 0.491355220694742 0.405800895910845 0.372265458509812 0.329546330917734 0.432331119570631 0.398492061039818 0.463993639254889 0.41961197199155 0.41771522929817 0.47379287370047 0.506321972485957 0.359055062393176
"bhavisyapurana" 0.290488761364002 0.369864640985433 0.414373457181332 0.388919655535406 0.374789711849884 0.426595148424345 0.351487288277932 0.362341924532504 0.348467384688169 0.355612442825859 0.440639414167476 0.363653270939602 0.393632909199499 0.382037335348766 0 0.369881004871478 0.261368923995361 0.311340353471149 0.254713359346699 0.284529650157202 0.346864949408447 0.205081710143704 0.263143627615796 0.269716286623467 0.272019769825315 0.329574122660328 0.330844208639518 0.380094515423879 0.413481756845055 0.40729633066586 0.3250074634932 0.246487345067554 0.530115220356882 0.424330592332082 0.518687810292519 0.453594538244634 0.481303408341622 0.469332383887809 0.585533998235972 0.441341006240077 0.325863138992832 0.320235571939056 0.265586272007191 0.278442053608031 0.336293954783862 0.400813602122618 0.368813090504156 0.328402171269994 0.386026482737464 0.356569508710329 0.407153231742585 0.413777276759072 0.403648550048298 0.402212491462482 0.38390769092092 0.384185331415046 0.402932216473116 0.443354562931667 0.32789018330854 0.319593674402468 0.373715041405001 0.358643047745731 0.34927477721446 0.408565674529868 0.441770380700449 0.52705091318124 0.465859636677005 0.287418258256454 0.403349638657584 0.339562331171659 0.279506908603939 0.238076849277696 0.234045347707901 0.26482862329517 0.322282798490486 0.290815428669477 0.304988513801537 0.398480700412175 0.37530207744233 0.363870426746988 0.384084809797333 0.382595909951516 0.393952046442024 0.402916304636101 0.356683788836604 0.251489957182065 0.376770370749408 0.364702471944961 0.363526914620344 0.400123230525461 0.27514900899346 0.38896077873167 0.381046404864856 0.255030128437649 0.272556414321513 0.311753158323779 0.323601391163783 0.269926060225512 0.293228086848731 0.354409288827973 0.316929308740221 0.447240694150306 0.291718964657807 0.353068451657102 0.272239834371525 0.464474174435332 0.462533385949358 0.390068459316544 0.460952689839026 0.469855779117517 0.458083405574209 0.423856969483346 0.454637703666439 0.414787909993835 0.386947058053294 0.27420504845369 0.279651835995791 0.319290288492555 0.411509543452221 0.357239606672005 0.428778499446602 0.342427288571495 0.390148084874162 0.440172760583631 0.493036442715674 0.303285196213316
"brahmandapurana_khanda-1_u" 0.424933944187366 0.434429844164907 0.464451360210603 0.446053334317479 0.439691910945395 0.47881666396009 0.415937098009254 0.426304047620402 0.419237168705066 0.42274046914554 0.499923374283874 0.449681040976869 0.448662475006069 0.429360020889712 0.369881004871478 0 0.341840455062735 0.388152853550195 0.318177151865099 0.410057329473948 0.421557004316724 0.389174559877848 0.401065874987532 0.383218935994533 0.39887387724709 0.415794287109438 0.433395286321237 0.463819324003682 0.439082309099618 0.44390894228175 0.411514990867638 0.39093702981648 0.578353500550971 0.430585731847412 0.501429588192173 0.491780108425411 0.464720454837845 0.437321354233172 0.579621812230544 0.468927401246288 0.397961029219495 0.410290595951133 0.339598720921137 0.387728313789282 0.409496099739925 0.470631085260418 0.435009460381199 0.411993023913037 0.453255968089404 0.428869947796486 0.463985282372308 0.458336785279991 0.467631328210528 0.468967469142008 0.450973156659293 0.448260534926125 0.472723331347243 0.487780009373362 0.4017214453049 0.396479084581058 0.445509720433897 0.440041231209717 0.41700387982368 0.461628405829306 0.494823521836293 0.573294591349648 0.507205287484546 0.36822352958313 0.454880713433127 0.414248266356146 0.367006312783265 0.336694168752114 0.380892507752576 0.422447675545301 0.431510838541686 0.425243830213361 0.440685208727312 0.447572755255134 0.44651452581911 0.452945049722898 0.477855739124989 0.454376626196224 0.478861532575319 0.476850858940193 0.438878960284764 0.370191666028568 0.467799911042017 0.45710624681717 0.459750391809961 0.484683080222379 0.409616730986487 0.451798690470378 0.453437836749318 0.354645592361858 0.381457981183961 0.431213448059135 0.414327405754413 0.406823817344113 0.39856896145905 0.421839528637158 0.379190395052371 0.467697998701077 0.378134590979357 0.425880929812392 0.402446193629003 0.420041225188347 0.465908317987956 0.384999439341047 0.475057628686841 0.399165313653919 0.409497599472396 0.439737400877385 0.429533064869035 0.430431490159234 0.47522395887602 0.399495999885953 0.31068580055804 0.431072487770255 0.485757436689002 0.409352803914162 0.440705573978738 0.412808847685015 0.44880441990063 0.48025247488027 0.504569118725824 0.372225388197343
"brahmandapurana_khanda-2_u" 0.352979819618949 0.335798606126838 0.386496971034212 0.363190339646521 0.34329887242002 0.404880220518741 0.318759931043753 0.334323926367027 0.319550209450992 0.314883081413208 0.431695991583303 0.328603237842491 0.373935234262758 0.365455298023289 0.261368923995361 0.341840455062735 0 0.296256932787618 0.175595386155158 0.307135691865394 0.36201773524276 0.261966064776763 0.319334250931917 0.314524989556185 0.329868430058274 0.365164546359583 0.333750887382475 0.364730810487464 0.400364483067206 0.382063915306844 0.300795068513309 0.289860209802721 0.550774091402395 0.408225336450877 0.506971024023207 0.447844393541819 0.468042113472364 0.458089881886738 0.575985546967155 0.428883200694806 0.304809088386978 0.33126087857965 0.275713964113954 0.320138736795847 0.308878712627714 0.38519740601225 0.352743655657007 0.304099804935908 0.368869308056574 0.343877674841826 0.380750776446072 0.407380111667386 0.377851833081164 0.378921291680623 0.353996851192776 0.365550873958053 0.397680669759395 0.447661347614408 0.325338142588616 0.32573102602182 0.396590248969804 0.399761866535995 0.340462996812431 0.38982445570481 0.424172195091332 0.527425103333809 0.45636991849726 0.266908861001077 0.387807168779911 0.317498488065976 0.257953059461811 0.260400583972629 0.281481827261381 0.306521560003262 0.367111689295963 0.291192373133126 0.309960392566124 0.388343822473881 0.342810012658737 0.344518488493942 0.363279337374044 0.352238227053226 0.366615127425912 0.367760158160388 0.330499982977927 0.275602874921256 0.402552683896478 0.390450411327202 0.369243403279882 0.430616077461554 0.298497570012985 0.39707730904824 0.375847284848921 0.27456386678187 0.299849563285365 0.371359820079971 0.331865105772425 0.29572214675853 0.320695019324589 0.36287629149562 0.29331087269817 0.442788482566798 0.26848174708137 0.357806219332268 0.265161774460744 0.451310860338313 0.472446303456525 0.378615329604213 0.444423057075578 0.457922915179902 0.433228355373837 0.435189764023426 0.432969751117582 0.391683123981676 0.412411196001352 0.31208580656508 0.267957743659773 0.341031129354439 0.426207529841679 0.337855469732195 0.42739989801707 0.356147324629208 0.364017438870584 0.428082510562942 0.479531726807647 0.285025794821672
"brahmandapurana_khanda-3_u" 0.334098867922787 0.40239936109066 0.434189737180219 0.408334094282636 0.395349836467225 0.426855351332833 0.368252217137649 0.382733218602736 0.364995518127424 0.384808156897522 0.433588311830202 0.383318115922516 0.414159262376931 0.406583383521924 0.311340353471149 0.388152853550195 0.296256932787618 0 0.159026269932243 0.369196628220982 0.3637306851511 0.309069706740516 0.303473561107567 0.318406394820669 0.365624788951067 0.384407860964003 0.374358494131435 0.416678794700192 0.42928759481024 0.382515364646051 0.364388433868161 0.302858909101761 0.544609757780576 0.466471750943543 0.540475242243505 0.486051317501195 0.503336482625596 0.483368138487932 0.604575712198071 0.486137362742624 0.341755362941804 0.375641912794727 0.323030463316869 0.32310986171913 0.398306222553536 0.423465293830138 0.422231648115238 0.385316628435423 0.427420396586815 0.41280888649953 0.421647306280887 0.453712512747902 0.419382642456957 0.423189141461721 0.414696396817962 0.418808418302331 0.440797320705745 0.480452464352359 0.397641870769481 0.398129440320118 0.411983937124372 0.438097690482013 0.416865693389968 0.454194376184496 0.466548821891197 0.572002074497918 0.500834281389543 0.330570242783937 0.378886560227053 0.396331372962779 0.325053487802129 0.27203152541386 0.278651571429781 0.356296679752401 0.398558340516421 0.368223559712113 0.354677943212956 0.389187602940534 0.414755526104886 0.412823712358315 0.412049384138368 0.404828138051041 0.40119076413627 0.409292508914423 0.396802440162368 0.306580846538269 0.411745915525777 0.406698982335586 0.394389001280694 0.457001529099407 0.334226289582221 0.407222019067067 0.412054584147619 0.30830277443466 0.31388257203766 0.380457012214737 0.364275078844924 0.293720764664547 0.359010042432403 0.3699365669465 0.364519312328584 0.462070563435267 0.313108117040432 0.408398553815024 0.306479875398067 0.479056849072654 0.500485127677826 0.421173017656489 0.425784195669069 0.484143078664438 0.451502428012465 0.469998893658936 0.484198475839414 0.405880770129212 0.437732555098635 0.353984335269342 0.307759625407072 0.385872845482816 0.449302034251797 0.386423838635471 0.462724834284953 0.403032710357296 0.398949779409327 0.44734316558752 0.518229598713521 0.344132378627795
"brahmandapurana" 0.313439868167044 0.35411779458415 0.394815423924829 0.36692852048086 0.349258683818979 0.40338840873825 0.324579935592636 0.340124866793297 0.324125876859706 0.333986329377918 0.419347048352674 0.337810264058942 0.378000181264773 0.365263962171343 0.254713359346699 0.318177151865099 0.175595386155158 0.159026269932243 0 0.316312621173051 0.339025685312326 0.257853801875439 0.279977804225897 0.28464197259105 0.32535271927665 0.351698476329004 0.335550871558839 0.380055651646123 0.394517937202568 0.359743672841493 0.310023885668977 0.266511631058364 0.537763090237694 0.421939973201317 0.51276272719231 0.458354636931143 0.472486554275637 0.456535501068898 0.586345471061976 0.444374525747086 0.295843550293658 0.330571086636017 0.264545022406463 0.291675053886659 0.336911372238762 0.389674683831618 0.372578923635393 0.327121269178513 0.386279880729724 0.363284833399471 0.385419364063597 0.415446350191975 0.384423658128946 0.387501526270115 0.369031983309493 0.373954891962454 0.404729391685883 0.451200853814298 0.342187811719998 0.340183732284926 0.388167145785143 0.398908642109197 0.362959724023371 0.410154179287417 0.431803046675203 0.543759528775787 0.466791203264781 0.269929591573459 0.365552325319884 0.340056183600232 0.262492358777715 0.219450249922367 0.245135087585653 0.313435712590887 0.363004753803332 0.313686946127022 0.310826597134519 0.372233534126209 0.367311419053878 0.366276185815964 0.376949563531193 0.365111483666096 0.371766173340662 0.377724894333044 0.350509705633528 0.257920400527637 0.394401322973683 0.382578902040856 0.363333176700524 0.431073704126547 0.295440006430129 0.382120848321132 0.378334931758846 0.254184284143672 0.278938065589755 0.355765609023466 0.326113951752144 0.266016274693154 0.314521940982678 0.348682784935438 0.310018690590431 0.440924551129831 0.262939077685304 0.36653839733987 0.263996229531943 0.442613677629935 0.46958158475355 0.378461462420617 0.414626815986438 0.44777515761828 0.418624131925269 0.432059531707427 0.438268213142827 0.376608680199415 0.408496082669414 0.30617305675 0.245438168413165 0.347866162620681 0.423295429928242 0.340411428330055 0.425065203482719 0.357903229302616 0.363307078584037 0.421260363025456 0.487995629724465 0.285678269495749
"brahmapurana_pu" 0.34853085672599 0.348912601471857 0.400101746542012 0.330893249631117 0.315154735885045 0.402547956814355 0.342017085700462 0.356754470606169 0.347273573734633 0.362471726156857 0.390229857188463 0.304134838949884 0.336234271159804 0.334068042173443 0.284529650157202 0.410057329473948 0.307135691865394 0.369196628220982 0.316312621173051 0 0.384104073139201 0.273460212019751 0.324791891532448 0.350181819132717 0.330739755717302 0.374681732200826 0.262603074605131 0.309579674871589 0.374484870463632 0.363631940690091 0.254456089518755 0.286633944230054 0.513585281413342 0.367410597495972 0.465451301840867 0.411380014463001 0.434052205501212 0.430230183530813 0.543416938867668 0.395456992198106 0.333341956243843 0.330778963568547 0.293712227198024 0.344212124121547 0.245084113895359 0.352806142841443 0.300013852608923 0.236553013918997 0.320921192250082 0.286734141796123 0.350450568625899 0.351714635565909 0.345232736964167 0.349223423725324 0.316466965018083 0.326147146333846 0.358505942092146 0.388360029411478 0.242013722583221 0.228477693475214 0.309639528809051 0.302764461974601 0.263443555676058 0.339578890771829 0.380186024621358 0.486963289410893 0.415928446571068 0.295044393892579 0.420146125037506 0.322104171093438 0.282553912349631 0.279126937338988 0.321032073304793 0.305727025449414 0.328223712737335 0.230119955734653 0.331402311144344 0.433710101980324 0.299293456726146 0.296734353807716 0.326724036707628 0.316442699523186 0.335033193165399 0.344184253866573 0.280502948580761 0.290538359999667 0.424068522760734 0.385190446494882 0.428960786153617 0.397448741233137 0.32010206622649 0.448128648449068 0.378256631697599 0.29155447485593 0.342585657953782 0.373326114935666 0.317556072887353 0.305221607516824 0.242015075360371 0.387190889049838 0.312980263262775 0.448150262654668 0.264736403616896 0.344485219295779 0.277053538094172 0.481261280562128 0.490364046793196 0.41135017898021 0.494875270422863 0.493610914064927 0.47644580498477 0.448208580559417 0.475669466105451 0.44144039467224 0.413689755049472 0.296169649907195 0.317787141098887 0.251570076392589 0.382883029607339 0.349402693739179 0.444908287308701 0.371889279287371 0.413881881783054 0.452061089052665 0.49872619259277 0.321671094007838
"devibhagavatapurana_devigita_adhyaya-31-40" 0.387101684473522 0.422675755294829 0.435953671485844 0.42066831528737 0.415138799975318 0.46089521714168 0.393841477807904 0.404983457697284 0.404009607923081 0.418094815953014 0.463527009298052 0.422521543230405 0.41467785302533 0.429385520117798 0.346864949408447 0.421557004316724 0.36201773524276 0.3637306851511 0.339025685312326 0.384104073139201 0 0.334343735089941 0.353469834224977 0.364562085453112 0.378976991061671 0.387270765573237 0.408965095542153 0.440085130226668 0.461078674798292 0.461119742401327 0.4157641395122 0.333171069269299 0.544719661627081 0.476520590649569 0.540721667284212 0.493964811520101 0.502425277758513 0.483376436374703 0.604503783701408 0.486501125453244 0.359337378195792 0.365996988529185 0.348910393911383 0.35181047771892 0.425081863856373 0.470844881966727 0.452128191081934 0.419676311759913 0.461345370015532 0.436311833809198 0.46970231083859 0.479632656817378 0.472380496483638 0.470087415372039 0.461764960921013 0.454284837093999 0.476001433019041 0.469576285169953 0.403449072094471 0.414457060757969 0.421996544612062 0.441750843587689 0.421756924286481 0.472436573265675 0.493909105543889 0.566920428983433 0.508855428904258 0.360424305755675 0.438347656569141 0.406913491501415 0.356759227559299 0.355636698972616 0.338552275630048 0.378401919035267 0.415652127425813 0.391674178180047 0.391891132568169 0.392032998210195 0.446556586047186 0.437655080092969 0.453883092089303 0.449593571621326 0.455071469609064 0.468435668322335 0.436674840000268 0.344946560102882 0.426274136064185 0.40767328141296 0.451960047907728 0.451122235922586 0.375918099488912 0.45312190124566 0.417159481018901 0.34458497557682 0.34506887549001 0.379365735304202 0.386525139950829 0.345611953475906 0.381041022466745 0.360317706290149 0.379686956213519 0.432270568347752 0.367124265220486 0.411063930429855 0.365721042901714 0.485636843834204 0.468857112432173 0.437707482301778 0.501518270383367 0.504160815813717 0.493405536273135 0.476269917448686 0.498898754554489 0.435059814156082 0.448985156625315 0.372561407386237 0.363924444282229 0.391421213572557 0.468588670431893 0.399260256587265 0.467684801210771 0.408519152558074 0.452177582478249 0.476909961273248 0.511576817415148 0.380030816527019
"devibhagavatapurana" 0.339347666492939 0.368577508886221 0.413924320526634 0.389482108978517 0.371875428159635 0.438826466565304 0.345094868375876 0.35573500285633 0.352179428983511 0.355350125603574 0.432652483929887 0.359324747119696 0.386822830525573 0.392646325495734 0.205081710143704 0.389174559877848 0.261966064776763 0.309069706740516 0.257853801875439 0.273460212019751 0.334343735089941 0 0.276432547925257 0.316756753690046 0.310661914340769 0.324749726677839 0.317560120661591 0.368085381466089 0.417226263162156 0.407714880671681 0.317784075599711 0.252216849206291 0.528492749750621 0.428890788532004 0.51754794365135 0.459884382820779 0.48542451061909 0.480020858700356 0.584431151583584 0.446922313377912 0.307153206485473 0.325281878820533 0.271625465769792 0.297455832401859 0.32506796830531 0.405004260925255 0.363774772747557 0.320038951525407 0.381979008701248 0.350142034141327 0.406657462604387 0.414241503189609 0.406587445245823 0.40642559764287 0.38336693058235 0.384780485232546 0.400870030611843 0.445033964761226 0.321359528422315 0.321216735739803 0.3705813273958 0.384721458572977 0.340578465695026 0.393776178551371 0.436749525111247 0.526009698775621 0.460892545703498 0.274968334903985 0.386377004278981 0.325353987813363 0.262812758163013 0.269261244448617 0.280422914122662 0.26150244001178 0.339574003011341 0.282487194212525 0.30461291226689 0.402834845194985 0.364391951436809 0.34718160292484 0.373484133878553 0.372036121178305 0.37999027348716 0.39887127818514 0.349841307028286 0.25053992567171 0.413264414822992 0.391038349125401 0.363713979611463 0.39540092797278 0.229113913568005 0.396525373549035 0.358564580164563 0.247184425193278 0.299079429023893 0.337976373835506 0.321124915877445 0.272954739988497 0.29669747832994 0.347073692018339 0.30494466170436 0.449656047448405 0.284827652306866 0.348639103552806 0.263369224088258 0.471594947323816 0.476057443377311 0.398059624179059 0.473920260261965 0.481865140039152 0.460100459999734 0.445234913084054 0.460789798361523 0.41170937077205 0.397345872042443 0.294347822486024 0.302739819094806 0.323597204805052 0.42020660291934 0.339104664386464 0.442901464176457 0.367295629645369 0.401369238555125 0.436755647545425 0.490397222997496 0.306964886609602
"devipurana" 0.288724157685807 0.400991574853286 0.43079992110537 0.404361292326839 0.388936393932979 0.438780427106266 0.368856034174485 0.378860304205071 0.37328081367637 0.39200052135772 0.448276320711608 0.388917055774763 0.40199109746028 0.410007055587529 0.263143627615796 0.401065874987532 0.319334250931917 0.303473561107567 0.279977804225897 0.324791891532448 0.353469834224977 0.276432547925257 0 0.297994549639263 0.323709691414153 0.376892653207702 0.347106001674877 0.401977548321057 0.421268613055789 0.408999593958372 0.349735755424613 0.264554931752696 0.524952783415556 0.45531864276529 0.527712157388623 0.472072534614164 0.49757156378691 0.479750291114992 0.607955865942548 0.463771056021254 0.336594768005622 0.348868395339345 0.300231198487824 0.291420633756817 0.378308915612621 0.41968729097495 0.402912846423344 0.365832817809339 0.405846241867535 0.389993309060368 0.41994284964912 0.438194704423701 0.417425409143602 0.417471631431431 0.406970308877939 0.40767618955985 0.428414709625701 0.462922502177466 0.365324066245098 0.35724942266303 0.379049491320445 0.384669026427307 0.388978054972039 0.435954315321135 0.462589116162805 0.556444272774686 0.479649072368307 0.31003286041176 0.393295592231353 0.377335917682152 0.306241301615927 0.251677110112686 0.268600869407765 0.317359431102255 0.344940228560183 0.34072532405861 0.361390492039441 0.401069241798893 0.405837095275229 0.396012190016614 0.405716311307339 0.399485644665163 0.4039310155626 0.416753624877289 0.391077497800336 0.287048499202204 0.367442586358148 0.35560073793308 0.415513503941769 0.414996227461429 0.332018960247062 0.418905625806695 0.405924691923994 0.289854011115578 0.311347970295563 0.354663399123498 0.352231922091753 0.278710976214624 0.311079832651987 0.357407987412124 0.351091178041495 0.45540839212538 0.306821265602275 0.381149424675596 0.299978257228786 0.470082943815557 0.464289066265616 0.408010956876649 0.441792682933849 0.480262234397622 0.450252038517792 0.441332914974564 0.46446135292812 0.410992361752533 0.409350497940253 0.314553657350401 0.289785955026578 0.344283053506176 0.422762321211225 0.388697683317091 0.463599587405892 0.381344746037822 0.433714250316464 0.461846842704665 0.516915217834457 0.354864593661799
"garudapurana_khanda-1_u" 0.231557653731307 0.393579495977431 0.421986315608119 0.404059143185389 0.390786912614235 0.435202185230182 0.368095733157168 0.376962948406045 0.368594135934926 0.383902878591197 0.456187302829643 0.385475740687013 0.404601175625261 0.394062765659489 0.269716286623467 0.383218935994533 0.314524989556185 0.318406394820669 0.28464197259105 0.350181819132717 0.364562085453112 0.316756753690046 0.297994549639263 0 0.293258861071371 0.361903535985941 0.385430537836167 0.418583095899428 0.443357893978422 0.429957967236638 0.375690066384675 0.301458992374705 0.531309273650629 0.464249304462636 0.544084488652189 0.48322607693883 0.510621708609278 0.490451794662156 0.615776432999902 0.480065917855529 0.358885780921138 0.340814802956067 0.302973868892253 0.298041355135387 0.395195443158905 0.440714222085462 0.420395371094276 0.388473732443993 0.426218929322996 0.405369514707475 0.437145795265519 0.461584025413498 0.428716849916421 0.428969371789919 0.428953175512144 0.425471649525978 0.440319970171515 0.478390113549685 0.381846567752598 0.381374680656717 0.413215319266033 0.403057794292814 0.408884425535019 0.461503442589616 0.470369973228017 0.56708132772436 0.507960555195745 0.324592635435963 0.429448595284969 0.39108423970125 0.327397720358997 0.273285136826297 0.23728914162461 0.34412647597442 0.380229969240292 0.34899446616249 0.352507149550916 0.393461057548524 0.424010579359198 0.40978187881431 0.42141495835365 0.417639194224903 0.423428072111566 0.424282013510361 0.411248173909527 0.309197319454403 0.375970369699569 0.366110825646858 0.412275622956933 0.445353061547625 0.364828218705025 0.428182897841754 0.419876767768414 0.311342658479517 0.309067975390212 0.343727959679366 0.353031424448912 0.29249456127216 0.346939195116614 0.373586394306123 0.357801459192783 0.457907636492487 0.339075288578181 0.396834029230506 0.318664445453968 0.475931485949929 0.470548023795646 0.41904266273527 0.458840917367533 0.485643408506108 0.469466406056324 0.442960141748478 0.481995399306258 0.429551995596785 0.411735983198124 0.32876424127514 0.306215000688725 0.364548720697284 0.435602576596367 0.391745179814654 0.451113714092812 0.373391387696486 0.414765006591968 0.447855990962584 0.506602227016339 0.33532169438527
"garudapurana_khanda-2_u" 0.319614004940596 0.39748791984629 0.430438231580098 0.407623090727886 0.397431275561146 0.446561383631863 0.376847031700842 0.373704342295531 0.387075162469889 0.395734970033427 0.44088918235018 0.396826676462129 0.392524851409465 0.408964417505955 0.272019769825315 0.39887387724709 0.329868430058274 0.365624788951067 0.32535271927665 0.330739755717302 0.378976991061671 0.310661914340769 0.323709691414153 0.293258861071371 0 0.358286355716942 0.383521325310384 0.418255686236077 0.453679700951274 0.453844597077952 0.373348735508955 0.320331681977416 0.52720421913274 0.458176651352891 0.530544566032789 0.486499909514424 0.493584859665214 0.480390926373505 0.600208080529915 0.479230408653537 0.386667692479412 0.342813440344527 0.336105677422678 0.342365713289556 0.386800134741108 0.453839901633767 0.410318018714388 0.374373980791812 0.415073686108915 0.386508138681551 0.445455003230475 0.450287587601246 0.439541509605033 0.439175321215617 0.431953379073555 0.418736903458112 0.428112709079758 0.453786490494566 0.354676300245998 0.356345526903448 0.372401835553209 0.352093207533289 0.384033719429995 0.445826931461218 0.472797375036295 0.550738413546509 0.494881581901464 0.308613469852549 0.43748584525365 0.37692667247433 0.316627431546453 0.293403147713281 0.295031316477179 0.310941822675048 0.379837068963317 0.353831765737276 0.361565380048743 0.41611964853128 0.43159086934284 0.40580499967993 0.426314832941654 0.427836607638017 0.44055511021383 0.448483620443346 0.412197040070781 0.318371140909334 0.404464786775669 0.380113689462686 0.425783630955297 0.424300093831369 0.358747226809884 0.451606619668704 0.432320930702255 0.302543474468916 0.337304513728586 0.354739298959199 0.373129480914282 0.300362870291601 0.34130184260937 0.386433984572361 0.373199812132296 0.449244021050775 0.342203907820139 0.387781986137714 0.337700131950641 0.478120331309398 0.458219975863199 0.42257020530771 0.491321620886923 0.47671636750543 0.478331976548504 0.422045341674727 0.483550491760216 0.433307865567315 0.394417775702824 0.31419772237085 0.315393561919968 0.342853959249757 0.438497677074385 0.388645771748033 0.445458046366357 0.350547630462087 0.431510207874401 0.455974664798725 0.504250619231942 0.342379505948012
"garudapurana_khanda-3_u" 0.390044835576904 0.439551291593772 0.458893033834739 0.444499661603391 0.44178731040415 0.474851450481265 0.411462072404074 0.417432302308471 0.418095119003167 0.430025306118355 0.476767674463107 0.436434268951047 0.438888034766315 0.444946506199472 0.329574122660328 0.415794287109438 0.365164546359583 0.384407860964003 0.351698476329004 0.374681732200826 0.387270765573237 0.324749726677839 0.376892653207702 0.361903535985941 0.358286355716942 0 0.404118669341307 0.423145689501027 0.471590922142795 0.474704436065659 0.411160884779778 0.350411432960421 0.542135794503849 0.471000628155205 0.528269274794015 0.491065209829433 0.500678155727893 0.497029348702984 0.590635264278979 0.489789474101392 0.383539555426523 0.384048752469779 0.347693567157875 0.36029498957003 0.421932755528553 0.460014297375181 0.444858081457725 0.418941852903646 0.45575716574774 0.430493735923862 0.471220508647134 0.48404236650037 0.47040625625844 0.471249455597499 0.459477579283677 0.453989432081284 0.471093652844641 0.477513047924212 0.403619802102594 0.405929681619243 0.428957489952031 0.42914492665857 0.422125661635594 0.476030814961427 0.492331643270496 0.570114569710154 0.513841198124545 0.380184967156953 0.456966356194636 0.425826700517272 0.378976233282932 0.359591891139077 0.351887488305981 0.361127661805778 0.406590797530912 0.384784279669302 0.407662891111206 0.426932835090026 0.457429162287089 0.443417185043353 0.454653543518817 0.449146370257382 0.455951278019479 0.467004406233291 0.434967666285037 0.348494733939931 0.454679727072209 0.442926752461147 0.465524230695861 0.452788705239421 0.350792360956991 0.473525324505617 0.413735631113861 0.346140791535509 0.361003179839826 0.383259810343161 0.383594466630013 0.3607031117884 0.385783587711857 0.378144420176937 0.37621743495939 0.472273204128082 0.377731266790638 0.417039494851346 0.365192288872709 0.493666126754688 0.490687835832579 0.42861914565848 0.508395117284348 0.50443179070798 0.483163685292717 0.464218000662583 0.497000331840902 0.452591614336875 0.433336469225891 0.375802176220701 0.364722591249107 0.390438009986757 0.455626574165277 0.402780748038478 0.476531206351966 0.41725000819088 0.448395289945651 0.471442133321161 0.525961947351411 0.379141694331645
"harivamsa_appendix-29-30_mathura" 0.382299315783397 0.357311751061397 0.417156609509505 0.346306386810685 0.329316546214874 0.410940330918366 0.36155771481432 0.378861084670545 0.360009321536511 0.372021912368064 0.402667210111252 0.312869054927706 0.363614968598775 0.367565072333302 0.330844208639518 0.433395286321237 0.333750887382475 0.374358494131435 0.335550871558839 0.262603074605131 0.408965095542153 0.317560120661591 0.347106001674877 0.385430537836167 0.383521325310384 0.404118669341307 0 0.314746569004233 0.374246136571893 0.33233991651625 0.227828507874884 0.324490319907423 0.548772102055081 0.374855057609906 0.478166264466609 0.421005415792838 0.455236787431219 0.446271287004738 0.564943254878699 0.394959605726382 0.356612302095654 0.37997949516757 0.332457137761534 0.37485492753214 0.256744490443714 0.318013571553528 0.28632023279258 0.240074666398697 0.30239579730395 0.278934296966816 0.322064430442445 0.359733209579538 0.318392001200445 0.319794467035963 0.295285600914193 0.308537855166051 0.340874716246593 0.411439838523365 0.2797091188905 0.263737594499493 0.345962911582471 0.358715819193185 0.280770796235502 0.334513095332132 0.353371483195774 0.479286001525329 0.409730377768387 0.338882120134934 0.41473067347359 0.359610296336935 0.323332567929293 0.308802120224981 0.358553265565933 0.349692798918958 0.370564131260456 0.289121820252221 0.374400987401049 0.449845009108484 0.302079636619582 0.293216199179859 0.315767681197942 0.297108018854797 0.31291782433858 0.323192717932679 0.28574729323713 0.342815724639055 0.453920367500592 0.417207981080512 0.446263718545457 0.44255289239015 0.346644803396383 0.467238086246973 0.398375359273282 0.335031993447751 0.37755536971295 0.426616761113741 0.354306363640823 0.349783947684446 0.31615584319091 0.415479823710859 0.342541244503992 0.47763021346943 0.281374765838277 0.406159347853964 0.292041464443894 0.493123644633082 0.507531948077218 0.435922647918128 0.489267341315908 0.513198581392325 0.476548477643658 0.474203773784861 0.488413091186124 0.452107289626652 0.455265333543472 0.363446899648632 0.352977299312498 0.294861755858176 0.397790923429144 0.382687494765373 0.480478813917433 0.408113896645352 0.428876559590144 0.462806634234011 0.522044593759558 0.361730151546144
"harivamsa_appendix-31" 0.422721617832671 0.386625002526772 0.421391000777932 0.376415231618453 0.360204793363242 0.438614773524808 0.386744074129107 0.400882083904936 0.387950227374139 0.396224818720381 0.437392012773453 0.341614911212418 0.377938913824404 0.384509921676464 0.380094515423879 0.463819324003682 0.364730810487464 0.416678794700192 0.380055651646123 0.309579674871589 0.440085130226668 0.368085381466089 0.401977548321057 0.418583095899428 0.418255686236077 0.423145689501027 0.314746569004233 0 0.404969557551377 0.368005050195643 0.293416294659594 0.370533772132158 0.552868736133009 0.403142501788115 0.500022891650219 0.448391966143521 0.466164644003527 0.469934069713466 0.573614960735279 0.425655179611257 0.379082691717065 0.39809167661242 0.371649416043844 0.404536508628256 0.311937915931175 0.35114902267014 0.334238468264333 0.300580584096405 0.341242953399158 0.327243422332757 0.351587522915599 0.403620396436007 0.341220667984011 0.347629462087085 0.32926612194334 0.346279574821402 0.38348698647974 0.433762795009139 0.324040259617518 0.331537400189619 0.397917074599953 0.402228674126125 0.317957927051022 0.371734112324092 0.386540629862937 0.504527196418821 0.44444326409572 0.391419001094385 0.447483256799831 0.392903152759612 0.37519492694665 0.371592840118805 0.403420275366446 0.40111733645353 0.416248358423497 0.302029081170548 0.413031017805271 0.469078132968564 0.345959406744054 0.354438483650705 0.354506994515734 0.34850728496702 0.368717896207496 0.344995479633976 0.315682551037912 0.375217082594969 0.468022631773034 0.447907823706874 0.48224824304241 0.474821705647027 0.380849589576628 0.498236207094363 0.412301979745332 0.380093353609321 0.406465004998615 0.450399218360797 0.371721049612748 0.395176563537843 0.363619155192368 0.434658688584509 0.374372086087856 0.476638589339884 0.319880028645262 0.42480238276956 0.341242511799847 0.521653381575145 0.522139656479171 0.442240841781166 0.528856687073912 0.538927468225666 0.514020530789561 0.50889333450342 0.505605702370891 0.484563903010292 0.4773684516913 0.39684184705451 0.399856015224674 0.32726962731059 0.416221925538578 0.401086957045222 0.487796441582816 0.442784612003195 0.460786406620853 0.4719053400452 0.532168735386923 0.392763836846133
"harivamsa_appendix-41" 0.441676572606489 0.424753752124669 0.442418874250397 0.391484953084632 0.388505220231769 0.442601938987603 0.408151384406321 0.429750061602943 0.401020628510512 0.438295760317171 0.474714923976622 0.398044445634983 0.403574523224687 0.396879340840979 0.413481756845055 0.439082309099618 0.400364483067206 0.42928759481024 0.394517937202568 0.374484870463632 0.461078674798292 0.417226263162156 0.421268613055789 0.443357893978422 0.453679700951274 0.471590922142795 0.374246136571893 0.404969557551377 0 0.356645234391156 0.349320971787886 0.418700659349568 0.564710164026959 0.428278839948607 0.488723873906163 0.471961199690032 0.455737865157564 0.439078425321334 0.570671539758192 0.450396744680505 0.402040163426624 0.427414792065458 0.383567153809847 0.422791045169823 0.366528262153258 0.399172624763961 0.382785482401605 0.355035895056452 0.400772822336708 0.377392982167319 0.382622500126121 0.418304926332526 0.398975018868334 0.399874378102325 0.385980491971036 0.398434133510743 0.405517560632972 0.446804023607057 0.345181919187111 0.343732755315023 0.397771198886538 0.409288604660398 0.361206588119454 0.418852268907796 0.448789153134331 0.537227813949153 0.460627305683571 0.423753272909796 0.482216346130989 0.439706762297277 0.411941081428663 0.383440914379881 0.421949484638437 0.443537932398454 0.461337729655115 0.393147508630601 0.447907184708197 0.471481289313279 0.401339012418458 0.408792383854284 0.411949198229093 0.396334601097762 0.411511712285642 0.400562788384579 0.390678597068434 0.406650842120464 0.469996002240371 0.434250677851285 0.488232077644464 0.501823641914056 0.444357451604158 0.480364439617903 0.471533167048677 0.404392065534266 0.423389852631779 0.461293517645447 0.405487086536167 0.42618639612988 0.394547998651662 0.452363347382646 0.400844554733245 0.471679774843372 0.370422762931943 0.458984598276015 0.412238176911622 0.502854463265025 0.510468191329048 0.447834068529875 0.502809670317588 0.52191153690573 0.495398805689784 0.504380947207819 0.526587028744349 0.458562939987695 0.506820055243396 0.442797304910429 0.390669235012022 0.382661472852364 0.465962778084574 0.431920605131012 0.492110248667688 0.455545165107993 0.47542298135372 0.514143611617745 0.549175046110402 0.421017613113943
"harivamsa_appendix-42_pradurbhava" 0.430613351015277 0.409911330127252 0.451037434848834 0.395891067589243 0.386350767449826 0.442487974812077 0.399194039324413 0.424438436340189 0.382522499097232 0.417008315280382 0.467021370964738 0.375509450380777 0.413698687530452 0.404836724077797 0.40729633066586 0.44390894228175 0.382063915306844 0.382515364646051 0.359743672841493 0.363631940690091 0.461119742401327 0.407714880671681 0.408999593958372 0.429957967236638 0.453844597077952 0.474704436065659 0.33233991651625 0.368005050195643 0.356645234391156 0 0.302871995526939 0.41166251991291 0.580806171253202 0.423578171000896 0.501378994176225 0.468285486939347 0.479631837004157 0.475905611788728 0.574255219295952 0.440764757853367 0.402454678837257 0.435000648308648 0.374470905535694 0.421432716231557 0.348289604946617 0.343197995631539 0.358260391827109 0.331758625434011 0.36146098062647 0.362951105927156 0.317938655799736 0.398547809055115 0.327375018448805 0.332200992316636 0.323458547908761 0.355238812033723 0.388707751600564 0.466876161021098 0.366654947577161 0.355486936267933 0.420549226186654 0.424844394499267 0.367868633652602 0.403990087275992 0.412736593806295 0.524033593978147 0.449804094165146 0.417577132601196 0.434650286950328 0.430868115334147 0.401137463548535 0.348589938784515 0.416051408063507 0.445399158557831 0.442494391034414 0.38191180002152 0.427343516470059 0.479296935466241 0.367391552467347 0.393152496426046 0.376863212866019 0.35144323294456 0.361443034598709 0.322332788679255 0.354650848969243 0.393877262360302 0.478381622147559 0.444914900406233 0.464679053672626 0.504772190368083 0.414772534164926 0.472197141406835 0.446114098770504 0.398991662963547 0.420985656359301 0.472266562694254 0.388907604696478 0.417531004897867 0.389458751994147 0.459735136189177 0.39418087023671 0.501495240819218 0.311166099612394 0.460756446035151 0.366600728860542 0.506981662038519 0.540564212787156 0.44680057833886 0.460434622676289 0.523714643259407 0.478916252977966 0.510650363866844 0.515869493548415 0.459735776722309 0.506202328837204 0.430700826871355 0.377092610401092 0.395527148184867 0.455930900381709 0.425425437246405 0.497084147952258 0.460748158512018 0.460404662837231 0.49803090515535 0.548781697638615 0.410171950331577
"harivamsa" 0.378059312215214 0.323802703542207 0.397237131781844 0.322150958088954 0.305134753297082 0.387246122824495 0.341752391653981 0.359664005717779 0.341796369205264 0.344017124948426 0.38147033424061 0.262984689535858 0.338859107050422 0.335073196801047 0.3250074634932 0.411514990867638 0.300795068513309 0.364388433868161 0.310023885668977 0.254456089518755 0.4157641395122 0.317784075599711 0.349735755424613 0.375690066384675 0.373348735508955 0.411160884779778 0.227828507874884 0.293416294659594 0.349320971787886 0.302871995526939 0 0.329949554354814 0.545465524925838 0.361954548481502 0.473777322326438 0.419578217894143 0.445575413229154 0.43137268780144 0.558721954705182 0.384236664936203 0.356053364125147 0.3830735354377 0.335686620377623 0.377135002458087 0.221135424079402 0.298098898516308 0.249431743809313 0.204563156966331 0.265841021651778 0.244500257161127 0.299092564451037 0.35079216201144 0.287295600728837 0.297572236802871 0.271333969848917 0.279063953169322 0.309809988075599 0.41153567107348 0.254412386429223 0.246827311276295 0.35208329360485 0.352365662547678 0.254542148434111 0.31295841509527 0.331520426882474 0.470971546717028 0.397683979818508 0.31679479379119 0.405994642215989 0.338860536337742 0.298372570550138 0.287640967790291 0.357968660668379 0.348722377187597 0.378213554087631 0.270927751104735 0.367455629075043 0.443231735118926 0.282995934471491 0.270209060509389 0.282985805408816 0.263874014748426 0.279116168830301 0.278371502564965 0.248727972547024 0.339288389637053 0.445859982758464 0.406020138968062 0.439530984421989 0.444128588062413 0.357461442773275 0.462713265121407 0.411806747641069 0.323770925375247 0.37238054190841 0.430127829643492 0.355496900128793 0.341728759604365 0.313198323072952 0.420854177471302 0.341030743451277 0.469530062039557 0.266267653889202 0.403214097038204 0.295077533789365 0.487320589961346 0.506155088091864 0.41189017682218 0.484755435680346 0.50293112852247 0.467242720475078 0.476023360148748 0.471072654340532 0.441691043393996 0.461195228037649 0.357199445144617 0.340407762140549 0.288449118821284 0.401915037224749 0.373027557045478 0.459134212671291 0.401232292014635 0.412312437373185 0.441184375069998 0.511142643451308 0.342003758926927
"kalikapurana" 0.297963670275242 0.377339167328368 0.405276414302701 0.378440142722923 0.366098470997197 0.431038792982169 0.352273774324413 0.357674779249616 0.348683295466531 0.352518434783131 0.431803457287569 0.364232136834788 0.39271102252755 0.38229093588199 0.246487345067554 0.39093702981648 0.289860209802721 0.302858909101761 0.266511631058364 0.286633944230054 0.333171069269299 0.252216849206291 0.264554931752696 0.301458992374705 0.320331681977416 0.350411432960421 0.324490319907423 0.370533772132158 0.418700659349568 0.41166251991291 0.329949554354814 0 0.526473904593814 0.420045695445221 0.50113190031983 0.450280045292698 0.466881739539762 0.455769803004155 0.577875321394077 0.439571581314497 0.306372427893835 0.327302208666529 0.286544359189478 0.292709589078225 0.345997816229035 0.406396890350272 0.38278257317993 0.337215988563003 0.392459446240547 0.370636801240183 0.412105969603289 0.424541368824076 0.403253472929469 0.405607910537831 0.387196339637116 0.388615034917789 0.41961068141306 0.451485907493149 0.34925227962178 0.341785276731914 0.377024555374709 0.377208263419813 0.363108425542733 0.416832900520786 0.439325327323106 0.536024736874256 0.470937153961814 0.271478794694214 0.376387631043384 0.334475097217556 0.262838204321843 0.245731194184397 0.264626916896424 0.305449742553411 0.326893939054386 0.30212203398368 0.324512937110413 0.395677858396112 0.372380699764279 0.365375275898865 0.381557373467071 0.378715881302436 0.386878824097466 0.400493364094471 0.353100732833509 0.280530870842877 0.384860468570351 0.379377905096269 0.397357469848344 0.399744056772621 0.292172334142357 0.420702338442891 0.371046366541662 0.268981310730881 0.293288276291211 0.349925837391905 0.319993649507429 0.265297221535322 0.294694615262277 0.3630684385841 0.317867386825138 0.439279717112646 0.283150916169232 0.355305037415683 0.256915085935965 0.462343998623609 0.466689045779579 0.38639371284945 0.457645104828437 0.479557904810861 0.455145825292292 0.440801682115671 0.458078029640361 0.417204338286209 0.390265131010732 0.300286339216239 0.287939540241587 0.330116154862077 0.413589359389832 0.348532043005858 0.444935173909858 0.363058517641148 0.403123743433589 0.447145498042848 0.508554265986944 0.317301992148831
"karatoyamahatmya_pu" 0.531282738008922 0.565663622474827 0.571144387171507 0.557057023085725 0.548514571810461 0.569220915755684 0.55898210704915 0.561374804276989 0.559439646626281 0.569194436722837 0.577173909980164 0.554499754866359 0.554345122052141 0.546807195806684 0.530115220356882 0.578353500550971 0.550774091402395 0.544609757780576 0.537763090237694 0.513585281413342 0.544719661627081 0.528492749750621 0.524952783415556 0.531309273650629 0.52720421913274 0.542135794503849 0.548772102055081 0.552868736133009 0.564710164026959 0.580806171253202 0.545465524925838 0.526473904593814 0 0.578657058920725 0.614974081172149 0.579791639102522 0.595730630745051 0.595138519645907 0.645241710825777 0.587689286500392 0.53882991979348 0.530596818378834 0.532742601353949 0.532602857557261 0.554122249653775 0.575636234004885 0.565763486077038 0.548706296315401 0.569177246778824 0.552362313375156 0.577704027805162 0.582440274963077 0.58008104443179 0.573236095319964 0.569519982721208 0.569093595642996 0.569120707270205 0.571492382411784 0.53677669663651 0.537211166082046 0.540312804299102 0.536006696581605 0.550316540852565 0.574970421114782 0.590362019210023 0.625970285742022 0.583851118941871 0.548354725059404 0.578848762630548 0.562509150447392 0.544333879513423 0.52910000649075 0.523130357664772 0.534931756449432 0.542959682354422 0.527629955671108 0.548645625271618 0.571876451776381 0.567636969671987 0.555402199619448 0.574856849149055 0.568396600989441 0.576078730722114 0.579598330579491 0.563612814232977 0.526228785792701 0.556057894911043 0.5448307452658 0.604604130446743 0.548575252824268 0.552918650291359 0.604268784604554 0.570731134415525 0.531693939257196 0.54220230770124 0.542148722544321 0.548144822059787 0.509791193098081 0.507842225122111 0.546199130393365 0.56126218060309 0.576615894942009 0.546262847751541 0.535620776342941 0.536944578838504 0.610733975395025 0.597250509654646 0.577481600854141 0.600313215966344 0.615164624984745 0.615563639301217 0.588322645134272 0.620224268421395 0.578752412570512 0.562138713579247 0.519530056751654 0.541153910961265 0.522846047769495 0.562637195315544 0.557038535633449 0.582750403061267 0.561902655143043 0.586933001089844 0.601288015867902 0.610540749928899 0.551578739385103
"kirfel_ppl_textgruppe_I_col1" 0.469188974347025 0.432285032101492 0.469582144815927 0.417153283277655 0.401932504257058 0.44365440814035 0.418282917189231 0.444884912961913 0.429323652357386 0.403818240376821 0.469966912786511 0.406096139851206 0.430272786542012 0.409970082776354 0.424330592332082 0.430585731847412 0.408225336450877 0.466471750943543 0.421939973201317 0.367410597495972 0.476520590649569 0.428890788532004 0.45531864276529 0.464249304462636 0.458176651352891 0.471000628155205 0.374855057609906 0.403142501788115 0.428278839948607 0.423578171000896 0.361954548481502 0.420045695445221 0.578657058920725 0 0.37492376534906 0.3328752113804 0.404901301279331 0.373321228068285 0.484432514311294 0.274746613794888 0.440927937325671 0.460430256445633 0.416010499306213 0.45191232320649 0.340811088465064 0.416251443690515 0.374339650430418 0.349387936292623 0.389475460944913 0.363696927301529 0.408824398189039 0.414992787231617 0.411709476244186 0.411237623832023 0.382920452875286 0.39795937158527 0.42809440161432 0.456370626028193 0.360848808559116 0.350862088131063 0.435447984632252 0.424024914981395 0.356163892448067 0.398415163152423 0.440105368964207 0.521322823499947 0.450981592080718 0.40596412019375 0.488336551747462 0.408573529473773 0.394316138617514 0.398267235633049 0.45750184477465 0.448713170818116 0.457797774557071 0.382389981445843 0.470563413804632 0.501783292297298 0.38323785892711 0.398969155603175 0.429094399034681 0.41770169604228 0.437135935990983 0.431149239659012 0.378548286827866 0.429928025984861 0.511362895293976 0.484143667131703 0.516560602516174 0.502269775002446 0.445820989553218 0.525231801427371 0.470873787945685 0.420443080366521 0.455430641926164 0.492874744320037 0.435419480627711 0.448466110752531 0.402109308856169 0.478222454806825 0.412874899563891 0.512064806061163 0.389604306495433 0.452689341256667 0.403889354726682 0.510490145559613 0.536364528531689 0.445276209774835 0.545431078731025 0.522163299038634 0.485943675155309 0.499562551658514 0.478118424633175 0.514878532663546 0.519500840466785 0.453098345479814 0.417107098651728 0.393675633177789 0.472982645179313 0.439065948894325 0.507046893676112 0.461253421390778 0.435474328078417 0.517152854446263 0.543458258194491 0.409459534479109
"kirfel_ppl_textgruppe_Ia_col1" 0.538383787725611 0.522111435910082 0.536844529896567 0.500530670301868 0.498179915775244 0.523512734626941 0.506843635698296 0.522894924330758 0.513045891516908 0.513411423025964 0.530978888209947 0.506664835344201 0.51383758353914 0.495739848533446 0.518687810292519 0.501429588192173 0.506971024023207 0.540475242243505 0.51276272719231 0.465451301840867 0.540721667284212 0.51754794365135 0.527712157388623 0.544084488652189 0.530544566032789 0.528269274794015 0.478166264466609 0.500022891650219 0.488723873906163 0.501378994176225 0.473777322326438 0.50113190031983 0.614974081172149 0.37492376534906 0 0.430409252295125 0.457817593055306 0.412661363901532 0.504162724973087 0.405918941481484 0.519254620290828 0.529612513732187 0.494545849477901 0.526426623173902 0.464555805450698 0.495846777687185 0.489328990290689 0.466617201526266 0.492174769343398 0.474542725234943 0.504437585075699 0.507992187098019 0.509672263320753 0.50691908563195 0.489415028756015 0.494094002208862 0.520223167628355 0.51768720646542 0.461416923948889 0.4541158442929 0.49828456700643 0.490628750203266 0.462461695266557 0.498585035989044 0.523930379151439 0.583667992528931 0.52937627301434 0.500121451816217 0.551833840516192 0.507539524020017 0.494156871532872 0.484587021848547 0.53265622366868 0.53547064872984 0.526566187298986 0.490782774453023 0.556145775087948 0.557081087760214 0.491700414367173 0.502548560538347 0.52133399223391 0.510278343786079 0.528061377689534 0.518342813974848 0.487881402533935 0.513281082058891 0.567876992184014 0.546657375361895 0.583946869934499 0.549155070381682 0.525137476095104 0.576460395338399 0.540242503040797 0.508604707655451 0.52448899277458 0.546525454018721 0.510503508424532 0.527600718476554 0.491216543941069 0.540222556740951 0.486388754702161 0.549486083106206 0.473778698498159 0.528162419749455 0.495490740535432 0.558391925411994 0.575285909591355 0.511273723811571 0.598516445474816 0.558543265524184 0.520211660756021 0.551649749986195 0.543028700748694 0.561403716905378 0.57573226029737 0.533618190416696 0.496097874370213 0.479966351161978 0.539571475310873 0.518908007169488 0.56070614803636 0.533836898951807 0.529598218153562 0.578933015933598 0.602776641500609 0.504518748862083
"kirfel_ppl_textgruppe_II_col1" 0.487752500352179 0.471521060958614 0.489393796029404 0.444707278208794 0.439698469308133 0.456519562893521 0.458316568590538 0.478400133474935 0.46118841837691 0.457038877027606 0.480771953776349 0.443805619116467 0.466216248020895 0.449074711724223 0.453594538244634 0.491780108425411 0.447844393541819 0.486051317501195 0.458354636931143 0.411380014463001 0.493964811520101 0.459884382820779 0.472072534614164 0.48322607693883 0.486499909514424 0.491065209829433 0.421005415792838 0.448391966143521 0.471961199690032 0.468285486939347 0.419578217894143 0.450280045292698 0.579791639102522 0.3328752113804 0.430409252295125 0 0.449288244511145 0.419251821724108 0.484187374488523 0.355732223251671 0.47181342011243 0.485806250202414 0.448681006880632 0.476814946756416 0.40709407838664 0.465240276322412 0.438067589927173 0.412969485554295 0.445149688846651 0.426507611331602 0.458859240573986 0.465295557515392 0.456045212457615 0.454853255844232 0.436743709629765 0.444197926458555 0.465406702086218 0.477729321108414 0.418388379097781 0.41390431587751 0.466968844535505 0.455780508851539 0.429257506626811 0.455603958062004 0.477062068392757 0.544718910955861 0.50660375752015 0.453982665587312 0.514549427961771 0.456817721616588 0.443609371841589 0.433519359597372 0.47416822925697 0.473886053500353 0.477761395239905 0.421854975867309 0.488470428379215 0.51789765242979 0.445945012896539 0.443209704195378 0.46574548955656 0.466997382477922 0.474337206084165 0.475297616123633 0.437901018584025 0.457741678859791 0.520571873055096 0.501627204268154 0.529221108755285 0.515671725962492 0.474109990438009 0.537047191482112 0.496474771757147 0.460534234895884 0.475716617225502 0.509845215187834 0.455139701852736 0.468983177649044 0.433495104594266 0.511003100221095 0.445784232957199 0.54152157099685 0.42776621673858 0.485714461108698 0.439974825211647 0.550649738694013 0.5615199606018 0.485224922132399 0.566993793275417 0.555118202062393 0.539187850611079 0.534594893479843 0.530684097161033 0.5267363234553 0.536289593541158 0.47476743745251 0.455770146020926 0.425977488740737 0.491393774669249 0.484976660877548 0.542535502742345 0.497185197703399 0.462863445073441 0.538298952206141 0.573316324928693 0.454159590943145
"kirfel_ppl_textgruppe_IIA_col1" 0.508132324394652 0.487026381618981 0.48804742218481 0.455753808868901 0.459611577629384 0.49550671708162 0.47278719322763 0.488419723391865 0.48086226117402 0.485917685853082 0.512386697837767 0.471954350167375 0.465952712792993 0.450115532256102 0.481303408341622 0.464720454837845 0.468042113472364 0.503336482625596 0.472486554275637 0.434052205501212 0.502425277758513 0.48542451061909 0.49757156378691 0.510621708609278 0.493584859665214 0.500678155727893 0.455236787431219 0.466164644003527 0.455737865157564 0.479631837004157 0.445575413229154 0.466881739539762 0.595730630745051 0.404901301279331 0.457817593055306 0.449288244511145 0 0.369763390324739 0.484458055212059 0.439401166868587 0.467371593317313 0.480034364647084 0.456588358421605 0.487967017787331 0.440990525927695 0.478559005509643 0.467760403031975 0.44568357253557 0.4810223668658 0.462818281964227 0.481736008496429 0.482185704300364 0.486700674232701 0.484801145420356 0.47149973354527 0.469136648830049 0.501321116257071 0.481226353605821 0.43268082464845 0.434733189413357 0.474141341619872 0.468388366167915 0.44127769578943 0.48500791841692 0.507346317948192 0.572695142175591 0.518565272750735 0.463870830110423 0.52127508087597 0.472402028448401 0.455348203702926 0.46227147149588 0.483955364504075 0.505497166255475 0.507773838927369 0.454830073625477 0.518010942393776 0.516592516349789 0.47903580502296 0.483645756578273 0.498629105841317 0.486525127431915 0.504853301886784 0.500651958337744 0.463715417565139 0.477547331412998 0.541187461103461 0.518373304746217 0.552157398329706 0.531577025054454 0.496166038101332 0.552024069609325 0.508599970595315 0.474427613711183 0.480239626792977 0.513408657440075 0.473453457552772 0.497479170369235 0.46012758440426 0.500343281369771 0.469234544507426 0.508429425819258 0.46092958513348 0.494017299823009 0.474405647827215 0.525043480822768 0.545169432677954 0.466227489532495 0.5762884851656 0.538940520963456 0.537570155677919 0.538599900410802 0.554430257963381 0.526956521301502 0.538364780001409 0.497877256361843 0.462472100405501 0.435729952476175 0.496570431851153 0.452934473401883 0.508603346122638 0.484823845764029 0.504299864928597 0.538485934175416 0.552237182663079 0.450750745042365
"kirfel_ppl_textgruppe_IIB_col1" 0.489549286542601 0.484679235256244 0.491328644456818 0.445816901312778 0.451053105472249 0.480300945377903 0.466649157412488 0.47744537923971 0.476968566858945 0.477849389002492 0.481225624776742 0.464664055548865 0.45150769257531 0.446907988280727 0.469332383887809 0.437321354233172 0.458089881886738 0.483368138487932 0.456535501068898 0.430230183530813 0.483376436374703 0.480020858700356 0.479750291114992 0.490451794662156 0.480390926373505 0.497029348702984 0.446271287004738 0.469934069713466 0.439078425321334 0.475905611788728 0.43137268780144 0.455769803004155 0.595138519645907 0.373321228068285 0.412661363901532 0.419251821724108 0.369763390324739 0 0.499307519478603 0.399164830492644 0.47343249848399 0.47365171353804 0.446855494537012 0.47527801873604 0.428900095023342 0.474771047966139 0.456109256709893 0.430515974392611 0.463850302776378 0.448971726000831 0.47277168640413 0.46583084228272 0.475747245950712 0.476681202082155 0.459667796348514 0.459273363930425 0.488312528993182 0.463028487958015 0.410966424863289 0.416466865887442 0.447456663394682 0.450195448740073 0.420930471968138 0.472439995905194 0.491055488631561 0.566637663533472 0.51728666288173 0.453664866498113 0.527701640330082 0.474427002639717 0.450775541519762 0.441581852619279 0.477387931901394 0.495894401755613 0.502223924731965 0.451992880812685 0.510328104783848 0.499538393785667 0.468761354151803 0.465224935647976 0.48576534412011 0.470719276357658 0.488644727468078 0.485946095955869 0.453096800781408 0.466756769961915 0.516637512753921 0.491687256462301 0.542605265155641 0.532746728416827 0.495865987799507 0.534559160929195 0.516021526305909 0.4526359518334 0.463395505253123 0.499316090242737 0.47266961276622 0.47569314143035 0.448203541633445 0.495269918699709 0.45404000004218 0.477024072421387 0.442144356158044 0.485248067712388 0.469154475962346 0.520690040031972 0.517158929127436 0.458212154159774 0.560919481961377 0.529359717618644 0.523844172638839 0.520856137885199 0.54163053998744 0.517481256130915 0.540655003786093 0.487906349955556 0.447433846720895 0.43092958540617 0.508632894039708 0.470981659273128 0.523072815499817 0.481379282151591 0.497901061781347 0.547823814040867 0.561232376084864 0.458172248145808
"kirfel_ppl_textgruppe_III_col1" 0.619510702278447 0.585064750671706 0.590071552809133 0.567790237311103 0.572719103050615 0.569990045219286 0.581139414413858 0.59022973989985 0.577514535707443 0.582359733869279 0.594053456759082 0.572518193121207 0.571021206015911 0.555297019437503 0.585533998235972 0.579621812230544 0.575985546967155 0.604575712198071 0.586345471061976 0.543416938867668 0.604503783701408 0.584431151583584 0.607955865942548 0.615776432999902 0.600208080529915 0.590635264278979 0.564943254878699 0.573614960735279 0.570671539758192 0.574255219295952 0.558721954705182 0.577875321394077 0.645241710825777 0.484432514311294 0.504162724973087 0.484187374488523 0.484458055212059 0.499307519478603 0 0.507796810906034 0.586789584346907 0.596289342261187 0.574743851009009 0.597293884249511 0.545840307077707 0.573943779585546 0.565201098901578 0.54691487759085 0.567799244011184 0.557301100612958 0.572264546286844 0.572515327647222 0.57882237830023 0.578234320849012 0.566939152557585 0.567259019634331 0.586161143030682 0.571138294059791 0.546116491144936 0.542626043796796 0.578566541539915 0.573434724705765 0.546965938493011 0.572333192790161 0.591411320990625 0.619486215529933 0.591650833366172 0.570197441276867 0.603490090226663 0.56480051278386 0.562428894112632 0.568925399149802 0.605275923294024 0.603052266198293 0.596776232946226 0.558129200703462 0.612626044655645 0.619946703838415 0.570034263825356 0.578144070123926 0.588554272379259 0.586258877190601 0.592846752103327 0.594620905672047 0.562591956843922 0.583923411799064 0.633846619678348 0.624290767164318 0.635992538522946 0.618099112178485 0.584430036345608 0.636079584487248 0.592782219480525 0.58182166507797 0.593462448202918 0.616748552561454 0.575284760153876 0.6000101400342 0.562237383752208 0.603045774119441 0.563801857369634 0.61409226635243 0.564935101735135 0.586479571745321 0.578743112422769 0.613813111630965 0.63715712240793 0.566744832270934 0.643156426687084 0.617851917841264 0.615570685565171 0.622222314170551 0.614370987829064 0.617988696054468 0.638962553495377 0.593543155729692 0.578762085266751 0.554353039920492 0.590124815947854 0.566212934380786 0.59399456246312 0.595379438364787 0.578089557495686 0.619285370372077 0.620441745442574 0.558489224153402
"kirfel_ppl_ungrouped_col1" 0.482521376203584 0.447624948732513 0.478777273133642 0.434533131662417 0.418726244081852 0.465842294453294 0.433821666931934 0.45481656216804 0.439530310565995 0.419661782056754 0.482585818085623 0.421533101467686 0.449096698273485 0.433685380553736 0.441341006240077 0.468927401246288 0.428883200694806 0.486137362742624 0.444374525747086 0.395456992198106 0.486501125453244 0.446922313377912 0.463771056021254 0.480065917855529 0.479230408653537 0.489789474101392 0.394959605726382 0.425655179611257 0.450396744680505 0.440764757853367 0.384236664936203 0.439571581314497 0.587689286500392 0.274746613794888 0.405918941481484 0.355732223251671 0.439401166868587 0.399164830492644 0.507796810906034 0 0.458037616938502 0.472868018077955 0.429995510255423 0.470206231099558 0.366412851967554 0.427685030316904 0.398477138559404 0.371531996980138 0.407501046982094 0.388349953238308 0.427193201670835 0.445159742695858 0.422166692456513 0.423885652716067 0.39881832754615 0.41245815188917 0.445596838038338 0.476939361738504 0.386953377244911 0.378987597372734 0.45496609344337 0.44814455471338 0.386105233474423 0.418921722428084 0.452464086989133 0.517307008986028 0.474579317886172 0.427219182869755 0.49933182780385 0.429987165321299 0.414665334099764 0.417988038024915 0.472965954470967 0.464034660363232 0.475949516715641 0.398363273709726 0.489565988881321 0.519547169118052 0.407708076088465 0.413754325394072 0.43995157873625 0.43721091624751 0.451360347737626 0.448657659998688 0.400193526593824 0.449896825641121 0.518946538760376 0.50148096177352 0.531500477217275 0.511978572203983 0.463570341928131 0.544077417667698 0.487350490497677 0.443018569462121 0.471338363300314 0.509622647897334 0.445214729351361 0.465417867889974 0.420780219024011 0.498166431087037 0.429008465868551 0.527369735093983 0.40519536159236 0.474829999820596 0.415762807101196 0.534306527830833 0.551154240112751 0.465397330438934 0.565046011103764 0.540809386703451 0.512504039099121 0.527614720396467 0.481820356362305 0.529668396328347 0.527968379282975 0.467837146629235 0.440203531559284 0.41321594733443 0.490746370755551 0.46382468402663 0.5212260781123 0.476515247563013 0.453782374675237 0.531218644712991 0.559497334666546 0.43280661390026
"kurmapurana_khanda-1_u" 0.377176883886706 0.370219343102105 0.387065568603827 0.374184853538948 0.358417259422618 0.424795952709822 0.331715719790084 0.351940972439396 0.33162110648258 0.350608256695457 0.463353547480924 0.367281996185787 0.382898495278454 0.369985558797958 0.325863138992832 0.397961029219495 0.304809088386978 0.341755362941804 0.295843550293658 0.333341956243843 0.359337378195792 0.307153206485473 0.336594768005622 0.358885780921138 0.386667692479412 0.383539555426523 0.356612302095654 0.379082691717065 0.402040163426624 0.402454678837257 0.356053364125147 0.306372427893835 0.53882991979348 0.440927937325671 0.519254620290828 0.47181342011243 0.467371593317313 0.47343249848399 0.586789584346907 0.458037616938502 0 0.251970069931021 0.266344782219886 0.314672996498865 0.370791192026485 0.410348863833933 0.404041245853926 0.365134031854211 0.420578016569251 0.394674170948661 0.424382366059622 0.433693680030177 0.425397827568997 0.426363583807448 0.411544805829783 0.409831499856954 0.435549050660534 0.453962657322697 0.365137892632677 0.36661573242507 0.405660950582073 0.422492216652845 0.378600666392391 0.43487372865202 0.455390487798843 0.546770149370693 0.479488039473441 0.330305597875703 0.41515983938333 0.373888818226447 0.322225279569814 0.321206967691277 0.326101213799713 0.346024242199862 0.393651127088485 0.32697453720174 0.350325752233783 0.393613619292734 0.387980967150745 0.396420484059814 0.404106443873995 0.394091651339836 0.414026075502743 0.412016072336697 0.370075522159879 0.264191322969997 0.406984448172112 0.411862447758324 0.410303656830788 0.431452329074771 0.323877021401723 0.402413061367509 0.357793439270499 0.310034141556799 0.314579449559437 0.385881668557498 0.34681301960169 0.323494402793062 0.343986141951966 0.355828362221298 0.324026828391999 0.432694167891504 0.307438644706133 0.354341837242937 0.285920329581044 0.457683362462162 0.482759473315282 0.373151198721014 0.466902478740537 0.485547285725919 0.474597080645401 0.471244736411483 0.48171836277909 0.422566587728331 0.431297693919382 0.34102106367381 0.317778224886567 0.351306563946143 0.430866392337431 0.353220863999237 0.457547016018869 0.406555362210779 0.415840982164329 0.451809020157989 0.500544584422877 0.33760059900572
"kurmapurana_khanda-2_u" 0.360047851041817 0.385077972706479 0.403179210430862 0.386997810700977 0.383728470518152 0.434795659522813 0.35785526634732 0.36687555542485 0.372788575223996 0.386147469777705 0.458776933210324 0.392240947748886 0.377807860657216 0.388041876071883 0.320235571939056 0.410290595951133 0.33126087857965 0.375641912794727 0.330571086636017 0.330778963568547 0.365996988529185 0.325281878820533 0.348868395339345 0.340814802956067 0.342813440344527 0.384048752469779 0.37997949516757 0.39809167661242 0.427414792065458 0.435000648308648 0.3830735354377 0.327302208666529 0.530596818378834 0.460430256445633 0.529612513732187 0.485806250202414 0.480034364647084 0.47365171353804 0.596289342261187 0.472868018077955 0.251970069931021 0 0.287218720255709 0.320559699778491 0.387824160084394 0.441584020406329 0.41978646629783 0.382947888978637 0.428876321948598 0.399935573917266 0.44031912461395 0.450075048637506 0.439664723645594 0.442009117244879 0.430465389580727 0.418274747700021 0.445855527908541 0.440731021948632 0.353545007881908 0.357282710526261 0.37839308573157 0.381603634706669 0.383248370511033 0.452318615921356 0.469544913781441 0.55343309744712 0.49899016367719 0.342260049789434 0.447988994977918 0.387419165141755 0.341397855367601 0.333277517240857 0.319285927600162 0.342337262997533 0.38974935281902 0.342505230935178 0.35310128534796 0.392093128652965 0.414537917827811 0.411466432866918 0.421427795886892 0.41955518357741 0.441255319024458 0.437779876955005 0.399486355471236 0.287574968955284 0.393981996816116 0.384692485664582 0.423435805272534 0.419315014125011 0.357808599170886 0.410668129697722 0.398911871269241 0.320066368686843 0.307732777297777 0.341005658364642 0.360803303515297 0.320234651715219 0.346922405044793 0.344476974288616 0.341068781147113 0.413031142545034 0.335120364842186 0.350299334093403 0.318955300011687 0.46892759842815 0.459483123309964 0.400426305301366 0.50477114843808 0.484441083811687 0.497505807963136 0.447983403885955 0.501033252307465 0.438204740921162 0.415563820586296 0.328967189932754 0.340274407958967 0.3459271980389 0.449489393366529 0.379253396087312 0.461062812313809 0.380876486656829 0.438393938862946 0.466997070271861 0.497635094828383 0.355464698590567
"lingapurana_khanda-1_u" 0.325001414599255 0.385539567119388 0.413253996069411 0.387256761351732 0.373881542601315 0.43344496465822 0.348980086447727 0.364371954790086 0.352208752082028 0.374971434318081 0.453593911186135 0.375817666003763 0.390476149512924 0.379770751887076 0.265586272007191 0.339598720921137 0.275713964113954 0.323030463316869 0.264545022406463 0.293712227198024 0.348910393911383 0.271625465769792 0.300231198487824 0.302973868892253 0.336105677422678 0.347693567157875 0.332457137761534 0.371649416043844 0.383567153809847 0.374470905535694 0.335686620377623 0.286544359189478 0.532742601353949 0.416010499306213 0.494545849477901 0.448681006880632 0.456588358421605 0.446855494537012 0.574743851009009 0.429995510255423 0.266344782219886 0.287218720255709 0 0.240168136214852 0.348620545625509 0.39435099586754 0.382113118220672 0.342836090439785 0.399725222282548 0.374886530222089 0.40087281239715 0.415346903945426 0.403220726462352 0.40211787638736 0.383385135780164 0.388277787369019 0.421843924209361 0.440346860383469 0.336434698807418 0.327966140260868 0.369734715759067 0.373097573688662 0.353797908944599 0.415035688639345 0.436545588482449 0.528778631734751 0.462067937207124 0.313675799678908 0.410540091753726 0.367461569585212 0.309576556760631 0.26748823268204 0.283087952115163 0.325637886430866 0.35688313926308 0.313614134851784 0.335075083372091 0.388934397555362 0.37217647073137 0.381044764683392 0.393925894482443 0.378619309238506 0.398734272638778 0.394521494207504 0.356362607683247 0.225943694067637 0.376001057796818 0.369374972500417 0.390261072960836 0.41892056221914 0.297528477971476 0.375293524316146 0.364422413302755 0.273747776825342 0.267380273918639 0.324578762467963 0.311706924873045 0.29776091477208 0.295257961933662 0.313437513118809 0.272465681675938 0.4234191978314 0.272494002773299 0.33752272208355 0.283515194203251 0.435512526780745 0.457225421321835 0.351974828545213 0.455552401420832 0.452647276498793 0.443869170068144 0.433236457772323 0.454738519096544 0.403180180250359 0.409536779253136 0.308452627435667 0.267861467248363 0.334486247413495 0.416487687280649 0.340103206248524 0.429636389200596 0.35935593557027 0.404012599889936 0.441094917300523 0.485107520664312 0.311205278915315
"lingapurana_khanda-2_u" 0.304397339151523 0.417306914238326 0.436998258089047 0.416408221918075 0.408620100049543 0.451386159943741 0.38792518488187 0.393421453779376 0.38783559046915 0.405055878193357 0.468250091094314 0.4113398293211 0.420932131045765 0.41573633649963 0.278442053608031 0.387728313789282 0.320138736795847 0.32310986171913 0.291675053886659 0.344212124121547 0.35181047771892 0.297455832401859 0.291420633756817 0.298041355135387 0.342365713289556 0.36029498957003 0.37485492753214 0.404536508628256 0.422791045169823 0.421432716231557 0.377135002458087 0.292709589078225 0.532602857557261 0.45191232320649 0.526426623173902 0.476814946756416 0.487967017787331 0.47527801873604 0.597293884249511 0.470206231099558 0.314672996498865 0.320559699778491 0.240168136214852 0 0.38932674003006 0.433601310939549 0.415904304091987 0.383491779538039 0.423981125882182 0.406570900380863 0.435937718038197 0.449928128111972 0.434850161407773 0.434520507487705 0.423497269373678 0.418612372523894 0.439872100553361 0.459261412467394 0.378126117497851 0.378430104964267 0.400943011202587 0.400636576326928 0.393285767254391 0.447664009127149 0.472508969877083 0.550626900692879 0.494909629367174 0.347202734568729 0.427901894950041 0.400404312558987 0.343534608534454 0.294398435574826 0.272093240934824 0.341744827547623 0.372681731056527 0.347541578299697 0.362523590156753 0.395497807741996 0.409286883024147 0.41495136880439 0.419686221513307 0.41394556893796 0.422622588868658 0.4287721937674 0.402113688902208 0.279293758874172 0.381536198028442 0.371252597077482 0.418309591323132 0.431067381880108 0.327491175434561 0.410337440256166 0.398555882877889 0.306266432489094 0.266317637551791 0.328204874553687 0.351143913584427 0.313302091899924 0.333813687241253 0.339630647627888 0.334270974253348 0.444328710461831 0.330857485983445 0.375847403629659 0.321453626607934 0.465644242537798 0.462957972035648 0.398676257647139 0.473557934880108 0.487527854073391 0.470982808661435 0.453959030800998 0.484620969134671 0.425749434358598 0.419565449303316 0.336661519941093 0.319522587987375 0.364491524374363 0.424394792374178 0.382712808422919 0.454072151637497 0.384095132179024 0.431481265419612 0.45961243121983 0.510444819530479 0.350416667363791
"mahabharata_01-adiparvan" 0.398884820264743 0.33050882857568 0.404502719866654 0.327710414413667 0.306201528703023 0.396164196189226 0.345236639752037 0.365297894080585 0.356183287052511 0.344260761394518 0.402442838216468 0.294768571222312 0.342348819720514 0.338858715243316 0.336293954783862 0.409496099739925 0.308878712627714 0.398306222553536 0.336911372238762 0.245084113895359 0.425081863856373 0.32506796830531 0.378308915612621 0.395195443158905 0.386800134741108 0.421932755528553 0.256744490443714 0.311937915931175 0.366528262153258 0.348289604946617 0.221135424079402 0.345997816229035 0.554122249653775 0.340811088465064 0.464555805450698 0.40709407838664 0.440990525927695 0.428900095023342 0.545840307077707 0.366412851967554 0.370791192026485 0.387824160084394 0.348620545625509 0.38932674003006 0 0.325985067271702 0.199151084722177 0.140421312501009 0.222167793206182 0.187865549491761 0.281739934037854 0.332856073512565 0.27848555487015 0.284810089015943 0.243830399787049 0.252694231475156 0.288261557215685 0.395929010626225 0.210874351466246 0.20932177716993 0.344382371074329 0.338664090287003 0.201307570198509 0.255170412569163 0.329470088567526 0.441291353589626 0.371937206517694 0.313953902996451 0.435643154178223 0.311157646934347 0.295564285897456 0.313216893427541 0.38145758853315 0.364362214801113 0.380284910965513 0.27110772310993 0.385246937207024 0.455653367849013 0.262982249675101 0.251732512095151 0.299923291239049 0.286846289148432 0.303695541014861 0.31310071370913 0.256234353620319 0.354653961638573 0.463324907161768 0.421909529248229 0.457331210631713 0.445738123670497 0.366286902748509 0.476525868541162 0.411064410762394 0.335042783993995 0.383720192093503 0.435029820813891 0.367254923190495 0.36428010321407 0.310330025647376 0.424663394828215 0.335477581178496 0.478517812656887 0.285780995757848 0.399375238100805 0.321179376193626 0.490968771581687 0.50665415979693 0.420413837383223 0.507146417980267 0.499767056662132 0.474729576348572 0.46923420682266 0.46330937562799 0.45766028648184 0.47090136549773 0.36222863218191 0.355257498016807 0.288092073380654 0.40260752540753 0.372806868787505 0.460567346922899 0.402576800783678 0.406815964156078 0.466424924492065 0.51242164473053 0.338870125072047
"mahabharata_02-appendix-21_sisupala" 0.439995356108814 0.405934658089756 0.462028063904116 0.407806023878882 0.394713130832768 0.453105489632487 0.411034039613273 0.431061887525747 0.40759862600071 0.411708036796494 0.46191349439198 0.365582997610312 0.422458505093448 0.411503574441499 0.400813602122618 0.470631085260418 0.38519740601225 0.423465293830138 0.389674683831618 0.352806142841443 0.470844881966727 0.405004260925255 0.41968729097495 0.440714222085462 0.453839901633767 0.460014297375181 0.318013571553528 0.35114902267014 0.399172624763961 0.343197995631539 0.298098898516308 0.406396890350272 0.575636234004885 0.416251443690515 0.495846777687185 0.465240276322412 0.478559005509643 0.474771047966139 0.573943779585546 0.427685030316904 0.410348863833933 0.441584020406329 0.39435099586754 0.433601310939549 0.325985067271702 0 0.332290883759395 0.31540491006105 0.359384103197142 0.344764937498505 0.347455579140092 0.388872715411042 0.355000911905765 0.357827769295615 0.328687140376692 0.35816969692327 0.394772381719193 0.464350127724154 0.353746034375235 0.33760469312838 0.42763158889112 0.417013269738913 0.3511829440795 0.38463174851152 0.38349186121597 0.506737725218476 0.435132647050325 0.417195793067418 0.458313239103549 0.426624051451645 0.400499080763167 0.382541927793752 0.431435073659528 0.434232747602568 0.440553243869301 0.352935800213713 0.438560571263634 0.491206446561348 0.351110530782505 0.376418202946797 0.380445405410165 0.360378816296749 0.378427097990674 0.360215194591538 0.34177221233048 0.410976467950018 0.491931040644717 0.465726558877984 0.495034032081324 0.503469504315544 0.41997463702513 0.50465673642667 0.444894894095088 0.40945924215126 0.44168197420548 0.487268220077739 0.409157499752402 0.421964685003886 0.387769659647234 0.471573533486916 0.393472032788729 0.511396667736482 0.346891258819866 0.45412512724768 0.374700624244992 0.527092569987607 0.547630101184008 0.457927254592384 0.51590214402557 0.538692021658274 0.502201412719389 0.524106502683478 0.511772972405438 0.494242685634205 0.506365932295505 0.42940997237883 0.408328854387496 0.376832320934321 0.440094885929607 0.43457609940606 0.506342357655828 0.46410739074113 0.460968104119906 0.499858452556167 0.556777241828465 0.418609331372127
"mahabharata_02-sabhaparvan" 0.422313331486772 0.354108101475563 0.426566424222858 0.36230882623755 0.344587571241566 0.417800598808391 0.375465267641087 0.390976969990214 0.380557642644907 0.381112287896887 0.421011622840483 0.321692338343478 0.366667376450977 0.371540816523991 0.368813090504156 0.435009460381199 0.352743655657007 0.422231648115238 0.372578923635393 0.300013852608923 0.452128191081934 0.363774772747557 0.402912846423344 0.420395371094276 0.410318018714388 0.444858081457725 0.28632023279258 0.334238468264333 0.382785482401605 0.358260391827109 0.249431743809313 0.38278257317993 0.565763486077038 0.374339650430418 0.489328990290689 0.438067589927173 0.467760403031975 0.456109256709893 0.565201098901578 0.398477138559404 0.404041245853926 0.41978646629783 0.382113118220672 0.415904304091987 0.199151084722177 0.332290883759395 0 0.188577484045018 0.228239687749896 0.178991341178582 0.272264073097171 0.348733753460637 0.275839503623105 0.277240094491534 0.240991238124596 0.268167126831925 0.291276464818432 0.420890523101017 0.237112585188256 0.24181569775036 0.369348268774748 0.352918151855541 0.236080969942257 0.248410801074207 0.347825726220983 0.433634692192708 0.362373601833166 0.357768609166887 0.451502349505581 0.361730919295564 0.342541520167376 0.344298119219506 0.410350383014291 0.396876138850256 0.414306902054145 0.314836314390272 0.419076808778913 0.479452595208652 0.308937056388914 0.288029704847788 0.339214976269063 0.315639983559771 0.337113295679225 0.334799214817408 0.299310794433619 0.38732057000155 0.482255008734279 0.443353957580726 0.484349708594269 0.475572144205523 0.403118790889772 0.500503848348019 0.439574217677051 0.374454257773085 0.413281024691028 0.462277818971154 0.396372830079968 0.392471284195725 0.344065827803259 0.451127357572346 0.375857776397196 0.499070782862745 0.322821245822993 0.436985899094304 0.35716390770799 0.508609009629118 0.524115570032281 0.446058471776017 0.524958641933393 0.518715845320749 0.492649385966801 0.492124999591371 0.482664127324876 0.474972597905592 0.493414400623102 0.397676174952962 0.389337579230577 0.320703591176738 0.431184575039537 0.407322676982486 0.483796114831354 0.426362239304833 0.441401398900159 0.483307696859545 0.527045349343646 0.378173718104441
"mahabharata_03-aranyakaparvan" 0.390536821662095 0.323704727212324 0.398419799803347 0.316920063264165 0.298155397597896 0.386531763624952 0.33538917146723 0.356862087496713 0.346155871224408 0.345198553060618 0.393309522443914 0.283665764032539 0.329204293572513 0.332169040773795 0.328402171269994 0.411993023913037 0.304099804935908 0.385316628435423 0.327121269178513 0.236553013918997 0.419676311759913 0.320038951525407 0.365832817809339 0.388473732443993 0.374373980791812 0.418941852903646 0.240074666398697 0.300580584096405 0.355035895056452 0.331758625434011 0.204563156966331 0.337215988563003 0.548706296315401 0.349387936292623 0.466617201526266 0.412969485554295 0.44568357253557 0.430515974392611 0.54691487759085 0.371531996980138 0.365134031854211 0.382947888978637 0.342836090439785 0.383491779538039 0.140421312501009 0.31540491006105 0.188577484045018 0 0.21074006553286 0.170509416863668 0.26378404406436 0.32195743531112 0.261583295915779 0.268592805289033 0.225631498187185 0.244370574691916 0.274087786585085 0.388991234070041 0.187749735652574 0.187470206460128 0.326317948767063 0.323067054693602 0.186275615802514 0.255114506379749 0.331703089145079 0.436812329470468 0.364169233833868 0.306431334373295 0.422367788939061 0.315076790296448 0.28852783181172 0.299819729969149 0.371753222120826 0.352800119590555 0.376121628406267 0.251853439711891 0.37514243557806 0.453163264914555 0.255645454493482 0.228532475829335 0.270031388058426 0.258068564945156 0.274523107989188 0.28266877875753 0.232791548030564 0.34483904577057 0.453627021764246 0.412894656263027 0.450598615212404 0.439109083143726 0.361907260773662 0.4715608249823 0.409092453281876 0.326859451515266 0.378099585889959 0.426986762600791 0.355234156154386 0.349952684113303 0.296929358799918 0.421699718129203 0.328200750443412 0.472597903817717 0.264621723296261 0.390884390348249 0.304999947042392 0.489062963254709 0.498616853306343 0.417328290720466 0.500564338011738 0.498339653306694 0.47263584268703 0.464495050741363 0.468555335708316 0.447537116190283 0.466292578432481 0.348284807755325 0.345102473450429 0.277664607533225 0.395973499987405 0.373870085222081 0.455242073361641 0.398954414663136 0.412277962843946 0.463432318400957 0.511389841387994 0.340589359020053
"mahabharata_04-virataparvan" 0.427501178779045 0.373103618576591 0.439080699416978 0.371474190446165 0.358960036192482 0.43041451709861 0.393960472656678 0.408514073750735 0.397916308017623 0.391479279153335 0.426156001717889 0.34050562985723 0.378760854382409 0.387139426775372 0.386026482737464 0.453255968089404 0.368869308056574 0.427420396586815 0.386279880729724 0.320921192250082 0.461345370015532 0.381979008701248 0.405846241867535 0.426218929322996 0.415073686108915 0.45575716574774 0.30239579730395 0.341242953399158 0.400772822336708 0.36146098062647 0.265841021651778 0.392459446240547 0.569177246778824 0.389475460944913 0.492174769343398 0.445149688846651 0.4810223668658 0.463850302776378 0.567799244011184 0.407501046982094 0.420578016569251 0.428876321948598 0.399725222282548 0.423981125882182 0.222167793206182 0.359384103197142 0.228239687749896 0.21074006553286 0 0.207333306725382 0.26074055168588 0.368152229879805 0.249668939690459 0.255180606875925 0.252720214137229 0.27144389403065 0.292118095894539 0.434180326592791 0.268061014128612 0.276638367659664 0.383826684451978 0.371748891389202 0.254744674006167 0.30066496011153 0.357229192558703 0.454971056040505 0.396911229005522 0.370688940061418 0.455707037272796 0.37173709611247 0.356388100076536 0.35223595807429 0.419991993676059 0.406711317732922 0.421636961668736 0.329413416536765 0.435736579497206 0.483773110395126 0.322084554295823 0.294164351745119 0.323947268992721 0.314410501675924 0.32454559502551 0.320277050360843 0.306780310306913 0.402096506874655 0.489253902912498 0.444892119634074 0.494573163840251 0.480833543046088 0.412913882767562 0.509939396164267 0.451002756246695 0.385053176088588 0.423502031652715 0.472812212619126 0.404548964123388 0.400507805764202 0.366595949010209 0.459341803366568 0.389564051978494 0.496682249051596 0.329991578269293 0.442841839645426 0.368845113771715 0.518550486556094 0.520441888151178 0.453607453724111 0.527968613298237 0.52305753081787 0.494780144310843 0.497203674101344 0.495339138848554 0.477307897025048 0.500246290435951 0.411003848016622 0.401012549779767 0.342314539458308 0.440724870301994 0.424256863002442 0.490208106286072 0.439060307657148 0.451176578160254 0.49232173178065 0.539005139489233 0.396922573895433
"mahabharata_05-udyogaparvan" 0.409182073673233 0.344248476209552 0.41701967656398 0.346124808963596 0.330122346103841 0.40842132071775 0.363170543849779 0.380424597735452 0.377270748217992 0.36981117090188 0.410425323788207 0.318332015141061 0.345042387558788 0.35813244639218 0.356569508710329 0.428869947796486 0.343877674841826 0.41280888649953 0.363284833399471 0.286734141796123 0.436311833809198 0.350142034141327 0.389993309060368 0.405369514707475 0.386508138681551 0.430493735923862 0.278934296966816 0.327243422332757 0.377392982167319 0.362951105927156 0.244500257161127 0.370636801240183 0.552362313375156 0.363696927301529 0.474542725234943 0.426507611331602 0.462818281964227 0.448971726000831 0.557301100612958 0.388349953238308 0.394674170948661 0.399935573917266 0.374886530222089 0.406570900380863 0.187865549491761 0.344764937498505 0.178991341178582 0.170509416863668 0.207333306725382 0 0.256324478951896 0.345716972477858 0.25954631994444 0.261617058561366 0.234025780664868 0.250372337903862 0.264523932449382 0.399400975209163 0.197647389994408 0.219112429173654 0.341519244340509 0.335728302468061 0.208187410863073 0.255060740676555 0.342366244340415 0.448331251328994 0.37482437188356 0.341691896255718 0.449529885518728 0.343399732123846 0.326939508786445 0.336566840441018 0.396437778182163 0.376152006816614 0.406903978170152 0.299271547831367 0.409160362673721 0.464876132219756 0.304155262984905 0.267641826868483 0.325067917428164 0.303451522048192 0.325828747667181 0.327323390282196 0.285479900225524 0.375047137977913 0.467020845024456 0.427286356310501 0.476073434381459 0.45986676088288 0.391030937483153 0.494460846905597 0.436189779881642 0.355008792436403 0.398980225968514 0.442741271508792 0.383134290928797 0.377434522405397 0.336184661771978 0.439150820196888 0.364082824464181 0.482409756312462 0.310345409998154 0.41879039733689 0.343922612007191 0.500314500445582 0.504309403434831 0.438871451461416 0.526965394133802 0.508418067349474 0.488223544878846 0.477699345492105 0.483475491409362 0.469644498852399 0.482854953930684 0.38455934168716 0.380893840061179 0.294539636538087 0.425658851164398 0.396895682408028 0.480442594572541 0.412732803109411 0.431418927103638 0.479870354385616 0.521414093958021 0.367029802306567
"mahabharata_06-bhismaparvan" 0.435210787046035 0.392762884681183 0.449714538630339 0.389929715658929 0.379189944919212 0.444223291767154 0.403833599959787 0.427876590551331 0.405817692590469 0.413223381426369 0.450722282659699 0.359104151792676 0.398181278869361 0.401818237038928 0.407153231742585 0.463985282372308 0.380750776446072 0.421647306280887 0.385419364063597 0.350450568625899 0.46970231083859 0.406657462604387 0.41994284964912 0.437145795265519 0.445455003230475 0.471220508647134 0.322064430442445 0.351587522915599 0.382622500126121 0.317938655799736 0.299092564451037 0.412105969603289 0.577704027805162 0.408824398189039 0.504437585075699 0.458859240573986 0.481736008496429 0.47277168640413 0.572264546286844 0.427193201670835 0.424382366059622 0.44031912461395 0.40087281239715 0.435937718038197 0.281739934037854 0.347455579140092 0.272264073097171 0.26378404406436 0.26074055168588 0.256324478951896 0 0.385874945638614 0.164737452330995 0.175968078785873 0.191715770943718 0.277793492504397 0.319162742089574 0.45144212422821 0.314223764303049 0.32073353393141 0.400626769327991 0.403738677522329 0.300438210571822 0.334280861165679 0.36632002907952 0.486071408647248 0.409364956626444 0.400676729604288 0.451157664127961 0.404754250110265 0.385414574341834 0.365752460217958 0.426035138021592 0.439221100076422 0.442829219771676 0.360201938697709 0.445835247966027 0.493433406611063 0.353855852047259 0.341048411174489 0.352012637511855 0.340209614314855 0.35579466125195 0.30632765811561 0.330681944260887 0.410753021015273 0.495750081935216 0.447312510364856 0.494101824842264 0.501335683868076 0.427747169336714 0.509423097739384 0.458112541359827 0.398991738395607 0.427138157088895 0.475047397029898 0.404213937696038 0.423442133697267 0.386553041601631 0.46396237669376 0.406891440903161 0.500513787418139 0.332910546781835 0.459798185095537 0.377945610594029 0.525709306051718 0.535287479006386 0.466915639647139 0.513197421110531 0.536452453876137 0.510378857000597 0.517782978843042 0.50938665645558 0.480963767909146 0.5110501351301 0.429347489677401 0.406478813733472 0.37363181231736 0.456799740097453 0.434839482830707 0.503719162875918 0.454539207554817 0.458509790156218 0.500269287452147 0.544803273714353 0.409864271496698
"mahabharata_07-appendix-08_sodasarajika" 0.45430071741426 0.411220790548025 0.463294856226843 0.407628984847415 0.382611849959705 0.46138928140873 0.417329768180298 0.428018670946426 0.421823376537704 0.414931407278053 0.470071272488403 0.384487513296829 0.418558563462601 0.406578301135317 0.413777276759072 0.458336785279991 0.407380111667386 0.453712512747902 0.415446350191975 0.351714635565909 0.479632656817378 0.414241503189609 0.438194704423701 0.461584025413498 0.450287587601246 0.48404236650037 0.359733209579538 0.403620396436007 0.418304926332526 0.398547809055115 0.35079216201144 0.424541368824076 0.582440274963077 0.414992787231617 0.507992187098019 0.465295557515392 0.482185704300364 0.46583084228272 0.572515327647222 0.445159742695858 0.433693680030177 0.450075048637506 0.415346903945426 0.449928128111972 0.332856073512565 0.388872715411042 0.348733753460637 0.32195743531112 0.368152229879805 0.345716972477858 0.385874945638614 0 0.380088835752883 0.378558041722161 0.362741362643691 0.361157299235595 0.395037637298639 0.44247546444375 0.325062753778613 0.322738463388289 0.405361138823586 0.398419495903732 0.337009551369615 0.376044702009014 0.423829002563993 0.505753520983274 0.445466770714099 0.413796847440427 0.485581102708259 0.409703801206476 0.400393565271826 0.396036265084763 0.439392313886342 0.439707801859616 0.449138369704828 0.380557090420663 0.449198965055238 0.505075229311999 0.367018887666762 0.373464439582202 0.402441115781119 0.380771314536714 0.402763884266016 0.400883791527054 0.36503254278611 0.428937421971897 0.503443134401491 0.469391507647393 0.498150238066687 0.49421289758218 0.441073063848146 0.515132078247504 0.463296056076933 0.415797645285967 0.444463212118324 0.483205148076926 0.429850051641826 0.436968322371288 0.386526225739205 0.489128435656652 0.411881643139855 0.51221404350488 0.370348315111822 0.456278361225097 0.408695243539753 0.510363289316728 0.536096222913112 0.475232305595098 0.526997698303052 0.537361901646377 0.509206423592699 0.499254069471193 0.510541741097598 0.485509883678347 0.511700753283326 0.434133430791476 0.414812049395508 0.385556483377738 0.452404203727093 0.431640856622725 0.507189355128274 0.453072418194566 0.468153311588639 0.527235414600888 0.552717047080757 0.418134665961452
"mahabharata_07-dronaparvan" 0.425658230963487 0.386178091073931 0.443925478213467 0.380320403849771 0.370702329450962 0.438436025230361 0.404577851518223 0.420756343477935 0.401967648419379 0.404307651804496 0.44144416564001 0.347550785949251 0.394027330399434 0.397625894918019 0.403648550048298 0.467631328210528 0.377851833081164 0.419382642456957 0.384423658128946 0.345232736964167 0.472380496483638 0.406587445245823 0.417425409143602 0.428716849916421 0.439541509605033 0.47040625625844 0.318392001200445 0.341220667984011 0.398975018868334 0.327375018448805 0.287295600728837 0.403253472929469 0.58008104443179 0.411709476244186 0.509672263320753 0.456045212457615 0.486700674232701 0.475747245950712 0.57882237830023 0.422166692456513 0.425397827568997 0.439664723645594 0.403220726462352 0.434850161407773 0.27848555487015 0.355000911905765 0.275839503623105 0.261583295915779 0.249668939690459 0.25954631994444 0.164737452330995 0.380088835752883 0 0.132968361659443 0.19306294988522 0.254950003942863 0.313409504872614 0.452781501772047 0.319719802005193 0.329843798699879 0.405722768032846 0.405849527453377 0.30388662956024 0.343371386711263 0.358841686560232 0.484441626029668 0.410124267339066 0.398546192347721 0.450279090905671 0.404492090180958 0.383515269729532 0.364622299266853 0.420839644519656 0.437312485357549 0.437907259183028 0.353160683797039 0.44149846728739 0.491861068655505 0.35004600627375 0.335392962177885 0.342547683971908 0.332136703591731 0.343860744333798 0.29241998965853 0.321538916528506 0.40847253240125 0.494477446162119 0.447641723293527 0.489916683317295 0.499120969984717 0.42721028720642 0.511396746996031 0.457993978722009 0.399673231061455 0.424598162512085 0.473329253971255 0.399243907411865 0.415845713962152 0.390227816295404 0.46667255685164 0.411293360511643 0.5056600035958 0.332852730944638 0.460644733077867 0.372324895148204 0.527453842340714 0.535884598149887 0.468104515155397 0.516654165539647 0.542680178631834 0.512496168958494 0.517170888141309 0.511324435414186 0.483796897744848 0.50544780950322 0.426945791800696 0.409967847299618 0.369265253460801 0.451929175810646 0.441298078179797 0.506235757674741 0.456761954294819 0.454650176808656 0.502929870012189 0.548473398201085 0.411328900821028
"mahabharata_08-karnaparvan" 0.42532437136637 0.392320862285562 0.450734874821883 0.387936910776422 0.374808886898297 0.442447511142756 0.405900195347885 0.423446792674356 0.403557634426233 0.408329259999814 0.447381154548048 0.353006263023033 0.400678829463828 0.401080924528007 0.402212491462482 0.468967469142008 0.378921291680623 0.423189141461721 0.387501526270115 0.349223423725324 0.470087415372039 0.40642559764287 0.417471631431431 0.428969371789919 0.439175321215617 0.471249455597499 0.319794467035963 0.347629462087085 0.399874378102325 0.332200992316636 0.297572236802871 0.405607910537831 0.573236095319964 0.411237623832023 0.50691908563195 0.454853255844232 0.484801145420356 0.476681202082155 0.578234320849012 0.423885652716067 0.426363583807448 0.442009117244879 0.40211787638736 0.434520507487705 0.284810089015943 0.357827769295615 0.277240094491534 0.268592805289033 0.255180606875925 0.261617058561366 0.175968078785873 0.378558041722161 0.132968361659443 0 0.196322718708036 0.261991310683539 0.314114657068672 0.45447735078496 0.320356506792146 0.332924754069686 0.408064493313693 0.406946940087303 0.306599031384832 0.343417930241364 0.364743157559316 0.486943258308916 0.409036520826151 0.398074790693747 0.449172529661949 0.404482635131764 0.384169649556918 0.364185642693464 0.421412000524181 0.439925363602925 0.437157724218055 0.356364898242688 0.443145278409604 0.494227794654979 0.358614486633789 0.34197963722328 0.351196869988511 0.34073195277753 0.352393277745886 0.305191222464305 0.331025201703118 0.411324298595404 0.497697810111344 0.446391665953522 0.493002130035099 0.498782732100189 0.426001570626144 0.514172185364635 0.456735358986417 0.40076009929905 0.42730362649145 0.47289243027057 0.401486670349794 0.418575477697866 0.385271044013681 0.468570457198024 0.414180506816855 0.508169335034446 0.337120970355622 0.460967267048978 0.372818369463902 0.527515235694295 0.537873917253886 0.464404026554234 0.513120904764192 0.541727170014312 0.510072095182733 0.52012092864001 0.511292677173151 0.481704961044259 0.50693038320103 0.425871415603827 0.410213994790384 0.373107062636079 0.4505370168039 0.440234790039821 0.505759412804866 0.456061956954228 0.457123969898087 0.500569822207265 0.544671248392822 0.410228065692504
"mahabharata_09-salyaparvan" 0.424004872165798 0.381636781693966 0.444254099183856 0.37766337748085 0.363461289210016 0.437364077648182 0.392848634937177 0.416440270431935 0.394855140020187 0.392471038205401 0.43776739337534 0.340816439749773 0.396001364282608 0.396020975806762 0.38390769092092 0.450973156659293 0.353996851192776 0.414696396817962 0.369031983309493 0.316466965018083 0.461764960921013 0.38336693058235 0.406970308877939 0.428953175512144 0.431953379073555 0.459477579283677 0.295285600914193 0.32926612194334 0.385980491971036 0.323458547908761 0.271333969848917 0.387196339637116 0.569519982721208 0.382920452875286 0.489415028756015 0.436743709629765 0.47149973354527 0.459667796348514 0.566939152557585 0.39881832754615 0.411544805829783 0.430465389580727 0.383385135780164 0.423497269373678 0.243830399787049 0.328687140376692 0.240991238124596 0.225631498187185 0.252720214137229 0.234025780664868 0.191715770943718 0.362741362643691 0.19306294988522 0.196322718708036 0 0.251334419088609 0.303730167059287 0.438102486255761 0.292623921609806 0.291131268768596 0.393416280062604 0.380851427917405 0.271765767845359 0.293827580155347 0.336021628540388 0.457491916101066 0.381096736923748 0.376460708442743 0.438669617943952 0.379214762178434 0.360792964010785 0.351308214803202 0.413411521994208 0.419354253395457 0.416322781501718 0.331561964901718 0.431484632481563 0.492930664909613 0.315170708086879 0.31824244864025 0.33410030538834 0.318824571039534 0.340472179029057 0.2987853819323 0.296233918168939 0.395993677374119 0.48916888699878 0.448261761196485 0.487833627249783 0.477170663273157 0.406805499047847 0.506371570154798 0.445194993666041 0.38648358079356 0.42000602928153 0.467792045376139 0.388187844111791 0.40892487977898 0.358598422743643 0.460183460202999 0.386358032622417 0.502036564629631 0.313268699113079 0.43447281279697 0.350307324970623 0.518732242916601 0.531292489344174 0.459235576302791 0.511063682515408 0.526944468935103 0.49700740769441 0.507980205987047 0.493994062569885 0.478001075552622 0.492882014993458 0.40660623405758 0.390977803920657 0.35405029010155 0.444935407472376 0.422839617354585 0.494033275280203 0.439828996150829 0.443537981516105 0.495374168702383 0.536381333545789 0.395190709250292
"mahabharata_10-sauptikaparvan" 0.418747590792275 0.372392438370016 0.43357157938274 0.369345056744366 0.357099131454857 0.42878704369351 0.390593579662784 0.405257005582203 0.399110272124181 0.396661236469944 0.427295373967675 0.344747235484306 0.386049334831672 0.391675500047702 0.384185331415046 0.448260534926125 0.365550873958053 0.418808418302331 0.373954891962454 0.326147146333846 0.454284837093999 0.384780485232546 0.40767618955985 0.425471649525978 0.418736903458112 0.453989432081284 0.308537855166051 0.346279574821402 0.398434133510743 0.355238812033723 0.279063953169322 0.388615034917789 0.569093595642996 0.39795937158527 0.494094002208862 0.444197926458555 0.469136648830049 0.459273363930425 0.567259019634331 0.41245815188917 0.409831499856954 0.418274747700021 0.388277787369019 0.418612372523894 0.252694231475156 0.35816969692327 0.268167126831925 0.244370574691916 0.27144389403065 0.250372337903862 0.277793492504397 0.361157299235595 0.254950003942863 0.261991310683539 0.251334419088609 0 0.294545920575125 0.421380464264574 0.282576448281614 0.293063779417548 0.371655440967598 0.374998322278573 0.274864852694671 0.327013606577494 0.354827134773155 0.465476788087745 0.399640519277802 0.373626221103479 0.448092318255624 0.384923576616351 0.361817559674694 0.357018061646237 0.415001669794365 0.410948321517966 0.430948557351465 0.335202301704527 0.421959989224013 0.479082973561169 0.330099667704047 0.316582035836984 0.337168505762123 0.320998566284949 0.337148262847556 0.326878272947587 0.312779343366865 0.393393160305863 0.481237595270664 0.438848108535214 0.481412478694096 0.477511117102623 0.408404198455547 0.499762937751483 0.448202161302677 0.3814003955253 0.412676340298989 0.458655780919056 0.400275934467467 0.400535058853103 0.36941092051344 0.45283007083231 0.386879687150049 0.492628779386684 0.323824611654866 0.439174309338599 0.363707987059916 0.507756164527934 0.515310882510269 0.453606325269909 0.525685588983974 0.520763788792342 0.494864818903 0.492411127897455 0.501804575948079 0.476893177663731 0.492151107710339 0.410294259629126 0.395252417724226 0.340761149357925 0.436312944706058 0.419118494504119 0.497809197840715 0.437891235629369 0.448172761974661 0.497901365646079 0.541864577043828 0.396692325414006
"mahabharata_11-striparvan" 0.440724836348976 0.389594013855285 0.445243884990111 0.39069034434567 0.372800844895994 0.436801510242939 0.407569044610365 0.426002669473641 0.417849056001093 0.413166142081628 0.437998650118488 0.361504726667936 0.396760228122934 0.400030626338934 0.402932216473116 0.472723331347243 0.397680669759395 0.440797320705745 0.404729391685883 0.358505942092146 0.476001433019041 0.400870030611843 0.428414709625701 0.440319970171515 0.428112709079758 0.471093652844641 0.340874716246593 0.38348698647974 0.405517560632972 0.388707751600564 0.309809988075599 0.41961068141306 0.569120707270205 0.42809440161432 0.520223167628355 0.465406702086218 0.501321116257071 0.488312528993182 0.586161143030682 0.445596838038338 0.435549050660534 0.445855527908541 0.421843924209361 0.439872100553361 0.288261557215685 0.394772381719193 0.291276464818432 0.274087786585085 0.292118095894539 0.264523932449382 0.319162742089574 0.395037637298639 0.313409504872614 0.314114657068672 0.303730167059287 0.294545920575125 0 0.441573728175361 0.303256754852115 0.318837610138445 0.38563014752033 0.388187166742111 0.299734659022506 0.321977815379121 0.37844890613505 0.471268421684431 0.402959120380554 0.398419886568031 0.473630579621585 0.401039079134092 0.387328444127428 0.381623853908963 0.42946295905488 0.419884762679328 0.448936415326869 0.363925452125166 0.448243748945844 0.500214448226205 0.371947690871149 0.330830229427006 0.358787402630501 0.348707492037481 0.354580415999667 0.359958588153589 0.35530959255964 0.419836864710003 0.497938217808173 0.449628261668616 0.50467162730572 0.486302614716072 0.440153335319571 0.521927841897618 0.479674374476056 0.405116885548466 0.437579305178718 0.4834539785397 0.432716372923568 0.420559589490273 0.389144229650798 0.471318814575768 0.423175518608932 0.50417862277431 0.369229328919315 0.466505523905805 0.398520283426543 0.521313166475213 0.529696393018497 0.479918697861151 0.527635959056084 0.538326215530846 0.516279161383618 0.509456918641161 0.515982371356493 0.481576623733062 0.512750848629937 0.426293262578416 0.417696432797747 0.35910734481342 0.45118582611144 0.444267078475567 0.510858285411123 0.454936006534738 0.465546826164237 0.506702265661186 0.549167279744172 0.418385622520273
"mahabharata_12-appendix-29_moksadharma" 0.476717166248044 0.445079691934715 0.462851335238103 0.408314549734425 0.412505950518243 0.447618679083813 0.439552920882705 0.452811213760204 0.467783556606768 0.476613258293192 0.45827307886642 0.436311753628097 0.406982142358018 0.425313642508795 0.443354562931667 0.487780009373362 0.447661347614408 0.480452464352359 0.451200853814298 0.388360029411478 0.469576285169953 0.445033964761226 0.462922502177466 0.478390113549685 0.453786490494566 0.477513047924212 0.411439838523365 0.433762795009139 0.446804023607057 0.466876161021098 0.41153567107348 0.451485907493149 0.571492382411784 0.456370626028193 0.51768720646542 0.477729321108414 0.481226353605821 0.463028487958015 0.571138294059791 0.476939361738504 0.453962657322697 0.440731021948632 0.440346860383469 0.459261412467394 0.395929010626225 0.464350127724154 0.420890523101017 0.388991234070041 0.434180326592791 0.399400975209163 0.45144212422821 0.44247546444375 0.452781501772047 0.45447735078496 0.438102486255761 0.421380464264574 0.441573728175361 0 0.341112766737991 0.369691469238012 0.408236419718223 0.418809539639549 0.373846101414008 0.437747253066034 0.477222013133562 0.536848846349377 0.491079079015315 0.436126553996902 0.519562544356241 0.448849328976473 0.432410715883239 0.435407730364986 0.460796018050846 0.463814206766848 0.483505294035812 0.409507994149195 0.470114132819681 0.474971676051212 0.422547127825165 0.418950445976769 0.44540411393698 0.43652537653765 0.45308171162272 0.46131542265468 0.421095629478014 0.44600787321954 0.512437815899016 0.465021100463277 0.515415040030602 0.505759761658307 0.463837259711787 0.513178283252067 0.491751367054586 0.435401093081894 0.444826913565721 0.473955620891289 0.465587400917473 0.441128756894027 0.42395098400853 0.469112632425105 0.448049304508395 0.468412795955933 0.421999965662195 0.47158268350869 0.445545684581386 0.528765175286012 0.515661772885741 0.49011533484728 0.556184179047254 0.546520197631472 0.544380214897605 0.510226354356294 0.550642191102683 0.495826832978104 0.531761400740214 0.451220107725448 0.446783743554662 0.38206201368575 0.476729527418628 0.457787754923194 0.519209568073593 0.474983141485048 0.492074029532534 0.526717901047333 0.550617644869581 0.441919592656747
"mahabharata_12-santiparvan" 0.386078594299912 0.327510578656206 0.383697830678672 0.303919733699948 0.295643002776487 0.381324516183043 0.327607094306963 0.33842475495815 0.352825318492234 0.359703675437517 0.390728000761072 0.306430498856261 0.296168709826276 0.322972515972063 0.32789018330854 0.4017214453049 0.325338142588616 0.397641870769481 0.342187811719998 0.242013722583221 0.403449072094471 0.321359528422315 0.365324066245098 0.381846567752598 0.354676300245998 0.403619802102594 0.2797091188905 0.324040259617518 0.345181919187111 0.366654947577161 0.254412386429223 0.34925227962178 0.53677669663651 0.360848808559116 0.461416923948889 0.418388379097781 0.43268082464845 0.410966424863289 0.546116491144936 0.386953377244911 0.365137892632677 0.353545007881908 0.336434698807418 0.378126117497851 0.210874351466246 0.353746034375235 0.237112585188256 0.187749735652574 0.268061014128612 0.197647389994408 0.314223764303049 0.325062753778613 0.319719802005193 0.320356506792146 0.292623921609806 0.282576448281614 0.303256754852115 0.341112766737991 0 0.158023870706024 0.274732126484884 0.286657856412176 0.185211064724294 0.289291653035625 0.369532708962332 0.458857602475175 0.390461939352718 0.310927737822386 0.441280964040354 0.328330636378648 0.301566665222378 0.305335226935785 0.363730875426749 0.348173018383645 0.384845737858128 0.276845893287648 0.38418163821009 0.428281627715638 0.3054293612364 0.270721258226755 0.324800836360386 0.304020692613346 0.330739920727802 0.338509767790792 0.288694919184583 0.338884744668989 0.436316573923892 0.391290552332848 0.452008804533482 0.437975093763501 0.372854504963144 0.461352612135863 0.415955633629214 0.321346648710359 0.359341619318661 0.40065740839334 0.361422021182441 0.341137913269214 0.299014474289988 0.396769817419563 0.33926625753986 0.434707999274165 0.29313978132247 0.390457142884605 0.33214666879417 0.472852010532849 0.46935383063205 0.414483435153879 0.517044300625721 0.491920244134736 0.477424050205992 0.451137472159331 0.480156837708521 0.445648658979383 0.465558676435842 0.355423848718066 0.348731397428514 0.243918912070425 0.403569374628765 0.362442665887272 0.450085161820466 0.379122337793182 0.423386054248956 0.469129816692716 0.504549314162173 0.339940815516364
"mahabharata_13-anusasanaparvan" 0.386206612943103 0.337005109236697 0.400146040150202 0.320725967507946 0.309218925241855 0.393842472877151 0.335211424487496 0.358615604136653 0.355097811057182 0.3591110039329 0.402510713153192 0.312807258691133 0.325683323196911 0.333057344593693 0.319593674402468 0.396479084581058 0.32573102602182 0.398129440320118 0.340183732284926 0.228477693475214 0.414457060757969 0.321216735739803 0.35724942266303 0.381374680656717 0.356345526903448 0.405929681619243 0.263737594499493 0.331537400189619 0.343732755315023 0.355486936267933 0.246827311276295 0.341785276731914 0.537211166082046 0.350862088131063 0.4541158442929 0.41390431587751 0.434733189413357 0.416466865887442 0.542626043796796 0.378987597372734 0.36661573242507 0.357282710526261 0.327966140260868 0.378430104964267 0.20932177716993 0.33760469312838 0.24181569775036 0.187470206460128 0.276638367659664 0.219112429173654 0.32073353393141 0.322738463388289 0.329843798699879 0.332924754069686 0.291131268768596 0.293063779417548 0.318837610138445 0.369691469238012 0.158023870706024 0 0.291554572347184 0.270708338871371 0.213230282054807 0.285387010867145 0.368158664641434 0.458336896653963 0.381677278713456 0.313588113462779 0.436875723236747 0.330008065092823 0.301791528785618 0.300404754205962 0.365874815007633 0.347089382752033 0.371696310694766 0.278349354449472 0.378144432897501 0.447214503699556 0.296598678660737 0.279522636426925 0.329290007570318 0.311109769104285 0.338482598433246 0.345065763484791 0.286624455370265 0.339535891074638 0.437547770039421 0.40263131742137 0.452163001292167 0.42934660351263 0.37209728002256 0.463816255233554 0.414570302813316 0.320542166289459 0.376377688807858 0.40782374600345 0.356541444858573 0.347928338171981 0.284951805060207 0.411152158934392 0.321800255733623 0.457855267130103 0.285240820360448 0.383604133661501 0.322900464793389 0.474731393067683 0.485129509442918 0.412045216605618 0.509065994718173 0.488575312145182 0.46808255162651 0.438646079133824 0.47364385616981 0.451612142419392 0.45314868551255 0.342552718399806 0.336443016495594 0.254624848738647 0.403047487607987 0.364292709267419 0.444979065820971 0.379706957440142 0.426499875254637 0.4693783141984 0.506929611415788 0.33871496171097
"mahabharata_13-appendix-15_umamahesvara" 0.408958707222472 0.41270435461276 0.445412448593869 0.385321899636687 0.383436993211786 0.434225960147137 0.406950818937499 0.407687565329228 0.425570127774292 0.437206234814808 0.418960105030512 0.393718071563353 0.369758953945182 0.398277190689059 0.373715041405001 0.445509720433897 0.396590248969804 0.411983937124372 0.388167145785143 0.309639528809051 0.421996544612062 0.3705813273958 0.379049491320445 0.413215319266033 0.372401835553209 0.428957489952031 0.345962911582471 0.397917074599953 0.397771198886538 0.420549226186654 0.35208329360485 0.377024555374709 0.540312804299102 0.435447984632252 0.49828456700643 0.466968844535505 0.474141341619872 0.447456663394682 0.578566541539915 0.45496609344337 0.405660950582073 0.37839308573157 0.369734715759067 0.400943011202587 0.344382371074329 0.42763158889112 0.369348268774748 0.326317948767063 0.383826684451978 0.341519244340509 0.400626769327991 0.405361138823586 0.405722768032846 0.408064493313693 0.393416280062604 0.371655440967598 0.38563014752033 0.408236419718223 0.274732126484884 0.291554572347184 0 0.327578776180266 0.326520943662788 0.390763564782122 0.440899672504012 0.516982485587168 0.448960911944656 0.380077331071684 0.474283735497238 0.411119866825384 0.378460088190321 0.35678907524204 0.380880344592439 0.376656672442493 0.417673595857562 0.355807754626667 0.410326430865536 0.457057338848727 0.39218585099717 0.357903842005018 0.39194470230109 0.378008871674388 0.393456969752956 0.412379479422048 0.371491972274916 0.377988565551149 0.43925664515012 0.397964616829928 0.470007412830845 0.442215333903833 0.408228208082547 0.466891446941348 0.456208470675184 0.358531703274521 0.386182180727573 0.397334064946317 0.406184838349554 0.37600840541453 0.349707863811222 0.409047058645604 0.393526014475581 0.444928440270578 0.35550261767159 0.421834959938052 0.384534715589439 0.499846477500132 0.492339912292461 0.46289169450397 0.524499035042943 0.52237557445327 0.511275669796069 0.466708349332155 0.530072054316555 0.470878129719476 0.480777576240128 0.388948929992816 0.39693075675386 0.299327784733103 0.446530627283873 0.424219070974084 0.491678057580137 0.413994684817647 0.472691587670242 0.51702133480621 0.53840625167986 0.408380090146474
"mahabharata_14-appendix-04_vaisnavadharma" 0.393151639861824 0.413706197754025 0.44691784730869 0.389045560195078 0.38209866093697 0.441050297683897 0.408892971533353 0.4129173702052 0.419973482285304 0.432988267639496 0.432694959364459 0.390633993666096 0.381298744022702 0.386127918196982 0.358643047745731 0.440041231209717 0.399761866535995 0.438097690482013 0.398908642109197 0.302764461974601 0.441750843587689 0.384721458572977 0.384669026427307 0.403057794292814 0.352093207533289 0.42914492665857 0.358715819193185 0.402228674126125 0.409288604660398 0.424844394499267 0.352365662547678 0.377208263419813 0.536006696581605 0.424024914981395 0.490628750203266 0.455780508851539 0.468388366167915 0.450195448740073 0.573434724705765 0.44814455471338 0.422492216652845 0.381603634706669 0.373097573688662 0.400636576326928 0.338664090287003 0.417013269738913 0.352918151855541 0.323067054693602 0.371748891389202 0.335728302468061 0.403738677522329 0.398419495903732 0.405849527453377 0.406946940087303 0.380851427917405 0.374998322278573 0.388187166742111 0.418809539639549 0.286657856412176 0.270708338871371 0.327578776180266 0 0.322413173329259 0.383441611763059 0.43167641765014 0.505054065502658 0.444913611019976 0.377782704722792 0.479999951030181 0.405900760998944 0.374756538588096 0.349561269758044 0.385614165582847 0.383174740292985 0.400287072641244 0.347191169328358 0.417945202565241 0.478495101630706 0.392044865920792 0.381977090679545 0.413410825834589 0.395864879020844 0.414918479761358 0.421801063122378 0.382641932726512 0.379902950620995 0.438872727829781 0.40894271880761 0.495395309368561 0.450112475539531 0.429044923541705 0.49202966801799 0.468094558404412 0.375603393865084 0.403980107274864 0.420501798616828 0.408905906815334 0.384502982154448 0.331665874559307 0.43282581000035 0.394340777820419 0.481748371109346 0.365820313828575 0.420157985735125 0.38931672065549 0.500220477041701 0.488585421050537 0.456172977385986 0.530891618393173 0.515986129005187 0.504216450755873 0.456146221670978 0.51428535193601 0.484474270368942 0.474226417589905 0.381536866366098 0.386995067981595 0.306228487263338 0.443143961660116 0.430250863843805 0.470854580013837 0.397644521797911 0.46856535623087 0.50566029247518 0.531969046414942 0.396381714586599
"mahabharata_14-asvamedhikaparvan" 0.410923345614931 0.348230686048764 0.409057496488899 0.337179060847709 0.32301831232307 0.406503809921837 0.359514660980146 0.370719040722417 0.375249617489805 0.376343191218137 0.412007285220022 0.325763903771114 0.337974644743697 0.355986458386874 0.34927477721446 0.41700387982368 0.340462996812431 0.416865693389968 0.362959724023371 0.263443555676058 0.421756924286481 0.340578465695026 0.388978054972039 0.408884425535019 0.384033719429995 0.422125661635594 0.280770796235502 0.317957927051022 0.361206588119454 0.367868633652602 0.254542148434111 0.363108425542733 0.550316540852565 0.356163892448067 0.462461695266557 0.429257506626811 0.44127769578943 0.420930471968138 0.546965938493011 0.386105233474423 0.378600666392391 0.383248370511033 0.353797908944599 0.393285767254391 0.201307570198509 0.3511829440795 0.236080969942257 0.186275615802514 0.254744674006167 0.208187410863073 0.300438210571822 0.337009551369615 0.30388662956024 0.306599031384832 0.271765767845359 0.274864852694671 0.299734659022506 0.373846101414008 0.185211064724294 0.213230282054807 0.326520943662788 0.322413173329259 0 0.27035963727189 0.346548684722118 0.449533268868043 0.385342424291787 0.33571395290218 0.446947759859022 0.334171286940895 0.321746784889599 0.337349291796406 0.391216041728144 0.372020933735303 0.399759220286929 0.288530701668751 0.400927525093234 0.454686107305768 0.30431004775445 0.279883040955075 0.330150362807067 0.307439293701203 0.335522159220096 0.332749557635802 0.284023093770512 0.36422493205466 0.464783044604169 0.419251144551657 0.466492568158617 0.448554099271155 0.380268753135161 0.479722626054367 0.425334259740315 0.342911616547881 0.386275921481886 0.426056824850489 0.373017760300925 0.375961718512666 0.321867011308575 0.422430531651118 0.350980241266599 0.450095228264184 0.303103974876818 0.402855285173379 0.343014652130903 0.485900158839806 0.482075482270811 0.427862150187585 0.526826375018245 0.501964867994975 0.48596515079136 0.468814570345467 0.482509238147161 0.458874243293222 0.477507505184549 0.374949320707208 0.371997819521191 0.285790956636773 0.407064102432179 0.378134052126377 0.463106979738007 0.400802620576009 0.43430365224491 0.479534851523631 0.511828155376529 0.361155274615343
"mahabharata_15-asramavasikaparvan" 0.4639491278165 0.393411175810022 0.457475157749861 0.402040622448008 0.3837886484148 0.454048487398375 0.411474379627732 0.426971222114158 0.42321914981673 0.410985171781048 0.453567719781158 0.373927705036411 0.404579601841707 0.409297880679055 0.408565674529868 0.461628405829306 0.38982445570481 0.454194376184496 0.410154179287417 0.339578890771829 0.472436573265675 0.393776178551371 0.435954315321135 0.461503442589616 0.445826931461218 0.476030814961427 0.334513095332132 0.371734112324092 0.418852268907796 0.403990087275992 0.31295841509527 0.416832900520786 0.574970421114782 0.398415163152423 0.498585035989044 0.455603958062004 0.48500791841692 0.472439995905194 0.572333192790161 0.418921722428084 0.43487372865202 0.452318615921356 0.415035688639345 0.447664009127149 0.255170412569163 0.38463174851152 0.248410801074207 0.255114506379749 0.30066496011153 0.255060740676555 0.334280861165679 0.376044702009014 0.343371386711263 0.343417930241364 0.293827580155347 0.327013606577494 0.321977815379121 0.437747253066034 0.289291653035625 0.285387010867145 0.390763564782122 0.383441611763059 0.27035963727189 0 0.372103781403965 0.447676380745892 0.371343540485704 0.382815561060995 0.472595893800262 0.37825984788747 0.369332892498655 0.389840644401318 0.444857203512882 0.428879504117368 0.437347257971123 0.354342179202249 0.456786925972639 0.508651283687586 0.335106223639107 0.320625125627111 0.382198111387614 0.363778002656177 0.378408883719095 0.385439805853922 0.338563391437743 0.422841969503009 0.509252273049179 0.472640995231745 0.514345342916242 0.486181097792703 0.430577876517254 0.525502637934354 0.465764271897341 0.408954379297812 0.447751258277568 0.486255247337651 0.431727914593989 0.431024337678959 0.379528333979448 0.47891488176218 0.403569639402145 0.515878971136284 0.36363485007819 0.45242000892064 0.396386610273657 0.526721991327213 0.537622623937916 0.47595962104403 0.545410439971534 0.538125035901971 0.514456431060116 0.506310400177151 0.496992705929211 0.497800614937075 0.511292940178304 0.428791456818129 0.420403962850835 0.363058060748726 0.460948601914088 0.432476427703861 0.506615923117034 0.442878234811303 0.463416846030711 0.515159871105147 0.538067365435768 0.41077300062307
"mahabharata_16-mausalaparvan" 0.467490648280909 0.423069699265107 0.479480419425601 0.42684315676943 0.416942321872221 0.476734971513357 0.445033810622872 0.455664911929094 0.448601620838816 0.43850799259037 0.468042409754817 0.387898239918294 0.441446886014849 0.433694587047674 0.441770380700449 0.494823521836293 0.424172195091332 0.466548821891197 0.431803046675203 0.380186024621358 0.493909105543889 0.436749525111247 0.462589116162805 0.470369973228017 0.472797375036295 0.492331643270496 0.353371483195774 0.386540629862937 0.448789153134331 0.412736593806295 0.331520426882474 0.439325327323106 0.590362019210023 0.440105368964207 0.523930379151439 0.477062068392757 0.507346317948192 0.491055488631561 0.591411320990625 0.452464086989133 0.455390487798843 0.469544913781441 0.436545588482449 0.472508969877083 0.329470088567526 0.38349186121597 0.347825726220983 0.331703089145079 0.357229192558703 0.342366244340415 0.36632002907952 0.423829002563993 0.358841686560232 0.364743157559316 0.336021628540388 0.354827134773155 0.37844890613505 0.477222013133562 0.369532708962332 0.368158664641434 0.440899672504012 0.43167641765014 0.346548684722118 0.372103781403965 0 0.484048241014582 0.442295532120311 0.43031724223881 0.494230246180603 0.429377519294881 0.418565180067708 0.420639897067896 0.462675512668062 0.460537728197972 0.46036529243787 0.39383813246737 0.471634785091604 0.511596860160675 0.386920156138982 0.376668258760036 0.399052798883127 0.383268386382499 0.404032724978083 0.392873171037107 0.373456137606307 0.447682503978435 0.523412044069432 0.484671346881762 0.522274026279048 0.507245150690618 0.454940298034681 0.542583501521849 0.483252532426941 0.443192859909684 0.466564539019835 0.501956094948538 0.448380815822905 0.449811922251305 0.420569998366668 0.499721220261053 0.435753682003708 0.532954935385217 0.387916884363109 0.481762730538529 0.407805522108267 0.542149159508091 0.554651528687897 0.487624260575144 0.554285510990828 0.549579239818144 0.535503897672343 0.531737833728605 0.527777097275498 0.51274048391211 0.529123673166428 0.462377446291622 0.452213929444065 0.408350386154898 0.46921668308451 0.467656072229598 0.528986441072405 0.487769351372847 0.480240606894434 0.519313740631025 0.56065241746833 0.445842902052946
"mahabharata_17-mahaprasthanikaparvan" 0.568126040527752 0.526921138462475 0.560653411539677 0.525904872242433 0.517421138510226 0.560664728668302 0.535433581540267 0.535909818941445 0.543319028865233 0.536026906801272 0.564594595074071 0.51495130899892 0.532584531863376 0.534911871686301 0.52705091318124 0.573294591349648 0.527425103333809 0.572002074497918 0.543759528775787 0.486963289410893 0.566920428983433 0.526009698775621 0.556444272774686 0.56708132772436 0.550738413546509 0.570114569710154 0.479286001525329 0.504527196418821 0.537227813949153 0.524033593978147 0.470971546717028 0.536024736874256 0.625970285742022 0.521322823499947 0.583667992528931 0.544718910955861 0.572695142175591 0.566637663533472 0.619486215529933 0.517307008986028 0.546770149370693 0.55343309744712 0.528778631734751 0.550626900692879 0.441291353589626 0.506737725218476 0.433634692192708 0.436812329470468 0.454971056040505 0.448331251328994 0.486071408647248 0.505753520983274 0.484441626029668 0.486943258308916 0.457491916101066 0.465476788087745 0.471268421684431 0.536848846349377 0.458857602475175 0.458336896653963 0.516982485587168 0.505054065502658 0.449533268868043 0.447676380745892 0.484048241014582 0 0.461890886928707 0.524607601428666 0.57239194912139 0.515439719785542 0.516406265987424 0.525792648809568 0.558654884552345 0.53752623663291 0.547275894945356 0.489577662466098 0.565463507246069 0.604651640919692 0.477282725253082 0.472344081484666 0.502357599006866 0.487165083889531 0.507938686349657 0.505307953404488 0.482612417538545 0.54015190603002 0.59557007282157 0.574776909285295 0.609987841432525 0.564819161113192 0.538740161950611 0.616266700715721 0.552759381859678 0.536433267060603 0.549033822526619 0.579034287958206 0.538828387376552 0.551381651511604 0.502277775673037 0.57097874662035 0.524884081644733 0.589825699409549 0.509844073732974 0.539819238179349 0.519473095601593 0.591509918263572 0.603284302248322 0.561012486958536 0.62417726155314 0.608348316888527 0.599165223235281 0.58121952550592 0.571748615998365 0.588403181825115 0.580490568674399 0.537134876476407 0.542789800611494 0.501686865819169 0.543344038239427 0.536993400401057 0.577678798094296 0.554260814333237 0.576201891892372 0.593096788736911 0.602719037711419 0.534580642491418
"mahabharata_18-svargarohanaparvan" 0.505637425903203 0.459711213873489 0.502439819688689 0.466668912477555 0.4527180635288 0.509953851833435 0.471126976755789 0.481073564670932 0.478221735152038 0.478231745540433 0.506119312168455 0.450194287795802 0.47084738892089 0.469329134764665 0.465859636677005 0.507205287484546 0.45636991849726 0.500834281389543 0.466791203264781 0.415928446571068 0.508855428904258 0.460892545703498 0.479649072368307 0.507960555195745 0.494881581901464 0.513841198124545 0.409730377768387 0.44444326409572 0.460627305683571 0.449804094165146 0.397683979818508 0.470937153961814 0.583851118941871 0.450981592080718 0.52937627301434 0.50660375752015 0.518565272750735 0.51728666288173 0.591650833366172 0.474579317886172 0.479488039473441 0.49899016367719 0.462067937207124 0.494909629367174 0.371937206517694 0.435132647050325 0.362373601833166 0.364169233833868 0.396911229005522 0.37482437188356 0.409364956626444 0.445466770714099 0.410124267339066 0.409036520826151 0.381096736923748 0.399640519277802 0.402959120380554 0.491079079015315 0.390461939352718 0.381677278713456 0.448960911944656 0.444913611019976 0.385342424291787 0.371343540485704 0.442295532120311 0.461890886928707 0 0.454216790000599 0.516681799199449 0.462730964791644 0.447195429010659 0.452402601921918 0.491083275478618 0.481240703733212 0.482133549322458 0.4257226350237 0.500146258116781 0.548808571546365 0.41937613941486 0.418305664558205 0.445817631474467 0.432727810623626 0.448534354456664 0.447131145021505 0.415759427540214 0.474815377366574 0.542782161674424 0.51487802706984 0.551568699212651 0.522668700250858 0.484390305008081 0.55652907445478 0.512174687672352 0.464436358097351 0.497994916418791 0.526497702452565 0.478482151469221 0.483629628263869 0.430743854332688 0.519385824625323 0.4564609154089 0.546070610940859 0.428490539654119 0.48750684575197 0.456960873924066 0.549350808404494 0.566756682597585 0.509949805172039 0.560147308151443 0.561275454518034 0.541034213527288 0.545648920311819 0.5355425592899 0.526653545403212 0.53271077475359 0.473601873671802 0.46828572715892 0.43636294171141 0.496796601240839 0.488020938843068 0.533882142277898 0.496356802560309 0.525168672675087 0.553595511207933 0.576478473406648 0.47956592536602
"markandeyapurana_adhyaya-1-80_u" 0.348135655573026 0.343751323126515 0.389421593118874 0.35636196927993 0.343254620278878 0.412883051098496 0.318618333709333 0.330979910325152 0.336155864968269 0.32232162926267 0.417832420131304 0.341960107581208 0.364631418434238 0.36534840004232 0.287418258256454 0.36822352958313 0.266908861001077 0.330570242783937 0.269929591573459 0.295044393892579 0.360424305755675 0.274968334903985 0.31003286041176 0.324592635435963 0.308613469852549 0.380184967156953 0.338882120134934 0.391419001094385 0.423753272909796 0.417577132601196 0.31679479379119 0.271478794694214 0.548354725059404 0.40596412019375 0.500121451816217 0.453982665587312 0.463870830110423 0.453664866498113 0.570197441276867 0.427219182869755 0.330305597875703 0.342260049789434 0.313675799678908 0.347202734568729 0.313953902996451 0.417195793067418 0.357768609166887 0.306431334373295 0.370688940061418 0.341691896255718 0.400676729604288 0.413796847440427 0.398546192347721 0.398074790693747 0.376460708442743 0.373626221103479 0.398419886568031 0.436126553996902 0.310927737822386 0.313588113462779 0.380077331071684 0.377782704722792 0.33571395290218 0.382815561060995 0.43031724223881 0.524607601428666 0.454216790000599 0 0.374003308105309 0.251245178433462 0.102404101777226 0.256439351364799 0.308100895726151 0.304412115414878 0.357454575733881 0.300967845006442 0.341256046171033 0.398455854571544 0.37211723447791 0.344291895887216 0.381123578434052 0.373900280459198 0.383449112296195 0.405400229714069 0.35550234917816 0.303788433116076 0.408590643632323 0.394798011545865 0.401754445601634 0.414858277970694 0.327467278008186 0.426100957560584 0.392594838505041 0.281991379949846 0.327732376733522 0.386907048133962 0.348720894021518 0.281833930686093 0.305845540519274 0.376044500631996 0.315954644156107 0.448510983070308 0.291445640073008 0.352094679171916 0.281824676647278 0.448825519144935 0.464767851098294 0.380163244984744 0.459396465790962 0.460717353794711 0.436428034846838 0.430838176403783 0.434584419307912 0.410322743592749 0.42094157942812 0.305022588866456 0.281551330846975 0.316459046804133 0.422089644561919 0.321256765252367 0.408175573012498 0.335771141724994 0.369471585616204 0.425775356018127 0.474753385762842 0.26844812818429
"markandeyapurana_adhyaya-81-93_devimahatmya_u" 0.445092417688222 0.452726664169591 0.480993651046357 0.460138603636487 0.458046692805798 0.496958457783394 0.420325204944629 0.437806352636612 0.418107242018786 0.443098551841835 0.493706767091304 0.442082326760671 0.465196201257938 0.465811165789543 0.403349638657584 0.454880713433127 0.387807168779911 0.378886560227053 0.365552325319884 0.420146125037506 0.438347656569141 0.386377004278981 0.393295592231353 0.429448595284969 0.43748584525365 0.456966356194636 0.41473067347359 0.447483256799831 0.482216346130989 0.434650286950328 0.405994642215989 0.376387631043384 0.578848762630548 0.488336551747462 0.551833840516192 0.514549427961771 0.52127508087597 0.527701640330082 0.603490090226663 0.49933182780385 0.41515983938333 0.447988994977918 0.410540091753726 0.427901894950041 0.435643154178223 0.458313239103549 0.451502349505581 0.422367788939061 0.455707037272796 0.449529885518728 0.451157664127961 0.485581102708259 0.450279090905671 0.449172529661949 0.438669617943952 0.448092318255624 0.473630579621585 0.519562544356241 0.441280964040354 0.436875723236747 0.474283735497238 0.479999951030181 0.446947759859022 0.472595893800262 0.494230246180603 0.57239194912139 0.516681799199449 0.374003308105309 0 0.395569018259451 0.334061037626339 0.377617358499886 0.413450205064328 0.427580924236904 0.452627658557478 0.421910977384977 0.449116126689223 0.48717343053018 0.462645438348133 0.459067179750144 0.454521074663691 0.460684230617948 0.455371637059682 0.448007264112003 0.442303077704614 0.401944124558034 0.489973951937636 0.497102001869239 0.481107382887492 0.495307328515776 0.401871205792643 0.501847690334468 0.457169163663951 0.385265218040433 0.427729343286581 0.477759912246708 0.416379845563272 0.405555789583837 0.420324060751959 0.463508440771001 0.409378402385994 0.519468215857334 0.372639192234725 0.452185729096761 0.369107146952118 0.514850551393631 0.540435016493205 0.463618188223478 0.509924764125753 0.527533827210731 0.495683120566596 0.515101862200877 0.50269272187958 0.470617264020198 0.483295848352205 0.403536136557757 0.402158067000182 0.429440773192569 0.484011531552641 0.423112738991607 0.491235406001024 0.440876933772015 0.46119965718433 0.479622573953958 0.539887066017688 0.400413361393636
"markandeyapurana_adhyaya-94-141_u" 0.41682410838735 0.366524172735549 0.409412506441426 0.387909223601344 0.368976973226586 0.44627196395613 0.366845851769676 0.377087319402027 0.376007206463742 0.357969901885985 0.441808755483493 0.367089699426604 0.397080844349562 0.389360723966478 0.339562331171659 0.414248266356146 0.317498488065976 0.396331372962779 0.340056183600232 0.322104171093438 0.406913491501415 0.325353987813363 0.377335917682152 0.39108423970125 0.37692667247433 0.425826700517272 0.359610296336935 0.392903152759612 0.439706762297277 0.430868115334147 0.338860536337742 0.334475097217556 0.562509150447392 0.408573529473773 0.507539524020017 0.456817721616588 0.472402028448401 0.474427002639717 0.56480051278386 0.429987165321299 0.373888818226447 0.387419165141755 0.367461569585212 0.400404312558987 0.311157646934347 0.426624051451645 0.361730919295564 0.315076790296448 0.37173709611247 0.343399732123846 0.404754250110265 0.409703801206476 0.404492090180958 0.404482635131764 0.379214762178434 0.384923576616351 0.401039079134092 0.448849328976473 0.328330636378648 0.330008065092823 0.411119866825384 0.405900760998944 0.334171286940895 0.37825984788747 0.429377519294881 0.515439719785542 0.462730964791644 0.251245178433462 0.395569018259451 0 0.187245957359377 0.336805183739151 0.376656775631837 0.35192790390897 0.3897298956674 0.320837161155619 0.393257454574116 0.449210504276096 0.370528700060709 0.353707876616957 0.385877408341972 0.38376829837783 0.395991555866242 0.411958682148891 0.355779587247321 0.356802630677131 0.456901748490765 0.442371567000582 0.455342169194208 0.438727797377345 0.365137438589966 0.479224175194765 0.405091065893547 0.338185727957718 0.381041041734025 0.436944446489483 0.373336604322461 0.356947218184473 0.343126093665872 0.421778976073777 0.35439048374086 0.47084510743189 0.318974194302027 0.391595458752051 0.335178303267907 0.485104664236115 0.503799609058439 0.42272097033231 0.507622834423716 0.491756617603026 0.479343873994899 0.472239898578084 0.456065211747426 0.451491597711948 0.464742203011409 0.346638631398453 0.358512874668551 0.34224980788471 0.426773551646252 0.346366658586618 0.438023783210981 0.38945362600653 0.407401915109555 0.456964009100088 0.491500672339702 0.322298254081116
"markandeyapurana" 0.353034347193959 0.3382229713489 0.385204145864933 0.351960590371294 0.336942026382702 0.409656052315688 0.314316568313127 0.329590207048083 0.327678041174204 0.318697706126503 0.414737527887506 0.331930019726937 0.363133608426017 0.358604809698528 0.279506908603939 0.367006312783265 0.257953059461811 0.325053487802129 0.262492358777715 0.282553912349631 0.356759227559299 0.262812758163013 0.306241301615927 0.327397720358997 0.316627431546453 0.378976233282932 0.323332567929293 0.37519492694665 0.411941081428663 0.401137463548535 0.298372570550138 0.262838204321843 0.544333879513423 0.394316138617514 0.494156871532872 0.443609371841589 0.455348203702926 0.450775541519762 0.562428894112632 0.414665334099764 0.322225279569814 0.341397855367601 0.309576556760631 0.343534608534454 0.295564285897456 0.400499080763167 0.342541520167376 0.28852783181172 0.356388100076536 0.326939508786445 0.385414574341834 0.400393565271826 0.383515269729532 0.384169649556918 0.360792964010785 0.361817559674694 0.387328444127428 0.432410715883239 0.301566665222378 0.301791528785618 0.378460088190321 0.374756538588096 0.321746784889599 0.369332892498655 0.418565180067708 0.516406265987424 0.447195429010659 0.102404101777226 0.334061037626339 0.187245957359377 0 0.251993177818767 0.309382823123423 0.300196835085953 0.351064591797825 0.28693074160012 0.336781595324428 0.402094222345396 0.357768795401185 0.33522414689135 0.367002498582668 0.362779107247286 0.372289796005474 0.390680772962546 0.337668019392613 0.296018594519336 0.409959914416267 0.398329487328135 0.401196488470974 0.411181671866172 0.316067764436172 0.429858690494031 0.380193982763992 0.272492017949277 0.327219811350669 0.390010519599738 0.333765522773962 0.282596174957651 0.295915486588201 0.378038102040534 0.305606594221047 0.447941876406758 0.269603178170211 0.349944168852713 0.270503360937479 0.451619930213896 0.469310304081049 0.379911873604162 0.462547727752757 0.461981209886222 0.436680420367685 0.434613449919163 0.430311469299993 0.407659123582048 0.421536815796846 0.293505052394191 0.283816236383185 0.304764586748001 0.409481636778601 0.308951044656633 0.40640091112058 0.335554637225617 0.366837018412875 0.419316862295351 0.473988956969979 0.259703692029436
"matsyapurana_pu" 0.277620838274545 0.342507849333693 0.39035313253841 0.361917377983988 0.343045612542352 0.393436473344261 0.317466966135273 0.330874919807766 0.31259817551359 0.335643699155583 0.417009713887724 0.3319827869436 0.364476727531915 0.348143043086447 0.238076849277696 0.336694168752114 0.260400583972629 0.27203152541386 0.219450249922367 0.279126937338988 0.355636698972616 0.269261244448617 0.251677110112686 0.273285136826297 0.293403147713281 0.359591891139077 0.308802120224981 0.371592840118805 0.383440914379881 0.348589938784515 0.287640967790291 0.245731194184397 0.52910000649075 0.398267235633049 0.484587021848547 0.433519359597372 0.46227147149588 0.441581852619279 0.568925399149802 0.417988038024915 0.321206967691277 0.333277517240857 0.26748823268204 0.294398435574826 0.313216893427541 0.382541927793752 0.344298119219506 0.299819729969149 0.35223595807429 0.336566840441018 0.365752460217958 0.396036265084763 0.364622299266853 0.364185642693464 0.351308214803202 0.357018061646237 0.381623853908963 0.435407730364986 0.305335226935785 0.300404754205962 0.35678907524204 0.349561269758044 0.337349291796406 0.389840644401318 0.420639897067896 0.525792648809568 0.452402601921918 0.256439351364799 0.377617358499886 0.336805183739151 0.251993177818767 0 0.247059186721911 0.311015535476117 0.317215241349233 0.308407437749846 0.318216238645981 0.387289207704746 0.364882183038976 0.354952858202214 0.366849856339224 0.351359042940305 0.363339754594637 0.368321288166854 0.340976225032662 0.262348995994988 0.375528399658243 0.352889893672933 0.376256559887586 0.410941339646878 0.320795125477998 0.395069036055121 0.393239324593548 0.260820521536861 0.294137867428139 0.350184089213362 0.310728972525468 0.261733128483673 0.284797537908232 0.362325038876077 0.297025398237135 0.435017533685548 0.238869680913993 0.363263758419211 0.253991317811879 0.435926671250493 0.457319700790466 0.362832054663758 0.417872994329285 0.443587896272098 0.412208877042913 0.407979017587633 0.426234514160695 0.380308234849709 0.406680444028468 0.296277425244005 0.228054016438443 0.314009591513177 0.408594341286373 0.336533503589379 0.42388968129513 0.350134483582441 0.381537774523746 0.426611217794136 0.495506375723623 0.290464411019429
"naradapurana_khanda-1_u" 0.235948757800821 0.369293854978526 0.399554371222706 0.379737646225476 0.36380949015678 0.422753444165555 0.345693679929251 0.351287896895579 0.348488530738913 0.364989869364123 0.437982434594339 0.362737376987606 0.379775464304333 0.371866607398244 0.234045347707901 0.380892507752576 0.281481827261381 0.278651571429781 0.245135087585653 0.321032073304793 0.338552275630048 0.280422914122662 0.268600869407765 0.23728914162461 0.295031316477179 0.351887488305981 0.358553265565933 0.403420275366446 0.421949484638437 0.416051408063507 0.357968660668379 0.264626916896424 0.523130357664772 0.45750184477465 0.53265622366868 0.47416822925697 0.483955364504075 0.477387931901394 0.605275923294024 0.472965954470967 0.326101213799713 0.319285927600162 0.283087952115163 0.272093240934824 0.38145758853315 0.431435073659528 0.410350383014291 0.371753222120826 0.419991993676059 0.396437778182163 0.426035138021592 0.439392313886342 0.420839644519656 0.421412000524181 0.413411521994208 0.415001669794365 0.42946295905488 0.460796018050846 0.363730875426749 0.365874815007633 0.380880344592439 0.385614165582847 0.391216041728144 0.444857203512882 0.462675512668062 0.558654884552345 0.491083275478618 0.308100895726151 0.413450205064328 0.376656775631837 0.309382823123423 0.247059186721911 0 0.294611734376728 0.35875151020306 0.331162635041705 0.31231147616374 0.364256779354396 0.409572940316419 0.397924520518655 0.406410532993501 0.403411346875224 0.407979730706512 0.414945869371879 0.393652942489975 0.276337358091887 0.357836918825846 0.342925445772915 0.379066872909231 0.428132786992092 0.336123152390613 0.398327208650494 0.407228005156062 0.282069707424988 0.271234270951448 0.31058439328766 0.337337468433836 0.259141208225637 0.333880995644549 0.342785887289721 0.350039733373943 0.42844079080698 0.318797142809012 0.389215756116037 0.289364326017588 0.469045539203094 0.46860073149814 0.40709531698262 0.447480294414229 0.486950551682951 0.464041936387075 0.438722248865429 0.477144695834377 0.405408762671824 0.393379565201629 0.318612448120884 0.290583169494851 0.329204598374715 0.430300444105432 0.373929320033172 0.441048516720692 0.352903376958859 0.39883560405293 0.450200743607863 0.49655890611137 0.318069244735434
"naradapurana_khanda-2_u" 0.350379430313625 0.380370884703762 0.418116868392938 0.38449923364124 0.370031779381317 0.43966956383281 0.362136040483046 0.364833957308504 0.368128922240551 0.367124277004731 0.440459734768999 0.376344479955122 0.392986425118346 0.405004859635372 0.26482862329517 0.422447675545301 0.306521560003262 0.356296679752401 0.313435712590887 0.305727025449414 0.378401919035267 0.26150244001178 0.317359431102255 0.34412647597442 0.310941822675048 0.361127661805778 0.349692798918958 0.40111733645353 0.443537932398454 0.445399158557831 0.348722377187597 0.305449742553411 0.534931756449432 0.448713170818116 0.53547064872984 0.473886053500353 0.505497166255475 0.495894401755613 0.603052266198293 0.464034660363232 0.346024242199862 0.342337262997533 0.325637886430866 0.341744827547623 0.364362214801113 0.434232747602568 0.396876138850256 0.352800119590555 0.406711317732922 0.376152006816614 0.439221100076422 0.439707801859616 0.437312485357549 0.439925363602925 0.419354253395457 0.410948321517966 0.419884762679328 0.463814206766848 0.348173018383645 0.347089382752033 0.376656672442493 0.383174740292985 0.372020933735303 0.428879504117368 0.460537728197972 0.53752623663291 0.481240703733212 0.304412115414878 0.427580924236904 0.35192790390897 0.300196835085953 0.311015535476117 0.294611734376728 0 0.367904325252729 0.313608531959293 0.330858450896499 0.420718534331541 0.39235456374107 0.35634343991522 0.385400118533411 0.389785481656291 0.39446524398838 0.421138998145856 0.370487389149985 0.308377014482712 0.414068749715108 0.406796141964873 0.414483274660169 0.41788846542518 0.319457183549079 0.442525446550684 0.408153309361479 0.308709469150684 0.346804038982047 0.371476417214229 0.361860374186261 0.286284655708618 0.326390279661319 0.377601685241487 0.350746621198024 0.459694236064183 0.334999314664565 0.378727919788891 0.294816573844387 0.494628396980895 0.48418956840564 0.431420144717705 0.494276662391583 0.504881199955469 0.491198376261964 0.461964233920515 0.488388231015975 0.446314165666049 0.408446223067998 0.310077244797174 0.344295621313421 0.32820115308152 0.44174825004084 0.382030012696715 0.458335261685645 0.3741832503474 0.422103225608365 0.464879701119682 0.507241096422179 0.344924629351639
"nilamatapurana_au" 0.384820967629249 0.429946633968756 0.461568572495487 0.442384876181476 0.426037430623768 0.47518565397824 0.414938147006302 0.424010453794468 0.409220716815839 0.41856426163235 0.474056177622057 0.41684242361965 0.445406849338568 0.43547215426956 0.322282798490486 0.431510838541686 0.367111689295963 0.398558340516421 0.363004753803332 0.328223712737335 0.415652127425813 0.339574003011341 0.344940228560183 0.380229969240292 0.379837068963317 0.406590797530912 0.370564131260456 0.416248358423497 0.461337729655115 0.442494391034414 0.378213554087631 0.326893939054386 0.542959682354422 0.457797774557071 0.526566187298986 0.477761395239905 0.507773838927369 0.502223924731965 0.596776232946226 0.475949516715641 0.393651127088485 0.38974935281902 0.35688313926308 0.372681731056527 0.380284910965513 0.440553243869301 0.414306902054145 0.376121628406267 0.421636961668736 0.406903978170152 0.442829219771676 0.449138369704828 0.437907259183028 0.437157724218055 0.416322781501718 0.430948557351465 0.448936415326869 0.483505294035812 0.384845737858128 0.371696310694766 0.417673595857562 0.400287072641244 0.399759220286929 0.437347257971123 0.46036529243787 0.547275894945356 0.482133549322458 0.357454575733881 0.452627658557478 0.3897298956674 0.351064591797825 0.317215241349233 0.35875151020306 0.367904325252729 0 0.363342815132269 0.394903818408338 0.462856957000614 0.413730496744671 0.410059083543469 0.42340037600657 0.416940643965875 0.430241504391254 0.440040994268944 0.400123244861312 0.354465738103563 0.429130749154209 0.427905845115207 0.46673147164782 0.411834835901451 0.376613965254697 0.473431144906848 0.422608084885674 0.359437943122824 0.382929793228508 0.409458402818954 0.373488158691271 0.349858431000849 0.335861192088716 0.431596456227294 0.370661059690502 0.486661464703031 0.33631641733105 0.391330482454667 0.344511001976895 0.508957715276825 0.517080966569106 0.449407534509092 0.483566089418645 0.511234141083983 0.49090847128204 0.460838199672544 0.497717297620084 0.466996509320827 0.439724695748392 0.340546495368491 0.361326837732142 0.38164693967271 0.438490733675078 0.422198043956092 0.483018604542705 0.42084215787568 0.458483942666144 0.496782660869488 0.545731807404786 0.392400995035786
"nrsimhapurana_pu" 0.361098473388826 0.35322067801048 0.392072324436833 0.332616473717917 0.315935233811421 0.392353746629063 0.340292539762708 0.357124553290364 0.342555521087949 0.352029546404233 0.398634163205065 0.305273055595154 0.343066520671765 0.33626796108332 0.290815428669477 0.425243830213361 0.291192373133126 0.368223559712113 0.313686946127022 0.230119955734653 0.391674178180047 0.282487194212525 0.34072532405861 0.34899446616249 0.353831765737276 0.384784279669302 0.289121820252221 0.302029081170548 0.393147508630601 0.38191180002152 0.270927751104735 0.30212203398368 0.527629955671108 0.382389981445843 0.490782774453023 0.421854975867309 0.454830073625477 0.451992880812685 0.558129200703462 0.398363273709726 0.32697453720174 0.342505230935178 0.313614134851784 0.347541578299697 0.27110772310993 0.352935800213713 0.314836314390272 0.251853439711891 0.329413416536765 0.299271547831367 0.360201938697709 0.380557090420663 0.353160683797039 0.356364898242688 0.331561964901718 0.335202301704527 0.363925452125166 0.409507994149195 0.276845893287648 0.278349354449472 0.355807754626667 0.347191169328358 0.288530701668751 0.354342179202249 0.39383813246737 0.489577662466098 0.4257226350237 0.300967845006442 0.421910977384977 0.320837161155619 0.28693074160012 0.308407437749846 0.331162635041705 0.313608531959293 0.363342815132269 0 0.332163885659875 0.430721429984339 0.294355851266445 0.279996188529675 0.294602420045083 0.302213025723932 0.315710686370978 0.324122406564782 0.264887622402111 0.312516228704024 0.428106573634824 0.398708709066615 0.434022620467347 0.41582672593231 0.327486808772281 0.457300642325549 0.375120021081806 0.308736159113757 0.355526391109256 0.398108155694813 0.336437095123707 0.31533125811996 0.280330493561034 0.398795794240215 0.334995023884764 0.459390860071114 0.291856693287998 0.359269727382772 0.281238336568634 0.488391891170009 0.491806881829633 0.415412688456813 0.505492058176364 0.502478369421629 0.484371653481634 0.474573813030401 0.473173748392721 0.448890826678143 0.430101257001609 0.31789381281337 0.338879261349477 0.269003764337646 0.374921348967951 0.355541828342766 0.445946151317838 0.384708562107225 0.412848357831311 0.444651763514605 0.500810737270946 0.326792437970281
"padmapurana_a" 0.364491503465457 0.383259995762107 0.422818934694377 0.39112330110113 0.37867074601572 0.418704164211769 0.371009318435145 0.374861505251688 0.365061038410626 0.384388257493777 0.443296905846422 0.371385904370772 0.404534158033923 0.396836046944502 0.304988513801537 0.440685208727312 0.309960392566124 0.354677943212956 0.310826597134519 0.331402311144344 0.391891132568169 0.30461291226689 0.361390492039441 0.352507149550916 0.361565380048743 0.407662891111206 0.374400987401049 0.413031017805271 0.447907184708197 0.427343516470059 0.367455629075043 0.324512937110413 0.548645625271618 0.470563413804632 0.556145775087948 0.488470428379215 0.518010942393776 0.510328104783848 0.612626044655645 0.489565988881321 0.350325752233783 0.35310128534796 0.335075083372091 0.362523590156753 0.385246937207024 0.438560571263634 0.419076808778913 0.37514243557806 0.435736579497206 0.409160362673721 0.445835247966027 0.449198965055238 0.44149846728739 0.443145278409604 0.431484632481563 0.421959989224013 0.448243748945844 0.470114132819681 0.38418163821009 0.378144432897501 0.410326430865536 0.417945202565241 0.400927525093234 0.456786925972639 0.471634785091604 0.565463507246069 0.500146258116781 0.341256046171033 0.449116126689223 0.393257454574116 0.336781595324428 0.318216238645981 0.31231147616374 0.330858450896499 0.394903818408338 0.332163885659875 0 0.398671216096113 0.406638952091114 0.399677200090328 0.409107986714986 0.411088640389008 0.414195982005709 0.427394452148329 0.387954231719921 0.319468620500128 0.413290502189638 0.382956908675179 0.290197935326227 0.445054063637735 0.345345513774321 0.337362691087885 0.419748940168454 0.325969234862782 0.347177128031483 0.372322007151572 0.372013904394833 0.313133199167117 0.346599414783551 0.40222998450699 0.360017071223406 0.481751303584798 0.341551040376821 0.398234678773173 0.321894177700884 0.493748574490434 0.507444899182859 0.445762970266647 0.478714657016507 0.514812257838329 0.508977054187602 0.474122283097554 0.504256076871561 0.437488329349113 0.433280964572692 0.339076073033823 0.347995018129811 0.360160523753323 0.442449461714709 0.389324564606552 0.475750135872465 0.397809917536044 0.397678846261697 0.46966069207982 0.514020402135815 0.338508454308843
"pranavakalpa" 0.401705186229391 0.420506243235304 0.424625307185186 0.418703638494119 0.420237070855919 0.42861297147576 0.404065397712495 0.401348284492027 0.407412100781532 0.423373030209955 0.452500458217324 0.433833106147615 0.425660780548485 0.431113829911735 0.398480700412175 0.447572755255134 0.388343822473881 0.389187602940534 0.372233534126209 0.433710101980324 0.392032998210195 0.402834845194985 0.401069241798893 0.393461057548524 0.41611964853128 0.426932835090026 0.449845009108484 0.469078132968564 0.471481289313279 0.479296935466241 0.443231735118926 0.395677858396112 0.571876451776381 0.501783292297298 0.557081087760214 0.51789765242979 0.516592516349789 0.499538393785667 0.619946703838415 0.519547169118052 0.393613619292734 0.392093128652965 0.388934397555362 0.395497807741996 0.455653367849013 0.491206446561348 0.479452595208652 0.453163264914555 0.483773110395126 0.464876132219756 0.493433406611063 0.505075229311999 0.491861068655505 0.494227794654979 0.492930664909613 0.479082973561169 0.500214448226205 0.474971676051212 0.428281627715638 0.447214503699556 0.457057338848727 0.478495101630706 0.454686107305768 0.508651283687586 0.511596860160675 0.604651640919692 0.548808571546365 0.398455854571544 0.48717343053018 0.449210504276096 0.402094222345396 0.387289207704746 0.364256779354396 0.420718534331541 0.462856957000614 0.430721429984339 0.398671216096113 0 0.4762859445369 0.472962319615991 0.476295932936928 0.468489960151956 0.480281651538486 0.486458900553461 0.46909597065278 0.375906289355723 0.447899706099146 0.416461316802296 0.437888633655174 0.499351519575045 0.418902717436015 0.439147291738107 0.461607871054561 0.389096320376476 0.361522879129184 0.398040342713547 0.430715104907288 0.340844011433566 0.436409065554637 0.371297962379678 0.424045984810076 0.457190536902306 0.404979205640128 0.451393528932813 0.408952345700525 0.495111223068884 0.486587041843025 0.451001739865487 0.514621264050592 0.517988030677344 0.512934426007656 0.4852760786895 0.535041100740776 0.452262067189502 0.468288018238845 0.430134258239818 0.391734236541217 0.419609001953928 0.499541988080225 0.421678560499487 0.502726397953316 0.445942714299476 0.438958074939778 0.492161384775384 0.528224469073593 0.394121858051457
"ramayana_01-balakanda" 0.426943670233223 0.391927310439301 0.438893320402151 0.374941337081027 0.356980447458808 0.433329711368504 0.393028990325612 0.413703884252432 0.39904269225 0.377398613626741 0.445206051743411 0.349738412373374 0.402515533120358 0.385808731667969 0.37530207744233 0.44651452581911 0.342810012658737 0.414755526104886 0.367311419053878 0.299293456726146 0.446556586047186 0.364391951436809 0.405837095275229 0.424010579359198 0.43159086934284 0.457429162287089 0.302079636619582 0.345959406744054 0.401339012418458 0.367391552467347 0.282995934471491 0.372380699764279 0.567636969671987 0.38323785892711 0.491700414367173 0.445945012896539 0.47903580502296 0.468761354151803 0.570034263825356 0.407708076088465 0.387980967150745 0.414537917827811 0.37217647073137 0.409286883024147 0.262982249675101 0.351110530782505 0.308937056388914 0.255645454493482 0.322084554295823 0.304155262984905 0.353855852047259 0.367018887666762 0.35004600627375 0.358614486633789 0.315170708086879 0.330099667704047 0.371947690871149 0.422547127825165 0.3054293612364 0.296598678660737 0.39218585099717 0.392044865920792 0.30431004775445 0.335106223639107 0.386920156138982 0.477282725253082 0.41937613941486 0.37211723447791 0.462645438348133 0.370528700060709 0.357768795401185 0.364882183038976 0.409572940316419 0.39235456374107 0.413730496744671 0.294355851266445 0.406638952091114 0.4762859445369 0 0.261356414254427 0.290878835601151 0.287286827647632 0.304656154284997 0.305483346960272 0.240413791573633 0.376863972272448 0.47991450420012 0.45091868643828 0.480530514864821 0.462857809961772 0.386780506308798 0.491676152956947 0.422114089811355 0.378680223822253 0.405585273735313 0.455778807626202 0.395879896635183 0.395130638545804 0.345674208597429 0.449389664203798 0.366126049214823 0.494423796093698 0.326461793458049 0.412001209969844 0.336368436789867 0.517126953994132 0.5278837545878 0.446765834420171 0.51595148174624 0.520597221380086 0.494284377089254 0.499122528224245 0.492498375127862 0.477567412125009 0.479370147095707 0.396935616747296 0.38826067968525 0.340871836679925 0.429727072480341 0.409651181668577 0.486056600903599 0.439675912090296 0.442465038191117 0.498863851276983 0.536116509428891 0.388679242369812
"ramayana_02-ayodhyakanda_a" 0.412472077805603 0.369998256236731 0.431290230801119 0.355286305080129 0.334510301982729 0.417376489716547 0.379616072056548 0.397268091062171 0.39080356689326 0.372201437097245 0.41119779563845 0.324222092168238 0.373108085620679 0.374643494178182 0.363870426746988 0.452945049722898 0.344518488493942 0.412823712358315 0.366276185815964 0.296734353807716 0.437655080092969 0.34718160292484 0.396012190016614 0.40978187881431 0.40580499967993 0.443417185043353 0.293216199179859 0.354438483650705 0.408792383854284 0.393152496426046 0.270209060509389 0.365375275898865 0.555402199619448 0.398969155603175 0.502548560538347 0.443209704195378 0.483645756578273 0.465224935647976 0.578144070123926 0.413754325394072 0.396420484059814 0.411466432866918 0.381044764683392 0.41495136880439 0.251732512095151 0.376418202946797 0.288029704847788 0.228532475829335 0.294164351745119 0.267641826868483 0.341048411174489 0.373464439582202 0.335392962177885 0.34197963722328 0.31824244864025 0.316582035836984 0.330830229427006 0.418950445976769 0.270721258226755 0.279522636426925 0.357903842005018 0.381977090679545 0.279883040955075 0.320625125627111 0.376668258760036 0.472344081484666 0.418305664558205 0.344291895887216 0.459067179750144 0.353707876616957 0.33522414689135 0.354952858202214 0.397924520518655 0.35634343991522 0.410059083543469 0.279996188529675 0.399677200090328 0.472962319615991 0.261356414254427 0 0.239963761946721 0.253521513040621 0.266804377396044 0.291932648399446 0.252374930006873 0.385531565974392 0.470294501578303 0.43194842095214 0.475954067127026 0.458617329057325 0.389202542996918 0.497881595114942 0.435590058890493 0.366630050126106 0.397701618693824 0.448628359306464 0.394814795048612 0.374251876955567 0.350623806085074 0.445405896849658 0.367446946567109 0.486124480928142 0.327458661021334 0.421185607710872 0.338430551640422 0.517489273752552 0.519115098524389 0.450582379177222 0.516051227249719 0.523738821581319 0.507275277962807 0.497053397558841 0.495806462965729 0.476596558927246 0.477385071659782 0.390412534909298 0.387433158147169 0.325872131575636 0.433450541903784 0.407256040206635 0.489385668568352 0.428238107519068 0.442863669435211 0.494754371445658 0.534820124409741 0.384056262331263
"ramayana_03-aranyakanda_a" 0.416236566189392 0.393154092287082 0.436723820930457 0.373904123861012 0.358512750900324 0.424921329204504 0.395847745011038 0.409860858419936 0.398319592754489 0.400116876017928 0.428059784012024 0.34787002840081 0.393532511678291 0.394381857527865 0.384084809797333 0.477855739124989 0.363279337374044 0.412049384138368 0.376949563531193 0.326724036707628 0.453883092089303 0.373484133878553 0.405716311307339 0.42141495835365 0.426314832941654 0.454653543518817 0.315767681197942 0.354506994515734 0.411949198229093 0.376863212866019 0.282985805408816 0.381557373467071 0.574856849149055 0.429094399034681 0.52133399223391 0.46574548955656 0.498629105841317 0.48576534412011 0.588554272379259 0.43995157873625 0.404106443873995 0.421427795886892 0.393925894482443 0.419686221513307 0.299923291239049 0.380445405410165 0.339214976269063 0.270031388058426 0.323947268992721 0.325067917428164 0.352012637511855 0.402441115781119 0.342547683971908 0.351196869988511 0.33410030538834 0.337168505762123 0.358787402630501 0.44540411393698 0.324800836360386 0.329290007570318 0.39194470230109 0.413410825834589 0.330150362807067 0.382198111387614 0.399052798883127 0.502357599006866 0.445817631474467 0.381123578434052 0.454521074663691 0.385877408341972 0.367002498582668 0.366849856339224 0.406410532993501 0.385400118533411 0.42340037600657 0.294602420045083 0.409107986714986 0.476295932936928 0.290878835601151 0.239963761946721 0 0.245457050956083 0.229114849565741 0.234581916755734 0.247921231924617 0.398928361098135 0.481337833178009 0.446942423751635 0.481557609733592 0.470772470273045 0.400930644986117 0.50352230612845 0.444459091193415 0.386083989163997 0.40905761555023 0.460004433509886 0.394488806995027 0.385187819430143 0.372464234757956 0.450463524836812 0.390147962603662 0.4943882775051 0.336041675757137 0.432563483665737 0.347689333572157 0.530450330211672 0.52934775542995 0.462531422222279 0.51494062807612 0.544975171280708 0.510916607472796 0.518552544586616 0.51644880169118 0.480317871612482 0.493328876233469 0.403594945422332 0.405165249895686 0.352670300205757 0.430927932491332 0.428618696211619 0.495917614871513 0.453102797777551 0.464205592271256 0.494112642453314 0.551663372898677 0.408306003932751
"ramayana_04-kiskindhakanda" 0.416282071708059 0.391698785145251 0.4297293072281 0.372170060556869 0.357562497883729 0.421854127366472 0.39223610434208 0.407465311113479 0.390020195126406 0.390454397362558 0.425331651146687 0.342661468109343 0.387782641500493 0.39069096619237 0.382595909951516 0.454376626196224 0.352238227053226 0.404828138051041 0.365111483666096 0.316442699523186 0.449593571621326 0.372036121178305 0.399485644665163 0.417639194224903 0.427836607638017 0.449146370257382 0.297108018854797 0.34850728496702 0.396334601097762 0.35144323294456 0.263874014748426 0.378715881302436 0.568396600989441 0.41770169604228 0.510278343786079 0.466997382477922 0.486525127431915 0.470719276357658 0.586258877190601 0.43721091624751 0.394091651339836 0.41955518357741 0.378619309238506 0.41394556893796 0.286846289148432 0.360378816296749 0.315639983559771 0.258068564945156 0.314410501675924 0.303451522048192 0.340209614314855 0.380771314536714 0.332136703591731 0.34073195277753 0.318824571039534 0.320998566284949 0.348707492037481 0.43652537653765 0.304020692613346 0.311109769104285 0.378008871674388 0.395864879020844 0.307439293701203 0.363778002656177 0.383268386382499 0.487165083889531 0.432727810623626 0.373900280459198 0.460684230617948 0.38376829837783 0.362779107247286 0.351359042940305 0.403411346875224 0.389785481656291 0.416940643965875 0.302213025723932 0.411088640389008 0.468489960151956 0.287286827647632 0.253521513040621 0.245457050956083 0 0.231547728328472 0.239007144984442 0.249294385714938 0.387014123375421 0.469238180297284 0.432671513947174 0.478797136479006 0.470250236714146 0.395948687064798 0.490085394715674 0.432455525196728 0.37963410786101 0.403155531332722 0.463014171764384 0.39849267609547 0.386469137649935 0.36179982603676 0.445002420629737 0.382371041269011 0.485260747219973 0.319639272720671 0.422374167615028 0.345975805101753 0.520322371416849 0.520619396946552 0.447201229517098 0.494372738686971 0.525122212911435 0.499935871952032 0.508581237648505 0.506736054478349 0.468581907761069 0.490302177188675 0.402036851165719 0.386233613726492 0.345464455161438 0.43150172840967 0.41620503626083 0.49228030850079 0.445680418266972 0.460175531811704 0.493219789724617 0.543477615759806 0.40394121236864
"ramayana_05-sundarakanda" 0.421000663435723 0.399872763763543 0.443300923618372 0.374823013012929 0.361031939230538 0.426065632758244 0.401845417552612 0.420165406991963 0.395247494473986 0.401566091420479 0.422543206712934 0.341991845753287 0.391737529315943 0.397897590490161 0.393952046442024 0.478861532575319 0.366615127425912 0.40119076413627 0.371766173340662 0.335033193165399 0.455071469609064 0.37999027348716 0.4039310155626 0.423428072111566 0.44055511021383 0.455951278019479 0.31291782433858 0.368717896207496 0.411511712285642 0.361443034598709 0.279116168830301 0.386878824097466 0.576078730722114 0.437135935990983 0.528061377689534 0.474337206084165 0.504853301886784 0.488644727468078 0.592846752103327 0.451360347737626 0.414026075502743 0.441255319024458 0.398734272638778 0.422622588868658 0.303695541014861 0.378427097990674 0.337113295679225 0.274523107989188 0.32454559502551 0.325828747667181 0.35579466125195 0.402763884266016 0.343860744333798 0.352393277745886 0.340472179029057 0.337148262847556 0.354580415999667 0.45308171162272 0.330739920727802 0.338482598433246 0.393456969752956 0.414918479761358 0.335522159220096 0.378408883719095 0.404032724978083 0.507938686349657 0.448534354456664 0.383449112296195 0.455371637059682 0.395991555866242 0.372289796005474 0.363339754594637 0.407979730706512 0.39446524398838 0.430241504391254 0.315710686370978 0.414195982005709 0.480281651538486 0.304656154284997 0.266804377396044 0.229114849565741 0.231547728328472 0 0.233055983577917 0.264684040269312 0.406371846475033 0.480745386465126 0.447633222848161 0.482161614568035 0.482116742724037 0.409136303083676 0.498362191484643 0.452239576302822 0.392313140987838 0.416683491227267 0.472645541437478 0.411143241435946 0.38982890570633 0.38595018309558 0.455290374920231 0.399122978976651 0.503276572514916 0.340424536607317 0.44774831697986 0.359959374511248 0.528034666657651 0.537506741095353 0.465990639882386 0.493843419500114 0.547952441005755 0.508304030925317 0.522941517868336 0.520869378016112 0.473290871506653 0.507482158636174 0.41894296127565 0.40307897180341 0.356750872632626 0.440174684613245 0.43254099757529 0.50408253775783 0.45470932323275 0.463434503506385 0.498661441841933 0.554216956227184 0.413947281762983
"ramayana_06-yuddhakanda" 0.42371217565642 0.406913804364808 0.448410644760023 0.383663672160214 0.372023340707037 0.435601503338423 0.403830461934514 0.422296595577086 0.392520191925552 0.409192704079979 0.447720671583445 0.348600407411078 0.403400611907771 0.40344467050203 0.402916304636101 0.476850858940193 0.367760158160388 0.409292508914423 0.377724894333044 0.344184253866573 0.468435668322335 0.39887127818514 0.416753624877289 0.424282013510361 0.448483620443346 0.467004406233291 0.323192717932679 0.344995479633976 0.400562788384579 0.322332788679255 0.278371502564965 0.400493364094471 0.579598330579491 0.431149239659012 0.518342813974848 0.475297616123633 0.500651958337744 0.485946095955869 0.594620905672047 0.448657659998688 0.412016072336697 0.437779876955005 0.394521494207504 0.4287721937674 0.31310071370913 0.360215194591538 0.334799214817408 0.28266877875753 0.320277050360843 0.327323390282196 0.30632765811561 0.400883791527054 0.29241998965853 0.305191222464305 0.2987853819323 0.326878272947587 0.359958588153589 0.46131542265468 0.338509767790792 0.345065763484791 0.412379479422048 0.421801063122378 0.332749557635802 0.385439805853922 0.392873171037107 0.505307953404488 0.447131145021505 0.405400229714069 0.448007264112003 0.411958682148891 0.390680772962546 0.368321288166854 0.414945869371879 0.421138998145856 0.440040994268944 0.324122406564782 0.427394452148329 0.486458900553461 0.305483346960272 0.291932648399446 0.234581916755734 0.239007144984442 0.233055983577917 0 0.242469200029302 0.404984057834526 0.483307238063262 0.450481040753382 0.487208894286074 0.491895966279643 0.415192749264262 0.504481615342072 0.444071644513372 0.399919797047481 0.421097625588942 0.47103880858322 0.399967248383782 0.407279478957954 0.388985709683154 0.460083236133909 0.404152813486549 0.498398618837637 0.325534007471823 0.44726547157383 0.356846140334525 0.535473828379347 0.536970927966454 0.465362037125995 0.505670200342895 0.545634875767826 0.51085143942762 0.524198735029755 0.522972665296919 0.486027329981738 0.50772749793293 0.423171699739668 0.408474579964235 0.372939635211938 0.450629080212765 0.438102232857674 0.505105830554826 0.465536134424572 0.4747408803401 0.499368538874323 0.557907788764076 0.421407193575874
"ramayana_07-uttarakanda" 0.411990585146329 0.373630182302184 0.423520880605522 0.35559160952283 0.339940484664545 0.41945237971165 0.373565245996976 0.390745262290847 0.372647044481482 0.37251115857367 0.422153781398706 0.328549882603366 0.3797555410061 0.370714750308384 0.356683788836604 0.438878960284764 0.330499982977927 0.396802440162368 0.350509705633528 0.280502948580761 0.436674840000268 0.349841307028286 0.391077497800336 0.411248173909527 0.412197040070781 0.434967666285037 0.28574729323713 0.315682551037912 0.390678597068434 0.354650848969243 0.248727972547024 0.353100732833509 0.563612814232977 0.378548286827866 0.487881402533935 0.437901018584025 0.463715417565139 0.453096800781408 0.562591956843922 0.400193526593824 0.370075522159879 0.399486355471236 0.356362607683247 0.402113688902208 0.256234353620319 0.34177221233048 0.299310794433619 0.232791548030564 0.306780310306913 0.285479900225524 0.330681944260887 0.36503254278611 0.321538916528506 0.331025201703118 0.296233918168939 0.312779343366865 0.35530959255964 0.421095629478014 0.288694919184583 0.286624455370265 0.371491972274916 0.382641932726512 0.284023093770512 0.338563391437743 0.373456137606307 0.482612417538545 0.415759427540214 0.35550234917816 0.442303077704614 0.355779587247321 0.337668019392613 0.340976225032662 0.393652942489975 0.370487389149985 0.400123244861312 0.264887622402111 0.387954231719921 0.46909597065278 0.240413791573633 0.252374930006873 0.247921231924617 0.249294385714938 0.264684040269312 0.242469200029302 0 0.362083859171976 0.465400878592059 0.438575546989647 0.464329315303924 0.453491013445306 0.368150569227056 0.482638733978991 0.411527469094434 0.358140196866499 0.390629485172906 0.44232084360731 0.37094436181163 0.381689794571287 0.336606812738802 0.436905447919861 0.354850727760785 0.473885569455074 0.293941899757607 0.398132451272076 0.31357508139858 0.504899075883146 0.513243085768911 0.428929697107779 0.507451232758363 0.515070976286826 0.493862297931213 0.494115930306367 0.489628396945913 0.473151020598944 0.473457742976206 0.379569690839851 0.37303127918356 0.326044144935245 0.412882114983625 0.393317432914122 0.483393638373546 0.433717310268273 0.442495134946041 0.48524954486543 0.53382626407252 0.382775566990776
"saurapurana" 0.338978347787812 0.370037682945184 0.401959716509437 0.38490897561097 0.370158776375833 0.426735528003029 0.338898116103992 0.348324465290612 0.337480961858451 0.360989524228575 0.439998647477247 0.365970226869902 0.383371655371786 0.3776206546176 0.251489957182065 0.370191666028568 0.275602874921256 0.306580846538269 0.257920400527637 0.290538359999667 0.344946560102882 0.25053992567171 0.287048499202204 0.309197319454403 0.318371140909334 0.348494733939931 0.342815724639055 0.375217082594969 0.406650842120464 0.393877262360302 0.339288389637053 0.280530870842877 0.526228785792701 0.429928025984861 0.513281082058891 0.457741678859791 0.477547331412998 0.466756769961915 0.583923411799064 0.449896825641121 0.264191322969997 0.287574968955284 0.225943694067637 0.279293758874172 0.354653961638573 0.410976467950018 0.38732057000155 0.34483904577057 0.402096506874655 0.375047137977913 0.410753021015273 0.428937421971897 0.40847253240125 0.411324298595404 0.395993677374119 0.393393160305863 0.419836864710003 0.44600787321954 0.338884744668989 0.339535891074638 0.377988565551149 0.379902950620995 0.36422493205466 0.422841969503009 0.447682503978435 0.54015190603002 0.474815377366574 0.303788433116076 0.401944124558034 0.356802630677131 0.296018594519336 0.262348995994988 0.276337358091887 0.308377014482712 0.354465738103563 0.312516228704024 0.319468620500128 0.375906289355723 0.376863972272448 0.385531565974392 0.398928361098135 0.387014123375421 0.406371846475033 0.404984057834526 0.362083859171976 0 0.384541490912637 0.37902618128569 0.37612650102037 0.410432952947988 0.273597695158844 0.377188987009247 0.356916138988496 0.254246090553281 0.274678362133328 0.334950502116655 0.321325354839195 0.262153537311207 0.29921699614233 0.312492959712888 0.301253890210521 0.431967343654171 0.274017852114434 0.339166076670228 0.266809968219046 0.451770679649755 0.461415046050087 0.372605834791929 0.460830098248539 0.463866280561977 0.454980618580734 0.435501086881371 0.458802169197375 0.400729068691225 0.390506516557582 0.293211252916604 0.276144561542634 0.332155169265524 0.417128964970528 0.343652163530856 0.437986834477345 0.37034819828047 0.403492373754867 0.433695696458233 0.493166960097626 0.31232726800507
"sivadharmasastra" 0.386581144407139 0.456718218200154 0.470054624778121 0.45220717158482 0.448870567831747 0.483169203917246 0.435183703175323 0.434769525821588 0.430661231598479 0.45005924525256 0.507081384873129 0.45444057641479 0.455405926186022 0.461255414289825 0.376770370749408 0.467799911042017 0.402552683896478 0.411745915525777 0.394401322973683 0.424068522760734 0.426274136064185 0.413264414822992 0.367442586358148 0.375970369699569 0.404464786775669 0.454679727072209 0.453920367500592 0.468022631773034 0.469996002240371 0.478381622147559 0.445859982758464 0.384860468570351 0.556057894911043 0.511362895293976 0.567876992184014 0.520571873055096 0.541187461103461 0.516637512753921 0.633846619678348 0.518946538760376 0.406984448172112 0.393981996816116 0.376001057796818 0.381536198028442 0.463324907161768 0.491931040644717 0.482255008734279 0.453627021764246 0.489253902912498 0.467020845024456 0.495750081935216 0.503443134401491 0.494477446162119 0.497697810111344 0.48916888699878 0.481237595270664 0.497938217808173 0.512437815899016 0.436316573923892 0.437547770039421 0.43925664515012 0.438872727829781 0.464783044604169 0.509252273049179 0.523412044069432 0.59557007282157 0.542782161674424 0.408590643632323 0.489973951937636 0.456901748490765 0.409959914416267 0.375528399658243 0.357836918825846 0.414068749715108 0.429130749154209 0.428106573634824 0.413290502189638 0.447899706099146 0.47991450420012 0.470294501578303 0.481337833178009 0.469238180297284 0.480745386465126 0.483307238063262 0.465400878592059 0.384541490912637 0 0.344304179275538 0.453899281192339 0.475782397265112 0.430040671468561 0.448065633812893 0.465195490932089 0.390701903373502 0.36898076337827 0.385627619793212 0.405845939436494 0.377911698226184 0.411505163516987 0.41793510448855 0.410989838443924 0.47494457906408 0.399374659540718 0.436280748742417 0.403395651957646 0.520717437297222 0.501571925887351 0.465504389701164 0.500066594918551 0.528797605637804 0.53089786572921 0.476208951639825 0.536828230102962 0.479482819964818 0.468964391897812 0.407864138439156 0.394700592831606 0.414728394685284 0.510419233201735 0.456793881309049 0.51581768990765 0.44078225836238 0.484374114270054 0.520756588453567 0.553519204816433 0.4297105903376
"sivadharmottara" 0.355397094507598 0.425565704988294 0.449264460739256 0.417889795614306 0.407470440319402 0.452243328671183 0.413556653145938 0.416161213938956 0.417400857826077 0.429755061745527 0.471119617783221 0.41395583720999 0.411646357658271 0.424907301656224 0.364702471944961 0.45710624681717 0.390450411327202 0.406698982335586 0.382578902040856 0.385190446494882 0.40767328141296 0.391038349125401 0.35560073793308 0.366110825646858 0.380113689462686 0.442926752461147 0.417207981080512 0.447907823706874 0.434250677851285 0.444914900406233 0.406020138968062 0.379377905096269 0.5448307452658 0.484143667131703 0.546657375361895 0.501627204268154 0.518373304746217 0.491687256462301 0.624290767164318 0.50148096177352 0.411862447758324 0.384692485664582 0.369374972500417 0.371252597077482 0.421909529248229 0.465726558877984 0.443353957580726 0.412894656263027 0.444892119634074 0.427286356310501 0.447312510364856 0.469391507647393 0.447641723293527 0.446391665953522 0.448261761196485 0.438848108535214 0.449628261668616 0.465021100463277 0.391290552332848 0.40263131742137 0.397964616829928 0.40894271880761 0.419251144551657 0.472640995231745 0.484671346881762 0.574776909285295 0.51487802706984 0.394798011545865 0.497102001869239 0.442371567000582 0.398329487328135 0.352889893672933 0.342925445772915 0.406796141964873 0.427905845115207 0.398708709066615 0.382956908675179 0.416461316802296 0.45091868643828 0.43194842095214 0.446942423751635 0.432671513947174 0.447633222848161 0.450481040753382 0.438575546989647 0.37902618128569 0.344304179275538 0 0.440199889816355 0.474755458024761 0.423533788227195 0.444864087969038 0.463061303971703 0.382870032106189 0.35576546191644 0.375998803375468 0.405295839269435 0.366716463923065 0.393107898111348 0.396668287599424 0.41849925724067 0.446213914880066 0.3851364086358 0.43549966420975 0.400418629783304 0.513007752877711 0.483196268459997 0.462563076824264 0.488158167173099 0.523805333965957 0.518413761591803 0.474151515198106 0.526170094071198 0.457738991238134 0.468775231673284 0.405637765282895 0.38153745626123 0.389866296293393 0.474656639791766 0.444936380135654 0.51177915609874 0.425497928789499 0.466493604285129 0.51245406900934 0.53651537019398 0.414019870953285
"sivapurana_dharmasamhita" 0.433880761431541 0.447418622073317 0.475321291027142 0.456641078805343 0.45001005633853 0.469730029178536 0.426631853558611 0.429254936395312 0.424717696119356 0.434220709904387 0.507476133178962 0.452307446382053 0.472070103180524 0.466372616751083 0.363526914620344 0.459750391809961 0.369243403279882 0.394389001280694 0.363333176700524 0.428960786153617 0.451960047907728 0.363713979611463 0.415513503941769 0.412275622956933 0.425783630955297 0.465524230695861 0.446263718545457 0.48224824304241 0.488232077644464 0.464679053672626 0.439530984421989 0.397357469848344 0.604604130446743 0.516560602516174 0.583946869934499 0.529221108755285 0.552157398329706 0.542605265155641 0.635992538522946 0.531500477217275 0.410303656830788 0.423435805272534 0.390261072960836 0.418309591323132 0.457331210631713 0.495034032081324 0.484349708594269 0.450598615212404 0.494573163840251 0.476073434381459 0.494101824842264 0.498150238066687 0.489916683317295 0.493002130035099 0.487833627249783 0.481412478694096 0.50467162730572 0.515415040030602 0.452008804533482 0.452163001292167 0.470007412830845 0.495395309368561 0.466492568158617 0.514345342916242 0.522274026279048 0.609987841432525 0.551568699212651 0.401754445601634 0.481107382887492 0.455342169194208 0.401196488470974 0.376256559887586 0.379066872909231 0.414483274660169 0.46673147164782 0.434022620467347 0.290197935326227 0.437888633655174 0.480530514864821 0.475954067127026 0.481557609733592 0.478797136479006 0.482161614568035 0.487208894286074 0.464329315303924 0.37612650102037 0.453899281192339 0.440199889816355 0 0.516405320573568 0.390017730186305 0.233514148522599 0.474054311992323 0.370731643753806 0.379387432040912 0.417684980342099 0.427440122971464 0.388030463613457 0.442589230212999 0.434895030161598 0.418536993534636 0.505448025532544 0.396714522044416 0.466267035494547 0.397533142692717 0.524219232651208 0.53615183145866 0.482605055675402 0.509184024364616 0.538495116820998 0.521800718958858 0.509511471338 0.527152924866445 0.481702484380692 0.499792680849537 0.429067162477863 0.39809308277099 0.443022783880041 0.51104475431595 0.444204441118906 0.516168938599867 0.437899860264407 0.421970519683876 0.50437438733944 0.547749244409458 0.386195904652124
"sivapurana_karvanamahatmya_au" 0.453155263046499 0.464875647767912 0.491807727440698 0.476151421928404 0.470149963240066 0.519814436532286 0.458779177610311 0.461129900759836 0.466467484215341 0.468567531658471 0.501144250998304 0.4646369041675 0.477254604615016 0.482275151925227 0.400123230525461 0.484683080222379 0.430616077461554 0.457001529099407 0.431073704126547 0.397448741233137 0.451122235922586 0.39540092797278 0.414996227461429 0.445353061547625 0.424300093831369 0.452788705239421 0.44255289239015 0.474821705647027 0.501823641914056 0.504772190368083 0.444128588062413 0.399744056772621 0.548575252824268 0.502269775002446 0.549155070381682 0.515671725962492 0.531577025054454 0.532746728416827 0.618099112178485 0.511978572203983 0.431452329074771 0.419315014125011 0.41892056221914 0.431067381880108 0.445738123670497 0.503469504315544 0.475572144205523 0.439109083143726 0.480833543046088 0.45986676088288 0.501335683868076 0.49421289758218 0.499120969984717 0.498782732100189 0.477170663273157 0.477511117102623 0.486302614716072 0.505759761658307 0.437975093763501 0.42934660351263 0.442215333903833 0.450112475539531 0.448554099271155 0.486181097792703 0.507245150690618 0.564819161113192 0.522668700250858 0.414858277970694 0.495307328515776 0.438727797377345 0.411181671866172 0.410941339646878 0.428132786992092 0.41788846542518 0.411834835901451 0.41582672593231 0.445054063637735 0.499351519575045 0.462857809961772 0.458617329057325 0.470772470273045 0.470250236714146 0.482116742724037 0.491895966279643 0.453491013445306 0.410432952947988 0.475782397265112 0.474755458024761 0.516405320573568 0 0.423055193469627 0.515664466614287 0.458168599391968 0.417542226485746 0.429836944915167 0.444641644687981 0.42254412562371 0.410576899508779 0.386362696341714 0.456243551739594 0.429901138503205 0.501824271424636 0.409553306542682 0.408365294945069 0.409751662076936 0.52538874369299 0.522663156858507 0.473917143973226 0.539940871960447 0.522511429562019 0.518725097796075 0.49721229341283 0.526946269515417 0.493579365104219 0.475873067358529 0.385524602157267 0.423141805910041 0.431685155429304 0.494177360982936 0.456300374498368 0.512345151682085 0.468301689871347 0.515770092431643 0.529389163256679 0.554558376118215 0.450998975305765
"sivapurana_rudrasamhita" 0.38561865329729 0.402851318557893 0.440586907394891 0.411795329932551 0.395462928851511 0.457106611889305 0.366925969127076 0.382821063015966 0.368933665301014 0.386098061182597 0.456269995351746 0.390027855337118 0.421394816585044 0.426687088677321 0.27514900899346 0.409616730986487 0.298497570012985 0.334226289582221 0.295440006430129 0.32010206622649 0.375918099488912 0.229113913568005 0.332018960247062 0.364828218705025 0.358747226809884 0.350792360956991 0.346644803396383 0.380849589576628 0.444357451604158 0.414772534164926 0.357461442773275 0.292172334142357 0.552918650291359 0.445820989553218 0.525137476095104 0.474109990438009 0.496166038101332 0.495865987799507 0.584430036345608 0.463570341928131 0.323877021401723 0.357808599170886 0.297528477971476 0.327491175434561 0.366286902748509 0.41997463702513 0.403118790889772 0.361907260773662 0.412913882767562 0.391030937483153 0.427747169336714 0.441073063848146 0.42721028720642 0.426001570626144 0.406805499047847 0.408404198455547 0.440153335319571 0.463837259711787 0.372854504963144 0.37209728002256 0.408228208082547 0.429044923541705 0.380268753135161 0.430577876517254 0.454940298034681 0.538740161950611 0.484390305008081 0.327467278008186 0.401871205792643 0.365137438589966 0.316067764436172 0.320795125477998 0.336123152390613 0.319457183549079 0.376613965254697 0.327486808772281 0.345345513774321 0.418902717436015 0.386780506308798 0.389202542996918 0.400930644986117 0.395948687064798 0.409136303083676 0.415192749264262 0.368150569227056 0.273597695158844 0.430040671468561 0.423533788227195 0.390017730186305 0.423055193469627 0 0.409163008314419 0.300189803260989 0.268862625670877 0.302435062911891 0.35539186917646 0.329653876579899 0.315130217390352 0.345228335231267 0.36585080349207 0.326518418620136 0.467485822422689 0.298833283213675 0.367869007472424 0.278875090197635 0.483935738378515 0.490155856482541 0.40317701975577 0.486395451822706 0.492995894727382 0.473300945738991 0.467583509913789 0.47862214523301 0.438566128243304 0.413005521794625 0.328381861164321 0.330129854775457 0.370459975174875 0.431811331438573 0.360054680731545 0.468482559434333 0.399805275231419 0.424085861318162 0.451832105421269 0.50591128964647 0.340500624350795
"sivapurana_sanatkumarasamhita" 0.456068384052246 0.472393211192796 0.486668139235673 0.475502850714038 0.47423032177996 0.473039809288432 0.449732198619257 0.455743378206648 0.4451235089792 0.465525808717488 0.520985398785157 0.480614194701251 0.486985956898274 0.475054188671198 0.38896077873167 0.451798690470378 0.39707730904824 0.407222019067067 0.382120848321132 0.448128648449068 0.45312190124566 0.396525373549035 0.418905625806695 0.428182897841754 0.451606619668704 0.473525324505617 0.467238086246973 0.498236207094363 0.480364439617903 0.472197141406835 0.462713265121407 0.420702338442891 0.604268784604554 0.525231801427371 0.576460395338399 0.537047191482112 0.552024069609325 0.534559160929195 0.636079584487248 0.544077417667698 0.402413061367509 0.410668129697722 0.375293524316146 0.410337440256166 0.476525868541162 0.50465673642667 0.500503848348019 0.4715608249823 0.509939396164267 0.494460846905597 0.509423097739384 0.515132078247504 0.511396746996031 0.514172185364635 0.506371570154798 0.499762937751483 0.521927841897618 0.513178283252067 0.461352612135863 0.463816255233554 0.466891446941348 0.49202966801799 0.479722626054367 0.525502637934354 0.542583501521849 0.616266700715721 0.55652907445478 0.426100957560584 0.501847690334468 0.479224175194765 0.429858690494031 0.395069036055121 0.398327208650494 0.442525446550684 0.473431144906848 0.457300642325549 0.337362691087885 0.439147291738107 0.491676152956947 0.497881595114942 0.50352230612845 0.490085394715674 0.498362191484643 0.504481615342072 0.482638733978991 0.377188987009247 0.448065633812893 0.444864087969038 0.233514148522599 0.515664466614287 0.409163008314419 0 0.472199338530329 0.386132623075404 0.375276145602678 0.409168249486833 0.44607610849038 0.404254837750123 0.442056425071042 0.420180868044491 0.411517232519113 0.483534956300053 0.404306934684516 0.456563568960271 0.424755316997137 0.507438013571917 0.519998428414205 0.468404330116681 0.497852893830359 0.52841400197528 0.522239280616926 0.510401529913967 0.537446471787814 0.476966481475761 0.511949899955082 0.432553326017047 0.391994431007268 0.451129878844907 0.510398247172163 0.459103344323133 0.517931235512254 0.45552939624795 0.447861709777958 0.514341523924897 0.55360651187946 0.41274798118645
"sivapurana_satarudrasamhita_au" 0.445383890307133 0.427470487785694 0.454677261277706 0.43917557017156 0.429967966863219 0.486605646923212 0.406010494785501 0.420662254102376 0.406341888259287 0.417451337704037 0.497072276661192 0.42431037904115 0.447492808920167 0.438132984361808 0.381046404864856 0.453437836749318 0.375847284848921 0.412054584147619 0.378334931758846 0.378256631697599 0.417159481018901 0.358564580164563 0.405924691923994 0.419876767768414 0.432320930702255 0.413735631113861 0.398375359273282 0.412301979745332 0.471533167048677 0.446114098770504 0.411806747641069 0.371046366541662 0.570731134415525 0.470873787945685 0.540242503040797 0.496474771757147 0.508599970595315 0.516021526305909 0.592782219480525 0.487350490497677 0.357793439270499 0.398911871269241 0.364422413302755 0.398555882877889 0.411064410762394 0.444894894095088 0.439574217677051 0.409092453281876 0.451002756246695 0.436189779881642 0.458112541359827 0.463296056076933 0.457993978722009 0.456735358986417 0.445194993666041 0.448202161302677 0.479674374476056 0.491751367054586 0.415955633629214 0.414570302813316 0.456208470675184 0.468094558404412 0.425334259740315 0.465764271897341 0.483252532426941 0.552759381859678 0.512174687672352 0.392594838505041 0.457169163663951 0.405091065893547 0.380193982763992 0.393239324593548 0.407228005156062 0.408153309361479 0.422608084885674 0.375120021081806 0.419748940168454 0.461607871054561 0.422114089811355 0.435590058890493 0.444459091193415 0.432455525196728 0.452239576302822 0.444071644513372 0.411527469094434 0.356916138988496 0.465195490932089 0.463061303971703 0.474054311992323 0.458168599391968 0.300189803260989 0.472199338530329 0 0.354742882134133 0.383017605293609 0.421828229667608 0.380300898908693 0.391114410687676 0.392048610761115 0.424681070430422 0.380903699550923 0.478592730671954 0.34638610569036 0.416961453836786 0.363843520907992 0.508468848229672 0.522529148075067 0.424759834834847 0.521459234397995 0.509946719338715 0.508027588986991 0.50647945285442 0.49923532247077 0.47266136684108 0.463441125958016 0.387003617124117 0.390776302375005 0.418781128527111 0.468279920201385 0.399166795504232 0.486884646238187 0.45618803543349 0.469187165721379 0.477785095402175 0.518152907658023 0.395832653901237
"sivapurana_umasamhita" 0.338310998257699 0.370479141929736 0.403315978800135 0.373632354606793 0.363883296884293 0.427395803730363 0.340197685837538 0.351613738221927 0.349001954529606 0.3558921311246 0.433690965146357 0.362718290123251 0.379013741402594 0.370589069748534 0.255030128437649 0.354645592361858 0.27456386678187 0.30830277443466 0.254184284143672 0.29155447485593 0.34458497557682 0.247184425193278 0.289854011115578 0.311342658479517 0.302543474468916 0.346140791535509 0.335031993447751 0.380093353609321 0.404392065534266 0.398991662963547 0.323770925375247 0.268981310730881 0.531693939257196 0.420443080366521 0.508604707655451 0.460534234895884 0.474427613711183 0.4526359518334 0.58182166507797 0.443018569462121 0.310034141556799 0.320066368686843 0.273747776825342 0.306266432489094 0.335042783993995 0.40945924215126 0.374454257773085 0.326859451515266 0.385053176088588 0.355008792436403 0.398991738395607 0.415797645285967 0.399673231061455 0.40076009929905 0.38648358079356 0.3814003955253 0.405116885548466 0.435401093081894 0.321346648710359 0.320542166289459 0.358531703274521 0.375603393865084 0.342911616547881 0.408954379297812 0.443192859909684 0.536433267060603 0.464436358097351 0.281991379949846 0.385265218040433 0.338185727957718 0.272492017949277 0.260820521536861 0.282069707424988 0.308709469150684 0.359437943122824 0.308736159113757 0.325969234862782 0.389096320376476 0.378680223822253 0.366630050126106 0.386083989163997 0.37963410786101 0.392313140987838 0.399919797047481 0.358140196866499 0.254246090553281 0.390701903373502 0.382870032106189 0.370731643753806 0.417542226485746 0.268862625670877 0.386132623075404 0.354742882134133 0 0.288314684791458 0.339210211712103 0.327189189404035 0.271178043619873 0.30690440521291 0.346216909489105 0.310647477636596 0.427551421287668 0.279325727189574 0.350192985316923 0.281087234427074 0.445745038935577 0.452156604946756 0.374064274625941 0.458995053180481 0.449687732954323 0.439620393267112 0.422557041564444 0.449880046309646 0.398761413798383 0.400893814500975 0.284181932295203 0.266935415646806 0.32090446429949 0.427056473461692 0.341136966211546 0.428567858890452 0.349837920374988 0.39964379037014 0.428066657989063 0.486108773356852 0.300339219399621
"sivapurana_vayaviyasamhita_au" 0.327071072211199 0.397604790477364 0.410271430285271 0.388054416833793 0.383675089946919 0.428948088990487 0.362124990302404 0.371483610443378 0.368899543488038 0.384870424884096 0.451015690840508 0.394684881309785 0.399420388533946 0.397774078081521 0.272556414321513 0.381457981183961 0.299849563285365 0.31388257203766 0.278938065589755 0.342585657953782 0.34506887549001 0.299079429023893 0.311347970295563 0.309067975390212 0.337304513728586 0.361003179839826 0.37755536971295 0.406465004998615 0.423389852631779 0.420985656359301 0.37238054190841 0.293288276291211 0.54220230770124 0.455430641926164 0.52448899277458 0.475716617225502 0.480239626792977 0.463395505253123 0.593462448202918 0.471338363300314 0.314579449559437 0.307732777297777 0.267380273918639 0.266317637551791 0.383720192093503 0.44168197420548 0.413281024691028 0.378099585889959 0.423502031652715 0.398980225968514 0.427138157088895 0.444463212118324 0.424598162512085 0.42730362649145 0.42000602928153 0.412676340298989 0.437579305178718 0.444826913565721 0.359341619318661 0.376377688807858 0.386182180727573 0.403980107274864 0.386275921481886 0.447751258277568 0.466564539019835 0.549033822526619 0.497994916418791 0.327732376733522 0.427729343286581 0.381041041734025 0.327219811350669 0.294137867428139 0.271234270951448 0.346804038982047 0.382929793228508 0.355526391109256 0.347177128031483 0.361522879129184 0.405585273735313 0.397701618693824 0.40905761555023 0.403155531332722 0.416683491227267 0.421097625588942 0.390629485172906 0.274678362133328 0.36898076337827 0.35576546191644 0.379387432040912 0.429836944915167 0.302435062911891 0.375276145602678 0.383017605293609 0.288314684791458 0 0.289414365902695 0.350880053511583 0.292372520618872 0.351879053708686 0.318872141409377 0.332891418276853 0.415536810466605 0.311584385925175 0.37818406828425 0.320361636460335 0.454477542144975 0.447457646185995 0.389872914739302 0.469235192857169 0.479048308842704 0.470709474080918 0.441905591827166 0.48133735464774 0.413920549572934 0.413273189011056 0.336569813711616 0.30579260112194 0.357199802255359 0.43760767409234 0.365071456835027 0.455629893888407 0.372862582480418 0.404213104811511 0.454989441161781 0.500441810206599 0.326213333506886
"sivapurana_vidyesvarasamhita_au" 0.351096220995973 0.446898311487832 0.462948530122885 0.448232584094497 0.442077922693242 0.481077065846275 0.426190567786457 0.424306320100495 0.431994706338192 0.448675378681287 0.48831785007099 0.454898585253323 0.445391183564066 0.445891360927467 0.311753158323779 0.431213448059135 0.371359820079971 0.380457012214737 0.355765609023466 0.373326114935666 0.379365735304202 0.337976373835506 0.354663399123498 0.343727959679366 0.354739298959199 0.383259810343161 0.426616761113741 0.450399218360797 0.461293517645447 0.472266562694254 0.430127829643492 0.349925837391905 0.542148722544321 0.492874744320037 0.546525454018721 0.509845215187834 0.513408657440075 0.499316090242737 0.616748552561454 0.509622647897334 0.385881668557498 0.341005658364642 0.324578762467963 0.328204874553687 0.435029820813891 0.487268220077739 0.462277818971154 0.426986762600791 0.472812212619126 0.442741271508792 0.475047397029898 0.483205148076926 0.473329253971255 0.47289243027057 0.467792045376139 0.458655780919056 0.4834539785397 0.473955620891289 0.40065740839334 0.40782374600345 0.397334064946317 0.420501798616828 0.426056824850489 0.486255247337651 0.501956094948538 0.579034287958206 0.526497702452565 0.386907048133962 0.477759912246708 0.436944446489483 0.390010519599738 0.350184089213362 0.31058439328766 0.371476417214229 0.409458402818954 0.398108155694813 0.372322007151572 0.398040342713547 0.455778807626202 0.448628359306464 0.460004433509886 0.463014171764384 0.472645541437478 0.47103880858322 0.44232084360731 0.334950502116655 0.385627619793212 0.375998803375468 0.417684980342099 0.444641644687981 0.35539186917646 0.409168249486833 0.421828229667608 0.339210211712103 0.289414365902695 0 0.380626343321188 0.345145346359088 0.381300714081746 0.351024957026867 0.389557681827716 0.447403509307893 0.382408619623698 0.409719929178629 0.37430055294548 0.497531145586436 0.470447947291004 0.444395275786141 0.513335826092931 0.506769457119782 0.510198637944379 0.460939778369633 0.519220432508334 0.457030578614648 0.434148024034058 0.368519975369129 0.369580370646415 0.392390392771009 0.472060453908473 0.419467750500412 0.485226858377036 0.404706374640654 0.456306169197439 0.50648121949449 0.525753105710894 0.390895001164314
"skandamahapurana_himavatkhanda" 0.369875462255154 0.37915038038625 0.414707828792063 0.391429544584245 0.377689288115576 0.443199745028703 0.366047176321414 0.375815907146967 0.353935540279911 0.381219941462041 0.461669497961659 0.376839518722627 0.40397085165945 0.392011461987669 0.323601391163783 0.414327405754413 0.331865105772425 0.364275078844924 0.326113951752144 0.317556072887353 0.386525139950829 0.321124915877445 0.352231922091753 0.353031424448912 0.373129480914282 0.383594466630013 0.354306363640823 0.371721049612748 0.405487086536167 0.388907604696478 0.355496900128793 0.319993649507429 0.548144822059787 0.435419480627711 0.510503508424532 0.455139701852736 0.473453457552772 0.47266961276622 0.575284760153876 0.445214729351361 0.34681301960169 0.360803303515297 0.311706924873045 0.351143913584427 0.367254923190495 0.409157499752402 0.396372830079968 0.355234156154386 0.404548964123388 0.383134290928797 0.404213937696038 0.429850051641826 0.399243907411865 0.401486670349794 0.388187844111791 0.400275934467467 0.432716372923568 0.465587400917473 0.361422021182441 0.356541444858573 0.406184838349554 0.408905906815334 0.373017760300925 0.431727914593989 0.448380815822905 0.538828387376552 0.478482151469221 0.348720894021518 0.416379845563272 0.373336604322461 0.333765522773962 0.310728972525468 0.337337468433836 0.361860374186261 0.373488158691271 0.336437095123707 0.372013904394833 0.430715104907288 0.395879896635183 0.394814795048612 0.394488806995027 0.39849267609547 0.411143241435946 0.399967248383782 0.37094436181163 0.321325354839195 0.405845939436494 0.405295839269435 0.427440122971464 0.42254412562371 0.329653876579899 0.44607610849038 0.380300898908693 0.327189189404035 0.350880053511583 0.380626343321188 0 0.338084252653822 0.340886751939191 0.400921503291234 0.322130225004746 0.445094712859888 0.284878887687459 0.38636016714876 0.308294009351211 0.488497912057603 0.489495830484094 0.400787326049292 0.478154610477667 0.502355368033371 0.482706408698091 0.47203939669488 0.491957706452714 0.436253025636849 0.436412192583989 0.355123634629529 0.337659295356239 0.362153405353748 0.441777178678685 0.381866869689809 0.465192211317512 0.408499376048403 0.435681968523473 0.474061371739891 0.509272656400383 0.36339033468552
"skandamahapurana_kasikhanda" 0.304807170115957 0.357488524815667 0.38401760484233 0.354310814060647 0.345030814435673 0.391675160971361 0.328993305486226 0.331242604845146 0.339831656214345 0.346661816551747 0.392758703173038 0.342733283526479 0.365041420855531 0.375253985318496 0.269926060225512 0.406823817344113 0.29572214675853 0.293720764664547 0.266016274693154 0.305221607516824 0.345611953475906 0.272954739988497 0.278710976214624 0.29249456127216 0.300362870291601 0.3607031117884 0.349783947684446 0.395176563537843 0.42618639612988 0.417531004897867 0.341728759604365 0.265297221535322 0.509791193098081 0.448466110752531 0.527600718476554 0.468983177649044 0.497479170369235 0.47569314143035 0.6000101400342 0.465417867889974 0.323494402793062 0.320234651715219 0.29776091477208 0.313302091899924 0.36428010321407 0.421964685003886 0.392471284195725 0.349952684113303 0.400507805764202 0.377434522405397 0.423442133697267 0.436968322371288 0.415845713962152 0.418575477697866 0.40892487977898 0.400535058853103 0.420559589490273 0.441128756894027 0.341137913269214 0.347928338171981 0.37600840541453 0.384502982154448 0.375961718512666 0.431024337678959 0.449811922251305 0.551381651511604 0.483629628263869 0.281833930686093 0.405555789583837 0.356947218184473 0.282596174957651 0.261733128483673 0.259141208225637 0.286284655708618 0.349858431000849 0.31533125811996 0.313133199167117 0.340844011433566 0.395130638545804 0.374251876955567 0.385187819430143 0.386469137649935 0.38982890570633 0.407279478957954 0.381689794571287 0.262153537311207 0.377911698226184 0.366716463923065 0.388030463613457 0.410576899508779 0.315130217390352 0.404254837750123 0.391114410687676 0.271178043619873 0.292372520618872 0.345145346359088 0.338084252653822 0 0.303062384272631 0.343410502622638 0.336943699095938 0.436850818069789 0.299868901598387 0.360101900289238 0.28108780321933 0.465561383735226 0.459883731370704 0.40149889156615 0.459516837247846 0.478297847232268 0.4663956716308 0.43591446462105 0.477984919505374 0.40843937561124 0.39424933878307 0.295045048814758 0.292143554867207 0.320812487439376 0.432716092527711 0.363745600744302 0.444756709363153 0.368261049352775 0.393490519363742 0.437179410157687 0.495496813734302 0.311212643991123
"skandamahapurana_revakhanda" 0.35332492146801 0.388680840127211 0.424421139992976 0.388459557987676 0.367705481231762 0.42497623628533 0.376853287845434 0.382767564696831 0.376386540023538 0.386655569446644 0.430963328485574 0.365853813864516 0.388603690483389 0.370007233993439 0.293228086848731 0.39856896145905 0.320695019324589 0.359010042432403 0.314521940982678 0.242015075360371 0.381041022466745 0.29669747832994 0.311079832651987 0.346939195116614 0.34130184260937 0.385783587711857 0.31615584319091 0.363619155192368 0.394547998651662 0.389458751994147 0.313198323072952 0.294694615262277 0.507842225122111 0.402109308856169 0.491216543941069 0.433495104594266 0.46012758440426 0.448203541633445 0.562237383752208 0.420780219024011 0.343986141951966 0.346922405044793 0.295257961933662 0.333813687241253 0.310330025647376 0.387769659647234 0.344065827803259 0.296929358799918 0.366595949010209 0.336184661771978 0.386553041601631 0.386526225739205 0.390227816295404 0.385271044013681 0.358598422743643 0.36941092051344 0.389144229650798 0.42395098400853 0.299014474289988 0.284951805060207 0.349707863811222 0.331665874559307 0.321867011308575 0.379528333979448 0.420569998366668 0.502277775673037 0.430743854332688 0.305845540519274 0.420324060751959 0.343126093665872 0.295915486588201 0.284797537908232 0.333880995644549 0.326390279661319 0.335861192088716 0.280330493561034 0.346599414783551 0.436409065554637 0.345674208597429 0.350623806085074 0.372464234757956 0.36179982603676 0.38595018309558 0.388985709683154 0.336606812738802 0.29921699614233 0.411505163516987 0.393107898111348 0.442589230212999 0.386362696341714 0.345228335231267 0.442056425071042 0.392048610761115 0.30690440521291 0.351879053708686 0.381300714081746 0.340886751939191 0.303062384272631 0 0.39014108708749 0.328116647078393 0.461120843070539 0.304528362805878 0.334687494968519 0.299393452929445 0.473668704083806 0.489927395170188 0.407528550909309 0.476989213048437 0.479915387985197 0.477057079170942 0.461703849172093 0.472157478603631 0.437202552977051 0.40993990879186 0.242009337274177 0.310515662875329 0.309696162685044 0.386652733488617 0.368420728260873 0.438447509909359 0.382006542391471 0.428489388747614 0.458270506289479 0.509105033920829 0.343002312333392
"skandamahapurana_sutasamhita_khanda-4" 0.405247410697715 0.439136584324006 0.445934700676329 0.443899827962885 0.43628023364879 0.472290066378149 0.403028919215619 0.410857517187353 0.417012189502197 0.438603792904888 0.478783753500465 0.450110797396202 0.421619903159682 0.437895735615917 0.354409288827973 0.421839528637158 0.36287629149562 0.3699365669465 0.348682784935438 0.387190889049838 0.360317706290149 0.347073692018339 0.357407987412124 0.373586394306123 0.386433984572361 0.378144420176937 0.415479823710859 0.434658688584509 0.452363347382646 0.459735136189177 0.420854177471302 0.3630684385841 0.546199130393365 0.478222454806825 0.540222556740951 0.511003100221095 0.500343281369771 0.495269918699709 0.603045774119441 0.498166431087037 0.355828362221298 0.344476974288616 0.313437513118809 0.339630647627888 0.424663394828215 0.471573533486916 0.451127357572346 0.421699718129203 0.459341803366568 0.439150820196888 0.46396237669376 0.489128435656652 0.46667255685164 0.468570457198024 0.460183460202999 0.45283007083231 0.471318814575768 0.469112632425105 0.396769817419563 0.411152158934392 0.409047058645604 0.43282581000035 0.422430531651118 0.47891488176218 0.499721220261053 0.57097874662035 0.519385824625323 0.376044500631996 0.463508440771001 0.421778976073777 0.378038102040534 0.362325038876077 0.342785887289721 0.377601685241487 0.431596456227294 0.398795794240215 0.40222998450699 0.371297962379678 0.449389664203798 0.445405896849658 0.450463524836812 0.445002420629737 0.455290374920231 0.460083236133909 0.436905447919861 0.312492959712888 0.41793510448855 0.396668287599424 0.434895030161598 0.456243551739594 0.36585080349207 0.420180868044491 0.424681070430422 0.346216909489105 0.318872141409377 0.351024957026867 0.400921503291234 0.343410502622638 0.39014108708749 0 0.380995457323515 0.432765283274289 0.373453582288154 0.40127541705603 0.378326005451645 0.481326760931297 0.465986021140243 0.423682046445906 0.495675403269418 0.503583961601283 0.48516412447641 0.465251498652961 0.50113859836155 0.441416269157193 0.444303775495756 0.38447842139113 0.357835118108132 0.38450947892413 0.461864975195114 0.40685007038938 0.473765480196385 0.410630251809094 0.456788126103364 0.492167326201979 0.516307394968581 0.387006108337179
"skandapurana_adhyaya-1-31_pu" 0.390947104470488 0.382953340110444 0.419986924157049 0.391925506695199 0.382612635248313 0.438426748276462 0.355599456067621 0.372184616870507 0.359407937142987 0.369739230000349 0.456126379581884 0.385152605960471 0.401341700187255 0.396740467070009 0.316929308740221 0.379190395052371 0.29331087269817 0.364519312328584 0.310018690590431 0.312980263262775 0.379686956213519 0.30494466170436 0.351091178041495 0.357801459192783 0.373199812132296 0.37621743495939 0.342541244503992 0.374372086087856 0.400844554733245 0.39418087023671 0.341030743451277 0.317867386825138 0.56126218060309 0.412874899563891 0.486388754702161 0.445784232957199 0.469234544507426 0.45404000004218 0.563801857369634 0.429008465868551 0.324026828391999 0.341068781147113 0.272465681675938 0.334270974253348 0.335477581178496 0.393472032788729 0.375857776397196 0.328200750443412 0.389564051978494 0.364082824464181 0.406891440903161 0.411881643139855 0.411293360511643 0.414180506816855 0.386358032622417 0.386879687150049 0.423175518608932 0.448049304508395 0.33926625753986 0.321800255733623 0.393526014475581 0.394340777820419 0.350980241266599 0.403569639402145 0.435753682003708 0.524884081644733 0.4564609154089 0.315954644156107 0.409378402385994 0.35439048374086 0.305606594221047 0.297025398237135 0.350039733373943 0.350746621198024 0.370661059690502 0.334995023884764 0.360017071223406 0.424045984810076 0.366126049214823 0.367446946567109 0.390147962603662 0.382371041269011 0.399122978976651 0.404152813486549 0.354850727760785 0.301253890210521 0.410989838443924 0.41849925724067 0.418536993534636 0.429901138503205 0.326518418620136 0.411517232519113 0.380903699550923 0.310647477636596 0.332891418276853 0.389557681827716 0.322130225004746 0.336943699095938 0.328116647078393 0.380995457323515 0 0.447546563066486 0.238272670357362 0.350421545296064 0.298511552832539 0.461461069393606 0.47318946559399 0.371863786284039 0.482777133268557 0.465963057029603 0.451209394508308 0.441948993855941 0.460785435219858 0.426330049910185 0.430469942364372 0.332563632604377 0.31018193413298 0.351968488610787 0.435377145389118 0.351851535289452 0.447866152512093 0.390708691952806 0.414919427324787 0.456693012800717 0.501035011375809 0.333310233914942
"skandapurana_pasupata_adhyaya174-183_u" 0.468584496632724 0.468667354611329 0.471058840229443 0.459239973124231 0.47178530086697 0.511650456812995 0.455704854785475 0.461105950219493 0.474058790340618 0.48381619562699 0.517966079755655 0.488703872502397 0.451811965760232 0.475053072191914 0.447240694150306 0.467697998701077 0.442788482566798 0.462070563435267 0.440924551129831 0.448150262654668 0.432270568347752 0.449656047448405 0.45540839212538 0.457907636492487 0.449244021050775 0.472273204128082 0.47763021346943 0.476638589339884 0.471679774843372 0.501495240819218 0.469530062039557 0.439279717112646 0.576615894942009 0.512064806061163 0.549486083106206 0.54152157099685 0.508429425819258 0.477024072421387 0.61409226635243 0.527369735093983 0.432694167891504 0.413031142545034 0.4234191978314 0.444328710461831 0.478517812656887 0.511396667736482 0.499070782862745 0.472597903817717 0.496682249051596 0.482409756312462 0.500513787418139 0.51221404350488 0.5056600035958 0.508169335034446 0.502036564629631 0.492628779386684 0.50417862277431 0.468412795955933 0.434707999274165 0.457855267130103 0.444928440270578 0.481748371109346 0.450095228264184 0.515878971136284 0.532954935385217 0.589825699409549 0.546070610940859 0.448510983070308 0.519468215857334 0.47084510743189 0.447941876406758 0.435017533685548 0.42844079080698 0.459694236064183 0.486661464703031 0.459390860071114 0.481751303584798 0.457190536902306 0.494423796093698 0.486124480928142 0.4943882775051 0.485260747219973 0.503276572514916 0.498398618837637 0.473885569455074 0.431967343654171 0.47494457906408 0.446213914880066 0.505448025532544 0.501824271424636 0.467485822422689 0.483534956300053 0.478592730671954 0.427551421287668 0.415536810466605 0.447403509307893 0.445094712859888 0.436850818069789 0.461120843070539 0.432765283274289 0.447546563066486 0 0.415685869200102 0.467954157889939 0.449584735248624 0.503604958442414 0.469421741606587 0.462846398369573 0.547330608240558 0.5294875955968 0.535436817191777 0.506997513641716 0.544108469530533 0.484341022600259 0.513492247490688 0.465170376789572 0.431444019595891 0.438158326671867 0.52232655631902 0.464485346363656 0.519335856195499 0.486533959027634 0.525881671147839 0.545752369185664 0.552199721479112 0.467129700839039
"skandapurana" 0.358760162948066 0.333294242231019 0.385847845777857 0.343300280233611 0.329665895639806 0.406048877560941 0.316660132074673 0.336829895902367 0.313948672312681 0.338743285943153 0.40988846542965 0.316918764206453 0.359922199695376 0.36069303282939 0.291718964657807 0.378134590979357 0.26848174708137 0.313108117040432 0.262939077685304 0.264736403616896 0.367124265220486 0.284827652306866 0.306821265602275 0.339075288578181 0.342203907820139 0.377731266790638 0.281374765838277 0.319880028645262 0.370422762931943 0.311166099612394 0.266267653889202 0.283150916169232 0.546262847751541 0.389604306495433 0.473778698498159 0.42776621673858 0.46092958513348 0.442144356158044 0.564935101735135 0.40519536159236 0.307438644706133 0.335120364842186 0.272494002773299 0.330857485983445 0.285780995757848 0.346891258819866 0.322821245822993 0.264621723296261 0.329991578269293 0.310345409998154 0.332910546781835 0.370348315111822 0.332852730944638 0.337120970355622 0.313268699113079 0.323824611654866 0.369229328919315 0.421999965662195 0.29313978132247 0.285240820360448 0.35550261767159 0.365820313828575 0.303103974876818 0.36363485007819 0.387916884363109 0.509844073732974 0.428490539654119 0.291445640073008 0.372639192234725 0.318974194302027 0.269603178170211 0.238869680913993 0.318797142809012 0.334999314664565 0.33631641733105 0.291856693287998 0.341551040376821 0.404979205640128 0.326461793458049 0.327458661021334 0.336041675757137 0.319639272720671 0.340424536607317 0.325534007471823 0.293941899757607 0.274017852114434 0.399374659540718 0.3851364086358 0.396714522044416 0.409553306542682 0.298833283213675 0.404306934684516 0.34638610569036 0.279325727189574 0.311584385925175 0.382408619623698 0.284878887687459 0.299868901598387 0.304528362805878 0.373453582288154 0.238272670357362 0.415685869200102 0 0.355324831176454 0.240005688345803 0.453176556569894 0.469765708081178 0.374244405269488 0.450297264754783 0.468076759243083 0.434099824706642 0.43732735694096 0.448889530967362 0.403114336637483 0.421417552283977 0.318987867332887 0.278246044991799 0.311501683856412 0.41205855195205 0.345538334341194 0.451528794110466 0.387635076706451 0.404814963965329 0.44671833659745 0.509420684970713 0.32454130341801
"vamanapurana_saromahatmya_u" 0.424968644662346 0.43473823028607 0.457737782432361 0.441870709310234 0.430646400397721 0.479616514075125 0.413640153633694 0.415359607688963 0.413940999713848 0.415192460883158 0.481233074642162 0.438020578111301 0.450158542157837 0.439883827260214 0.353068451657102 0.425880929812392 0.357806219332268 0.408398553815024 0.36653839733987 0.344485219295779 0.411063930429855 0.348639103552806 0.381149424675596 0.396834029230506 0.387781986137714 0.417039494851346 0.406159347853964 0.42480238276956 0.458984598276015 0.460756446035151 0.403214097038204 0.355305037415683 0.535620776342941 0.452689341256667 0.528162419749455 0.485714461108698 0.494017299823009 0.485248067712388 0.586479571745321 0.474829999820596 0.354341837242937 0.350299334093403 0.33752272208355 0.375847403629659 0.399375238100805 0.45412512724768 0.436985899094304 0.390884390348249 0.442841839645426 0.41879039733689 0.459798185095537 0.456278361225097 0.460644733077867 0.460967267048978 0.43447281279697 0.439174309338599 0.466505523905805 0.47158268350869 0.390457142884605 0.383604133661501 0.421834959938052 0.420157985735125 0.402855285173379 0.45242000892064 0.481762730538529 0.539819238179349 0.48750684575197 0.352094679171916 0.452185729096761 0.391595458752051 0.349944168852713 0.363263758419211 0.389215756116037 0.378727919788891 0.391330482454667 0.359269727382772 0.398234678773173 0.451393528932813 0.412001209969844 0.421185607710872 0.432563483665737 0.422374167615028 0.44774831697986 0.44726547157383 0.398132451272076 0.339166076670228 0.436280748742417 0.43549966420975 0.466267035494547 0.408365294945069 0.367869007472424 0.456563568960271 0.416961453836786 0.350192985316923 0.37818406828425 0.409719929178629 0.38636016714876 0.360101900289238 0.334687494968519 0.40127541705603 0.350421545296064 0.467954157889939 0.355324831176454 0 0.344558637279218 0.484949485985432 0.49194704068592 0.412343273819202 0.506313517848602 0.499543621081022 0.503372243889837 0.458146338024182 0.492582232126225 0.462821505191438 0.417395029119255 0.328436261196216 0.354907697054955 0.391930771179634 0.454141792811066 0.392685878249785 0.46968652388904 0.418694716724878 0.457960175757658 0.487358366627579 0.516006782853945 0.381884068706654
"vamanapurana_u" 0.32870966012857 0.352101081717544 0.398924301064684 0.365709524312083 0.344819180527063 0.409772975969411 0.317283277622085 0.338470147634385 0.313437940612891 0.327745441242315 0.430769746835366 0.33322255068556 0.383891846145073 0.374171988474588 0.272239834371525 0.402446193629003 0.265161774460744 0.306479875398067 0.263996229531943 0.277053538094172 0.365721042901714 0.263369224088258 0.299978257228786 0.318664445453968 0.337700131950641 0.365192288872709 0.292041464443894 0.341242511799847 0.412238176911622 0.366600728860542 0.295077533789365 0.256915085935965 0.536944578838504 0.403889354726682 0.495490740535432 0.439974825211647 0.474405647827215 0.469154475962346 0.578743112422769 0.415762807101196 0.285920329581044 0.318955300011687 0.283515194203251 0.321453626607934 0.321179376193626 0.374700624244992 0.35716390770799 0.304999947042392 0.368845113771715 0.343922612007191 0.377945610594029 0.408695243539753 0.372324895148204 0.372818369463902 0.350307324970623 0.363707987059916 0.398520283426543 0.445545684581386 0.33214666879417 0.322900464793389 0.384534715589439 0.38931672065549 0.343014652130903 0.396386610273657 0.407805522108267 0.519473095601593 0.456960873924066 0.281824676647278 0.369107146952118 0.335178303267907 0.270503360937479 0.253991317811879 0.289364326017588 0.294816573844387 0.344511001976895 0.281238336568634 0.321894177700884 0.408952345700525 0.336368436789867 0.338430551640422 0.347689333572157 0.345975805101753 0.359959374511248 0.356846140334525 0.31357508139858 0.266809968219046 0.403395651957646 0.400418629783304 0.397533142692717 0.409751662076936 0.278875090197635 0.424755316997137 0.363843520907992 0.281087234427074 0.320361636460335 0.37430055294548 0.308294009351211 0.28108780321933 0.299393452929445 0.378326005451645 0.298511552832539 0.449584735248624 0.240005688345803 0.344558637279218 0 0.473586163151817 0.487697472901638 0.391627556417041 0.458081107951239 0.489061144753286 0.455763849207445 0.453358954938548 0.461338050545172 0.421037133299776 0.394747717078572 0.303544284976502 0.299072891302186 0.31392190090128 0.41386173970226 0.34360544003579 0.449111790846467 0.377938558622538 0.386663133061913 0.437472110924508 0.498658132023259 0.309697815331011
"vayupurana_01_frame-and-cosmogony_iast" 0.500852672190967 0.479757196005842 0.49262493385681 0.490591106345111 0.488744845066996 0.515495924321693 0.463625604011896 0.477098045110594 0.474145247640755 0.48646390254518 0.550467882267855 0.501902456856246 0.49602283345783 0.486726567613155 0.464474174435332 0.420041225188347 0.451310860338313 0.479056849072654 0.442613677629935 0.481261280562128 0.485636843834204 0.471594947323816 0.470082943815557 0.475931485949929 0.478120331309398 0.493666126754688 0.493123644633082 0.521653381575145 0.502854463265025 0.506981662038519 0.487320589961346 0.462343998623609 0.610733975395025 0.510490145559613 0.558391925411994 0.550649738694013 0.525043480822768 0.520690040031972 0.613813111630965 0.534306527830833 0.457683362462162 0.46892759842815 0.435512526780745 0.465644242537798 0.490968771581687 0.527092569987607 0.508609009629118 0.489062963254709 0.518550486556094 0.500314500445582 0.525709306051718 0.510363289316728 0.527453842340714 0.527515235694295 0.518732242916601 0.507756164527934 0.521313166475213 0.528765175286012 0.472852010532849 0.474731393067683 0.499846477500132 0.500220477041701 0.485900158839806 0.526721991327213 0.542149159508091 0.591509918263572 0.549350808404494 0.448825519144935 0.514850551393631 0.485104664236115 0.451619930213896 0.435926671250493 0.469045539203094 0.494628396980895 0.508957715276825 0.488391891170009 0.493748574490434 0.495111223068884 0.517126953994132 0.517489273752552 0.530450330211672 0.520322371416849 0.528034666657651 0.535473828379347 0.504899075883146 0.451770679649755 0.520717437297222 0.513007752877711 0.524219232651208 0.52538874369299 0.483935738378515 0.507438013571917 0.508468848229672 0.445745038935577 0.454477542144975 0.497531145586436 0.488497912057603 0.465561383735226 0.473668704083806 0.481326760931297 0.461461069393606 0.503604958442414 0.453176556569894 0.484949485985432 0.473586163151817 0 0.483994361839778 0.451080117019879 0.520711435311404 0.48180728678724 0.48578658111087 0.487213698893342 0.494385349800992 0.485151340064074 0.527716716471411 0.479605396061478 0.395618104865463 0.483553900199227 0.535862985933732 0.467737210496057 0.521590822169234 0.477323605218004 0.50977621672258 0.538433268546467 0.548850922351953 0.457729963978837
"vayupurana_02_pashupata-yoga_iast" 0.485406409686254 0.517640716087081 0.515132343393741 0.509769405045079 0.512027043527151 0.529860374232446 0.489138406099596 0.498564931756889 0.504753739339636 0.517648458555345 0.548620447704518 0.529116901702651 0.505191494216649 0.516890224716882 0.462533385949358 0.465908317987956 0.472446303456525 0.500485127677826 0.46958158475355 0.490364046793196 0.468857112432173 0.476057443377311 0.464289066265616 0.470548023795646 0.458219975863199 0.490687835832579 0.507531948077218 0.522139656479171 0.510468191329048 0.540564212787156 0.506155088091864 0.466689045779579 0.597250509654646 0.536364528531689 0.575285909591355 0.5615199606018 0.545169432677954 0.517158929127436 0.63715712240793 0.551154240112751 0.482759473315282 0.459483123309964 0.457225421321835 0.462957972035648 0.50665415979693 0.547630101184008 0.524115570032281 0.498616853306343 0.520441888151178 0.504309403434831 0.535287479006386 0.536096222913112 0.535884598149887 0.537873917253886 0.531292489344174 0.515310882510269 0.529696393018497 0.515661772885741 0.46935383063205 0.485129509442918 0.492339912292461 0.488585421050537 0.482075482270811 0.537622623937916 0.554651528687897 0.603284302248322 0.566756682597585 0.464767851098294 0.540435016493205 0.503799609058439 0.469310304081049 0.457319700790466 0.46860073149814 0.48418956840564 0.517080966569106 0.491806881829633 0.507444899182859 0.486587041843025 0.5278837545878 0.519115098524389 0.52934775542995 0.520619396946552 0.537506741095353 0.536970927966454 0.513243085768911 0.461415046050087 0.501571925887351 0.483196268459997 0.53615183145866 0.522663156858507 0.490155856482541 0.519998428414205 0.522529148075067 0.452156604946756 0.447457646185995 0.470447947291004 0.489495830484094 0.459883731370704 0.489927395170188 0.465986021140243 0.47318946559399 0.469421741606587 0.469765708081178 0.49194704068592 0.487697472901638 0.483994361839778 0 0.472346404788806 0.561339005930419 0.509040452837953 0.527521326539123 0.481012853564581 0.525323164431564 0.49882675542747 0.531567392982776 0.486045559727468 0.427933056156743 0.486038207318265 0.536610785929607 0.488978591676327 0.529761251486978 0.488528115214638 0.532836812472881 0.548868832792518 0.573752830075407 0.478832352626745
"vayupurana_03_kalpas-and-shiva-lineages_iast" 0.437670086262273 0.429361109717737 0.447525547882431 0.433735065883461 0.432903317544015 0.480283906489829 0.403112086969862 0.421365626311579 0.409026840553699 0.419391584726102 0.508360752087384 0.437423697979584 0.441904620602483 0.425481370552426 0.390068459316544 0.384999439341047 0.378615329604213 0.421173017656489 0.378461462420617 0.41135017898021 0.437707482301778 0.398059624179059 0.408010956876649 0.41904266273527 0.42257020530771 0.42861914565848 0.435922647918128 0.442240841781166 0.447834068529875 0.44680057833886 0.41189017682218 0.38639371284945 0.577481600854141 0.445276209774835 0.511273723811571 0.485224922132399 0.466227489532495 0.458212154159774 0.566744832270934 0.465397330438934 0.373151198721014 0.400426305301366 0.351974828545213 0.398676257647139 0.420413837383223 0.457927254592384 0.446058471776017 0.417328290720466 0.453607453724111 0.438871451461416 0.466915639647139 0.475232305595098 0.468104515155397 0.464404026554234 0.459235576302791 0.453606325269909 0.479918697861151 0.49011533484728 0.414483435153879 0.412045216605618 0.46289169450397 0.456172977385986 0.427862150187585 0.47595962104403 0.487624260575144 0.561012486958536 0.509949805172039 0.380163244984744 0.463618188223478 0.42272097033231 0.379911873604162 0.362832054663758 0.40709531698262 0.431420144717705 0.449407534509092 0.415412688456813 0.445762970266647 0.451001739865487 0.446765834420171 0.450582379177222 0.462531422222279 0.447201229517098 0.465990639882386 0.465362037125995 0.428929697107779 0.372605834791929 0.465504389701164 0.462563076824264 0.482605055675402 0.473917143973226 0.40317701975577 0.468404330116681 0.424759834834847 0.374064274625941 0.389872914739302 0.444395275786141 0.400787326049292 0.40149889156615 0.407528550909309 0.423682046445906 0.371863786284039 0.462846398369573 0.374244405269488 0.412343273819202 0.391627556417041 0.451080117019879 0.472346404788806 0 0.500565844817058 0.458259446933303 0.449900958492714 0.46765220034388 0.457801944969425 0.450087699464045 0.46522461467515 0.412706808771153 0.312549835206445 0.425092534538727 0.477838762673521 0.411321963133977 0.473448356938843 0.450838656288559 0.461115962126535 0.489682630790473 0.528976459521001 0.399804800930813
"vayupurana_04_bhuvana-vinyasa_iast" 0.4823473228952 0.506593574328545 0.532031443599751 0.525721956732484 0.50799536195334 0.511697017826989 0.494726382082594 0.509222210890355 0.481555558067876 0.505496365043403 0.548847863310494 0.506757521866923 0.526792283446041 0.511469660901659 0.460952689839026 0.475057628686841 0.444423057075578 0.425784195669069 0.414626815986438 0.494875270422863 0.501518270383367 0.473920260261965 0.441792682933849 0.458840917367533 0.491321620886923 0.508395117284348 0.489267341315908 0.528856687073912 0.502809670317588 0.460434622676289 0.484755435680346 0.457645104828437 0.600313215966344 0.545431078731025 0.598516445474816 0.566993793275417 0.5762884851656 0.560919481961377 0.643156426687084 0.565046011103764 0.466902478740537 0.50477114843808 0.455552401420832 0.473557934880108 0.507146417980267 0.51590214402557 0.524958641933393 0.500564338011738 0.527968613298237 0.526965394133802 0.513197421110531 0.526997698303052 0.516654165539647 0.513120904764192 0.511063682515408 0.525685588983974 0.527635959056084 0.556184179047254 0.517044300625721 0.509065994718173 0.524499035042943 0.530891618393173 0.526826375018245 0.545410439971534 0.554285510990828 0.62417726155314 0.560147308151443 0.459396465790962 0.509924764125753 0.507622834423716 0.462547727752757 0.417872994329285 0.447480294414229 0.494276662391583 0.483566089418645 0.505492058176364 0.478714657016507 0.514621264050592 0.51595148174624 0.516051227249719 0.51494062807612 0.494372738686971 0.493843419500114 0.505670200342895 0.507451232758363 0.460830098248539 0.500066594918551 0.488158167173099 0.509184024364616 0.539940871960447 0.486395451822706 0.497852893830359 0.521459234397995 0.458995053180481 0.469235192857169 0.513335826092931 0.478154610477667 0.459516837247846 0.476989213048437 0.495675403269418 0.482777133268557 0.547330608240558 0.450297264754783 0.506313517848602 0.458081107951239 0.520711435311404 0.561339005930419 0.500565844817058 0 0.53782198708908 0.489760819586551 0.52584342011672 0.532236797091686 0.458228883750019 0.540951496498807 0.475979086779552 0.366631060824077 0.51374380392078 0.536814831840792 0.505903856941745 0.540729303439166 0.518128110489101 0.517004693531451 0.544010189835753 0.588777997264838 0.482973596090798
"vayupurana_05_jyotis-and-purvardha-close_iast" 0.506403950446139 0.508146579596787 0.534852490515301 0.527387371690655 0.521107687799483 0.54496130295577 0.492775649969101 0.502049345171702 0.502691325247433 0.50340138647418 0.558276360306048 0.523063507244838 0.521209972782289 0.504796999571246 0.469855779117517 0.399165313653919 0.457922915179902 0.484143078664438 0.44777515761828 0.493610914064927 0.504160815813717 0.481865140039152 0.480262234397622 0.485643408506108 0.47671636750543 0.50443179070798 0.513198581392325 0.538927468225666 0.52191153690573 0.523714643259407 0.50293112852247 0.479557904810861 0.615164624984745 0.522163299038634 0.558543265524184 0.555118202062393 0.538940520963456 0.529359717618644 0.617851917841264 0.540809386703451 0.485547285725919 0.484441083811687 0.452647276498793 0.487527854073391 0.499767056662132 0.538692021658274 0.518715845320749 0.498339653306694 0.52305753081787 0.508418067349474 0.536452453876137 0.537361901646377 0.542680178631834 0.541727170014312 0.526944468935103 0.520763788792342 0.538326215530846 0.546520197631472 0.491920244134736 0.488575312145182 0.52237557445327 0.515986129005187 0.501964867994975 0.538125035901971 0.549579239818144 0.608348316888527 0.561275454518034 0.460717353794711 0.527533827210731 0.491756617603026 0.461981209886222 0.443587896272098 0.486950551682951 0.504881199955469 0.511234141083983 0.502478369421629 0.514812257838329 0.517988030677344 0.520597221380086 0.523738821581319 0.544975171280708 0.525122212911435 0.547952441005755 0.545634875767826 0.515070976286826 0.463866280561977 0.528797605637804 0.523805333965957 0.538495116820998 0.522511429562019 0.492995894727382 0.52841400197528 0.509946719338715 0.449687732954323 0.479048308842704 0.506769457119782 0.502355368033371 0.478297847232268 0.479915387985197 0.503583961601283 0.465963057029603 0.5294875955968 0.468076759243083 0.499543621081022 0.489061144753286 0.48180728678724 0.509040452837953 0.458259446933303 0.53782198708908 0 0.477092900938204 0.488753172404892 0.460843697394926 0.48178380902394 0.530703013200303 0.478854050100773 0.400611635931951 0.51014778647966 0.553292362518161 0.48568190281452 0.506612223058037 0.49186398121303 0.526577219442487 0.528766146859803 0.542144276974299 0.465047219696033
"vayupurana_06_prthu-and-prajapati-lineages_iast" 0.482060072608002 0.486195681774993 0.513132248244996 0.500339279438688 0.495692185105446 0.525519794827805 0.469116084719764 0.483123468656257 0.472978485341727 0.473631672896072 0.545428792640287 0.49463657305186 0.507247870783704 0.495931251382998 0.458083405574209 0.409497599472396 0.433228355373837 0.451502428012465 0.418624131925269 0.47644580498477 0.493405536273135 0.460100459999734 0.450252038517792 0.469466406056324 0.478331976548504 0.483163685292717 0.476548477643658 0.514020530789561 0.495398805689784 0.478916252977966 0.467242720475078 0.455145825292292 0.615563639301217 0.485943675155309 0.520211660756021 0.539187850611079 0.537570155677919 0.523844172638839 0.615570685565171 0.512504039099121 0.474597080645401 0.497505807963136 0.443869170068144 0.470982808661435 0.474729576348572 0.502201412719389 0.492649385966801 0.47263584268703 0.494780144310843 0.488223544878846 0.510378857000597 0.509206423592699 0.512496168958494 0.510072095182733 0.49700740769441 0.494864818903 0.516279161383618 0.544380214897605 0.477424050205992 0.46808255162651 0.511275669796069 0.504216450755873 0.48596515079136 0.514456431060116 0.535503897672343 0.599165223235281 0.541034213527288 0.436428034846838 0.495683120566596 0.479343873994899 0.436680420367685 0.412208877042913 0.464041936387075 0.491198376261964 0.49090847128204 0.484371653481634 0.508977054187602 0.512934426007656 0.494284377089254 0.507275277962807 0.510916607472796 0.499935871952032 0.508304030925317 0.51085143942762 0.493862297931213 0.454980618580734 0.53089786572921 0.518413761591803 0.521800718958858 0.518725097796075 0.473300945738991 0.522239280616926 0.508027588986991 0.439620393267112 0.470709474080918 0.510198637944379 0.482706408698091 0.4663956716308 0.477057079170942 0.48516412447641 0.451209394508308 0.535436817191777 0.434099824706642 0.503372243889837 0.455763849207445 0.48578658111087 0.527521326539123 0.449900958492714 0.489760819586551 0.477092900938204 0 0.482249584410773 0.458787663086759 0.478447346962562 0.521399164507714 0.486938757235274 0.366318993137874 0.496998069744864 0.53056434058477 0.483075505396724 0.528611702434813 0.491703730034185 0.505431030027715 0.534872608490417 0.568880169659094 0.460857632368121
"vayupurana_07_shraddha-kalpa_iast" 0.460071508522206 0.481651554700007 0.500162499373901 0.497115430438379 0.492235579554022 0.51923190904553 0.471057060079631 0.469163813447965 0.482453232702562 0.482270204267619 0.532742349259544 0.497084609624645 0.489211935517918 0.485523060596067 0.423856969483346 0.439737400877385 0.435189764023426 0.469998893658936 0.432059531707427 0.448208580559417 0.476269917448686 0.445234913084054 0.441332914974564 0.442960141748478 0.422045341674727 0.464218000662583 0.474203773784861 0.50889333450342 0.504380947207819 0.510650363866844 0.476023360148748 0.440801682115671 0.588322645134272 0.499562551658514 0.551649749986195 0.534594893479843 0.538599900410802 0.520856137885199 0.622222314170551 0.527614720396467 0.471244736411483 0.447983403885955 0.433236457772323 0.453959030800998 0.46923420682266 0.524106502683478 0.492124999591371 0.464495050741363 0.497203674101344 0.477699345492105 0.517782978843042 0.499254069471193 0.517170888141309 0.52012092864001 0.507980205987047 0.492411127897455 0.509456918641161 0.510226354356294 0.451137472159331 0.438646079133824 0.466708349332155 0.456146221670978 0.468814570345467 0.506310400177151 0.531737833728605 0.58121952550592 0.545648920311819 0.430838176403783 0.515101862200877 0.472239898578084 0.434613449919163 0.407979017587633 0.438722248865429 0.461964233920515 0.460838199672544 0.474573813030401 0.474122283097554 0.4852760786895 0.499122528224245 0.497053397558841 0.518552544586616 0.508581237648505 0.522941517868336 0.524198735029755 0.494115930306367 0.435501086881371 0.476208951639825 0.474151515198106 0.509511471338 0.49721229341283 0.467583509913789 0.510401529913967 0.50647945285442 0.422557041564444 0.441905591827166 0.460939778369633 0.47203939669488 0.43591446462105 0.461703849172093 0.465251498652961 0.441948993855941 0.506997513641716 0.43732735694096 0.458146338024182 0.453358954938548 0.487213698893342 0.481012853564581 0.46765220034388 0.52584342011672 0.488753172404892 0.482249584410773 0 0.491463431575546 0.479857828770813 0.476450653556721 0.455962017127635 0.380061847741382 0.460256890664275 0.523259357607067 0.473103876203251 0.516088789793827 0.456252693689245 0.503251821950257 0.536657119250972 0.551480155375503 0.44953772259895
"vayupurana_08_manu-candra-vishnu-vamsha_iast" 0.495750647149834 0.492183281977917 0.524237454864511 0.518386499049983 0.506363363456866 0.535585477005375 0.484371932612649 0.488795214131223 0.484056054432246 0.462724090915076 0.557427690298338 0.497194551097262 0.521612416798519 0.49245933503015 0.454637703666439 0.429533064869035 0.432969751117582 0.484198475839414 0.438268213142827 0.475669466105451 0.498898754554489 0.460789798361523 0.46446135292812 0.481995399306258 0.483550491760216 0.497000331840902 0.488413091186124 0.505605702370891 0.526587028744349 0.515869493548415 0.471072654340532 0.458078029640361 0.620224268421395 0.478118424633175 0.543028700748694 0.530684097161033 0.554430257963381 0.54163053998744 0.614370987829064 0.481820356362305 0.48171836277909 0.501033252307465 0.454738519096544 0.484620969134671 0.46330937562799 0.511772972405438 0.482664127324876 0.468555335708316 0.495339138848554 0.483475491409362 0.50938665645558 0.510541741097598 0.511324435414186 0.511292677173151 0.493994062569885 0.501804575948079 0.515982371356493 0.550642191102683 0.480156837708521 0.47364385616981 0.530072054316555 0.51428535193601 0.482509238147161 0.496992705929211 0.527777097275498 0.571748615998365 0.5355425592899 0.434584419307912 0.50269272187958 0.456065211747426 0.430311469299993 0.426234514160695 0.477144695834377 0.488388231015975 0.497717297620084 0.473173748392721 0.504256076871561 0.535041100740776 0.492498375127862 0.495806462965729 0.51644880169118 0.506736054478349 0.520869378016112 0.522972665296919 0.489628396945913 0.458802169197375 0.536828230102962 0.526170094071198 0.527152924866445 0.526946269515417 0.47862214523301 0.537446471787814 0.49923532247077 0.449880046309646 0.48133735464774 0.519220432508334 0.491957706452714 0.477984919505374 0.472157478603631 0.50113859836155 0.460785435219858 0.544108469530533 0.448889530967362 0.492582232126225 0.461338050545172 0.494385349800992 0.525323164431564 0.457801944969425 0.532236797091686 0.460843697394926 0.458787663086759 0.491463431575546 0 0.494532337206266 0.526007863422931 0.472563162681783 0.392910379196988 0.503477563475399 0.54134390255925 0.471717359652682 0.505705576620405 0.488329208976608 0.483869159755979 0.510406329707487 0.554583862341281 0.439570116039967
"vayupurana_09_upasamhara_iast" 0.445733544015067 0.440927585495976 0.464766243168463 0.456587957600651 0.452312874475693 0.481897580699888 0.431923110997268 0.443064630670931 0.436077339581974 0.451437358643957 0.491985241941474 0.446955760631285 0.456210206080884 0.44784349187427 0.414787909993835 0.430431490159234 0.391683123981676 0.405880770129212 0.376608680199415 0.44144039467224 0.435059814156082 0.41170937077205 0.410992361752533 0.429551995596785 0.433307865567315 0.452591614336875 0.452107289626652 0.484563903010292 0.458562939987695 0.459735776722309 0.441691043393996 0.417204338286209 0.578752412570512 0.514878532663546 0.561403716905378 0.5267363234553 0.526956521301502 0.517481256130915 0.617988696054468 0.529668396328347 0.422566587728331 0.438204740921162 0.403180180250359 0.425749434358598 0.45766028648184 0.494242685634205 0.474972597905592 0.447537116190283 0.477307897025048 0.469644498852399 0.480963767909146 0.485509883678347 0.483796897744848 0.481704961044259 0.478001075552622 0.476893177663731 0.481576623733062 0.495826832978104 0.445648658979383 0.451612142419392 0.470878129719476 0.484474270368942 0.458874243293222 0.497800614937075 0.51274048391211 0.588403181825115 0.526653545403212 0.410322743592749 0.470617264020198 0.451491597711948 0.407659123582048 0.380308234849709 0.405408762671824 0.446314165666049 0.466996509320827 0.448890826678143 0.437488329349113 0.452262067189502 0.477567412125009 0.476596558927246 0.480317871612482 0.468581907761069 0.473290871506653 0.486027329981738 0.473151020598944 0.400729068691225 0.479482819964818 0.457738991238134 0.481702484380692 0.493579365104219 0.438566128243304 0.476966481475761 0.47266136684108 0.398761413798383 0.413920549572934 0.457030578614648 0.436253025636849 0.40843937561124 0.437202552977051 0.441416269157193 0.426330049910185 0.484341022600259 0.403114336637483 0.462821505191438 0.421037133299776 0.485151340064074 0.49882675542747 0.450087699464045 0.458228883750019 0.48178380902394 0.478447346962562 0.479857828770813 0.494532337206266 0 0.487123427637949 0.425664998940794 0.347811622712934 0.456317858383531 0.497849715893047 0.446945809484767 0.498779844775952 0.462821919807883 0.48604753545152 0.515493701301601 0.535452726560523 0.431306065835002
"vayupurana_10_gaya-mahatmya_iast" 0.410815530752139 0.469756941545325 0.492154169945314 0.48211279700561 0.469507358371688 0.524423375098273 0.453516736887606 0.451680512183895 0.455456726642685 0.45833120434777 0.522027403499655 0.473636486409798 0.486628081481405 0.491355220694742 0.386947058053294 0.47522395887602 0.412411196001352 0.437732555098635 0.408496082669414 0.413689755049472 0.448985156625315 0.397345872042443 0.409350497940253 0.411735983198124 0.394417775702824 0.433336469225891 0.455265333543472 0.4773684516913 0.506820055243396 0.506202328837204 0.461195228037649 0.390265131010732 0.562138713579247 0.519500840466785 0.57573226029737 0.536289593541158 0.538364780001409 0.540655003786093 0.638962553495377 0.527968379282975 0.431297693919382 0.415563820586296 0.409536779253136 0.419565449303316 0.47090136549773 0.506365932295505 0.493414400623102 0.466292578432481 0.500246290435951 0.482854953930684 0.5110501351301 0.511700753283326 0.50544780950322 0.50693038320103 0.492882014993458 0.492151107710339 0.512750848629937 0.531761400740214 0.465558676435842 0.45314868551255 0.480777576240128 0.474226417589905 0.477507505184549 0.511292940178304 0.529123673166428 0.580490568674399 0.53271077475359 0.42094157942812 0.483295848352205 0.464742203011409 0.421536815796846 0.406680444028468 0.393379565201629 0.408446223067998 0.439724695748392 0.430101257001609 0.433280964572692 0.468288018238845 0.479370147095707 0.477385071659782 0.493328876233469 0.490302177188675 0.507482158636174 0.50772749793293 0.473457742976206 0.390506516557582 0.468964391897812 0.468775231673284 0.499792680849537 0.475873067358529 0.413005521794625 0.511949899955082 0.463441125958016 0.400893814500975 0.413273189011056 0.434148024034058 0.436412192583989 0.39424933878307 0.40993990879186 0.444303775495756 0.430469942364372 0.513492247490688 0.421417552283977 0.417395029119255 0.394747717078572 0.527716716471411 0.531567392982776 0.46522461467515 0.540951496498807 0.530703013200303 0.521399164507714 0.476450653556721 0.526007863422931 0.487123427637949 0 0.393211722982913 0.361773558446725 0.449426850030199 0.501797811871678 0.448595140056657 0.520897624493407 0.44452071199168 0.504273450232449 0.522378024313538 0.558712536587845 0.437750034834261
"vayupurana_revakhanda" 0.360639600073601 0.402275486240784 0.433200936410784 0.414016121965088 0.397218877400046 0.447426171922194 0.378535840010255 0.387267808585582 0.382329547740213 0.392661429301921 0.452025905062589 0.392728296662023 0.409274514398005 0.405800895910845 0.27420504845369 0.399495999885953 0.31208580656508 0.353984335269342 0.30617305675 0.296169649907195 0.372561407386237 0.294347822486024 0.314553657350401 0.32876424127514 0.31419772237085 0.375802176220701 0.363446899648632 0.39684184705451 0.442797304910429 0.430700826871355 0.357199445144617 0.300286339216239 0.519530056751654 0.453098345479814 0.533618190416696 0.47476743745251 0.497877256361843 0.487906349955556 0.593543155729692 0.467837146629235 0.34102106367381 0.328967189932754 0.308452627435667 0.336661519941093 0.36222863218191 0.42940997237883 0.397676174952962 0.348284807755325 0.411003848016622 0.38455934168716 0.429347489677401 0.434133430791476 0.426945791800696 0.425871415603827 0.40660623405758 0.410294259629126 0.426293262578416 0.451220107725448 0.355423848718066 0.342552718399806 0.388948929992816 0.381536866366098 0.374949320707208 0.428791456818129 0.462377446291622 0.537134876476407 0.473601873671802 0.305022588866456 0.403536136557757 0.346638631398453 0.293505052394191 0.296277425244005 0.318612448120884 0.310077244797174 0.340546495368491 0.31789381281337 0.339076073033823 0.430134258239818 0.396935616747296 0.390412534909298 0.403594945422332 0.402036851165719 0.41894296127565 0.423171699739668 0.379569690839851 0.293211252916604 0.407864138439156 0.405637765282895 0.429067162477863 0.385524602157267 0.328381861164321 0.432553326017047 0.387003617124117 0.284181932295203 0.336569813711616 0.368519975369129 0.355123634629529 0.295045048814758 0.242009337274177 0.38447842139113 0.332563632604377 0.465170376789572 0.318987867332887 0.328436261196216 0.303544284976502 0.479605396061478 0.486045559727468 0.412706808771153 0.475979086779552 0.478854050100773 0.486938757235274 0.455962017127635 0.472563162681783 0.425664998940794 0.393211722982913 0 0.313603287721495 0.347358435016566 0.405366254858924 0.371315004011016 0.442983730443369 0.378151781083521 0.431998948525545 0.447129127483244 0.501414989840132 0.336099761140639
"vayupurana" 0.330525605589836 0.370044077429337 0.40981682585192 0.387562109351601 0.371624756467199 0.421153771467925 0.341698940510556 0.359415239218367 0.343667388713518 0.358930239175565 0.44993350982146 0.37129407229951 0.389129875919328 0.372265458509812 0.279651835995791 0.31068580055804 0.267957743659773 0.307759625407072 0.245438168413165 0.317787141098887 0.363924444282229 0.302739819094806 0.289785955026578 0.306215000688725 0.315393561919968 0.364722591249107 0.352977299312498 0.399856015224674 0.390669235012022 0.377092610401092 0.340407762140549 0.287939540241587 0.541153910961265 0.417107098651728 0.496097874370213 0.455770146020926 0.462472100405501 0.447433846720895 0.578762085266751 0.440203531559284 0.317778224886567 0.340274407958967 0.267861467248363 0.319522587987375 0.355257498016807 0.408328854387496 0.389337579230577 0.345102473450429 0.401012549779767 0.380893840061179 0.406478813733472 0.414812049395508 0.409967847299618 0.410213994790384 0.390977803920657 0.395252417724226 0.417696432797747 0.446783743554662 0.348731397428514 0.336443016495594 0.39693075675386 0.386995067981595 0.371997819521191 0.420403962850835 0.452213929444065 0.542789800611494 0.46828572715892 0.281551330846975 0.402158067000182 0.358512874668551 0.283816236383185 0.228054016438443 0.290583169494851 0.344295621313421 0.361326837732142 0.338879261349477 0.347995018129811 0.391734236541217 0.38826067968525 0.387433158147169 0.405165249895686 0.386233613726492 0.40307897180341 0.408474579964235 0.37303127918356 0.276144561542634 0.394700592831606 0.38153745626123 0.39809308277099 0.423141805910041 0.330129854775457 0.391994431007268 0.390776302375005 0.266935415646806 0.30579260112194 0.369580370646415 0.337659295356239 0.292143554867207 0.310515662875329 0.357835118108132 0.31018193413298 0.431444019595891 0.278246044991799 0.354907697054955 0.299072891302186 0.395618104865463 0.427933056156743 0.312549835206445 0.366631060824077 0.400611635931951 0.366318993137874 0.380061847741382 0.392910379196988 0.347811622712934 0.361773558446725 0.313603287721495 0 0.358467036473912 0.435114763183527 0.349903654029885 0.430228439539865 0.364044224148682 0.406241024580118 0.439145633922137 0.49540990230207 0.313967035380209
"visnudharma_pu" 0.369709937256433 0.352471195653122 0.381078629811365 0.317341433631992 0.309927002079974 0.384298700351358 0.345953062989271 0.349342141424 0.354023271236983 0.386918585215369 0.385082921413549 0.320240246819659 0.313068164661707 0.329546330917734 0.319290288492555 0.431072487770255 0.341031129354439 0.385872845482816 0.347866162620681 0.251570076392589 0.391421213572557 0.323597204805052 0.344283053506176 0.364548720697284 0.342853959249757 0.390438009986757 0.294861755858176 0.32726962731059 0.382661472852364 0.395527148184867 0.288449118821284 0.330116154862077 0.522846047769495 0.393675633177789 0.479966351161978 0.425977488740737 0.435729952476175 0.43092958540617 0.554353039920492 0.41321594733443 0.351306563946143 0.3459271980389 0.334486247413495 0.364491524374363 0.288092073380654 0.376832320934321 0.320703591176738 0.277664607533225 0.342314539458308 0.294539636538087 0.37363181231736 0.385556483377738 0.369265253460801 0.373107062636079 0.35405029010155 0.340761149357925 0.35910734481342 0.38206201368575 0.243918912070425 0.254624848738647 0.299327784733103 0.306228487263338 0.285790956636773 0.363058060748726 0.408350386154898 0.501686865819169 0.43636294171141 0.316459046804133 0.429440773192569 0.34224980788471 0.304764586748001 0.314009591513177 0.329204598374715 0.32820115308152 0.38164693967271 0.269003764337646 0.360160523753323 0.419609001953928 0.340871836679925 0.325872131575636 0.352670300205757 0.345464455161438 0.356750872632626 0.372939635211938 0.326044144935245 0.332155169265524 0.414728394685284 0.389866296293393 0.443022783880041 0.431685155429304 0.370459975174875 0.451129878844907 0.418781128527111 0.32090446429949 0.357199802255359 0.392390392771009 0.362153405353748 0.320812487439376 0.309696162685044 0.38450947892413 0.351968488610787 0.438158326671867 0.311501683856412 0.391930771179634 0.31392190090128 0.483553900199227 0.486038207318265 0.425092534538727 0.51374380392078 0.51014778647966 0.496998069744864 0.460256890664275 0.503477563475399 0.456317858383531 0.449426850030199 0.347358435016566 0.358467036473912 0 0.391020087526483 0.346776563722861 0.442034629739889 0.352625707991533 0.417808544974107 0.448198534796796 0.489436778333007 0.318149948733048
"visnudharmottarapurana_khanda-3_adhyaya-343-353_pu" 0.441610133033549 0.458979268434374 0.477564745317952 0.44771818033446 0.433839349171578 0.472859969834553 0.4473819838046 0.453741197175311 0.446529265105381 0.465779112261331 0.486083628961096 0.43644754221825 0.451485285475228 0.432331119570631 0.411509543452221 0.485757436689002 0.426207529841679 0.449302034251797 0.423295429928242 0.382883029607339 0.468588670431893 0.42020660291934 0.422762321211225 0.435602576596367 0.438497677074385 0.455626574165277 0.397790923429144 0.416221925538578 0.465962778084574 0.455930900381709 0.401915037224749 0.413589359389832 0.562637195315544 0.472982645179313 0.539571475310873 0.491393774669249 0.496570431851153 0.508632894039708 0.590124815947854 0.490746370755551 0.430866392337431 0.449489393366529 0.416487687280649 0.424394792374178 0.40260752540753 0.440094885929607 0.431184575039537 0.395973499987405 0.440724870301994 0.425658851164398 0.456799740097453 0.452404203727093 0.451929175810646 0.4505370168039 0.444935407472376 0.436312944706058 0.45118582611144 0.476729527418628 0.403569374628765 0.403047487607987 0.446530627283873 0.443143961660116 0.407064102432179 0.460948601914088 0.46921668308451 0.543344038239427 0.496796601240839 0.422089644561919 0.484011531552641 0.426773551646252 0.409481636778601 0.408594341286373 0.430300444105432 0.44174825004084 0.438490733675078 0.374921348967951 0.442449461714709 0.499541988080225 0.429727072480341 0.433450541903784 0.430927932491332 0.43150172840967 0.440174684613245 0.450629080212765 0.412882114983625 0.417128964970528 0.510419233201735 0.474656639791766 0.51104475431595 0.494177360982936 0.431811331438573 0.510398247172163 0.468279920201385 0.427056473461692 0.43760767409234 0.472060453908473 0.441777178678685 0.432716092527711 0.386652733488617 0.461864975195114 0.435377145389118 0.52232655631902 0.41205855195205 0.454141792811066 0.41386173970226 0.535862985933732 0.536610785929607 0.477838762673521 0.536814831840792 0.553292362518161 0.53056434058477 0.523259357607067 0.54134390255925 0.497849715893047 0.501797811871678 0.405366254858924 0.435114763183527 0.391020087526483 0 0.44360535221811 0.501486088886148 0.460746757269897 0.488502136821925 0.500348236846076 0.548920943583452 0.42786840048963
"visnupurana_amsa-1_u" 0.415222342626876 0.39932331119706 0.415474451326007 0.39705512797515 0.381808627668507 0.45245292847302 0.359189623675971 0.361407733755553 0.364933334962654 0.386975528160363 0.466258246676912 0.395057521477977 0.407401474297469 0.398492061039818 0.357239606672005 0.409352803914162 0.337855469732195 0.386423838635471 0.340411428330055 0.349402693739179 0.399260256587265 0.339104664386464 0.388697683317091 0.391745179814654 0.388645771748033 0.402780748038478 0.382687494765373 0.401086957045222 0.431920605131012 0.425425437246405 0.373027557045478 0.348532043005858 0.557038535633449 0.439065948894325 0.518908007169488 0.484976660877548 0.452934473401883 0.470981659273128 0.566212934380786 0.46382468402663 0.353220863999237 0.379253396087312 0.340103206248524 0.382712808422919 0.372806868787505 0.43457609940606 0.407322676982486 0.373870085222081 0.424256863002442 0.396895682408028 0.434839482830707 0.431640856622725 0.441298078179797 0.440234790039821 0.422839617354585 0.419118494504119 0.444267078475567 0.457787754923194 0.362442665887272 0.364292709267419 0.424219070974084 0.430250863843805 0.378134052126377 0.432476427703861 0.467656072229598 0.536993400401057 0.488020938843068 0.321256765252367 0.423112738991607 0.346366658586618 0.308951044656633 0.336533503589379 0.373929320033172 0.382030012696715 0.422198043956092 0.355541828342766 0.389324564606552 0.421678560499487 0.409651181668577 0.407256040206635 0.428618696211619 0.41620503626083 0.43254099757529 0.438102232857674 0.393317432914122 0.343652163530856 0.456793881309049 0.444936380135654 0.444204441118906 0.456300374498368 0.360054680731545 0.459103344323133 0.399166795504232 0.341136966211546 0.365071456835027 0.419467750500412 0.381866869689809 0.363745600744302 0.368420728260873 0.40685007038938 0.351851535289452 0.464485346363656 0.345538334341194 0.392685878249785 0.34360544003579 0.467737210496057 0.488978591676327 0.411321963133977 0.505903856941745 0.48568190281452 0.483075505396724 0.473103876203251 0.471717359652682 0.446945809484767 0.448595140056657 0.371315004011016 0.349903654029885 0.346776563722861 0.44360535221811 0 0.395200393884843 0.363343229344768 0.403985969114273 0.388681168612684 0.438641343639513 0.232764496013017
"visnupurana_amsa-2_u" 0.472729225675696 0.484897178135986 0.494293281544443 0.48092340923565 0.482471162309612 0.499806417333256 0.463948101052248 0.473378876200962 0.471565664535517 0.477707210446611 0.519050506204027 0.482912756588289 0.482969034697794 0.463993639254889 0.428778499446602 0.440705573978738 0.42739989801707 0.462724834284953 0.425065203482719 0.444908287308701 0.467684801210771 0.442901464176457 0.463599587405892 0.451113714092812 0.445458046366357 0.476531206351966 0.480478813917433 0.487796441582816 0.492110248667688 0.497084147952258 0.459134212671291 0.444935173909858 0.582750403061267 0.507046893676112 0.56070614803636 0.542535502742345 0.508603346122638 0.523072815499817 0.59399456246312 0.5212260781123 0.457547016018869 0.461062812313809 0.429636389200596 0.454072151637497 0.460567346922899 0.506342357655828 0.483796114831354 0.455242073361641 0.490208106286072 0.480442594572541 0.503719162875918 0.507189355128274 0.506235757674741 0.505759412804866 0.494033275280203 0.497809197840715 0.510858285411123 0.519209568073593 0.450085161820466 0.444979065820971 0.491678057580137 0.470854580013837 0.463106979738007 0.506615923117034 0.528986441072405 0.577678798094296 0.533882142277898 0.408175573012498 0.491235406001024 0.438023783210981 0.40640091112058 0.42388968129513 0.441048516720692 0.458335261685645 0.483018604542705 0.445946151317838 0.475750135872465 0.502726397953316 0.486056600903599 0.489385668568352 0.495917614871513 0.49228030850079 0.50408253775783 0.505105830554826 0.483393638373546 0.437986834477345 0.51581768990765 0.51177915609874 0.516168938599867 0.512345151682085 0.468482559434333 0.517931235512254 0.486884646238187 0.428567858890452 0.455629893888407 0.485226858377036 0.465192211317512 0.444756709363153 0.438447509909359 0.473765480196385 0.447866152512093 0.519335856195499 0.451528794110466 0.46968652388904 0.449111790846467 0.521590822169234 0.529761251486978 0.473448356938843 0.540729303439166 0.506612223058037 0.528611702434813 0.516088789793827 0.505705576620405 0.498779844775952 0.520897624493407 0.442983730443369 0.430228439539865 0.442034629739889 0.501486088886148 0.395200393884843 0 0.42343915734929 0.472950417978859 0.448122153932616 0.46057579148285 0.359060994410723
"visnupurana_amsa-3_u" 0.388427157304305 0.426089871736632 0.4482953487063 0.425727623482594 0.419642621420439 0.464541929565295 0.396624566242764 0.396857674683909 0.407475756360143 0.422765204787254 0.471536280074578 0.423118866066953 0.420561098809002 0.41961197199155 0.342427288571495 0.412808847685015 0.356147324629208 0.403032710357296 0.357903229302616 0.371889279287371 0.408519152558074 0.367295629645369 0.381344746037822 0.373391387696486 0.350547630462087 0.41725000819088 0.408113896645352 0.442784612003195 0.455545165107993 0.460748158512018 0.401232292014635 0.363058517641148 0.561902655143043 0.461253421390778 0.533836898951807 0.497185197703399 0.484823845764029 0.481379282151591 0.595379438364787 0.476515247563013 0.406555362210779 0.380876486656829 0.35935593557027 0.384095132179024 0.402576800783678 0.46410739074113 0.426362239304833 0.398954414663136 0.439060307657148 0.412732803109411 0.454539207554817 0.453072418194566 0.456761954294819 0.456061956954228 0.439828996150829 0.437891235629369 0.454936006534738 0.474983141485048 0.379122337793182 0.379706957440142 0.413994684817647 0.397644521797911 0.400802620576009 0.442878234811303 0.487769351372847 0.554260814333237 0.496356802560309 0.335771141724994 0.440876933772015 0.38945362600653 0.335554637225617 0.350134483582441 0.352903376958859 0.3741832503474 0.42084215787568 0.384708562107225 0.397809917536044 0.445942714299476 0.439675912090296 0.428238107519068 0.453102797777551 0.445680418266972 0.45470932323275 0.465536134424572 0.433717310268273 0.37034819828047 0.44078225836238 0.425497928789499 0.437899860264407 0.468301689871347 0.399805275231419 0.45552939624795 0.45618803543349 0.349837920374988 0.372862582480418 0.404706374640654 0.408499376048403 0.368261049352775 0.382006542391471 0.410630251809094 0.390708691952806 0.486533959027634 0.387635076706451 0.418694716724878 0.377938558622538 0.477323605218004 0.488528115214638 0.450838656288559 0.518128110489101 0.49186398121303 0.491703730034185 0.456252693689245 0.488329208976608 0.462821919807883 0.44452071199168 0.378151781083521 0.364044224148682 0.352625707991533 0.460746757269897 0.363343229344768 0.42343915734929 0 0.402294251587832 0.452005683845601 0.463498854166836 0.280390221247331
"visnupurana_amsa-4_u" 0.426503550092621 0.423082362901452 0.452003937651553 0.434487957156664 0.423029570587223 0.423596517359192 0.409308057463995 0.423977921700094 0.408552735424742 0.377533215269409 0.47637056137644 0.417596210081637 0.45519753688368 0.41771522929817 0.390148084874162 0.44880441990063 0.364017438870584 0.398949779409327 0.363307078584037 0.413881881783054 0.452177582478249 0.401369238555125 0.433714250316464 0.414765006591968 0.431510207874401 0.448395289945651 0.428876559590144 0.460786406620853 0.47542298135372 0.460404662837231 0.412312437373185 0.403123743433589 0.586933001089844 0.435474328078417 0.529598218153562 0.462863445073441 0.504299864928597 0.497901061781347 0.578089557495686 0.453782374675237 0.415840982164329 0.438393938862946 0.404012599889936 0.431481265419612 0.406815964156078 0.460968104119906 0.441401398900159 0.412277962843946 0.451176578160254 0.431418927103638 0.458509790156218 0.468153311588639 0.454650176808656 0.457123969898087 0.443537981516105 0.448172761974661 0.465546826164237 0.492074029532534 0.423386054248956 0.426499875254637 0.472691587670242 0.46856535623087 0.43430365224491 0.463416846030711 0.480240606894434 0.576201891892372 0.525168672675087 0.369471585616204 0.46119965718433 0.407401915109555 0.366837018412875 0.381537774523746 0.39883560405293 0.422103225608365 0.458483942666144 0.412848357831311 0.397678846261697 0.438958074939778 0.442465038191117 0.442863669435211 0.464205592271256 0.460175531811704 0.463434503506385 0.4747408803401 0.442495134946041 0.403492373754867 0.484374114270054 0.466493604285129 0.421970519683876 0.515770092431643 0.424085861318162 0.447861709777958 0.469187165721379 0.39964379037014 0.404213104811511 0.456306169197439 0.435681968523473 0.393490519363742 0.428489388747614 0.456788126103364 0.414919427324787 0.525881671147839 0.404814963965329 0.457960175757658 0.386663133061913 0.50977621672258 0.532836812472881 0.461115962126535 0.517004693531451 0.526577219442487 0.505431030027715 0.503251821950257 0.483869159755979 0.48604753545152 0.504273450232449 0.431998948525545 0.406241024580118 0.417808544974107 0.488502136821925 0.403985969114273 0.472950417978859 0.402294251587832 0 0.452083026748862 0.502725729415067 0.267308183271602
"visnupurana_amsa-5_u" 0.475973577162651 0.471862558861512 0.495756653547432 0.476063571898115 0.475432824487137 0.49599797435578 0.455155513535443 0.46115367846856 0.453628838951496 0.47359791451344 0.500215070141576 0.449531693625857 0.481770709590475 0.47379287370047 0.440172760583631 0.48025247488027 0.428082510562942 0.44734316558752 0.421260363025456 0.452061089052665 0.476909961273248 0.436755647545425 0.461846842704665 0.447855990962584 0.455974664798725 0.471442133321161 0.462806634234011 0.4719053400452 0.514143611617745 0.49803090515535 0.441184375069998 0.447145498042848 0.601288015867902 0.517152854446263 0.578933015933598 0.538298952206141 0.538485934175416 0.547823814040867 0.619285370372077 0.531218644712991 0.451809020157989 0.466997070271861 0.441094917300523 0.45961243121983 0.466424924492065 0.499858452556167 0.483307696859545 0.463432318400957 0.49232173178065 0.479870354385616 0.500269287452147 0.527235414600888 0.502929870012189 0.500569822207265 0.495374168702383 0.497901365646079 0.506702265661186 0.526717901047333 0.469129816692716 0.4693783141984 0.51702133480621 0.50566029247518 0.479534851523631 0.515159871105147 0.519313740631025 0.593096788736911 0.553595511207933 0.425775356018127 0.479622573953958 0.456964009100088 0.419316862295351 0.426611217794136 0.450200743607863 0.464879701119682 0.496782660869488 0.444651763514605 0.46966069207982 0.492161384775384 0.498863851276983 0.494754371445658 0.494112642453314 0.493219789724617 0.498661441841933 0.499368538874323 0.48524954486543 0.433695696458233 0.520756588453567 0.51245406900934 0.50437438733944 0.529389163256679 0.451832105421269 0.514341523924897 0.477785095402175 0.428066657989063 0.454989441161781 0.50648121949449 0.474061371739891 0.437179410157687 0.458270506289479 0.492167326201979 0.456693012800717 0.545752369185664 0.44671833659745 0.487358366627579 0.437472110924508 0.538433268546467 0.548868832792518 0.489682630790473 0.544010189835753 0.528766146859803 0.534872608490417 0.536657119250972 0.510406329707487 0.515493701301601 0.522378024313538 0.447129127483244 0.439145633922137 0.448198534796796 0.500348236846076 0.388681168612684 0.448122153932616 0.452005683845601 0.452083026748862 0 0.461207487147903 0.33601184461578
"visnupurana_amsa-6_u" 0.534617921206839 0.506975890816181 0.526554967928367 0.519349092843003 0.517099561093542 0.546183704993991 0.500429009156144 0.502166033521557 0.504996068215429 0.51319365056318 0.550913899382473 0.513322625402738 0.5095928160228 0.506321972485957 0.493036442715674 0.504569118725824 0.479531726807647 0.518229598713521 0.487995629724465 0.49872619259277 0.511576817415148 0.490397222997496 0.516915217834457 0.506602227016339 0.504250619231942 0.525961947351411 0.522044593759558 0.532168735386923 0.549175046110402 0.548781697638615 0.511142643451308 0.508554265986944 0.610540749928899 0.543458258194491 0.602776641500609 0.573316324928693 0.552237182663079 0.561232376084864 0.620441745442574 0.559497334666546 0.500544584422877 0.497635094828383 0.485107520664312 0.510444819530479 0.51242164473053 0.556777241828465 0.527045349343646 0.511389841387994 0.539005139489233 0.521414093958021 0.544803273714353 0.552717047080757 0.548473398201085 0.544671248392822 0.536381333545789 0.541864577043828 0.549167279744172 0.550617644869581 0.504549314162173 0.506929611415788 0.53840625167986 0.531969046414942 0.511828155376529 0.538067365435768 0.56065241746833 0.602719037711419 0.576478473406648 0.474753385762842 0.539887066017688 0.491500672339702 0.473988956969979 0.495506375723623 0.49655890611137 0.507241096422179 0.545731807404786 0.500810737270946 0.514020402135815 0.528224469073593 0.536116509428891 0.534820124409741 0.551663372898677 0.543477615759806 0.554216956227184 0.557907788764076 0.53382626407252 0.493166960097626 0.553519204816433 0.53651537019398 0.547749244409458 0.554558376118215 0.50591128964647 0.55360651187946 0.518152907658023 0.486108773356852 0.500441810206599 0.525753105710894 0.509272656400383 0.495496813734302 0.509105033920829 0.516307394968581 0.501035011375809 0.552199721479112 0.509420684970713 0.516006782853945 0.498658132023259 0.548850922351953 0.573752830075407 0.528976459521001 0.588777997264838 0.542144276974299 0.568880169659094 0.551480155375503 0.554583862341281 0.535452726560523 0.558712536587845 0.501414989840132 0.49540990230207 0.489436778333007 0.548920943583452 0.438641343639513 0.46057579148285 0.463498854166836 0.502725729415067 0.461207487147903 0 0.406325346512861
"visnupurana_u" 0.363357504395484 0.366652623113714 0.399092445457811 0.37105937414472 0.358690558605406 0.404446619724508 0.332194791559545 0.342860277985751 0.338912961664584 0.341749059374416 0.434261083565713 0.354825128583928 0.382121655230618 0.359055062393176 0.303285196213316 0.372225388197343 0.285025794821672 0.344132378627795 0.285678269495749 0.321671094007838 0.380030816527019 0.306964886609602 0.354864593661799 0.33532169438527 0.342379505948012 0.379141694331645 0.361730151546144 0.392763836846133 0.421017613113943 0.410171950331577 0.342003758926927 0.317301992148831 0.551578739385103 0.409459534479109 0.504518748862083 0.454159590943145 0.450750745042365 0.458172248145808 0.558489224153402 0.43280661390026 0.33760059900572 0.355464698590567 0.311205278915315 0.350416667363791 0.338870125072047 0.418609331372127 0.378173718104441 0.340589359020053 0.396922573895433 0.367029802306567 0.409864271496698 0.418134665961452 0.411328900821028 0.410228065692504 0.395190709250292 0.396692325414006 0.418385622520273 0.441919592656747 0.339940815516364 0.33871496171097 0.408380090146474 0.396381714586599 0.361155274615343 0.41077300062307 0.445842902052946 0.534580642491418 0.47956592536602 0.26844812818429 0.400413361393636 0.322298254081116 0.259703692029436 0.290464411019429 0.318069244735434 0.344924629351639 0.392400995035786 0.326792437970281 0.338508454308843 0.394121858051457 0.388679242369812 0.384056262331263 0.408306003932751 0.40394121236864 0.413947281762983 0.421407193575874 0.382775566990776 0.31232726800507 0.4297105903376 0.414019870953285 0.386195904652124 0.450998975305765 0.340500624350795 0.41274798118645 0.395832653901237 0.300339219399621 0.326213333506886 0.390895001164314 0.36339033468552 0.311212643991123 0.343002312333392 0.387006108337179 0.333310233914942 0.467129700839039 0.32454130341801 0.381884068706654 0.309697815331011 0.457729963978837 0.478832352626745 0.399804800930813 0.482973596090798 0.465047219696033 0.460857632368121 0.44953772259895 0.439570116039967 0.431306065835002 0.437750034834261 0.336099761140639 0.313967035380209 0.318149948733048 0.42786840048963 0.232764496013017 0.359060994410723 0.280390221247331 0.267308183271602 0.33601184461578 0.406325346512861 0
