"agnipurana_u" "bhagavatapurana_skandha-01_u" "bhagavatapurana_skandha-02_u" "bhagavatapurana_skandha-03_u" "bhagavatapurana_skandha-04_u" "bhagavatapurana_skandha-05_u" "bhagavatapurana_skandha-06_u" "bhagavatapurana_skandha-07_u" "bhagavatapurana_skandha-08_u" "bhagavatapurana_skandha-09_u" "bhagavatapurana_skandha-10_adhyaya-29-33_w_commentary" "bhagavatapurana_skandha-10_u" "bhagavatapurana_skandha-11_u" "bhagavatapurana_skandha-12_u" "bhavisyapurana" "brahmandapurana_khanda-1_u" "brahmandapurana_khanda-2_u" "brahmandapurana_khanda-3_u" "brahmandapurana" "brahmapurana_pu" "devibhagavatapurana_devigita_adhyaya-31-40" "devibhagavatapurana" "devipurana" "garudapurana_khanda-1_u" "garudapurana_khanda-2_u" "garudapurana_khanda-3_u" "harivamsa_appendix-29-30_mathura" "harivamsa_appendix-31" "harivamsa_appendix-41" "harivamsa_appendix-42_pradurbhava" "harivamsa" "kalikapurana" "karatoyamahatmya_pu" "kirfel_ppl_textgruppe_I_col1" "kirfel_ppl_textgruppe_Ia_col1" "kirfel_ppl_textgruppe_II_col1" "kirfel_ppl_textgruppe_IIA_col1" "kirfel_ppl_textgruppe_IIB_col1" "kirfel_ppl_textgruppe_III_col1" "kirfel_ppl_ungrouped_col1" "kurmapurana_khanda-1_u" "kurmapurana_khanda-2_u" "lingapurana_khanda-1_u" "lingapurana_khanda-2_u" "mahabharata_01-adiparvan" "mahabharata_02-appendix-21_sisupala" "mahabharata_02-sabhaparvan" "mahabharata_03-aranyakaparvan" "mahabharata_04-virataparvan" "mahabharata_05-udyogaparvan" "mahabharata_06-bhismaparvan" "mahabharata_07-appendix-08_sodasarajika" "mahabharata_07-dronaparvan" "mahabharata_08-karnaparvan" "mahabharata_09-salyaparvan" "mahabharata_10-sauptikaparvan" "mahabharata_11-striparvan" "mahabharata_12-appendix-29_moksadharma" "mahabharata_12-santiparvan" "mahabharata_13-anusasanaparvan" "mahabharata_13-appendix-15_umamahesvara" "mahabharata_14-appendix-04_vaisnavadharma" "mahabharata_14-asvamedhikaparvan" "mahabharata_15-asramavasikaparvan" "mahabharata_16-mausalaparvan" "mahabharata_17-mahaprasthanikaparvan" "mahabharata_18-svargarohanaparvan" "markandeyapurana_adhyaya-1-80_u" "markandeyapurana_adhyaya-81-93_devimahatmya_u" "markandeyapurana_adhyaya-94-141_u" "markandeyapurana" "matsyapurana_pu" "naradapurana_khanda-1_u" "naradapurana_khanda-2_u" "nilamatapurana_au" "nrsimhapurana_pu" "padmapurana_a" "pranavakalpa" "ramayana_01-balakanda" "ramayana_02-ayodhyakanda_a" "ramayana_03-aranyakanda_a" "ramayana_04-kiskindhakanda" "ramayana_05-sundarakanda" "ramayana_06-yuddhakanda" "ramayana_07-uttarakanda" "saurapurana" "sivadharmasastra" "sivadharmottara" "sivapurana_dharmasamhita" "sivapurana_karvanamahatmya_au" "sivapurana_rudrasamhita" "sivapurana_sanatkumarasamhita" "sivapurana_satarudrasamhita_au" "sivapurana_umasamhita" "sivapurana_vayaviyasamhita_au" "sivapurana_vidyesvarasamhita_au" "skandamahapurana_himavatkhanda" "skandamahapurana_kasikhanda" "skandamahapurana_revakhanda" "skandamahapurana_sutasamhita_khanda-4" "skandapurana_adhyaya-1-31_pu" "skandapurana_pasupata_adhyaya174-183_u" "skandapurana" "vamanapurana_saromahatmya_u" "vamanapurana_u" "vayupurana_01_frame-and-cosmogony_iast" "vayupurana_02_pashupata-yoga_iast" "vayupurana_03_kalpas-and-shiva-lineages_iast" "vayupurana_04_bhuvana-vinyasa_iast" "vayupurana_05_jyotis-and-purvardha-close_iast" "vayupurana_06_prthu-and-prajapati-lineages_iast" "vayupurana_07_shraddha-kalpa_iast" "vayupurana_08_manu-candra-vishnu-vamsha_iast" "vayupurana_09_upasamhara_iast" "vayupurana_10_gaya-mahatmya_iast" "vayupurana_revakhanda" "vayupurana" "visnudharma_pu" "visnudharmottarapurana_khanda-3_adhyaya-343-353_pu" "visnupurana_amsa-1_u" "visnupurana_amsa-2_u" "visnupurana_amsa-3_u" "visnupurana_amsa-4_u" "visnupurana_amsa-5_u" "visnupurana_amsa-6_u" "visnupurana_u"
"agnipurana_u" 0 0.390943568578499 0.414410312626932 0.390675271038556 0.374972300170061 0.423641437383865 0.367913900466806 0.371586196336363 0.369834685666373 0.372824323590582 0.437343429413091 0.369039810004213 0.394465762117963 0.382366090879407 0.277232044179902 0.408284834329774 0.336137732103279 0.318692370634763 0.299396167045302 0.333328499472386 0.369601486735203 0.323751881506039 0.274746295537403 0.219436866468621 0.302260724254495 0.371642520623537 0.3655876787022 0.404515567463739 0.424949932679985 0.415269485967489 0.362812099145449 0.2842472806857 0.501312500618278 0.451819149925152 0.514601875638284 0.464967527593099 0.484364231014018 0.470784079669984 0.596333146813619 0.463815962547364 0.360586659347953 0.343869426985594 0.311805864927044 0.290892393598201 0.382010638418406 0.422527368821817 0.405519138123889 0.375415767219249 0.408237515904697 0.391856721311974 0.417784812796837 0.431965210222544 0.406706135280064 0.407664712880649 0.406700685839365 0.398755201145783 0.420370795803992 0.454105536991652 0.370517797446573 0.371769094495397 0.393451807618862 0.375723430587674 0.393350987650277 0.445569785318753 0.442980807771393 0.541302217187639 0.481086461274992 0.333680922951109 0.424700903662954 0.400346500861803 0.339709012133739 0.267461046057824 0.223460310543826 0.334306351345956 0.368092392471157 0.346503083774911 0.351797078297367 0.384861469966485 0.409118946993215 0.39456005958886 0.39727328978949 0.396876288864923 0.40475899217233 0.406577914016463 0.394763497880061 0.32439745529709 0.372041956179277 0.338643312876392 0.419548793839951 0.427842112801276 0.368945523886716 0.442132889935624 0.425985018012425 0.322463763852491 0.31137232766275 0.330972781073928 0.353744426149407 0.291832686197667 0.337736780551551 0.388211972875897 0.375358147947697 0.448280233162805 0.346255345024957 0.405603279767318 0.315686653979177 0.472781215852005 0.457575411238399 0.419050167207341 0.463790227205525 0.477292789679113 0.457857825071148 0.431112187222766 0.470782131379726 0.418459701292483 0.385665756290677 0.345974696560319 0.314626929243401 0.353259496245606 0.41752479688038 0.394944677971303 0.450254005771614 0.366562710564412 0.410119824836157 0.456026530480262 0.508944650006615 0.348583452116246
"bhagavatapurana_skandha-01_u" 0.390943568578499 0 0.288431937773484 0.261532725921997 0.24820527541721 0.337095847588604 0.252938567724965 0.262377797032344 0.271209724284168 0.27813221490994 0.376566263679079 0.230490585499854 0.273169209656133 0.292727866521985 0.351090863611402 0.414252645943279 0.315891636316274 0.383241347191674 0.334844648030593 0.331405700233084 0.401820745407101 0.350219346532632 0.381700842887187 0.373180629042892 0.378254537316975 0.42127791642019 0.337619407201632 0.365684316952426 0.402899112062611 0.390585693879833 0.304170696666459 0.358448447921122 0.537337355447537 0.412361087254366 0.499027583180077 0.446563033839933 0.463223618301201 0.463617235250284 0.560360138527404 0.428385281608018 0.349544295049019 0.365520460243642 0.367748161270381 0.398372937405617 0.310695000862033 0.385849745375131 0.335318313599482 0.306081928519283 0.35231596538931 0.324887431085313 0.373597686274974 0.386918245183651 0.364737735649212 0.372749902739656 0.362473604155858 0.350337265735675 0.367777310950064 0.419300931156728 0.308444474907777 0.318795399379242 0.396413521439056 0.394140293596713 0.328919405607344 0.374321494091989 0.398809007405921 0.500843097963697 0.433182298158733 0.325313137569997 0.428369615385798 0.346270610568593 0.319709545254198 0.324162684961039 0.349684611215283 0.362472032094431 0.409452901823202 0.334072238090173 0.366176741340568 0.399862555689732 0.372777909945828 0.351080230979317 0.374654140362278 0.370576841396415 0.381784721654585 0.387767089309418 0.353956018872661 0.351355211464777 0.436337663430481 0.406233884267306 0.429086547425663 0.440690160351245 0.386190305359035 0.451952297073595 0.407179481851139 0.351135775710042 0.379038688618092 0.427106553746103 0.3594631216558 0.338696086009072 0.369939671796947 0.420575472708228 0.363853927071568 0.443955720067987 0.315075240390845 0.413595541392834 0.335150889436232 0.452475567082073 0.490049040424665 0.4082353067395 0.485426049483477 0.478751932504918 0.461554566300268 0.45424263510204 0.466901569758529 0.411774186413775 0.446367679794415 0.384613654758246 0.349281530866909 0.332928034958996 0.430798790043106 0.376917898510092 0.460747567684825 0.404145355926596 0.403880728590231 0.453804812857868 0.48015032574422 0.348748416116585
"bhagavatapurana_skandha-02_u" 0.414410312626932 0.288431937773484 0 0.275644229213705 0.285944733525303 0.342043313809102 0.295839624982066 0.294776795756952 0.306622310908923 0.329010892271899 0.414039245004863 0.31477117576432 0.30064516641362 0.325052887892372 0.392221238518679 0.444530066408378 0.363661124878834 0.412231997153077 0.373200037252456 0.380442275112505 0.413211928655849 0.392513737970178 0.409529667398891 0.397970940810785 0.409205763245505 0.439582055049694 0.397266072768 0.401130955837881 0.421043900177833 0.430876400338616 0.377282450834557 0.384968252914197 0.543924274768657 0.449909433253107 0.514736738288016 0.465180504470712 0.466939634091391 0.47113399733116 0.567293960860503 0.45727699101693 0.364893152536456 0.380819973078572 0.393310140493118 0.416043003673243 0.383877893420289 0.441337424458194 0.407017411430875 0.37882632667755 0.417306334518744 0.396159184013972 0.42912925695837 0.440093303167125 0.421885313516727 0.430499548776315 0.42496403601656 0.410854502914077 0.423755000424862 0.43803183509518 0.363273382249312 0.37983872646953 0.426626646364444 0.424949998579883 0.387962530090178 0.437433542591567 0.456568548042538 0.536292864081696 0.477049810413707 0.369507520698191 0.456557414141771 0.388318964750943 0.365327507329661 0.370154368337987 0.377420342105825 0.396487957291349 0.441250250913571 0.371063493752714 0.401364399910145 0.400200580682681 0.41781337277193 0.409471658086795 0.414981389998019 0.406942482685164 0.422267211993364 0.426535996447458 0.402095941425638 0.380161613342318 0.446748468681596 0.426587351225234 0.454367674149771 0.46580903231074 0.42011097331398 0.464685831323892 0.433207402808489 0.381734046066359 0.388506432058758 0.442065519969614 0.394123072261763 0.361825408126594 0.403872299642333 0.42378482419484 0.399969914438675 0.446350826083685 0.365592388124647 0.43395834090245 0.379160520219 0.467828111453033 0.487078903063054 0.425354174811273 0.510430596237477 0.507923212268063 0.489972813129042 0.473210490633957 0.500054599313772 0.436759473192352 0.467225553260947 0.412224385971911 0.387457747792 0.358819432654687 0.450672584559206 0.392194661278976 0.470664369082548 0.424182839707492 0.429959340704868 0.47566688244836 0.49985371984446 0.377658202566148
"bhagavatapurana_skandha-03_u" 0.390675271038556 0.261532725921997 0.275644229213705 0 0.193332933690989 0.298927768134468 0.270011006650391 0.278366249629184 0.280397702268572 0.303242554054656 0.345873459473533 0.233132956221578 0.231563144243067 0.272659055253226 0.37243488159688 0.429008893570709 0.345183385089941 0.39041020909338 0.350360294273853 0.31665662220633 0.400789562290103 0.373464634107259 0.387430079311425 0.386230349724049 0.389914924277641 0.428292251975023 0.330099019626913 0.358659047120847 0.373759284850656 0.379365546372936 0.307206304091567 0.362082401171327 0.529534297247309 0.40087115516677 0.478712991220042 0.421871455390579 0.434814760229987 0.427373849016944 0.544206672357689 0.415459953551818 0.356488424256754 0.367898237896074 0.370945074147344 0.399112137057138 0.311997293122255 0.389899373658256 0.346338115997027 0.302412072030624 0.352313077680932 0.329504430770235 0.372733562888426 0.385051051625434 0.362489660088868 0.371497232413903 0.361808138860625 0.349355988609933 0.37120752015537 0.385310885222217 0.289060040070004 0.306013186953468 0.370270081229256 0.371296977582616 0.320830358866884 0.385021629037599 0.404539079934649 0.49877555057764 0.44059684994727 0.34094966553451 0.437907675791051 0.36940081089985 0.336632337103188 0.34700483124209 0.362338768425705 0.36772713335351 0.424598917139529 0.317487403904454 0.37672913121496 0.400052122065459 0.356526987573965 0.337991259751113 0.356627601021278 0.353423923885614 0.359021812673073 0.366141857285173 0.337474899878592 0.368238752212606 0.433373664400435 0.399001566624394 0.440548458987172 0.451517216820065 0.39523841529157 0.457688959073778 0.419739472156139 0.356724051843526 0.370808617681535 0.429663871825811 0.372902633282188 0.33682102039644 0.372017960115271 0.426231966494098 0.374810852008547 0.434031930549769 0.327082360176235 0.421714944432749 0.35037269418615 0.462742417294041 0.481194710171083 0.412349430086756 0.506536497342638 0.498129804383589 0.476055295081387 0.470102985919732 0.494502396004575 0.427518091634746 0.458942879606816 0.398515652406015 0.369785287501885 0.299628819424949 0.422130796862316 0.376425262083701 0.45695920053828 0.404746584715108 0.416529303002266 0.458597760927153 0.492784975724204 0.35522722530532
"bhagavatapurana_skandha-04_u" 0.374972300170061 0.24820527541721 0.285944733525303 0.193332933690989 0 0.300040200409302 0.250745127017337 0.262000566836324 0.263795190965188 0.281530818434781 0.348647060241741 0.201977427344876 0.246654636678172 0.265047778823246 0.356825152524393 0.422369668787919 0.325260231710225 0.376994316400858 0.331895375127905 0.30086289838637 0.394528302041803 0.354577446299864 0.370698533580796 0.371209173683328 0.378118588284605 0.423744578435062 0.311975700877263 0.343049788940066 0.37101160120441 0.369827906517688 0.291153362548059 0.349002935185765 0.519610694834704 0.386064544649407 0.475690919862023 0.417176536707118 0.437220143885722 0.433500597345188 0.548962034967756 0.400367858106996 0.339551676799717 0.364940910052662 0.357437171073764 0.390790439916814 0.290479379156293 0.376244531659358 0.328972186430819 0.284113224426068 0.340784959714189 0.313238750017823 0.362275029176356 0.360222112031282 0.352879132018261 0.359176928309697 0.348473634904053 0.337779592912282 0.353713321227987 0.389057230675662 0.28079446088959 0.293895962928753 0.368186318362373 0.364494603433697 0.306851746163279 0.366354461744604 0.395114340561187 0.491170021532472 0.425703377657888 0.327331536925706 0.435792691409068 0.349982078427935 0.321027776482091 0.327783922844859 0.345871343421791 0.352370900437246 0.407331849399322 0.300994501957963 0.363493173088164 0.401364930759888 0.338910148303814 0.317200101951464 0.341364564912306 0.338213856681882 0.344767430996486 0.355586072336526 0.32224825225447 0.351747719166571 0.429039914109329 0.387827658104146 0.432482607999507 0.444278887189939 0.378711217604446 0.454982768041795 0.409707732031308 0.34598755002651 0.365670249997649 0.422810836290707 0.359196631304486 0.328130006093722 0.351062323362827 0.417643991759139 0.364611185958173 0.447400953196754 0.313458745316269 0.41061857816645 0.329126881842143 0.460315360487948 0.483619678928273 0.411557568179885 0.487705225264828 0.49157648503727 0.471611359676783 0.465114063866405 0.482557318777558 0.423299777634364 0.44701675070147 0.380771199288072 0.353071790966264 0.290698279763568 0.406009484265612 0.361112123880315 0.4590300491746 0.397888270270378 0.405017817612457 0.457596107103153 0.490896895210616 0.342614416622743
"bhagavatapurana_skandha-05_u" 0.423641437383865 0.337095847588604 0.342043313809102 0.298927768134468 0.300040200409302 0 0.340226955597407 0.354611071073909 0.33981916312795 0.371283972617838 0.379598266063689 0.319766310060935 0.329366520332925 0.329164230356816 0.409918363275745 0.462036981119733 0.386453652961214 0.407625971884645 0.385733967468751 0.389035172513259 0.442253374494738 0.422849154336195 0.421865506208533 0.417509891282996 0.427210544115374 0.458027636309934 0.395253445157558 0.422574923010462 0.424459460714004 0.424769770400201 0.373117207188567 0.414882034874637 0.543916531362818 0.428229924777708 0.502286829365739 0.433143484110688 0.4754586162932 0.462077325947604 0.546693662632067 0.447266531450748 0.407121348393107 0.415798878075838 0.418097276597376 0.434643888554251 0.380938772814245 0.435433818323658 0.401939581207826 0.372090545803084 0.413172249009544 0.391471725623269 0.426544781480826 0.441301962886373 0.420099608104463 0.425378460455489 0.421550711307241 0.40944131117663 0.418058505814713 0.425554919748958 0.366223019994198 0.379023720189404 0.418726527098337 0.422950757198105 0.390284652759585 0.437092927194999 0.455857826241679 0.535712182252048 0.485767985561928 0.397895633013435 0.476271203192452 0.428575718477654 0.394914528388177 0.378862288729701 0.405148066156043 0.421785632506758 0.457414637771262 0.37704091720017 0.402004993518283 0.408379004699037 0.416599791819063 0.400848582642907 0.408408415220639 0.404010799518161 0.41017042166454 0.418633602820757 0.401393548786125 0.408060356591495 0.464655635811914 0.433512742219329 0.451158603220258 0.495952406947418 0.4401827329288 0.453135050220026 0.46876299527986 0.411052136425106 0.411578419671976 0.461667793122674 0.426234921165269 0.37422541792223 0.408822611884025 0.452602663340583 0.420662542258439 0.488471767278874 0.389468206394176 0.460289119229311 0.394205946085804 0.487403205124908 0.501990989335117 0.460947786676744 0.491795283037867 0.516957205726642 0.502302680644903 0.493155487631064 0.512036036088018 0.455045103102209 0.503968238814543 0.430029185201519 0.404236448791208 0.367105714862026 0.447170818377245 0.431454987388092 0.478394527546008 0.442954568117738 0.404319778167369 0.475494058882128 0.520664786351284 0.387196243644071
"bhagavatapurana_skandha-06_u" 0.367913900466806 0.252938567724965 0.295839624982066 0.270011006650391 0.250745127017337 0.340226955597407 0 0.229756850715338 0.219401256679738 0.256475055248557 0.399402372817253 0.257081189183118 0.267990868825119 0.308908348057156 0.334273331144691 0.398840603889513 0.299668026326207 0.348360658273812 0.306525961658026 0.327009778416631 0.372420612433336 0.327645601185801 0.349975506251479 0.348544930391553 0.356848053806826 0.394474277722377 0.345595957337403 0.368267533031715 0.390541047003259 0.382504727707185 0.326578271528521 0.335015213734579 0.531328563820413 0.401977436497784 0.484754554052449 0.435168124722174 0.450915445954459 0.44798221840231 0.557531118339587 0.414343892780768 0.313630327822405 0.339228617941214 0.332858876862333 0.369795900193024 0.329067280703855 0.392136128897099 0.359062373015674 0.320536710437813 0.375938280591772 0.346652863224821 0.38744627332459 0.395610551443615 0.387474594094692 0.39034860338353 0.377820198901975 0.372204762196961 0.389612963563271 0.417379006127928 0.31251562278639 0.320165669206371 0.391983886651786 0.389897408204532 0.342691064905479 0.394059265462549 0.424125317329037 0.510572114942664 0.446223435204338 0.302442269981475 0.396885610885939 0.349719693935226 0.298764663383973 0.301247479196563 0.327108803862404 0.344905430019024 0.396142710434596 0.324269308331123 0.356601800644113 0.38473349534902 0.375924904099883 0.362354546798867 0.379588938589199 0.374244425652807 0.38614111312452 0.388137100816658 0.357280484171437 0.319955294290531 0.416081370994141 0.394915675574618 0.409873994264302 0.433451579989539 0.350545060486574 0.431154058676177 0.386713359802845 0.323081608539325 0.345607900719652 0.408525354236548 0.347907282488064 0.310899870433141 0.359180189293944 0.384197602430738 0.337019546763414 0.432183206368817 0.30063775906773 0.393698635356492 0.30060998366882 0.435186544049551 0.45989019844341 0.382903068768142 0.474302521808802 0.462089161416475 0.444374846279135 0.44328779347972 0.459109327756892 0.401051113311501 0.429963410611237 0.361124012917597 0.322241391720039 0.327141610697963 0.419429307337273 0.338223813590606 0.440784654889713 0.373067052905371 0.391150097453072 0.436594161982451 0.47241334983699 0.314710787299193
"bhagavatapurana_skandha-07_u" 0.371586196336363 0.262377797032344 0.294776795756952 0.278366249629184 0.262000566836324 0.354611071073909 0.229756850715338 0 0.250323040399994 0.276814405550692 0.391757055765691 0.273265914417743 0.268154111133058 0.320585840348358 0.343794681988572 0.408758531652344 0.314628532709307 0.363233886551447 0.321626015597654 0.3396130516535 0.383731433193181 0.336924554515036 0.359302328066098 0.356151108994657 0.35393383908115 0.398960784720818 0.360958987659748 0.381037178419409 0.410614117346305 0.405292850623877 0.342435221531989 0.338694260979797 0.534050710347603 0.42556893884214 0.500488040292918 0.453705331768648 0.465650883009732 0.457685824217135 0.565976852772229 0.433717828350147 0.332189966797928 0.347523682384464 0.346750748805981 0.374719120788849 0.346293840476991 0.411167170787052 0.372776010991767 0.339798938765534 0.388767887954729 0.361958802838904 0.410136234113257 0.404149410469947 0.401038246671842 0.405440221391794 0.399795159333706 0.384341599386149 0.406001877533922 0.429824691893896 0.321421450829345 0.341627069949002 0.391808250174342 0.394271113819439 0.352436559888308 0.408190046563231 0.433347490815105 0.509618801793442 0.454874853249696 0.314269554936349 0.414377459494528 0.357661459311494 0.312555078903971 0.313300284398187 0.332087870464195 0.347102557312085 0.405208514627108 0.33848412810883 0.358274747907475 0.381767459466244 0.39460252170464 0.378612160374271 0.390943857025091 0.38729425403145 0.402104451615526 0.403505161996572 0.37200786868263 0.328589709745965 0.414118166149486 0.395881959301931 0.410657278628821 0.436114126099407 0.364849830556867 0.43598116654711 0.400186805938184 0.333191489718327 0.353482901803703 0.405428222465389 0.356049457993976 0.313144195898165 0.365044720915212 0.391748181997294 0.352745445714113 0.438244933128784 0.319003004232506 0.39400596358648 0.320536906127542 0.44899040700495 0.470161133818095 0.400456776900879 0.489692825450303 0.472361462354335 0.45743252880215 0.442601772573342 0.463828033956354 0.414714551210173 0.427797858540508 0.36881210719977 0.339931625457385 0.32889712949976 0.426062117857828 0.339078340317537 0.450202084746802 0.373636115302512 0.405341246043577 0.442718047002338 0.474723139774733 0.32427990452892
"bhagavatapurana_skandha-08_u" 0.369834685666373 0.271209724284168 0.306622310908923 0.280397702268572 0.263795190965188 0.33981916312795 0.219401256679738 0.250323040399994 0 0.254147307318255 0.400812553511802 0.246924712688071 0.306408420011621 0.310366449586369 0.329679855826488 0.400325439632671 0.299700100037275 0.345066661871884 0.305654015419392 0.331761297875794 0.382565238503368 0.333792195677777 0.355061790587295 0.348458649099506 0.367036330347819 0.398874346128501 0.34426953522428 0.369506507026984 0.380823464627395 0.365491524139134 0.325692406192875 0.329579143370944 0.531063281806559 0.411188562176782 0.489241774845658 0.436828438874192 0.4579742905857 0.456948574757757 0.553655004302102 0.41870066122846 0.311648851849689 0.353381664129727 0.334807959105864 0.368619508040044 0.338955223586803 0.388218941148442 0.363950479348111 0.331257631519516 0.380383681344541 0.360517327221435 0.389601608418422 0.398583628906466 0.38420765231804 0.387155509053855 0.378980148061644 0.380601550084765 0.398268535045341 0.445334194248912 0.336697531266937 0.338395221588484 0.409372188923247 0.402103456802026 0.359619641068558 0.405059253444303 0.427109878268983 0.516147008243872 0.452157542954813 0.318279637343789 0.393714165889255 0.357702272660727 0.310607533572055 0.295963986452115 0.329610349880547 0.350843331752263 0.390603250435589 0.32588430022565 0.348436164993704 0.385510671932249 0.379831591976015 0.373678127096708 0.380019750847375 0.370433187441184 0.37827276225832 0.375124260630378 0.354722865715158 0.318168631505733 0.411544827431434 0.397472836989462 0.406816514264999 0.439622785002869 0.350818540771555 0.424977023690719 0.384889096382282 0.3296319721676 0.350224860806761 0.411050799763356 0.334129866765182 0.321979891459891 0.358818343313146 0.396536357019407 0.340166611889981 0.451143329768069 0.297751893559465 0.391327009007096 0.296350902719239 0.445760746217353 0.473671321745276 0.386040266532259 0.461444633109901 0.472422346195013 0.446322634678768 0.453733871318896 0.457438858745467 0.405592357779203 0.431617429068024 0.364529126903681 0.323511721849622 0.335378230023324 0.420256492777996 0.342556595619522 0.44618873210157 0.383124937775523 0.388416059013692 0.43322985639391 0.475622412239929 0.31959413428069
"bhagavatapurana_skandha-09_u" 0.372824323590582 0.27813221490994 0.329010892271899 0.303242554054656 0.281530818434781 0.371283972617838 0.256475055248557 0.276814405550692 0.254147307318255 0 0.410304028728821 0.263212575017428 0.33288838227693 0.331035155222003 0.336155037874074 0.40466603957825 0.294956698620728 0.365411485982167 0.315453610733749 0.345649998752379 0.396016094752623 0.336670650776265 0.372724453014564 0.363756749546501 0.375361810033486 0.41191850488478 0.355385237507629 0.375709203132893 0.418902248378042 0.398439538940437 0.326177948172637 0.333273985271366 0.541054391880057 0.386466708623781 0.489779859059561 0.434874124895703 0.462594262728632 0.458198939934177 0.558273993803384 0.400150814606024 0.330934832476922 0.365866902784799 0.357276703480327 0.385706614773386 0.326047519432361 0.39264856117238 0.363023968771445 0.328349826283904 0.372276320804725 0.351831309239725 0.39594432186992 0.389743351872632 0.385684627533287 0.391128959120467 0.375804155163752 0.375758644764277 0.393718116555506 0.454112154186531 0.341895563616521 0.341819367663901 0.421219702430927 0.413291706914277 0.359136152657402 0.391872459860798 0.415261381642843 0.510901321338932 0.452092603444986 0.30380877200954 0.418262891818262 0.338014918311178 0.300512389269547 0.317462803366449 0.345949928948844 0.350051756719899 0.399817489775256 0.334959249743563 0.368205856377081 0.402499925548308 0.359416517746952 0.353160579448823 0.382196958400761 0.369818343996846 0.384618777343925 0.391807708026717 0.354075027111375 0.341291802207266 0.429675435052608 0.407876759359108 0.416019215767052 0.443552072924682 0.367579556373154 0.445945267893665 0.396616448159761 0.337713126358385 0.364797544270965 0.427754338180397 0.361336602599448 0.327326807185083 0.369342986659432 0.417455382708467 0.352111637042989 0.459606216006282 0.320760668239794 0.392801841789134 0.310268479677952 0.457761367932202 0.488853633179414 0.397512992105868 0.485046837194732 0.474763414704878 0.448076258246703 0.454497663917829 0.437151990810727 0.421934977519722 0.434764915275377 0.374360610724784 0.338743142948844 0.367345408837517 0.439044900131392 0.36407273807371 0.454160325632883 0.399631660055625 0.360256831435224 0.454538739856583 0.485409182729194 0.324051174481402
"bhagavatapurana_skandha-10_adhyaya-29-33_w_commentary" 0.437343429413091 0.376566263679079 0.414039245004863 0.345873459473533 0.348647060241741 0.379598266063689 0.399402372817253 0.391757055765691 0.400812553511802 0.410304028728821 0 0.316524262804864 0.355932111152955 0.373786924649658 0.41826224247624 0.479280642476615 0.409517762402456 0.412185465612988 0.398673434212148 0.370540865755298 0.440981866693454 0.410951917284904 0.426282425980751 0.433609247782344 0.417693181174029 0.456250854985293 0.381373575673775 0.41755989249014 0.455321447840344 0.447152439596192 0.360725003474613 0.411090088634556 0.550474413506183 0.450017376417103 0.506420056301266 0.453913612983796 0.489350388827688 0.458980091617997 0.571597915218198 0.460504238082809 0.443282858016271 0.437274723161207 0.433218004847034 0.446678449603376 0.381852155757175 0.440826594023347 0.400976885030197 0.373761692711112 0.404219760583812 0.3893384446536 0.430568039345627 0.447962469604891 0.419499581726542 0.427003192011542 0.417509987600299 0.403933911138759 0.415982347220132 0.432904473351321 0.37037842519757 0.382492126110301 0.398422725289529 0.409757953887523 0.390984925969011 0.432616485219166 0.440953152661227 0.53866024486392 0.479193253737429 0.397046444036776 0.467854407838779 0.419086107038965 0.393615385465883 0.396389246501437 0.415861338787444 0.419241525823685 0.450738464327926 0.37882225525676 0.424222873410054 0.432049674004546 0.424176005936174 0.39064646872305 0.406632284683708 0.402222536598405 0.401878501254689 0.426930757670287 0.400794130238292 0.418220030784383 0.484859037712289 0.450800788322837 0.487768391335332 0.475031086619627 0.436305778674122 0.499011472925242 0.476749718267987 0.411445121383546 0.429058796062928 0.465713997408536 0.441563141248991 0.370588889196827 0.409633108065236 0.456259841475205 0.435975649812576 0.492696677151701 0.388215170507664 0.458930159012754 0.410285144473248 0.521527567915875 0.519914420545076 0.485344405553998 0.528187209988411 0.529277972473563 0.52081213228697 0.504782864517715 0.534088608126751 0.463902195471883 0.497812543094413 0.430685097162089 0.427108821643337 0.361403141470072 0.458328718492517 0.443177386796874 0.493761742853186 0.444828897112368 0.455658266040098 0.477869234090046 0.525296142736048 0.413159742776175
"bhagavatapurana_skandha-10_u" 0.369039810004213 0.230490585499854 0.31477117576432 0.233132956221578 0.201977427344876 0.319766310060935 0.257081189183118 0.273265914417743 0.246924712688071 0.263212575017428 0.316524262804864 0 0.2490413736461 0.26593068958352 0.344363157455743 0.431348598328963 0.309573657485409 0.365153560480859 0.320647283840996 0.288485532117991 0.401125515086629 0.340789237760166 0.369895762716588 0.365546218782101 0.376847450086097 0.41865895839516 0.29615452716656 0.323044833872313 0.378926429909461 0.357878039989307 0.248376173493741 0.345865110213574 0.526377101542479 0.389574804125938 0.48345020755886 0.420352508443163 0.448208653564911 0.445456844585293 0.548628481746942 0.402362379877346 0.348102713459797 0.372408533181103 0.357952869970237 0.393051749556867 0.278332499231077 0.348059269550993 0.30586110424772 0.269655014841693 0.322449830236157 0.302113845489078 0.342177441281236 0.360964581917374 0.329417490694734 0.337347179208739 0.325183021246391 0.324350698152466 0.341880483363144 0.413138549906555 0.290856818503387 0.297174699698217 0.377903250514917 0.371636902731791 0.309580198826062 0.356209425172903 0.363207829568758 0.487730354172992 0.422811098702522 0.324816600648568 0.418238863919463 0.347421898082373 0.315023601480687 0.315624436127529 0.344437063561881 0.359173566079646 0.396417179060676 0.289490774060027 0.357213122705385 0.415507864071476 0.331182627382466 0.306599193010038 0.329660988840672 0.322412918289079 0.32529288426863 0.331387505064237 0.310282304248055 0.347245535828067 0.434329997501296 0.394541906791952 0.43616213377962 0.437580922732041 0.372815245438325 0.461538961037984 0.403461488325118 0.344020596236973 0.376120491075846 0.434745267197312 0.357676526167273 0.324825278494022 0.34753341488144 0.42976692247297 0.367171800984262 0.464502102498058 0.299741121726203 0.416618039096592 0.317318687683496 0.472639811769239 0.500148517192835 0.414724409062882 0.485777630460684 0.491712603804127 0.468941484873774 0.468993058590895 0.471669433340039 0.417244315353742 0.449623390113291 0.375099280563847 0.35041265235631 0.30216945061515 0.408033883623072 0.372807471756694 0.458844762885661 0.399064339695956 0.39900577844236 0.430780414842918 0.484275971942767 0.33718312297232
"bhagavatapurana_skandha-11_u" 0.394465762117963 0.273169209656133 0.30064516641362 0.231563144243067 0.246654636678172 0.329366520332925 0.267990868825119 0.268154111133058 0.306408420011621 0.33288838227693 0.355932111152955 0.2490413736461 0 0.281956731647555 0.375939839988244 0.430946870620886 0.355158033590125 0.393671864084376 0.359337044869006 0.322347757206501 0.393018850250851 0.368644652145454 0.383031954647834 0.385292627247432 0.372974151561871 0.421419836606205 0.347453478960679 0.360503118602468 0.385850958341772 0.395582727215695 0.323112098757851 0.375031676422153 0.526656269806739 0.41405080082901 0.493169477257835 0.444150376350207 0.444991125074183 0.434290749973007 0.54965742088709 0.430214678568879 0.364605678772372 0.359332989641882 0.373554989338395 0.401870953934486 0.327013223884235 0.404005305329317 0.351769282484462 0.315211989912156 0.360037286326314 0.328860698728784 0.380747360802956 0.398332864379162 0.375439980341201 0.384290661004858 0.380239836766098 0.366930112547546 0.377810322506166 0.384882821240935 0.282973765891476 0.312532482827758 0.355756163589594 0.365024243828152 0.322333363188886 0.387923810737566 0.420079095843169 0.507540589681811 0.444521422260112 0.348742628496247 0.441076469212952 0.379274865582734 0.34752032694645 0.3476431837218 0.361160864417925 0.375168928177574 0.426866185985997 0.327493313429941 0.389031989262906 0.407006799268429 0.385507978206464 0.355283358496433 0.375238579318327 0.369154367662368 0.373704366871117 0.385354458692378 0.361820981585911 0.36510502129215 0.435732719687164 0.39276390747475 0.454098495736793 0.452109190913807 0.403746055925919 0.468646562659222 0.427796161661839 0.36068435317861 0.381629855885309 0.425811037663505 0.385087153416837 0.347082394557246 0.371907843049936 0.40217243689279 0.383979615793304 0.42648720670714 0.342840554644922 0.430104173407146 0.367934336589569 0.467078243620415 0.476123766437745 0.420436542613671 0.505632301579952 0.49142709256899 0.481682184958948 0.461784325078137 0.496826966676595 0.425234954475227 0.464464384721369 0.391880316700936 0.36951814545517 0.297303791693581 0.424891451996597 0.386832677714358 0.458604170152071 0.39738731684448 0.436028940451146 0.464226228181787 0.482073008526954 0.365303981939992
"bhagavatapurana_skandha-12_u" 0.382366090879407 0.292727866521985 0.325052887892372 0.272659055253226 0.265047778823246 0.329164230356816 0.308908348057156 0.320585840348358 0.310366449586369 0.331035155222003 0.373786924649658 0.26593068958352 0.281956731647555 0 0.363210387118254 0.407878105384055 0.344352534368831 0.38499539512202 0.344486001668329 0.316461026554998 0.407242593970174 0.373261022961153 0.390937255476801 0.372852378864074 0.387738565012345 0.426462094763428 0.34831048917754 0.365548852789869 0.377257743646713 0.384768560389415 0.316018662856112 0.364292393007959 0.517791353966476 0.391472370771724 0.472570257172452 0.426161246590171 0.426483542954287 0.42570772151696 0.53165927217742 0.413128695793773 0.350648436983409 0.368923602709849 0.361514033851006 0.396793486044762 0.319874492305639 0.390796786957128 0.352829885831281 0.314206820272046 0.365613815276927 0.33832909012904 0.382692223245253 0.381609906864257 0.378091978465656 0.382931814458006 0.37808401528122 0.370008241129141 0.377599659186572 0.40161752297189 0.304122757118482 0.315670871570838 0.379804022610591 0.365125479296993 0.337210425864396 0.3884919023734 0.408781803538342 0.508052142420917 0.44225886095962 0.346841438355204 0.442777218328402 0.36930563876986 0.340530681212398 0.329866444130579 0.351129891324371 0.386190067530227 0.415877057971117 0.318324814939224 0.37937420351967 0.410609383278816 0.36543109571297 0.353515158736271 0.37291480131837 0.368599164873876 0.37827025887382 0.382893357462487 0.349771048911543 0.357486857511052 0.441909724666448 0.403286864483926 0.44901441239228 0.457877591224082 0.409615770281229 0.456166935209064 0.417913806917035 0.352223486205045 0.378904978592846 0.424730443812882 0.371167152528406 0.355725355145047 0.350469135417977 0.418003475469715 0.377592807535194 0.450053685785029 0.341299376773981 0.418705441989438 0.35518417697071 0.457887403599163 0.487422019459554 0.401814047978199 0.49040328885263 0.475495971683316 0.471731608731094 0.457087992580585 0.467198200477809 0.416988047814799 0.468730196725371 0.38829548465865 0.351650031702105 0.309580275675755 0.402765908539152 0.376199013841305 0.438336601991665 0.394923356660154 0.396208248215173 0.454418378603338 0.476778946364035 0.3398386595903
"bhavisyapurana" 0.277232044179902 0.351090863611402 0.392221238518679 0.37243488159688 0.356825152524393 0.409918363275745 0.334273331144691 0.343794681988572 0.329679855826488 0.336155037874074 0.41826224247624 0.344363157455743 0.375939839988244 0.363210387118254 0 0.353106439878221 0.246327388174957 0.295178292059312 0.240768085691248 0.269268482420491 0.326849446162927 0.192822376736221 0.249789801886632 0.252777939901579 0.255137457028535 0.313415829379637 0.311807939341788 0.359969196320594 0.395681274995692 0.391560158508591 0.308629417484839 0.230625244293242 0.49899780460578 0.405696883693164 0.494081453805808 0.42962287347305 0.455970884671376 0.449827915990404 0.56037883375559 0.420752856044816 0.309766467917869 0.302412245961013 0.253055066912183 0.262085299415468 0.318101888678553 0.381334183901138 0.35058214866476 0.312045452884735 0.366018466583315 0.338407923157719 0.389287406542875 0.389696263116603 0.385139398593229 0.384781442855094 0.365686286977902 0.362279851700414 0.380882737846078 0.419728934640047 0.311720373859836 0.303993982098502 0.357875493261785 0.340491984631095 0.33074522389923 0.389818347608468 0.416876916598501 0.49928558837147 0.43875112617042 0.272637596459303 0.379524076789249 0.3222063603553 0.265234475443802 0.225723718851434 0.221848078177963 0.250934777260852 0.304600670534884 0.274441146130563 0.29288801358287 0.382624917722756 0.357316555428237 0.344929714062014 0.365149817659509 0.363037434126751 0.377259116576278 0.385244533992044 0.337482065427376 0.236727098867706 0.361580047001931 0.348314213780913 0.352607770387294 0.372967912612762 0.260735084174161 0.376849392959691 0.361210896129935 0.239760703473586 0.259830922067528 0.295676903742698 0.304573689161742 0.254869869730994 0.276346494965708 0.337659101850772 0.298906049561444 0.424881074352775 0.27815578061626 0.331889750416426 0.257960127206473 0.434455142767894 0.431625964969097 0.371192382524831 0.441387049601371 0.438352663582063 0.434253392398485 0.393307756631182 0.42831156278261 0.385017224534186 0.364445913809882 0.259049900533426 0.263202515135151 0.302738493639794 0.384385589890809 0.337020346382201 0.404587655062329 0.319712244172868 0.373648160075163 0.42168619076757 0.465791255904648 0.289215025781287
"brahmandapurana_khanda-1_u" 0.408284834329774 0.414252645943279 0.444530066408378 0.429008893570709 0.422369668787919 0.462036981119733 0.398840603889513 0.408758531652344 0.400325439632671 0.40466603957825 0.479280642476615 0.431348598328963 0.430946870620886 0.407878105384055 0.353106439878221 0 0.325426638341422 0.36746873593676 0.301006429423901 0.393233961386161 0.399782458796083 0.371056162308566 0.384122610904021 0.361451693659676 0.378666413182858 0.396756655986003 0.416735156733947 0.44413607027734 0.420330772939083 0.424097141984067 0.393830066522343 0.373191187757496 0.551699551388105 0.411865188566853 0.477263450303361 0.467221150427158 0.440290995090092 0.416265019000658 0.55418012407594 0.449049398507619 0.38217031016838 0.392905545211386 0.321729611056002 0.368273050621065 0.390921213573628 0.452009795323528 0.416407957722467 0.394590132666768 0.432399357946386 0.410118395220943 0.44551452211084 0.434883926204079 0.448384454558588 0.451581606910635 0.43323845329321 0.427979818101505 0.452354292900721 0.467017619430387 0.385074667756767 0.37930947372387 0.427977420889961 0.42050786283858 0.399087042068407 0.441665976570781 0.472449047208681 0.547866074637185 0.481702122446241 0.350965440851387 0.430255969766745 0.39613459060438 0.349989157776366 0.319900042648499 0.363285844037282 0.407397377145797 0.412652509330095 0.407797533724613 0.425667147166602 0.429612911566431 0.428745957146547 0.434683673297617 0.460117970356206 0.434654343486108 0.46103073634686 0.459167536438085 0.419787540762799 0.351104891083232 0.450512857680022 0.438297453828702 0.442179995621849 0.460486818330097 0.392546587574554 0.43358666073652 0.433808274130495 0.335225953935437 0.363166090507979 0.411017067934301 0.396885436588279 0.389935826675607 0.381263809816467 0.402103412291871 0.359258044080562 0.444325934280698 0.360656242263862 0.406115733106061 0.38709829383218 0.391999299463616 0.437898624428994 0.363979352070813 0.454555906573264 0.369827580280081 0.381213145736476 0.411969791113223 0.404650834265392 0.401920884902489 0.454548092939057 0.382300846365882 0.292574318002293 0.412418640921899 0.460008135077147 0.388268763074505 0.416392973997541 0.387907468846221 0.430915669829946 0.45889456680267 0.47606688758309 0.353301485483409
"brahmandapurana_khanda-2_u" 0.336137732103279 0.315891636316274 0.363661124878834 0.345183385089941 0.325260231710225 0.386453652961214 0.299668026326207 0.314628532709307 0.299700100037275 0.294956698620728 0.409517762402456 0.309573657485409 0.355158033590125 0.344352534368831 0.246327388174957 0.325426638341422 0 0.277112319032752 0.163849549727207 0.291378537735747 0.341101820860792 0.245490939670148 0.30092321746978 0.293148958187673 0.311149245083417 0.347889060650702 0.314646418159651 0.343516510777468 0.380866167046582 0.363921730342953 0.28370437065089 0.271586000218246 0.519880667656384 0.389489273381528 0.482710421019988 0.423227336100328 0.441164933357467 0.436318403434647 0.549466514254184 0.407237555615813 0.285740789127928 0.311963309700542 0.260739568930266 0.301191093037778 0.290369737926085 0.364013838511844 0.33449620555369 0.287820544515973 0.34913292377187 0.326018155882582 0.362610248035036 0.382219807219951 0.358392103231004 0.360935936055478 0.33538241503456 0.344686641600259 0.377198683974718 0.424954100238461 0.309023729112887 0.309904562900628 0.381493582106881 0.381156120089907 0.322684861453074 0.370625399710091 0.399617746722156 0.499180451082616 0.428604284311592 0.249755487445724 0.363049745548166 0.299448400743803 0.241624504116459 0.244930745349469 0.265716196382545 0.293157772946137 0.347590920889651 0.273236377984327 0.296393001079994 0.370612735589653 0.32476758166206 0.325978779245715 0.346134085209876 0.332616542500879 0.349940527964353 0.350695073535173 0.311499915752638 0.258596452107436 0.383297835654812 0.370930975530444 0.35141233037539 0.405086266478848 0.283562120300683 0.378338743679447 0.357278891597265 0.256545445471303 0.282432203483393 0.35179549375026 0.312622629519689 0.278726758800337 0.303155304074968 0.342328957030486 0.274050689484733 0.417293513342241 0.252633715052699 0.336009348806201 0.250174150503354 0.423277331170312 0.44233771775326 0.357470550742348 0.423712948692926 0.42693603601982 0.409816060766396 0.406298875606838 0.407072148941639 0.359916707822904 0.389960100690478 0.29505767843318 0.249590951207839 0.322654233063132 0.398072060518637 0.316629977991917 0.401629004786295 0.33238617012834 0.347124059032997 0.409352107239515 0.450925138516492 0.269989289570208
"brahmandapurana_khanda-3_u" 0.318692370634763 0.383241347191674 0.412231997153077 0.39041020909338 0.376994316400858 0.407625971884645 0.348360658273812 0.363233886551447 0.345066661871884 0.365411485982167 0.412185465612988 0.365153560480859 0.393671864084376 0.38499539512202 0.295178292059312 0.36746873593676 0.277112319032752 0 0.148217109253952 0.351294743331665 0.34324320259642 0.292244485082007 0.283697649962591 0.297446286186412 0.34836072815325 0.366546018935298 0.354138170924921 0.395454462670041 0.407556294389256 0.362652560390531 0.347126799974264 0.286297199520628 0.51347234172169 0.446046668147328 0.514849168071522 0.460879936099479 0.477252856017314 0.46153011780289 0.578724351780235 0.464625489751863 0.322607004001689 0.356017738736799 0.307947249432706 0.306102537532732 0.378726994442847 0.402109257924656 0.402542343864134 0.366732858155856 0.406584002061176 0.392931029909654 0.402390220769335 0.428122420190908 0.398777374055754 0.403962204453007 0.395015601853417 0.396666115913783 0.418359361132215 0.454848545420823 0.378837118996809 0.380280052467735 0.393397482855862 0.418804483156136 0.396988673142856 0.433217671831138 0.441026673192819 0.544681527501453 0.474174098207301 0.312172960849996 0.352017013859817 0.377141476932633 0.307497601737053 0.255757765962309 0.263398988156925 0.341373912420265 0.379322507083536 0.349941326280573 0.340600274719994 0.370218236140702 0.393936178416943 0.39243057855451 0.392595703268954 0.383518918683519 0.382881936106285 0.390565144924697 0.376597191768503 0.287995712868873 0.392828022793643 0.387406783097895 0.375522772243188 0.431893210738878 0.316853100620519 0.386397081129291 0.391914696696595 0.289778917186773 0.294077573336106 0.359025476355107 0.346828155109096 0.277034212289264 0.339604539823062 0.348063819349002 0.34537229027423 0.437267981130435 0.296308636464673 0.386839738461367 0.290456064258143 0.447325375766573 0.470525087125775 0.39971588362316 0.401731218375108 0.451599558114771 0.423285594199517 0.438972756488734 0.457965698115982 0.375085509910486 0.41337065149715 0.336190764480433 0.285941015219702 0.366093074894383 0.419514661379373 0.363806326369756 0.438046951183627 0.377883970974858 0.379267317734833 0.42755720102048 0.490522836443572 0.325995620664127
"brahmandapurana" 0.299396167045302 0.334844648030593 0.373200037252456 0.350360294273853 0.331895375127905 0.385733967468751 0.306525961658026 0.321626015597654 0.305654015419392 0.315453610733749 0.398673434212148 0.320647283840996 0.359337044869006 0.344486001668329 0.240768085691248 0.301006429423901 0.163849549727207 0.148217109253952 0 0.300478104198786 0.319425525039233 0.242897569678459 0.262129723970287 0.264676818828395 0.308696232698509 0.334919722711139 0.317171378225307 0.359453383795455 0.374593319234212 0.340976810719401 0.294258054336209 0.250810385607295 0.505915634033976 0.402555452808506 0.487587495164722 0.43373331360248 0.446008008373312 0.435445198654799 0.559721754791903 0.422958245792402 0.277583484449425 0.311633591874171 0.251359020790454 0.275213295306322 0.318938872650529 0.369491552808526 0.354555932270181 0.310767852381166 0.366318772917871 0.345379188825457 0.367296693078134 0.390362954020169 0.364940416008764 0.369834157460361 0.350721631168691 0.352482216151181 0.383494869646258 0.427504791356944 0.325787172384046 0.32414786913362 0.37188963970109 0.380321329634823 0.344838887667888 0.390518970879616 0.406721904436357 0.515230921518089 0.439883112734934 0.253143450766278 0.340119053542785 0.32210756559622 0.246891172536087 0.205676327876336 0.231805317881896 0.300829020922945 0.344539594107347 0.296975698852508 0.299100692128435 0.355642814356968 0.348900424407571 0.347512144728242 0.359371188942943 0.345225215296397 0.355012684150611 0.360710003109774 0.331908771483307 0.241410607630959 0.376645719597101 0.364159237582348 0.346504198117806 0.406010157890968 0.280743309956359 0.36353846424569 0.359654343119176 0.236728625436466 0.261231662361994 0.336223032511866 0.308646078267055 0.251187340730243 0.296786216019468 0.328347452214975 0.292146812778362 0.416433674324396 0.248529603555044 0.345509259840339 0.250528133260256 0.411994123431283 0.439341422046402 0.358455226250652 0.392705194040176 0.41559868987299 0.392785024358059 0.401586806087584 0.412166625999763 0.345981846494562 0.385875196570809 0.289989809911543 0.226704931081134 0.329854685719141 0.394268799041154 0.318602631323348 0.399868398709704 0.333070388678121 0.345646746661784 0.402314668800124 0.459359574253315 0.269948146071659
"brahmapurana_pu" 0.333328499472386 0.331405700233084 0.380442275112505 0.31665662220633 0.30086289838637 0.389035172513259 0.327009778416631 0.3396130516535 0.331761297875794 0.345649998752379 0.370540865755298 0.288485532117991 0.322347757206501 0.316461026554998 0.269268482420491 0.393233961386161 0.291378537735747 0.351294743331665 0.300478104198786 0 0.363713225544775 0.256562640303704 0.309599743231054 0.331753336263466 0.312565099576776 0.356687445604403 0.24638439906491 0.291707035099551 0.359656147408093 0.348447679321191 0.240724441569731 0.26995320302439 0.482943932628368 0.353184311832157 0.44300808243331 0.390502752736687 0.410907062435191 0.413373882035071 0.518644525704469 0.379151795264438 0.318541221612599 0.314140100519932 0.279049254631939 0.326690330336906 0.231173407906225 0.334620323156619 0.286375247875669 0.224349061733945 0.30335563846733 0.272929092396912 0.334941523360916 0.329150502976113 0.328089151447809 0.334514583210143 0.301223156046442 0.308166657146882 0.339319835713412 0.367740485790055 0.230222568934333 0.216938672126024 0.295609020709154 0.285779422011663 0.248808923218374 0.323782730445654 0.355925748075573 0.459507483702883 0.388466986290916 0.280352971742699 0.397713713847093 0.306460679460672 0.268692577643602 0.264792606435338 0.304390931090304 0.290302547770696 0.308758455539678 0.217020202621681 0.3183864781599 0.418058319751073 0.283306929394372 0.280587044125008 0.31019598594885 0.298160553229187 0.319887775018215 0.3289088557065 0.264754117220589 0.274011780292227 0.407475808290086 0.367654583688019 0.414408531212532 0.37068361590986 0.303504485697256 0.433541269371746 0.358791014174789 0.274458662398478 0.326114311053712 0.353648199123844 0.298732335207998 0.289250574475846 0.226038363965139 0.369742703305099 0.295961987478983 0.424601037529584 0.249969523419144 0.324718168608158 0.262317110368803 0.452813967945854 0.460855082097049 0.391908037347882 0.474764150670766 0.4634304733306 0.453095483791339 0.420489746147147 0.449564134575523 0.41106232338941 0.391385185834965 0.281190795674776 0.301090661089545 0.237680682598287 0.356739447334074 0.329632676995942 0.420810161634718 0.34836875952826 0.396868821459408 0.433363665908113 0.471404600037411 0.306965392921293
"devibhagavatapurana_devigita_adhyaya-31-40" 0.369601486735203 0.401820745407101 0.413211928655849 0.400789562290103 0.394528302041803 0.442253374494738 0.372420612433336 0.383731433193181 0.382565238503368 0.396016094752623 0.440981866693454 0.401125515086629 0.393018850250851 0.407242593970174 0.326849446162927 0.399782458796083 0.341101820860792 0.34324320259642 0.319425525039233 0.363713225544775 0 0.314446723476647 0.332631029834464 0.341866872897997 0.358597410780662 0.365868986355868 0.387260539491525 0.418271309136253 0.441532281647579 0.44036173000479 0.395780012336088 0.31328345941025 0.516849790185296 0.455775212982382 0.518563931131794 0.469707565995151 0.477157767713742 0.461827334365635 0.580123474819576 0.464612216070743 0.338525510231216 0.342903171408322 0.32978829057339 0.331665807715265 0.404758110183924 0.448641808374998 0.432342733664099 0.400318645894083 0.440132830635773 0.415475367593828 0.449447073075244 0.455406379311079 0.451382451431583 0.449467019261519 0.440974645969062 0.431736347745406 0.453885762961627 0.445116351309909 0.383022220351855 0.394650509150137 0.401149544875611 0.419972601328843 0.400999238858878 0.45111332419483 0.468973430187144 0.541847918974334 0.48327377296642 0.34060726175257 0.413062844756164 0.385684377247468 0.337117215472753 0.337144669870423 0.318735841210075 0.360068786219319 0.393802904018696 0.371361566278399 0.373107033096965 0.372711561874622 0.425652258857244 0.416344391621228 0.433368575655719 0.427900685352324 0.43537602471099 0.448267290649175 0.415379661753574 0.324713657241751 0.406025344629435 0.386502780323129 0.432920821393342 0.424375730366359 0.355478135227129 0.432939785044346 0.394128340736763 0.324497770655486 0.32510776666308 0.355766034872698 0.364959801360572 0.325308477084258 0.359897070643546 0.338417766435116 0.359287314688852 0.404940970509679 0.34750066531619 0.386925133226399 0.345974328662323 0.456387513596048 0.438879962210201 0.415823087625112 0.480426468944007 0.474197498232378 0.468293719869059 0.446304543976547 0.475024920353625 0.407533888379451 0.423471666960078 0.350795802059829 0.342632254505402 0.370531950425983 0.441346600535358 0.376992355260978 0.442460166809717 0.382868066792762 0.43323035952618 0.455642927494193 0.484178944172618 0.360396281976336
"devibhagavatapurana" 0.323751881506039 0.350219346532632 0.392513737970178 0.373464634107259 0.354577446299864 0.422849154336195 0.327645601185801 0.336924554515036 0.333792195677777 0.336670650776265 0.410951917284904 0.340789237760166 0.368644652145454 0.373261022961153 0.192822376736221 0.371056162308566 0.245490939670148 0.292244485082007 0.242897569678459 0.256562640303704 0.314446723476647 0 0.26032209656608 0.298439488577808 0.293062715401399 0.307525874112159 0.29755107153789 0.348323651772347 0.398855772734422 0.390625359545399 0.301246876319764 0.237960291414568 0.496439208808175 0.411159789139365 0.494070532618379 0.436231918567762 0.4607700496972 0.460644961055235 0.559222617161807 0.426902752173637 0.289977110203656 0.307516874850304 0.25674365569974 0.278701137478081 0.306816537347794 0.385507860733008 0.346128864222624 0.303462816402283 0.36187673697889 0.331666136558748 0.389419940662636 0.389092181976152 0.388100740513847 0.389469830176952 0.365762255326695 0.363248957836653 0.379818940359925 0.421027981530361 0.303742461291869 0.303689577327691 0.35326580716041 0.366075159979656 0.321997957106458 0.374530234300834 0.412374282526338 0.497731361237449 0.433920303020926 0.259967243451937 0.362707992294562 0.309183598848854 0.249346356789531 0.255542201217074 0.265297291314221 0.2463578406344 0.31977438331893 0.264620655923125 0.293746485308785 0.386586756039601 0.345775840147897 0.326868952998214 0.354663496710476 0.351763096323735 0.362970256355248 0.381202953215222 0.331123813291328 0.237337023617782 0.396514476419566 0.37439635207796 0.352988838009588 0.366685524347131 0.217316479777755 0.38434580160642 0.337042699545385 0.232835427944493 0.285446650802745 0.320485917361131 0.301904994710109 0.259587756718185 0.279064369064523 0.331347195624279 0.285697117575146 0.425854071291959 0.270839506210127 0.326307127397911 0.248014320401231 0.442839697116742 0.446218389145556 0.379104992692974 0.454084364300389 0.450766420109695 0.435423047385248 0.415437142539034 0.436177907811931 0.383263425020538 0.375291032254978 0.278703168779598 0.286270139221161 0.305082842993053 0.391979343110067 0.318472318357683 0.418509407328681 0.344145316270433 0.385747749919791 0.417719425067425 0.461737634688721 0.292496108334364
"devipurana" 0.274746295537403 0.381700842887187 0.409529667398891 0.387430079311425 0.370698533580796 0.421865506208533 0.349975506251479 0.359302328066098 0.355061790587295 0.372724453014564 0.426282425980751 0.369895762716588 0.383031954647834 0.390937255476801 0.249789801886632 0.384122610904021 0.30092321746978 0.283697649962591 0.262129723970287 0.309599743231054 0.332631029834464 0.26032209656608 0 0.280076448265445 0.306234521786738 0.358733269710469 0.328452712254983 0.381582227953049 0.402638208838939 0.392578532983418 0.33310515812945 0.248860395240601 0.49418051407597 0.436557157558056 0.503545658605867 0.448527236761563 0.473316316268923 0.459078154223837 0.583612929189206 0.443299866573488 0.319049288295427 0.330229695457979 0.285212973856784 0.272939486960678 0.35996134985366 0.400909853923556 0.385229599908535 0.349058103962451 0.385594670188056 0.371972383795413 0.401934341397117 0.415112771274844 0.398564628667673 0.399509400318824 0.388543578975105 0.386612821137705 0.40672315910814 0.439604070476111 0.349028864563088 0.340840963985006 0.361859875043327 0.366737393051533 0.370281484595653 0.416476367252131 0.437526237336482 0.529934423904094 0.452684084174372 0.293481693419014 0.369073570618744 0.35949749559056 0.290622666918245 0.238421236953005 0.253446799892444 0.300637277690228 0.32826600974013 0.324635443309631 0.349185132013808 0.383888239100694 0.386221816297323 0.377033997195906 0.386181814985868 0.379298532176913 0.385502147844515 0.398398551114668 0.372310333843947 0.270548940374279 0.353396564858614 0.339239729141719 0.401541312036953 0.389636438146019 0.315408765462764 0.405272352168433 0.385124855840131 0.273694614027502 0.295444463087149 0.334676917614039 0.33432091455198 0.262544556460253 0.296679227864782 0.339591280747055 0.333413951608907 0.432981592541036 0.292219448455994 0.360833431194469 0.284952915081821 0.441265469609862 0.434911268369512 0.390295701713604 0.423165959685642 0.450395066200892 0.426040653977016 0.412984691350952 0.4402700988917 0.382100690935999 0.386348334835148 0.299856115362732 0.274607469195423 0.327828300196765 0.396104599894894 0.368023503621819 0.441243869521808 0.357393075404154 0.417121544157954 0.440352008283721 0.489808308617236 0.339122286912294
"garudapurana_khanda-1_u" 0.219436866468621 0.373180629042892 0.397970940810785 0.386230349724049 0.371209173683328 0.417509891282996 0.348544930391553 0.356151108994657 0.348458649099506 0.363756749546501 0.433609247782344 0.365546218782101 0.385292627247432 0.372852378864074 0.252777939901579 0.361451693659676 0.293148958187673 0.297446286186412 0.264676818828395 0.331753336263466 0.341866872897997 0.298439488577808 0.280076448265445 0 0.274916057281685 0.343618609600383 0.365109309495178 0.397399279044723 0.424306338572484 0.411532470220602 0.358043711015153 0.282621474827824 0.498366972551983 0.444807862294936 0.519709479842182 0.45841588793247 0.485487833254595 0.469398466876648 0.591013667389246 0.45932008141466 0.338813394698416 0.320303890085877 0.285385794554295 0.277226487515154 0.375115893821307 0.420332249703581 0.401043301293186 0.37045168991724 0.404960063726462 0.385322089624438 0.417584399179404 0.43769182198385 0.407670010640977 0.408887144819091 0.409342388174967 0.403302273805172 0.4172021554583 0.453315399129558 0.363669925580666 0.363600439573211 0.396199541478554 0.384065760266511 0.389927995489701 0.441503829423133 0.444312465874679 0.539309142376704 0.481017273066138 0.306866052611945 0.405330036409162 0.370803109561792 0.310032417532232 0.258493987706204 0.21950024515105 0.32669486549207 0.35997270538194 0.329597868839129 0.336485236611602 0.373112911068484 0.402968278944629 0.388536285569695 0.40050338217517 0.395163256368842 0.403328271961247 0.404150331811182 0.390760760455113 0.290382111912432 0.356900697701129 0.346892283144755 0.395396139318162 0.417005441402113 0.345181500195649 0.411059917742981 0.397025853709186 0.291956158354181 0.289213969298597 0.320397870679291 0.332679011187647 0.274561642779408 0.327654663684416 0.352169633985766 0.338166813993571 0.434269589920164 0.322673344959477 0.373247075539707 0.301301968130961 0.443819710484353 0.438176065582655 0.397084343623227 0.435621115683742 0.452946030775592 0.44264642247972 0.410765365967934 0.454103656587011 0.398256041306685 0.385217525756089 0.309375667724369 0.286182889166168 0.345375351318946 0.4104443133115 0.369232670169487 0.425136788431323 0.348748999755578 0.395561699759682 0.425140784009739 0.476628702163517 0.31720669733461
"garudapurana_khanda-2_u" 0.302260724254495 0.378254537316975 0.409205763245505 0.389914924277641 0.378118588284605 0.427210544115374 0.356848053806826 0.35393383908115 0.367036330347819 0.375361810033486 0.417693181174029 0.376847450086097 0.372974151561871 0.387738565012345 0.255137457028535 0.378666413182858 0.311149245083417 0.34836072815325 0.308696232698509 0.312565099576776 0.358597410780662 0.293062715401399 0.306234521786738 0.274916057281685 0 0.342491078868047 0.363117233080841 0.397821694083967 0.43414908709137 0.435647580337237 0.354794338659149 0.301575142350531 0.495700512741038 0.437214584359179 0.506144023271245 0.461257567580675 0.468374122325362 0.459036034473119 0.574813096822497 0.457349884809145 0.369078292513833 0.323653844533293 0.319160750062988 0.324178775672847 0.366520003601014 0.433879854517107 0.390060124514031 0.355029767562112 0.392776585920631 0.365414049118079 0.426727274031602 0.425835375280985 0.419458061983352 0.419769545057927 0.413013548796776 0.39597459399851 0.403957517851184 0.431308180504333 0.335782272459635 0.338644421480009 0.354913149894363 0.329975135177029 0.363334936346079 0.425429890202169 0.447057691003912 0.523956932108091 0.467593556303258 0.291915785866424 0.414611233906183 0.359510039972355 0.300676349810508 0.276279173297108 0.277930735338449 0.293651614343708 0.359359329326425 0.335593956960538 0.345789073876903 0.398159315520107 0.411744819349089 0.385662571193342 0.406622496897731 0.406669647708689 0.42228303418554 0.429914588673374 0.392890398937411 0.300821086746171 0.38577813087835 0.361250710549061 0.410341674610254 0.39703445800977 0.340726698866648 0.436172239118423 0.411915653161293 0.283402819884596 0.319338884200531 0.333104220565971 0.353312805844145 0.281299690417625 0.322619355590247 0.36932128483553 0.35446579094097 0.425090417808055 0.325915348389783 0.365928166982167 0.321240134838587 0.446962793479843 0.427576646388779 0.401257436207951 0.469523035759398 0.44409559648611 0.452050439895674 0.389761531700829 0.455688648186995 0.402393029817753 0.368891487619285 0.295964768812144 0.293940220693908 0.323408474535572 0.411865874840265 0.367613321418622 0.42048486950439 0.325332569849553 0.413393699950419 0.434951073590913 0.475784275499467 0.324985758390411
"garudapurana_khanda-3_u" 0.371642520623537 0.42127791642019 0.439582055049694 0.428292251975023 0.423744578435062 0.458027636309934 0.394474277722377 0.398960784720818 0.398874346128501 0.41191850488478 0.456250854985293 0.41865895839516 0.421419836606205 0.426462094763428 0.313415829379637 0.396756655986003 0.347889060650702 0.366546018935298 0.334919722711139 0.356687445604403 0.365868986355868 0.307525874112159 0.358733269710469 0.343618609600383 0.342491078868047 0 0.384001216658081 0.402253326376545 0.453016983761333 0.457248733025773 0.393311575691828 0.331845056578884 0.512601316915232 0.452288707233686 0.503968427541736 0.467658338689234 0.477518901398391 0.477377546857046 0.567371968858509 0.469517883650829 0.366738704048757 0.364263582927247 0.332025529172877 0.342531553357747 0.403723574738765 0.439568032877353 0.426250581430987 0.401712397116383 0.435235115485011 0.411535020372007 0.453251876908276 0.460904347806126 0.451244886615544 0.453825246932422 0.441777203773889 0.433137882661072 0.450314884572867 0.454838268659504 0.385513840908013 0.387610391288317 0.41075916966517 0.406757911271716 0.402955864858232 0.457599512366542 0.468252283242538 0.545602459627597 0.488994575666077 0.364376903930115 0.434752247271542 0.409456622675395 0.363631167836089 0.343478498880422 0.335254492883182 0.344317953694973 0.386276717965348 0.366938512600174 0.393589150379562 0.41172966740748 0.438198514308935 0.422821843144926 0.435188086796497 0.428063812000317 0.436130568497629 0.447719106770517 0.41507367451715 0.330010318563143 0.436543726288073 0.425124462365931 0.451708838035005 0.426603735760602 0.332853809308726 0.458078236484725 0.392984187538968 0.327734742428521 0.344564748919991 0.362678188660317 0.364146881536649 0.34420413813994 0.366050058138182 0.360048718386149 0.357413197322879 0.449371740338025 0.361725246401206 0.395851143806262 0.347749062793991 0.465172098294905 0.461894807365579 0.408534651765458 0.487332710714137 0.473954341546471 0.461206541113792 0.43467791282127 0.47157000521684 0.424831697549084 0.410654511637944 0.357490869447601 0.346614610682449 0.37110381052566 0.429235547866154 0.383548024081445 0.452315757289458 0.394625833205492 0.432192309467509 0.452426983231249 0.499679072032757 0.363810389964171
"harivamsa_appendix-29-30_mathura" 0.3655876787022 0.337619407201632 0.397266072768 0.330099019626913 0.311975700877263 0.395253445157558 0.345595957337403 0.360958987659748 0.34426953522428 0.355385237507629 0.381373575673775 0.29615452716656 0.347453478960679 0.34831048917754 0.311807939341788 0.416735156733947 0.314646418159651 0.354138170924921 0.317171378225307 0.24638439906491 0.387260539491525 0.29755107153789 0.328452712254983 0.365109309495178 0.363117233080841 0.384001216658081 0 0.295602403117926 0.357284860374086 0.315852632728001 0.211879073256296 0.305419221566751 0.519996362981232 0.35772408229461 0.453831375431538 0.397985936691692 0.430527701263849 0.426907416136619 0.540262170936977 0.375238105778553 0.339735422175706 0.361596318133751 0.315245674350522 0.355619897113881 0.240322044028899 0.297062412694743 0.269719663116975 0.224458501594981 0.283402784225639 0.262803598924679 0.305529490574088 0.335457021695061 0.299560616046605 0.303827905685039 0.278831263116193 0.287660632747926 0.320199414548618 0.388678421771934 0.264481815282652 0.247609772012931 0.329821560897522 0.340059938327346 0.264203799335774 0.316448184204559 0.327635120731565 0.451386320617823 0.381346369968885 0.322027090772204 0.389544935498567 0.340439539785223 0.306774145423419 0.292695184964828 0.339467988118988 0.333305466085191 0.350579032781414 0.272929158672251 0.359643182043183 0.431900215290526 0.28313350881711 0.275297846026633 0.297824217640829 0.275090198458629 0.295413484188733 0.306410689788418 0.269100503498272 0.325268153820366 0.436342363402361 0.397995004248226 0.431232546154471 0.416495929106989 0.327431621985091 0.451176300940535 0.377147153368388 0.316806770216928 0.358767348358494 0.404742261070481 0.334620198127727 0.330554672774189 0.298282376607318 0.396528877270679 0.32416346672417 0.453906807084206 0.26369310722689 0.38672397318347 0.275555722112456 0.465092758764906 0.478537295825782 0.415963156748863 0.468172731817024 0.483539199974411 0.452456134977707 0.446195151224253 0.462928004271776 0.422004229117105 0.431369931957622 0.347052139353088 0.333563263703176 0.276949307377742 0.368576690640887 0.360736761641155 0.457611510020087 0.382658047772966 0.411075931001465 0.443424001791854 0.495381776665295 0.344391108422468
"harivamsa_appendix-31" 0.404515567463739 0.365684316952426 0.401130955837881 0.358659047120847 0.343049788940066 0.422574923010462 0.368267533031715 0.381037178419409 0.369506507026984 0.375709203132893 0.41755989249014 0.323044833872313 0.360503118602468 0.365548852789869 0.359969196320594 0.44413607027734 0.343516510777468 0.395454462670041 0.359453383795455 0.291707035099551 0.418271309136253 0.348323651772347 0.381582227953049 0.397399279044723 0.397821694083967 0.402253326376545 0.295602403117926 0 0.388845618510213 0.350401366820209 0.276278064555719 0.350743258851337 0.524056692740947 0.383244309066003 0.476306402567448 0.424632270098233 0.441999054554661 0.451463436436706 0.549748384564476 0.406452773392386 0.361306140522542 0.378553396198703 0.35195186756526 0.382686716944078 0.293170814862008 0.329794126107348 0.316306019108189 0.284202914760978 0.323104723790832 0.309762363072806 0.333765757052634 0.380415033024096 0.322649722610948 0.330113370191955 0.312212818494673 0.325833157878812 0.364300628004378 0.41050814992364 0.307435820980918 0.314090634225223 0.380977085083974 0.383548905218655 0.299597802896654 0.353045846908408 0.361538347323892 0.478477944567426 0.419172465247643 0.373214858575944 0.423100433146757 0.373881538503638 0.357309048459553 0.353599194713083 0.383753775140108 0.382250299243252 0.394885186161226 0.284650693257472 0.396698865534629 0.449599514931936 0.326427312636301 0.336011333122361 0.336545152043372 0.326903137453493 0.350834998051127 0.326365835638026 0.296667016109057 0.355054898210621 0.447461776181795 0.428112461147263 0.464634036926832 0.450743109084198 0.361218798088105 0.480100586141553 0.39123179808274 0.361092030030196 0.387274382050204 0.427482716290308 0.349875391101024 0.375486755494212 0.34454492482157 0.41492490059714 0.354094458365951 0.45193465192208 0.300112414556039 0.403414383931928 0.32284510076723 0.494866363142341 0.493931207193802 0.419410258172841 0.508716296699564 0.508787802346702 0.490203634819169 0.481727082244205 0.478037724676182 0.455669755588683 0.45308250770124 0.379065688998703 0.379582916402271 0.308082422507945 0.388113615871588 0.379206610175338 0.463288934588164 0.417541696103068 0.4408773721864 0.451540342720783 0.504912680557424 0.373292144941952
"harivamsa_appendix-41" 0.424949932679985 0.402899112062611 0.421043900177833 0.373759284850656 0.37101160120441 0.424459460714004 0.390541047003259 0.410614117346305 0.380823464627395 0.418902248378042 0.455321447840344 0.378926429909461 0.385850958341772 0.377257743646713 0.395681274995692 0.420330772939083 0.380866167046582 0.407556294389256 0.374593319234212 0.359656147408093 0.441532281647579 0.398855772734422 0.402638208838939 0.424306338572484 0.43414908709137 0.453016983761333 0.357284860374086 0.388845618510213 0 0.337645512594574 0.333099703688691 0.40266350651323 0.537717531133577 0.409704333208027 0.466040420809965 0.449741518055567 0.433170812278632 0.41894638765313 0.548702684804075 0.431911629852059 0.385254549974734 0.410721760224905 0.365923261834958 0.403205700075571 0.351276453526889 0.377850058163172 0.365594556846648 0.340236124774352 0.383211929896887 0.361168173595671 0.36431403242152 0.396272064612948 0.380860022211477 0.382876838338907 0.369217595201331 0.379246731209809 0.386284471493137 0.426573102260401 0.329745482163199 0.327516077838577 0.381824595890585 0.391330976670103 0.345926661937307 0.400985980316688 0.42771837432033 0.513541002642181 0.435228930046705 0.406632961702595 0.458993753177762 0.422332833285765 0.394920751927723 0.36622592706478 0.40304741882666 0.427453680377984 0.444361581485914 0.378950993074889 0.431602543489068 0.451451665878842 0.384144133449925 0.39175224519979 0.394928844799247 0.376202571209734 0.394321881272375 0.382969148671505 0.374484299517782 0.388433234446869 0.45207766008812 0.415804714289752 0.470610074285352 0.478042681543966 0.426175613840051 0.46154511601516 0.452345892914219 0.385999332675107 0.406559106674859 0.440810548781614 0.386037644817923 0.407051621220742 0.377119896730955 0.433509323423836 0.381543781840575 0.44931526475249 0.353130626586188 0.440508719029114 0.395993208893688 0.476674079526213 0.483553909094659 0.426081615705654 0.480517030054106 0.493650113212565 0.469472555564187 0.478825050161569 0.50220949468602 0.427669519086421 0.485359634921635 0.426562441368676 0.369519406115706 0.366491739846022 0.440846712106045 0.412945673045715 0.470911048918212 0.433055658735357 0.456538618131296 0.495529200977807 0.5239719817563 0.403326382699355
"harivamsa_appendix-42_pradurbhava" 0.415269485967489 0.390585693879833 0.430876400338616 0.379365546372936 0.369827906517688 0.424769770400201 0.382504727707185 0.405292850623877 0.365491524139134 0.398439538940437 0.447152439596192 0.357878039989307 0.395582727215695 0.384768560389415 0.391560158508591 0.424097141984067 0.363921730342953 0.362652560390531 0.340976810719401 0.348447679321191 0.44036173000479 0.390625359545399 0.392578532983418 0.411532470220602 0.435647580337237 0.457248733025773 0.315852632728001 0.350401366820209 0.337645512594574 0 0.28890767213499 0.395795093490859 0.552827880805466 0.404842690132055 0.476579098450964 0.445085823564873 0.456068581599149 0.456498342024342 0.550197707942836 0.42062167153492 0.385367424823764 0.416531695635294 0.35641714574722 0.402928284236729 0.333460284475513 0.322483173976303 0.34112311416009 0.317488939855726 0.343938899237527 0.346080940197406 0.301958814584731 0.375675009393037 0.311441170471318 0.317260637564593 0.308140986137159 0.336716177735143 0.36965614606591 0.444889984008116 0.351584182213387 0.339432811690988 0.403476494018822 0.407298430841228 0.352890805633467 0.385051125282207 0.388631551809226 0.499122791105518 0.425262507017054 0.401696977619886 0.411248636879467 0.413758970636767 0.385332098478745 0.333813745402281 0.39851570602353 0.42974497282521 0.425130173413589 0.36768975097448 0.414043999108275 0.460365769900687 0.350238745129064 0.377829350278609 0.363353215299833 0.334225856027628 0.347473596183869 0.309520908008353 0.339097276454663 0.376536255231587 0.461391316226267 0.424809701717594 0.448450080517918 0.481346288654315 0.398382058240375 0.454299730712294 0.426720765705523 0.382465967561841 0.403882204956918 0.452234917648699 0.372193811275866 0.399807955677054 0.373210970643884 0.440391989537691 0.376175937747981 0.479420146964985 0.295624966228139 0.441588846215235 0.35196368362551 0.479160126868088 0.512780934211891 0.425884561977516 0.439063528649157 0.494362787576253 0.454019473652398 0.483878903096569 0.489634410046006 0.429282644328142 0.4842107420001 0.415069017057714 0.356992764936097 0.37850087019845 0.43049349317378 0.405755613130012 0.474531797775193 0.437968378909288 0.441812160081075 0.478925524357293 0.524091158936075 0.393050564837548
"harivamsa" 0.362812099145449 0.304170696666459 0.377282450834557 0.307206304091567 0.291153362548059 0.373117207188567 0.326578271528521 0.342435221531989 0.325692406192875 0.326177948172637 0.360725003474613 0.248376173493741 0.323112098757851 0.316018662856112 0.308629417484839 0.393830066522343 0.28370437065089 0.347126799974264 0.294258054336209 0.240724441569731 0.395780012336088 0.301246876319764 0.33310515812945 0.358043711015153 0.354794338659149 0.393311575691828 0.211879073256296 0.276278064555719 0.333099703688691 0.28890767213499 0 0.31406811253177 0.516077300456396 0.344850247624626 0.450054475401239 0.396712540789908 0.421934213106129 0.412090958454199 0.53401817037836 0.365738530352465 0.340569623238901 0.365882541960578 0.319493021453221 0.358647965272466 0.207322066484883 0.281130928707711 0.234024787246135 0.192828809843743 0.248836180983109 0.230154975170849 0.285297100180123 0.328029897325022 0.271623526682342 0.284185237790306 0.258458204924378 0.259947946441411 0.291127276509343 0.390610875529325 0.24186886968158 0.232891004846304 0.337551477678853 0.335703644343149 0.239389890725407 0.296571270231501 0.307358750225749 0.4437776117778 0.370935618524404 0.30174798855498 0.382692266162628 0.321263708050015 0.283596280124249 0.273922772257017 0.341881535040352 0.333592821987117 0.360411104713988 0.256849609127425 0.356143088875588 0.426616826733752 0.267679520238531 0.255410369626056 0.267668300144126 0.24632369600335 0.265227338966018 0.264344359847697 0.232670371898083 0.322911328913795 0.429062415450504 0.389007398402556 0.425984785103114 0.418119161128096 0.341499315842651 0.44769878318524 0.392475860127003 0.306983813770514 0.35667129182869 0.41055626983026 0.338199220991657 0.325480297144916 0.297202713256947 0.403006206628504 0.323211505002065 0.446232549975639 0.251433367146953 0.385057231431528 0.280722226499988 0.458886223305517 0.47732156149814 0.390506953309247 0.465711905533675 0.470764080875213 0.442689709972299 0.448774580766697 0.444573122702663 0.411775725272162 0.439328457505578 0.3424491359981 0.322358358785655 0.272454202776044 0.375269237315374 0.353466027988749 0.436791766659254 0.378472738993503 0.395481659015056 0.424736058773443 0.485470752338072 0.327319732718986
"kalikapurana" 0.2842472806857 0.358448447921122 0.384968252914197 0.362082401171327 0.349002935185765 0.414882034874637 0.335015213734579 0.338694260979797 0.329579143370944 0.333273985271366 0.411090088634556 0.345865110213574 0.375031676422153 0.364292393007959 0.230625244293242 0.373191187757496 0.271586000218246 0.286297199520628 0.250810385607295 0.26995320302439 0.31328345941025 0.237960291414568 0.248860395240601 0.282621474827824 0.301575142350531 0.331845056578884 0.305419221566751 0.350743258851337 0.40266350651323 0.395795093490859 0.31406811253177 0 0.495863969590789 0.400437219135871 0.475509460339946 0.425161143280749 0.442944937389902 0.435791580104878 0.552073166236849 0.417655702758096 0.290872469484867 0.310088741572163 0.272940714750013 0.275333163398739 0.327815950996417 0.387881757417148 0.365733631421153 0.321110955044166 0.373190786481142 0.353101356781231 0.39551963535342 0.400931439591021 0.385134033012903 0.389201348215864 0.369833789175866 0.368244404758149 0.398973979982545 0.428562786657199 0.333019425408861 0.326023590644912 0.36067527754836 0.35836521946636 0.344678876431339 0.397434479147835 0.414512293625218 0.508525924171646 0.444799835474762 0.254441401594003 0.353574867305487 0.315913665870818 0.2470453032123 0.231243661152451 0.249264295903911 0.288840782362193 0.307635671003664 0.286037967645395 0.311537086397693 0.379254640226162 0.354318311160756 0.346185652120839 0.362734322334292 0.359110327346492 0.370202817684654 0.383180527208105 0.334256991148834 0.265844640894515 0.367255545722866 0.363468332366391 0.382611727826537 0.372756987201128 0.276998445201666 0.405322725740552 0.351264345144386 0.252690654281816 0.2759057282408 0.328592559874389 0.302093027793101 0.250286899316544 0.277963029946442 0.346814942317219 0.299195742272283 0.416626454206584 0.268586553424276 0.334583396803039 0.241377949814922 0.432583720947923 0.437772156744342 0.366994662192038 0.437887614496296 0.449442018135232 0.430387482393114 0.411405648025484 0.432368269294928 0.389183869298327 0.366332827054115 0.284283413304411 0.271521129483231 0.311615358439433 0.385491486216234 0.3271262795486 0.421703876446726 0.338494184528315 0.385871507455419 0.427253370896022 0.481131683859401 0.301125892424289
"karatoyamahatmya_pu" 0.501312500618278 0.537337355447537 0.543924274768657 0.529534297247309 0.519610694834704 0.543916531362818 0.531328563820413 0.534050710347603 0.531063281806559 0.541054391880057 0.550474413506183 0.526377101542479 0.526656269806739 0.517791353966476 0.49899780460578 0.551699551388105 0.519880667656384 0.51347234172169 0.505915634033976 0.482943932628368 0.516849790185296 0.496439208808175 0.49418051407597 0.498366972551983 0.495700512741038 0.512601316915232 0.519996362981232 0.524056692740947 0.537717531133577 0.552827880805466 0.516077300456396 0.495863969590789 0 0.553283548181295 0.591566501379923 0.554798960766103 0.570659072565046 0.571539260034244 0.625498030242436 0.562278305967129 0.51030951382944 0.501261944869974 0.504018367641769 0.502898263447676 0.52429873169093 0.549445505948463 0.537981826719201 0.519369667806237 0.540259247327355 0.523002356102598 0.549685305492749 0.556025682585163 0.551394891375923 0.545628006744426 0.541072154903871 0.54195997161119 0.54045667333993 0.545024846078921 0.507740087528022 0.508613385630954 0.511787882885335 0.5067413497358 0.522157480676436 0.548354803558731 0.561910793261033 0.604507178043668 0.557482320957407 0.52027705721432 0.549611674014623 0.534965094559179 0.515414469948805 0.498575964963542 0.490927984774329 0.505227515392858 0.514061723506797 0.498036773972138 0.519151527296031 0.545461023630427 0.538743413990973 0.525826233137237 0.545973538865454 0.538171883814845 0.547002097535479 0.551207866484577 0.53458533760864 0.495284962761445 0.527545089226845 0.514961017223509 0.576292827575065 0.519069688773219 0.522771398936572 0.575944355633248 0.5439544284221 0.499648732257314 0.512032376595713 0.513254174157236 0.520176562179242 0.477829757784105 0.477787852192979 0.518945586124932 0.532655254654354 0.549672442483294 0.516482581555386 0.507610314978965 0.506638792673849 0.582874868860501 0.570242464890421 0.55125667458416 0.57620903584305 0.589132146290902 0.589291461438388 0.560033093619408 0.594851418562508 0.549073915378027 0.533606919045027 0.487775710617476 0.511685439091611 0.493261948499105 0.536229715236897 0.528919146862815 0.558767380857541 0.53387090804635 0.558664052997805 0.5746048666714 0.584731397408021 0.522101926660576
"kirfel_ppl_textgruppe_I_col1" 0.451819149925152 0.412361087254366 0.449909433253107 0.40087115516677 0.386064544649407 0.428229924777708 0.401977436497784 0.42556893884214 0.411188562176782 0.386466708623781 0.450017376417103 0.389574804125938 0.41405080082901 0.391472370771724 0.405696883693164 0.411865188566853 0.389489273381528 0.446046668147328 0.402555452808506 0.353184311832157 0.455775212982382 0.411159789139365 0.436557157558056 0.444807862294936 0.437214584359179 0.452288707233686 0.35772408229461 0.383244309066003 0.409704333208027 0.404842690132055 0.344850247624626 0.400437219135871 0.553283548181295 0 0.349434521937816 0.310074624458486 0.381286944461997 0.353282113580483 0.460421739090413 0.253458917368098 0.425136942812285 0.443199167699091 0.397899384707022 0.432507007125555 0.324449237297083 0.395894526686191 0.357149122720373 0.333591397233403 0.3690206043618 0.347148271060556 0.390597613825507 0.393392568861791 0.393081816018844 0.394136506456055 0.364624210567231 0.378227044617076 0.409645324909011 0.436539005626237 0.346179835364348 0.334963371826141 0.419799013766798 0.405590181272833 0.339376029482615 0.379001065950903 0.41771566240517 0.496720875776383 0.426437456994328 0.388117307741883 0.465811831616945 0.389940087335873 0.376737978170448 0.37978341563288 0.439436306814947 0.431447613243519 0.438155909065477 0.366103846281494 0.45626260387053 0.483510767428765 0.366581507481331 0.382478361346269 0.412327651082482 0.398003080415917 0.41995807890548 0.414084420998142 0.360340100932665 0.410754988501261 0.493186512946101 0.465255690621965 0.499814621580625 0.479317009238679 0.427684565282834 0.507893223711112 0.451258214356333 0.40301798447442 0.437036025456099 0.473072384991647 0.414510453261962 0.430412088311178 0.384260514854258 0.458822115752337 0.392310218019897 0.490485576124361 0.370455160559247 0.432416731615525 0.387369601972025 0.484001200937581 0.509348873100786 0.422533660418104 0.524712443640779 0.494576522603246 0.462494947240915 0.474007313404961 0.451865365501994 0.487067663342083 0.498563845563081 0.435151425028754 0.397519427103029 0.376164992411704 0.447209671430316 0.41909989522467 0.4857730678954 0.438726257413181 0.417312166666837 0.499213941685079 0.518419066362164 0.392676393045787
"kirfel_ppl_textgruppe_Ia_col1" 0.514601875638284 0.499027583180077 0.514736738288016 0.478712991220042 0.475690919862023 0.502286829365739 0.484754554052449 0.500488040292918 0.489241774845658 0.489779859059561 0.506420056301266 0.48345020755886 0.493169477257835 0.472570257172452 0.494081453805808 0.477263450303361 0.482710421019988 0.514849168071522 0.487587495164722 0.44300808243331 0.518563931131794 0.494070532618379 0.503545658605867 0.519709479842182 0.506144023271245 0.503968427541736 0.453831375431538 0.476306402567448 0.466040420809965 0.476579098450964 0.450054475401239 0.475509460339946 0.591566501379923 0.349434521937816 0 0.403598296773246 0.434652828841886 0.390474519889947 0.479683398193797 0.37859224645307 0.496896811670202 0.507169858663705 0.469815677550345 0.502423158768009 0.441502190653525 0.470137303765179 0.466483488829384 0.444022094334993 0.467269268126602 0.451980464654442 0.480267395202194 0.483687325533603 0.484901623901242 0.482506872976061 0.465388544009646 0.470839538107984 0.497595992806921 0.496834641918843 0.439220549362009 0.43103192590455 0.476295729367813 0.46733739666737 0.440144590251025 0.474597444199783 0.500723141931362 0.561966057829874 0.505842908522753 0.477148025363816 0.52585954854761 0.485112520540892 0.471046805166588 0.458765097755413 0.508245150567692 0.513612295654713 0.50149063334312 0.468246145786568 0.534997107066705 0.534752632575312 0.468700010112367 0.479346295653562 0.499466271146558 0.486190815165294 0.506668918487837 0.496474373794254 0.463636740469101 0.488943311557598 0.54573128791294 0.523518817096181 0.561239162718138 0.525221474216535 0.502111244818992 0.552952335785752 0.515908128463946 0.483920291227615 0.501413064789605 0.522345923677308 0.485348969836009 0.503795168663168 0.46642602249521 0.517622289148696 0.460484447781781 0.526455166660879 0.447388376445527 0.505375249694734 0.471996078707672 0.533632952707808 0.548991792912313 0.487220388987709 0.575507389273401 0.53231895126548 0.496496097424462 0.527123878799229 0.5173155473062 0.535335913342097 0.551274599928748 0.510369261670379 0.470279444429511 0.456374069711485 0.512920213446869 0.495267321266909 0.539722167161032 0.507616267966048 0.505100072503788 0.557829287633962 0.579448320694461 0.480526779010589
"kirfel_ppl_textgruppe_II_col1" 0.464967527593099 0.446563033839933 0.465180504470712 0.421871455390579 0.417176536707118 0.433143484110688 0.435168124722174 0.453705331768648 0.436828438874192 0.434874124895703 0.453913612983796 0.420352508443163 0.444150376350207 0.426161246590171 0.42962287347305 0.467221150427158 0.423227336100328 0.460879936099479 0.43373331360248 0.390502752736687 0.469707565995151 0.436231918567762 0.448527236761563 0.45841588793247 0.461257567580675 0.467658338689234 0.397985936691692 0.424632270098233 0.449741518055567 0.445085823564873 0.396712540789908 0.425161143280749 0.554798960766103 0.310074624458486 0.403598296773246 0 0.424336911341282 0.395087866488153 0.458909880830288 0.331134301446604 0.45078325931168 0.463588459309046 0.425147694443037 0.45203613544666 0.383491803522989 0.44237744721949 0.415603094665586 0.390545019662948 0.420894868487655 0.4038220480794 0.435284541280628 0.441399890649804 0.432199240353873 0.432110365498374 0.413068850636254 0.41910539853636 0.441234970422171 0.452763305176615 0.395987867100342 0.392458547575571 0.444987264067829 0.432432898218513 0.408122441704696 0.431419621814037 0.453561190691265 0.522177556233322 0.479700783273439 0.431088377662354 0.488655717406848 0.432234481021099 0.420267189687461 0.408819396644264 0.450362251393601 0.450798749901432 0.453267026724496 0.399630289489578 0.467592654754423 0.494898339911976 0.423065613406407 0.418875586554386 0.442800448978614 0.44231581339273 0.452041905407614 0.45336968110675 0.413730647385506 0.433223915956931 0.497929424766364 0.479022254853984 0.506839564855667 0.488324641746156 0.450956753720445 0.514024201871412 0.472180262284199 0.436371393950462 0.45160401516717 0.484972794385501 0.429021630908655 0.445103055507049 0.409558569680199 0.487495377544685 0.420335205530512 0.517460480433007 0.402889866900826 0.461680000045808 0.417143761126431 0.522568825097989 0.533101709800481 0.46054997740223 0.542779275620711 0.528471493989893 0.516010562635327 0.510323392229123 0.505923756602557 0.497124821554196 0.512720423324312 0.451219312270068 0.431101641124598 0.40196244494315 0.464636168959581 0.460395470931653 0.519892430874658 0.469521283817849 0.437207561933779 0.515968134377788 0.549048451655443 0.429956022099447
"kirfel_ppl_textgruppe_IIA_col1" 0.484364231014018 0.463223618301201 0.466939634091391 0.434814760229987 0.437220143885722 0.4754586162932 0.450915445954459 0.465650883009732 0.4579742905857 0.462594262728632 0.489350388827688 0.448208653564911 0.444991125074183 0.426483542954287 0.455970884671376 0.440290995090092 0.441164933357467 0.477252856017314 0.446008008373312 0.410907062435191 0.477157767713742 0.4607700496972 0.473316316268923 0.485487833254595 0.468374122325362 0.477518901398391 0.430527701263849 0.441999054554661 0.433170812278632 0.456068581599149 0.421934213106129 0.442944937389902 0.570659072565046 0.381286944461997 0.434652828841886 0.424336911341282 0 0.345700631013376 0.46235138912906 0.414712038806151 0.444046253628164 0.456610559387698 0.430786192677318 0.462970136282471 0.417525623588456 0.453987047307532 0.444996757080709 0.422669290599877 0.456346931475109 0.439998976076146 0.458167127701078 0.458547675227006 0.463266562499466 0.462002205782903 0.447839887703539 0.443892481117246 0.479006181194005 0.460900067927018 0.410793077493698 0.412127332850186 0.452048535035777 0.444778957638302 0.418902548692768 0.461882179026935 0.483871280904367 0.55099408515533 0.49321167764255 0.440848782470233 0.495742117528685 0.450071911452835 0.432254410626127 0.436870519167681 0.457540154140483 0.482163843047735 0.484490308161762 0.432025717252697 0.496298740569955 0.492692040451237 0.457318948074737 0.460774642029619 0.476482129452354 0.462364223539623 0.482678915783602 0.478358132608943 0.439723959724882 0.451808999222843 0.518207826651034 0.496771703423872 0.528825863637072 0.5054763951525 0.471895191897384 0.529150217277554 0.484925324463995 0.450066870488839 0.456213182698303 0.487982318545007 0.448367909288744 0.47372284951193 0.435518823159193 0.476711045747273 0.442519819737324 0.484225710177318 0.435349933212187 0.46863252102066 0.449840163208185 0.500096978113352 0.520467224746029 0.441090905281658 0.552638551705212 0.510264430527519 0.511608284943732 0.513299199622695 0.528775342053739 0.497357010770803 0.513731631867782 0.474390395129126 0.435770078009475 0.41179890468893 0.4684339138918 0.430139825471304 0.484958143340395 0.457721901434547 0.479315490324616 0.515804726173963 0.527270663006305 0.425899214120304
"kirfel_ppl_textgruppe_IIB_col1" 0.470784079669984 0.463617235250284 0.47113399733116 0.427373849016944 0.433500597345188 0.462077325947604 0.44798221840231 0.457685824217135 0.456948574757757 0.458198939934177 0.458980091617997 0.445456844585293 0.434290749973007 0.42570772151696 0.449827915990404 0.416265019000658 0.436318403434647 0.46153011780289 0.435445198654799 0.413373882035071 0.461827334365635 0.460644961055235 0.459078154223837 0.469398466876648 0.459036034473119 0.477377546857046 0.426907416136619 0.451463436436706 0.41894638765313 0.456498342024342 0.412090958454199 0.435791580104878 0.571539260034244 0.353282113580483 0.390474519889947 0.395087866488153 0.345700631013376 0 0.476709095741054 0.376061179508073 0.455170456604808 0.454495403598915 0.427051197472933 0.454098263117947 0.409993037486895 0.45437952078723 0.437045649798847 0.412183213972811 0.44240110011836 0.430029167711193 0.45296337063425 0.444867436687426 0.455274702354675 0.457823974400486 0.439625542934847 0.438724309915694 0.468286798335618 0.442755640465033 0.393705911350169 0.398361792129626 0.42893453217348 0.430268278575621 0.40356524189613 0.452481486169463 0.469157513316083 0.543000904379236 0.493615883057391 0.434263860222298 0.504371947229238 0.454452615804842 0.431416426017508 0.421698583689649 0.456743688507602 0.47740612221491 0.481838843125183 0.43545659050658 0.49288942574836 0.478567012102709 0.449332544639865 0.445997459895248 0.467291470481185 0.450233445605748 0.470509840797732 0.467982366630241 0.433596992155289 0.445887265453294 0.496895743917687 0.4706039755547 0.522751075352411 0.509370591550836 0.476264160037375 0.515167465177422 0.495332739603308 0.431161213281635 0.443073340403103 0.478165122544766 0.451492365620599 0.455688157143319 0.428682951930185 0.475217584244846 0.432572582575725 0.453955082590043 0.42167719763171 0.463889960894279 0.450107330810352 0.496806040145464 0.489495867437634 0.436408586551883 0.539174645086038 0.50131509395176 0.497590898679956 0.494727694014474 0.517328757989388 0.488705868192723 0.518858311608756 0.46837500097365 0.425566696028183 0.411044066155511 0.48431433302928 0.450374144580189 0.500408565266433 0.456667282761989 0.477568705950988 0.529364077141034 0.538961472437606 0.438746571682915
"kirfel_ppl_textgruppe_III_col1" 0.596333146813619 0.560360138527404 0.567293960860503 0.544206672357689 0.548962034967756 0.546693662632067 0.557531118339587 0.565976852772229 0.553655004302102 0.558273993803384 0.571597915218198 0.548628481746942 0.54965742088709 0.53165927217742 0.56037883375559 0.55418012407594 0.549466514254184 0.578724351780235 0.559721754791903 0.518644525704469 0.580123474819576 0.559222617161807 0.583612929189206 0.591013667389246 0.574813096822497 0.567371968858509 0.540262170936977 0.549748384564476 0.548702684804075 0.550197707942836 0.53401817037836 0.552073166236849 0.625498030242436 0.460421739090413 0.479683398193797 0.458909880830288 0.46235138912906 0.476709095741054 0 0.482839980472481 0.563446694475513 0.572865561907138 0.550805017657719 0.573101389840162 0.521550434292869 0.551512250113044 0.541646946296514 0.522370036483293 0.543353613511777 0.533245447130293 0.548300763221481 0.549390237113704 0.554881454917249 0.555224685267762 0.543146107639488 0.543732711562138 0.563739457236273 0.549303630236598 0.522406665397114 0.518181781103374 0.556274477055847 0.549707843688398 0.524532740599957 0.550478415234672 0.569869174736806 0.60155690237576 0.570293790477991 0.54368374461557 0.577298218761515 0.540245392326889 0.535697158105053 0.542107947253147 0.580861179712305 0.579478357735797 0.572025272600917 0.533865589453904 0.588160027341622 0.597544723919771 0.547517354082111 0.554644167692345 0.566344335425814 0.561432290780376 0.56966304797266 0.572449754614993 0.538926905938033 0.558462109563004 0.612135750536124 0.602951106597571 0.611917208617742 0.594969926819241 0.55970248741311 0.61297490657377 0.569671859035891 0.555996998882172 0.569996020760144 0.592478188700652 0.550320832701779 0.574712709765687 0.536716094964194 0.580774876942255 0.538015483652329 0.593536420945661 0.538795752029577 0.561270386502052 0.553904337529852 0.592170568656141 0.615047245392068 0.5425566042539 0.619008424943375 0.592831603322111 0.591996234521135 0.600529353646112 0.591502417565534 0.592997287278887 0.617361308325918 0.568462323633148 0.552444997998955 0.528718170137574 0.565032700929734 0.542065674587829 0.573313358920872 0.569408492914956 0.551058069898514 0.597259013721634 0.598107401114926 0.531582688383353
"kirfel_ppl_ungrouped_col1" 0.463815962547364 0.428385281608018 0.45727699101693 0.415459953551818 0.400367858106996 0.447266531450748 0.414343892780768 0.433717828350147 0.41870066122846 0.400150814606024 0.460504238082809 0.402362379877346 0.430214678568879 0.413128695793773 0.420752856044816 0.449049398507619 0.407237555615813 0.464625489751863 0.422958245792402 0.379151795264438 0.464612216070743 0.426902752173637 0.443299866573488 0.45932008141466 0.457349884809145 0.469517883650829 0.375238105778553 0.406452773392386 0.431911629852059 0.42062167153492 0.365738530352465 0.417655702758096 0.562278305967129 0.253458917368098 0.37859224645307 0.331134301446604 0.414712038806151 0.376061179508073 0.482839980472481 0 0.440174632614112 0.454090905372588 0.409998411958638 0.449109120273029 0.347691709398377 0.406989742946708 0.379736797565904 0.353907561882322 0.386384054005529 0.369819971186762 0.40723293294844 0.423898621675755 0.401485220786291 0.404945948225964 0.378272499876346 0.39180289195428 0.424121869887608 0.45501450862698 0.369323429285826 0.360994703387196 0.437540815314122 0.429044552234035 0.368170633151552 0.398354274114047 0.429960754770216 0.494236665074296 0.449408480147496 0.40783046191533 0.474170262574641 0.409135824105436 0.394944588662674 0.39783718781621 0.452865260075163 0.445322307088349 0.45539869328698 0.379387002891041 0.473459716512859 0.50000367003764 0.388390020647993 0.394242473442344 0.42172443727667 0.416192093495737 0.432344551567922 0.429953609747812 0.380427267157056 0.430022638276516 0.498895613995197 0.48081611313879 0.513350291280702 0.489016928829674 0.442907218030308 0.525948660462336 0.46586602706729 0.423105455108035 0.45096308447646 0.488945912351681 0.42336125757719 0.44534942201374 0.40143266429196 0.477728883168702 0.406314876297091 0.504605500684235 0.384054963632629 0.45309557829938 0.396173858271846 0.508371768037722 0.524311557452572 0.44123268790964 0.542795931203299 0.511958981778767 0.488160137047037 0.502468508855586 0.458279749246573 0.501475759881085 0.50592767509769 0.448700446394854 0.418797276841572 0.392905616031502 0.46579943577822 0.44186154739406 0.499490393420327 0.452080493255824 0.433442611769697 0.512863061146504 0.536108280579905 0.413692964651333
"kurmapurana_khanda-1_u" 0.360586659347953 0.349544295049019 0.364893152536456 0.356488424256754 0.339551676799717 0.407121348393107 0.313630327822405 0.332189966797928 0.311648851849689 0.330934832476922 0.443282858016271 0.348102713459797 0.364605678772372 0.350648436983409 0.309766467917869 0.38217031016838 0.285740789127928 0.322607004001689 0.277583484449425 0.318541221612599 0.338525510231216 0.289977110203656 0.319049288295427 0.338813394698416 0.369078292513833 0.366738704048757 0.339735422175706 0.361306140522542 0.385254549974734 0.385367424823764 0.340569623238901 0.290872469484867 0.51030951382944 0.425136942812285 0.496896811670202 0.45078325931168 0.444046253628164 0.455170456604808 0.563446694475513 0.440174632614112 0 0.238296942202089 0.251802699296026 0.296850851349787 0.354297795190707 0.391454708955148 0.388637907392794 0.35015658118877 0.402331046111549 0.378171050928855 0.408264075365543 0.410372108584054 0.407680086723954 0.410379101255062 0.395097241343039 0.391533197416788 0.416124099178317 0.431808982164113 0.350548405330165 0.352399912962428 0.389379064620077 0.404683583857599 0.362384665260316 0.417672930925232 0.432978601704904 0.522364473491207 0.453158726295779 0.316128547443559 0.392864599466288 0.356912750922273 0.308223982777541 0.306519558279012 0.309004651394492 0.330516337270214 0.377071330253473 0.311725269401999 0.334925401567358 0.374985004194118 0.370064745482401 0.378316783072152 0.386367465249927 0.375243065429645 0.396940191634935 0.395320668158056 0.352244738861303 0.246760543408421 0.390080018056675 0.393501843935479 0.393515305431982 0.406509398830723 0.307059727043154 0.384371718627272 0.337562465849452 0.293835957914738 0.298592601565297 0.366118277609604 0.329148340333736 0.307073567226366 0.329020854542216 0.337303314885554 0.307578735977222 0.409391593765382 0.292805286559872 0.335137336022923 0.269962420055309 0.429350567818683 0.45276260474686 0.353870698712747 0.447852919596471 0.457362702117221 0.449932223556102 0.443962445568271 0.457593619688085 0.394381560216404 0.408184740410902 0.325895698337067 0.30093668559067 0.334744723927539 0.404997840106503 0.333199188643212 0.435088728014689 0.384841106229551 0.397679628275985 0.432248716847009 0.473365379235826 0.321587135828103
"kurmapurana_khanda-2_u" 0.343869426985594 0.365520460243642 0.380819973078572 0.367898237896074 0.364940910052662 0.415798878075838 0.339228617941214 0.347523682384464 0.353381664129727 0.365866902784799 0.437274723161207 0.372408533181103 0.359332989641882 0.368923602709849 0.302412245961013 0.392905545211386 0.311963309700542 0.356017738736799 0.311633591874171 0.314140100519932 0.342903171408322 0.307516874850304 0.330229695457979 0.320303890085877 0.323653844533293 0.364263582927247 0.361596318133751 0.378553396198703 0.410721760224905 0.416531695635294 0.365882541960578 0.310088741572163 0.501261944869974 0.443199167699091 0.507169858663705 0.463588459309046 0.456610559387698 0.454495403598915 0.572865561907138 0.454090905372588 0.238296942202089 0 0.272144048696602 0.302101558910614 0.369491846413523 0.421628614703457 0.402642864616439 0.366481885402704 0.408759782207228 0.382374006653438 0.421597578013565 0.427250063419779 0.419310986295796 0.423444860729337 0.411947211544685 0.397903210587053 0.425933932167476 0.418096764531373 0.337245825430493 0.342964894631896 0.362306531579039 0.364474842782982 0.365441922213208 0.434752376470714 0.445682648004318 0.529121917284169 0.472929399192072 0.32740356031778 0.425690917202525 0.370071827318197 0.326758140151811 0.317898078206184 0.300760112062758 0.324967877416195 0.370581482953114 0.324694492732749 0.335020297235316 0.371872398114634 0.395005352066154 0.391910863992583 0.401720182137842 0.398859925105048 0.42322126779185 0.419384404269452 0.379248347959386 0.269996220317352 0.375015993606432 0.365621742126958 0.406483457720313 0.39394496804701 0.339638685916167 0.393061983188592 0.378022042718885 0.302192526920559 0.291002802579086 0.318779627149055 0.341680774520647 0.3014270664587 0.33057081921166 0.326014516381719 0.32332475124145 0.388751751320382 0.318465836098951 0.329702313510975 0.30170807347655 0.440219706039509 0.429315081748498 0.380197499343549 0.486199518312798 0.456279762936922 0.474116818617415 0.419773797132238 0.477414682391031 0.4102785586414 0.391696125305989 0.311752748899009 0.323291878088797 0.32806510232298 0.42237749864687 0.358416681791092 0.438030540486362 0.360284561815303 0.419899067710992 0.447402945248522 0.470664225266578 0.339003220936723
"lingapurana_khanda-1_u" 0.311805864927044 0.367748161270381 0.393310140493118 0.370945074147344 0.357437171073764 0.418097276597376 0.332858876862333 0.346750748805981 0.334807959105864 0.357276703480327 0.433218004847034 0.357952869970237 0.373554989338395 0.361514033851006 0.253055066912183 0.321729611056002 0.260739568930266 0.307947249432706 0.251359020790454 0.279049254631939 0.32978829057339 0.25674365569974 0.285212973856784 0.285385794554295 0.319160750062988 0.332025529172877 0.315245674350522 0.35195186756526 0.365923261834958 0.35641714574722 0.319493021453221 0.272940714750013 0.504018367641769 0.397899384707022 0.469815677550345 0.425147694443037 0.430786192677318 0.427051197472933 0.550805017657719 0.409998411958638 0.251802699296026 0.272144048696602 0 0.223534052698275 0.331553210632324 0.374178427821089 0.364587201033036 0.326921384922488 0.380601506712074 0.356922994000372 0.383173109829152 0.391603709544432 0.384411901588743 0.384711344798219 0.365673755001402 0.367634070515346 0.40170337653861 0.418311543793556 0.320648425259827 0.313084866291247 0.353570763095971 0.355324080458217 0.336069426024649 0.396879438040268 0.413012798903241 0.501846876851517 0.435705552352983 0.299903968623403 0.388811075440679 0.35161610765632 0.297160854354417 0.255293015949096 0.270791115576876 0.313323965126767 0.341146021952995 0.298931422150713 0.322980040447347 0.372894618346913 0.353973367072599 0.36232439590447 0.375655563656014 0.358474289345594 0.381133810824672 0.376222378067894 0.337610213328872 0.21165754753183 0.361026305000484 0.351101016080712 0.37731390617942 0.395339257275599 0.28253082822268 0.359833514345354 0.345648740408825 0.259667043224102 0.253973953597344 0.306239536890472 0.29552909825909 0.284171926519759 0.279576430314654 0.295553132339016 0.255492834333868 0.401285054316061 0.259462276427419 0.318323785900888 0.270495357164723 0.405280729661727 0.426757272076075 0.331091897789101 0.436488268548835 0.422078669792149 0.419405395135157 0.404604332297961 0.429649169526588 0.374246187727573 0.388751546241322 0.294931521793141 0.251893445987312 0.318615072438501 0.388772101431777 0.320686245751682 0.406185027017871 0.337152683255274 0.388610599523735 0.422949060762027 0.45772961466727 0.297890536510889
"lingapurana_khanda-2_u" 0.290892393598201 0.398372937405617 0.416043003673243 0.399112137057138 0.390790439916814 0.434643888554251 0.369795900193024 0.374719120788849 0.368619508040044 0.385706614773386 0.446678449603376 0.393051749556867 0.401870953934486 0.396793486044762 0.262085299415468 0.368273050621065 0.301191093037778 0.306102537532732 0.275213295306322 0.326690330336906 0.331665807715265 0.278701137478081 0.272939486960678 0.277226487515154 0.324178775672847 0.342531553357747 0.355619897113881 0.382686716944078 0.403205700075571 0.402928284236729 0.358647965272466 0.275333163398739 0.502898263447676 0.432507007125555 0.502423158768009 0.45203613544666 0.462970136282471 0.454098263117947 0.573101389840162 0.449109120273029 0.296850851349787 0.302101558910614 0.223534052698275 0 0.369652124609916 0.413063829564424 0.396168641763081 0.364280260816693 0.402227292750664 0.386644023983291 0.416617234925737 0.42542413120132 0.413832338551532 0.415185005410677 0.40337264279957 0.396212951719291 0.41775861512999 0.43378632147482 0.359297005256515 0.360725719325022 0.382217641045244 0.380200431640719 0.37271765219202 0.427307401380976 0.447915201377106 0.524075424979606 0.467613495045371 0.329767155918626 0.405903815398281 0.382439340608563 0.327408286267718 0.279475762400411 0.25718200928406 0.325311979368752 0.353912290044347 0.329217993312653 0.347201137548732 0.378068906415058 0.388906278938702 0.393998170347667 0.399042989509949 0.392145230380034 0.403500650710657 0.408951684126565 0.381778622115019 0.260344257488032 0.36285686028584 0.350011787929709 0.402112768783463 0.405615708501733 0.307938305239019 0.392923131065172 0.377843118937036 0.287494623622561 0.248221306050258 0.306232828637192 0.331419567045816 0.295545161980455 0.316006277843912 0.318820145982166 0.31478000675819 0.421063185633494 0.314360056968936 0.353324868710401 0.30501009092928 0.43451084659801 0.429975424217088 0.378349416374202 0.453170304744939 0.457613423847478 0.446611023899279 0.423968153555097 0.458851724828404 0.396036743171411 0.396089350351803 0.319119108812543 0.300388861848301 0.346134489901523 0.396448358648721 0.360618954932815 0.429187553998156 0.360672978472871 0.414035119259482 0.439507947819996 0.483694778738864 0.333614354722789
"mahabharata_01-adiparvan" 0.382010638418406 0.310695000862033 0.383877893420289 0.311997293122255 0.290479379156293 0.380938772814245 0.329067280703855 0.346293840476991 0.338955223586803 0.326047519432361 0.381852155757175 0.278332499231077 0.327013223884235 0.319874492305639 0.318101888678553 0.390921213573628 0.290369737926085 0.378726994442847 0.318938872650529 0.231173407906225 0.404758110183924 0.306816537347794 0.35996134985366 0.375115893821307 0.366520003601014 0.403723574738765 0.240322044028899 0.293170814862008 0.351276453526889 0.333460284475513 0.207322066484883 0.327815950996417 0.52429873169093 0.324449237297083 0.441502190653525 0.383491803522989 0.417525623588456 0.409993037486895 0.521550434292869 0.347691709398377 0.354297795190707 0.369491846413523 0.331553210632324 0.369652124609916 0 0.306597225332974 0.18613965064263 0.129190075884382 0.204993122588531 0.17576868763019 0.268043715829981 0.30949400486602 0.263061236912233 0.271700346181996 0.229524913616382 0.234152110115142 0.270295164825036 0.374573250962677 0.198725882820604 0.196797043066681 0.330682293759021 0.320262257213773 0.187218079986788 0.239712375586597 0.305195180933016 0.413446316558619 0.346185939720275 0.296567776889782 0.412115638130142 0.291737798358614 0.278104640833472 0.297449268577963 0.363336921266383 0.348398455538902 0.359678516327016 0.256308320652474 0.370394233468455 0.437900946132494 0.246851984293858 0.236881044792662 0.2846303379674 0.268380376608071 0.288581029467407 0.298790107832074 0.240265312519418 0.336061215528292 0.445447162475944 0.402964279445158 0.441531986905433 0.418813878157261 0.348496898591639 0.459750032517907 0.390414745871342 0.316966192571165 0.36594747911662 0.415093316488457 0.347750616954489 0.345552842376226 0.292408220436491 0.406242759836862 0.316149793997268 0.454949372883138 0.269566592737067 0.378561594682145 0.305811673189392 0.463117073477976 0.47675484272493 0.397691276541627 0.486569302294749 0.46819390389834 0.450609527332774 0.440823255541066 0.435452472187831 0.42716675490605 0.44840812584489 0.344792383754065 0.335565285244399 0.270673071283878 0.373114731606481 0.350478935380994 0.43614618718852 0.378281790799875 0.38911859642596 0.446915713880329 0.48430210687692 0.321396415501862
"mahabharata_02-appendix-21_sisupala" 0.422527368821817 0.385849745375131 0.441337424458194 0.389899373658256 0.376244531659358 0.435433818323658 0.392136128897099 0.411167170787052 0.388218941148442 0.39264856117238 0.440826594023347 0.348059269550993 0.404005305329317 0.390796786957128 0.381334183901138 0.452009795323528 0.364013838511844 0.402109257924656 0.369491552808526 0.334620323156619 0.448641808374998 0.385507860733008 0.400909853923556 0.420332249703581 0.433879854517107 0.439568032877353 0.297062412694743 0.329794126107348 0.377850058163172 0.322483173976303 0.281130928707711 0.387881757417148 0.549445505948463 0.395894526686191 0.470137303765179 0.44237744721949 0.453987047307532 0.45437952078723 0.551512250113044 0.406989742946708 0.391454708955148 0.421628614703457 0.374178427821089 0.413063829564424 0.306597225332974 0 0.312558900457227 0.297464436836056 0.339351974641272 0.326510863155987 0.328487259865271 0.363497560305339 0.334280186769526 0.339080334769509 0.308861726113758 0.337804953685539 0.374005562287034 0.440858962226173 0.336035826247679 0.318617401909315 0.410213553328575 0.397959078063291 0.332236044607436 0.364015707310233 0.358183645522778 0.482287997433196 0.407220007939734 0.399507866723227 0.434749926127106 0.40698796588428 0.382666722126447 0.365350228087208 0.411955253146829 0.4159247816329 0.420197913347707 0.334930807303677 0.422995462505324 0.471814275381769 0.330465647735229 0.35758467907978 0.361948029996658 0.338773576314318 0.35965038151849 0.340831999701067 0.322542894952768 0.391375950490515 0.473399088289547 0.446363261827575 0.476797185341795 0.479547029618058 0.399672306370328 0.484434126987477 0.423312921591615 0.390137198366686 0.422658141533994 0.466058205865286 0.388790259176814 0.40290147789068 0.368882078055363 0.451341019989008 0.370467278889416 0.487231071659789 0.325617660698602 0.432728473231582 0.355961552737767 0.501598934838094 0.521496513299226 0.436074868023266 0.495251125601111 0.509990006248668 0.478001710361079 0.499680515599507 0.485759995295682 0.467153380247308 0.483489091012131 0.410990616806026 0.387069458292506 0.356953340910083 0.412790636187007 0.413345196917957 0.484399707210807 0.439654139879615 0.440370588084294 0.48020096526492 0.532832730182982 0.399962133508788
"mahabharata_02-sabhaparvan" 0.405519138123889 0.335318313599482 0.407017411430875 0.346338115997027 0.328972186430819 0.401939581207826 0.359062373015674 0.372776010991767 0.363950479348111 0.363023968771445 0.400976885030197 0.30586110424772 0.351769282484462 0.352829885831281 0.35058214866476 0.416407957722467 0.33449620555369 0.402542343864134 0.354555932270181 0.286375247875669 0.432342733664099 0.346128864222624 0.385229599908535 0.401043301293186 0.390060124514031 0.426250581430987 0.269719663116975 0.316306019108189 0.365594556846648 0.34112311416009 0.234024787246135 0.365733631421153 0.537981826719201 0.357149122720373 0.466483488829384 0.415603094665586 0.444996757080709 0.437045649798847 0.541646946296514 0.379736797565904 0.388637907392794 0.402642864616439 0.364587201033036 0.396168641763081 0.18613965064263 0.312558900457227 0 0.175828881111146 0.209344413482404 0.165105633032794 0.255160432717712 0.325127022396505 0.257280166577405 0.261247789281093 0.223991675629401 0.247741665331664 0.272031520235932 0.398567259359578 0.224180330150854 0.227109566306878 0.354673802464042 0.333759342104592 0.222823007154216 0.23164098025745 0.32359728706137 0.404200263087038 0.33427992542362 0.341656387017203 0.428475143921121 0.343894109518187 0.326518767070621 0.327534077612517 0.392838264517034 0.381161517392725 0.395199127048492 0.30025729386641 0.405027282436282 0.462220284462999 0.292791733980878 0.273509633396784 0.323205664975827 0.29707520562405 0.321393598332548 0.318405149341506 0.284338335426774 0.369546174891543 0.464564175228666 0.425072701102715 0.468384966490991 0.449840485296866 0.386491018306288 0.484031785755876 0.419405778871286 0.35602915771021 0.395090243325779 0.442925751624277 0.377200071917138 0.374161451222544 0.325752278049507 0.434120975913325 0.357260095565318 0.475530887041572 0.305171402863003 0.41692445572114 0.341733404686737 0.480276419304772 0.494755719197311 0.423875193989951 0.504699868451151 0.488029335417295 0.467659442735329 0.463972287445217 0.455456999262334 0.445359259123504 0.470727890508456 0.380140308707735 0.36972976398469 0.304524591121625 0.404308683133462 0.387030961115438 0.460708401606482 0.402895455960002 0.423735747955447 0.463915364895071 0.499939887148587 0.361642162845211
"mahabharata_03-aranyakaparvan" 0.375415767219249 0.306081928519283 0.37882632667755 0.302412072030624 0.284113224426068 0.372090545803084 0.320536710437813 0.339798938765534 0.331257631519516 0.328349826283904 0.373761692711112 0.269655014841693 0.315211989912156 0.314206820272046 0.312045452884735 0.394590132666768 0.287820544515973 0.366732858155856 0.310767852381166 0.224349061733945 0.400318645894083 0.303462816402283 0.349058103962451 0.37045168991724 0.355029767562112 0.401712397116383 0.224458501594981 0.284202914760978 0.340236124774352 0.317488939855726 0.192828809843743 0.321110955044166 0.519369667806237 0.333591397233403 0.444022094334993 0.390545019662948 0.422669290599877 0.412183213972811 0.522370036483293 0.353907561882322 0.35015658118877 0.366481885402704 0.326921384922488 0.364280260816693 0.129190075884382 0.297464436836056 0.175828881111146 0 0.193470894196601 0.159158854146748 0.249582886266796 0.299602645706606 0.246271998840259 0.256163335223426 0.212043157615815 0.226749773733498 0.255894566375782 0.368341815800181 0.177308035394922 0.175865467266878 0.313384802770371 0.306034391586855 0.174607619688411 0.241146281190251 0.308349246969128 0.408828501487877 0.336732918327383 0.291234414862868 0.399629637280333 0.297727794945287 0.273444419897731 0.285161966119035 0.355474106504495 0.337585692540893 0.357082343632651 0.239458079691377 0.362372751515048 0.436882076235369 0.240579478421922 0.21536300459414 0.256150776582698 0.240557761323354 0.26122285974201 0.26945021242848 0.219262981670252 0.328319471567959 0.436880615249512 0.395087008050269 0.435719076111106 0.412179798559496 0.345871867114663 0.455764145473155 0.389755355835542 0.309899493413792 0.36178794844408 0.407728469526534 0.337258289663733 0.332697551813316 0.28062335431351 0.404906734170758 0.309779215986787 0.449102014814393 0.24951786985255 0.371731128931948 0.290976897739548 0.460267085459457 0.468928214553512 0.395877792312261 0.480182472331085 0.466991418675027 0.44815458113303 0.436727965377905 0.441609837564153 0.417618039683091 0.444653872654581 0.332418141802997 0.326518242324487 0.262183204607249 0.368445647968251 0.353375489016972 0.431347272166615 0.375974416498072 0.396144522585073 0.445120648719374 0.484318650877491 0.325203702266272
"mahabharata_04-virataparvan" 0.408237515904697 0.35231596538931 0.417306334518744 0.352313077680932 0.340784959714189 0.413172249009544 0.375938280591772 0.388767887954729 0.380383681344541 0.372276320804725 0.404219760583812 0.322449830236157 0.360037286326314 0.365613815276927 0.366018466583315 0.432399357946386 0.34913292377187 0.406584002061176 0.366318772917871 0.30335563846733 0.440132830635773 0.36187673697889 0.385594670188056 0.404960063726462 0.392776585920631 0.435235115485011 0.283402784225639 0.323104723790832 0.383211929896887 0.343938899237527 0.248836180983109 0.373190786481142 0.540259247327355 0.3690206043618 0.467269268126602 0.420894868487655 0.456346931475109 0.44240110011836 0.543353613511777 0.386384054005529 0.402331046111549 0.408759782207228 0.380601506712074 0.402227292750664 0.204993122588531 0.339351974641272 0.209344413482404 0.193470894196601 0 0.19044209420097 0.245286858975039 0.343257015312471 0.232722726549211 0.239137005007652 0.235459230009992 0.250373786272137 0.272392715625197 0.410376630006715 0.25114019127859 0.258924296454036 0.366345344651638 0.351026167475831 0.238246802614595 0.281270544247552 0.331640032201772 0.4283758299665 0.369265923170463 0.35113558965659 0.430773565533637 0.350369637096783 0.336843568208224 0.333341475832814 0.400459471877746 0.388150704724134 0.402039081072787 0.31226565627701 0.419767753205736 0.464248817888132 0.30359956132667 0.276231326411488 0.305590805306874 0.293002615338208 0.306542827336231 0.302260951483864 0.289314558404372 0.381999550157582 0.469582857827194 0.42490471692222 0.477717926187542 0.45368588626254 0.393870226930487 0.491726118159487 0.430345898151862 0.365053124501571 0.403107327620701 0.451376995315421 0.383512395401628 0.379445012721566 0.346988931945398 0.439247455728777 0.369272303878489 0.472095660915731 0.311231305402534 0.420990114635287 0.35144973381316 0.488827200647479 0.490176325694498 0.429912743410457 0.506481528932147 0.492856058604311 0.469332115770726 0.468591669103135 0.468735461472 0.446317202512652 0.477281977549582 0.391678110017033 0.379515772526208 0.322670417158457 0.412857638743979 0.401775000217587 0.466367523848211 0.413980445705625 0.432724991106817 0.472660118100091 0.5123492036729 0.378240262435009
"mahabharata_05-udyogaparvan" 0.391856721311974 0.324887431085313 0.396159184013972 0.329504430770235 0.313238750017823 0.391471725623269 0.346652863224821 0.361958802838904 0.360517327221435 0.351831309239725 0.3893384446536 0.302113845489078 0.328860698728784 0.33832909012904 0.338407923157719 0.410118395220943 0.326018155882582 0.392931029909654 0.345379188825457 0.272929092396912 0.415475367593828 0.331666136558748 0.371972383795413 0.385322089624438 0.365414049118079 0.411535020372007 0.262803598924679 0.309762363072806 0.361168173595671 0.346080940197406 0.230154975170849 0.353101356781231 0.523002356102598 0.347148271060556 0.451980464654442 0.4038220480794 0.439998976076146 0.430029167711193 0.533245447130293 0.369819971186762 0.378171050928855 0.382374006653438 0.356922994000372 0.386644023983291 0.17576868763019 0.326510863155987 0.165105633032794 0.159158854146748 0.19044209420097 0 0.243946329549564 0.322982216753012 0.244413907588661 0.248509084151663 0.219892379196517 0.231958849010766 0.247071165406779 0.37793751090595 0.186493995416344 0.207243538553353 0.327027625321249 0.317624992657601 0.195278290560054 0.23943548538692 0.317411516364176 0.420135184979813 0.348482581649784 0.324868459382118 0.426212311557598 0.325055984823029 0.310261057817926 0.319501038807206 0.378591734461438 0.359203352718338 0.387130689718285 0.284314316977129 0.394807298185073 0.44760958963752 0.287830001074051 0.252706481016665 0.30927971305801 0.284152480957106 0.310145996253452 0.311240820429675 0.270482415994487 0.357071757258524 0.448341061681531 0.408287957497273 0.459709180917755 0.43379868176793 0.374050271021934 0.477875843395964 0.415794779452664 0.336381597945826 0.380648048309247 0.422883475817956 0.363179041269515 0.358586979698259 0.318540276292604 0.421774916772581 0.34499436980096 0.458238351484722 0.292587610737532 0.398999392795045 0.328352996605472 0.471571048936808 0.474756219369564 0.416616180433556 0.506342436146958 0.477495797288137 0.463979654202711 0.449253399026213 0.456845262675132 0.438520433257673 0.4609312519827 0.367662036047625 0.361490431105923 0.278647497089453 0.398956755359748 0.376458599706249 0.457360772836214 0.38953151857292 0.4147028476506 0.461388882082977 0.494433969202028 0.350905172123877
"mahabharata_06-bhismaparvan" 0.417784812796837 0.373597686274974 0.42912925695837 0.372733562888426 0.362275029176356 0.426544781480826 0.38744627332459 0.410136234113257 0.389601608418422 0.39594432186992 0.430568039345627 0.342177441281236 0.380747360802956 0.382692223245253 0.389287406542875 0.44551452211084 0.362610248035036 0.402390220769335 0.367296693078134 0.334941523360916 0.449447073075244 0.389419940662636 0.401934341397117 0.417584399179404 0.426727274031602 0.453251876908276 0.305529490574088 0.333765757052634 0.36431403242152 0.301958814584731 0.285297100180123 0.39551963535342 0.549685305492749 0.390597613825507 0.480267395202194 0.435284541280628 0.458167127701078 0.45296337063425 0.548300763221481 0.40723293294844 0.408264075365543 0.421597578013565 0.383173109829152 0.416617234925737 0.268043715829981 0.328487259865271 0.255160432717712 0.249582886266796 0.245286858975039 0.243946329549564 0 0.362332895317703 0.152769805536286 0.164779330895104 0.177749250097794 0.260455398996765 0.302207044412771 0.429033879732925 0.300178442727725 0.305493208406152 0.384796946333527 0.384942175810344 0.284925464403468 0.315719597913132 0.342492937462519 0.458068659715644 0.383192152531234 0.384238755571306 0.428116161966044 0.386567269507395 0.369016632954078 0.349439469183371 0.408033857210932 0.42313120705327 0.424259157039845 0.345521291547474 0.432378106049195 0.475029105665019 0.335873710518428 0.325977452387632 0.335835015720226 0.320829528886586 0.340049127329075 0.290793868550526 0.314935256042381 0.393246143601891 0.478280873248177 0.428108306930172 0.477882823681394 0.476506941977272 0.411793064036722 0.491600076875633 0.438039890483251 0.381698152121732 0.40907576784025 0.453991261952522 0.384960784432036 0.404477085469495 0.369134791880693 0.445320336178696 0.388259937463805 0.477001010638872 0.316575190589717 0.4407647859639 0.363392535339873 0.499150948862171 0.507093763308666 0.445319391084805 0.491658474579809 0.508020688124159 0.48660415942917 0.490878260261261 0.484023011083424 0.450555812094411 0.489075245650133 0.412862563630918 0.386616797652692 0.356829410492491 0.430142217081139 0.414597442367752 0.480679165846518 0.431181505582376 0.440565961737229 0.482548079915736 0.518802055764525 0.393177741498397
"mahabharata_07-appendix-08_sodasarajika" 0.431965210222544 0.386918245183651 0.440093303167125 0.385051051625434 0.360222112031282 0.441301962886373 0.395610551443615 0.404149410469947 0.398583628906466 0.389743351872632 0.447962469604891 0.360964581917374 0.398332864379162 0.381609906864257 0.389696263116603 0.434883926204079 0.382219807219951 0.428122420190908 0.390362954020169 0.329150502976113 0.455406379311079 0.389092181976152 0.415112771274844 0.43769182198385 0.425835375280985 0.460904347806126 0.335457021695061 0.380415033024096 0.396272064612948 0.375675009393037 0.328029897325022 0.400931439591021 0.556025682585163 0.393392568861791 0.483687325533603 0.441399890649804 0.458547675227006 0.444867436687426 0.549390237113704 0.423898621675755 0.410372108584054 0.427250063419779 0.391603709544432 0.42542413120132 0.30949400486602 0.363497560305339 0.325127022396505 0.299602645706606 0.343257015312471 0.322982216753012 0.362332895317703 0 0.35549225933973 0.356334370164368 0.338250450609317 0.338162054388529 0.372057135492657 0.418940260246641 0.304327243016515 0.300264361472245 0.385396490737982 0.374591128977492 0.314361809893671 0.353119310734606 0.397423911341502 0.480940402060158 0.417517231583185 0.390630830380797 0.458663863218372 0.386896305967331 0.377213801736513 0.372738988692461 0.415831981845394 0.416421592396712 0.423903743605276 0.35918356822303 0.427762100866567 0.48377380516201 0.343721307428141 0.351972674585116 0.380703736149607 0.356280990903855 0.380749964293482 0.378594349645865 0.342241181951359 0.405114385004336 0.48099946382058 0.446176852249019 0.476180642220918 0.467222573480497 0.416893960145121 0.493759415176835 0.439861255626085 0.392084145539386 0.422105931826247 0.459228471414947 0.405460583463434 0.41331411175301 0.362135853858526 0.466743399285846 0.387060196499445 0.48745010832054 0.34645544930683 0.431361114306008 0.38639455611415 0.481949847567088 0.508835803885431 0.450576838048555 0.501299328029203 0.506063941792741 0.482963955522368 0.47000836182402 0.482594490553084 0.45262602043279 0.487031225856986 0.411353563963494 0.389339996672152 0.364089216268266 0.421979897247155 0.406640429767463 0.482191590901515 0.425227802215796 0.444689312259702 0.505700816083422 0.525412672079876 0.395090731234879
"mahabharata_07-dronaparvan" 0.406706135280064 0.364737735649212 0.421885313516727 0.362489660088868 0.352879132018261 0.420099608104463 0.387474594094692 0.401038246671842 0.38420765231804 0.385684627533287 0.419499581726542 0.329417490694734 0.375439980341201 0.378091978465656 0.385139398593229 0.448384454558588 0.358392103231004 0.398777374055754 0.364940416008764 0.328089151447809 0.451382451431583 0.388100740513847 0.398564628667673 0.407670010640977 0.419458061983352 0.451244886615544 0.299560616046605 0.322649722610948 0.380860022211477 0.311441170471318 0.271623526682342 0.385134033012903 0.551394891375923 0.393081816018844 0.484901623901242 0.432199240353873 0.463266562499466 0.455274702354675 0.554881454917249 0.401485220786291 0.407680086723954 0.419310986295796 0.384411901588743 0.413832338551532 0.263061236912233 0.334280186769526 0.257280166577405 0.246271998840259 0.232722726549211 0.244413907588661 0.152769805536286 0.35549225933973 0 0.120841508767167 0.17946481404393 0.236479877128654 0.29475001902206 0.42987020067198 0.303752605669562 0.313078131893636 0.388763684652283 0.3860250651551 0.287540877258657 0.324069012161398 0.335325508377328 0.45683956759815 0.383892036712566 0.380815880879076 0.425970836372423 0.384569014354898 0.365793355340394 0.347616986718049 0.401769855789496 0.42005084317501 0.417644167867998 0.336242550456225 0.426622930784132 0.472285871246866 0.331857356033532 0.318941536235922 0.325268206218278 0.311665892780577 0.326364024436347 0.275026791757011 0.30467570851158 0.389631494780487 0.476438407181353 0.426970490535396 0.472735776285122 0.473026743314576 0.410470354745371 0.493007796995993 0.436513360226187 0.381271476488493 0.405459063293576 0.451339842969274 0.379059451433936 0.395927848633032 0.37210440619185 0.446561488266813 0.391913655522401 0.481152513712226 0.315243579578241 0.440242735118292 0.355997798355737 0.500189119350639 0.506589554885074 0.446200252279305 0.495078097892119 0.514311209284833 0.487927363588846 0.490062133740825 0.485561828122286 0.452775367073675 0.482049751543976 0.408704308655726 0.38970996929917 0.35048544640081 0.423838051915928 0.419629787353886 0.48247509399605 0.432135312973726 0.436121037379655 0.483999328761678 0.521988587164112 0.393031512058944
"mahabharata_08-karnaparvan" 0.407664712880649 0.372749902739656 0.430499548776315 0.371497232413903 0.359176928309697 0.425378460455489 0.39034860338353 0.405440221391794 0.387155509053855 0.391128959120467 0.427003192011542 0.337347179208739 0.384290661004858 0.382931814458006 0.384781442855094 0.451581606910635 0.360935936055478 0.403962204453007 0.369834157460361 0.334514583210143 0.449467019261519 0.389469830176952 0.399509400318824 0.408887144819091 0.419769545057927 0.453825246932422 0.303827905685039 0.330113370191955 0.382876838338907 0.317260637564593 0.284185237790306 0.389201348215864 0.545628006744426 0.394136506456055 0.482506872976061 0.432110365498374 0.462002205782903 0.457823974400486 0.555224685267762 0.404945948225964 0.410379101255062 0.423444860729337 0.384711344798219 0.415185005410677 0.271700346181996 0.339080334769509 0.261247789281093 0.256163335223426 0.239137005007652 0.248509084151663 0.164779330895104 0.356334370164368 0.120841508767167 0 0.184600951098596 0.246063146996718 0.297328664128743 0.432919743478051 0.306618375690423 0.318663229422771 0.392971998117107 0.389236249872718 0.29236321505877 0.325748339289637 0.342161614779679 0.460836673240394 0.38249388471448 0.38197368709025 0.426405434452498 0.386525564024356 0.368238548530907 0.348671743965917 0.403487162134378 0.424058762436525 0.418219526861172 0.341990512081507 0.430357913524013 0.47603548403412 0.34226215470717 0.32758405364724 0.335433910732927 0.321815586742856 0.336743952512086 0.290196924417369 0.316188108378154 0.39364792061722 0.480785211487151 0.427206847394644 0.477570999361829 0.473859623293626 0.410440349889567 0.497062068849831 0.436752867244831 0.383605558640801 0.409487890062071 0.452691683255283 0.382161587941026 0.399665160745927 0.36816203883593 0.450008023921333 0.396659432393653 0.484886577503642 0.321679665880362 0.44157172259585 0.358216628094691 0.500426527260672 0.509713354732899 0.44249829774801 0.492120269097236 0.513705783923145 0.48653698187943 0.494135502034976 0.486019436326863 0.451014570936835 0.484894987103681 0.409230392492671 0.391060480327027 0.357014430776654 0.423726460718175 0.420420757111234 0.483150829782498 0.433001580263201 0.439346266463499 0.482730266225707 0.519034709993855 0.393870898035154
"mahabharata_09-salyaparvan" 0.406700685839365 0.362473604155858 0.42496403601656 0.361808138860625 0.348473634904053 0.421550711307241 0.377820198901975 0.399795159333706 0.378980148061644 0.375804155163752 0.417509987600299 0.325183021246391 0.380239836766098 0.37808401528122 0.365686286977902 0.43323845329321 0.33538241503456 0.395015601853417 0.350721631168691 0.301223156046442 0.440974645969062 0.365762255326695 0.388543578975105 0.409342388174967 0.413013548796776 0.441777203773889 0.278831263116193 0.312212818494673 0.369217595201331 0.308140986137159 0.258458204924378 0.369833789175866 0.541072154903871 0.364624210567231 0.465388544009646 0.413068850636254 0.447839887703539 0.439625542934847 0.543146107639488 0.378272499876346 0.395097241343039 0.411947211544685 0.365673755001402 0.40337264279957 0.229524913616382 0.308861726113758 0.223991675629401 0.212043157615815 0.235459230009992 0.219892379196517 0.177749250097794 0.338250450609317 0.17946481404393 0.184600951098596 0 0.234575124126372 0.287413926499921 0.41616319052996 0.278124675345387 0.275294837593116 0.377865474264446 0.362094463848284 0.256513928573747 0.276161152643348 0.311973760038288 0.428422299944905 0.353903807903946 0.359927064164153 0.415733460023694 0.36051924894132 0.344348768392237 0.334983005060968 0.394868572781463 0.40307580036132 0.396512350808212 0.316685580767026 0.418270555123334 0.474948435567542 0.298161911662986 0.303454710450808 0.318736187257012 0.299779518403449 0.325880378896625 0.284073151357333 0.28128982714236 0.377589558360542 0.471961195205465 0.428814836217826 0.471807169829236 0.451337937003222 0.391031788315722 0.489496967965705 0.42561378662472 0.36887591140257 0.401512325980094 0.447116762726456 0.369102924604889 0.390128719458471 0.340516190876895 0.441587573675737 0.36736710528815 0.478731810394474 0.297106172478431 0.414462933772998 0.335947289674994 0.491896314926261 0.503066004967193 0.437970258005574 0.490033136473628 0.496857392953523 0.473011629641901 0.481794666714724 0.467369794797227 0.448159739085263 0.470485860743369 0.389754021589939 0.371043204348088 0.336830440669836 0.418611447434361 0.402799955153549 0.471154976145595 0.416192924646351 0.425775316679146 0.477426893221633 0.510590832355988 0.378251619719444
"mahabharata_10-sauptikaparvan" 0.398755201145783 0.350337265735675 0.410854502914077 0.349355988609933 0.337779592912282 0.40944131117663 0.372204762196961 0.384341599386149 0.380601550084765 0.375758644764277 0.403933911138759 0.324350698152466 0.366930112547546 0.370008241129141 0.362279851700414 0.427979818101505 0.344686641600259 0.396666115913783 0.352482216151181 0.308166657146882 0.431736347745406 0.363248957836653 0.386612821137705 0.403302273805172 0.39597459399851 0.433137882661072 0.287660632747926 0.325833157878812 0.379246731209809 0.336716177735143 0.259947946441411 0.368244404758149 0.54195997161119 0.378227044617076 0.470839538107984 0.41910539853636 0.443892481117246 0.438724309915694 0.543732711562138 0.39180289195428 0.391533197416788 0.397903210587053 0.367634070515346 0.396212951719291 0.234152110115142 0.337804953685539 0.247741665331664 0.226749773733498 0.250373786272137 0.231958849010766 0.260455398996765 0.338162054388529 0.236479877128654 0.246063146996718 0.234575124126372 0 0.275097157046195 0.397438666519227 0.264629316698658 0.274107950296925 0.352679376146809 0.353233732556646 0.256332691890351 0.306652945664918 0.329191744792598 0.438271505934851 0.374223868225064 0.353780741872487 0.423442985686162 0.363005331786733 0.342083334308528 0.337108913483832 0.394225981721881 0.391055912168094 0.409322695045113 0.317250143796444 0.403711615440195 0.459182313457383 0.30996334432348 0.298186900177637 0.317436563481532 0.29782730828277 0.319109911826114 0.307929704833977 0.294364533957436 0.372051383886512 0.461188671508155 0.416947023375578 0.461596613772811 0.450769206446556 0.387825695387877 0.479028060425063 0.426217590808453 0.359201166114914 0.39214100881663 0.43539864178622 0.377726850196349 0.379266815111921 0.348671147961705 0.433096375144587 0.366284571152099 0.468062302158267 0.304159917399823 0.417272385938693 0.346077131018297 0.480856351727418 0.485605272614437 0.431127442594008 0.504023254287874 0.490597930115995 0.469200870569818 0.464034317538461 0.475025741101119 0.445853686363662 0.467067846278908 0.390101823127712 0.372914163969279 0.320102870261958 0.40841372290969 0.397036941996382 0.474645581335385 0.413180466445933 0.428466801027691 0.47809465193762 0.515886492315022 0.377504263176446
"mahabharata_11-striparvan" 0.420370795803992 0.367777310950064 0.423755000424862 0.37120752015537 0.353713321227987 0.418058505814713 0.389612963563271 0.406001877533922 0.398268535045341 0.393718116555506 0.415982347220132 0.341880483363144 0.377810322506166 0.377599659186572 0.380882737846078 0.452354292900721 0.377198683974718 0.418359361132215 0.383494869646258 0.339319835713412 0.453885762961627 0.379818940359925 0.40672315910814 0.4172021554583 0.403957517851184 0.450314884572867 0.320199414548618 0.364300628004378 0.386284471493137 0.36965614606591 0.291127276509343 0.398973979982545 0.54045667333993 0.409645324909011 0.497595992806921 0.441234970422171 0.479006181194005 0.468286798335618 0.563739457236273 0.424121869887608 0.416124099178317 0.425933932167476 0.40170337653861 0.41775861512999 0.270295164825036 0.374005562287034 0.272031520235932 0.255894566375782 0.272392715625197 0.247071165406779 0.302207044412771 0.372057135492657 0.29475001902206 0.297328664128743 0.287413926499921 0.275097157046195 0 0.418719353895885 0.284389858300414 0.29983837391027 0.366511765191596 0.366167624914445 0.28136082313872 0.30254495408995 0.354172083868788 0.444403802976471 0.378412854128017 0.37816323243541 0.447724720956852 0.379685292329382 0.366843927879034 0.361867939501113 0.408376804933387 0.399919452677169 0.427477528980601 0.344465850700415 0.430978693069094 0.481172642382317 0.352174359405381 0.311515439127505 0.339298209910007 0.32583752403965 0.33562709894926 0.340598050698062 0.336874917275686 0.397707080685171 0.477748508212038 0.428070216257803 0.486395141967029 0.459388812331522 0.420638437616975 0.503220742283282 0.45867844814106 0.382952018403318 0.416854453812733 0.461720350394063 0.41138402221181 0.399334639473527 0.367945860516679 0.450391731271585 0.402859743617186 0.479506468662814 0.349856826332647 0.445555834732559 0.38040368013987 0.494115387105782 0.500840628420142 0.456301150679282 0.505428573439823 0.509992260681362 0.491895391602587 0.481601750995261 0.489201186945739 0.451548353419685 0.48768437579462 0.405586875355653 0.394497472158803 0.338593671505858 0.42179983231052 0.422048246164396 0.487875185245329 0.429807214631684 0.445709303756816 0.487044039615907 0.52346938299009 0.398671470985778
"mahabharata_12-appendix-29_moksadharma" 0.454105536991652 0.419300931156728 0.43803183509518 0.385310885222217 0.389057230675662 0.425554919748958 0.417379006127928 0.429824691893896 0.445334194248912 0.454112154186531 0.432904473351321 0.413138549906555 0.384882821240935 0.40161752297189 0.419728934640047 0.467017619430387 0.424954100238461 0.454848545420823 0.427504791356944 0.367740485790055 0.445116351309909 0.421027981530361 0.439604070476111 0.453315399129558 0.431308180504333 0.454838268659504 0.388678421771934 0.41050814992364 0.426573102260401 0.444889984008116 0.390610875529325 0.428562786657199 0.545024846078921 0.436539005626237 0.496834641918843 0.452763305176615 0.460900067927018 0.442755640465033 0.549303630236598 0.45501450862698 0.431808982164113 0.418096764531373 0.418311543793556 0.43378632147482 0.374573250962677 0.440858962226173 0.398567259359578 0.368341815800181 0.410376630006715 0.37793751090595 0.429033879732925 0.418940260246641 0.42987020067198 0.432919743478051 0.41616319052996 0.397438666519227 0.418719353895885 0 0.320969634100984 0.349819677140153 0.387596921828424 0.396553453365979 0.352893884017846 0.416984373552339 0.451502157640495 0.512193413489156 0.465106021945062 0.414414570447439 0.494701988577353 0.426547039405585 0.410859149355497 0.413335996847134 0.437459579912054 0.442605320011444 0.460581491167001 0.387958805757519 0.447964385571408 0.452131841399895 0.401170581129748 0.395849986508161 0.422334075496044 0.41214869983244 0.431168328949825 0.439459942660614 0.399336466138143 0.422919024774965 0.490192472985078 0.44260035808019 0.492971137229785 0.480712061084869 0.440484781109115 0.492145117004184 0.4686953698106 0.412135745390872 0.421713546963908 0.448401995350628 0.441688305586279 0.417148395163713 0.40210419837094 0.446550718663234 0.42514984943543 0.44205965739858 0.399625180956704 0.448485822119881 0.423355415453444 0.502565140998369 0.487430168790994 0.467175610207587 0.532842641353335 0.517771425628686 0.518847600358939 0.482702334741185 0.525365667737919 0.464396682810049 0.507667899972908 0.430036389140005 0.423448028296862 0.358336714918892 0.447779563457299 0.434376471340544 0.494741225621598 0.450699992614782 0.469961352596086 0.504340626690933 0.524779220927943 0.419999717993895
"mahabharata_12-santiparvan" 0.370517797446573 0.308444474907777 0.363273382249312 0.289060040070004 0.28079446088959 0.366223019994198 0.31251562278639 0.321421450829345 0.336697531266937 0.341895563616521 0.37037842519757 0.290856818503387 0.282973765891476 0.304122757118482 0.311720373859836 0.385074667756767 0.309023729112887 0.378837118996809 0.325787172384046 0.230222568934333 0.383022220351855 0.303742461291869 0.349028864563088 0.363669925580666 0.335782272459635 0.385513840908013 0.264481815282652 0.307435820980918 0.329745482163199 0.351584182213387 0.24186886968158 0.333019425408861 0.507740087528022 0.346179835364348 0.439220549362009 0.395987867100342 0.410793077493698 0.393705911350169 0.522406665397114 0.369323429285826 0.350548405330165 0.337245825430493 0.320648425259827 0.359297005256515 0.198725882820604 0.336035826247679 0.224180330150854 0.177308035394922 0.25114019127859 0.186493995416344 0.300178442727725 0.304327243016515 0.303752605669562 0.306618375690423 0.278124675345387 0.264629316698658 0.284389858300414 0.320969634100984 0 0.149240802854528 0.262144427739966 0.270669174460362 0.171650108553352 0.274561205937434 0.346465114110363 0.431079907731615 0.363213351508365 0.295704829392904 0.41838200729524 0.311561830087819 0.286667030249571 0.289727299791478 0.347034584143334 0.332851434197714 0.366220062073252 0.263411840504472 0.370729035389968 0.411284474053835 0.290758877833131 0.256371593349481 0.309667477949332 0.286691343058527 0.316158808805298 0.32378904754011 0.274998526230877 0.322623198003185 0.41923495811114 0.37367686392264 0.436992796715841 0.41292403046065 0.356305850502923 0.446344324976596 0.396724304202684 0.304679710888201 0.343038585214255 0.38119683745111 0.343189789482991 0.323995090128922 0.282786356694808 0.379990355389292 0.321372760993016 0.410706909825061 0.278263935999811 0.372238746775802 0.317528999670694 0.444003054299306 0.439709416761026 0.394243929758355 0.497178757882496 0.460593992710304 0.453194607493405 0.423401222771392 0.453915575712593 0.414152655536036 0.444434577493425 0.340354489534346 0.33151149395372 0.229660195467055 0.376329298052265 0.342138773406591 0.426413136757075 0.356403670221612 0.407038982521307 0.450982459655062 0.477226818539947 0.324985507883192
"mahabharata_13-anusasanaparvan" 0.371769094495397 0.318795399379242 0.37983872646953 0.306013186953468 0.293895962928753 0.379023720189404 0.320165669206371 0.341627069949002 0.338395221588484 0.341819367663901 0.382492126110301 0.297174699698217 0.312532482827758 0.315670871570838 0.303993982098502 0.37930947372387 0.309904562900628 0.380280052467735 0.32414786913362 0.216938672126024 0.394650509150137 0.303689577327691 0.340840963985006 0.363600439573211 0.338644421480009 0.387610391288317 0.247609772012931 0.314090634225223 0.327516077838577 0.339432811690988 0.232891004846304 0.326023590644912 0.508613385630954 0.334963371826141 0.43103192590455 0.392458547575571 0.412127332850186 0.398361792129626 0.518181781103374 0.360994703387196 0.352399912962428 0.342964894631896 0.313084866291247 0.360725719325022 0.196797043066681 0.318617401909315 0.227109566306878 0.175865467266878 0.258924296454036 0.207243538553353 0.305493208406152 0.300264361472245 0.313078131893636 0.318663229422771 0.275294837593116 0.274107950296925 0.29983837391027 0.349819677140153 0.149240802854528 0 0.281290609772828 0.254613561005161 0.199312156673478 0.269284452453231 0.343968350936511 0.430950783851354 0.353200544958265 0.298747803401373 0.413673361219973 0.313773167584702 0.287259061334174 0.285860269707631 0.350052105124385 0.332320479496879 0.353280335640212 0.264997334549134 0.365645702174974 0.430989948032613 0.282201110541968 0.265567780756829 0.314363309349513 0.29417958466494 0.324172996588744 0.330159119121366 0.272224283181324 0.323605018845035 0.421204133212185 0.385877202252525 0.438348828291143 0.404019452142678 0.355651356467704 0.449181152519268 0.395434818828966 0.304264721760017 0.360510513509633 0.389085017271674 0.338310602565055 0.331430709518405 0.269112771222693 0.395543135734332 0.304041514196105 0.435009359675197 0.269860966007639 0.365742083941951 0.308594064435979 0.446006381680988 0.456240051683339 0.391345320662028 0.489374277633098 0.457846279778749 0.444220926188941 0.410991367833783 0.447646011908612 0.421166565889225 0.432106981434495 0.328081480646447 0.319001464434959 0.240686463741859 0.375678708722705 0.343674679271185 0.42117100251442 0.357429623117611 0.410524597336684 0.45079063896013 0.48111634623205 0.32403434937138
"mahabharata_13-appendix-15_umamahesvara" 0.393451807618862 0.396413521439056 0.426626646364444 0.370270081229256 0.368186318362373 0.418726527098337 0.391983886651786 0.391808250174342 0.409372188923247 0.421219702430927 0.398422725289529 0.377903250514917 0.355756163589594 0.379804022610591 0.357875493261785 0.427977420889961 0.381493582106881 0.393397482855862 0.37188963970109 0.295609020709154 0.401149544875611 0.35326580716041 0.361859875043327 0.396199541478554 0.354913149894363 0.41075916966517 0.329821560897522 0.380977085083974 0.381824595890585 0.403476494018822 0.337551477678853 0.36067527754836 0.511787882885335 0.419799013766798 0.476295729367813 0.444987264067829 0.452048535035777 0.42893453217348 0.556274477055847 0.437540815314122 0.389379064620077 0.362306531579039 0.353570763095971 0.382217641045244 0.330682293759021 0.410213553328575 0.354673802464042 0.313384802770371 0.366345344651638 0.327027625321249 0.384796946333527 0.385396490737982 0.388763684652283 0.392971998117107 0.377865474264446 0.352679376146809 0.366511765191596 0.387596921828424 0.262144427739966 0.281290609772828 0 0.312456649003495 0.310796419171983 0.37519770586816 0.419278161223879 0.492211189648052 0.4232529841792 0.365792084885359 0.452159594971792 0.394916312169416 0.364443091472806 0.341815966616368 0.363904958647507 0.36020364337295 0.399059621733536 0.341546205096826 0.396199768957812 0.44056698085083 0.376760514313194 0.343362864310808 0.375757530457398 0.359699714633417 0.377534619580682 0.397152475058092 0.356395772153985 0.36103383184183 0.422086498791108 0.381405997671616 0.455017329577871 0.417801953731733 0.39121875038252 0.45054736606148 0.437090943644484 0.341398027269175 0.369420855716991 0.37793719570457 0.388037533428274 0.359032766014622 0.333803883065637 0.392656235351136 0.377180340326526 0.420962701519591 0.339683053618393 0.404173905560749 0.36914267368584 0.472290697781232 0.46581092018966 0.444208356939339 0.505190827327098 0.494829296681221 0.489876608458356 0.441279052619548 0.507185596110717 0.442924183225818 0.459628180343483 0.374287499381854 0.380065777229005 0.284377641713352 0.421057930466122 0.404195745374341 0.470221772705386 0.394287438762022 0.456567436155657 0.500228037686103 0.51606871560829 0.394060168341426
"mahabharata_14-appendix-04_vaisnavadharma" 0.375723430587674 0.394140293596713 0.424949998579883 0.371296977582616 0.364494603433697 0.422950757198105 0.389897408204532 0.394271113819439 0.402103456802026 0.413291706914277 0.409757953887523 0.371636902731791 0.365024243828152 0.365125479296993 0.340491984631095 0.42050786283858 0.381156120089907 0.418804483156136 0.380321329634823 0.285779422011663 0.419972601328843 0.366075159979656 0.366737393051533 0.384065760266511 0.329975135177029 0.406757911271716 0.340059938327346 0.383548905218655 0.391330976670103 0.407298430841228 0.335703644343149 0.35836521946636 0.5067413497358 0.405590181272833 0.46733739666737 0.432432898218513 0.444778957638302 0.430268278575621 0.549707843688398 0.429044552234035 0.404683583857599 0.364474842782982 0.355324080458217 0.380200431640719 0.320262257213773 0.397959078063291 0.333759342104592 0.306034391586855 0.351026167475831 0.317624992657601 0.384942175810344 0.374591128977492 0.3860250651551 0.389236249872718 0.362094463848284 0.353233732556646 0.366167624914445 0.396553453365979 0.270669174460362 0.254613561005161 0.312456649003495 0 0.30439464683988 0.363449895011409 0.406442106302886 0.477635722723176 0.417691906335908 0.360083972463591 0.456999153624479 0.387204835581039 0.357811085748586 0.330716438335542 0.367335842282215 0.365154195563454 0.380186137172243 0.330106130549365 0.402407582005969 0.460458383883977 0.373948631448031 0.363815378189188 0.395160128655725 0.374725424655291 0.397469705974052 0.403269206974642 0.365450435899718 0.360723160149082 0.420958981895165 0.392516957572881 0.480515008092683 0.424966898892673 0.410272007031253 0.476190432609933 0.447025026117071 0.356357264014873 0.385713054642716 0.39897979541005 0.388310932010553 0.364875598412293 0.312952219419191 0.415563577380912 0.373944160025942 0.457479664444673 0.346267189526213 0.399540424607312 0.372038063029733 0.472181432591598 0.458935193113898 0.435152898165027 0.511512068511532 0.485871063395128 0.480183904045381 0.42803204194189 0.48808540346588 0.455573735408457 0.451127807203413 0.364856207364095 0.367937934008155 0.288645775485113 0.415887913347491 0.40899780105158 0.445817972690709 0.374165883118455 0.449446199799973 0.486175431828836 0.507277887454729 0.378460523959245
"mahabharata_14-asvamedhikaparvan" 0.393350987650277 0.328919405607344 0.387962530090178 0.320830358866884 0.306851746163279 0.390284652759585 0.342691064905479 0.352436559888308 0.359619641068558 0.359136152657402 0.390984925969011 0.309580198826062 0.322333363188886 0.337210425864396 0.33074522389923 0.399087042068407 0.322684861453074 0.396988673142856 0.344838887667888 0.248808923218374 0.400999238858878 0.321997957106458 0.370281484595653 0.389927995489701 0.363334936346079 0.402955864858232 0.264203799335774 0.299597802896654 0.345926661937307 0.352890805633467 0.239389890725407 0.344678876431339 0.522157480676436 0.339376029482615 0.440144590251025 0.408122441704696 0.418902548692768 0.40356524189613 0.524532740599957 0.368170633151552 0.362384665260316 0.365441922213208 0.336069426024649 0.37271765219202 0.187218079986788 0.332236044607436 0.222823007154216 0.174607619688411 0.238246802614595 0.195278290560054 0.284925464403468 0.314361809893671 0.287540877258657 0.29236321505877 0.256513928573747 0.256332691890351 0.28136082313872 0.352893884017846 0.171650108553352 0.199312156673478 0.310796419171983 0.30439464683988 0 0.254760150104991 0.322374830904076 0.42226765830014 0.359212718411732 0.31890411906813 0.423419001979206 0.315816591221432 0.305226736721847 0.31980316308634 0.372892047869588 0.356008035987274 0.380635166820287 0.27378100143856 0.386018164192276 0.43588466373854 0.287886086362014 0.264383814251613 0.313475268921194 0.287477515982963 0.319506771281541 0.317219273916187 0.268840743942337 0.345865654338578 0.446491249080961 0.399507964591063 0.451127989783484 0.422318523342107 0.362243585558938 0.463886218669598 0.404862529866161 0.323600741272402 0.367967331556574 0.405240489891453 0.353661596634318 0.357318570661871 0.304492367753594 0.403922107576086 0.331331541046176 0.42530529911916 0.285520658698938 0.382311530279821 0.326966687840958 0.457048277735008 0.451280491988064 0.406776417372972 0.50600921817298 0.47142033931941 0.46121907210589 0.440504611330943 0.45601053345897 0.427923426722729 0.456077370653751 0.357691021579441 0.35250206735244 0.268891391852648 0.380230233668863 0.357063679992929 0.438764642442377 0.377690042934246 0.417787037084106 0.460696613759145 0.485644052646949 0.34510514649669
"mahabharata_15-asramavasikaparvan" 0.445569785318753 0.374321494091989 0.437433542591567 0.385021629037599 0.366354461744604 0.437092927194999 0.394059265462549 0.408190046563231 0.405059253444303 0.391872459860798 0.432616485219166 0.356209425172903 0.387923810737566 0.3884919023734 0.389818347608468 0.441665976570781 0.370625399710091 0.433217671831138 0.390518970879616 0.323782730445654 0.45111332419483 0.374530234300834 0.416476367252131 0.441503829423133 0.425429890202169 0.457599512366542 0.316448184204559 0.353045846908408 0.400985980316688 0.385051125282207 0.296571270231501 0.397434479147835 0.548354803558731 0.379001065950903 0.474597444199783 0.431419621814037 0.461882179026935 0.452481486169463 0.550478415234672 0.398354274114047 0.417672930925232 0.434752376470714 0.396879438040268 0.427307401380976 0.239712375586597 0.364015707310233 0.23164098025745 0.241146281190251 0.281270544247552 0.23943548538692 0.315719597913132 0.353119310734606 0.324069012161398 0.325748339289637 0.276161152643348 0.306652945664918 0.30254495408995 0.416984373552339 0.274561205937434 0.269284452453231 0.37519770586816 0.363449895011409 0.254760150104991 0 0.34944056824294 0.420872777297792 0.34557401793441 0.365277236720222 0.447687109979898 0.359985696058578 0.352056605202018 0.371311834706359 0.426440841929333 0.413004828388505 0.416790047247526 0.339092497037636 0.44169127073573 0.492041157185123 0.316871278557154 0.305189555269198 0.3653238680192 0.344224723246575 0.361836892905953 0.367966004358011 0.321860260297665 0.404837767381246 0.490978278232391 0.453562903847617 0.49770016215932 0.462342945100921 0.411744426473322 0.508105169362085 0.445169929426883 0.38997912048763 0.42958784145741 0.466837139295015 0.411861243545264 0.412132566774159 0.360823809078087 0.461664687046915 0.383128871824606 0.492019888254393 0.344800688072269 0.432097092533878 0.379996798895019 0.500247649011474 0.510788674918681 0.454419173218847 0.525211780973759 0.508589021761308 0.489090930455435 0.479842950244811 0.470818641032765 0.469274583024471 0.489158483334095 0.410758732116333 0.400125499119231 0.346327437497614 0.435561785620176 0.411772380559622 0.48452982398989 0.420231167393219 0.445692579070525 0.495986752408373 0.512889237670392 0.393551983428572
"mahabharata_16-mausalaparvan" 0.442980807771393 0.398809007405921 0.456568548042538 0.404539079934649 0.395114340561187 0.455857826241679 0.424125317329037 0.433347490815105 0.427109878268983 0.415261381642843 0.440953152661227 0.363207829568758 0.420079095843169 0.408781803538342 0.416876916598501 0.472449047208681 0.399617746722156 0.441026673192819 0.406721904436357 0.355925748075573 0.468973430187144 0.412374282526338 0.437526237336482 0.444312465874679 0.447057691003912 0.468252283242538 0.327635120731565 0.361538347323892 0.42771837432033 0.388631551809226 0.307358750225749 0.414512293625218 0.561910793261033 0.41771566240517 0.500723141931362 0.453561190691265 0.483871280904367 0.469157513316083 0.569869174736806 0.429960754770216 0.432978601704904 0.445682648004318 0.413012798903241 0.447915201377106 0.305195180933016 0.358183645522778 0.32359728706137 0.308349246969128 0.331640032201772 0.317411516364176 0.342492937462519 0.397423911341502 0.335325508377328 0.342161614779679 0.311973760038288 0.329191744792598 0.354172083868788 0.451502157640495 0.346465114110363 0.343968350936511 0.419278161223879 0.406442106302886 0.322374830904076 0.34944056824294 0 0.460485909210002 0.414010809145196 0.406828773872325 0.468747438690225 0.405395277050727 0.395254000350199 0.396982754609418 0.438495117715877 0.437756516359869 0.434550153975165 0.370660482869481 0.449692865914077 0.488453767374415 0.362577707926454 0.352770247859628 0.376215905097326 0.356493119985666 0.381015931428285 0.369321440790236 0.35035042843896 0.424089779632053 0.500947732779916 0.459981653569538 0.500387318427536 0.480436550441966 0.431202917418817 0.519548161021872 0.45828649016571 0.417750785493634 0.442868815773691 0.476162600867266 0.423413576377409 0.424547938316525 0.396377530770778 0.476903172349192 0.412003644298035 0.50706852942695 0.363153414992492 0.456798604084779 0.385108472593758 0.51704878264829 0.52706259194904 0.462490741159686 0.530711392008491 0.521821297684016 0.510414869936809 0.506279960444377 0.499455760709859 0.481458353944459 0.504755813787846 0.438329629594255 0.426859402472725 0.384557232452692 0.44044437462589 0.444112945984964 0.504750937793784 0.461155730437508 0.456967064440395 0.497771858978284 0.535336004409139 0.423054246631703
"mahabharata_17-mahaprasthanikaparvan" 0.541302217187639 0.500843097963697 0.536292864081696 0.49877555057764 0.491170021532472 0.535712182252048 0.510572114942664 0.509618801793442 0.516147008243872 0.510901321338932 0.53866024486392 0.487730354172992 0.507540589681811 0.508052142420917 0.49928558837147 0.547866074637185 0.499180451082616 0.544681527501453 0.515230921518089 0.459507483702883 0.541847918974334 0.497731361237449 0.529934423904094 0.539309142376704 0.523956932108091 0.545602459627597 0.451386320617823 0.478477944567426 0.513541002642181 0.499122791105518 0.4437776117778 0.508525924171646 0.604507178043668 0.496720875776383 0.561966057829874 0.522177556233322 0.55099408515533 0.543000904379236 0.60155690237576 0.494236665074296 0.522364473491207 0.529121917284169 0.501846876851517 0.524075424979606 0.413446316558619 0.482287997433196 0.404200263087038 0.408828501487877 0.4283758299665 0.420135184979813 0.458068659715644 0.480940402060158 0.45683956759815 0.460836673240394 0.428422299944905 0.438271505934851 0.444403802976471 0.512193413489156 0.431079907731615 0.430950783851354 0.492211189648052 0.477635722723176 0.42226765830014 0.420872777297792 0.460485909210002 0 0.434536220168838 0.497564202472481 0.544970896501659 0.489347216526142 0.48882791871522 0.49808579568074 0.532033040650881 0.511970754594881 0.521656724461813 0.461751477163151 0.539036298734685 0.581323868199186 0.451338491511081 0.445403412903895 0.476175982436602 0.458654609781211 0.481398997789032 0.479115792883667 0.456483591283697 0.512732009498889 0.572396779626349 0.550158310557487 0.584746796353907 0.53906398337503 0.511893340329675 0.591080093961028 0.527888662506405 0.508489050128847 0.522608141757687 0.553371486046426 0.510826824370712 0.523160573290152 0.473993736364596 0.548336032292419 0.496722172890088 0.566576498378443 0.481446835773867 0.514040259021579 0.492501748735982 0.567532541494718 0.578745063933495 0.534879644321263 0.601223317795354 0.582960194744158 0.576012763791247 0.557119251111219 0.546603132679709 0.561069901164648 0.554341133797133 0.509946441562203 0.5147209519491 0.473428137524072 0.516435224908948 0.509868369358967 0.554682884522005 0.527170559296465 0.551668669231962 0.56940014882902 0.580591001014328 0.507039653983888
"mahabharata_18-svargarohanaparvan" 0.481086461274992 0.433182298158733 0.477049810413707 0.44059684994727 0.425703377657888 0.485767985561928 0.446223435204338 0.454874853249696 0.452157542954813 0.452092603444986 0.479193253737429 0.422811098702522 0.444521422260112 0.44225886095962 0.43875112617042 0.481702122446241 0.428604284311592 0.474174098207301 0.439883112734934 0.388466986290916 0.48327377296642 0.433920303020926 0.452684084174372 0.481017273066138 0.467593556303258 0.488994575666077 0.381346369968885 0.419172465247643 0.435228930046705 0.425262507017054 0.370935618524404 0.444799835474762 0.557482320957407 0.426437456994328 0.505842908522753 0.479700783273439 0.49321167764255 0.493615883057391 0.570293790477991 0.449408480147496 0.453158726295779 0.472929399192072 0.435705552352983 0.467613495045371 0.346185939720275 0.407220007939734 0.33427992542362 0.336732918327383 0.369265923170463 0.348482581649784 0.383192152531234 0.417517231583185 0.383892036712566 0.38249388471448 0.353903807903946 0.374223868225064 0.378412854128017 0.465106021945062 0.363213351508365 0.353200544958265 0.4232529841792 0.417691906335908 0.359212718411732 0.34557401793441 0.414010809145196 0.434536220168838 0 0.427462509402307 0.488862029704495 0.436907556592601 0.42057159528576 0.42674993841577 0.465274517907741 0.455650187718713 0.456267396359883 0.399207860710764 0.475874914390494 0.525531615316374 0.392748358942641 0.391441341618207 0.420269982073428 0.405397211653718 0.422622700455514 0.421493723084502 0.390951302281962 0.447921973305339 0.517719839650518 0.488808205203208 0.527564316929924 0.495609680297736 0.458492461651667 0.533196514826573 0.488215847199081 0.437669348630885 0.473511017362862 0.500403606998237 0.452456443375944 0.4569790787225 0.402161684938095 0.495307448182362 0.429812797542488 0.521556675107488 0.401449018926325 0.460680942596402 0.432009648065096 0.524543308073243 0.540614748790691 0.483753519888113 0.536782327923114 0.534591255307327 0.515861035788764 0.518151774107986 0.50879305178005 0.497277173476669 0.504613869372559 0.446492459193472 0.440706465550624 0.409101210826095 0.467451182362162 0.460738704241032 0.510555741997911 0.469495615663482 0.501371077494434 0.531329918854961 0.551981542197515 0.454120880148261
"markandeyapurana_adhyaya-1-80_u" 0.333680922951109 0.325313137569997 0.369507520698191 0.34094966553451 0.327331536925706 0.397895633013435 0.302442269981475 0.314269554936349 0.318279637343789 0.30380877200954 0.397046444036776 0.324816600648568 0.348742628496247 0.346841438355204 0.272637596459303 0.350965440851387 0.249755487445724 0.312172960849996 0.253143450766278 0.280352971742699 0.34060726175257 0.259967243451937 0.293481693419014 0.306866052611945 0.291915785866424 0.364376903930115 0.322027090772204 0.373214858575944 0.406632961702595 0.401696977619886 0.30174798855498 0.254441401594003 0.52027705721432 0.388117307741883 0.477148025363816 0.431088377662354 0.440848782470233 0.434263860222298 0.54368374461557 0.40783046191533 0.316128547443559 0.32740356031778 0.299903968623403 0.329767155918626 0.296567776889782 0.399507866723227 0.341656387017203 0.291234414862868 0.35113558965659 0.324868459382118 0.384238755571306 0.390630830380797 0.380815880879076 0.38197368709025 0.359927064164153 0.353780741872487 0.37816323243541 0.414414570447439 0.295704829392904 0.298747803401373 0.365792084885359 0.360083972463591 0.31890411906813 0.365277236720222 0.406828773872325 0.497564202472481 0.427462509402307 0 0.349845697407288 0.234540566453665 0.0943575619959078 0.242555957779856 0.292954256120034 0.290960643216088 0.339133679922088 0.285123840019558 0.329415149613268 0.381267027241112 0.35474180431927 0.326821732556964 0.363907164160196 0.356131000982538 0.36742921536219 0.390105343337512 0.338607175165439 0.288434875559075 0.392718989426792 0.379091451462239 0.38761137882453 0.388139666411175 0.312010959456627 0.410886640237343 0.373350307398778 0.266228339615437 0.311848170702614 0.369706459507316 0.331924394291968 0.26733602580463 0.290348741251807 0.360054529451808 0.299361542358234 0.426334759979607 0.277351716239406 0.332196262045475 0.268923227481262 0.418789255811913 0.434519291984665 0.360761183026371 0.440372352990065 0.429581257571181 0.41042070624774 0.401829796375139 0.407328850730728 0.380111297090749 0.397978639344647 0.290659172111988 0.264385744413398 0.302098705241648 0.39627426140565 0.301595097835068 0.384682472936116 0.314022629734378 0.352210746410865 0.407518902867704 0.446717265944031 0.254010626262737
"markandeyapurana_adhyaya-81-93_devimahatmya_u" 0.424700903662954 0.428369615385798 0.456557414141771 0.437907675791051 0.435792691409068 0.476271203192452 0.396885610885939 0.414377459494528 0.393714165889255 0.418262891818262 0.467854407838779 0.418238863919463 0.441076469212952 0.442777218328402 0.379524076789249 0.430255969766745 0.363049745548166 0.352017013859817 0.340119053542785 0.397713713847093 0.413062844756164 0.362707992294562 0.369073570618744 0.405330036409162 0.414611233906183 0.434752247271542 0.389544935498567 0.423100433146757 0.458993753177762 0.411248636879467 0.382692266162628 0.353574867305487 0.549611674014623 0.465811831616945 0.52585954854761 0.488655717406848 0.495742117528685 0.504371947229238 0.577298218761515 0.474170262574641 0.392864599466288 0.425690917202525 0.388811075440679 0.405903815398281 0.412115638130142 0.434749926127106 0.428475143921121 0.399629637280333 0.430773565533637 0.426212311557598 0.428116161966044 0.458663863218372 0.425970836372423 0.426405434452498 0.415733460023694 0.423442985686162 0.447724720956852 0.494701988577353 0.41838200729524 0.413673361219973 0.452159594971792 0.456999153624479 0.423419001979206 0.447687109979898 0.468747438690225 0.544970896501659 0.488862029704495 0.349845697407288 0 0.372622836494823 0.312724780564892 0.354630212291416 0.390772764027465 0.40577789766013 0.429886976385223 0.399935909116639 0.429779065070998 0.46822762914446 0.440654263850838 0.437149002396316 0.43180111272293 0.438045695048906 0.432327640319712 0.426478423886622 0.419861928927725 0.378401888605686 0.469260644071581 0.475354954409883 0.458456151716272 0.466178531906137 0.379570226331742 0.47920172546081 0.434785087740745 0.359869380088684 0.40646132718358 0.454654557726208 0.391837889599518 0.382977461022187 0.39785369156663 0.442003606071597 0.384454559861891 0.493198709079414 0.350496003367483 0.426885123912982 0.34616557108469 0.484276782572754 0.510668245859424 0.440301327814551 0.486379510992707 0.495361941289825 0.4661455744611 0.486802109252029 0.473236783125817 0.439758501451536 0.458546535502404 0.380813074519117 0.377286299684953 0.405299941203089 0.455756420335919 0.397765932335791 0.463073353636651 0.412551118704239 0.437856780097803 0.455752327290984 0.512780419698576 0.376984656097676
"markandeyapurana_adhyaya-94-141_u" 0.400346500861803 0.346270610568593 0.388318964750943 0.36940081089985 0.349982078427935 0.428575718477654 0.349719693935226 0.357661459311494 0.357702272660727 0.338014918311178 0.419086107038965 0.347421898082373 0.379274865582734 0.36930563876986 0.3222063603553 0.39613459060438 0.299448400743803 0.377141476932633 0.32210756559622 0.306460679460672 0.385684377247468 0.309183598848854 0.35949749559056 0.370803109561792 0.359510039972355 0.409456622675395 0.340439539785223 0.373881538503638 0.422332833285765 0.413758970636767 0.321263708050015 0.315913665870818 0.534965094559179 0.389940087335873 0.485112520540892 0.432234481021099 0.450071911452835 0.454452615804842 0.540245392326889 0.409135824105436 0.356912750922273 0.370071827318197 0.35161610765632 0.382439340608563 0.291737798358614 0.40698796588428 0.343894109518187 0.297727794945287 0.350369637096783 0.325055984823029 0.386567269507395 0.386896305967331 0.384569014354898 0.386525564024356 0.36051924894132 0.363005331786733 0.379685292329382 0.426547039405585 0.311561830087819 0.313773167584702 0.394916312169416 0.387204835581039 0.315816591221432 0.359985696058578 0.405395277050727 0.489347216526142 0.436907556592601 0.234540566453665 0.372622836494823 0 0.174452166245311 0.320639558100658 0.359263769591125 0.336589037224468 0.369542147628151 0.303396838219859 0.378942421308058 0.432321214729112 0.351501285605186 0.334092489756449 0.366468337112169 0.362932902461647 0.376762297441456 0.39435818351354 0.335222796791 0.339794651047018 0.438340223915107 0.423485776164838 0.440852299827188 0.411562864005224 0.348881347402633 0.463242809837558 0.384301536370297 0.320621766602963 0.363539165481118 0.418801253632782 0.354389456710905 0.339268232916026 0.3260029895763 0.404512313401455 0.333854741138578 0.448194220081356 0.30218205893378 0.371134957987619 0.318548353313458 0.457392754328555 0.475496726143386 0.402241849187523 0.486976953449479 0.460665097734343 0.454049024564115 0.44586377503509 0.428053877320237 0.420577536621812 0.443603913964832 0.329368299429884 0.339469868588548 0.324892398829406 0.400425911917726 0.325495768638351 0.41411980715685 0.366653096509802 0.390093250833486 0.437637528800861 0.463496528534817 0.305684038064296
"markandeyapurana" 0.339709012133739 0.319709545254198 0.365327507329661 0.336632337103188 0.321027776482091 0.394914528388177 0.298764663383973 0.312555078903971 0.310607533572055 0.300512389269547 0.393615385465883 0.315023601480687 0.34752032694645 0.340530681212398 0.265234475443802 0.349989157776366 0.241624504116459 0.307497601737053 0.246891172536087 0.268692577643602 0.337117215472753 0.249346356789531 0.290622666918245 0.310032417532232 0.300676349810508 0.363631167836089 0.306774145423419 0.357309048459553 0.394920751927723 0.385332098478745 0.283596280124249 0.2470453032123 0.515414469948805 0.376737978170448 0.471046805166588 0.420267189687461 0.432254410626127 0.431416426017508 0.535697158105053 0.394944588662674 0.308223982777541 0.326758140151811 0.297160854354417 0.327408286267718 0.278104640833472 0.382666722126447 0.326518767070621 0.273444419897731 0.336843568208224 0.310261057817926 0.369016632954078 0.377213801736513 0.365793355340394 0.368238548530907 0.344348768392237 0.342083334308528 0.366843927879034 0.410859149355497 0.286667030249571 0.287259061334174 0.364443091472806 0.357811085748586 0.305226736721847 0.352056605202018 0.395254000350199 0.48882791871522 0.42057159528576 0.0943575619959078 0.312724780564892 0.174452166245311 0 0.238832156321354 0.294722527165879 0.287435606327637 0.333364410935374 0.271594504952148 0.325774037540657 0.38613166960818 0.34074395218238 0.317849362805937 0.349794676898235 0.344748955045417 0.356363810337573 0.375722502134381 0.320575201630226 0.281510901456563 0.39381979617958 0.38198510765095 0.388042787221373 0.384098123435911 0.301719351756808 0.415328428670378 0.361054797903137 0.257175892204639 0.312574371896186 0.373227952268679 0.316989929498074 0.268906463066902 0.281101754172817 0.362938123516042 0.288437304694972 0.425661046755821 0.256432774500238 0.330516179316403 0.258288514029554 0.421773990431058 0.439016192396162 0.360748643755874 0.443378742349692 0.429850015700913 0.410589586677471 0.40581927121453 0.403013008638412 0.377154381854051 0.399436834945019 0.279321067821076 0.267561807038554 0.290441475569873 0.383748147065981 0.289531524190136 0.382779265969441 0.313725746151821 0.350166112415828 0.400916921485889 0.445634583754534 0.245783895152002
"matsyapurana_pu" 0.267461046057824 0.324162684961039 0.370154368337987 0.34700483124209 0.327783922844859 0.378862288729701 0.301247479196563 0.313300284398187 0.295963986452115 0.317462803366449 0.396389246501437 0.315624436127529 0.3476431837218 0.329866444130579 0.225723718851434 0.319900042648499 0.244930745349469 0.255757765962309 0.205676327876336 0.264792606435338 0.337144669870423 0.255542201217074 0.238421236953005 0.258493987706204 0.276279173297108 0.343478498880422 0.292695184964828 0.353599194713083 0.36622592706478 0.333813745402281 0.273922772257017 0.231243661152451 0.498575964963542 0.37978341563288 0.458765097755413 0.408819396644264 0.436870519167681 0.421698583689649 0.542107947253147 0.39783718781621 0.306519558279012 0.317898078206184 0.255293015949096 0.279475762400411 0.297449268577963 0.365350228087208 0.327534077612517 0.285161966119035 0.333341475832814 0.319501038807206 0.349439469183371 0.372738988692461 0.347616986718049 0.348671743965917 0.334983005060968 0.337108913483832 0.361867939501113 0.413335996847134 0.289727299791478 0.285860269707631 0.341815966616368 0.330716438335542 0.31980316308634 0.371311834706359 0.396982754609418 0.49808579568074 0.42674993841577 0.242555957779856 0.354630212291416 0.320639558100658 0.238832156321354 0 0.234575672912956 0.298462852986062 0.299971944134365 0.294749585710216 0.308386427262125 0.371032565082577 0.348209654619304 0.338531576929998 0.351119335935122 0.333791282457501 0.348809967251099 0.353679991639523 0.32432036472371 0.24832775355276 0.35982954573942 0.336538233646965 0.36326744129875 0.385584308551689 0.306956860751524 0.380711814510302 0.374602844494679 0.246645481612374 0.279345484607898 0.331132529572075 0.294674204039515 0.248715195068353 0.269652433212873 0.34509653279406 0.280462635884104 0.412018637856398 0.226333343080511 0.345291445011033 0.242734655181167 0.405273208867658 0.427127632324645 0.343108998970207 0.398669888059661 0.41100259610064 0.387452599867883 0.376988710202144 0.398926387543157 0.351284427752585 0.384980614146632 0.28361947913336 0.2114854223697 0.297566816723606 0.382074827741528 0.316141647469658 0.400482049963258 0.325838698804416 0.365000768093491 0.407231130543647 0.467883650664819 0.275763721666025
"naradapurana_khanda-1_u" 0.223460310543826 0.349684611215283 0.377420342105825 0.362338768425705 0.345871343421791 0.405148066156043 0.327108803862404 0.332087870464195 0.329610349880547 0.345949928948844 0.415861338787444 0.344437063561881 0.361160864417925 0.351129891324371 0.221848078177963 0.363285844037282 0.265716196382545 0.263398988156925 0.231805317881896 0.304390931090304 0.318735841210075 0.265297291314221 0.253446799892444 0.21950024515105 0.277930735338449 0.335254492883182 0.339467988118988 0.383753775140108 0.40304741882666 0.39851570602353 0.341881535040352 0.249264295903911 0.490927984774329 0.439436306814947 0.508245150567692 0.450362251393601 0.457540154140483 0.456743688507602 0.580861179712305 0.452865260075163 0.309004651394492 0.300760112062758 0.270791115576876 0.25718200928406 0.363336921266383 0.411955253146829 0.392838264517034 0.355474106504495 0.400459471877746 0.378591734461438 0.408033857210932 0.415831981845394 0.401769855789496 0.403487162134378 0.394868572781463 0.394225981721881 0.408376804933387 0.437459579912054 0.347034584143334 0.350052105124385 0.363904958647507 0.367335842282215 0.372892047869588 0.426440841929333 0.438495117715877 0.532033040650881 0.465274517907741 0.292954256120034 0.390772764027465 0.359263769591125 0.294722527165879 0.234575672912956 0 0.28062419240513 0.341371377156203 0.314338901238157 0.299025513670723 0.346483624756991 0.39071709173742 0.37885041223228 0.386913659487814 0.383102042266377 0.389681218777118 0.396425873468319 0.374216549023901 0.260989224740494 0.340488449168127 0.32328479887203 0.36368791366103 0.401385715423539 0.319696345599509 0.381884760320303 0.387074221954027 0.265522898582765 0.255744723976039 0.290660059161113 0.318929300256774 0.244217739615213 0.316798168754743 0.324349566324302 0.333328131395358 0.40442856524413 0.303979257325665 0.368641629307963 0.275157250142212 0.439334000932439 0.438658135206804 0.38858110996749 0.426814592004984 0.457356304287584 0.440504730676746 0.408971467548879 0.453099957294939 0.376813953704961 0.369814085751253 0.303289218551231 0.273750499469801 0.311153829478221 0.402956094993638 0.353415824380471 0.418702729795333 0.330319843557224 0.38277144747857 0.430883255052256 0.469019413828457 0.303474875396817
"naradapurana_khanda-2_u" 0.334306351345956 0.362472032094431 0.396487957291349 0.36772713335351 0.352370900437246 0.421785632506758 0.344905430019024 0.347102557312085 0.350843331752263 0.350051756719899 0.419241525823685 0.359173566079646 0.375168928177574 0.386190067530227 0.250934777260852 0.407397377145797 0.293157772946137 0.341373912420265 0.300829020922945 0.290302547770696 0.360068786219319 0.2463578406344 0.300637277690228 0.32669486549207 0.293651614343708 0.344317953694973 0.333305466085191 0.382250299243252 0.427453680377984 0.42974497282521 0.333592821987117 0.288840782362193 0.505227515392858 0.431447613243519 0.513612295654713 0.450798749901432 0.482163843047735 0.47740612221491 0.579478357735797 0.445322307088349 0.330516337270214 0.324967877416195 0.313323965126767 0.325311979368752 0.348398455538902 0.4159247816329 0.381161517392725 0.337585692540893 0.388150704724134 0.359203352718338 0.42313120705327 0.416421592396712 0.42005084317501 0.424058762436525 0.40307580036132 0.391055912168094 0.399919452677169 0.442605320011444 0.332851434197714 0.332320479496879 0.36020364337295 0.365154195563454 0.356008035987274 0.413004828388505 0.437756516359869 0.511970754594881 0.455650187718713 0.290960643216088 0.40577789766013 0.336589037224468 0.287435606327637 0.298462852986062 0.28062419240513 0 0.350830715701134 0.29682039839912 0.319026614068891 0.405544444816731 0.374355186620656 0.337516171345753 0.366407152365697 0.370325324046925 0.377350233789418 0.404661088049412 0.352687207253337 0.295448057909959 0.398057586232254 0.390129227938541 0.402102876109692 0.393280883126059 0.304265749412255 0.428865321177829 0.388474975716064 0.293118831843569 0.331974907832386 0.352102221367347 0.344265187207667 0.270439514361788 0.310754266454633 0.361111856885844 0.334677956016995 0.437114355795564 0.32190208723071 0.36150819450015 0.281204041617347 0.466568735866103 0.455999758879452 0.412844134447227 0.476353205521814 0.47700319978509 0.468700478424716 0.434085713209755 0.464490322352954 0.419759236582967 0.38572371403933 0.295442446950871 0.329137542304994 0.310804157420069 0.415979760673024 0.36379008578789 0.436200268807566 0.353436408132846 0.407059302162289 0.448792363125166 0.48101893599898 0.332951726735137
"nilamatapurana_au" 0.368092392471157 0.409452901823202 0.441250250913571 0.424598917139529 0.407331849399322 0.457414637771262 0.396142710434596 0.405208514627108 0.390603250435589 0.399817489775256 0.450738464327926 0.396417179060676 0.426866185985997 0.415877057971117 0.304600670534884 0.412652509330095 0.347590920889651 0.379322507083536 0.344539594107347 0.308758455539678 0.393802904018696 0.31977438331893 0.32826600974013 0.35997270538194 0.359359329326425 0.386276717965348 0.350579032781414 0.394885186161226 0.444361581485914 0.425130173413589 0.360411104713988 0.307635671003664 0.514061723506797 0.438155909065477 0.50149063334312 0.453267026724496 0.484490308161762 0.481838843125183 0.572025272600917 0.45539869328698 0.377071330253473 0.370581482953114 0.341146021952995 0.353912290044347 0.359678516327016 0.420197913347707 0.395199127048492 0.357082343632651 0.402039081072787 0.387130689718285 0.424259157039845 0.423903743605276 0.417644167867998 0.418219526861172 0.396512350808212 0.409322695045113 0.427477528980601 0.460581491167001 0.366220062073252 0.353280335640212 0.399059621733536 0.380186137172243 0.380635166820287 0.416790047247526 0.434550153975165 0.521656724461813 0.456267396359883 0.339133679922088 0.429886976385223 0.369542147628151 0.333364410935374 0.299971944134365 0.341371377156203 0.350830715701134 0 0.344425137985122 0.377099139988545 0.444228781806019 0.393598144413197 0.389430789785082 0.40307709567278 0.396641744021631 0.411702432698878 0.421465505305259 0.380914555430655 0.336652957023212 0.41374106474266 0.409479905873463 0.450532971637086 0.38421354176323 0.356172123124538 0.45716461254115 0.401909193072681 0.339681008097681 0.365050877998767 0.38670586058427 0.355339129255264 0.330598004104945 0.315447609703186 0.412828501432651 0.350441364902125 0.466239563493626 0.320157457108468 0.37001953628647 0.327218795646342 0.481567888679498 0.488444588051772 0.427418305441552 0.464926446270221 0.48246638648172 0.46609940387873 0.433750038737087 0.473123939528308 0.437807953914309 0.415636949685043 0.321801402929446 0.342457265848164 0.363072493987867 0.411177003866886 0.401356074866784 0.460566642326392 0.397021657208994 0.439593276592007 0.475935375557628 0.521308218062616 0.37441546396795
"nrsimhapurana_pu" 0.346503083774911 0.334072238090173 0.371063493752714 0.317487403904454 0.300994501957963 0.37704091720017 0.324269308331123 0.33848412810883 0.32588430022565 0.334959249743563 0.37882225525676 0.289490774060027 0.327493313429941 0.318324814939224 0.274441146130563 0.407797533724613 0.273236377984327 0.349941326280573 0.296975698852508 0.217020202621681 0.371361566278399 0.264620655923125 0.324635443309631 0.329597868839129 0.335593956960538 0.366938512600174 0.272929158672251 0.284650693257472 0.378950993074889 0.36768975097448 0.256849609127425 0.286037967645395 0.498036773972138 0.366103846281494 0.468246145786568 0.399630289489578 0.432025717252697 0.43545659050658 0.533865589453904 0.379387002891041 0.311725269401999 0.324694492732749 0.298931422150713 0.329217993312653 0.256308320652474 0.334930807303677 0.30025729386641 0.239458079691377 0.31226565627701 0.284314316977129 0.345521291547474 0.35918356822303 0.336242550456225 0.341990512081507 0.316685580767026 0.317250143796444 0.344465850700415 0.387958805757519 0.263411840504472 0.264997334549134 0.341546205096826 0.330106130549365 0.27378100143856 0.339092497037636 0.370660482869481 0.461751477163151 0.399207860710764 0.285123840019558 0.399935909116639 0.303396838219859 0.271594504952148 0.294749585710216 0.314338901238157 0.29682039839912 0.344425137985122 0 0.319153957773571 0.413502480055087 0.276518507650079 0.263319101306954 0.277681534807558 0.284095745814983 0.301107111933899 0.30910633446085 0.247476171734528 0.296148148982268 0.411199005186384 0.381803047886047 0.419504229656452 0.388796724629455 0.309933878251769 0.44209796824964 0.355294693913443 0.291567274119563 0.338621837045499 0.377968121178654 0.318506137420021 0.298506831919472 0.264521202400798 0.381113790686909 0.317491373746645 0.436241663337326 0.277337265601487 0.338696589254295 0.265877097688601 0.459971283232283 0.461878759942651 0.395787540406239 0.485977350618623 0.472509754111524 0.460662151643443 0.446956976354089 0.44639260160803 0.419462107057514 0.407495768078274 0.302376033148586 0.32154097105334 0.252882445903705 0.346981594240873 0.334320260098913 0.421611898318023 0.361557773934365 0.395666796834581 0.424425481445411 0.472972818924968 0.311100392930899
"padmapurana_a" 0.351797078297367 0.366176741340568 0.401364399910145 0.37672913121496 0.363493173088164 0.402004993518283 0.356601800644113 0.358274747907475 0.348436164993704 0.368205856377081 0.424222873410054 0.357213122705385 0.389031989262906 0.37937420351967 0.29288801358287 0.425667147166602 0.296393001079994 0.340600274719994 0.299100692128435 0.3183864781599 0.373107033096965 0.293746485308785 0.349185132013808 0.336485236611602 0.345789073876903 0.393589150379562 0.359643182043183 0.396698865534629 0.431602543489068 0.414043999108275 0.356143088875588 0.311537086397693 0.519151527296031 0.45626260387053 0.534997107066705 0.467592654754423 0.496298740569955 0.49288942574836 0.588160027341622 0.473459716512859 0.334925401567358 0.335020297235316 0.322980040447347 0.347201137548732 0.370394233468455 0.422995462505324 0.405027282436282 0.362372751515048 0.419767753205736 0.394807298185073 0.432378106049195 0.427762100866567 0.426622930784132 0.430357913524013 0.418270555123334 0.403711615440195 0.430978693069094 0.447964385571408 0.370729035389968 0.365645702174974 0.396199768957812 0.402407582005969 0.386018164192276 0.44169127073573 0.449692865914077 0.539036298734685 0.475874914390494 0.329415149613268 0.429779065070998 0.378942421308058 0.325774037540657 0.308386427262125 0.299025513670723 0.319026614068891 0.377099139988545 0.319153957773571 0 0.38262213312678 0.390438708231509 0.384014352556769 0.39317399668687 0.393630311937042 0.39998783188087 0.412994971102507 0.372289795454533 0.307468340611717 0.396441303438526 0.366678698285933 0.274987902205742 0.420518814860195 0.33331876112197 0.320412176259292 0.401805284062951 0.314204109930621 0.333091580763503 0.352831410994613 0.356464350681702 0.301089146908326 0.332926101238158 0.386616035565837 0.344627082800024 0.458624040970044 0.330077531070398 0.378616803843374 0.31051964429864 0.465292351359449 0.479316289899782 0.428867524987779 0.460316709891548 0.487146561221427 0.488945107560831 0.446640751898169 0.482665141034555 0.410951007889731 0.412784123215238 0.325859415429783 0.334029367236765 0.345684520521096 0.415985819939495 0.371615525495678 0.453637671605694 0.378029008909052 0.38217634648243 0.452629735477742 0.488240072676043 0.32625343752854
"pranavakalpa" 0.384861469966485 0.399862555689732 0.400200580682681 0.400052122065459 0.401364930759888 0.408379004699037 0.38473349534902 0.381767459466244 0.385510671932249 0.402499925548308 0.432049674004546 0.415507864071476 0.407006799268429 0.410609383278816 0.382624917722756 0.429612911566431 0.370612735589653 0.370218236140702 0.355642814356968 0.418058319751073 0.372711561874622 0.386586756039601 0.383888239100694 0.373112911068484 0.398159315520107 0.41172966740748 0.431900215290526 0.449599514931936 0.451451665878842 0.460365769900687 0.426616826733752 0.379254640226162 0.545461023630427 0.483510767428765 0.534752632575312 0.494898339911976 0.492692040451237 0.478567012102709 0.597544723919771 0.50000367003764 0.374985004194118 0.371872398114634 0.372894618346913 0.378068906415058 0.437900946132494 0.471814275381769 0.462220284462999 0.436882076235369 0.464248817888132 0.44760958963752 0.475029105665019 0.48377380516201 0.472285871246866 0.47603548403412 0.474948435567542 0.459182313457383 0.481172642382317 0.452131841399895 0.411284474053835 0.430989948032613 0.44056698085083 0.460458383883977 0.43588466373854 0.492041157185123 0.488453767374415 0.581323868199186 0.525531615316374 0.381267027241112 0.46822762914446 0.432321214729112 0.38613166960818 0.371032565082577 0.346483624756991 0.405544444816731 0.444228781806019 0.413502480055087 0.38262213312678 0 0.457635470351858 0.454646750417072 0.457811597908327 0.448348570143722 0.463154332623975 0.46784801935318 0.450074884774548 0.357054259315571 0.428692188149181 0.395916918185457 0.418421700007531 0.477840449395495 0.403084317623386 0.418734050463882 0.442267500446586 0.372664622055354 0.344295089475333 0.37754855015376 0.411909764510862 0.322434620384409 0.420362718970399 0.353295388788335 0.406448827971863 0.432395440262909 0.388320632666439 0.430604196926453 0.393495598813347 0.46741425313621 0.456708209127957 0.430966776865629 0.494258875453531 0.490472332359797 0.492034084666924 0.458585189586615 0.513618252764617 0.425933287637428 0.447057065759079 0.413722440616585 0.373818340422818 0.401884449129596 0.473937525516648 0.400094103901238 0.478768710427133 0.423470319048858 0.420271558467227 0.472187015309018 0.50172424858081 0.376218054652538
"ramayana_01-balakanda" 0.409118946993215 0.372777909945828 0.41781337277193 0.356526987573965 0.338910148303814 0.416599791819063 0.375924904099883 0.39460252170464 0.379831591976015 0.359416517746952 0.424176005936174 0.331182627382466 0.385507978206464 0.36543109571297 0.357316555428237 0.428745957146547 0.32476758166206 0.393936178416943 0.348900424407571 0.283306929394372 0.425652258857244 0.345775840147897 0.386221816297323 0.402968278944629 0.411744819349089 0.438198514308935 0.28313350881711 0.326427312636301 0.384144133449925 0.350238745129064 0.267679520238531 0.354318311160756 0.538743413990973 0.366581507481331 0.468700010112367 0.423065613406407 0.457318948074737 0.449332544639865 0.547517354082111 0.388390020647993 0.370064745482401 0.395005352066154 0.353973367072599 0.388906278938702 0.246851984293858 0.330465647735229 0.292791733980878 0.240579478421922 0.30359956132667 0.287830001074051 0.335873710518428 0.343721307428141 0.331857356033532 0.34226215470717 0.298161911662986 0.30996334432348 0.352174359405381 0.401170581129748 0.290758877833131 0.282201110541968 0.376760514313194 0.373948631448031 0.287886086362014 0.316871278557154 0.362577707926454 0.451338491511081 0.392748358942641 0.35474180431927 0.440654263850838 0.351501285605186 0.34074395218238 0.348209654619304 0.39071709173742 0.374355186620656 0.393598144413197 0.276518507650079 0.390438708231509 0.457635470351858 0 0.244228936084945 0.273475547490377 0.267351560939304 0.287296510208616 0.289342004684262 0.22317086040142 0.357454755054641 0.461006905190722 0.431734453268008 0.463649802241669 0.437478063571335 0.368342860580883 0.473408240625135 0.402495817820526 0.360030617345123 0.385684817804228 0.434784926401114 0.375731833507745 0.375346053192345 0.327831738989061 0.429267594087413 0.347423341109748 0.469784807148194 0.308448247965795 0.390378563803881 0.318881368190385 0.490561682556172 0.49982136117741 0.425019861060524 0.494589143693132 0.490455677031712 0.469930448349752 0.472926639206389 0.467461537933928 0.447334516775154 0.456062375788013 0.379589184925177 0.367884395649289 0.322799263965315 0.40158010078237 0.388408425586837 0.462643263702988 0.416796111923351 0.42494699269574 0.479368881931003 0.510423614394681 0.371571753051341
"ramayana_02-ayodhyakanda_a" 0.39456005958886 0.351080230979317 0.409471658086795 0.337991259751113 0.317200101951464 0.400848582642907 0.362354546798867 0.378612160374271 0.373678127096708 0.353160579448823 0.39064646872305 0.306599193010038 0.355283358496433 0.353515158736271 0.344929714062014 0.434683673297617 0.325978779245715 0.39243057855451 0.347512144728242 0.280587044125008 0.416344391621228 0.326868952998214 0.377033997195906 0.388536285569695 0.385662571193342 0.422821843144926 0.275297846026633 0.336011333122361 0.39175224519979 0.377829350278609 0.255410369626056 0.346185652120839 0.525826233137237 0.382478361346269 0.479346295653562 0.418875586554386 0.460774642029619 0.445997459895248 0.554644167692345 0.394242473442344 0.378316783072152 0.391910863992583 0.36232439590447 0.393998170347667 0.236881044792662 0.35758467907978 0.273509633396784 0.21536300459414 0.276231326411488 0.252706481016665 0.325977452387632 0.351972674585116 0.318941536235922 0.32758405364724 0.303454710450808 0.298186900177637 0.311515439127505 0.395849986508161 0.256371593349481 0.265567780756829 0.343362864310808 0.363815378189188 0.264383814251613 0.305189555269198 0.352770247859628 0.445403412903895 0.391441341618207 0.326821732556964 0.437149002396316 0.334092489756449 0.317849362805937 0.338531576929998 0.37885041223228 0.337516171345753 0.389430789785082 0.263319101306954 0.384014352556769 0.454646750417072 0.244228936084945 0 0.221965682492154 0.234472876279942 0.251055422899379 0.276549501923442 0.235452147938164 0.366740437212183 0.451402886114925 0.412897001410323 0.459153623542977 0.432646362179106 0.370818993563737 0.480049584015468 0.41468202862231 0.34690285180838 0.377847162339346 0.427147288921205 0.375284681916579 0.354995954212974 0.332096431027539 0.42614675871718 0.347639255129698 0.460332588947501 0.309939673757087 0.400663816720061 0.320786182354519 0.489158174023505 0.489568856124381 0.427797696074916 0.494587197551635 0.493759378343644 0.482977926263326 0.469251577915268 0.470137225392995 0.447388682527434 0.452417775283676 0.371861451395023 0.366185744326529 0.306826057881983 0.406179744586552 0.385319455249101 0.465840592691519 0.405541002516444 0.425618504041669 0.476489174833498 0.509076737637317 0.366633343035942
"ramayana_03-aranyakanda_a" 0.39727328978949 0.374654140362278 0.414981389998019 0.356627601021278 0.341364564912306 0.408408415220639 0.379588938589199 0.390943857025091 0.380019750847375 0.382196958400761 0.406632284683708 0.329660988840672 0.375238579318327 0.37291480131837 0.365149817659509 0.460117970356206 0.346134085209876 0.392595703268954 0.359371188942943 0.31019598594885 0.433368575655719 0.354663496710476 0.386181814985868 0.40050338217517 0.406622496897731 0.435188086796497 0.297824217640829 0.336545152043372 0.394928844799247 0.363353215299833 0.267668300144126 0.362734322334292 0.545973538865454 0.412327651082482 0.499466271146558 0.442800448978614 0.476482129452354 0.467291470481185 0.566344335425814 0.42172443727667 0.386367465249927 0.401720182137842 0.375655563656014 0.399042989509949 0.2846303379674 0.361948029996658 0.323205664975827 0.256150776582698 0.305590805306874 0.30927971305801 0.335835015720226 0.380703736149607 0.325268206218278 0.335433910732927 0.318736187257012 0.317436563481532 0.339298209910007 0.422334075496044 0.309667477949332 0.314363309349513 0.375757530457398 0.395160128655725 0.313475268921194 0.3653238680192 0.376215905097326 0.476175982436602 0.420269982073428 0.363907164160196 0.43180111272293 0.366468337112169 0.349794676898235 0.351119335935122 0.386913659487814 0.366407152365697 0.40307709567278 0.277681534807558 0.39317399668687 0.457811597908327 0.273475547490377 0.221965682492154 0 0.22798161351177 0.21359089303114 0.218306512292594 0.230203684929929 0.380656855128138 0.463417847370077 0.428449232718633 0.465079151248669 0.444689913489547 0.384066870103248 0.486443828435492 0.425269698727974 0.367161349968723 0.390066773670265 0.438281413478706 0.375270397672912 0.365732855231536 0.355087782907173 0.429981974498319 0.371729740677782 0.469194350103056 0.319573855965133 0.412036075901304 0.330027103604892 0.504602875913712 0.500143175468785 0.442307066967198 0.495130899661019 0.516395770876968 0.488772872495637 0.492234149808552 0.492430714899374 0.451534357172177 0.469020279664878 0.38484278575959 0.386290571292533 0.332953244151733 0.401916989898984 0.407709736552682 0.472989600533189 0.429935955781347 0.44622112335989 0.476069278258056 0.526041574006259 0.39093599403203
"ramayana_04-kiskindhakanda" 0.396876288864923 0.370576841396415 0.406942482685164 0.353423923885614 0.338213856681882 0.404010799518161 0.374244425652807 0.38729425403145 0.370433187441184 0.369818343996846 0.402222536598405 0.322412918289079 0.369154367662368 0.368599164873876 0.363037434126751 0.434654343486108 0.332616542500879 0.383518918683519 0.345225215296397 0.298160553229187 0.427900685352324 0.351763096323735 0.379298532176913 0.395163256368842 0.406669647708689 0.428063812000317 0.275090198458629 0.326903137453493 0.376202571209734 0.334225856027628 0.24632369600335 0.359110327346492 0.538171883814845 0.398003080415917 0.486190815165294 0.44231581339273 0.462364223539623 0.450233445605748 0.561432290780376 0.416192093495737 0.375243065429645 0.398859925105048 0.358474289345594 0.392145230380034 0.268380376608071 0.338773576314318 0.29707520562405 0.240557761323354 0.293002615338208 0.284152480957106 0.320829528886586 0.356280990903855 0.311665892780577 0.321815586742856 0.299779518403449 0.29782730828277 0.32583752403965 0.41214869983244 0.286691343058527 0.29417958466494 0.359699714633417 0.374725424655291 0.287477515982963 0.344224723246575 0.356493119985666 0.458654609781211 0.405397211653718 0.356131000982538 0.438045695048906 0.362932902461647 0.344748955045417 0.333791282457501 0.383102042266377 0.370325324046925 0.396641744021631 0.284095745814983 0.393630311937042 0.448348570143722 0.267351560939304 0.234472876279942 0.22798161351177 0 0.215150222857281 0.222573823482741 0.229076120203337 0.367573844675008 0.449391876524583 0.412142334386534 0.460022709285686 0.442636768406035 0.376712420637182 0.471020357321335 0.410420457017223 0.35954534405521 0.38217795003191 0.440585687565729 0.378933991174862 0.365061649627341 0.342679910540517 0.423210814647891 0.362302031915673 0.458586523684871 0.300687827114667 0.40005936975479 0.327353759882314 0.491882540748649 0.48836024225849 0.423705635616425 0.473519172101771 0.494604831525518 0.475527756933707 0.479603686435727 0.48043832324033 0.437440471401918 0.465013282905745 0.382525324157277 0.364782638874838 0.32472285387897 0.402083970291505 0.393012472797889 0.468195574759659 0.421368037025191 0.441259473066385 0.47379403832488 0.516885658696551 0.385606358756737
"ramayana_05-sundarakanda" 0.40475899217233 0.381784721654585 0.422267211993364 0.359021812673073 0.344767430996486 0.41017042166454 0.38614111312452 0.402104451615526 0.37827276225832 0.384618777343925 0.401878501254689 0.32529288426863 0.373704366871117 0.37827025887382 0.377259116576278 0.46103073634686 0.349940527964353 0.382881936106285 0.355012684150611 0.319887775018215 0.43537602471099 0.362970256355248 0.385502147844515 0.403328271961247 0.42228303418554 0.436130568497629 0.295413484188733 0.350834998051127 0.394321881272375 0.347473596183869 0.265227338966018 0.370202817684654 0.547002097535479 0.41995807890548 0.506668918487837 0.452041905407614 0.482678915783602 0.470509840797732 0.56966304797266 0.432344551567922 0.396940191634935 0.42322126779185 0.381133810824672 0.403500650710657 0.288581029467407 0.35965038151849 0.321393598332548 0.26122285974201 0.306542827336231 0.310145996253452 0.340049127329075 0.380749964293482 0.326364024436347 0.336743952512086 0.325880378896625 0.319109911826114 0.33562709894926 0.431168328949825 0.316158808805298 0.324172996588744 0.377534619580682 0.397469705974052 0.319506771281541 0.361836892905953 0.381015931428285 0.481398997789032 0.422622700455514 0.36742921536219 0.432327640319712 0.376762297441456 0.356363810337573 0.348809967251099 0.389681218777118 0.377350233789418 0.411702432698878 0.301107111933899 0.39998783188087 0.463154332623975 0.287296510208616 0.251055422899379 0.21359089303114 0.215150222857281 0 0.220180104366242 0.248246042557978 0.389711818717748 0.464116132619425 0.430660101508684 0.466448043163264 0.45625809095844 0.392241721430607 0.481105890147671 0.43256684259208 0.374658453379264 0.397891562744639 0.451769825737766 0.393487917420567 0.371163353631227 0.36994318522382 0.435675061057701 0.381645147702494 0.479838398672491 0.325086516279125 0.428627702212501 0.344211588402448 0.50117027135565 0.509956439603342 0.445865678860508 0.473626318494958 0.519220799199546 0.484652357347607 0.495960657789276 0.496947007686233 0.445052758208805 0.485379422884132 0.402426662166669 0.384703750455813 0.338520386657503 0.412778902402922 0.411957648453123 0.480927719944941 0.431680377268163 0.445717278166965 0.481506740372547 0.52952564936739 0.397282179329749
"ramayana_06-yuddhakanda" 0.406577914016463 0.387767089309418 0.426535996447458 0.366141857285173 0.355586072336526 0.418633602820757 0.388137100816658 0.403505161996572 0.375124260630378 0.391807708026717 0.426930757670287 0.331387505064237 0.385354458692378 0.382893357462487 0.385244533992044 0.459167536438085 0.350695073535173 0.390565144924697 0.360710003109774 0.3289088557065 0.448267290649175 0.381202953215222 0.398398551114668 0.404150331811182 0.429914588673374 0.447719106770517 0.306410689788418 0.326365835638026 0.382969148671505 0.309520908008353 0.264344359847697 0.383180527208105 0.551207866484577 0.414084420998142 0.496474373794254 0.45336968110675 0.478358132608943 0.467982366630241 0.572449754614993 0.429953609747812 0.395320668158056 0.419384404269452 0.376222378067894 0.408951684126565 0.298790107832074 0.340831999701067 0.318405149341506 0.26945021242848 0.302260951483864 0.311240820429675 0.290793868550526 0.378594349645865 0.275026791757011 0.290196924417369 0.284073151357333 0.307929704833977 0.340598050698062 0.439459942660614 0.32378904754011 0.330159119121366 0.397152475058092 0.403269206974642 0.317219273916187 0.367966004358011 0.369321440790236 0.479115792883667 0.421493723084502 0.390105343337512 0.426478423886622 0.39435818351354 0.375722502134381 0.353679991639523 0.396425873468319 0.404661088049412 0.421465505305259 0.30910633446085 0.412994971102507 0.46784801935318 0.289342004684262 0.276549501923442 0.218306512292594 0.222573823482741 0.220180104366242 0 0.226406480701832 0.387616618503374 0.465728585880521 0.431575166689626 0.471298297373251 0.466655477429148 0.398702040896128 0.487275670646733 0.424382122646195 0.381637397083217 0.402580716618579 0.449605881172268 0.381993318538106 0.387930884970471 0.371968096452226 0.439969765213005 0.386729620457554 0.474428224281369 0.3107286796363 0.427632027495856 0.340986312675985 0.50903281384931 0.509237263680119 0.44588665953298 0.485390919310912 0.516739783329006 0.487831458837258 0.49805404699605 0.49816578797701 0.456044125080397 0.484544110481633 0.405773794225802 0.38930082194439 0.354330164246206 0.424409562755555 0.417379285438501 0.482385814973619 0.442685298136364 0.456807336386035 0.480745370109154 0.533766191092775 0.404327553487197
"ramayana_07-uttarakanda" 0.394763497880061 0.353956018872661 0.402095941425638 0.337474899878592 0.32224825225447 0.401393548786125 0.357280484171437 0.37200786868263 0.354722865715158 0.354075027111375 0.400794130238292 0.310282304248055 0.361820981585911 0.349771048911543 0.337482065427376 0.419787540762799 0.311499915752638 0.376597191768503 0.331908771483307 0.264754117220589 0.415379661753574 0.331123813291328 0.372310333843947 0.390760760455113 0.392890398937411 0.41507367451715 0.269100503498272 0.296667016109057 0.374484299517782 0.339097276454663 0.232670371898083 0.334256991148834 0.53458533760864 0.360340100932665 0.463636740469101 0.413730647385506 0.439723959724882 0.433596992155289 0.538926905938033 0.380427267157056 0.352244738861303 0.379248347959386 0.337610213328872 0.381778622115019 0.240265312519418 0.322542894952768 0.284338335426774 0.219262981670252 0.289314558404372 0.270482415994487 0.314935256042381 0.342241181951359 0.30467570851158 0.316188108378154 0.28128982714236 0.294364533957436 0.336874917275686 0.399336466138143 0.274998526230877 0.272224283181324 0.356395772153985 0.365450435899718 0.268840743942337 0.321860260297665 0.35035042843896 0.456483591283697 0.390951302281962 0.338607175165439 0.419861928927725 0.335222796791 0.320575201630226 0.32432036472371 0.374216549023901 0.352687207253337 0.380914555430655 0.247476171734528 0.372289795454533 0.450074884774548 0.22317086040142 0.235452147938164 0.230203684929929 0.229076120203337 0.248246042557978 0.226406480701832 0 0.343810739090981 0.44664816211156 0.41915383545894 0.447927962941454 0.428353549891593 0.349954743516954 0.465357793993881 0.391300610594769 0.339277135761459 0.370958867847151 0.420634769913134 0.351434347996332 0.362530374671959 0.319717307848799 0.416973602039453 0.335995990612395 0.448214438872211 0.276047735642204 0.375963404394956 0.296090307767418 0.477062726639027 0.484804262151935 0.407260377113497 0.486836153566427 0.484675150374278 0.470739306157705 0.466874793067902 0.463414734369795 0.442392418722355 0.449468898068262 0.361917080227983 0.352497502963139 0.30809822043295 0.385166589275765 0.371785424523603 0.460080985097267 0.41047972720985 0.424102849184627 0.465329797647675 0.507528731943226 0.36509977516434
"saurapurana" 0.32439745529709 0.351355211464777 0.380161613342318 0.368238752212606 0.351747719166571 0.408060356591495 0.319955294290531 0.328589709745965 0.318168631505733 0.341291802207266 0.418220030784383 0.347245535828067 0.36510502129215 0.357486857511052 0.236727098867706 0.351104891083232 0.258596452107436 0.287995712868873 0.241410607630959 0.274011780292227 0.324713657241751 0.237337023617782 0.270548940374279 0.290382111912432 0.300821086746171 0.330010318563143 0.325268153820366 0.355054898210621 0.388433234446869 0.376536255231587 0.322911328913795 0.265844640894515 0.495284962761445 0.410754988501261 0.488943311557598 0.433223915956931 0.451808999222843 0.445887265453294 0.558462109563004 0.430022638276516 0.246760543408421 0.269996220317352 0.21165754753183 0.260344257488032 0.336061215528292 0.391375950490515 0.369546174891543 0.328319471567959 0.381999550157582 0.357071757258524 0.393246143601891 0.405114385004336 0.389631494780487 0.39364792061722 0.377589558360542 0.372051383886512 0.397707080685171 0.422919024774965 0.322623198003185 0.323605018845035 0.36103383184183 0.360723160149082 0.345865654338578 0.404837767381246 0.424089779632053 0.512732009498889 0.447921973305339 0.288434875559075 0.378401888605686 0.339794651047018 0.281510901456563 0.24832775355276 0.260989224740494 0.295448057909959 0.336652957023212 0.296148148982268 0.307468340611717 0.357054259315571 0.357454755054641 0.366740437212183 0.380656855128138 0.367573844675008 0.389711818717748 0.387616618503374 0.343810739090981 0 0.368243621562316 0.36075601450953 0.362570068958297 0.385784907581951 0.258616558432912 0.361114029451751 0.334464245226231 0.238122554467625 0.257433827058094 0.314952304144132 0.303967095307802 0.247772261947667 0.282952244349282 0.293812571162702 0.284596189271392 0.408410604983366 0.259193484079362 0.318507919657478 0.251547590835193 0.42168735163942 0.430553514357031 0.352550008438156 0.441378165916546 0.432501465446274 0.429977763890971 0.406892679092931 0.433814319230943 0.371200322078012 0.367602083573453 0.278651479165742 0.25865491523309 0.315089712170967 0.3895221948319 0.323659082050432 0.413353549046498 0.346739545399114 0.384908164431627 0.41402487919762 0.465030812573647 0.296433212445928
"sivadharmasastra" 0.372041956179277 0.436337663430481 0.446748468681596 0.433373664400435 0.429039914109329 0.464655635811914 0.416081370994141 0.414118166149486 0.411544827431434 0.429675435052608 0.484859037712289 0.434329997501296 0.435732719687164 0.441909724666448 0.361580047001931 0.450512857680022 0.383297835654812 0.392828022793643 0.376645719597101 0.407475808290086 0.406025344629435 0.396514476419566 0.353396564858614 0.356900697701129 0.38577813087835 0.436543726288073 0.436342363402361 0.447461776181795 0.45207766008812 0.461391316226267 0.429062415450504 0.367255545722866 0.527545089226845 0.493186512946101 0.54573128791294 0.497929424766364 0.518207826651034 0.496895743917687 0.612135750536124 0.498895613995197 0.390080018056675 0.375015993606432 0.361026305000484 0.36285686028584 0.445447162475944 0.473399088289547 0.464564175228666 0.436880615249512 0.469582857827194 0.448341061681531 0.478280873248177 0.48099946382058 0.476438407181353 0.480785211487151 0.471961195205465 0.461188671508155 0.477748508212038 0.490192472985078 0.41923495811114 0.421204133212185 0.422086498791108 0.420958981895165 0.446491249080961 0.490978278232391 0.500947732779916 0.572396779626349 0.517719839650518 0.392718989426792 0.469260644071581 0.438340223915107 0.39381979617958 0.35982954573942 0.340488449168127 0.398057586232254 0.41374106474266 0.411199005186384 0.396441303438526 0.428692188149181 0.461006905190722 0.451402886114925 0.463417847370077 0.449391876524583 0.464116132619425 0.465728585880521 0.44664816211156 0.368243621562316 0 0.325791256942614 0.436189549874486 0.453186648674277 0.412254677412652 0.43131071492633 0.446396825512813 0.374243163577382 0.350812114022662 0.366579115071241 0.389725982162065 0.361542285602975 0.395760855446632 0.399548832596808 0.392255502381717 0.454562567005705 0.384488207827365 0.416641128056106 0.386569898356399 0.493526167877146 0.474110806656132 0.446895246604271 0.482524113179111 0.501887940628634 0.50977622062334 0.448616766016171 0.514078872701752 0.453135151152203 0.444439799517157 0.39147940190936 0.377681984990528 0.396927578279976 0.488721342935496 0.437095633923524 0.495005851573168 0.419362854371574 0.466872734731557 0.501049102731991 0.528083833806419 0.41319136274584
"sivadharmottara" 0.338643312876392 0.406233884267306 0.426587351225234 0.399001566624394 0.387827658104146 0.433512742219329 0.394915675574618 0.395881959301931 0.397472836989462 0.407876759359108 0.450800788322837 0.394541906791952 0.39276390747475 0.403286864483926 0.348314213780913 0.438297453828702 0.370930975530444 0.387406783097895 0.364159237582348 0.367654583688019 0.386502780323129 0.37439635207796 0.339239729141719 0.346892283144755 0.361250710549061 0.425124462365931 0.397995004248226 0.428112461147263 0.415804714289752 0.424809701717594 0.389007398402556 0.363468332366391 0.514961017223509 0.465255690621965 0.523518817096181 0.479022254853984 0.496771703423872 0.4706039755547 0.602951106597571 0.48081611313879 0.393501843935479 0.365621742126958 0.351101016080712 0.350011787929709 0.402964279445158 0.446363261827575 0.425072701102715 0.395087008050269 0.42490471692222 0.408287957497273 0.428108306930172 0.446176852249019 0.426970490535396 0.427206847394644 0.428814836217826 0.416947023375578 0.428070216257803 0.44260035808019 0.37367686392264 0.385877202252525 0.381405997671616 0.392516957572881 0.399507964591063 0.453562903847617 0.459981653569538 0.550158310557487 0.488808205203208 0.379091451462239 0.475354954409883 0.423485776164838 0.38198510765095 0.336538233646965 0.32328479887203 0.390129227938541 0.409479905873463 0.381803047886047 0.366678698285933 0.395916918185457 0.431734453268008 0.412897001410323 0.428449232718633 0.412142334386534 0.430660101508684 0.431575166689626 0.41915383545894 0.36075601450953 0.325791256942614 0 0.422871077767087 0.451411649468728 0.405961863237264 0.426236965375671 0.441707588132903 0.365959348227885 0.335607854748333 0.35433512962193 0.386311866005846 0.348952182645562 0.375914361623872 0.376865328770943 0.398795514398464 0.423000325286395 0.367346292324642 0.415238798837784 0.383458605152266 0.485260963223747 0.456315807444923 0.442220749304291 0.468249040901977 0.496132641875409 0.495391683483464 0.446926413913694 0.502761359478032 0.430219050151518 0.443766879435862 0.389050133778638 0.362554493856354 0.37216156510523 0.449310216414376 0.423704903347425 0.490533731042341 0.404590672258538 0.447296644102513 0.494227180128771 0.510272559860538 0.396986985697885
"sivapurana_dharmasamhita" 0.419548793839951 0.429086547425663 0.454367674149771 0.440548458987172 0.432482607999507 0.451158603220258 0.409873994264302 0.410657278628821 0.406816514264999 0.416019215767052 0.487768391335332 0.43616213377962 0.454098495736793 0.44901441239228 0.352607770387294 0.442179995621849 0.35141233037539 0.375522772243188 0.346504198117806 0.414408531212532 0.432920821393342 0.352988838009588 0.401541312036953 0.395396139318162 0.410341674610254 0.451708838035005 0.431232546154471 0.464634036926832 0.470610074285352 0.448450080517918 0.425984785103114 0.382611727826537 0.576292827575065 0.499814621580625 0.561239162718138 0.506839564855667 0.528825863637072 0.522751075352411 0.611917208617742 0.513350291280702 0.393515305431982 0.406483457720313 0.37731390617942 0.402112768783463 0.441531986905433 0.476797185341795 0.468384966490991 0.435719076111106 0.477717926187542 0.459709180917755 0.477882823681394 0.476180642220918 0.472735776285122 0.477570999361829 0.471807169829236 0.461596613772811 0.486395141967029 0.492971137229785 0.436992796715841 0.438348828291143 0.455017329577871 0.480515008092683 0.451127989783484 0.49770016215932 0.500387318427536 0.584746796353907 0.527564316929924 0.38761137882453 0.458456151716272 0.440852299827188 0.388042787221373 0.36326744129875 0.36368791366103 0.402102876109692 0.450532971637086 0.419504229656452 0.274987902205742 0.418421700007531 0.463649802241669 0.459153623542977 0.465079151248669 0.460022709285686 0.466448043163264 0.471298297373251 0.447927962941454 0.362570068958297 0.436189549874486 0.422871077767087 0 0.494450612418779 0.378018727839894 0.217960832356703 0.455385906027005 0.359543333948411 0.367242175142585 0.401948800004257 0.410139659977912 0.373683355223858 0.427856684196408 0.417392109771665 0.402446615989116 0.482454020050683 0.382572782136017 0.447485956394965 0.383566212737765 0.496083806121896 0.50877940152195 0.464615466887489 0.48902069332602 0.510634707706803 0.49922830046038 0.483365536395688 0.503080122560591 0.454176226541067 0.479583540578849 0.415028104872536 0.381662672598146 0.427461318637477 0.485823672907492 0.42489645684309 0.494023269131096 0.418936819826185 0.403491932432104 0.486952228429229 0.521799728972077 0.371875468076649
"sivapurana_karvanamahatmya_au" 0.427842112801276 0.440690160351245 0.46580903231074 0.451517216820065 0.444278887189939 0.495952406947418 0.433451579989539 0.436114126099407 0.439622785002869 0.443552072924682 0.475031086619627 0.437580922732041 0.452109190913807 0.457877591224082 0.372967912612762 0.460486818330097 0.405086266478848 0.431893210738878 0.406010157890968 0.37068361590986 0.424375730366359 0.366685524347131 0.389636438146019 0.417005441402113 0.39703445800977 0.426603735760602 0.416495929106989 0.450743109084198 0.478042681543966 0.481346288654315 0.418119161128096 0.372756987201128 0.519069688773219 0.479317009238679 0.525221474216535 0.488324641746156 0.5054763951525 0.509370591550836 0.594969926819241 0.489016928829674 0.406509398830723 0.39394496804701 0.395339257275599 0.405615708501733 0.418813878157261 0.479547029618058 0.449840485296866 0.412179798559496 0.45368588626254 0.43379868176793 0.476506941977272 0.467222573480497 0.473026743314576 0.473859623293626 0.451337937003222 0.450769206446556 0.459388812331522 0.480712061084869 0.41292403046065 0.404019452142678 0.417801953731733 0.424966898892673 0.422318523342107 0.462342945100921 0.480436550441966 0.53906398337503 0.495609680297736 0.388139666411175 0.466178531906137 0.411562864005224 0.384098123435911 0.385584308551689 0.401385715423539 0.393280883126059 0.38421354176323 0.388796724629455 0.420518814860195 0.477840449395495 0.437478063571335 0.432646362179106 0.444689913489547 0.442636768406035 0.45625809095844 0.466655477429148 0.428353549891593 0.385784907581951 0.453186648674277 0.451411649468728 0.494450612418779 0 0.397231281635526 0.493254619257827 0.433155979638364 0.391441001262894 0.403965644399442 0.417189069575966 0.398533852024454 0.383841333036693 0.358320215720548 0.431249067455384 0.40535576491913 0.476151612672424 0.385878874336429 0.380484024906295 0.383897094712572 0.498221038965856 0.4942732657617 0.449381236347188 0.515912790679119 0.491369359099018 0.492612256725249 0.468957044049773 0.500481080498567 0.463706852832542 0.445883479170749 0.357634498113915 0.39572662990292 0.405614568417689 0.464879524590361 0.429774930235769 0.485961672820339 0.441326675785225 0.492393834897509 0.505445138467632 0.527968805568391 0.425627880777683
"sivapurana_rudrasamhita" 0.368945523886716 0.386190305359035 0.42011097331398 0.39523841529157 0.378711217604446 0.4401827329288 0.350545060486574 0.364849830556867 0.350818540771555 0.367579556373154 0.436305778674122 0.372815245438325 0.403746055925919 0.409615770281229 0.260735084174161 0.392546587574554 0.283562120300683 0.316853100620519 0.280743309956359 0.303504485697256 0.355478135227129 0.217316479777755 0.315408765462764 0.345181500195649 0.340726698866648 0.332853809308726 0.327431621985091 0.361218798088105 0.426175613840051 0.398382058240375 0.341499315842651 0.276998445201666 0.522771398936572 0.427684565282834 0.502111244818992 0.450956753720445 0.471895191897384 0.476264160037375 0.55970248741311 0.442907218030308 0.307059727043154 0.339638685916167 0.28253082822268 0.307938305239019 0.348496898591639 0.399672306370328 0.386491018306288 0.345871867114663 0.393870226930487 0.374050271021934 0.411793064036722 0.416893960145121 0.410470354745371 0.410440349889567 0.391031788315722 0.387825695387877 0.420638437616975 0.440484781109115 0.356305850502923 0.355651356467704 0.39121875038252 0.410272007031253 0.362243585558938 0.411744426473322 0.431202917418817 0.511893340329675 0.458492461651667 0.312010959456627 0.379570226331742 0.348881347402633 0.301719351756808 0.306956860751524 0.319696345599509 0.304265749412255 0.356172123124538 0.309933878251769 0.33331876112197 0.403084317623386 0.368342860580883 0.370818993563737 0.384066870103248 0.376712420637182 0.392241721430607 0.398702040896128 0.349954743516954 0.258616558432912 0.412254677412652 0.405961863237264 0.378018727839894 0.397231281635526 0 0.394273051589068 0.280652220389126 0.254767139845328 0.287264319291091 0.337111683281155 0.310646439799013 0.299744386879358 0.327561683868301 0.348945551094257 0.306981129699363 0.444095170348447 0.283607526147055 0.346219822758794 0.262062445209753 0.455883249194929 0.460612784803529 0.384706417945074 0.466578430505389 0.463762108448955 0.44979855957219 0.440569391810352 0.454241487183212 0.411936132520264 0.39086766275568 0.312111285566313 0.313259273389115 0.352723169726386 0.40283499391686 0.341924567342162 0.444221309769462 0.37617861028963 0.407425988930463 0.432574616098486 0.478405537416986 0.325616964067052
"sivapurana_sanatkumarasamhita" 0.442132889935624 0.451952297073595 0.464685831323892 0.457688959073778 0.454982768041795 0.453135050220026 0.431154058676177 0.43598116654711 0.424977023690719 0.445945267893665 0.499011472925242 0.461538961037984 0.468646562659222 0.456166935209064 0.376849392959691 0.43358666073652 0.378338743679447 0.386397081129291 0.36353846424569 0.433541269371746 0.432939785044346 0.38434580160642 0.405272352168433 0.411059917742981 0.436172239118423 0.458078236484725 0.451176300940535 0.480100586141553 0.46154511601516 0.454299730712294 0.44769878318524 0.405322725740552 0.575944355633248 0.507893223711112 0.552952335785752 0.514024201871412 0.529150217277554 0.515167465177422 0.61297490657377 0.525948660462336 0.384371718627272 0.393061983188592 0.359833514345354 0.392923131065172 0.459750032517907 0.484434126987477 0.484031785755876 0.455764145473155 0.491726118159487 0.477875843395964 0.491600076875633 0.493759415176835 0.493007796995993 0.497062068849831 0.489496967965705 0.479028060425063 0.503220742283282 0.492145117004184 0.446344324976596 0.449181152519268 0.45054736606148 0.476190432609933 0.463886218669598 0.508105169362085 0.519548161021872 0.591080093961028 0.533196514826573 0.410886640237343 0.47920172546081 0.463242809837558 0.415328428670378 0.380711814510302 0.381884760320303 0.428865321177829 0.45716461254115 0.44209796824964 0.320412176259292 0.418734050463882 0.473408240625135 0.480049584015468 0.486443828435492 0.471020357321335 0.481105890147671 0.487275670646733 0.465357793993881 0.361114029451751 0.43131071492633 0.426236965375671 0.217960832356703 0.493254619257827 0.394273051589068 0 0.452565489475028 0.37266076062199 0.361552513294813 0.392668652442734 0.428519572576075 0.388078809593711 0.427795528535917 0.402074976520883 0.394592788330333 0.461560037976594 0.389015110164121 0.437607081095253 0.4093877092802 0.478971419216471 0.490782388113421 0.44955375676696 0.47624246408009 0.500792258118041 0.497732397131706 0.485045733818426 0.514018943006529 0.449101376060823 0.492428993802163 0.418368067630594 0.375200407149308 0.435765682620747 0.486104886055263 0.439943982411249 0.495994507004511 0.436033988162778 0.428788325700812 0.495159607749601 0.528213823720263 0.397492278703792
"sivapurana_satarudrasamhita_au" 0.425985018012425 0.407179481851139 0.433207402808489 0.419739472156139 0.409707732031308 0.46876299527986 0.386713359802845 0.400186805938184 0.384889096382282 0.396616448159761 0.476749718267987 0.403461488325118 0.427796161661839 0.417913806917035 0.361210896129935 0.433808274130495 0.357278891597265 0.391914696696595 0.359654343119176 0.358791014174789 0.394128340736763 0.337042699545385 0.385124855840131 0.397025853709186 0.411915653161293 0.392984187538968 0.377147153368388 0.39123179808274 0.452345892914219 0.426720765705523 0.392475860127003 0.351264345144386 0.5439544284221 0.451258214356333 0.515908128463946 0.472180262284199 0.484925324463995 0.495332739603308 0.569671859035891 0.46586602706729 0.337562465849452 0.378022042718885 0.345648740408825 0.377843118937036 0.390414745871342 0.423312921591615 0.419405778871286 0.389755355835542 0.430345898151862 0.415794779452664 0.438039890483251 0.439861255626085 0.436513360226187 0.436752867244831 0.42561378662472 0.426217590808453 0.45867844814106 0.4686953698106 0.396724304202684 0.395434818828966 0.437090943644484 0.447025026117071 0.404862529866161 0.445169929426883 0.45828649016571 0.527888662506405 0.488215847199081 0.373350307398778 0.434785087740745 0.384301536370297 0.361054797903137 0.374602844494679 0.387074221954027 0.388474975716064 0.401909193072681 0.355294693913443 0.401805284062951 0.442267500446586 0.402495817820526 0.41468202862231 0.425269698727974 0.410420457017223 0.43256684259208 0.424382122646195 0.391300610594769 0.334464245226231 0.446396825512813 0.441707588132903 0.455385906027005 0.433155979638364 0.280652220389126 0.452565489475028 0 0.3350279166516 0.362974154640444 0.399690149061185 0.361324507139956 0.369965254246427 0.371854761123725 0.402994884782852 0.359486649179173 0.456202325180636 0.330027194411222 0.394642865588475 0.34368225363529 0.483138671827148 0.495529530124533 0.403911654548308 0.502064458943483 0.480286723430065 0.484281157844057 0.481828472818019 0.474964700684013 0.445150789603952 0.43959367325235 0.367082640999623 0.371472323553082 0.399145532190904 0.441372760445766 0.377205831798645 0.462188276299388 0.432914515619508 0.449852669506267 0.455333298052602 0.490906295320161 0.375973155567379
"sivapurana_umasamhita" 0.322463763852491 0.351135775710042 0.381734046066359 0.356724051843526 0.34598755002651 0.411052136425106 0.323081608539325 0.333191489718327 0.3296319721676 0.337713126358385 0.411445121383546 0.344020596236973 0.36068435317861 0.352223486205045 0.239760703473586 0.335225953935437 0.256545445471303 0.289778917186773 0.236728625436466 0.274458662398478 0.324497770655486 0.232835427944493 0.273694614027502 0.291956158354181 0.283402819884596 0.327734742428521 0.316806770216928 0.361092030030196 0.385999332675107 0.382465967561841 0.306983813770514 0.252690654281816 0.499648732257314 0.40301798447442 0.483920291227615 0.436371393950462 0.450066870488839 0.431161213281635 0.555996998882172 0.423105455108035 0.293835957914738 0.302192526920559 0.259667043224102 0.287494623622561 0.316966192571165 0.390137198366686 0.35602915771021 0.309899493413792 0.365053124501571 0.336381597945826 0.381698152121732 0.392084145539386 0.381271476488493 0.383605558640801 0.36887591140257 0.359201166114914 0.382952018403318 0.412135745390872 0.304679710888201 0.304264721760017 0.341398027269175 0.356357264014873 0.323600741272402 0.38997912048763 0.417750785493634 0.508489050128847 0.437669348630885 0.266228339615437 0.359869380088684 0.320621766602963 0.257175892204639 0.246645481612374 0.265522898582765 0.293118831843569 0.339681008097681 0.291567274119563 0.314204109930621 0.372664622055354 0.360030617345123 0.34690285180838 0.367161349968723 0.35954534405521 0.374658453379264 0.381637397083217 0.339277135761459 0.238122554467625 0.374243163577382 0.365959348227885 0.359543333948411 0.391441001262894 0.254767139845328 0.37266076062199 0.3350279166516 0 0.273533002045503 0.320124156063785 0.309168770881472 0.254752729764192 0.289779037833277 0.33037535117271 0.292077011412769 0.403496125329529 0.263883715382564 0.328653158612116 0.264757318927025 0.414832512327084 0.420470345282115 0.354003341319076 0.438107686430308 0.416044777284749 0.41361319073425 0.391927008160804 0.423365966860192 0.368010037345904 0.378026479204118 0.268116563683063 0.248320072463276 0.302515961225424 0.399745211099912 0.321409533909427 0.404657424030539 0.325997494722891 0.38350101971214 0.407803050486217 0.45733517360097 0.285653940592985
"sivapurana_vayaviyasamhita_au" 0.31137232766275 0.379038688618092 0.388506432058758 0.370808617681535 0.365670249997649 0.411578419671976 0.345607900719652 0.353482901803703 0.350224860806761 0.364797544270965 0.429058796062928 0.376120491075846 0.381629855885309 0.378904978592846 0.259830922067528 0.363166090507979 0.282432203483393 0.294077573336106 0.261231662361994 0.326114311053712 0.32510776666308 0.285446650802745 0.295444463087149 0.289213969298597 0.319338884200531 0.344564748919991 0.358767348358494 0.387274382050204 0.406559106674859 0.403882204956918 0.35667129182869 0.2759057282408 0.512032376595713 0.437036025456099 0.501413064789605 0.45160401516717 0.456213182698303 0.443073340403103 0.569996020760144 0.45096308447646 0.298592601565297 0.291002802579086 0.253973953597344 0.248221306050258 0.36594747911662 0.422658141533994 0.395090243325779 0.36178794844408 0.403107327620701 0.380648048309247 0.40907576784025 0.422105931826247 0.405459063293576 0.409487890062071 0.401512325980094 0.39214100881663 0.416854453812733 0.421713546963908 0.343038585214255 0.360510513509633 0.369420855716991 0.385713054642716 0.367967331556574 0.42958784145741 0.442868815773691 0.522608141757687 0.473511017362862 0.311848170702614 0.40646132718358 0.363539165481118 0.312574371896186 0.279345484607898 0.255744723976039 0.331974907832386 0.365050877998767 0.338621837045499 0.333091580763503 0.344295089475333 0.385684817804228 0.377847162339346 0.390066773670265 0.38217795003191 0.397891562744639 0.402580716618579 0.370958867847151 0.257433827058094 0.350812114022662 0.335607854748333 0.367242175142585 0.403965644399442 0.287264319291091 0.361552513294813 0.362974154640444 0.273533002045503 0 0.273288566813885 0.332977448658105 0.275190676479578 0.33524205992462 0.30136448419936 0.316070263940406 0.3910341336675 0.297188599980774 0.357509050764853 0.30415989560606 0.425078769155241 0.416758607376028 0.370508443222898 0.448434161076125 0.449140180230536 0.446082741093445 0.414033201896133 0.45619420146232 0.38604306215482 0.389708189623925 0.320900032639247 0.288282383608721 0.339715335631755 0.40974312275491 0.345016906623096 0.432296034897127 0.351398642051843 0.386776543883388 0.436419483543283 0.473442399590419 0.310496780886745
"sivapurana_vidyesvarasamhita_au" 0.330972781073928 0.427106553746103 0.442065519969614 0.429663871825811 0.422810836290707 0.461667793122674 0.408525354236548 0.405428222465389 0.411050799763356 0.427754338180397 0.465713997408536 0.434745267197312 0.425811037663505 0.424730443812882 0.295676903742698 0.411017067934301 0.35179549375026 0.359025476355107 0.336223032511866 0.353648199123844 0.355766034872698 0.320485917361131 0.334676917614039 0.320397870679291 0.333104220565971 0.362678188660317 0.404742261070481 0.427482716290308 0.440810548781614 0.452234917648699 0.41055626983026 0.328592559874389 0.513254174157236 0.473072384991647 0.522345923677308 0.484972794385501 0.487982318545007 0.478165122544766 0.592478188700652 0.488945912351681 0.366118277609604 0.318779627149055 0.306239536890472 0.306232828637192 0.415093316488457 0.466058205865286 0.442925751624277 0.407728469526534 0.451376995315421 0.422883475817956 0.453991261952522 0.459228471414947 0.451339842969274 0.452691683255283 0.447116762726456 0.43539864178622 0.461720350394063 0.448401995350628 0.38119683745111 0.389085017271674 0.37793719570457 0.39897979541005 0.405240489891453 0.466837139295015 0.476162600867266 0.553371486046426 0.500403606998237 0.369706459507316 0.454654557726208 0.418801253632782 0.373227952268679 0.331132529572075 0.290660059161113 0.352102221367347 0.38670586058427 0.377968121178654 0.352831410994613 0.37754855015376 0.434784926401114 0.427147288921205 0.438281413478706 0.440585687565729 0.451769825737766 0.449605881172268 0.420634769913134 0.314952304144132 0.366579115071241 0.35433512962193 0.401948800004257 0.417189069575966 0.337111683281155 0.392668652442734 0.399690149061185 0.320124156063785 0.273288566813885 0 0.357991172231478 0.325871597082064 0.361653472430801 0.330478036726169 0.3699459849406 0.422885257502954 0.364048760580757 0.386830403122002 0.353471348377131 0.466949279732981 0.439711025522178 0.422706923325942 0.491436384183622 0.476870823751165 0.48552492388884 0.432748887054423 0.494267003402779 0.427616928081324 0.408913353966163 0.348899061248342 0.349403757250254 0.373154903006016 0.443629326557642 0.397560185908877 0.459469131838245 0.381315737822183 0.437143884311925 0.485328492087158 0.499465700800013 0.372742622878956
"skandamahapurana_himavatkhanda" 0.353744426149407 0.3594631216558 0.394123072261763 0.372902633282188 0.359196631304486 0.426234921165269 0.347907282488064 0.356049457993976 0.334129866765182 0.361336602599448 0.441563141248991 0.357676526167273 0.385087153416837 0.371167152528406 0.304573689161742 0.396885436588279 0.312622629519689 0.346828155109096 0.308646078267055 0.298732335207998 0.364959801360572 0.301904994710109 0.33432091455198 0.332679011187647 0.353312805844145 0.364146881536649 0.334620198127727 0.349875391101024 0.386037644817923 0.372193811275866 0.338199220991657 0.302093027793101 0.520176562179242 0.414510453261962 0.485348969836009 0.429021630908655 0.448367909288744 0.451492365620599 0.550320832701779 0.42336125757719 0.329148340333736 0.341680774520647 0.29552909825909 0.331419567045816 0.347750616954489 0.388790259176814 0.377200071917138 0.337258289663733 0.383512395401628 0.363179041269515 0.384960784432036 0.405460583463434 0.379059451433936 0.382161587941026 0.369102924604889 0.377726850196349 0.41138402221181 0.441688305586279 0.343189789482991 0.338310602565055 0.388037533428274 0.388310932010553 0.353661596634318 0.411861243545264 0.423413576377409 0.510826824370712 0.452456443375944 0.331924394291968 0.391837889599518 0.354389456710905 0.316989929498074 0.294674204039515 0.318929300256774 0.344265187207667 0.355339129255264 0.318506137420021 0.356464350681702 0.411909764510862 0.375731833507745 0.375284681916579 0.375270397672912 0.378933991174862 0.393487917420567 0.381993318538106 0.351434347996332 0.303967095307802 0.389725982162065 0.386311866005846 0.410139659977912 0.398533852024454 0.310646439799013 0.428519572576075 0.361324507139956 0.309168770881472 0.332977448658105 0.357991172231478 0 0.3211127877406 0.322429199109458 0.381343898355249 0.30014388523357 0.424504902397457 0.27078592334538 0.365781063971574 0.290116118259037 0.460789967328526 0.4598922304927 0.3793425683421 0.458368827603388 0.473270798782584 0.457503802360138 0.443787973874529 0.466308583073358 0.407567333822746 0.411939172285748 0.33795037782452 0.319367920440332 0.342539788841254 0.413924055003932 0.361198685073547 0.442135490170518 0.383805289722137 0.417071003065918 0.453670190689963 0.48069709336714 0.34569580702756
"skandamahapurana_kasikhanda" 0.291832686197667 0.338696086009072 0.361825408126594 0.33682102039644 0.328130006093722 0.37422541792223 0.310899870433141 0.313144195898165 0.321979891459891 0.327326807185083 0.370588889196827 0.324825278494022 0.347082394557246 0.355725355145047 0.254869869730994 0.389935826675607 0.278726758800337 0.277034212289264 0.251187340730243 0.289250574475846 0.325308477084258 0.259587756718185 0.262544556460253 0.274561642779408 0.281299690417625 0.34420413813994 0.330554672774189 0.375486755494212 0.407051621220742 0.399807955677054 0.325480297144916 0.250286899316544 0.477829757784105 0.430412088311178 0.503795168663168 0.445103055507049 0.47372284951193 0.455688157143319 0.574712709765687 0.44534942201374 0.307073567226366 0.3014270664587 0.284171926519759 0.295545161980455 0.345552842376226 0.40290147789068 0.374161451222544 0.332697551813316 0.379445012721566 0.358586979698259 0.404477085469495 0.41331411175301 0.395927848633032 0.399665160745927 0.390128719458471 0.379266815111921 0.399334639473527 0.417148395163713 0.323995090128922 0.331430709518405 0.359032766014622 0.364875598412293 0.357318570661871 0.412132566774159 0.424547938316525 0.523160573290152 0.4569790787225 0.26733602580463 0.382977461022187 0.339268232916026 0.268906463066902 0.248715195068353 0.244217739615213 0.270439514361788 0.330598004104945 0.298506831919472 0.301089146908326 0.322434620384409 0.375346053192345 0.354995954212974 0.365732855231536 0.365061649627341 0.371163353631227 0.387930884970471 0.362530374671959 0.247772261947667 0.361542285602975 0.348952182645562 0.373683355223858 0.383841333036693 0.299744386879358 0.388078809593711 0.369965254246427 0.254752729764192 0.275190676479578 0.325871597082064 0.3211127877406 0 0.286054096820253 0.326022686856995 0.319477461024833 0.412736615477957 0.2840708612489 0.340728303298361 0.265752268858096 0.435634516625756 0.427736932639237 0.382639710813741 0.439140230666555 0.448592921273304 0.443123226192496 0.406127541939078 0.453502046776645 0.379911531505871 0.371350082770623 0.279091469521831 0.27540097485383 0.302295366405424 0.405052423269123 0.343212765128822 0.42049411934559 0.345061143614774 0.375920276064034 0.417076051962384 0.467171132627047 0.295649884625946
"skandamahapurana_revakhanda" 0.337736780551551 0.369939671796947 0.403872299642333 0.372017960115271 0.351062323362827 0.408822611884025 0.359180189293944 0.365044720915212 0.358818343313146 0.369342986659432 0.409633108065236 0.34753341488144 0.371907843049936 0.350469135417977 0.276346494965708 0.381263809816467 0.303155304074968 0.339604539823062 0.296786216019468 0.226038363965139 0.359897070643546 0.279064369064523 0.296679227864782 0.327654663684416 0.322619355590247 0.366050058138182 0.298282376607318 0.34454492482157 0.377119896730955 0.373210970643884 0.297202713256947 0.277963029946442 0.477787852192979 0.384260514854258 0.46642602249521 0.409558569680199 0.435518823159193 0.428682951930185 0.536716094964194 0.40143266429196 0.329020854542216 0.33057081921166 0.279576430314654 0.316006277843912 0.292408220436491 0.368882078055363 0.325752278049507 0.28062335431351 0.346988931945398 0.318540276292604 0.369134791880693 0.362135853858526 0.37210440619185 0.36816203883593 0.340516190876895 0.348671147961705 0.367945860516679 0.40210419837094 0.282786356694808 0.269112771222693 0.333803883065637 0.312952219419191 0.304492367753594 0.360823809078087 0.396377530770778 0.473993736364596 0.402161684938095 0.290348741251807 0.39785369156663 0.3260029895763 0.281101754172817 0.269652433212873 0.316798168754743 0.310754266454633 0.315447609703186 0.264521202400798 0.332926101238158 0.420362718970399 0.327831738989061 0.332096431027539 0.355087782907173 0.342679910540517 0.36994318522382 0.371968096452226 0.319717307848799 0.282952244349282 0.395760855446632 0.375914361623872 0.427856684196408 0.358320215720548 0.327561683868301 0.427795528535917 0.371854761123725 0.289779037833277 0.33524205992462 0.361653472430801 0.322429199109458 0.286054096820253 0 0.372302931223368 0.310544928041386 0.438679324902682 0.288583592558572 0.315236589585733 0.283819406780842 0.446284688137487 0.460897482031689 0.387482239601484 0.45802096372049 0.450360500814313 0.452422265004 0.433675349521951 0.446106433029818 0.408744037407834 0.387186275975531 0.228780244591743 0.293109953744543 0.29305462853567 0.35948478568554 0.347517589075546 0.413505280544516 0.35737951483027 0.410638174381172 0.437130699468181 0.483033273438683 0.32615923884169
"skandamahapurana_sutasamhita_khanda-4" 0.388211972875897 0.420575472708228 0.42378482419484 0.426231966494098 0.417643991759139 0.452602663340583 0.384197602430738 0.391748181997294 0.396536357019407 0.417455382708467 0.456259841475205 0.42976692247297 0.40217243689279 0.418003475469715 0.337659101850772 0.402103412291871 0.342328957030486 0.348063819349002 0.328347452214975 0.369742703305099 0.338417766435116 0.331347195624279 0.339591280747055 0.352169633985766 0.36932128483553 0.360048718386149 0.396528877270679 0.41492490059714 0.433509323423836 0.440391989537691 0.403006206628504 0.346814942317219 0.518945586124932 0.458822115752337 0.517622289148696 0.487495377544685 0.476711045747273 0.475217584244846 0.580774876942255 0.477728883168702 0.337303314885554 0.326014516381719 0.295553132339016 0.318820145982166 0.406242759836862 0.451341019989008 0.434120975913325 0.404906734170758 0.439247455728777 0.421774916772581 0.445320336178696 0.466743399285846 0.446561488266813 0.450008023921333 0.441587573675737 0.433096375144587 0.450391731271585 0.446550718663234 0.379990355389292 0.395543135734332 0.392656235351136 0.415563577380912 0.403922107576086 0.461664687046915 0.476903172349192 0.548336032292419 0.495307448182362 0.360054529451808 0.442003606071597 0.404512313401455 0.362938123516042 0.34509653279406 0.324349566324302 0.361111856885844 0.412828501432651 0.381113790686909 0.386616035565837 0.353295388788335 0.429267594087413 0.42614675871718 0.429981974498319 0.423210814647891 0.435675061057701 0.439969765213005 0.416973602039453 0.293812571162702 0.399548832596808 0.376865328770943 0.417392109771665 0.431249067455384 0.348945551094257 0.402074976520883 0.402994884782852 0.33037535117271 0.30136448419936 0.330478036726169 0.381343898355249 0.326022686856995 0.372302931223368 0 0.36125904221487 0.408620607948878 0.355544644784331 0.379977782066222 0.360395076180427 0.45293414157153 0.438740471925918 0.404075476669169 0.475802862205173 0.476248081597027 0.46083425416525 0.438390729320006 0.477816314084753 0.414888722964707 0.423899554438962 0.368930205947911 0.3408572750763 0.367235743876609 0.434719949751574 0.387105343787451 0.451345763403012 0.388740804008933 0.439079489837051 0.473244148368239 0.490293998340906 0.370430392696166
"skandapurana_adhyaya-1-31_pu" 0.375358147947697 0.363853927071568 0.399969914438675 0.374810852008547 0.364611185958173 0.420662542258439 0.337019546763414 0.352745445714113 0.340166611889981 0.352111637042989 0.435975649812576 0.367171800984262 0.383979615793304 0.377592807535194 0.298906049561444 0.359258044080562 0.274050689484733 0.34537229027423 0.292146812778362 0.295961987478983 0.359287314688852 0.285697117575146 0.333413951608907 0.338166813993571 0.35446579094097 0.357413197322879 0.32416346672417 0.354094458365951 0.381543781840575 0.376175937747981 0.323211505002065 0.299195742272283 0.532655254654354 0.392310218019897 0.460484447781781 0.420335205530512 0.442519819737324 0.432572582575725 0.538015483652329 0.406314876297091 0.307578735977222 0.32332475124145 0.255492834333868 0.31478000675819 0.316149793997268 0.370467278889416 0.357260095565318 0.309779215986787 0.369272303878489 0.34499436980096 0.388259937463805 0.387060196499445 0.391913655522401 0.396659432393653 0.36736710528815 0.366284571152099 0.402859743617186 0.42514984943543 0.321372760993016 0.304041514196105 0.377180340326526 0.373944160025942 0.331331541046176 0.383128871824606 0.412003644298035 0.496722172890088 0.429812797542488 0.299361542358234 0.384454559861891 0.333854741138578 0.288437304694972 0.280462635884104 0.333328131395358 0.334677956016995 0.350441364902125 0.317491373746645 0.344627082800024 0.406448827971863 0.347423341109748 0.347639255129698 0.371729740677782 0.362302031915673 0.381645147702494 0.386729620457554 0.335995990612395 0.284596189271392 0.392255502381717 0.398795514398464 0.402446615989116 0.40535576491913 0.306981129699363 0.394592788330333 0.359486649179173 0.292077011412769 0.316070263940406 0.3699459849406 0.30014388523357 0.319477461024833 0.310544928041386 0.36125904221487 0 0.422362184116962 0.222106988154402 0.327412212673126 0.281394075485615 0.432201167916543 0.442006574802643 0.348188182892535 0.46317931683334 0.436542121633034 0.424750083553238 0.412949081065207 0.433108466182542 0.395924583025391 0.407417585822375 0.315797772027556 0.289473369212969 0.334922860076314 0.409091115712051 0.329081078013141 0.42304913311033 0.366678191836332 0.396427368441703 0.437227744567025 0.47266531187934 0.315080379431488
"skandapurana_pasupata_adhyaya174-183_u" 0.448280233162805 0.443955720067987 0.446350826083685 0.434031930549769 0.447400953196754 0.488471767278874 0.432183206368817 0.438244933128784 0.451143329768069 0.459606216006282 0.492696677151701 0.464502102498058 0.42648720670714 0.450053685785029 0.424881074352775 0.444325934280698 0.417293513342241 0.437267981130435 0.416433674324396 0.424601037529584 0.404940970509679 0.425854071291959 0.432981592541036 0.434269589920164 0.425090417808055 0.449371740338025 0.453906807084206 0.45193465192208 0.44931526475249 0.479420146964985 0.446232549975639 0.416626454206584 0.549672442483294 0.490485576124361 0.526455166660879 0.517460480433007 0.484225710177318 0.453955082590043 0.593536420945661 0.504605500684235 0.409391593765382 0.388751751320382 0.401285054316061 0.421063185633494 0.454949372883138 0.487231071659789 0.475530887041572 0.449102014814393 0.472095660915731 0.458238351484722 0.477001010638872 0.48745010832054 0.481152513712226 0.484886577503642 0.478731810394474 0.468062302158267 0.479506468662814 0.44205965739858 0.410706909825061 0.435009359675197 0.420962701519591 0.457479664444673 0.42530529911916 0.492019888254393 0.50706852942695 0.566576498378443 0.521556675107488 0.426334759979607 0.493198709079414 0.448194220081356 0.425661046755821 0.412018637856398 0.40442856524413 0.437114355795564 0.466239563493626 0.436241663337326 0.458624040970044 0.432395440262909 0.469784807148194 0.460332588947501 0.469194350103056 0.458586523684871 0.479838398672491 0.474428224281369 0.448214438872211 0.408410604983366 0.454562567005705 0.423000325286395 0.482454020050683 0.476151612672424 0.444095170348447 0.461560037976594 0.456202325180636 0.403496125329529 0.3910341336675 0.422885257502954 0.424504902397457 0.412736615477957 0.438679324902682 0.408620607948878 0.422362184116962 0 0.394993308255984 0.443572793972115 0.426416306445447 0.477192518172022 0.442808965018868 0.439257748855422 0.525296733901174 0.501419690800652 0.510168286161285 0.479098079152387 0.518367618601726 0.454531440175861 0.487575141880119 0.441988410869648 0.407589662291104 0.413250984516462 0.496366660673135 0.439785222365224 0.497025037188281 0.460993131417492 0.503978884204859 0.52541529416967 0.52661040252526 0.444954369528541
"skandapurana" 0.346255345024957 0.315075240390845 0.365592388124647 0.327082360176235 0.313458745316269 0.389468206394176 0.30063775906773 0.319003004232506 0.297751893559465 0.320760668239794 0.388215170507664 0.299741121726203 0.342840554644922 0.341299376773981 0.27815578061626 0.360656242263862 0.252633715052699 0.296308636464673 0.248529603555044 0.249969523419144 0.34750066531619 0.270839506210127 0.292219448455994 0.322673344959477 0.325915348389783 0.361725246401206 0.26369310722689 0.300112414556039 0.353130626586188 0.295624966228139 0.251433367146953 0.268586553424276 0.516482581555386 0.370455160559247 0.447388376445527 0.402889866900826 0.435349933212187 0.42167719763171 0.538795752029577 0.384054963632629 0.292805286559872 0.318465836098951 0.259462276427419 0.314360056968936 0.269566592737067 0.325617660698602 0.305171402863003 0.24951786985255 0.311231305402534 0.292587610737532 0.316575190589717 0.34645544930683 0.315243579578241 0.321679665880362 0.297106172478431 0.304159917399823 0.349856826332647 0.399625180956704 0.278263935999811 0.269860966007639 0.339683053618393 0.346267189526213 0.285520658698938 0.344800688072269 0.363153414992492 0.481446835773867 0.401449018926325 0.277351716239406 0.350496003367483 0.30218205893378 0.256432774500238 0.226333343080511 0.303979257325665 0.32190208723071 0.320157457108468 0.277337265601487 0.330077531070398 0.388320632666439 0.308448247965795 0.309939673757087 0.319573855965133 0.300687827114667 0.325086516279125 0.3107286796363 0.276047735642204 0.259193484079362 0.384488207827365 0.367346292324642 0.382572782136017 0.385878874336429 0.283607526147055 0.389015110164121 0.330027194411222 0.263883715382564 0.297188599980774 0.364048760580757 0.27078592334538 0.2840708612489 0.288583592558572 0.355544644784331 0.222106988154402 0.394993308255984 0 0.335208506548884 0.226493388843128 0.423937130958459 0.440751481462959 0.354430544743527 0.430766853905203 0.43727280648424 0.408841905882211 0.408108690589785 0.422555562717374 0.372611918419867 0.398688333232845 0.305170463205697 0.261307647587229 0.294224561049973 0.384603760799192 0.325575207530164 0.428546582026066 0.36498188028534 0.387925942052937 0.428616015102963 0.482316981541711 0.309941146434488
"vamanapurana_saromahatmya_u" 0.405603279767318 0.413595541392834 0.43395834090245 0.421714944432749 0.41061857816645 0.460289119229311 0.393698635356492 0.39400596358648 0.391327009007096 0.392801841789134 0.458930159012754 0.416618039096592 0.430104173407146 0.418705441989438 0.331889750416426 0.406115733106061 0.336009348806201 0.386839738461367 0.345509259840339 0.324718168608158 0.386925133226399 0.326307127397911 0.360833431194469 0.373247075539707 0.365928166982167 0.395851143806262 0.38672397318347 0.403414383931928 0.440508719029114 0.441588846215235 0.385057231431528 0.334583396803039 0.507610314978965 0.432416731615525 0.505375249694734 0.461680000045808 0.46863252102066 0.463889960894279 0.561270386502052 0.45309557829938 0.335137336022923 0.329702313510975 0.318323785900888 0.353324868710401 0.378561594682145 0.432728473231582 0.41692445572114 0.371731128931948 0.420990114635287 0.398999392795045 0.4407647859639 0.431361114306008 0.440242735118292 0.44157172259585 0.414462933772998 0.417272385938693 0.445555834732559 0.448485822119881 0.372238746775802 0.365742083941951 0.404173905560749 0.399540424607312 0.382311530279821 0.432097092533878 0.456798604084779 0.514040259021579 0.460680942596402 0.332196262045475 0.426885123912982 0.371134957987619 0.330516179316403 0.345291445011033 0.368641629307963 0.36150819450015 0.37001953628647 0.338696589254295 0.378616803843374 0.430604196926453 0.390378563803881 0.400663816720061 0.412036075901304 0.40005936975479 0.428627702212501 0.427632027495856 0.375963404394956 0.318507919657478 0.416641128056106 0.415238798837784 0.447485956394965 0.380484024906295 0.346219822758794 0.437607081095253 0.394642865588475 0.328653158612116 0.357509050764853 0.386830403122002 0.365781063971574 0.340728303298361 0.315236589585733 0.379977782066222 0.327412212673126 0.443572793972115 0.335208506548884 0 0.323328271428285 0.457170531837704 0.4631101748604 0.390850667799217 0.485482245141339 0.471379665646468 0.47830500178824 0.431790187188942 0.46615894256226 0.433611652028392 0.39088621375013 0.306618077151091 0.334038232018764 0.372184453260478 0.426941906851808 0.369965520440889 0.445247642758337 0.39312680926183 0.437563014885021 0.466521619080286 0.489239076751705 0.362426296933999
"vamanapurana_u" 0.315686653979177 0.335150889436232 0.379160520219 0.35037269418615 0.329126881842143 0.394205946085804 0.30060998366882 0.320536906127542 0.296350902719239 0.310268479677952 0.410285144473248 0.317318687683496 0.367934336589569 0.35518417697071 0.257960127206473 0.38709829383218 0.250174150503354 0.290456064258143 0.250528133260256 0.262317110368803 0.345974328662323 0.248014320401231 0.284952915081821 0.301301968130961 0.321240134838587 0.347749062793991 0.275555722112456 0.32284510076723 0.395993208893688 0.35196368362551 0.280722226499988 0.241377949814922 0.506638792673849 0.387369601972025 0.471996078707672 0.417143761126431 0.449840163208185 0.450107330810352 0.553904337529852 0.396173858271846 0.269962420055309 0.30170807347655 0.270495357164723 0.30501009092928 0.305811673189392 0.355961552737767 0.341733404686737 0.290976897739548 0.35144973381316 0.328352996605472 0.363392535339873 0.38639455611415 0.355997798355737 0.358216628094691 0.335947289674994 0.346077131018297 0.38040368013987 0.423355415453444 0.317528999670694 0.308594064435979 0.36914267368584 0.372038063029733 0.326966687840958 0.379996798895019 0.385108472593758 0.492501748735982 0.432009648065096 0.268923227481262 0.34616557108469 0.318548353313458 0.258288514029554 0.242734655181167 0.275157250142212 0.281204041617347 0.327218795646342 0.265877097688601 0.31051964429864 0.393495598813347 0.318881368190385 0.320786182354519 0.330027103604892 0.327353759882314 0.344211588402448 0.340986312675985 0.296090307767418 0.251547590835193 0.386569898356399 0.383458605152266 0.383566212737765 0.383897094712572 0.262062445209753 0.4093877092802 0.34368225363529 0.264757318927025 0.30415989560606 0.353471348377131 0.290116118259037 0.265752268858096 0.283819406780842 0.360395076180427 0.281394075485615 0.426416306445447 0.226493388843128 0.323328271428285 0 0.446880118747733 0.459196309462135 0.372512660650575 0.43942072704693 0.460009883490358 0.432979115233897 0.424952474000291 0.436565134576203 0.392524968993616 0.370896052872122 0.288873608175674 0.282854251481408 0.29786965244911 0.387426151522012 0.323392347932239 0.42642322612805 0.355718554480006 0.370270750739254 0.41920521550197 0.472334599826036 0.294974393720943
"vayupurana_01_frame-and-cosmogony_iast" 0.472781215852005 0.452475567082073 0.467828111453033 0.462742417294041 0.460315360487948 0.487403205124908 0.435186544049551 0.44899040700495 0.445760746217353 0.457761367932202 0.521527567915875 0.472639811769239 0.467078243620415 0.457887403599163 0.434455142767894 0.391999299463616 0.423277331170312 0.447325375766573 0.411994123431283 0.452813967945854 0.456387513596048 0.442839697116742 0.441265469609862 0.443819710484353 0.446962793479843 0.465172098294905 0.465092758764906 0.494866363142341 0.476674079526213 0.479160126868088 0.458886223305517 0.432583720947923 0.582874868860501 0.484001200937581 0.533632952707808 0.522568825097989 0.500096978113352 0.496806040145464 0.592170568656141 0.508371768037722 0.429350567818683 0.440219706039509 0.405280729661727 0.43451084659801 0.463117073477976 0.501598934838094 0.480276419304772 0.460267085459457 0.488827200647479 0.471571048936808 0.499150948862171 0.481949847567088 0.500189119350639 0.500426527260672 0.491896314926261 0.480856351727418 0.494115387105782 0.502565140998369 0.444003054299306 0.446006381680988 0.472290697781232 0.472181432591598 0.457048277735008 0.500247649011474 0.51704878264829 0.567532541494718 0.524543308073243 0.418789255811913 0.484276782572754 0.457392754328555 0.421773990431058 0.405273208867658 0.439334000932439 0.466568735866103 0.481567888679498 0.459971283232283 0.465292351359449 0.46741425313621 0.490561682556172 0.489158174023505 0.504602875913712 0.491882540748649 0.50117027135565 0.50903281384931 0.477062726639027 0.42168735163942 0.493526167877146 0.485260963223747 0.496083806121896 0.498221038965856 0.455883249194929 0.478971419216471 0.483138671827148 0.414832512327084 0.425078769155241 0.466949279732981 0.460789967328526 0.435634516625756 0.446284688137487 0.45293414157153 0.432201167916543 0.477192518172022 0.423937130958459 0.457170531837704 0.446880118747733 0 0.454998171404184 0.422628040897987 0.493542700163365 0.454334866505396 0.459418432881524 0.460414743130042 0.466138342544156 0.456002021874017 0.501230800073775 0.450365868346209 0.365889668218041 0.453811566228131 0.506616442889818 0.435803971228853 0.494750751057892 0.445583460866247 0.481786392063983 0.511225051858924 0.521782382063811 0.426996736667638
"vayupurana_02_pashupata-yoga_iast" 0.457575411238399 0.490049040424665 0.487078903063054 0.481194710171083 0.483619678928273 0.501990989335117 0.45989019844341 0.470161133818095 0.473671321745276 0.488853633179414 0.519914420545076 0.500148517192835 0.476123766437745 0.487422019459554 0.431625964969097 0.437898624428994 0.44233771775326 0.470525087125775 0.439341422046402 0.460855082097049 0.438879962210201 0.446218389145556 0.434911268369512 0.438176065582655 0.427576646388779 0.461894807365579 0.478537295825782 0.493931207193802 0.483553909094659 0.512780934211891 0.47732156149814 0.437772156744342 0.570242464890421 0.509348873100786 0.548991792912313 0.533101709800481 0.520467224746029 0.489495867437634 0.615047245392068 0.524311557452572 0.45276260474686 0.429315081748498 0.426757272076075 0.429975424217088 0.47675484272493 0.521496513299226 0.494755719197311 0.468928214553512 0.490176325694498 0.474756219369564 0.507093763308666 0.508835803885431 0.506589554885074 0.509713354732899 0.503066004967193 0.485605272614437 0.500840628420142 0.487430168790994 0.439709416761026 0.456240051683339 0.46581092018966 0.458935193113898 0.451280491988064 0.510788674918681 0.52706259194904 0.578745063933495 0.540614748790691 0.434519291984665 0.510668245859424 0.475496726143386 0.439016192396162 0.427127632324645 0.438658135206804 0.455999758879452 0.488444588051772 0.461878759942651 0.479316289899782 0.456708209127957 0.49982136117741 0.489568856124381 0.500143175468785 0.48836024225849 0.509956439603342 0.509237263680119 0.484804262151935 0.430553514357031 0.474110806656132 0.456315807444923 0.50877940152195 0.4942732657617 0.460612784803529 0.490782388113421 0.495529530124533 0.420470345282115 0.416758607376028 0.439711025522178 0.4598922304927 0.427736932639237 0.460897482031689 0.438740471925918 0.442006574802643 0.442808965018868 0.440751481462959 0.4631101748604 0.459196309462135 0.454998171404184 0 0.444444788163075 0.537140166150552 0.48109231715064 0.502351335512574 0.451767891796628 0.498946893720811 0.468953467869298 0.505159726874569 0.456009582320016 0.400264225286294 0.456358323963592 0.506656119028042 0.459068598627281 0.503007017133234 0.456689938473503 0.506110011386927 0.522709238725248 0.545273818147712 0.448998630783482
"vayupurana_03_kalpas-and-shiva-lineages_iast" 0.419050167207341 0.4082353067395 0.425354174811273 0.412349430086756 0.411557568179885 0.460947786676744 0.382903068768142 0.400456776900879 0.386040266532259 0.397512992105868 0.485344405553998 0.414724409062882 0.420436542613671 0.401814047978199 0.371192382524831 0.363979352070813 0.357470550742348 0.39971588362316 0.358455226250652 0.391908037347882 0.415823087625112 0.379104992692974 0.390295701713604 0.397084343623227 0.401257436207951 0.408534651765458 0.415963156748863 0.419410258172841 0.426081615705654 0.425884561977516 0.390506953309247 0.366994662192038 0.55125667458416 0.422533660418104 0.487220388987709 0.46054997740223 0.441090905281658 0.436408586551883 0.5425566042539 0.44123268790964 0.353870698712747 0.380197499343549 0.331091897789101 0.378349416374202 0.397691276541627 0.436074868023266 0.423875193989951 0.395877792312261 0.429912743410457 0.416616180433556 0.445319391084805 0.450576838048555 0.446200252279305 0.44249829774801 0.437970258005574 0.431127442594008 0.456301150679282 0.467175610207587 0.394243929758355 0.391345320662028 0.444208356939339 0.435152898165027 0.406776417372972 0.454419173218847 0.462490741159686 0.534879644321263 0.483753519888113 0.360761183026371 0.440301327814551 0.402241849187523 0.360748643755874 0.343108998970207 0.38858110996749 0.412844134447227 0.427418305441552 0.395787540406239 0.428867524987779 0.430966776865629 0.425019861060524 0.427797696074916 0.442307066967198 0.423705635616425 0.445865678860508 0.44588665953298 0.407260377113497 0.352550008438156 0.446895246604271 0.442220749304291 0.464615466887489 0.449381236347188 0.384706417945074 0.44955375676696 0.403911654548308 0.354003341319076 0.370508443222898 0.422706923325942 0.3793425683421 0.382639710813741 0.387482239601484 0.404075476669169 0.348188182892535 0.439257748855422 0.354430544743527 0.390850667799217 0.372512660650575 0.422628040897987 0.444444788163075 0 0.480987242803866 0.429747536805093 0.425842956874412 0.444652048331315 0.434168506329739 0.424975626001408 0.443604861928942 0.392675943432853 0.29553042305439 0.404368307597005 0.450665968230056 0.388859968088804 0.448496086222013 0.427017798086914 0.440526447110378 0.467205506665463 0.503056224866373 0.379228289033987
"vayupurana_04_bhuvana-vinyasa_iast" 0.463790227205525 0.485426049483477 0.510430596237477 0.506536497342638 0.487705225264828 0.491795283037867 0.474302521808802 0.489692825450303 0.461444633109901 0.485046837194732 0.528187209988411 0.485777630460684 0.505632301579952 0.49040328885263 0.441387049601371 0.454555906573264 0.423712948692926 0.401731218375108 0.392705194040176 0.474764150670766 0.480426468944007 0.454084364300389 0.423165959685642 0.435621115683742 0.469523035759398 0.487332710714137 0.468172731817024 0.508716296699564 0.480517030054106 0.439063528649157 0.465711905533675 0.437887614496296 0.57620903584305 0.524712443640779 0.575507389273401 0.542779275620711 0.552638551705212 0.539174645086038 0.619008424943375 0.542795931203299 0.447852919596471 0.486199518312798 0.436488268548835 0.453170304744939 0.486569302294749 0.495251125601111 0.504699868451151 0.480182472331085 0.506481528932147 0.506342436146958 0.491658474579809 0.501299328029203 0.495078097892119 0.492120269097236 0.490033136473628 0.504023254287874 0.505428573439823 0.532842641353335 0.497178757882496 0.489374277633098 0.505190827327098 0.511512068511532 0.50600921817298 0.525211780973759 0.530711392008491 0.601223317795354 0.536782327923114 0.440372352990065 0.486379510992707 0.486976953449479 0.443378742349692 0.398669888059661 0.426814592004984 0.476353205521814 0.464926446270221 0.485977350618623 0.460316709891548 0.494258875453531 0.494589143693132 0.494587197551635 0.495130899661019 0.473519172101771 0.473626318494958 0.485390919310912 0.486836153566427 0.441378165916546 0.482524113179111 0.468249040901977 0.48902069332602 0.515912790679119 0.466578430505389 0.47624246408009 0.502064458943483 0.438107686430308 0.448434161076125 0.491436384183622 0.458368827603388 0.439140230666555 0.45802096372049 0.475802862205173 0.46317931683334 0.525296733901174 0.430766853905203 0.485482245141339 0.43942072704693 0.493542700163365 0.537140166150552 0.480987242803866 0 0.511487635488882 0.465111160076793 0.500573226476243 0.509306176851025 0.430024904188269 0.519378058247885 0.456286517769068 0.350362591167341 0.494436748952084 0.51328002260341 0.483676307670087 0.519318598225228 0.495016501126927 0.496624492053239 0.523253200924186 0.564817597095063 0.462598528571399
"vayupurana_05_jyotis-and-purvardha-close_iast" 0.477292789679113 0.478751932504918 0.507923212268063 0.498129804383589 0.49157648503727 0.516957205726642 0.462089161416475 0.472361462354335 0.472422346195013 0.474763414704878 0.529277972473563 0.491712603804127 0.49142709256899 0.475495971683316 0.438352663582063 0.369827580280081 0.42693603601982 0.451599558114771 0.41559868987299 0.4634304733306 0.474197498232378 0.450766420109695 0.450395066200892 0.452946030775592 0.44409559648611 0.473954341546471 0.483539199974411 0.508787802346702 0.493650113212565 0.494362787576253 0.470764080875213 0.449442018135232 0.589132146290902 0.494576522603246 0.53231895126548 0.528471493989893 0.510264430527519 0.50131509395176 0.592831603322111 0.511958981778767 0.457362702117221 0.456279762936922 0.422078669792149 0.457613423847478 0.46819390389834 0.509990006248668 0.488029335417295 0.466991418675027 0.492856058604311 0.477495797288137 0.508020688124159 0.506063941792741 0.514311209284833 0.513705783923145 0.496857392953523 0.490597930115995 0.509992260681362 0.517771425628686 0.460593992710304 0.457846279778749 0.494829296681221 0.485871063395128 0.47142033931941 0.508589021761308 0.521821297684016 0.582960194744158 0.534591255307327 0.429581257571181 0.495361941289825 0.460665097734343 0.429850015700913 0.41100259610064 0.457356304287584 0.47700319978509 0.48246638648172 0.472509754111524 0.487146561221427 0.490472332359797 0.490455677031712 0.493759378343644 0.516395770876968 0.494604831525518 0.519220799199546 0.516739783329006 0.484675150374278 0.432501465446274 0.501887940628634 0.496132641875409 0.510634707706803 0.491369359099018 0.463762108448955 0.500792258118041 0.480286723430065 0.416044777284749 0.449140180230536 0.476870823751165 0.473270798782584 0.448592921273304 0.450360500814313 0.476248081597027 0.436542121633034 0.501419690800652 0.43727280648424 0.471379665646468 0.460009883490358 0.454334866505396 0.48109231715064 0.429747536805093 0.511487635488882 0 0.448255463203789 0.460842216633102 0.434741328276988 0.451292758192484 0.502951158101605 0.44703654768719 0.369274495504516 0.480559804593623 0.524513587791876 0.4539963590268 0.478859243687101 0.459597670170392 0.499140419407844 0.497520814643766 0.514080644145296 0.432703624935665
"vayupurana_06_prthu-and-prajapati-lineages_iast" 0.457857825071148 0.461554566300268 0.489972813129042 0.476055295081387 0.471611359676783 0.502302680644903 0.444374846279135 0.45743252880215 0.446322634678768 0.448076258246703 0.52081213228697 0.468941484873774 0.481682184958948 0.471731608731094 0.434253392398485 0.381213145736476 0.409816060766396 0.423285594199517 0.392785024358059 0.453095483791339 0.468293719869059 0.435423047385248 0.426040653977016 0.44264642247972 0.452050439895674 0.461206541113792 0.452456134977707 0.490203634819169 0.469472555564187 0.454019473652398 0.442689709972299 0.430387482393114 0.589291461438388 0.462494947240915 0.496496097424462 0.516010562635327 0.511608284943732 0.497590898679956 0.591996234521135 0.488160137047037 0.449932223556102 0.474116818617415 0.419405395135157 0.446611023899279 0.450609527332774 0.478001710361079 0.467659442735329 0.44815458113303 0.469332115770726 0.463979654202711 0.48660415942917 0.482963955522368 0.487927363588846 0.48653698187943 0.473011629641901 0.469200870569818 0.491895391602587 0.518847600358939 0.453194607493405 0.444220926188941 0.489876608458356 0.480183904045381 0.46121907210589 0.489090930455435 0.510414869936809 0.576012763791247 0.515861035788764 0.41042070624774 0.4661455744611 0.454049024564115 0.410589586677471 0.387452599867883 0.440504730676746 0.468700478424716 0.46609940387873 0.460662151643443 0.488945107560831 0.492034084666924 0.469930448349752 0.482977926263326 0.488772872495637 0.475527756933707 0.484652357347607 0.487831458837258 0.470739306157705 0.429977763890971 0.50977622062334 0.495391683483464 0.49922830046038 0.492612256725249 0.44979855957219 0.497732397131706 0.484281157844057 0.41361319073425 0.446082741093445 0.48552492388884 0.457503802360138 0.443123226192496 0.452422265004 0.46083425416525 0.424750083553238 0.510168286161285 0.408841905882211 0.47830500178824 0.432979115233897 0.459418432881524 0.502351335512574 0.425842956874412 0.465111160076793 0.448255463203789 0 0.455912040383381 0.432662192786513 0.449835685582502 0.499897899093137 0.463432440626729 0.343044847283286 0.472940349477088 0.503461864673571 0.457047188766268 0.504005008069577 0.463368153436011 0.482160064007288 0.510934492607863 0.542217738875813 0.435273678675536
"vayupurana_07_shraddha-kalpa_iast" 0.431112187222766 0.45424263510204 0.473210490633957 0.470102985919732 0.465114063866405 0.493155487631064 0.44328779347972 0.442601772573342 0.453733871318896 0.454497663917829 0.504782864517715 0.468993058590895 0.461784325078137 0.457087992580585 0.393307756631182 0.411969791113223 0.406298875606838 0.438972756488734 0.401586806087584 0.420489746147147 0.446304543976547 0.415437142539034 0.412984691350952 0.410765365967934 0.389761531700829 0.43467791282127 0.446195151224253 0.481727082244205 0.478825050161569 0.483878903096569 0.448774580766697 0.411405648025484 0.560033093619408 0.474007313404961 0.527123878799229 0.510323392229123 0.513299199622695 0.494727694014474 0.600529353646112 0.502468508855586 0.443962445568271 0.419773797132238 0.404604332297961 0.423968153555097 0.440823255541066 0.499680515599507 0.463972287445217 0.436727965377905 0.468591669103135 0.449253399026213 0.490878260261261 0.47000836182402 0.490062133740825 0.494135502034976 0.481794666714724 0.464034317538461 0.481601750995261 0.482702334741185 0.423401222771392 0.410991367833783 0.441279052619548 0.42803204194189 0.440504611330943 0.479842950244811 0.506279960444377 0.557119251111219 0.518151774107986 0.401829796375139 0.486802109252029 0.44586377503509 0.40581927121453 0.376988710202144 0.408971467548879 0.434085713209755 0.433750038737087 0.446956976354089 0.446640751898169 0.458585189586615 0.472926639206389 0.469251577915268 0.492234149808552 0.479603686435727 0.495960657789276 0.49805404699605 0.466874793067902 0.406892679092931 0.448616766016171 0.446926413913694 0.483365536395688 0.468957044049773 0.440569391810352 0.485045733818426 0.481828472818019 0.391927008160804 0.414033201896133 0.432748887054423 0.443787973874529 0.406127541939078 0.433675349521951 0.438390729320006 0.412949081065207 0.479098079152387 0.408108690589785 0.431790187188942 0.424952474000291 0.460414743130042 0.451767891796628 0.444652048331315 0.500573226476243 0.460842216633102 0.455912040383381 0 0.465880683440153 0.449806051176501 0.450151296149957 0.426450915455552 0.352573943641514 0.432650595500278 0.494234552261048 0.444839952274591 0.490157625957875 0.426913885710882 0.476857880753664 0.510172199362868 0.52533063553829 0.420710375443458
"vayupurana_08_manu-candra-vishnu-vamsha_iast" 0.470782131379726 0.466901569758529 0.500054599313772 0.494502396004575 0.482557318777558 0.512036036088018 0.459109327756892 0.463828033956354 0.457438858745467 0.437151990810727 0.534088608126751 0.471669433340039 0.496826966676595 0.467198200477809 0.42831156278261 0.404650834265392 0.407072148941639 0.457965698115982 0.412166625999763 0.449564134575523 0.475024920353625 0.436177907811931 0.4402700988917 0.454103656587011 0.455688648186995 0.47157000521684 0.462928004271776 0.478037724676182 0.50220949468602 0.489634410046006 0.444573122702663 0.432368269294928 0.594851418562508 0.451865365501994 0.5173155473062 0.505923756602557 0.528775342053739 0.517328757989388 0.591502417565534 0.458279749246573 0.457593619688085 0.477414682391031 0.429649169526588 0.458851724828404 0.435452472187831 0.485759995295682 0.455456999262334 0.441609837564153 0.468735461472 0.456845262675132 0.484023011083424 0.482594490553084 0.485561828122286 0.486019436326863 0.467369794797227 0.475025741101119 0.489201186945739 0.525365667737919 0.453915575712593 0.447646011908612 0.507185596110717 0.48808540346588 0.45601053345897 0.470818641032765 0.499455760709859 0.546603132679709 0.50879305178005 0.407328850730728 0.473236783125817 0.428053877320237 0.403013008638412 0.398926387543157 0.453099957294939 0.464490322352954 0.473123939528308 0.44639260160803 0.482665141034555 0.513618252764617 0.467461537933928 0.470137225392995 0.492430714899374 0.48043832324033 0.496947007686233 0.49816578797701 0.463414734369795 0.433814319230943 0.514078872701752 0.502761359478032 0.503080122560591 0.500481080498567 0.454241487183212 0.514018943006529 0.474964700684013 0.423365966860192 0.45619420146232 0.494267003402779 0.466308583073358 0.453502046776645 0.446106433029818 0.477816314084753 0.433108466182542 0.518367618601726 0.422555562717374 0.46615894256226 0.436565134576203 0.466138342544156 0.498946893720811 0.434168506329739 0.509306176851025 0.434741328276988 0.432662192786513 0.465880683440153 0 0.469715401728309 0.50217164366443 0.44541428820253 0.368439070639764 0.477824676027824 0.512985044901525 0.443686046830429 0.479011327329171 0.458469601320328 0.46046227511338 0.484610261463771 0.528764453852074 0.412403204471302
"vayupurana_09_upasamhara_iast" 0.418459701292483 0.411774186413775 0.436759473192352 0.427518091634746 0.423299777634364 0.455045103102209 0.401051113311501 0.414714551210173 0.405592357779203 0.421934977519722 0.463902195471883 0.417244315353742 0.425234954475227 0.416988047814799 0.385017224534186 0.401920884902489 0.359916707822904 0.375085509910486 0.345981846494562 0.41106232338941 0.407533888379451 0.383263425020538 0.382100690935999 0.398256041306685 0.402393029817753 0.424831697549084 0.422004229117105 0.455669755588683 0.427669519086421 0.429282644328142 0.411775725272162 0.389183869298327 0.549073915378027 0.487067663342083 0.535335913342097 0.497124821554196 0.497357010770803 0.488705868192723 0.592997287278887 0.501475759881085 0.394381560216404 0.4102785586414 0.374246187727573 0.396036743171411 0.42716675490605 0.467153380247308 0.445359259123504 0.417618039683091 0.446317202512652 0.438520433257673 0.450555812094411 0.45262602043279 0.452775367073675 0.451014570936835 0.448159739085263 0.445853686363662 0.451548353419685 0.464396682810049 0.414152655536036 0.421166565889225 0.442924183225818 0.455573735408457 0.427923426722729 0.469274583024471 0.481458353944459 0.561069901164648 0.497277173476669 0.380111297090749 0.439758501451536 0.420577536621812 0.377154381854051 0.351284427752585 0.376813953704961 0.419759236582967 0.437807953914309 0.419462107057514 0.410951007889731 0.425933287637428 0.447334516775154 0.447388682527434 0.451534357172177 0.437440471401918 0.445052758208805 0.456044125080397 0.442392418722355 0.371200322078012 0.453135151152203 0.430219050151518 0.454176226541067 0.463706852832542 0.411936132520264 0.449101376060823 0.445150789603952 0.368010037345904 0.38604306215482 0.427616928081324 0.407567333822746 0.379911531505871 0.408744037407834 0.414888722964707 0.395924583025391 0.454531440175861 0.372611918419867 0.433611652028392 0.392524968993616 0.456002021874017 0.468953467869298 0.424975626001408 0.430024904188269 0.451292758192484 0.449835685582502 0.449806051176501 0.469715401728309 0 0.458509549355294 0.395688772338403 0.318490666756784 0.425798049593325 0.464228377696891 0.414493879758058 0.469713475801213 0.429397527093102 0.45919442855732 0.488655327606148 0.505016968460869 0.40042773392648
"vayupurana_10_gaya-mahatmya_iast" 0.385665756290677 0.446367679794415 0.467225553260947 0.458942879606816 0.44701675070147 0.503968238814543 0.429963410611237 0.427797858540508 0.431617429068024 0.434764915275377 0.497812543094413 0.449623390113291 0.464464384721369 0.468730196725371 0.364445913809882 0.454548092939057 0.389960100690478 0.41337065149715 0.385875196570809 0.391385185834965 0.423471666960078 0.375291032254978 0.386348334835148 0.385217525756089 0.368891487619285 0.410654511637944 0.431369931957622 0.45308250770124 0.485359634921635 0.4842107420001 0.439328457505578 0.366332827054115 0.533606919045027 0.498563845563081 0.551274599928748 0.512720423324312 0.513731631867782 0.518858311608756 0.617361308325918 0.50592767509769 0.408184740410902 0.391696125305989 0.388751546241322 0.396089350351803 0.44840812584489 0.483489091012131 0.470727890508456 0.444653872654581 0.477281977549582 0.4609312519827 0.489075245650133 0.487031225856986 0.482049751543976 0.484894987103681 0.470485860743369 0.467067846278908 0.48768437579462 0.507667899972908 0.444434577493425 0.432106981434495 0.459628180343483 0.451127807203413 0.456077370653751 0.489158483334095 0.504755813787846 0.554341133797133 0.504613869372559 0.397978639344647 0.458546535502404 0.443603913964832 0.399436834945019 0.384980614146632 0.369814085751253 0.38572371403933 0.415636949685043 0.407495768078274 0.412784123215238 0.447057065759079 0.456062375788013 0.452417775283676 0.469020279664878 0.465013282905745 0.485379422884132 0.484544110481633 0.449468898068262 0.367602083573453 0.444439799517157 0.443766879435862 0.479583540578849 0.445883479170749 0.39086766275568 0.492428993802163 0.43959367325235 0.378026479204118 0.389708189623925 0.408913353966163 0.411939172285748 0.371350082770623 0.387186275975531 0.423899554438962 0.407417585822375 0.487575141880119 0.398688333232845 0.39088621375013 0.370896052872122 0.501230800073775 0.505159726874569 0.443604861928942 0.519378058247885 0.502951158101605 0.499897899093137 0.450151296149957 0.50217164366443 0.458509549355294 0 0.368742575997706 0.344128982795363 0.427082228751244 0.473918298403792 0.425162121073021 0.496546613894755 0.418595559319674 0.483163609527365 0.49994672410574 0.533882269795047 0.416688254589713
"vayupurana_revakhanda" 0.345974696560319 0.384613654758246 0.412224385971911 0.398515652406015 0.380771199288072 0.430029185201519 0.361124012917597 0.36881210719977 0.364529126903681 0.374360610724784 0.430685097162089 0.375099280563847 0.391880316700936 0.38829548465865 0.259049900533426 0.382300846365882 0.29505767843318 0.336190764480433 0.289989809911543 0.281190795674776 0.350795802059829 0.278703168779598 0.299856115362732 0.309375667724369 0.295964768812144 0.357490869447601 0.347052139353088 0.379065688998703 0.426562441368676 0.415069017057714 0.3424491359981 0.284283413304411 0.487775710617476 0.435151425028754 0.510369261670379 0.451219312270068 0.474390395129126 0.46837500097365 0.568462323633148 0.448700446394854 0.325895698337067 0.311752748899009 0.294931521793141 0.319119108812543 0.344792383754065 0.410990616806026 0.380140308707735 0.332418141802997 0.391678110017033 0.367662036047625 0.412862563630918 0.411353563963494 0.408704308655726 0.409230392492671 0.389754021589939 0.390101823127712 0.405586875355653 0.430036389140005 0.340354489534346 0.328081480646447 0.374287499381854 0.364856207364095 0.357691021579441 0.410758732116333 0.438329629594255 0.509946441562203 0.446492459193472 0.290659172111988 0.380813074519117 0.329368299429884 0.279321067821076 0.28361947913336 0.303289218551231 0.295442446950871 0.321801402929446 0.302376033148586 0.325859415429783 0.413722440616585 0.379589184925177 0.371861451395023 0.38484278575959 0.382525324157277 0.402426662166669 0.405773794225802 0.361917080227983 0.278651479165742 0.39147940190936 0.389050133778638 0.415028104872536 0.357634498113915 0.312111285566313 0.418368067630594 0.367082640999623 0.268116563683063 0.320900032639247 0.348899061248342 0.33795037782452 0.279091469521831 0.228780244591743 0.368930205947911 0.315797772027556 0.441988410869648 0.305170463205697 0.306618077151091 0.288873608175674 0.450365868346209 0.456009582320016 0.392675943432853 0.456286517769068 0.44703654768719 0.463432440626729 0.426450915455552 0.44541428820253 0.395688772338403 0.368742575997706 0 0.296579304503935 0.332936844065871 0.37695904517596 0.351662068698541 0.418381515607519 0.355420177966659 0.415125204309464 0.426062977412688 0.47380341246439 0.32081752203788
"vayupurana" 0.314626929243401 0.349281530866909 0.387457747792 0.369785287501885 0.353071790966264 0.404236448791208 0.322241391720039 0.339931625457385 0.323511721849622 0.338743142948844 0.427108821643337 0.35041265235631 0.36951814545517 0.351650031702105 0.263202515135151 0.292574318002293 0.249590951207839 0.285941015219702 0.226704931081134 0.301090661089545 0.342632254505402 0.286270139221161 0.274607469195423 0.286182889166168 0.293940220693908 0.346614610682449 0.333563263703176 0.379582916402271 0.369519406115706 0.356992764936097 0.322358358785655 0.271521129483231 0.511685439091611 0.397519427103029 0.470279444429511 0.431101641124598 0.435770078009475 0.425566696028183 0.552444997998955 0.418797276841572 0.30093668559067 0.323291878088797 0.251893445987312 0.300388861848301 0.335565285244399 0.387069458292506 0.36972976398469 0.326518242324487 0.379515772526208 0.361490431105923 0.386616797652692 0.389339996672152 0.38970996929917 0.391060480327027 0.371043204348088 0.372914163969279 0.394497472158803 0.423448028296862 0.33151149395372 0.319001464434959 0.380065777229005 0.367937934008155 0.35250206735244 0.400125499119231 0.426859402472725 0.5147209519491 0.440706465550624 0.264385744413398 0.377286299684953 0.339469868588548 0.267561807038554 0.2114854223697 0.273750499469801 0.329137542304994 0.342457265848164 0.32154097105334 0.334029367236765 0.373818340422818 0.367884395649289 0.366185744326529 0.386290571292533 0.364782638874838 0.384703750455813 0.38930082194439 0.352497502963139 0.25865491523309 0.377681984990528 0.362554493856354 0.381662672598146 0.39572662990292 0.313259273389115 0.375200407149308 0.371472323553082 0.248320072463276 0.288282383608721 0.349403757250254 0.319367920440332 0.27540097485383 0.293109953744543 0.3408572750763 0.289473369212969 0.407589662291104 0.261307647587229 0.334038232018764 0.282854251481408 0.365889668218041 0.400264225286294 0.29553042305439 0.350362591167341 0.369274495504516 0.343044847283286 0.352573943641514 0.368439070639764 0.318490666756784 0.344128982795363 0.296579304503935 0 0.3407669051686 0.407042269122943 0.327646290104052 0.405239032405294 0.338565946058311 0.38847858999978 0.417535518411048 0.467503243493218 0.29661388386148
"visnudharma_pu" 0.353259496245606 0.332928034958996 0.358819432654687 0.299628819424949 0.290698279763568 0.367105714862026 0.327141610697963 0.32889712949976 0.335378230023324 0.367345408837517 0.361403141470072 0.30216945061515 0.297303791693581 0.309580275675755 0.302738493639794 0.412418640921899 0.322654233063132 0.366093074894383 0.329854685719141 0.237680682598287 0.370531950425983 0.305082842993053 0.327828300196765 0.345375351318946 0.323408474535572 0.37110381052566 0.276949307377742 0.308082422507945 0.366491739846022 0.37850087019845 0.272454202776044 0.311615358439433 0.493261948499105 0.376164992411704 0.456374069711485 0.40196244494315 0.41179890468893 0.411044066155511 0.528718170137574 0.392905616031502 0.334744723927539 0.32806510232298 0.318615072438501 0.346134489901523 0.270673071283878 0.356953340910083 0.304524591121625 0.262183204607249 0.322670417158457 0.278647497089453 0.356829410492491 0.364089216268266 0.35048544640081 0.357014430776654 0.336830440669836 0.320102870261958 0.338593671505858 0.358336714918892 0.229660195467055 0.240686463741859 0.284377641713352 0.288645775485113 0.268891391852648 0.346327437497614 0.384557232452692 0.473428137524072 0.409101210826095 0.302098705241648 0.405299941203089 0.324892398829406 0.290441475569873 0.297566816723606 0.311153829478221 0.310804157420069 0.363072493987867 0.252882445903705 0.345684520521096 0.401884449129596 0.322799263965315 0.306826057881983 0.332953244151733 0.32472285387897 0.338520386657503 0.354330164246206 0.30809822043295 0.315089712170967 0.396927578279976 0.37216156510523 0.427461318637477 0.405614568417689 0.352723169726386 0.435765682620747 0.399145532190904 0.302515961225424 0.339715335631755 0.373154903006016 0.342539788841254 0.302295366405424 0.29305462853567 0.367235743876609 0.334922860076314 0.413250984516462 0.294224561049973 0.372184453260478 0.29786965244911 0.453811566228131 0.456358323963592 0.404368307597005 0.494436748952084 0.480559804593623 0.472940349477088 0.432650595500278 0.477824676027824 0.425798049593325 0.427082228751244 0.332936844065871 0.3407669051686 0 0.36365439757812 0.327115763648276 0.418760296037269 0.329284670211122 0.398833179244668 0.429276498395797 0.462808544165295 0.301960821914846
"visnudharmottarapurana_khanda-3_adhyaya-343-353_pu" 0.41752479688038 0.430798790043106 0.450672584559206 0.422130796862316 0.406009484265612 0.447170818377245 0.419429307337273 0.426062117857828 0.420256492777996 0.439044900131392 0.458328718492517 0.408033883623072 0.424891451996597 0.402765908539152 0.384385589890809 0.460008135077147 0.398072060518637 0.419514661379373 0.394268799041154 0.356739447334074 0.441346600535358 0.391979343110067 0.396104599894894 0.4104443133115 0.411865874840265 0.429235547866154 0.368576690640887 0.388113615871588 0.440846712106045 0.43049349317378 0.375269237315374 0.385491486216234 0.536229715236897 0.447209671430316 0.512920213446869 0.464636168959581 0.4684339138918 0.48431433302928 0.565032700929734 0.46579943577822 0.404997840106503 0.42237749864687 0.388772101431777 0.396448358648721 0.373114731606481 0.412790636187007 0.404308683133462 0.368445647968251 0.412857638743979 0.398956755359748 0.430142217081139 0.421979897247155 0.423838051915928 0.423726460718175 0.418611447434361 0.40841372290969 0.42179983231052 0.447779563457299 0.376329298052265 0.375678708722705 0.421057930466122 0.415887913347491 0.380230233668863 0.435561785620176 0.44044437462589 0.516435224908948 0.467451182362162 0.39627426140565 0.455756420335919 0.400425911917726 0.383748147065981 0.382074827741528 0.402956094993638 0.415979760673024 0.411177003866886 0.346981594240873 0.415985819939495 0.473937525516648 0.40158010078237 0.406179744586552 0.401916989898984 0.402083970291505 0.412778902402922 0.424409562755555 0.385166589275765 0.3895221948319 0.488721342935496 0.449310216414376 0.485823672907492 0.464879524590361 0.40283499391686 0.486104886055263 0.441372760445766 0.399745211099912 0.40974312275491 0.443629326557642 0.413924055003932 0.405052423269123 0.35948478568554 0.434719949751574 0.409091115712051 0.496366660673135 0.384603760799192 0.426941906851808 0.387426151522012 0.506616442889818 0.506656119028042 0.450665968230056 0.51328002260341 0.524513587791876 0.503461864673571 0.494234552261048 0.512985044901525 0.464228377696891 0.473918298403792 0.37695904517596 0.407042269122943 0.36365439757812 0 0.41633724697966 0.47476037060849 0.432143850932019 0.461079060206542 0.472372973686471 0.519968919750938 0.400415176834265
"visnupurana_amsa-1_u" 0.394944677971303 0.376917898510092 0.392194661278976 0.376425262083701 0.361112123880315 0.431454987388092 0.338223813590606 0.339078340317537 0.342556595619522 0.36407273807371 0.443177386796874 0.372807471756694 0.386832677714358 0.376199013841305 0.337020346382201 0.388268763074505 0.316629977991917 0.363806326369756 0.318602631323348 0.329632676995942 0.376992355260978 0.318472318357683 0.368023503621819 0.369232670169487 0.367613321418622 0.383548024081445 0.360736761641155 0.379206610175338 0.412945673045715 0.405755613130012 0.353466027988749 0.3271262795486 0.528919146862815 0.41909989522467 0.495267321266909 0.460395470931653 0.430139825471304 0.450374144580189 0.542065674587829 0.44186154739406 0.333199188643212 0.358416681791092 0.320686245751682 0.360618954932815 0.350478935380994 0.413345196917957 0.387030961115438 0.353375489016972 0.401775000217587 0.376458599706249 0.414597442367752 0.406640429767463 0.419629787353886 0.420420757111234 0.402799955153549 0.397036941996382 0.422048246164396 0.434376471340544 0.342138773406591 0.343674679271185 0.404195745374341 0.40899780105158 0.357063679992929 0.411772380559622 0.444112945984964 0.509868369358967 0.460738704241032 0.301595097835068 0.397765932335791 0.325495768638351 0.289531524190136 0.316141647469658 0.353415824380471 0.36379008578789 0.401356074866784 0.334320260098913 0.371615525495678 0.400094103901238 0.388408425586837 0.385319455249101 0.407709736552682 0.393012472797889 0.411957648453123 0.417379285438501 0.371785424523603 0.323659082050432 0.437095633923524 0.423704903347425 0.42489645684309 0.429774930235769 0.341924567342162 0.439943982411249 0.377205831798645 0.321409533909427 0.345016906623096 0.397560185908877 0.361198685073547 0.343212765128822 0.347517589075546 0.387105343787451 0.329081078013141 0.439785222365224 0.325575207530164 0.369965520440889 0.323392347932239 0.435803971228853 0.459068598627281 0.388859968088804 0.483676307670087 0.4539963590268 0.457047188766268 0.444839952274591 0.443686046830429 0.414493879758058 0.425162121073021 0.351662068698541 0.327646290104052 0.327115763648276 0.41633724697966 0 0.368987277995708 0.337331149310654 0.38399544681492 0.366429168830002 0.4076728360896 0.215702508619215
"visnupurana_amsa-2_u" 0.450254005771614 0.460747567684825 0.470664369082548 0.45695920053828 0.4590300491746 0.478394527546008 0.440784654889713 0.450202084746802 0.44618873210157 0.454160325632883 0.493761742853186 0.458844762885661 0.458604170152071 0.438336601991665 0.404587655062329 0.416392973997541 0.401629004786295 0.438046951183627 0.399868398709704 0.420810161634718 0.442460166809717 0.418509407328681 0.441243869521808 0.425136788431323 0.42048486950439 0.452315757289458 0.457611510020087 0.463288934588164 0.470911048918212 0.474531797775193 0.436791766659254 0.421703876446726 0.558767380857541 0.4857730678954 0.539722167161032 0.519892430874658 0.484958143340395 0.500408565266433 0.573313358920872 0.499490393420327 0.435088728014689 0.438030540486362 0.406185027017871 0.429187553998156 0.43614618718852 0.484399707210807 0.460708401606482 0.431347272166615 0.466367523848211 0.457360772836214 0.480679165846518 0.482191590901515 0.48247509399605 0.483150829782498 0.471154976145595 0.474645581335385 0.487875185245329 0.494741225621598 0.426413136757075 0.42117100251442 0.470221772705386 0.445817972690709 0.438764642442377 0.48452982398989 0.504750937793784 0.554682884522005 0.510555741997911 0.384682472936116 0.463073353636651 0.41411980715685 0.382779265969441 0.400482049963258 0.418702729795333 0.436200268807566 0.460566642326392 0.421611898318023 0.453637671605694 0.478768710427133 0.462643263702988 0.465840592691519 0.472989600533189 0.468195574759659 0.480927719944941 0.482385814973619 0.460080985097267 0.413353549046498 0.495005851573168 0.490533731042341 0.494023269131096 0.485961672820339 0.444221309769462 0.495994507004511 0.462188276299388 0.404657424030539 0.432296034897127 0.459469131838245 0.442135490170518 0.42049411934559 0.413505280544516 0.451345763403012 0.42304913311033 0.497025037188281 0.428546582026066 0.445247642758337 0.42642322612805 0.494750751057892 0.503007017133234 0.448496086222013 0.519318598225228 0.478859243687101 0.504005008069577 0.490157625957875 0.479011327329171 0.469713475801213 0.496546613894755 0.418381515607519 0.405239032405294 0.418760296037269 0.47476037060849 0.368987277995708 0 0.397761988204556 0.450406390063102 0.42153355109572 0.429573302949087 0.334891528815931
"visnupurana_amsa-3_u" 0.366562710564412 0.404145355926596 0.424182839707492 0.404746584715108 0.397888270270378 0.442954568117738 0.373067052905371 0.373636115302512 0.383124937775523 0.399631660055625 0.444828897112368 0.399064339695956 0.39738731684448 0.394923356660154 0.319712244172868 0.387907468846221 0.33238617012834 0.377883970974858 0.333070388678121 0.34836875952826 0.382868066792762 0.344145316270433 0.357393075404154 0.348748999755578 0.325332569849553 0.394625833205492 0.382658047772966 0.417541696103068 0.433055658735357 0.437968378909288 0.378472738993503 0.338494184528315 0.53387090804635 0.438726257413181 0.507616267966048 0.469521283817849 0.457721901434547 0.456667282761989 0.569408492914956 0.452080493255824 0.384841106229551 0.360284561815303 0.337152683255274 0.360672978472871 0.378281790799875 0.439654139879615 0.402895455960002 0.375974416498072 0.413980445705625 0.38953151857292 0.431181505582376 0.425227802215796 0.432135312973726 0.433001580263201 0.416192924646351 0.413180466445933 0.429807214631684 0.450699992614782 0.356403670221612 0.357429623117611 0.394287438762022 0.374165883118455 0.377690042934246 0.420231167393219 0.461155730437508 0.527170559296465 0.469495615663482 0.314022629734378 0.412551118704239 0.366653096509802 0.313725746151821 0.325838698804416 0.330319843557224 0.353436408132846 0.397021657208994 0.361557773934365 0.378029008909052 0.423470319048858 0.416796111923351 0.405541002516444 0.429935955781347 0.421368037025191 0.431680377268163 0.442685298136364 0.41047972720985 0.346739545399114 0.419362854371574 0.404590672258538 0.418936819826185 0.441326675785225 0.37617861028963 0.436033988162778 0.432914515619508 0.325997494722891 0.351398642051843 0.381315737822183 0.383805289722137 0.345061143614774 0.35737951483027 0.388740804008933 0.366678191836332 0.460993131417492 0.36498188028534 0.39312680926183 0.355718554480006 0.445583460866247 0.456689938473503 0.427017798086914 0.495016501126927 0.459597670170392 0.463368153436011 0.426913885710882 0.458469601320328 0.429397527093102 0.418595559319674 0.355420177966659 0.338565946058311 0.329284670211122 0.432143850932019 0.337331149310654 0.397761988204556 0 0.380238636308589 0.430933712083364 0.4365497110881 0.261464659269548
"visnupurana_amsa-4_u" 0.410119824836157 0.403880728590231 0.429959340704868 0.416529303002266 0.405017817612457 0.404319778167369 0.391150097453072 0.405341246043577 0.388416059013692 0.360256831435224 0.455658266040098 0.39900577844236 0.436028940451146 0.396208248215173 0.373648160075163 0.430915669829946 0.347124059032997 0.379267317734833 0.345646746661784 0.396868821459408 0.43323035952618 0.385747749919791 0.417121544157954 0.395561699759682 0.413393699950419 0.432192309467509 0.411075931001465 0.4408773721864 0.456538618131296 0.441812160081075 0.395481659015056 0.385871507455419 0.558664052997805 0.417312166666837 0.505100072503788 0.437207561933779 0.479315490324616 0.477568705950988 0.551058069898514 0.433442611769697 0.397679628275985 0.419899067710992 0.388610599523735 0.414035119259482 0.38911859642596 0.440370588084294 0.423735747955447 0.396144522585073 0.432724991106817 0.4147028476506 0.440565961737229 0.444689312259702 0.436121037379655 0.439346266463499 0.425775316679146 0.428466801027691 0.445709303756816 0.469961352596086 0.407038982521307 0.410524597336684 0.456567436155657 0.449446199799973 0.417787037084106 0.445692579070525 0.456967064440395 0.551668669231962 0.501371077494434 0.352210746410865 0.437856780097803 0.390093250833486 0.350166112415828 0.365000768093491 0.38277144747857 0.407059302162289 0.439593276592007 0.395666796834581 0.38217634648243 0.420271558467227 0.42494699269574 0.425618504041669 0.44622112335989 0.441259473066385 0.445717278166965 0.456807336386035 0.424102849184627 0.384908164431627 0.466872734731557 0.447296644102513 0.403491932432104 0.492393834897509 0.407425988930463 0.428788325700812 0.449852669506267 0.38350101971214 0.386776543883388 0.437143884311925 0.417071003065918 0.375920276064034 0.410638174381172 0.439079489837051 0.396427368441703 0.503978884204859 0.387925942052937 0.437563014885021 0.370270750739254 0.481786392063983 0.506110011386927 0.440526447110378 0.496624492053239 0.499140419407844 0.482160064007288 0.476857880753664 0.46046227511338 0.45919442855732 0.483163609527365 0.415125204309464 0.38847858999978 0.398833179244668 0.461079060206542 0.38399544681492 0.450406390063102 0.380238636308589 0 0.434891818794303 0.478754009437969 0.2552178308918
"visnupurana_amsa-5_u" 0.456026530480262 0.453804812857868 0.47566688244836 0.458597760927153 0.457596107103153 0.475494058882128 0.436594161982451 0.442718047002338 0.43322985639391 0.454538739856583 0.477869234090046 0.430780414842918 0.464226228181787 0.454418378603338 0.42168619076757 0.45889456680267 0.409352107239515 0.42755720102048 0.402314668800124 0.433363665908113 0.455642927494193 0.417719425067425 0.440352008283721 0.425140784009739 0.434951073590913 0.452426983231249 0.443424001791854 0.451540342720783 0.495529200977807 0.478925524357293 0.424736058773443 0.427253370896022 0.5746048666714 0.499213941685079 0.557829287633962 0.515968134377788 0.515804726173963 0.529364077141034 0.597259013721634 0.512863061146504 0.432248716847009 0.447402945248522 0.422949060762027 0.439507947819996 0.446915713880329 0.48020096526492 0.463915364895071 0.445120648719374 0.472660118100091 0.461388882082977 0.482548079915736 0.505700816083422 0.483999328761678 0.482730266225707 0.477426893221633 0.47809465193762 0.487044039615907 0.504340626690933 0.450982459655062 0.45079063896013 0.500228037686103 0.486175431828836 0.460696613759145 0.495986752408373 0.497771858978284 0.56940014882902 0.531329918854961 0.407518902867704 0.455752327290984 0.437637528800861 0.400916921485889 0.407231130543647 0.430883255052256 0.448792363125166 0.475935375557628 0.424425481445411 0.452629735477742 0.472187015309018 0.479368881931003 0.476489174833498 0.476069278258056 0.47379403832488 0.481506740372547 0.480745370109154 0.465329797647675 0.41402487919762 0.501049102731991 0.494227180128771 0.486952228429229 0.505445138467632 0.432574616098486 0.495159607749601 0.455333298052602 0.407803050486217 0.436419483543283 0.485328492087158 0.453670190689963 0.417076051962384 0.437130699468181 0.473244148368239 0.437227744567025 0.52541529416967 0.428616015102963 0.466521619080286 0.41920521550197 0.511225051858924 0.522709238725248 0.467205506665463 0.523253200924186 0.497520814643766 0.510934492607863 0.510172199362868 0.484610261463771 0.488655327606148 0.49994672410574 0.426062977412688 0.417535518411048 0.429276498395797 0.472372973686471 0.366429168830002 0.42153355109572 0.430933712083364 0.434891818794303 0 0.432797857710108 0.318536482801093
"visnupurana_amsa-6_u" 0.508944650006615 0.48015032574422 0.49985371984446 0.492784975724204 0.490896895210616 0.520664786351284 0.47241334983699 0.474723139774733 0.475622412239929 0.485409182729194 0.525296142736048 0.484275971942767 0.482073008526954 0.476778946364035 0.465791255904648 0.47606688758309 0.450925138516492 0.490522836443572 0.459359574253315 0.471404600037411 0.484178944172618 0.461737634688721 0.489808308617236 0.476628702163517 0.475784275499467 0.499679072032757 0.495381776665295 0.504912680557424 0.5239719817563 0.524091158936075 0.485470752338072 0.481131683859401 0.584731397408021 0.518419066362164 0.579448320694461 0.549048451655443 0.527270663006305 0.538961472437606 0.598107401114926 0.536108280579905 0.473365379235826 0.470664225266578 0.45772961466727 0.483694778738864 0.48430210687692 0.532832730182982 0.499939887148587 0.484318650877491 0.5123492036729 0.494433969202028 0.518802055764525 0.525412672079876 0.521988587164112 0.519034709993855 0.510590832355988 0.515886492315022 0.52346938299009 0.524779220927943 0.477226818539947 0.48111634623205 0.51606871560829 0.507277887454729 0.485644052646949 0.512889237670392 0.535336004409139 0.580591001014328 0.551981542197515 0.446717265944031 0.512780419698576 0.463496528534817 0.445634583754534 0.467883650664819 0.469019413828457 0.48101893599898 0.521308218062616 0.472972818924968 0.488240072676043 0.50172424858081 0.510423614394681 0.509076737637317 0.526041574006259 0.516885658696551 0.52952564936739 0.533766191092775 0.507528731943226 0.465030812573647 0.528083833806419 0.510272559860538 0.521799728972077 0.527968805568391 0.478405537416986 0.528213823720263 0.490906295320161 0.45733517360097 0.473442399590419 0.499465700800013 0.48069709336714 0.467171132627047 0.483033273438683 0.490293998340906 0.47266531187934 0.52661040252526 0.482316981541711 0.489239076751705 0.472334599826036 0.521782382063811 0.545273818147712 0.503056224866373 0.564817597095063 0.514080644145296 0.542217738875813 0.52533063553829 0.528764453852074 0.505016968460869 0.533882269795047 0.47380341246439 0.467503243493218 0.462808544165295 0.519968919750938 0.4076728360896 0.429573302949087 0.4365497110881 0.478754009437969 0.432797857710108 0 0.378394719129096
"visnupurana_u" 0.348583452116246 0.348748416116585 0.377658202566148 0.35522722530532 0.342614416622743 0.387196243644071 0.314710787299193 0.32427990452892 0.31959413428069 0.324051174481402 0.413159742776175 0.33718312297232 0.365303981939992 0.3398386595903 0.289215025781287 0.353301485483409 0.269989289570208 0.325995620664127 0.269948146071659 0.306965392921293 0.360396281976336 0.292496108334364 0.339122286912294 0.31720669733461 0.324985758390411 0.363810389964171 0.344391108422468 0.373292144941952 0.403326382699355 0.393050564837548 0.327319732718986 0.301125892424289 0.522101926660576 0.392676393045787 0.480526779010589 0.429956022099447 0.425899214120304 0.438746571682915 0.531582688383353 0.413692964651333 0.321587135828103 0.339003220936723 0.297890536510889 0.333614354722789 0.321396415501862 0.399962133508788 0.361642162845211 0.325203702266272 0.378240262435009 0.350905172123877 0.393177741498397 0.395090731234879 0.393031512058944 0.393870898035154 0.378251619719444 0.377504263176446 0.398671470985778 0.419999717993895 0.324985507883192 0.32403434937138 0.394060168341426 0.378460523959245 0.34510514649669 0.393551983428572 0.423054246631703 0.507039653983888 0.454120880148261 0.254010626262737 0.376984656097676 0.305684038064296 0.245783895152002 0.275763721666025 0.303474875396817 0.332951726735137 0.37441546396795 0.311100392930899 0.32625343752854 0.376218054652538 0.371571753051341 0.366633343035942 0.39093599403203 0.385606358756737 0.397282179329749 0.404327553487197 0.36509977516434 0.296433212445928 0.41319136274584 0.396986985697885 0.371875468076649 0.425627880777683 0.325616964067052 0.397492278703792 0.375973155567379 0.285653940592985 0.310496780886745 0.372742622878956 0.34569580702756 0.295649884625946 0.32615923884169 0.370430392696166 0.315080379431488 0.444954369528541 0.309941146434488 0.362426296933999 0.294974393720943 0.426996736667638 0.448998630783482 0.379228289033987 0.462598528571399 0.432703624935665 0.435273678675536 0.420710375443458 0.412403204471302 0.40042773392648 0.416688254589713 0.32081752203788 0.29661388386148 0.301960821914846 0.400415176834265 0.215702508619215 0.334891528815931 0.261464659269548 0.2552178308918 0.318536482801093 0.378394719129096 0
