"agnipurana_u" "bhagavatapurana_skandha-01_u" "bhagavatapurana_skandha-02_u" "bhagavatapurana_skandha-03_u" "bhagavatapurana_skandha-04_u" "bhagavatapurana_skandha-05_u" "bhagavatapurana_skandha-06_u" "bhagavatapurana_skandha-07_u" "bhagavatapurana_skandha-08_u" "bhagavatapurana_skandha-09_u" "bhagavatapurana_skandha-10_adhyaya-29-33_w_commentary" "bhagavatapurana_skandha-10_u" "bhagavatapurana_skandha-11_u" "bhagavatapurana_skandha-12_u" "bhavisyapurana" "brahmandapurana_khanda-1_u" "brahmandapurana_khanda-2_u" "brahmandapurana_khanda-3_u" "brahmandapurana" "brahmapurana_pu" "devibhagavatapurana_devigita_adhyaya-31-40" "devibhagavatapurana" "devipurana" "garudapurana_khanda-1_u" "garudapurana_khanda-2_u" "garudapurana_khanda-3_u" "harivamsa_appendix-29-30_mathura" "harivamsa_appendix-31" "harivamsa_appendix-41" "harivamsa_appendix-42_pradurbhava" "harivamsa" "kalikapurana" "karatoyamahatmya_pu" "kirfel_ppl_textgruppe_I_col1" "kirfel_ppl_textgruppe_Ia_col1" "kirfel_ppl_textgruppe_II_col1" "kirfel_ppl_textgruppe_IIA_col1" "kirfel_ppl_textgruppe_IIB_col1" "kirfel_ppl_textgruppe_III_col1" "kirfel_ppl_ungrouped_col1" "kurmapurana_khanda-1_u" "kurmapurana_khanda-2_u" "lingapurana_khanda-1_u" "lingapurana_khanda-2_u" "mahabharata_01-adiparvan" "mahabharata_02-appendix-21_sisupala" "mahabharata_02-sabhaparvan" "mahabharata_03-aranyakaparvan" "mahabharata_04-virataparvan" "mahabharata_05-udyogaparvan" "mahabharata_06-bhismaparvan" "mahabharata_07-appendix-08_sodasarajika" "mahabharata_07-dronaparvan" "mahabharata_08-karnaparvan" "mahabharata_09-salyaparvan" "mahabharata_10-sauptikaparvan" "mahabharata_11-striparvan" "mahabharata_12-appendix-29_moksadharma" "mahabharata_12-santiparvan" "mahabharata_13-anusasanaparvan" "mahabharata_13-appendix-15_umamahesvara" "mahabharata_14-appendix-04_vaisnavadharma" "mahabharata_14-asvamedhikaparvan" "mahabharata_15-asramavasikaparvan" "mahabharata_16-mausalaparvan" "mahabharata_17-mahaprasthanikaparvan" "mahabharata_18-svargarohanaparvan" "markandeyapurana_adhyaya-1-80_u" "markandeyapurana_adhyaya-81-93_devimahatmya_u" "markandeyapurana_adhyaya-94-141_u" "markandeyapurana" "matsyapurana_pu" "naradapurana_khanda-1_u" "naradapurana_khanda-2_u" "nilamatapurana_au" "nrsimhapurana_pu" "padmapurana_a" "pranavakalpa" "ramayana_01-balakanda" "ramayana_02-ayodhyakanda_a" "ramayana_03-aranyakanda_a" "ramayana_04-kiskindhakanda" "ramayana_05-sundarakanda" "ramayana_06-yuddhakanda" "ramayana_07-uttarakanda" "saurapurana" "sivadharmasastra" "sivadharmottara" "sivapurana_dharmasamhita" "sivapurana_karvanamahatmya_au" "sivapurana_rudrasamhita" "sivapurana_sanatkumarasamhita" "sivapurana_satarudrasamhita_au" "sivapurana_umasamhita" "sivapurana_vayaviyasamhita_au" "sivapurana_vidyesvarasamhita_au" "skandamahapurana_himavatkhanda" "skandamahapurana_kasikhanda" "skandamahapurana_revakhanda" "skandamahapurana_sutasamhita_khanda-4" "skandapurana_adhyaya-1-31_pu" "skandapurana_pasupata_adhyaya174-183_u" "skandapurana" "vamanapurana_saromahatmya_u" "vamanapurana_u" "vayu_ba" "vayupurana_01_frame-and-cosmogony_iast" "vayupurana_02_pashupata-yoga_iast" "vayupurana_03_kalpas-and-shiva-lineages_iast" "vayupurana_04_bhuvana-vinyasa_iast" "vayupurana_05_jyotis-and-purvardha-close_iast" "vayupurana_06_prthu-and-prajapati-lineages_iast" "vayupurana_07_shraddha-kalpa_iast" "vayupurana_08_manu-candra-vishnu-vamsha_iast" "vayupurana_09_upasamhara_iast" "vayupurana_10_gaya-mahatmya_iast" "vayupurana_revakhanda" "vayupurana" "visnudharma_pu" "visnudharmottarapurana_khanda-3_adhyaya-343-353_pu" "visnupurana_amsa-1_u" "visnupurana_amsa-2_u" "visnupurana_amsa-3_u" "visnupurana_amsa-4_u" "visnupurana_amsa-5_u" "visnupurana_amsa-6_u" "visnupurana_u"
"agnipurana_u" 0 0.510889890220178 0.536061627773914 0.521781402329248 0.542412228856732 0.548766430534536 0.561553094349614 0.582397731974325 0.569949813459905 0.54438739742885 0.618527086818534 0.554599164656095 0.546587323662788 0.44376856542804 0.307607529909335 0.416272086870577 0.366791467828868 0.336644380346011 0.331686585545574 0.358739115908401 0.470927313171393 0.384590498098589 0.314338319761127 0.190897696650127 0.356957878747954 0.45803591064253 0.373779683797757 0.486933931692232 0.436888448359003 0.453251302365504 0.406768471295356 0.398925622180931 0.564191773029612 0.446551629457064 0.530300284188692 0.380075955037584 0.408695511670282 0.492857311739573 0.446210804128035 0.457549592958744 0.380482706390501 0.37700164058273 0.334323150665231 0.295604080433504 0.47307760588991 0.448359980624009 0.437598015256465 0.465060905611092 0.477862073557713 0.450073080217746 0.429723120487871 0.439350496767437 0.466485006303556 0.445045337228097 0.444447960661097 0.454947878741578 0.471690737487936 0.460608500527542 0.415762399428584 0.41149762692537 0.393041783508631 0.440742817791098 0.442726596554662 0.486437868318937 0.510354676536813 0.525047460098362 0.478287307556324 0.404662582530002 0.48615389453122 0.520820263815524 0.437939129057291 0.302595489502924 0.268942582969853 0.47423949193585 0.387339077920352 0.442923499318472 0.466737588977279 0.581001519731849 0.473740247247527 0.46425677701845 0.495007935382002 0.45406535445089 0.521724257936811 0.473546391544262 0.506037891083725 0.425912534570073 0.528846410967985 0.4061112014957 0.421505730516367 0.48373505830407 0.498185404776802 0.411980519933752 0.552561639088317 0.361666774548097 0.360868450551795 0.348647684367613 0.447140178013226 0.499618859655136 0.356518169135842 0.445600787649101 0.463520933548793 0.41355264095367 0.45127542506242 0.462005397758925 0.439313227862398 0.423058933369523 0.419070610411983 0.440891200293404 0.441054403730748 0.448639519803354 0.411393090118176 0.467906368830999 0.425782663735629 0.439595597533657 0.416088108075902 0.374208438220311 0.454746362749974 0.39594776129429 0.414305029680759 0.476427772204739 0.440191803690677 0.390178001131931 0.371191259770209 0.496052487843991 0.503531589101946 0.46848925898425 0.414983549025108
"bhagavatapurana_skandha-01_u" 0.510889890220178 0 0.330375933026733 0.283720968905237 0.237289031673666 0.368100286252164 0.31943221573395 0.319025669447865 0.312750578909005 0.34366667861614 0.532640155590975 0.270804656048845 0.341415569291968 0.312571344434945 0.444205361221646 0.59244336556059 0.497804364049549 0.500267038950009 0.51791936710868 0.44655321791864 0.47004172111154 0.40631468544958 0.488519208840266 0.509419036664413 0.444233449797395 0.559905744647306 0.467005771374828 0.431290219984674 0.495152683289711 0.558733402517893 0.454326076596255 0.43706207119734 0.548198517596527 0.565245195543332 0.652154420066101 0.555564669677192 0.536691304599457 0.605781332445885 0.574055847043272 0.579437561863129 0.440116798760717 0.479299829106409 0.540011790460237 0.526723339454604 0.438085175987214 0.542859842083627 0.420815553807763 0.416596240294373 0.399172813391807 0.416952256734646 0.46097355950945 0.459894894157594 0.450285301399753 0.428000877942686 0.499174809857227 0.448792899482565 0.398065213095993 0.494672895802418 0.419635881939477 0.44985207516459 0.507169477835603 0.545502374968714 0.447307204827424 0.486509379032153 0.555847901314497 0.554536529172285 0.500274863559225 0.424276318381016 0.492926526983491 0.472903075124291 0.425539897918609 0.468962482846481 0.445632821470828 0.403527752332887 0.566514949343466 0.4064091712892 0.386825842625471 0.545467776736404 0.483577746351443 0.448293503414313 0.432833068902136 0.457503489510984 0.455986449303611 0.432940149727237 0.440978851073127 0.407335840559182 0.525197531848929 0.494287363468796 0.411897363193985 0.508055587674419 0.42042683572902 0.453577923151828 0.420520940966376 0.448151631608523 0.444696791072267 0.478694903232079 0.496773512694838 0.394477919020626 0.448396046163407 0.531745250454446 0.501364515234636 0.474872391272368 0.454389359424736 0.477734935847892 0.462535312304211 0.589515170060693 0.591709109970127 0.593806229348252 0.55558245760757 0.644751066540353 0.60448286693452 0.643468387543087 0.585290588245641 0.578594487238688 0.585930421434705 0.472436282371441 0.429684025703874 0.563450467286621 0.444211514486846 0.447540222164745 0.457374844780898 0.44709301625377 0.511610845537508 0.550669267145796 0.410095251417022 0.428083119730473 0.412291449412474
"bhagavatapurana_skandha-02_u" 0.536061627773914 0.330375933026733 0 0.324868719143136 0.343369215198189 0.38482923770857 0.375466712301617 0.370013931852143 0.409765299633468 0.395615251894789 0.527907211650366 0.380855859101228 0.315182240625718 0.381958829722357 0.479538610187596 0.618946225148835 0.552505573441796 0.524823930847227 0.559815066094681 0.508848206911779 0.467481406225114 0.452931930398086 0.505711505051708 0.51752870013997 0.445950903369021 0.562824534814267 0.543886940560366 0.512231878233787 0.573864631885737 0.635979691279748 0.543743413842073 0.499405426818194 0.531551306495498 0.6208111156086 0.682809233331371 0.597140374058206 0.578552717729155 0.629479785404872 0.607510755138137 0.623093805660292 0.500009590993613 0.487518186364884 0.572967664092105 0.553503641176373 0.512551186396887 0.614053911262233 0.50738425867396 0.501308964452823 0.494941543781278 0.486001009184684 0.552755160875963 0.558243610010816 0.540236013165136 0.542936437066693 0.596540254163154 0.505493764235592 0.500789693840415 0.517041581657239 0.48677298520298 0.498787829536158 0.514651976580544 0.56562538159393 0.512091033630248 0.554345386182703 0.599801910994152 0.583059900801221 0.537003600975487 0.473798312119067 0.568128391521563 0.502253670959192 0.476327729350319 0.522588003182974 0.460313580686229 0.403784293859733 0.628947892020434 0.471254951738837 0.460216886119137 0.551210258600389 0.544126974815488 0.512040240851934 0.504845592159865 0.526361579125596 0.526042230843308 0.542282128954777 0.539961345639551 0.420583838932617 0.536161283329434 0.51190880611265 0.471991060740752 0.546438707158624 0.486606833835698 0.501906295514796 0.48905632105641 0.472431677785033 0.486307369938143 0.501645613113267 0.580822167820341 0.407021633181246 0.497685453709036 0.526152889010282 0.569580138962086 0.529178187302385 0.546689636314067 0.504813117034821 0.532920515140542 0.624241212717269 0.614048499390869 0.589415279556125 0.581794096067574 0.652100986205362 0.635536196352525 0.664660115998464 0.609405720062195 0.629846480518495 0.608645622764733 0.497447152856423 0.477763341293074 0.60270422983882 0.45676965930013 0.51289000853158 0.505107782985329 0.487893618051062 0.50308794596226 0.57548890639687 0.490118010415108 0.448953553009589 0.468609927357963
"bhagavatapurana_skandha-03_u" 0.521781402329248 0.283720968905237 0.324868719143136 0 0.229069575124378 0.35485235527725 0.330910679148058 0.332053514038027 0.338797163851451 0.342269740004401 0.519803701118149 0.283202591783788 0.357135505655627 0.345390581301509 0.436128321286864 0.582747381463102 0.482786266430261 0.502656541747785 0.502719565493743 0.469390078992171 0.488945700929171 0.43755799931273 0.465995592141458 0.508282563937612 0.462731349395009 0.57178066575164 0.471440141913846 0.468001686030572 0.525165448522114 0.57868391894116 0.45635575438081 0.448904602027967 0.552908750109753 0.566830144269232 0.643341316005615 0.543454781547478 0.52118694733911 0.586283027303853 0.5812315939283 0.547608445471501 0.445490278356408 0.49419480719293 0.535110204188522 0.53453841129179 0.48128729506115 0.539647500877245 0.47159931155521 0.460782354984692 0.456990621935633 0.446865932919789 0.505739595763101 0.494769425937518 0.492010900633957 0.477149257857089 0.537717124774815 0.476337863544736 0.462278576031282 0.52872400138176 0.449631587251274 0.468588702909325 0.508696281515012 0.578173286402971 0.481089832838966 0.520774535087146 0.570864879793268 0.569795771236969 0.518236591931508 0.454469114692868 0.502840255889957 0.482615885651502 0.445494321767049 0.481067539322809 0.444447154851052 0.406055045787683 0.589835163042282 0.403449045669041 0.411772946662868 0.532566930300434 0.49160962950086 0.4742569728654 0.467766610199286 0.501378076636382 0.515913360417807 0.475084445289328 0.480736921641248 0.410585013522833 0.540936485573227 0.538063492254722 0.418387447262788 0.559672222838991 0.426790199550231 0.465352731059402 0.446101585584086 0.437926930495135 0.474793598938091 0.50427178527839 0.531055283794855 0.411361551115781 0.474813637425462 0.549884247071247 0.512443308221478 0.507115218844131 0.473245601534124 0.467462146456017 0.460289265252939 0.579821683505006 0.570733513720864 0.595686666839826 0.549393137374557 0.651482652300989 0.605506738920691 0.637339897933317 0.583134684478524 0.57351358891712 0.577049150152235 0.476535286543722 0.466604869382771 0.557259010823227 0.428804853324181 0.490226961054734 0.446563676600023 0.482164290711249 0.513402857035533 0.55103332148431 0.427594867063164 0.45236468569193 0.437003451614912
"bhagavatapurana_skandha-04_u" 0.542412228856732 0.237289031673666 0.343369215198189 0.229069575124378 0 0.336295015365095 0.321070550218784 0.304806692565077 0.306233277108939 0.325309640308725 0.50199230201011 0.259501391299432 0.343666731357257 0.368790315817208 0.45414285155435 0.605164009344819 0.497182107987089 0.515652183990085 0.526545750034744 0.459663221978745 0.481177057182515 0.432647892464226 0.482790203547761 0.534771778589296 0.453102921367221 0.561190988178013 0.477369561589203 0.471497611117906 0.530984409472565 0.569873357137542 0.456255770117224 0.467428637721988 0.547922410920803 0.559435623818055 0.659965537925358 0.554553678506414 0.558540580775027 0.612582163862875 0.579100204307996 0.571676294501908 0.449241803813003 0.506841809209239 0.551810508008437 0.544873766770344 0.477152905215516 0.553477129679938 0.455643760841428 0.449505446470186 0.446962328040617 0.442103721203354 0.490218547708033 0.486721250851838 0.469855083582551 0.467418403096276 0.529545406170207 0.461929040816874 0.427878540365247 0.519464419358914 0.441144767761533 0.468751706408777 0.507040336511209 0.56966916129739 0.485528584651707 0.522336807544496 0.582876135264752 0.582972413468057 0.514658682885467 0.458269659688712 0.52110253378405 0.487299308361073 0.449691964626221 0.492715404163244 0.451311034497802 0.39390903507255 0.58353986520464 0.422672386422875 0.41312615686106 0.535393197638915 0.484276343755467 0.462634767923224 0.438648846753808 0.465302803488985 0.469117173849559 0.437264496781185 0.458972211637785 0.408247424436824 0.514326804951464 0.487968314228205 0.405972842923648 0.544926790891149 0.446058244174833 0.467278639455697 0.455238482089012 0.43843507121802 0.457887808562473 0.501321794842174 0.529658044078446 0.378620779070963 0.482428422787127 0.534668121016668 0.524838673768689 0.491017856927529 0.466191925805045 0.479567904073887 0.461565237732377 0.591507467452782 0.607647755661891 0.599876749417925 0.573026564391912 0.648684501468707 0.623168894101625 0.651284278080257 0.58848133274712 0.577701107875286 0.592506916909054 0.485769249473439 0.466244094993463 0.568821254447187 0.428114094411162 0.520828794886221 0.467691384348993 0.492465910266011 0.51688040874234 0.56296673916266 0.455514489270468 0.458209255425404 0.439364792711406
"bhagavatapurana_skandha-05_u" 0.548766430534536 0.368100286252164 0.38482923770857 0.35485235527725 0.336295015365095 0 0.349113742098712 0.369572925049587 0.432911116809939 0.373806388958265 0.466511032185728 0.349564416273695 0.370342645710719 0.336746711154913 0.419200872920185 0.587591365546225 0.500515063828209 0.477769277910118 0.506867482019027 0.490391597507779 0.464459475585628 0.459297878174834 0.471465521450707 0.49462006990384 0.448666380670712 0.535613889025631 0.520704147519881 0.470564108009173 0.573300937767586 0.614183986640571 0.507413148819953 0.466417383495814 0.5140222980844 0.577154437144006 0.656386933673945 0.557045317906143 0.586209822333559 0.603600094910922 0.573595810530618 0.601546890663806 0.471646748327038 0.499794402941167 0.518805112034664 0.486819224994781 0.516019583299253 0.595569369076464 0.513323714041893 0.497760230207166 0.518262065568226 0.488983872146525 0.549002495451711 0.513251926033054 0.548863251014799 0.541267943064093 0.568674330304427 0.528555429967832 0.487027541745816 0.498128842028237 0.476955815789383 0.509249681909239 0.534901351456275 0.587846174446986 0.512834385880494 0.54337456065072 0.591718786736971 0.609950644087875 0.557579684041258 0.459514027346882 0.537434191138025 0.515989514809229 0.462519932869607 0.487297347119738 0.429759910515964 0.474668004797645 0.603918131863302 0.438669562902335 0.416462616651977 0.483834010118344 0.545970304942715 0.527947476310564 0.52989865809728 0.554418340074803 0.556656511913931 0.546040751899032 0.537719931598121 0.377421079128885 0.566924649887869 0.532929803062163 0.43556400034519 0.594917233417436 0.451975581507835 0.456342330012387 0.465122297992608 0.4381588925956 0.439492929686013 0.433118522586915 0.572911326921807 0.374064922508201 0.494386228177167 0.50050212933577 0.552126920506336 0.527584435387275 0.517254676548518 0.514424923009283 0.501402374542209 0.588115918453184 0.606390212763944 0.552641183908118 0.547954796625615 0.624625878873557 0.61026709004922 0.630287833876387 0.553320946217331 0.580536208239986 0.582511507413435 0.506604680339652 0.472179339566522 0.556587405602399 0.501838752133516 0.50282772808116 0.503605082009687 0.468210055924938 0.501868621773285 0.517200753853127 0.470855985838112 0.465239279359757 0.433749596152751
"bhagavatapurana_skandha-06_u" 0.561553094349614 0.31943221573395 0.375466712301617 0.330910679148058 0.321070550218784 0.349113742098712 0 0.219889073619456 0.266689621787516 0.33566233159377 0.521696902510323 0.278895808984665 0.25973507611619 0.34018404636396 0.444088470077555 0.582605218530149 0.475289225819985 0.491611578831609 0.495319113258412 0.452988822746307 0.44549581760431 0.412306703181424 0.499575270197633 0.507816554541059 0.38841569336664 0.519407536545723 0.480765036857025 0.461137588787626 0.528402803025253 0.595888902823638 0.473794973753499 0.454162602562159 0.524433182030192 0.55707921015078 0.639514762131817 0.548395364953393 0.554067674676988 0.596451031768048 0.582429976915554 0.55641537246906 0.461293509443641 0.463550185554329 0.522310515441868 0.537175352130863 0.421088749984846 0.560152653921033 0.395994955561117 0.400830686848517 0.403183177172464 0.383597982019354 0.508565351789729 0.473671579943589 0.49552934506623 0.494731102337627 0.530595344048811 0.44089788214766 0.417994394021108 0.470455756014073 0.37810880514899 0.407220004670785 0.501271216488638 0.521508897108564 0.435201147433919 0.486290037540219 0.548358724307058 0.523708088080037 0.497730559784121 0.428964869139695 0.48654452733695 0.446720804693655 0.413431804824298 0.474820098875797 0.46929948061302 0.38856706884242 0.567666044121144 0.405731187884524 0.395811258895817 0.575341697212376 0.467417186325723 0.459290340627659 0.486757069244995 0.467757444326243 0.486915827237237 0.485218262295794 0.456150800187287 0.375631512573746 0.541314941842571 0.526458387157935 0.435937069568516 0.509811155583326 0.414073147286516 0.472631118768728 0.4027384808672 0.438223657154563 0.455751497529396 0.49179243064869 0.534333413774009 0.381943303290544 0.449548794365248 0.515796074054581 0.507522900235335 0.507508381750589 0.462005452334705 0.466756833564025 0.455882571339165 0.570393956583572 0.577563843225972 0.546933794717076 0.530312108268308 0.644412525096031 0.592550090421472 0.625192651601029 0.576973385074031 0.566247936645081 0.563535729604589 0.494523122912967 0.38356123773931 0.548503267076662 0.432701167370688 0.459119729777543 0.398317625212892 0.45255581461569 0.478132145512359 0.545116181309467 0.377752699512182 0.398842627234564 0.380428847854065
"bhagavatapurana_skandha-07_u" 0.582397731974325 0.319025669447865 0.370013931852143 0.332053514038027 0.304806692565077 0.369572925049587 0.219889073619456 0 0.255879459181133 0.331161754721473 0.518985625179841 0.246213377456504 0.262531519448846 0.370600071065221 0.493071740337534 0.626774187712348 0.540956891197655 0.530499559482869 0.554137023865087 0.513160944089505 0.470326286461839 0.44325275616045 0.524207545099834 0.545914993805197 0.441308127375843 0.542372529361164 0.529157654141557 0.495735438039766 0.595031283218777 0.634374482350577 0.536088002404209 0.512715958118921 0.526980053943712 0.612171568811367 0.687598819635102 0.604252952440315 0.588510483886971 0.64689264257025 0.621023917554904 0.615748003358358 0.510899509779682 0.519029915545373 0.566648121562824 0.551691829518599 0.482924425440035 0.618482862779803 0.455887900103721 0.473371623824635 0.463969518290781 0.452457341207802 0.559389267662231 0.517119506601967 0.546326403276679 0.545804770107918 0.599227589747845 0.492269178188077 0.458385081064228 0.53776552816108 0.434507002106403 0.463673673193945 0.532281836084185 0.571837790740168 0.489501232512667 0.546738192928367 0.613685659558508 0.557244649638096 0.534677075741857 0.480699628178948 0.534721119763283 0.511815184705072 0.475277981772321 0.529931579256164 0.5060286019813 0.431064869409221 0.606967461190836 0.46020215573919 0.446360526244842 0.559542072354079 0.544557956674772 0.502481330600808 0.514853185320898 0.519123798083035 0.528281437300078 0.53064165881531 0.526779844978066 0.426085451333763 0.596832728378105 0.542239488961207 0.481545027609828 0.562589358421596 0.46376300752563 0.517402869690841 0.453621200804252 0.472164313209792 0.510806406004987 0.507125363037929 0.539977115844908 0.43011221871729 0.497235180525192 0.534067006725052 0.55176541816959 0.543602898520961 0.527852505373858 0.521315485836306 0.524870295253239 0.625600371481412 0.630527864148399 0.603411608599736 0.589497056900569 0.671607824731944 0.645613554218321 0.669448573308691 0.606635024592788 0.619823576023963 0.62747542847921 0.522351881813547 0.438512122622686 0.60341962757748 0.47233683948506 0.492152353890981 0.444572661246245 0.50286330895068 0.514643975993778 0.5802436191502 0.423305042147874 0.45122524725439 0.43105897946317
"bhagavatapurana_skandha-08_u" 0.569949813459905 0.312750578909005 0.409765299633468 0.338797163851451 0.306233277108939 0.432911116809939 0.266689621787516 0.255879459181133 0 0.312010053028983 0.555314893561564 0.239308367011786 0.340642117795183 0.369243510646454 0.442270906727989 0.600293621041676 0.481822192108046 0.488850798609921 0.51455491801982 0.431648009138808 0.462979357539572 0.391560201428105 0.484250640939736 0.530300795009482 0.425237365864368 0.550560063318769 0.45903727247724 0.45279518049485 0.524512397038982 0.555513828331902 0.443467410892286 0.457218104712137 0.516359344465298 0.550441363481891 0.653844449546791 0.546269659691241 0.550443075120724 0.613426007145947 0.575785986897178 0.556728616501247 0.418657031129637 0.512356080502674 0.530076265230726 0.534129120152549 0.403235327263452 0.528483493102454 0.418631373007186 0.389841749816979 0.422622844266886 0.443388426872767 0.48171068688634 0.443092429063308 0.477397839536988 0.485361084152586 0.526094861154682 0.436780348616797 0.434302000479982 0.524268646288868 0.435071752624737 0.433965568496505 0.51933311406488 0.581365074324976 0.434309818219126 0.482214029406998 0.555303270253528 0.551542732050764 0.488776095716413 0.43368688666509 0.460943564745408 0.424986334854064 0.403076840147501 0.485576554709749 0.484753575138111 0.435132560723104 0.544439270894302 0.37539745958046 0.360781762158409 0.563207125972063 0.463116478062911 0.458924340157508 0.44280472619399 0.472506830761135 0.488601456475508 0.44932944871387 0.44306430914552 0.374153714488994 0.555730655199124 0.515465351083858 0.417566614793066 0.490066303330251 0.394643525047558 0.444569984184018 0.377558685929348 0.436068505493899 0.467662237833336 0.519062726773519 0.501800576069983 0.397827412526907 0.426083017070697 0.539965635054575 0.468910273238014 0.503224913218363 0.455451274468814 0.424908389117733 0.444278601083721 0.590449215040015 0.604077585488597 0.60198033510414 0.554238722678058 0.644647790038866 0.620149473168467 0.64280566669505 0.589648375407224 0.564037493989279 0.599164195544771 0.50914140845464 0.366039892369439 0.564241292206739 0.46363370368019 0.444518890363871 0.348832398387628 0.474656860431439 0.518859465172207 0.557821687365402 0.323916488468125 0.386266805060805 0.375166283418442
"bhagavatapurana_skandha-09_u" 0.54438739742885 0.34366667861614 0.395615251894789 0.342269740004401 0.325309640308725 0.373806388958265 0.33566233159377 0.331161754721473 0.312010053028983 0 0.550728030380762 0.277609425199165 0.397575460140608 0.294747480933064 0.415199475945364 0.571713280927835 0.455684828323334 0.479469834705974 0.486848071584241 0.435847840581809 0.432727476350347 0.414218025937594 0.50538081410949 0.487395467507299 0.426693906882378 0.537135105514426 0.477084900805688 0.462305504368549 0.541829141597496 0.589342479302684 0.456901337809469 0.438076741733369 0.545905064372394 0.503969316391678 0.636731308855294 0.509019860198993 0.515421001972338 0.567362118592244 0.536379659945252 0.520238295284282 0.415854322144856 0.487784101089964 0.520606273128809 0.506673401913153 0.45254896760279 0.534010002160381 0.468122933834297 0.446450322509205 0.463726296719535 0.473991651935326 0.506740683215809 0.441511404937169 0.492381989818128 0.501077358895644 0.529915345755197 0.466181313778614 0.468609254098147 0.547971012748131 0.454458722596021 0.477191611627334 0.555642681382617 0.563693370319506 0.46785905736355 0.517093967435542 0.534268571046708 0.585670333092129 0.536474918657611 0.418049807431378 0.504739007257345 0.462260783112294 0.42010260997949 0.469893193148944 0.443966387678898 0.445169218541292 0.564328616101984 0.375300997519759 0.390090978418222 0.554476218257572 0.472195996995111 0.496170362600362 0.461214323460751 0.487439118361475 0.496383170681261 0.469842893399176 0.468437382033207 0.371060640101862 0.564470606000661 0.531524020180515 0.41603229819478 0.542386094746078 0.414504464803935 0.471407143900039 0.425060719428509 0.421614208571445 0.437349107086495 0.475591535152935 0.528406620979686 0.393490599913206 0.476003982312045 0.546415742037903 0.48616117801375 0.519034279486362 0.476486282516354 0.444293599060335 0.437442178152705 0.563230370597783 0.581198262353461 0.572436338417311 0.527022926790084 0.626828453024444 0.591613786464587 0.623289712496592 0.585919862525913 0.513366407639212 0.583320989700893 0.477425330429422 0.428051970217406 0.541211843415221 0.495728328108781 0.437650670389931 0.417633106572184 0.452639869998226 0.496107563023091 0.460627371429649 0.406409146863733 0.434888717841559 0.370144811489545
"bhagavatapurana_skandha-10_adhyaya-29-33_w_commentary" 0.618527086818534 0.532640155590975 0.527907211650366 0.519803701118149 0.50199230201011 0.466511032185728 0.521696902510323 0.518985625179841 0.555314893561564 0.550728030380762 0 0.514131257332419 0.531182271923912 0.508984300210607 0.561221327362982 0.660962426837441 0.606567368140136 0.54790700935256 0.600697904656215 0.566180851530526 0.506288321794786 0.546651358010826 0.551152040553662 0.590692673936415 0.536185390868142 0.603089911818609 0.586019467537631 0.561740944948521 0.647751113741696 0.672206187914953 0.60830050492182 0.561325242164069 0.552699300699301 0.659565916252294 0.721417453598807 0.625752969090324 0.634178062660752 0.661490365532146 0.620752869080962 0.683645380243863 0.57397667431796 0.54620751731978 0.608588858578888 0.568175877415654 0.584130169559475 0.663825420461412 0.57919894908829 0.581679800998503 0.597035252928526 0.571972487567455 0.610612791199939 0.621013159879123 0.619667974202549 0.621099214891555 0.635975850610077 0.594085831581763 0.576668136744223 0.502309186461635 0.558637614140258 0.575363529220208 0.535490719149938 0.603804885855412 0.580792379203612 0.601758966824578 0.647178788664545 0.631319552765071 0.620988774155159 0.557732078474695 0.60399003182997 0.587338964800737 0.558288787323303 0.598957277367379 0.545862997356184 0.529918660887175 0.657445565795386 0.556377740752252 0.531862768813199 0.362024906004154 0.606603949112575 0.574458709562829 0.599485602970719 0.617969506296318 0.614360380859629 0.623871007300332 0.606157570198772 0.505974974424382 0.61965031148645 0.582484855534224 0.545764697479409 0.636225578778683 0.551757039212329 0.556133472407051 0.583095491062962 0.559231525356 0.488164953741332 0.515792956419883 0.655956870343362 0.401692370445958 0.59452656017091 0.546344277393747 0.631077623784401 0.552661303865977 0.602987274769188 0.596959148230021 0.592772178756775 0.660354140249295 0.656576170069254 0.577839808590635 0.635665962127719 0.69298208790227 0.677750977540798 0.696734722595495 0.615155444630788 0.662204497425782 0.635417738500209 0.605419487867643 0.575597331971493 0.637752997461615 0.545019413603476 0.605909133547705 0.600507596560259 0.557798370389973 0.572460744994981 0.549761894861261 0.551497136426733 0.522571177621361 0.543655150821151
"bhagavatapurana_skandha-10_u" 0.554599164656095 0.270804656048845 0.380855859101228 0.283202591783788 0.259501391299432 0.349564416273695 0.278895808984665 0.246213377456504 0.239308367011786 0.277609425199165 0.514131257332419 0 0.303710716236113 0.338795582328668 0.449097363420445 0.612564991326011 0.497636465701712 0.500415071486874 0.526183326115339 0.467246606485524 0.484952812673792 0.413468382713252 0.486032383701665 0.516939584690627 0.450321790042262 0.555501611534415 0.475279559538841 0.4568142549384 0.549439474106453 0.580800820978603 0.461882408845371 0.46457599925923 0.547339140245155 0.579234120980957 0.675419372930811 0.576362239739589 0.578987756727466 0.631885230753367 0.598660488283976 0.593904466117636 0.456030489029552 0.526896872610422 0.549553433374092 0.540652620094092 0.460361749185952 0.565724751376012 0.461013716210155 0.431661335223677 0.438929878910009 0.468215468750951 0.485186310757281 0.482054150399779 0.468146821049017 0.460966207284752 0.520900110903049 0.476343498532985 0.461212581021657 0.545763176546242 0.45416864766418 0.484635296666877 0.549365828838983 0.596787047712342 0.470653109320384 0.502473097677761 0.56077244660619 0.578337984606019 0.541940376727442 0.462060746296503 0.480065487666513 0.481878998982956 0.448864149754652 0.507358110025241 0.467187311517222 0.448308247377173 0.578334397852725 0.38149454943627 0.382448004744023 0.545578043033405 0.492773760314092 0.467532584850726 0.458817002264636 0.499832157499102 0.500053084005068 0.457273325398924 0.471518433637709 0.416354486182335 0.573586400395607 0.526780749498828 0.427641422084606 0.537994840704155 0.392823326591297 0.497376756730117 0.416014666496149 0.46024777908092 0.475646944751376 0.504305233776206 0.513602936597173 0.419060952600067 0.485265450779114 0.566686701486049 0.511968604501117 0.544229232938276 0.478467400346222 0.485355464496032 0.446759513036443 0.601563350107904 0.613462457145458 0.60350276000127 0.576992449389194 0.650115362809405 0.626689022605893 0.657811820321669 0.601893117833853 0.577523570923782 0.604306281077647 0.502677761374868 0.428300751927126 0.57659657926411 0.505004660066819 0.466930595222618 0.433173620393849 0.475835044497235 0.534001152799989 0.542444208504967 0.373582473149785 0.4152363942793 0.39625118277104
"bhagavatapurana_skandha-11_u" 0.546587323662788 0.341415569291968 0.315182240625718 0.357135505655627 0.343666731357257 0.370342645710719 0.25973507611619 0.262531519448846 0.340642117795183 0.397575460140608 0.531182271923912 0.303710716236113 0 0.390377774037243 0.480345675168511 0.626470029667423 0.539688078053945 0.52782866309003 0.556119939864608 0.50647953782523 0.454730135994873 0.425123684402447 0.484756025363062 0.518751582417451 0.400859211245838 0.519073898422523 0.522587374325558 0.497223442918578 0.577085797360502 0.635449202467996 0.545776219919949 0.499999662445533 0.514705882352941 0.620720412939284 0.682310827395646 0.607892963997702 0.60464100634566 0.646963723502777 0.627753118638138 0.619423388436181 0.514204198713329 0.48758777990243 0.547340926566146 0.530929783439339 0.494329925858461 0.622875125392986 0.461826840245501 0.466150310743224 0.427435604028779 0.429949759686853 0.549219463787097 0.520743391111885 0.536934142160151 0.538188789987665 0.592980748181855 0.487474055511952 0.449526684407834 0.526605513600662 0.427417090607675 0.453749707022124 0.498053820532184 0.552725169649769 0.481441962435012 0.520545884688851 0.615031324117453 0.577346984679724 0.509769020877407 0.473862777595927 0.540604081956283 0.499170662139897 0.468266053721321 0.523742630393143 0.452623513317395 0.363485640194753 0.601220158665885 0.4519252258407 0.425781904446977 0.545459264958213 0.545000222946819 0.464818247674374 0.497673952275917 0.500996339686351 0.48946297484498 0.538822533041515 0.527056838904783 0.404889306393882 0.542855338219962 0.521971170229218 0.467952793349027 0.558606917071571 0.468658172538812 0.503836334527503 0.452540067527462 0.480908606407329 0.487082976064534 0.491374346588552 0.569158385180214 0.416015219215741 0.506436299022354 0.509794478960127 0.549029287886894 0.52775364261205 0.53379520152474 0.530112864401115 0.509369833249308 0.622340112030429 0.626539638124695 0.571478520339355 0.573932729893241 0.650414646448103 0.640251572327044 0.666501468080063 0.590980170850444 0.616865861722186 0.606373994103602 0.484352465205439 0.43779016078218 0.595855644966568 0.465473344418037 0.48768673020655 0.478237486479301 0.49935974972374 0.499217728823344 0.564254352106176 0.449624644939019 0.439277878364004 0.434174143983362
"bhagavatapurana_skandha-12_u" 0.44376856542804 0.312571344434945 0.381958829722357 0.345390581301509 0.368790315817208 0.336746711154913 0.34018404636396 0.370600071065221 0.369243510646454 0.294747480933064 0.508984300210607 0.338795582328668 0.390377774037243 0 0.348134933531038 0.509660764391698 0.403145852517701 0.391045687814922 0.414966289406434 0.385711342994586 0.375780187683678 0.351315444505394 0.398376288490262 0.408614807997366 0.357761388586612 0.49690356701038 0.410394379739681 0.387534662153353 0.467190223890102 0.513709952222829 0.403755902809136 0.375151458490001 0.471337942561921 0.505558392134666 0.594677888999238 0.483107086984001 0.47922666418935 0.536909388736467 0.50108736897875 0.505554466772101 0.345033129184194 0.42384388385502 0.437428386204373 0.443268044397798 0.419186204798965 0.471500190352036 0.418590076232148 0.388248219364536 0.417452797829446 0.410428409406032 0.437238139452727 0.428525740561063 0.42698124957837 0.432797957749489 0.464576100250682 0.427272799485694 0.38892456756367 0.45954023269158 0.395051744110345 0.419527676221453 0.479687176581943 0.507676653407097 0.416615521820908 0.462637109052702 0.479703818302624 0.518033045071874 0.484883886048298 0.383136892140134 0.441030063717833 0.452524295461408 0.387670202780908 0.383753611882634 0.332199922024768 0.429882384296172 0.515602580123493 0.323150451180009 0.309660059640817 0.500152294193461 0.440025435240643 0.44500528317463 0.438160299359595 0.473945060367158 0.474593756726445 0.451738964704449 0.448271059740324 0.295610696872007 0.501786923507684 0.46230996234282 0.373488767418025 0.486273024725626 0.367581103793794 0.398781876782151 0.400522440342255 0.371442314922528 0.369023048319514 0.386152252339823 0.48489639125381 0.372748722290971 0.402710660198796 0.489920526982064 0.447272027423674 0.430336108403874 0.438260418670584 0.414299094542022 0.377229302833792 0.505838589873328 0.508925711688254 0.516106587181168 0.474328166457797 0.57250408134067 0.513275062685003 0.572304120990085 0.521392219674025 0.493224147295858 0.495881981068981 0.443142539105981 0.376075491392627 0.477799179624389 0.413550729109351 0.371495570904755 0.373109131199352 0.3727618629757 0.402458619396175 0.448790654417918 0.349289533683516 0.326969179035227 0.325061258537094
"bhavisyapurana" 0.307607529909335 0.444205361221646 0.479538610187596 0.436128321286864 0.45414285155435 0.419200872920185 0.444088470077555 0.493071740337534 0.442270906727989 0.415199475945364 0.561221327362982 0.449097363420445 0.480345675168511 0.348134933531038 0 0.368196761437858 0.212757341925619 0.262754731841354 0.222758573090689 0.218196688690528 0.356711314297234 0.219369692488164 0.247434455572435 0.259457739881698 0.200177119646283 0.35733226505516 0.270048249730668 0.357670178612516 0.400738144957423 0.419036626166544 0.280654890782224 0.251236506850434 0.489267957501307 0.339002721387778 0.472692576968641 0.312755174928683 0.37015613357757 0.413351040759591 0.376442324532611 0.371688179085875 0.263735968163658 0.309765859403756 0.253500676982773 0.261707171304954 0.326370002191139 0.410494577953414 0.344029113739892 0.324771878187901 0.359881776161706 0.343466175311742 0.355050806918293 0.296642028263404 0.362455240495619 0.361412541172898 0.36611772495222 0.329281084402824 0.347006152069521 0.369465530391734 0.306637986667221 0.302720932367006 0.340035489140751 0.393766150819811 0.326414137904975 0.38636498101098 0.442546073491209 0.469053867265974 0.393818832987466 0.24869534275857 0.348782782574576 0.36345294690978 0.259649552267264 0.20376469527426 0.251082459079657 0.376334747953217 0.363941038316816 0.247231010133347 0.307128213111217 0.556390270943741 0.363870828615781 0.358578315543456 0.391491681695798 0.370307793984997 0.427978442225162 0.38208606633746 0.391114478524833 0.249774179092964 0.471205831037498 0.407167851096869 0.300958369459749 0.360941611140895 0.310765114561978 0.288218523516374 0.396764688220145 0.159872244171247 0.242549571650095 0.260422896844099 0.388971582424071 0.360461159835692 0.227216350746095 0.365213695681607 0.35244709433731 0.338713693177147 0.346634866459615 0.279175266339379 0.306043034993603 0.353518427499532 0.390007105347715 0.373086769503622 0.33690231524328 0.4474936888017 0.400502019699872 0.421721675481036 0.360423940670219 0.33801722293522 0.391980645201041 0.301451915390884 0.263543366388561 0.309726546911854 0.334348535915649 0.374771893543956 0.279596962451516 0.285913015903352 0.306519007328478 0.421826819937376 0.358365665541578 0.316586633559105 0.227120287042331
"brahmandapurana_khanda-1_u" 0.416272086870577 0.59244336556059 0.618946225148835 0.582747381463102 0.605164009344819 0.587591365546225 0.582605218530149 0.626774187712348 0.600293621041676 0.571713280927835 0.660962426837441 0.612564991326011 0.626470029667423 0.509660764391698 0.368196761437858 0 0.274482769743801 0.401663464411932 0.230534611111916 0.372842497844483 0.491360149482237 0.449425544898604 0.435617447386039 0.380831431043005 0.408465026766108 0.351983057443873 0.417162321561459 0.490703615556696 0.364647659938726 0.441723530041383 0.378988987197688 0.418276298732356 0.58805074486407 0.265944126588013 0.248060592425994 0.336083084485272 0.331966402870564 0.241395020385543 0.307167552145458 0.298120868104314 0.414817956041734 0.448398497228319 0.234833840495487 0.380646291958306 0.439038780498226 0.479565376779167 0.432892984912788 0.456161016745474 0.493326839816019 0.439345289446686 0.45355970911873 0.426813612116335 0.502453813310759 0.496174230860236 0.425860984486666 0.440991957784568 0.474943888338119 0.455531434642067 0.407955790823954 0.383390657156616 0.404107923175083 0.375173073188014 0.413365812052851 0.400838927238145 0.467789972555833 0.503965154396394 0.453508601819433 0.393244747005671 0.493308300778412 0.503200863070435 0.418404124335421 0.303108626120922 0.440954786379281 0.53475714884821 0.416159259703055 0.470002008273121 0.49063408804806 0.646536003618258 0.48071825960358 0.490949588610317 0.532425832224797 0.476194713955927 0.546754086649496 0.496792617911008 0.485655676355137 0.460228888124143 0.59205284909971 0.491651043513362 0.464455571026175 0.490133961092966 0.480884157523186 0.415106505750013 0.52815991063501 0.345707687177182 0.41347943568962 0.410616352781651 0.454375312697026 0.556951601442972 0.373026628327277 0.457747439288238 0.383417599474508 0.410996424243212 0.417065600063107 0.442162575165755 0.464532076379862 0.103441958203626 0.153077044720776 0.372499169846145 0.239999954808801 0.354896091256255 0.108706102113005 0.193381818926729 0.21935955986201 0.276045912349452 0.190769560201897 0.442195063053616 0.454696189829932 0.139963472011961 0.475669096109646 0.512315151918724 0.443265485002251 0.360401600955313 0.386765764650962 0.509910336923656 0.528190190678008 0.48987332832149 0.430282829260054
"brahmandapurana_khanda-2_u" 0.366791467828868 0.497804364049549 0.552505573441796 0.482786266430261 0.497182107987089 0.500515063828209 0.475289225819985 0.540956891197655 0.481822192108046 0.455684828323334 0.606567368140136 0.497636465701712 0.539688078053945 0.403145852517701 0.212757341925619 0.274482769743801 0 0.286233319526508 0.108549424597674 0.214562842902863 0.389404168859392 0.305061661750145 0.331875614634814 0.318158487686649 0.300321479928697 0.332700345283591 0.235468236464229 0.355212689023086 0.360431672851746 0.382107590801481 0.213014357627961 0.276364912925848 0.523299010321 0.218091192724584 0.386973643622769 0.251338523406003 0.285043548675119 0.332860356669672 0.325777127536374 0.227856172364794 0.261495980018514 0.35854293041968 0.201671189797537 0.295868887154919 0.286050753167438 0.369271550252964 0.30483197141892 0.29761266618681 0.345408998446693 0.319553661820173 0.323256201701446 0.29114533966827 0.357851157982441 0.350224838116254 0.306455561466533 0.294939540110517 0.346330672054815 0.346231971134525 0.297546642266596 0.287470381800474 0.354044658163124 0.355719623362222 0.284245305771357 0.329458291235591 0.390126930674239 0.421641301729474 0.356816337585873 0.269747010801059 0.370838885910344 0.381669592805084 0.278437879782792 0.169767389315182 0.340678834271211 0.423395771077079 0.333128911357828 0.294066587358234 0.338540357902163 0.595360767826587 0.336868270107181 0.358579303368401 0.395763283786806 0.328521429346148 0.418431487928724 0.368059577227817 0.346211247777493 0.322881020699169 0.531044492007921 0.453961825140746 0.334384425375275 0.397160190801451 0.325907731568042 0.314882983020588 0.395805475508635 0.201826047819482 0.296623756176724 0.336434382962125 0.366852442499258 0.440679811240517 0.250611806610719 0.396308672357238 0.291874754611588 0.341387284667529 0.262580454849524 0.298884904136238 0.29378852509355 0.234018838353319 0.297833197870231 0.356552343674508 0.209476098574292 0.381206374299921 0.312589420748187 0.32979278001635 0.30493461196351 0.188476375215823 0.300560750422544 0.347446909620585 0.325762312614123 0.185580256937587 0.387238232421602 0.404606388352344 0.313604420486496 0.285509769686451 0.350624269514881 0.411283179090274 0.387791428991078 0.36869082439303 0.287642991216703
"brahmandapurana_khanda-3_u" 0.336644380346011 0.500267038950009 0.524823930847227 0.502656541747785 0.515652183990085 0.477769277910118 0.491611578831609 0.530499559482869 0.488850798609921 0.479469834705974 0.54790700935256 0.500415071486874 0.52782866309003 0.391045687814922 0.262754731841354 0.401663464411932 0.286233319526508 0 0.249364770110382 0.312957521437829 0.341080864156244 0.287047975959228 0.274578665020677 0.300708298300763 0.314715153423622 0.393259833851995 0.30629044823987 0.3841116306804 0.402821313972381 0.414692548403498 0.332727471163912 0.331451924049648 0.431843042821005 0.387009122061819 0.513060969235736 0.358273069393086 0.420963533628149 0.476385584377717 0.424516019840103 0.419233563714777 0.250246463345226 0.327032954394786 0.307249059534186 0.30709295924896 0.370766881358535 0.417713776301963 0.392400617068448 0.37062973453202 0.398615691578937 0.406438446253536 0.394530624192321 0.412744966820093 0.413019537592215 0.412790401681666 0.393237705756131 0.386424986374461 0.394859576167275 0.421355583933647 0.393919263066521 0.387332491370771 0.382173889791532 0.469063574393678 0.395575273847121 0.428587127663352 0.466662614667181 0.492517853084367 0.428393904804433 0.361245527928573 0.35464620630861 0.437234941781832 0.367525409676943 0.293861664849697 0.273036893974984 0.447149091493103 0.412272303738267 0.329886055575481 0.339356328248258 0.534503189211612 0.380610058603786 0.404471474352069 0.412347020574237 0.409015978704689 0.438679056158231 0.419029949598607 0.409748161629696 0.318955267823516 0.502447904064004 0.444098012002015 0.33935241159396 0.449329116637555 0.373333451476551 0.320888209297538 0.428751145050581 0.251503636476871 0.302378516896039 0.305446191273075 0.426013353073327 0.405917378011913 0.324658351177895 0.356145258166639 0.396184828947458 0.36367838933275 0.387686200256792 0.373035223873994 0.322216431107314 0.390477827682079 0.398587638009286 0.463117777701326 0.36672842007976 0.41520910465204 0.421065081107788 0.428277183469699 0.390504494623112 0.366382247741296 0.410241073786504 0.363590982704018 0.346508396833952 0.343651326629016 0.386852341190424 0.405967332777317 0.363932572696557 0.351486182893507 0.400828660089747 0.45613300856326 0.402645899416741 0.394293646314301 0.337908548838889
"brahmandapurana" 0.331686585545574 0.51791936710868 0.559815066094681 0.502719565493743 0.526545750034744 0.506867482019027 0.495319113258412 0.554137023865087 0.51455491801982 0.486848071584241 0.600697904656215 0.526183326115339 0.556119939864608 0.414966289406434 0.222758573090689 0.230534611111916 0.108549424597674 0.249364770110382 0 0.254366542051346 0.391233378910294 0.321751738288162 0.312980607300999 0.279646765321308 0.31066361677309 0.31767428650849 0.288320247800223 0.386990196066901 0.358848232545745 0.376548344597692 0.274196414708953 0.302922884879333 0.507002724725816 0.234616693159131 0.371735929277226 0.249383890901954 0.281239131350159 0.32725329005071 0.319598436059441 0.265684881158822 0.265652490911174 0.340853168158179 0.17913336782189 0.263344797328049 0.338204390265236 0.390370154687368 0.333722693060301 0.352304245976707 0.392028528251689 0.338639137564532 0.356133461578114 0.323790765989918 0.406459772102309 0.400758602513671 0.341541374654407 0.339989451359118 0.371919622024288 0.362329553181038 0.312228705727612 0.295971237543661 0.35162491982974 0.346718948347316 0.321913309342693 0.357682187579011 0.418291913749298 0.439695361369389 0.37669290077689 0.29562016357719 0.387218414818422 0.420228521504696 0.319728226154854 0.175606865688064 0.336345039940119 0.445573523606374 0.332087696593655 0.330347161826215 0.365126852674383 0.593058477185231 0.390530381735746 0.396786881321661 0.43994394801937 0.379333404363378 0.456851607410609 0.414882572718309 0.399718171231753 0.34258745379839 0.53348393291428 0.428368661309154 0.345411450052158 0.414784606802507 0.363032040276902 0.322354018070083 0.437552759528414 0.205416565285642 0.289964853721322 0.327954765641594 0.36973513667027 0.441216065291352 0.26712571932779 0.387349110607055 0.322388404349522 0.327639766413162 0.310974592285483 0.345686292191766 0.340952810915295 0.205114055347444 0.255862470597935 0.357341639398954 0.205621098627571 0.346521524805845 0.265505797747002 0.292561902151084 0.27500313629668 0.213016340804711 0.264766353898363 0.358922244567215 0.349842233711017 0.151204310065066 0.399608754309237 0.430284638905376 0.350552397603518 0.274476807683096 0.340959849780441 0.423854523183261 0.424232383547987 0.396159014537943 0.323504351229905
"brahmapurana_pu" 0.358739115908401 0.44655321791864 0.508848206911779 0.469390078992171 0.459663221978745 0.490391597507779 0.452988822746307 0.513160944089505 0.431648009138808 0.435847840581809 0.566180851530526 0.467246606485524 0.50647953782523 0.385711342994586 0.218196688690528 0.372842497844483 0.214562842902863 0.312957521437829 0.254366542051346 0 0.358268141460037 0.218378848725461 0.331714402970232 0.334710169003103 0.260696018375185 0.371743930972826 0.205612813664926 0.335523463253876 0.364252652271899 0.389440609136738 0.226326581181956 0.223938918601169 0.492275066895713 0.304155314689789 0.463356545989844 0.277312848639741 0.34665236029373 0.417685458998951 0.339234892826321 0.342046670015958 0.286512450330925 0.350604027588299 0.262252678240436 0.309383640226931 0.228063320273324 0.379605260192653 0.251601816113285 0.228336208464755 0.304523054059865 0.256718044992564 0.296135650786429 0.247395051155921 0.338804429063906 0.329189596935706 0.292504084164795 0.239156880270645 0.282460430400692 0.320864032528752 0.232012184155669 0.226753847113785 0.303646449945264 0.357972148636168 0.215030021624976 0.292453834679286 0.351003966272329 0.387225356900068 0.303036821061909 0.19818021079971 0.309925586992422 0.329481612053984 0.204639338572733 0.181449970051402 0.333168181989877 0.393463276285108 0.311858346261728 0.257450212278854 0.289143824620888 0.592778149455207 0.318398324330488 0.307189269841859 0.362192755380228 0.314036568254965 0.382098629660124 0.343970108267216 0.337457906690786 0.278611303379037 0.487684328400908 0.387137448917736 0.304142921495957 0.336651707193034 0.29785594084679 0.290478791422748 0.377083360656813 0.216710447054094 0.272412233625594 0.332921524565988 0.368481614917762 0.378251314515283 0.199691347863613 0.38602302204694 0.257490943433268 0.351103479125145 0.262089933754426 0.235930557351364 0.280436213100456 0.346592014675815 0.391720915735352 0.385971323332552 0.307338823677644 0.444315530179125 0.404183437108587 0.433297853874222 0.370777125931435 0.31012124484574 0.360785226005861 0.340902813505763 0.277677621553512 0.305849002407135 0.290240455189518 0.371899444285438 0.243262020290811 0.276705529800719 0.317854911939673 0.421868847501036 0.330949896839294 0.300856381782629 0.217431863306754
"devibhagavatapurana_devigita_adhyaya-31-40" 0.470927313171393 0.47004172111154 0.467481406225114 0.488945700929171 0.481177057182515 0.464459475585628 0.44549581760431 0.470326286461839 0.462979357539572 0.432727476350347 0.506288321794786 0.484952812673792 0.454730135994873 0.375780187683678 0.356711314297234 0.491360149482237 0.389404168859392 0.341080864156244 0.391233378910294 0.358268141460037 0 0.317653250580499 0.411295491655727 0.436737733997969 0.366183512567178 0.391829307342065 0.404878381936129 0.400023912143286 0.491621171775831 0.549798871296713 0.426727747138985 0.327489234881678 0.431532842335788 0.461292197499297 0.572479686412919 0.425833527864062 0.45251836905623 0.516035239507443 0.442177594443091 0.490814662534489 0.345898921910618 0.34515134168104 0.413949863358123 0.386708550695439 0.403736651474174 0.552438211885711 0.428189706788404 0.420990331860039 0.438717211624277 0.413706660582089 0.471473905744832 0.466538650991261 0.488650704826133 0.495827270622785 0.496821938283812 0.418054220057424 0.450731588049622 0.419150576821443 0.409908534782056 0.413253137891028 0.41169291100672 0.460770570778773 0.409441200821767 0.455290849610492 0.519702867464439 0.504201394408739 0.476033140146463 0.344523676496592 0.420547894286882 0.420823204248796 0.353091250601839 0.383945970212922 0.371364453338744 0.353913159978123 0.475766627659603 0.33012372841551 0.370741943297012 0.514256189255236 0.44468740820975 0.407461424188054 0.425559691607429 0.457193018585102 0.458366290261783 0.488068290912308 0.434787425142663 0.304950180191755 0.518532003161745 0.467144698112966 0.348443014593975 0.428989906064922 0.367255013121694 0.356032391821105 0.425675147960976 0.369731127315442 0.363812569903408 0.346188559254878 0.508775653081863 0.356212253690903 0.392893614924933 0.364453973623031 0.45678399563654 0.379252165241789 0.458957402560847 0.41175226425349 0.396153876981092 0.492812982546182 0.497112217282122 0.430294823199543 0.42435386989826 0.539571897883385 0.512803782309774 0.543619890133933 0.483243079159399 0.471606338686393 0.476468487382972 0.453331311285828 0.363924050061683 0.459679641558263 0.388171051415796 0.41196624310649 0.394784781913552 0.410112978643363 0.416817341369648 0.439037588768217 0.377565975232017 0.388845245061217 0.355624923341001
"devibhagavatapurana" 0.384590498098589 0.40631468544958 0.452931930398086 0.43755799931273 0.432647892464226 0.459297878174834 0.412306703181424 0.44325275616045 0.391560201428105 0.414218025937594 0.546651358010826 0.413468382713252 0.425123684402447 0.351315444505394 0.219369692488164 0.449425544898604 0.305061661750145 0.287047975959228 0.321751738288162 0.218378848725461 0.317653250580499 0 0.322095785494207 0.35664270592687 0.265850570693218 0.378839969228239 0.262354248551493 0.33405390422356 0.410135444218382 0.44420368339602 0.312573012043993 0.262827156620446 0.484623082151592 0.3997273647652 0.530388574276266 0.365387567158405 0.440347071722626 0.489834992381735 0.451013031033515 0.428247025818297 0.285760250994718 0.33754984095386 0.330885961240474 0.31223401885624 0.266566231976241 0.429163054209849 0.292559618018001 0.252105949244047 0.282841545918358 0.308056601674647 0.363461948020137 0.294939850371561 0.370479965628453 0.372770021109094 0.376048440341532 0.314703844252892 0.299128485739129 0.378572311986347 0.299789285689953 0.29334604093052 0.364519243313853 0.437315229182649 0.277225511366984 0.346364546816951 0.429377148278094 0.44061353662542 0.368652767534955 0.242746127004782 0.301037073498303 0.331986986870102 0.230071447696605 0.302091279720269 0.302616314439953 0.360906339653055 0.384437365749178 0.231020982230565 0.266902851097156 0.567709015638164 0.335345682820044 0.310209633473896 0.378264573973081 0.36182926741622 0.382416109597775 0.371031701888327 0.369142588861312 0.244124256513621 0.501923832069452 0.424116559291229 0.347617925882647 0.367378100293226 0.245427216768475 0.336848554320715 0.330449880096922 0.250675317202038 0.285024939466974 0.32900696664488 0.393149781469997 0.366583489937735 0.265172113128051 0.408140731312004 0.321587433480111 0.388844170255992 0.341192476923226 0.277487415944699 0.287800245054039 0.441182492362038 0.448125474283433 0.464118357276236 0.36191962741554 0.508895662035038 0.475706344005199 0.493786997572406 0.437872062178332 0.4018612084429 0.450421076256329 0.313909885430044 0.288037055580667 0.397897947952324 0.315421290253037 0.348124733771469 0.287237655985666 0.338463611722917 0.377566780279929 0.44536339537905 0.331195564945454 0.312995676117725 0.252358200127395
"devipurana" 0.314338319761127 0.488519208840266 0.505711505051708 0.465995592141458 0.482790203547761 0.471465521450707 0.499575270197633 0.524207545099834 0.484250640939736 0.50538081410949 0.551152040553662 0.486032383701665 0.484756025363062 0.398376288490262 0.247434455572435 0.435617447386039 0.331875614634814 0.274578665020677 0.312980607300999 0.331714402970232 0.411295491655727 0.322095785494207 0 0.319623473589732 0.293527408925399 0.445682515287138 0.325913142936623 0.3912035254187 0.454388023949334 0.45814984144006 0.357489122702755 0.30524110940758 0.477599345664165 0.431189255287941 0.536503312038131 0.395870294077821 0.466725594548105 0.51674269706272 0.47339326543644 0.43839958457677 0.307751854112589 0.355452417369597 0.310305263626895 0.323377719125594 0.409692995814714 0.453644649360054 0.414695627071857 0.39353393087429 0.395042064097473 0.422219002838184 0.418285324458609 0.413608972913662 0.409671760941832 0.41704739909284 0.433605733503209 0.404383998679079 0.408008104793133 0.427500327714515 0.404262134409405 0.397627561643911 0.379417547985519 0.470860437792435 0.425193532242082 0.461894650096199 0.504018174946702 0.530340327075196 0.473841019163041 0.388741261772477 0.406912721730747 0.429212431470892 0.386095661284953 0.308915298178144 0.252791996514312 0.384392249609873 0.420286161972888 0.333352731732791 0.326201657087836 0.563665756982006 0.387161417746061 0.379588352995516 0.369075481121323 0.411226889960275 0.425878326316255 0.404398119728595 0.400159708693793 0.323897174033915 0.461649615391607 0.422606050885341 0.327221040501026 0.431284292703187 0.383580928090145 0.329038186595166 0.468667045428882 0.282174995670834 0.325711208635571 0.30927348169646 0.457628626502969 0.412105264661718 0.317059829304685 0.378643143944739 0.432894894488763 0.402248462664605 0.417410332890739 0.388910249830224 0.319227684904921 0.420924639110645 0.456700324178269 0.42988059197622 0.415807050030248 0.44674304729147 0.460611252782446 0.476397961501263 0.402456349604408 0.396807804917618 0.461141042434332 0.376246636133321 0.331356309151191 0.37239163600674 0.392610586383543 0.423558190635301 0.385562484728489 0.400498378052831 0.40604215993791 0.507852396208677 0.403092338539017 0.391121625075622 0.369745288915825
"garudapurana_khanda-1_u" 0.190897696650127 0.509419036664413 0.51752870013997 0.508282563937612 0.534771778589296 0.49462006990384 0.507816554541059 0.545914993805197 0.530300795009482 0.487395467507299 0.590692673936415 0.516939584690627 0.518751582417451 0.408614807997366 0.259457739881698 0.380831431043005 0.318158487686649 0.300708298300763 0.279646765321308 0.334710169003103 0.436737733997969 0.35664270592687 0.319623473589732 0 0.302185163537797 0.382538439483644 0.350558193737771 0.44783574894846 0.406424137103824 0.429059995352931 0.372860112783035 0.395962782067051 0.511817987304757 0.409008141428701 0.512267261981464 0.348866741521329 0.40453389789227 0.449663038479572 0.430920907194627 0.426147316466512 0.341149889848225 0.354857677257985 0.288667801275326 0.269853171044968 0.429699467030171 0.451713476748672 0.397334112527531 0.44362874073493 0.473911305470276 0.412910028632305 0.401993734844933 0.418064575001211 0.462558244187271 0.445953539267402 0.419843605498276 0.432162424549513 0.450507477169319 0.40441481071402 0.372484666990846 0.375123740034922 0.387556000679 0.428371109527406 0.402241744508933 0.442855008752889 0.484620560002196 0.512012855045879 0.441618480019619 0.353336353126711 0.452521029252377 0.487932838147914 0.390815983753908 0.287577349466281 0.268929055993617 0.472222253852145 0.396109002301831 0.417707503639603 0.425717915820121 0.547234386928726 0.462943340254939 0.455314889315814 0.486780388812998 0.441555972938085 0.509861819951302 0.469330724317265 0.507116291672953 0.357151574714877 0.532314240032866 0.409797781045558 0.405375259545261 0.480019450986555 0.462262084870194 0.366874057304928 0.508138376293835 0.296358671957311 0.319686253286387 0.30966631067042 0.43047983248097 0.458052385811965 0.331815936907462 0.415375465225195 0.42435764048238 0.410726719539278 0.423660496524329 0.414863589507579 0.412949714083964 0.391256867251015 0.391685136027653 0.406813684999135 0.397371281011095 0.426852187227951 0.397738827084399 0.443988694226556 0.383646833709549 0.39592484174823 0.40803287639822 0.365907819655472 0.390410417635419 0.356395881182315 0.39328598978009 0.429003265127681 0.390617783697091 0.339953127583622 0.325717962351822 0.413381471393297 0.453041022983604 0.420329096543559 0.348954932491231
"garudapurana_khanda-2_u" 0.356957878747954 0.444233449797395 0.445950903369021 0.462731349395009 0.453102921367221 0.448666380670712 0.38841569336664 0.441308127375843 0.425237365864368 0.426693906882378 0.536185390868142 0.450321790042262 0.400859211245838 0.357761388586612 0.200177119646283 0.408465026766108 0.300321479928697 0.314715153423622 0.31066361677309 0.260696018375185 0.366183512567178 0.265850570693218 0.293527408925399 0.302185163537797 0 0.340103209891752 0.334373649063608 0.421781445265092 0.458644594200239 0.48416316569962 0.34286970167502 0.31014203033846 0.437595207694115 0.402943001048036 0.507528075009707 0.383894704848925 0.416011430098611 0.454983094192241 0.409579913913254 0.427265638121471 0.330484042107865 0.290263320944671 0.306580342785494 0.303810237342209 0.341943320746037 0.478845611124295 0.344045535015179 0.331411069761161 0.339399270553345 0.329357571424959 0.396576705342851 0.37283897262697 0.403141413574809 0.408314364600494 0.41626649602328 0.32509273101143 0.322498688126144 0.387120819677944 0.294303231761234 0.270636260263597 0.280549410247107 0.340738505165325 0.328876258628936 0.405698364374861 0.475581592093445 0.451803960846619 0.363463817071687 0.274439971581412 0.395495778833032 0.400089111329185 0.305155795122541 0.268374759958193 0.282583743258871 0.329838781221772 0.417067403806369 0.325538341536044 0.348452414200312 0.585084855350908 0.395031566085473 0.344019097714978 0.406326130692674 0.382402768159957 0.420787704989932 0.422632285909841 0.415976981132043 0.277506247755815 0.481566109964992 0.395831066836338 0.360303362913431 0.373557326625122 0.367970714874132 0.329776393805335 0.446163793712336 0.224810759401882 0.275179817285052 0.287261193218353 0.412974202091516 0.364800217217493 0.262026676884097 0.355838132254582 0.398570161724834 0.344059941313702 0.386987140886897 0.316172101857445 0.35157886770855 0.401147620156505 0.418198072928769 0.363121128347806 0.375897999301835 0.477259343728914 0.432667599288165 0.472253083965636 0.371946234093835 0.40262839119237 0.391167080827832 0.32174738974141 0.262891265448236 0.359557120430069 0.299129855687902 0.399307073888361 0.286431565209014 0.299270295843337 0.267597604699836 0.438335774511918 0.392698195218617 0.310943336872795 0.24888982758679
"garudapurana_khanda-3_u" 0.45803591064253 0.559905744647306 0.562824534814267 0.57178066575164 0.561190988178013 0.535613889025631 0.519407536545723 0.542372529361164 0.550560063318769 0.537135105514426 0.603089911818609 0.555501611534415 0.519073898422523 0.49690356701038 0.35733226505516 0.351983057443873 0.332700345283591 0.393259833851995 0.31767428650849 0.371743930972826 0.391829307342065 0.378839969228239 0.445682515287138 0.382538439483644 0.340103209891752 0 0.433244065363839 0.509136718948652 0.453356270919354 0.490397664583614 0.41573987774774 0.419415503709036 0.513635294111009 0.375379721945469 0.448948908966728 0.384088077673625 0.403790762698781 0.386885304396066 0.371686971871544 0.409999390120731 0.4236202259491 0.39699618601196 0.316915325021556 0.367074164528495 0.42912263671227 0.547721487414657 0.400716266001062 0.444815208331002 0.464937930678538 0.404849306297004 0.458884377148676 0.440975106763756 0.519470007768483 0.503872248941731 0.451425707547192 0.439430889687141 0.441079285162729 0.408940886668113 0.361422938514304 0.362382409652536 0.359627666793326 0.398440006790325 0.406257970776545 0.425004985580836 0.508962729975015 0.459474164110124 0.439602600386032 0.346254591242428 0.474711101107248 0.498476753831752 0.388492567390739 0.353662839422382 0.44487411837362 0.417245821316092 0.426441684366441 0.428677862292534 0.478379031850024 0.615504063193214 0.505102231268647 0.449594533132378 0.509526792815934 0.468510409216241 0.528171798776249 0.521689502412597 0.479410824042947 0.413148575183681 0.596305870260719 0.488371083766535 0.483131351428703 0.463431368291532 0.42774270879573 0.421383203279315 0.500554643822646 0.35379327504022 0.395644638777941 0.38557299342396 0.460151791391724 0.497119259472249 0.390619561000638 0.374418576455875 0.394966941137089 0.431297656649329 0.4380037655166 0.444303327261215 0.442567600590826 0.355831420401753 0.382482436272767 0.386932243381679 0.32993478492564 0.397752013737167 0.359277146170558 0.392550485925412 0.334836114963122 0.386162242096826 0.351255526687736 0.430089508449309 0.429750672537008 0.323658002858571 0.445216046531702 0.515141974140604 0.442118037401196 0.349036057088823 0.346102497080443 0.460013176767685 0.499062162525413 0.457753539765008 0.394106230717474
"harivamsa_appendix-29-30_mathura" 0.373779683797757 0.467005771374828 0.543886940560366 0.471440141913846 0.477369561589203 0.520704147519881 0.480765036857025 0.529157654141557 0.45903727247724 0.477084900805688 0.586019467537631 0.475279559538841 0.522587374325558 0.410394379739681 0.270048249730668 0.417162321561459 0.235468236464229 0.30629044823987 0.288320247800223 0.205612813664926 0.404878381936129 0.262354248551493 0.325913142936623 0.350558193737771 0.334373649063608 0.433244065363839 0 0.268141785400204 0.338121842991685 0.358338588509039 0.202329103876253 0.287780385675009 0.510241738941951 0.326155466180965 0.494477260262919 0.303657085033036 0.382922072807534 0.447335826289504 0.420886078309184 0.330146529723921 0.288737626931158 0.377963050026049 0.301565994449179 0.343441563624328 0.238020316048054 0.325511571232608 0.260087348577951 0.228539520911387 0.276327563728743 0.27969785924553 0.264392361248624 0.300691974223262 0.292301522063113 0.275840249535897 0.271572863548589 0.249652634956517 0.290795849171377 0.351215999624357 0.275839220503278 0.266528542712954 0.351074755545498 0.415406525477331 0.251557889919346 0.292596973240365 0.332789019187042 0.422265593919225 0.318398451040804 0.282401701902262 0.350292024567051 0.386707277200524 0.282548981617658 0.239662340779224 0.33414687958758 0.426069770500628 0.361195209898519 0.318381868202694 0.336704721515179 0.595984885816 0.26076653945281 0.272163950820063 0.323128498310701 0.287800555305013 0.337244929945803 0.295870339254365 0.323239649697829 0.316547755248818 0.507710552665681 0.436694528695034 0.347853215932517 0.411283644056048 0.313525517253484 0.340910084574537 0.3804708659669 0.247455734740731 0.289647013845257 0.374259156702459 0.386684399412598 0.428445777382694 0.273989078331527 0.43004920130741 0.247436191071006 0.393131214069082 0.226825370258848 0.285715335502737 0.252735541369946 0.38889315621613 0.402656847651261 0.442512358749566 0.334677552104786 0.461688546492618 0.438145106231455 0.462026323691846 0.42069751008112 0.31598039645848 0.421181049061534 0.356000495595836 0.341940022561962 0.347792952445814 0.334109052810728 0.394088549003407 0.323629819381902 0.367333197121844 0.372643695489052 0.454428268264529 0.347177742388534 0.365435559833614 0.304142877659049
"harivamsa_appendix-31" 0.486933931692232 0.431290219984674 0.512231878233787 0.468001686030572 0.471497611117906 0.470564108009173 0.461137588787626 0.495735438039766 0.45279518049485 0.462305504368549 0.561740944948521 0.4568142549384 0.497223442918578 0.387534662153353 0.357670178612516 0.490703615556696 0.355212689023086 0.3841116306804 0.386990196066901 0.335523463253876 0.400023912143286 0.33405390422356 0.3912035254187 0.44783574894846 0.421781445265092 0.509136718948652 0.268141785400204 0 0.391628335288081 0.411445692721475 0.299284231750912 0.344766879436964 0.522695257473783 0.424582181514613 0.559189590928335 0.425324363752333 0.478522223374534 0.503600985578219 0.511301066625108 0.426903553513944 0.328161588844127 0.429578386213578 0.39755890461186 0.430865211020985 0.30315330270836 0.379503225809887 0.327521946694142 0.289918094392645 0.332877813316828 0.342676831323379 0.3384596552538 0.35387616214206 0.349189568703818 0.331634139055165 0.367435420333696 0.332958888483077 0.363646247011586 0.392694254516896 0.366484621567539 0.38290949150004 0.464812340688754 0.502725054714696 0.323720683720243 0.351881587718438 0.399408731737497 0.499456130662516 0.35797771817456 0.375844680765485 0.358298646133738 0.38605664723003 0.357216042625896 0.347276356407996 0.398083909169452 0.451034818011609 0.449985203747668 0.285731967298618 0.294143214424117 0.552913394249322 0.298286966667382 0.367762610415101 0.34378559950725 0.366416876289363 0.378719359789447 0.355488097256956 0.316850084742709 0.288380710349484 0.498948219444472 0.516457396234785 0.364834923940356 0.479590198689867 0.308875197029892 0.352135722577314 0.335533173967924 0.350478239850864 0.37949046551816 0.41657750923828 0.436063274195501 0.41128919240538 0.386332974543505 0.468108065054822 0.332633655061096 0.441517619019724 0.31111967684715 0.342766863829147 0.317810251518944 0.470491684509964 0.491912135053491 0.516453061080295 0.387652751813442 0.539520716572351 0.509166449175141 0.507671211252632 0.513927009225754 0.413638139716682 0.502723022707772 0.447276817620471 0.354063410439174 0.433123379506163 0.425561333827434 0.35881412207522 0.399946485172005 0.455512199707045 0.494928995412975 0.48840511856913 0.332604197679729 0.370391681031171 0.367032111096084
"harivamsa_appendix-41" 0.436888448359003 0.495152683289711 0.573864631885737 0.525165448522114 0.530984409472565 0.573300937767586 0.528402803025253 0.595031283218777 0.524512397038982 0.541829141597496 0.647751113741696 0.549439474106453 0.577085797360502 0.467190223890102 0.400738144957423 0.364647659938726 0.360431672851746 0.402821313972381 0.358848232545745 0.364252652271899 0.491621171775831 0.410135444218382 0.454388023949334 0.406424137103824 0.458644594200239 0.453356270919354 0.338121842991685 0.391628335288081 0 0.287352483545664 0.321129224767834 0.457783486526195 0.549227736498927 0.388123620374032 0.445063637434897 0.401497583472168 0.408324744906491 0.451569934672659 0.390320066147517 0.383907292273816 0.374976372430278 0.436279290391098 0.323930936069771 0.407243289188002 0.396764337286771 0.365361744854131 0.327433915559983 0.365274308850431 0.394712468067455 0.326112904577627 0.31989489467062 0.38770210894906 0.377160082660767 0.353937694457338 0.314605185155565 0.367395537100537 0.391681278359597 0.429101556128274 0.35805732405472 0.352385504682618 0.4521986730387 0.427536812938084 0.373573428182486 0.333992890874443 0.366213919369793 0.476637268628999 0.378731048472142 0.413079698804085 0.463351060904813 0.479307608328053 0.418159405901075 0.343892761757366 0.449493018883853 0.526074945182563 0.464775180719387 0.450227424282957 0.424895234647778 0.632483581250378 0.412466178524253 0.412514326344862 0.458098098008408 0.398841655543945 0.44451863816852 0.4035448879371 0.439003162525245 0.426176157870771 0.530929805332555 0.447309864842959 0.442031810497026 0.495494045890889 0.440789655872142 0.39298053993233 0.46570516320307 0.387837713645758 0.408049850990024 0.46231000770312 0.417949263258437 0.519563055313227 0.399329856180247 0.507584788419369 0.301363932451363 0.443193004640782 0.310380727086077 0.392636049338153 0.408055119568976 0.36444862060629 0.387128193026137 0.505877635282149 0.37294188192445 0.434830375128002 0.375482434519085 0.388940281975233 0.418115663055151 0.395910541557848 0.416691874322559 0.465141787465556 0.461084095188688 0.351131751273575 0.430889333237628 0.49576500463331 0.430815990226964 0.434537295926475 0.43058705333791 0.499730227002978 0.4645908458288 0.4444876532693 0.425373949121083
"harivamsa_appendix-42_pradurbhava" 0.453251302365504 0.558733402517893 0.635979691279748 0.57868391894116 0.569873357137542 0.614183986640571 0.595888902823638 0.634374482350577 0.555513828331902 0.589342479302684 0.672206187914953 0.580800820978603 0.635449202467996 0.513709952222829 0.419036626166544 0.441723530041383 0.382107590801481 0.414692548403498 0.376548344597692 0.389440609136738 0.549798871296713 0.44420368339602 0.45814984144006 0.429059995352931 0.48416316569962 0.490397664583614 0.358338588509039 0.411445692721475 0.287352483545664 0 0.333550941178979 0.481461236742853 0.599235085130754 0.429615899484894 0.515360408745006 0.437182223983722 0.454667385495917 0.499880728155058 0.448950031997327 0.430659336091149 0.39257932592289 0.514084191292898 0.358159010523743 0.43460436678226 0.426059758201967 0.332269829686483 0.361132448752393 0.398283453710081 0.409440952242589 0.388220764636401 0.242792877846229 0.393243414393543 0.334218922867378 0.31745235086761 0.275683199266542 0.394861252403004 0.399256923674806 0.46310753098594 0.412721224566259 0.388884973974502 0.508672759832623 0.482600230695534 0.411406083302814 0.397766024975697 0.420376233691589 0.518337604344779 0.361797884045984 0.443008181044403 0.445635486034211 0.524510993403845 0.458918276457278 0.372822992904783 0.478863990903022 0.583975390905129 0.43959461316228 0.472560073513587 0.458048841176007 0.658522919968089 0.403070252265859 0.451991414451681 0.463545656355974 0.41498218458397 0.448112801318119 0.382083934524652 0.450709035529402 0.473211300281767 0.576086304033381 0.501542995737766 0.458770461316907 0.503488970714679 0.471679103741461 0.433103119320108 0.514320648545244 0.404358428892701 0.441853952077969 0.493435229643293 0.43010288690869 0.56742783261013 0.401101119357179 0.553785127913353 0.377979153885173 0.500975721363759 0.355816459256189 0.429332934345222 0.442619050486229 0.418071411340297 0.450841581266793 0.548436762500679 0.42000480909301 0.38417849092045 0.447211209505612 0.453288131684249 0.472195725334858 0.414443494975837 0.460705900079103 0.485767353555669 0.483086275231378 0.383977974420133 0.479805540549105 0.524049722391119 0.459371094184551 0.456577357101484 0.444720748936495 0.535955995938555 0.51093474810855 0.487866222168355 0.452393943744937
"harivamsa" 0.406768471295356 0.454326076596255 0.543743413842073 0.45635575438081 0.456255770117224 0.507413148819953 0.473794973753499 0.536088002404209 0.443467410892286 0.456901337809469 0.60830050492182 0.461882408845371 0.545776219919949 0.403755902809136 0.280654890782224 0.378988987197688 0.213014357627961 0.332727471163912 0.274196414708953 0.226326581181956 0.426727747138985 0.312573012043993 0.357489122702755 0.372860112783035 0.34286970167502 0.41573987774774 0.202329103876253 0.299284231750912 0.321129224767834 0.333550941178979 0 0.337907623961239 0.549790776620954 0.277984046237649 0.459818819686597 0.346289174449973 0.365825187841319 0.41802856557237 0.405504014154434 0.290979143685627 0.308019132432516 0.425396357460818 0.301708280685039 0.376607315160588 0.209908750674798 0.299132939822762 0.238712051536086 0.189964820645127 0.272606184820186 0.248517821089624 0.257766002613833 0.285586935363397 0.25679746047859 0.246649504117933 0.241840057834003 0.218820142081276 0.273318706184947 0.356917698948353 0.312630826572891 0.294463370954608 0.38203788922043 0.435557050581466 0.241938701303844 0.286859967716372 0.31884850686285 0.418188315915687 0.329459604794095 0.285445113495464 0.354116162389881 0.367643735705135 0.286866459641612 0.252316892616403 0.392424950546433 0.434998165136166 0.393702648463586 0.314709469308941 0.331896908485453 0.613422873597751 0.239185712397465 0.269095640654739 0.276043350465404 0.236504047776351 0.322038069921639 0.237976392363895 0.242155814855478 0.350301852638292 0.527751296848306 0.469214315539127 0.368586744932291 0.423206142809624 0.320402365398916 0.347980933220852 0.378721134095395 0.251271827513123 0.345769110409386 0.405925296967375 0.373070376118456 0.454806788747782 0.270890113070054 0.475471940420763 0.278120937601126 0.412029706921947 0.196103191334373 0.286050750002575 0.269681724608159 0.350380695447829 0.392962022553139 0.452507455966298 0.290078375066429 0.438479006901185 0.414755503013421 0.417267261539025 0.415829834332172 0.28015934896093 0.400335136570492 0.381870611734054 0.353308125403993 0.319382950482994 0.380069186534412 0.437207052334972 0.321702823553733 0.344011342532704 0.387025957012013 0.446189616472412 0.369830902375411 0.385490030095795 0.321033720658585
"kalikapurana" 0.398925622180931 0.43706207119734 0.499405426818194 0.448904602027967 0.467428637721988 0.466417383495814 0.454162602562159 0.512715958118921 0.457218104712137 0.438076741733369 0.561325242164069 0.46457599925923 0.499999662445533 0.375151458490001 0.251236506850434 0.418276298732356 0.276364912925848 0.331451924049648 0.302922884879333 0.223938918601169 0.327489234881678 0.262827156620446 0.30524110940758 0.395962782067051 0.31014203033846 0.419415503709036 0.287780385675009 0.344766879436964 0.457783486526195 0.481461236742853 0.337907623961239 0 0.512871749254627 0.365206953255402 0.501114372025118 0.303634901741611 0.372232356693075 0.456319423395039 0.399425021089874 0.388376591538385 0.302724075128105 0.349915152188144 0.333427205637489 0.38294796792517 0.323590392631363 0.448754914579417 0.367273222301785 0.331369218321588 0.364355877290748 0.379476293366644 0.400181546400311 0.368322442313568 0.407859694236826 0.400498811325639 0.396474361883059 0.367091473627103 0.392268293205235 0.419764697073265 0.353570674200242 0.354006243109786 0.38779414721774 0.425060759277837 0.338257428780153 0.40388885909057 0.432949082784935 0.47530516749231 0.4305658209428 0.272451119621378 0.327779875153222 0.35358969905715 0.275595785549091 0.239750656375484 0.317779397366519 0.348186594159301 0.361095580458224 0.26808827924294 0.317899093854953 0.581700060824887 0.356697607995116 0.364815485861224 0.367802674791959 0.409704683985089 0.421885777329565 0.414134482080241 0.344027531958409 0.294792803068785 0.505139324267492 0.477724861259084 0.314688158365357 0.362828110347016 0.3012914315331 0.313080040905485 0.386203344465197 0.294899507040906 0.316855889822323 0.335192645532438 0.453502500921863 0.382078786259917 0.297496258933705 0.37536655431978 0.350592523256194 0.355251071047775 0.347891459820616 0.32545830329311 0.278993066354091 0.400322324527235 0.41024495906802 0.393412089084364 0.360031159660818 0.500886495998903 0.439466348397883 0.472992187589993 0.397967240438888 0.35044471351128 0.402275118463458 0.400750772333564 0.313251927054072 0.363467961853475 0.358900315485483 0.360444513676822 0.32416259010869 0.353613281034487 0.373985068482967 0.474685490767359 0.340397715398266 0.334282313269465 0.290302510621328
"karatoyamahatmya_pu" 0.564191773029612 0.548198517596527 0.531551306495498 0.552908750109753 0.547922410920803 0.5140222980844 0.524433182030192 0.526980053943712 0.516359344465298 0.545905064372394 0.552699300699301 0.547339140245155 0.514705882352941 0.471337942561921 0.489267957501307 0.58805074486407 0.523299010321 0.431843042821005 0.507002724725816 0.492275066895713 0.431532842335788 0.484623082151592 0.477599345664165 0.511817987304757 0.437595207694115 0.513635294111009 0.510241738941951 0.522695257473783 0.549227736498927 0.599235085130754 0.549790776620954 0.512871749254627 0 0.570590486846173 0.652725833504859 0.549012314201039 0.589754664823773 0.609308594961425 0.540430662769819 0.598615098511402 0.442702796102861 0.420482689480126 0.510327256287303 0.485804947354191 0.539488971029845 0.623569005801665 0.52861456095647 0.538534502004896 0.533067473216656 0.514640227857333 0.557533479881025 0.555642788555182 0.58010274388411 0.586208251974595 0.589736082256553 0.529506648179553 0.526226983921162 0.552165028167458 0.505039744093743 0.497871544857393 0.481372306367473 0.535585199698763 0.539550193134702 0.561997412566657 0.611475665582754 0.57335655202438 0.500935330303502 0.507495458984306 0.535238347808791 0.544407965301457 0.515821925196 0.518124390530542 0.474832940154573 0.513933040165942 0.60563299075314 0.509886579729588 0.455473275865325 0.573992197874069 0.577330655100591 0.550971888249105 0.572457200022039 0.58758924651315 0.589624867569439 0.607584728950978 0.595605561565486 0.401159500278299 0.539669652855543 0.496185245466895 0.479978010097416 0.580355046829592 0.513477345316152 0.465338720034247 0.53128362747618 0.44386014455698 0.452050323190127 0.470717866203287 0.568878075709554 0.437923800094937 0.487920819987804 0.439875706985276 0.528096458906236 0.485879336017206 0.534867441538183 0.483840341992711 0.530139314433345 0.580152517830874 0.595761311358256 0.553894736842105 0.542085745874177 0.557834079477296 0.608669688198962 0.616537104449179 0.535645821637387 0.583434957899149 0.561951305343426 0.527525899846835 0.449064701799987 0.540515944846118 0.493142612414991 0.525551190595209 0.51079466603423 0.485596213571868 0.480534544243038 0.558920326311115 0.520933761367507 0.476652293537269 0.484431024721646
"kirfel_ppl_textgruppe_I_col1" 0.446551629457064 0.565245195543332 0.6208111156086 0.566830144269232 0.559435623818055 0.577154437144006 0.55707921015078 0.612171568811367 0.550441363481891 0.503969316391678 0.659565916252294 0.579234120980957 0.620720412939284 0.505558392134666 0.339002721387778 0.265944126588013 0.218091192724584 0.387009122061819 0.234616693159131 0.304155314689789 0.461292197499297 0.3997273647652 0.431189255287941 0.409008141428701 0.402943001048036 0.375379721945469 0.326155466180965 0.424582181514613 0.388123620374032 0.429615899484894 0.277984046237649 0.365206953255402 0.570590486846173 0 0.339474586001717 0.235874004634969 0.296669477075393 0.271786510953543 0.342285971900307 0.145468026440644 0.375570874256358 0.427749876860818 0.291595304801233 0.394587175346372 0.335780597993704 0.406810386094377 0.356819653943045 0.349118104290457 0.405068372636859 0.375175235551587 0.377788389788043 0.341895248428879 0.415435209183655 0.409421988020793 0.354686743754265 0.355459910813651 0.409004240694246 0.416650575635671 0.369920892235237 0.348570330885883 0.406783406484236 0.400926605478087 0.34399970963536 0.353821170384895 0.404556352261754 0.455170028186765 0.402994495936714 0.340517958378799 0.450910738358859 0.418450752667576 0.352830228338646 0.274286552983967 0.459185043969171 0.513339138883728 0.387630637976615 0.399821860066756 0.447608283527535 0.65977486974831 0.378264493300877 0.408296601228686 0.422780325251953 0.370794623497362 0.452024625288772 0.404899082785477 0.371871531601393 0.425752097067603 0.579621790381355 0.509759499087631 0.445564256198461 0.4595285282414 0.420497554499534 0.387989039230193 0.46068200642651 0.307780105728258 0.392138158188748 0.436346146997345 0.427181906761941 0.516423802841402 0.341781763495169 0.442762530711183 0.322194922098398 0.399182980894359 0.310442008872485 0.379577500753461 0.378841270852609 0.232670436298662 0.334941955209603 0.384705887041812 0.250292582665272 0.383809108548993 0.297424660813888 0.315731545245355 0.296538731035239 0.138540485406564 0.311560491638067 0.448056849237888 0.416534617729335 0.211813006198652 0.444518399901153 0.463494993496727 0.379557213626078 0.340022402912224 0.412289194583185 0.461547636125855 0.474196003989539 0.44397737727944 0.377966162666964
"kirfel_ppl_textgruppe_Ia_col1" 0.530300284188692 0.652154420066101 0.682809233331371 0.643341316005615 0.659965537925358 0.656386933673945 0.639514762131817 0.687598819635102 0.653844449546791 0.636731308855294 0.721417453598807 0.675419372930811 0.682310827395646 0.594677888999238 0.472692576968641 0.248060592425994 0.386973643622769 0.513060969235736 0.371735929277226 0.463356545989844 0.572479686412919 0.530388574276266 0.536503312038131 0.512267261981464 0.507528075009707 0.448948908966728 0.494477260262919 0.559189590928335 0.445063637434897 0.515360408745006 0.459818819686597 0.501114372025118 0.652725833504859 0.339474586001717 0 0.442785174062168 0.386357344541727 0.291985356106458 0.387349053936461 0.34453910299962 0.495641644998165 0.54587321638664 0.365224717893854 0.496555801409761 0.509115863299431 0.543464789049713 0.5057729939668 0.521328037913083 0.557897075934725 0.505342464583673 0.53587068151219 0.487105288659544 0.574744369538326 0.566346901214694 0.499583966043367 0.517032279267832 0.531058025619629 0.525445714814976 0.485244759246719 0.460709831478951 0.487459568791838 0.463370805507916 0.494561182673629 0.457620114749968 0.528658210067516 0.552839137990159 0.524744906536337 0.471048129879132 0.556720653471462 0.553460420258286 0.49352879995049 0.411916603549737 0.552327327120865 0.592419876374374 0.468205471634386 0.54899123299222 0.566139575476454 0.715467663980321 0.542373941215693 0.54695837355306 0.587740251611713 0.544248772155795 0.600534137625152 0.564567101062232 0.536509281204752 0.541970427261143 0.647061018758323 0.57425377103537 0.549315564547436 0.542534807677454 0.544844126199934 0.492721437518922 0.594890814930516 0.454684470215998 0.524685162902268 0.513636002541968 0.532518091965436 0.618087262634064 0.46605118928677 0.54093713562671 0.447608689085054 0.493514747970614 0.477926759903962 0.501242841405435 0.535011307265964 0.249625929107609 0.29751628769282 0.457617785003216 0.355210233804264 0.457483546404363 0.26138944170886 0.205921360649579 0.320493901508241 0.367817502703492 0.31408410518031 0.529740968595046 0.524282622149427 0.294842765110995 0.538418349566807 0.580966697945192 0.504136376324458 0.416617841084491 0.458425723849004 0.58915220155906 0.596627384782184 0.5648030615297 0.517271229890456
"kirfel_ppl_textgruppe_II_col1" 0.380075955037584 0.555564669677192 0.597140374058206 0.543454781547478 0.554553678506414 0.557045317906143 0.548395364953393 0.604252952440315 0.546269659691241 0.509019860198993 0.625752969090324 0.576362239739589 0.607892963997702 0.483107086984001 0.312755174928683 0.336083084485272 0.251338523406003 0.358273069393086 0.249383890901954 0.277312848639741 0.425833527864062 0.365387567158405 0.395870294077821 0.348866741521329 0.383894704848925 0.384088077673625 0.303657085033036 0.425324363752333 0.401497583472168 0.437182223983722 0.346289174449973 0.303634901741611 0.549012314201039 0.235874004634969 0.442785174062168 0 0.268161817185517 0.337252908347946 0.288855693544011 0.251814037952162 0.379844051582182 0.405990467041469 0.30094575031738 0.35218507349163 0.364792195796093 0.415894197970321 0.39407433541047 0.382522052779582 0.441398958452154 0.396813125413011 0.393783288375838 0.35298114613427 0.433655741834827 0.424725319683426 0.376412440658315 0.390747620809579 0.44376917898833 0.41180237089987 0.36956650966305 0.365095184893835 0.389518187646926 0.397683012194877 0.344023296442901 0.386107468048507 0.399316635397503 0.424544822228416 0.408391416496158 0.320018962946709 0.4116652093464 0.417648592346728 0.331031397365643 0.247399909264141 0.401569885837105 0.488763059557346 0.358342997815528 0.384312842232839 0.441104669907656 0.636026124859792 0.404288706087586 0.42981962742521 0.457547409306695 0.395750134980663 0.47156393609576 0.438719539646053 0.406812764167739 0.406472165008271 0.560340082888471 0.473583795183677 0.421662772306113 0.410538195315243 0.425301654302047 0.372163303137237 0.471600060984142 0.312072775918312 0.339468019732439 0.425007501348612 0.405360136737352 0.479145481002369 0.333006670791774 0.419005971192972 0.339481174907637 0.390234495567221 0.344821092488363 0.366296638982354 0.369355830919724 0.323709845372616 0.351611470910146 0.404479101017172 0.287302563342203 0.410758083266203 0.368374213805034 0.395591255915404 0.358902937429235 0.26439337795279 0.360884011640503 0.437230688378692 0.419112018711686 0.289185806992499 0.406795169331393 0.433920924989428 0.349684801269834 0.341434520055111 0.388447239682423 0.402415334969449 0.42185583538641 0.427105538172831 0.324607701722946
"kirfel_ppl_textgruppe_IIA_col1" 0.408695511670282 0.536691304599457 0.578552717729155 0.52118694733911 0.558540580775027 0.586209822333559 0.554067674676988 0.588510483886971 0.550443075120724 0.515421001972338 0.634178062660752 0.578987756727466 0.60464100634566 0.47922666418935 0.37015613357757 0.331966402870564 0.285043548675119 0.420963533628149 0.281239131350159 0.34665236029373 0.45251836905623 0.440347071722626 0.466725594548105 0.40453389789227 0.416011430098611 0.403790762698781 0.382922072807534 0.478522223374534 0.408324744906491 0.454667385495917 0.365825187841319 0.372232356693075 0.589754664823773 0.296669477075393 0.386357344541727 0.268161817185517 0 0.29601294017994 0.262462808153237 0.277012499691931 0.40540240652532 0.442224211992208 0.32648416965121 0.399731905034663 0.400548850132971 0.463967471469171 0.396872526015429 0.410800513468247 0.467293984827584 0.401101384086682 0.421600084559815 0.396313306071092 0.463637755458111 0.448736816626726 0.39939253163878 0.401449047671367 0.451698499382292 0.436595911601757 0.373027589184113 0.349648749501606 0.374149354699404 0.384160374913667 0.379906747547635 0.384028201097145 0.439814764237405 0.446063463994499 0.429981722048786 0.332398037476284 0.457067745562969 0.419812994029502 0.350138456059138 0.284291082176129 0.454160712820749 0.498726943388525 0.382402918354688 0.462760880943178 0.491740976834623 0.647164135624408 0.458332058066723 0.463562228255277 0.504114743627867 0.446884425493892 0.514449112229486 0.483295511735841 0.426995770732637 0.47104067699437 0.582554059682195 0.509877465584267 0.449200641079865 0.439957571803245 0.455282859296264 0.408313283492699 0.517055796951129 0.352461142761008 0.403002398968513 0.425640203957832 0.420357060293192 0.533643270058196 0.375823027839435 0.484298087343129 0.376377661674809 0.375873464342474 0.375595920225082 0.394176775633577 0.407907139205329 0.316069986999203 0.303501563080608 0.403820304224361 0.321082790384303 0.433415873436145 0.338093932680045 0.371296196630193 0.350676046829929 0.309411851667678 0.314358311663402 0.468714533983217 0.449525510265214 0.303020097237981 0.428343763630893 0.479081667239308 0.367344291159263 0.298447069044455 0.371647147399397 0.463357099355037 0.461840624538791 0.43305420400207 0.368457182090294
"kirfel_ppl_textgruppe_IIB_col1" 0.492857311739573 0.605781332445885 0.629479785404872 0.586283027303853 0.612582163862875 0.603600094910922 0.596451031768048 0.64689264257025 0.613426007145947 0.567362118592244 0.661490365532146 0.631885230753367 0.646963723502777 0.536909388736467 0.413351040759591 0.241395020385543 0.332860356669672 0.476385584377717 0.32725329005071 0.417685458998951 0.516035239507443 0.489834992381735 0.51674269706272 0.449663038479572 0.454983094192241 0.386885304396066 0.447335826289504 0.503600985578219 0.451569934672659 0.499880728155058 0.41802856557237 0.456319423395039 0.609308594961425 0.271786510953543 0.291985356106458 0.337252908347946 0.29601294017994 0 0.357023155818283 0.265232600783971 0.473707200705179 0.476723197434648 0.349871361625142 0.462180631410978 0.441481268056606 0.487877273237299 0.462073776945568 0.470191855609098 0.521262447154011 0.461500742454301 0.478583066210117 0.41593165969409 0.521354728123905 0.518938526265328 0.451399798577495 0.4638038543803 0.50454099078709 0.478432480879937 0.439142846207234 0.41826437563584 0.430953050554375 0.413663111286772 0.423354819445473 0.410016482277802 0.466128981964976 0.497644794623965 0.472547933499697 0.415487069650242 0.531299590773176 0.48365847208808 0.433340963545359 0.379243436782271 0.495036024384172 0.537603856326928 0.465813775793393 0.501448161789442 0.541360837727967 0.670523734948839 0.492443732399596 0.516310607329675 0.552007788244611 0.489898715514821 0.559416685903751 0.52256118654531 0.484545496523985 0.491209712316875 0.606433501903804 0.515723578330284 0.512621726674963 0.502036977837945 0.495964962957585 0.466936385630222 0.541069644185888 0.390942430924961 0.449760489679243 0.467987283166486 0.490273524166666 0.572875954332142 0.439252560524063 0.515088797225762 0.405492180112814 0.410758773380903 0.422771055833695 0.425308849263681 0.49114812343175 0.228755621450645 0.253022752926809 0.378906521179472 0.292131998262051 0.455711596960875 0.265439892165453 0.329957628247507 0.289447484941931 0.297814864021536 0.251225727801396 0.501395684397547 0.484781712586293 0.269040113724937 0.498907491473058 0.55431320283744 0.442285054838551 0.385171984086978 0.435352554335693 0.484525935563563 0.530853611029849 0.495095336094314 0.432193084757895
"kirfel_ppl_textgruppe_III_col1" 0.446210804128035 0.574055847043272 0.607510755138137 0.5812315939283 0.579100204307996 0.573595810530618 0.582429976915554 0.621023917554904 0.575785986897178 0.536379659945252 0.620752869080962 0.598660488283976 0.627753118638138 0.50108736897875 0.376442324532611 0.307167552145458 0.325777127536374 0.424516019840103 0.319598436059441 0.339234892826321 0.442177594443091 0.451013031033515 0.47339326543644 0.430920907194627 0.409579913913254 0.371686971871544 0.420886078309184 0.511301066625108 0.390320066147517 0.448950031997327 0.405504014154434 0.399425021089874 0.540430662769819 0.342285971900307 0.387349053936461 0.288855693544011 0.262462808153237 0.357023155818283 0 0.367393486652979 0.414455322052443 0.466084287424414 0.310841202861782 0.394175649995671 0.428570537381884 0.50056982408741 0.439096966286363 0.445283825458439 0.496395030690701 0.437555794144327 0.4463715853305 0.413935870625028 0.497995654259838 0.479899309405761 0.399849646527118 0.430126696689558 0.474463153093446 0.453140896644761 0.4115771535877 0.375360094230666 0.402012227454525 0.402437910575592 0.408042698658836 0.389688529377192 0.438452966530195 0.466697226474881 0.423970065646063 0.345350833519963 0.450705866106469 0.459118046031813 0.364704246812469 0.308738599822999 0.45283370511479 0.522314606737288 0.374010485997502 0.459300469545127 0.484711582320318 0.636648746131725 0.485622372065602 0.499967693648841 0.529583863034063 0.468090204831932 0.530911470304199 0.518712353049531 0.475009373835984 0.481286889863448 0.568570316795282 0.47698940726897 0.438366906189672 0.446636346175195 0.474573886962412 0.407138865649698 0.531512050595802 0.370917196004021 0.404480340951308 0.414932138592961 0.410816118288282 0.518548792536389 0.378125096497534 0.446266283344484 0.37487695449177 0.438866171437331 0.420072801764154 0.402714385724636 0.434709483646127 0.296972939908665 0.333013967603364 0.421672514400975 0.345791338860368 0.379376106275258 0.324859078729224 0.356945186972411 0.330097939144445 0.362171770848819 0.33319334862441 0.465084510668257 0.451063037513696 0.29141703319285 0.450435227111453 0.515966131035781 0.406592566403448 0.311668500957179 0.341411239443525 0.428687254468446 0.490165638632409 0.450812854274737 0.372146198609671
"kirfel_ppl_ungrouped_col1" 0.457549592958744 0.579437561863129 0.623093805660292 0.547608445471501 0.571676294501908 0.601546890663806 0.55641537246906 0.615748003358358 0.556728616501247 0.520238295284282 0.683645380243863 0.593904466117636 0.619423388436181 0.505554466772101 0.371688179085875 0.298120868104314 0.227856172364794 0.419233563714777 0.265684881158822 0.342046670015958 0.490814662534489 0.428247025818297 0.43839958457677 0.426147316466512 0.427265638121471 0.409999390120731 0.330146529723921 0.426903553513944 0.383907292273816 0.430659336091149 0.290979143685627 0.388376591538385 0.598615098511402 0.145468026440644 0.34453910299962 0.251814037952162 0.277012499691931 0.265232600783971 0.367393486652979 0 0.387607350330083 0.45834024111371 0.297092476932196 0.420145288014496 0.352100797747293 0.397523974727945 0.367824498343518 0.363735977274469 0.423707767092961 0.394403537840613 0.38756909292682 0.357152106826194 0.4275473904487 0.415373630905725 0.352976294925389 0.375922380469466 0.439136367764972 0.433022760388527 0.383412296057268 0.358659895676646 0.431848287991406 0.415039667966434 0.35690154486216 0.374789241646352 0.406206287026553 0.453382405558393 0.408622402177411 0.387030588489289 0.462552264433589 0.437838886841196 0.386190240495418 0.292018129743557 0.464610693642849 0.517351223543471 0.408217498684397 0.421826917471352 0.461399176363991 0.669843973648255 0.39411310634727 0.427338125799314 0.451885484999481 0.39065539091613 0.482153299529233 0.423345572343877 0.375074517151419 0.445032323006364 0.587254652084621 0.519838061996131 0.45456558142097 0.461033470388347 0.430949462117388 0.409095119066326 0.471953536962183 0.334548042458751 0.422953835675702 0.471437191304244 0.425090720628175 0.547903800696814 0.363977039342162 0.496377066037298 0.304749051435594 0.426816157243032 0.309039601387924 0.363586649961708 0.376259391365488 0.266727043656301 0.327512348229929 0.41605337684395 0.24908701271826 0.414054844981441 0.320481475255407 0.362086407612013 0.333169900509828 0.167557702619185 0.326274849718931 0.470802237765613 0.431478209080496 0.261664409729347 0.458636092069947 0.478994067824291 0.377909920849948 0.383140093931878 0.437944432147839 0.44898974900872 0.465939202804923 0.462430586054811 0.398377403825809
"kurmapurana_khanda-1_u" 0.380482706390501 0.440116798760717 0.500009590993613 0.445490278356408 0.449241803813003 0.471646748327038 0.461293509443641 0.510899509779682 0.418657031129637 0.415854322144856 0.57397667431796 0.456030489029552 0.514204198713329 0.345033129184194 0.263735968163658 0.414817956041734 0.261495980018514 0.250246463345226 0.265652490911174 0.286512450330925 0.345898921910618 0.285760250994718 0.307751854112589 0.341149889848225 0.330484042107865 0.4236202259491 0.288737626931158 0.328161588844127 0.374976372430278 0.39257932592289 0.308019132432516 0.302724075128105 0.442702796102861 0.375570874256358 0.495641644998165 0.379844051582182 0.40540240652532 0.473707200705179 0.414455322052443 0.387607350330083 0 0.301264912265636 0.292822241191832 0.301861488361824 0.356390063893673 0.395704975092863 0.371734984094635 0.347452294134255 0.381837921563041 0.396893837846351 0.362695003528092 0.345271602806066 0.391283904310719 0.390032301117051 0.370761136062061 0.356125624329296 0.382379289362014 0.411384221574411 0.367652315164565 0.353326621384528 0.401844358178504 0.454318175808564 0.375948492634891 0.423984696319571 0.457848921926123 0.482155577139231 0.399307998819109 0.340464012588694 0.364237323204929 0.405816635274276 0.343267222519778 0.285325810846634 0.271996102816588 0.434485425279416 0.401267266433295 0.281596895852914 0.261795553755257 0.539294284496346 0.35544114150783 0.411628764728766 0.399232772537807 0.415494458919598 0.443380974483319 0.401959186525466 0.368778261790081 0.256052281234168 0.469074754095971 0.459262312753109 0.263993735666918 0.432819292582226 0.314829549775261 0.243379262341236 0.379605280366869 0.248369134387586 0.306709329247787 0.306912787432118 0.401749640943563 0.380287449731645 0.289690768179671 0.358273813068769 0.346041752674766 0.34486179936403 0.339745113190364 0.290033552785824 0.279504072966112 0.388388088727867 0.424147282855195 0.47433710179051 0.351768970607573 0.433444194706892 0.426450520142494 0.440721464634494 0.43617888852128 0.359539731332961 0.432525991745631 0.345837848515746 0.305271390081677 0.339455513255358 0.366936666301644 0.346131819699512 0.324281914348015 0.350246540640472 0.381963530133757 0.462099281980065 0.379481980231531 0.36379297552046 0.316302302218762
"kurmapurana_khanda-2_u" 0.37700164058273 0.479299829106409 0.487518186364884 0.49419480719293 0.506841809209239 0.499794402941167 0.463550185554329 0.519029915545373 0.512356080502674 0.487784101089964 0.54620751731978 0.526896872610422 0.48758777990243 0.42384388385502 0.309765859403756 0.448398497228319 0.35854293041968 0.327032954394786 0.340853168158179 0.350604027588299 0.34515134168104 0.33754984095386 0.355452417369597 0.354857677257985 0.290263320944671 0.39699618601196 0.377963050026049 0.429578386213578 0.436279290391098 0.514084191292898 0.425396357460818 0.349915152188144 0.420482689480126 0.427749876860818 0.54587321638664 0.405990467041469 0.442224211992208 0.476723197434648 0.466084287424414 0.45834024111371 0.301264912265636 0 0.34738678345096 0.319749989121037 0.404833601083321 0.495081577876554 0.406509021089078 0.418305768151217 0.420747182985704 0.386609064814629 0.458299272379923 0.446234563034874 0.468514413458458 0.4775757553746 0.47568977514727 0.407554444355858 0.436964975479483 0.432214336861568 0.333141328396755 0.356439694678007 0.340086638789545 0.35683668309192 0.395369478966181 0.453525700100611 0.504914433897623 0.478711361966062 0.43209761462768 0.371275622516437 0.473085800081075 0.467639789990395 0.397262580737261 0.338813853170853 0.292869366289939 0.373582741336633 0.465982592185133 0.380622645525237 0.401115680553081 0.553091004079822 0.440203627622184 0.419416491106665 0.454923237757241 0.453453594185538 0.473360008007905 0.490270861296351 0.448971138411071 0.310768540536482 0.489793602482498 0.427092483397244 0.366505094795392 0.468753059088832 0.41546264464409 0.326425734302157 0.459490604092717 0.316170981125204 0.283818448195982 0.286667184503469 0.497290251221108 0.399602532758949 0.366353274550396 0.311308190897383 0.425569234324472 0.296546315481268 0.424184692862162 0.38912707943786 0.400559352320611 0.442601378495728 0.442738162129978 0.366936995808418 0.41275504460363 0.506631677381378 0.464913990396694 0.496330377507581 0.421640569221131 0.440974708264373 0.429327180588553 0.394714127317183 0.359862414836417 0.404209278425047 0.350937122064232 0.442041740691269 0.409329682442076 0.392518203121852 0.344303506914695 0.486339620017759 0.465151665665168 0.393371993219431 0.382119207440451
"lingapurana_khanda-1_u" 0.334323150665231 0.540011790460237 0.572967664092105 0.535110204188522 0.551810508008437 0.518805112034664 0.522310515441868 0.566648121562824 0.530076265230726 0.520606273128809 0.608588858578888 0.549553433374092 0.547340926566146 0.437428386204373 0.253500676982773 0.234833840495487 0.201671189797537 0.307249059534186 0.17913336782189 0.262252678240436 0.413949863358123 0.330885961240474 0.310305263626895 0.288667801275326 0.306580342785494 0.316915325021556 0.301565994449179 0.39755890461186 0.323930936069771 0.358159010523743 0.301708280685039 0.333427205637489 0.510327256287303 0.291595304801233 0.365224717893854 0.30094575031738 0.32648416965121 0.349871361625142 0.310841202861782 0.297092476932196 0.292822241191832 0.34738678345096 0 0.248490861835158 0.37049168375154 0.399064028307747 0.350929172923532 0.376981899235026 0.42127231979336 0.366813185493988 0.377549204034114 0.344485403373339 0.437526655985559 0.428424848105162 0.353700845183039 0.373605362067455 0.399011331729523 0.367599074570594 0.322777138256491 0.29263160635694 0.340717283143389 0.327519362093597 0.35242442294313 0.344709785601522 0.407929056980558 0.44461349864142 0.371032041672281 0.322950819741742 0.407867378124685 0.45788930519592 0.351001072700964 0.202620448893923 0.335782856186435 0.444971832415931 0.349644635808608 0.367220517401536 0.375065561704014 0.589670906851378 0.414448833747784 0.41049445788512 0.457939843832372 0.411408267638481 0.478069888856461 0.437809440296127 0.426452800909578 0.341264479639963 0.516551654490686 0.414683676135869 0.364428871381435 0.433080878175546 0.394293794480009 0.306713418411508 0.457032792693242 0.257882623670872 0.31274584442602 0.311425357341307 0.391417395520091 0.466181965416144 0.272581040073167 0.371290772784609 0.274782209486038 0.367245929906689 0.337262394908287 0.357639295026088 0.377269654508161 0.218018310000321 0.271191108360872 0.366266759944139 0.23680637288194 0.346225745141846 0.266911184444077 0.302581968997405 0.255592539363249 0.269420853367286 0.265549279713922 0.394469231210979 0.352396992499805 0.172867917905338 0.388848149042505 0.42817109873845 0.362086797286157 0.301895515341029 0.30310319171927 0.447070111337209 0.459193690900287 0.403526980195922 0.35100668864786
"lingapurana_khanda-2_u" 0.295604080433504 0.526723339454604 0.553503641176373 0.53453841129179 0.544873766770344 0.486819224994781 0.537175352130863 0.551691829518599 0.534129120152549 0.506673401913153 0.568175877415654 0.540652620094092 0.530929783439339 0.443268044397798 0.261707171304954 0.380646291958306 0.295868887154919 0.30709295924896 0.263344797328049 0.309383640226931 0.386708550695439 0.31223401885624 0.323377719125594 0.269853171044968 0.303810237342209 0.367074164528495 0.343441563624328 0.430865211020985 0.407243289188002 0.43460436678226 0.376607315160588 0.38294796792517 0.485804947354191 0.394587175346372 0.496555801409761 0.35218507349163 0.399731905034663 0.462180631410978 0.394175649995671 0.420145288014496 0.301861488361824 0.319749989121037 0.248490861835158 0 0.411816009143544 0.439115696523451 0.399746789756254 0.417338222516569 0.452678050109368 0.405927977918606 0.413667875559302 0.38726284785733 0.459001953996251 0.444224437241964 0.430755727513754 0.409621918100016 0.427586684750553 0.393589266430914 0.35314530283466 0.352936702946199 0.338700952502603 0.40117261968668 0.376624391825964 0.417219052752506 0.480575797466514 0.503506673260423 0.421914486104757 0.322898793858541 0.412437462211199 0.479310228633464 0.361836661404604 0.27874342795212 0.297766442240128 0.482750915107943 0.389712198835036 0.392945491939358 0.399330270989781 0.543160161117453 0.452820800209153 0.449118415481335 0.495055122642901 0.466316677303675 0.495413058999257 0.478940186408585 0.506279395619029 0.332799289277078 0.516973334026842 0.402591113792432 0.39734508304775 0.47119512538281 0.418101092798006 0.320980759426658 0.484429854315965 0.306884562651154 0.261719850133717 0.270840785709435 0.399997376502399 0.451963135211971 0.335398801938774 0.380234374296328 0.376082728512358 0.411105631583944 0.398037318716573 0.395932271653179 0.408795837901557 0.383173988393427 0.405527292119208 0.369907641943594 0.355620687323976 0.438184222385506 0.399085815948681 0.423693065752787 0.366015357049115 0.385871576591406 0.391890086099566 0.370259897111844 0.412470931389307 0.338014070541293 0.385580234263619 0.429646372490367 0.398980648062006 0.346455331950705 0.373351260990542 0.439042618019551 0.466342286935923 0.415075557917872 0.349039883883121
"mahabharata_01-adiparvan" 0.47307760588991 0.438085175987214 0.512551186396887 0.48128729506115 0.477152905215516 0.516019583299253 0.421088749984846 0.482924425440035 0.403235327263452 0.45254896760279 0.584130169559475 0.460361749185952 0.494329925858461 0.419186204798965 0.326370002191139 0.439038780498226 0.286050753167438 0.370766881358535 0.338204390265236 0.228063320273324 0.403736651474174 0.266566231976241 0.409692995814714 0.429699467030171 0.341943320746037 0.42912263671227 0.238020316048054 0.30315330270836 0.396764337286771 0.426059758201967 0.209908750674798 0.323590392631363 0.539488971029845 0.335780597993704 0.509115863299431 0.364792195796093 0.400548850132971 0.441481268056606 0.428570537381884 0.352100797747293 0.356390063893673 0.404833601083321 0.37049168375154 0.411816009143544 0 0.372442242756844 0.196713338937068 0.117525245003383 0.22329379862965 0.241943349252439 0.297973420355067 0.2816799533827 0.284076060300577 0.292709675671749 0.301875614658585 0.194446172352519 0.241620631388714 0.352364559400147 0.26800169877468 0.270295428342178 0.375448721975444 0.438313628797109 0.138582996840705 0.224795709901551 0.302185154809099 0.366679991079881 0.315495632432167 0.250190798910026 0.331359120271665 0.284121261758783 0.21703190411814 0.314199457295205 0.418607566739348 0.42550308612353 0.385107056302934 0.304961565961216 0.323862576606619 0.622433966342804 0.250034012317014 0.242112816331718 0.289341147926111 0.259019685005727 0.311207918238187 0.294195137493688 0.257910384104801 0.337267817753651 0.541484443606736 0.4750409429574 0.400605982005661 0.397233579811371 0.299438998862775 0.37251783037864 0.323851841572887 0.288338320310758 0.334043320123409 0.42718864292491 0.4067416716122 0.430730251740101 0.297753152156615 0.460590038511455 0.262917920851313 0.419008101352792 0.207457848701316 0.268033367832569 0.269891166299617 0.416262182985643 0.433557509292813 0.455155196907494 0.33936932662255 0.506339165378044 0.472007550609995 0.476565887522039 0.449493018898866 0.336747382177948 0.43409953787891 0.384276948077435 0.335920045533376 0.37886467841105 0.360149774016354 0.414164477740043 0.289800260487843 0.358671106597669 0.414368903302144 0.459795454278989 0.310361662284484 0.347451864716286 0.278735313514409
"mahabharata_02-appendix-21_sisupala" 0.448359980624009 0.542859842083627 0.614053911262233 0.539647500877245 0.553477129679938 0.595569369076464 0.560152653921033 0.618482862779803 0.528483493102454 0.534010002160381 0.663825420461412 0.565724751376012 0.622875125392986 0.471500190352036 0.410494577953414 0.479565376779167 0.369271550252964 0.417713776301963 0.390370154687368 0.379605260192653 0.552438211885711 0.429163054209849 0.453644649360054 0.451713476748672 0.478845611124295 0.547721487414657 0.325511571232608 0.379503225809887 0.365361744854131 0.332269829686483 0.299132939822762 0.448754914579417 0.623569005801665 0.406810386094377 0.543464789049713 0.415894197970321 0.463967471469171 0.487877273237299 0.50056982408741 0.397523974727945 0.395704975092863 0.495081577876554 0.399064028307747 0.439115696523451 0.372442242756844 0 0.395882452698018 0.358300772667766 0.4141397242419 0.410568929384674 0.303453154135486 0.344420708144483 0.332389160750541 0.306517673499237 0.307204946245722 0.377924294928147 0.417805374684899 0.472508647804068 0.439855397149777 0.438183822261874 0.518616712231676 0.530584447182469 0.385523335721821 0.408115840811547 0.349440740722049 0.526742816905619 0.389938485016862 0.437023124679361 0.430764661036248 0.486183207978688 0.437856640917597 0.379626084765244 0.443250916687594 0.572199888761151 0.460586168291279 0.433321923484783 0.435306536991739 0.634579056119596 0.315636498780657 0.441854098415212 0.419422137004181 0.366045886430405 0.396777321360422 0.326423402249544 0.366256843799524 0.456320502743982 0.541577948099123 0.471023391179192 0.474583736808198 0.500245078814103 0.420038287932563 0.453337347002534 0.446052055512988 0.423675449229064 0.431111044688786 0.491782200461412 0.416477266603145 0.533697599741627 0.413356574062304 0.552478580004249 0.353095082753802 0.48941765482229 0.322898159784757 0.378493113433001 0.390029747891262 0.451681915709508 0.466845550331817 0.54513457700749 0.425107124326918 0.47575671457154 0.489061713049139 0.49823693517107 0.513954139247154 0.373819883540902 0.493088777885055 0.459088977928554 0.469405711067667 0.433968676928158 0.481137965836832 0.488877841149638 0.43829602582969 0.478115583781721 0.498262775254965 0.519817986470266 0.46573244928597 0.462248822609344 0.439719505231294
"mahabharata_02-sabhaparvan" 0.437598015256465 0.420815553807763 0.50738425867396 0.47159931155521 0.455643760841428 0.513323714041893 0.395994955561117 0.455887900103721 0.418631373007186 0.468122933834297 0.57919894908829 0.461013716210155 0.461826840245501 0.418590076232148 0.344029113739892 0.432892984912788 0.30483197141892 0.392400617068448 0.333722693060301 0.251601816113285 0.428189706788404 0.292559618018001 0.414695627071857 0.397334112527531 0.344045535015179 0.400716266001062 0.260087348577951 0.327521946694142 0.327433915559983 0.361132448752393 0.238712051536086 0.367273222301785 0.52861456095647 0.356819653943045 0.5057729939668 0.39407433541047 0.396872526015429 0.462073776945568 0.439096966286363 0.367824498343518 0.371734984094635 0.406509021089078 0.350929172923532 0.399746789756254 0.196713338937068 0.395882452698018 0 0.183814390526546 0.208066538936618 0.146909475203298 0.248255908759223 0.296065665560116 0.321334300546489 0.304365325461251 0.276215873310377 0.214048016267904 0.207773106599939 0.346443861448331 0.184528581255677 0.182939230683881 0.379551015824144 0.394479185945375 0.18645160180237 0.244934129722286 0.339973333859074 0.351947632098888 0.258279161713261 0.272724102976246 0.367996656853748 0.351446018546071 0.266496174126398 0.290327855194668 0.421583681858524 0.41747511317403 0.380286523136703 0.359389113426545 0.341141359492391 0.617346206555161 0.310737962170278 0.259508784544955 0.32861863483484 0.248426283135856 0.307873597846819 0.309630830217292 0.319145507549593 0.340253347354372 0.526141162977527 0.421577283130931 0.40791497879798 0.408636736625985 0.348652472073178 0.39317184394638 0.370270361168199 0.301143708198867 0.346558354963405 0.43378021077615 0.3776442345692 0.435873933326832 0.293094722355365 0.459305888686503 0.284076142766057 0.407070055506797 0.223919012747528 0.316488074951398 0.340372182156155 0.406671396487633 0.434496225050319 0.449733249134596 0.344107913949805 0.476059661086507 0.454412611981575 0.464394577409292 0.432457091685007 0.363950458634012 0.421029975431583 0.395273374151143 0.340796918193116 0.374058358865673 0.340990186029769 0.435898090043478 0.340129095643791 0.365326003516678 0.371545917343126 0.469045675589102 0.362012143452305 0.383134828287779 0.323598810701185
"mahabharata_03-aranyakaparvan" 0.465060905611092 0.416596240294373 0.501308964452823 0.460782354984692 0.449505446470186 0.497760230207166 0.400830686848517 0.473371623824635 0.389841749816979 0.446450322509205 0.581679800998503 0.431661335223677 0.466150310743224 0.388248219364536 0.324771878187901 0.456161016745474 0.29761266618681 0.37062973453202 0.352304245976707 0.228336208464755 0.420990331860039 0.252105949244047 0.39353393087429 0.44362874073493 0.331411069761161 0.444815208331002 0.228539520911387 0.289918094392645 0.365274308850431 0.398283453710081 0.189964820645127 0.331369218321588 0.538534502004896 0.349118104290457 0.521328037913083 0.382522052779582 0.410800513468247 0.470191855609098 0.445283825458439 0.363735977274469 0.347452294134255 0.418305768151217 0.376981899235026 0.417338222516569 0.117525245003383 0.358300772667766 0.183814390526546 0 0.15890729627478 0.196576175176358 0.264911083224926 0.29104384563549 0.244757979615697 0.252949722898964 0.267345197033005 0.19165620324655 0.185894457658083 0.365451750226238 0.261825025554519 0.253241129878595 0.380783644020654 0.442491203241544 0.166103326458785 0.243578425525101 0.309341409942774 0.37491788459487 0.299041244639782 0.265819759420123 0.329105595474755 0.308374131058005 0.235379508730703 0.307130289148589 0.411952947783039 0.402301780888297 0.40745209827308 0.285147944326784 0.308331489439942 0.626490297829905 0.243603756777479 0.209024426710494 0.26331661405254 0.223813796268353 0.26581140611171 0.253882830599811 0.232830069052189 0.339789438278963 0.520241793861873 0.459064778437225 0.399687272633352 0.390789777517487 0.294669730719501 0.38526538613112 0.322975399603829 0.29275538241768 0.339095836090996 0.440285995692512 0.392039447250807 0.421370023428356 0.286324811696802 0.47642955761954 0.275001323801319 0.426997766723538 0.213741209337215 0.260631959588248 0.258187715436196 0.428008529216458 0.446359903315654 0.470530166816656 0.35004407693133 0.500888556376667 0.479692604205704 0.487161755852891 0.464776921265556 0.34897601490502 0.454873734416756 0.374882082726507 0.328740149787043 0.391828460789663 0.350631325574833 0.40522460743194 0.296746177339146 0.374035661969769 0.413059320638151 0.473071481316214 0.325076862868064 0.344758589808097 0.277283784582519
"mahabharata_04-virataparvan" 0.477862073557713 0.399172813391807 0.494941543781278 0.456990621935633 0.446962328040617 0.518262065568226 0.403183177172464 0.463969518290781 0.422622844266886 0.463726296719535 0.597035252928526 0.438929878910009 0.427435604028779 0.417452797829446 0.359881776161706 0.493326839816019 0.345408998446693 0.398615691578937 0.392028528251689 0.304523054059865 0.438717211624277 0.282841545918358 0.395042064097473 0.473911305470276 0.339399270553345 0.464937930678538 0.276327563728743 0.332877813316828 0.394712468067455 0.409440952242589 0.272606184820186 0.364355877290748 0.533067473216656 0.405068372636859 0.557897075934725 0.441398958452154 0.467293984827584 0.521262447154011 0.496395030690701 0.423707767092961 0.381837921563041 0.420747182985704 0.42127231979336 0.452678050109368 0.22329379862965 0.4141397242419 0.208066538936618 0.15890729627478 0 0.20635587910017 0.2881742962705 0.328281603279756 0.269629393045947 0.255300037041225 0.310081340808409 0.241932237637284 0.193781581107646 0.414782873857874 0.280238564128192 0.277376702027628 0.415676152093119 0.451893050165414 0.242662091284593 0.31142556041965 0.391851655530802 0.418143540827709 0.332822949665611 0.31218196381897 0.374663463863677 0.34588159382996 0.290678671206988 0.356779222225543 0.418701537919622 0.389303874884429 0.458358233939185 0.325427759767149 0.348504725623003 0.643230033816342 0.296274825951079 0.212776318505333 0.268823530724594 0.245328071560687 0.23428746103997 0.268967922623877 0.282812802844983 0.35892858080679 0.517429586318721 0.46782436926747 0.428355406046384 0.426976297784132 0.327027894733452 0.43121583503705 0.355097312995383 0.334735208253838 0.374139204064062 0.45983227119096 0.425617985857671 0.432914275382952 0.343751207198421 0.484327850988659 0.349436169487428 0.441861921296036 0.276661087063321 0.337916741739603 0.323220546734328 0.46597143461567 0.488048836255661 0.492775603836303 0.395740094796559 0.52845704529449 0.514950541302214 0.521020522840493 0.494614632953593 0.411736840460238 0.503153759459619 0.39129043679464 0.358980090457924 0.43292322140194 0.353841812744038 0.425675850703545 0.348903436069715 0.419498985334795 0.43356808454005 0.52289221882008 0.352322805223118 0.378565952759504 0.338985948060036
"mahabharata_05-udyogaparvan" 0.450073080217746 0.416952256734646 0.486001009184684 0.446865932919789 0.442103721203354 0.488983872146525 0.383597982019354 0.452457341207802 0.443388426872767 0.473991651935326 0.571972487567455 0.468215468750951 0.429949759686853 0.410428409406032 0.343466175311742 0.439345289446686 0.319553661820173 0.406438446253536 0.338639137564532 0.256718044992564 0.413706660582089 0.308056601674647 0.422219002838184 0.412910028632305 0.329357571424959 0.404849306297004 0.27969785924553 0.342676831323379 0.326112904577627 0.388220764636401 0.248517821089624 0.379476293366644 0.514640227857333 0.375175235551587 0.505342464583673 0.396813125413011 0.401101384086682 0.461500742454301 0.437555794144327 0.394403537840613 0.396893837846351 0.386609064814629 0.366813185493988 0.405927977918606 0.241943349252439 0.410568929384674 0.146909475203298 0.196576175176358 0.20635587910017 0 0.282237729274886 0.302294731873694 0.315906859497476 0.308395574000604 0.306004306639211 0.209918776988757 0.18993650093306 0.339900371247877 0.152656471095094 0.192255201576613 0.361529623490995 0.374069271084056 0.184577916617615 0.247635446567088 0.350501822923504 0.364073994116302 0.259283303881198 0.265029477172328 0.396279837884188 0.360945787562404 0.276279457543415 0.295240335272959 0.430973638225547 0.371935017615063 0.443800057498678 0.359456019582248 0.359742565203447 0.633449342130844 0.326030043180345 0.238677026898047 0.34515896677056 0.26999466141296 0.299589779970208 0.327179516924975 0.335962587448624 0.357483635471384 0.495294120989243 0.395270615414307 0.409056520224313 0.421125681030078 0.355747737034159 0.403658044297805 0.385469202191396 0.292121786113241 0.345576691381465 0.436121824779548 0.38195482314638 0.418121099782662 0.307557119503489 0.455966101596231 0.319271518330639 0.395708454102615 0.242486292738926 0.332248546752028 0.36348841671254 0.408900490589176 0.440188640253873 0.431595360483463 0.339645496240968 0.491757484258535 0.464784775410343 0.4667745148048 0.433949952705622 0.388776604589861 0.411456761206927 0.396315618215237 0.370833860542395 0.377404322827275 0.301731125113698 0.461021300557144 0.352977008230161 0.354772892822987 0.346062383842476 0.465407695899304 0.385645762512999 0.368561964236555 0.318596992958521
"mahabharata_06-bhismaparvan" 0.429723120487871 0.46097355950945 0.552755160875963 0.505739595763101 0.490218547708033 0.549002495451711 0.508565351789729 0.559389267662231 0.48171068688634 0.506740683215809 0.610612791199939 0.485186310757281 0.549219463787097 0.437238139452727 0.355050806918293 0.45355970911873 0.323256201701446 0.394530624192321 0.356133461578114 0.296135650786429 0.471473905744832 0.363461948020137 0.418285324458609 0.401993734844933 0.396576705342851 0.458884377148676 0.264392361248624 0.3384596552538 0.31989489467062 0.242792877846229 0.257766002613833 0.400181546400311 0.557533479881025 0.377788389788043 0.53587068151219 0.393783288375838 0.421600084559815 0.478583066210117 0.4463715853305 0.38756909292682 0.362695003528092 0.458299272379923 0.377549204034114 0.413667875559302 0.297973420355067 0.303453154135486 0.248255908759223 0.264911083224926 0.2881742962705 0.282237729274886 0 0.351550620246037 0.185204109790488 0.17187732196548 0.163720089675417 0.266459456639962 0.289729074383594 0.42105591447037 0.320899122785851 0.323506784110655 0.4309466949135 0.448019447120026 0.28349911575481 0.316514350154982 0.316644693973713 0.421252023711479 0.277190205961596 0.3471030463074 0.388522759815783 0.431645264058771 0.347888656156496 0.314351413242155 0.41891598141185 0.501443971165147 0.417337221291206 0.383862247814895 0.370694451326837 0.629188613573445 0.293498156667848 0.33128997657455 0.346453495931781 0.276137861199229 0.33128754141539 0.261618651536084 0.340333885519967 0.396118409158547 0.533396886814598 0.442227846736612 0.408662776830282 0.430702874175541 0.391207214900675 0.405295530168175 0.445491783741606 0.338510318880759 0.364559817025788 0.459609414034528 0.391378002780323 0.4860220370818 0.32531227468741 0.502252020650149 0.331023319676209 0.443502497276107 0.263750028704737 0.336069820137837 0.345148316221734 0.430463600047111 0.453677950302886 0.497754967536427 0.382548008013253 0.419960377634278 0.462161817069605 0.48031503059356 0.458210601680258 0.367406096109213 0.462286488099701 0.421667811771599 0.410410119416251 0.390752446163992 0.405879555360447 0.459094865908054 0.382233491789938 0.400810738859175 0.406839440665485 0.466149943798743 0.406331638178849 0.405287639218237 0.352736025798115
"mahabharata_07-appendix-08_sodasarajika" 0.439350496767437 0.459894894157594 0.558243610010816 0.494769425937518 0.486721250851838 0.513251926033054 0.473671579943589 0.517119506601967 0.443092429063308 0.441511404937169 0.621013159879123 0.482054150399779 0.520743391111885 0.428525740561063 0.296642028263404 0.426813612116335 0.29114533966827 0.412744966820093 0.323790765989918 0.247395051155921 0.466538650991261 0.294939850371561 0.413608972913662 0.418064575001211 0.37283897262697 0.440975106763756 0.300691974223262 0.35387616214206 0.38770210894906 0.393243414393543 0.285586935363397 0.368322442313568 0.555642788555182 0.341895248428879 0.487105288659544 0.35298114613427 0.396313306071092 0.41593165969409 0.413935870625028 0.357152106826194 0.345271602806066 0.446234563034874 0.344485403373339 0.38726284785733 0.2816799533827 0.344420708144483 0.296065665560116 0.29104384563549 0.328281603279756 0.302294731873694 0.351550620246037 0 0.383328202238112 0.365699953785116 0.352263997576072 0.316128946627591 0.335498219803685 0.371233376544498 0.295655002101107 0.297014192906496 0.434859950088729 0.441401790748553 0.288298039418792 0.340384827050238 0.393115033666132 0.460741027936482 0.338570443623668 0.30082454995021 0.378189463664418 0.33524575344344 0.281886739578528 0.303769110977281 0.426647953301984 0.481570666261431 0.350061964917142 0.324383180490466 0.309829319776293 0.630027042620453 0.348630991873841 0.385474571245212 0.423785829407022 0.358502004466812 0.414285716630656 0.38669825390839 0.380246994765292 0.35124651437393 0.510212446125424 0.421724989203928 0.36651026039075 0.391630038609397 0.300119807934362 0.351721501013041 0.34597103680887 0.298969643940528 0.36023589482623 0.433373271271879 0.354425401692967 0.432307226560606 0.308339884461664 0.493856392905912 0.299970565564697 0.431784102742104 0.247000359789962 0.298684366543878 0.360463947873625 0.397930329723195 0.443275598287374 0.468517883229967 0.347901969974072 0.478567996712965 0.460332815498827 0.45698012214654 0.43601356559443 0.350687234853235 0.434529200062675 0.378225262884001 0.342300481012371 0.372017712232268 0.418150249203601 0.418965281589065 0.324585826738542 0.337831478198556 0.409849232979709 0.450856834007368 0.36520482266641 0.384129784026381 0.294631183842696
"mahabharata_07-dronaparvan" 0.466485006303556 0.450285301399753 0.540236013165136 0.492010900633957 0.469855083582551 0.548863251014799 0.49552934506623 0.546326403276679 0.477397839536988 0.492381989818128 0.619667974202549 0.468146821049017 0.536934142160151 0.42698124957837 0.362455240495619 0.502453813310759 0.357851157982441 0.413019537592215 0.406459772102309 0.338804429063906 0.488650704826133 0.370479965628453 0.409671760941832 0.462558244187271 0.403141413574809 0.519470007768483 0.292301522063113 0.349189568703818 0.377160082660767 0.334218922867378 0.25679746047859 0.407859694236826 0.58010274388411 0.415435209183655 0.574744369538326 0.433655741834827 0.463637755458111 0.521354728123905 0.497995654259838 0.4275473904487 0.391283904310719 0.468514413458458 0.437526655985559 0.459001953996251 0.284076060300577 0.332389160750541 0.321334300546489 0.244757979615697 0.269629393045947 0.315906859497476 0.185204109790488 0.383328202238112 0 0.13590832959441 0.228647969729744 0.249183248431489 0.275351070620064 0.450603405106964 0.371347463513018 0.387153614981174 0.451548476990914 0.496487447594832 0.294636505698925 0.345658382518663 0.325347891186934 0.444530914006021 0.357857547452862 0.387209717108798 0.395183684344436 0.392033547114585 0.367277274409942 0.371009869059425 0.422910863416187 0.479999229373306 0.481941418682963 0.375380845452988 0.388495617785718 0.650358268566223 0.253949482416883 0.277879232593437 0.277354962871446 0.264604926106799 0.238578325054223 0.184964344843077 0.285218885625856 0.416433728350142 0.528059179866694 0.479365186020937 0.411833907019302 0.43789578465932 0.38899832062137 0.431927747242649 0.439937460671763 0.339355145406646 0.395219189238828 0.473938448295861 0.434701896170604 0.482478716810217 0.376168182729179 0.519095106510794 0.37762210793272 0.451353296861503 0.277647812666911 0.332967575776874 0.293246006174409 0.478990477738197 0.502196220100056 0.517368674460242 0.436710231602378 0.505132077850814 0.511613644758477 0.525736926816407 0.516029086797876 0.405881183728334 0.513594224621389 0.431438936922569 0.412944422845908 0.447141907597778 0.410467055477026 0.482170523291147 0.364693278470751 0.451238768118338 0.45725547600879 0.515771014166771 0.386933265900669 0.395168899974018 0.356446819885218
"mahabharata_08-karnaparvan" 0.445045337228097 0.428000877942686 0.542936437066693 0.477149257857089 0.467418403096276 0.541267943064093 0.494731102337627 0.545804770107918 0.485361084152586 0.501077358895644 0.621099214891555 0.460966207284752 0.538188789987665 0.432797957749489 0.361412541172898 0.496174230860236 0.350224838116254 0.412790401681666 0.400758602513671 0.329189596935706 0.495827270622785 0.372770021109094 0.41704739909284 0.445953539267402 0.408314364600494 0.503872248941731 0.275840249535897 0.331634139055165 0.353937694457338 0.31745235086761 0.246649504117933 0.400498811325639 0.586208251974595 0.409421988020793 0.566346901214694 0.424725319683426 0.448736816626726 0.518938526265328 0.479899309405761 0.415373630905725 0.390032301117051 0.4775757553746 0.428424848105162 0.444224437241964 0.292709675671749 0.306517673499237 0.304365325461251 0.252949722898964 0.255300037041225 0.308395574000604 0.17187732196548 0.365699953785116 0.13590832959441 0 0.194440108165744 0.272027821203286 0.274684687475196 0.435048423152285 0.3544002810457 0.379361656853826 0.447788745469504 0.499369371399222 0.301611145962694 0.345398629951283 0.34344626084793 0.444473058217444 0.335464298022214 0.373502028088015 0.38098583672687 0.408518173014203 0.352324781385522 0.355904513076581 0.425170503093622 0.489378436552381 0.456782624750405 0.380317637033566 0.36979177314856 0.644785423769016 0.27758004377417 0.294048641341562 0.300763043281995 0.275479093033012 0.275500580402448 0.217182955618456 0.30204946752757 0.417378524555937 0.534537137187869 0.468422624185509 0.408562189884284 0.433234901434483 0.379214621661523 0.424253349891295 0.426700585701018 0.356925094747754 0.383444268529099 0.472907094268185 0.39399510085472 0.481255970163757 0.372018682993431 0.526222300650481 0.365529319933005 0.46743704009917 0.272457595700323 0.347415302686498 0.29347221685741 0.47505005306695 0.492834514261032 0.514656856566479 0.424443720004718 0.482401236219324 0.508249531824553 0.520493442480652 0.508659975217011 0.398162773034426 0.507902322232892 0.399450000745139 0.422983201232099 0.43735553491076 0.4192518777053 0.470360105273006 0.381502052420902 0.447838261963484 0.463968018718558 0.501998801809993 0.376732643691433 0.398883674139939 0.368158799868192
"mahabharata_09-salyaparvan" 0.444447960661097 0.499174809857227 0.596540254163154 0.537717124774815 0.529545406170207 0.568674330304427 0.530595344048811 0.599227589747845 0.526094861154682 0.529915345755197 0.635975850610077 0.520900110903049 0.592980748181855 0.464576100250682 0.36611772495222 0.425860984486666 0.306455561466533 0.393237705756131 0.341541374654407 0.292504084164795 0.496821938283812 0.376048440341532 0.433605733503209 0.419843605498276 0.41626649602328 0.451425707547192 0.271572863548589 0.367435420333696 0.314605185155565 0.275683199266542 0.241840057834003 0.396474361883059 0.589736082256553 0.354686743754265 0.499583966043367 0.376412440658315 0.39939253163878 0.451399798577495 0.399849646527118 0.352976294925389 0.370761136062061 0.47568977514727 0.353700845183039 0.430755727513754 0.301875614658585 0.307204946245722 0.276215873310377 0.267345197033005 0.310081340808409 0.306004306639211 0.163720089675417 0.352263997576072 0.228647969729744 0.194440108165744 0 0.283725195559806 0.307953210988267 0.430472949423591 0.350986282635412 0.323933236894972 0.45302145772463 0.44309931231689 0.298064300555603 0.303727535691998 0.274594342739628 0.410574913773279 0.318808940459841 0.355503685793917 0.376164734327076 0.439212900179144 0.359790700205086 0.316304149650254 0.445394234201988 0.514949829691922 0.403209401775453 0.396666812940937 0.406221495301762 0.662243476723316 0.293915517027961 0.337156431825073 0.373420746531324 0.30466538630076 0.358612902977492 0.27554030241438 0.322452788737304 0.432744585045472 0.569763884201382 0.485974813496164 0.424193569407572 0.43482105755167 0.382578102138112 0.433398147321915 0.442439279480018 0.354662342879288 0.402549877366045 0.462675196252753 0.382478853478368 0.503931974972294 0.358695866228125 0.524783510586637 0.31337222306979 0.471920475901523 0.265432435837895 0.332960065994525 0.311126722074664 0.394751594820122 0.41917898062434 0.510567781045164 0.36631050069293 0.403469475489956 0.440169532353552 0.449457015174765 0.446137486217495 0.330423858020699 0.426350586840094 0.428084449633126 0.430188106206781 0.358437054457463 0.441107349498584 0.495785089159219 0.388815244171659 0.401558498370315 0.404359719054048 0.475119496896126 0.397008013857999 0.41524035086918 0.372102993159767
"mahabharata_10-sauptikaparvan" 0.454947878741578 0.448792899482565 0.505493764235592 0.476337863544736 0.461929040816874 0.528555429967832 0.44089788214766 0.492269178188077 0.436780348616797 0.466181313778614 0.594085831581763 0.476343498532985 0.487474055511952 0.427272799485694 0.329281084402824 0.440991957784568 0.294939540110517 0.386424986374461 0.339989451359118 0.239156880270645 0.418054220057424 0.314703844252892 0.404383998679079 0.432162424549513 0.32509273101143 0.439430889687141 0.249652634956517 0.332958888483077 0.367395537100537 0.394861252403004 0.218820142081276 0.367091473627103 0.529506648179553 0.355459910813651 0.517032279267832 0.390747620809579 0.401449047671367 0.4638038543803 0.430126696689558 0.375922380469466 0.356125624329296 0.407554444355858 0.373605362067455 0.409621918100016 0.194446172352519 0.377924294928147 0.214048016267904 0.19165620324655 0.241932237637284 0.209918776988757 0.266459456639962 0.316128946627591 0.249183248431489 0.272027821203286 0.283725195559806 0 0.210752759621472 0.347001654014542 0.250392700832052 0.262200529785861 0.355859248753754 0.399792353833656 0.196602236073049 0.256475742739887 0.3128244279393 0.393298633702017 0.2924778134659 0.300130628887022 0.373184204870877 0.340322590969372 0.279005768985072 0.306723042511862 0.398960112180515 0.425238500183601 0.429331684046787 0.327390438527654 0.34443719509848 0.643783147101596 0.240396542631907 0.237802642800045 0.29173617518209 0.247589145811622 0.274935538780942 0.257875148605029 0.270854341034376 0.358301357254533 0.494034455065348 0.444402966828525 0.365788635771886 0.375536282198665 0.34281656691429 0.368485452578044 0.378934284722629 0.263729507863429 0.356542606037258 0.425724840840313 0.389279552378023 0.446767104311588 0.310082182486636 0.464480026248973 0.304156314968001 0.378340873901459 0.222232131335879 0.308307100814866 0.305151620788426 0.417606770825559 0.45226009760436 0.452969862751509 0.35532818791709 0.487907931379191 0.463068305616134 0.472359342136639 0.452938144220031 0.353008368890076 0.42814844625866 0.398848981786045 0.349890838737742 0.3832063584932 0.334229875657158 0.452843877479063 0.325030954906888 0.377569680686983 0.40106795304946 0.494368055952676 0.3661917267947 0.357801611642272 0.312988137305389
"mahabharata_11-striparvan" 0.471690737487936 0.398065213095993 0.500789693840415 0.462278576031282 0.427878540365247 0.487027541745816 0.417994394021108 0.458385081064228 0.434302000479982 0.468609254098147 0.576668136744223 0.461212581021657 0.449526684407834 0.38892456756367 0.347006152069521 0.474943888338119 0.346330672054815 0.394859576167275 0.371919622024288 0.282460430400692 0.450731588049622 0.299128485739129 0.408008104793133 0.450507477169319 0.322498688126144 0.441079285162729 0.290795849171377 0.363646247011586 0.391681278359597 0.399256923674806 0.273318706184947 0.392268293205235 0.526226983921162 0.409004240694246 0.531058025619629 0.44376917898833 0.451698499382292 0.50454099078709 0.474463153093446 0.439136367764972 0.382379289362014 0.436964975479483 0.399011331729523 0.427586684750553 0.241620631388714 0.417805374684899 0.207773106599939 0.185894457658083 0.193781581107646 0.18993650093306 0.289729074383594 0.335498219803685 0.275351070620064 0.274684687475196 0.307953210988267 0.210752759621472 0 0.385612131270419 0.270400346474401 0.272025223119026 0.373031710479606 0.437184244727521 0.240504426728945 0.304984165966754 0.384510830749725 0.395432162418645 0.309565810187788 0.312975445968355 0.397051150175491 0.395658511868383 0.305794557761946 0.338495000391994 0.424612546781368 0.410925072386288 0.4490037906541 0.343574900144495 0.333701607608812 0.623381986582001 0.336029353865252 0.220314614243651 0.308864334167112 0.25240575549624 0.27551989305428 0.277754046057078 0.320335643296684 0.367871283485561 0.498954220982996 0.422091279076754 0.406154411057769 0.419736563212962 0.372209974779206 0.399789773204951 0.403022704931617 0.299189443157218 0.371697601308019 0.443666212396447 0.410916709480065 0.413394319718256 0.314153663539987 0.469576465391201 0.359409629127075 0.415728243698253 0.290604106421186 0.322908173288548 0.347877057181373 0.447755631950313 0.480960794286104 0.488678843496923 0.39188101493424 0.511170285094299 0.494660241796258 0.497654769591272 0.458038166797089 0.415453336629681 0.457341101988287 0.389096564304401 0.360012603059738 0.406539960729235 0.349151499425228 0.459941576786549 0.367136195245763 0.38501915936379 0.410285982255968 0.505528990942754 0.402161655110906 0.395046234947183 0.334267117873538
"mahabharata_12-appendix-29_moksadharma" 0.460608500527542 0.494672895802418 0.517041581657239 0.52872400138176 0.519464419358914 0.498128842028237 0.470455756014073 0.53776552816108 0.524268646288868 0.547971012748131 0.502309186461635 0.545763176546242 0.526605513600662 0.45954023269158 0.369465530391734 0.455531434642067 0.346231971134525 0.421355583933647 0.362329553181038 0.320864032528752 0.419150576821443 0.378572311986347 0.427500327714515 0.40441481071402 0.387120819677944 0.408940886668113 0.351215999624357 0.392694254516896 0.429101556128274 0.46310753098594 0.356917698948353 0.419764697073265 0.552165028167458 0.416650575635671 0.525445714814976 0.41180237089987 0.436595911601757 0.478432480879937 0.453140896644761 0.433022760388527 0.411384221574411 0.432214336861568 0.367599074570594 0.393589266430914 0.352364559400147 0.472508647804068 0.346443861448331 0.365451750226238 0.414782873857874 0.339900371247877 0.42105591447037 0.371233376544498 0.450603405106964 0.435048423152285 0.430472949423591 0.347001654014542 0.385612131270419 0 0.310051965317009 0.329097626722874 0.372733257412379 0.427176253936568 0.33027878591858 0.355800716418407 0.446211003699811 0.473513976714747 0.397108349311673 0.338479107382938 0.447920319914602 0.406614191704157 0.349237044976769 0.355147508280386 0.453086330825424 0.465728979187538 0.464331970635835 0.420444965889372 0.400374523525679 0.577748648498506 0.401670065284753 0.384035954887763 0.466058754310706 0.398030107652647 0.453221612495764 0.447469243150862 0.431352475410876 0.384568704129688 0.492616344404741 0.462871750959843 0.424192427867778 0.450526434038861 0.408206211586328 0.360698227542329 0.447950702751474 0.349247879953698 0.363351601548322 0.406933773207894 0.439357908965145 0.423215165639063 0.364983190319106 0.465121762237667 0.388993926669206 0.417644916802066 0.35177969371683 0.395672237052544 0.409884269563638 0.443087366516618 0.467352131908121 0.401376305859446 0.382946020303828 0.512127444813809 0.469737977404923 0.497638707766543 0.451440564383101 0.42710179291855 0.435827633073945 0.455896604470814 0.426569849163254 0.40943288762635 0.36450560510592 0.497044433612436 0.413066774148908 0.373147132665869 0.421265714058245 0.450891738037176 0.432812095217196 0.367980588268034 0.35787762189151
"mahabharata_12-santiparvan" 0.415762399428584 0.419635881939477 0.48677298520298 0.449631587251274 0.441144767761533 0.476955815789383 0.37810880514899 0.434507002106403 0.435071752624737 0.454458722596021 0.558637614140258 0.45416864766418 0.427417090607675 0.395051744110345 0.306637986667221 0.407955790823954 0.297546642266596 0.393919263066521 0.312228705727612 0.232012184155669 0.409908534782056 0.299789285689953 0.404262134409405 0.372484666990846 0.294303231761234 0.361422938514304 0.275839220503278 0.366484621567539 0.35805732405472 0.412721224566259 0.312630826572891 0.353570674200242 0.505039744093743 0.369920892235237 0.485244759246719 0.36956650966305 0.373027589184113 0.439142846207234 0.4115771535877 0.383412296057268 0.367652315164565 0.333141328396755 0.322777138256491 0.35314530283466 0.26800169877468 0.439855397149777 0.184528581255677 0.261825025554519 0.280238564128192 0.152656471095094 0.320899122785851 0.295655002101107 0.371347463513018 0.3544002810457 0.350986282635412 0.250392700832052 0.270400346474401 0.310051965317009 0 0.143351126850946 0.329695298401799 0.335569272817867 0.210961481263688 0.277148764637572 0.386734139237772 0.364560558607419 0.295878060755984 0.246199881153913 0.406830938024088 0.37979729113907 0.264491268945148 0.257288449307811 0.392238784745445 0.376498797923177 0.395841324691168 0.363412270032018 0.350836611273908 0.611607730510293 0.371520457234107 0.295148285221944 0.401716607588772 0.335032140706865 0.369852071392015 0.38825406042946 0.39704731925238 0.320370037658597 0.496997002575632 0.377221948609784 0.388260532304225 0.411469251133945 0.363159078304658 0.348377040348194 0.405259132205695 0.26941582759859 0.297191117937507 0.375769099341668 0.388551797751668 0.405458971713843 0.293733572651122 0.41161143920397 0.29715026591481 0.353847117634549 0.268394431058728 0.342358113395851 0.370121174831773 0.388034774081562 0.41519877192222 0.37980017395174 0.357366369519345 0.485066929665392 0.424866423906952 0.466160834237537 0.387715030960779 0.379727027494388 0.376924354214395 0.378399070500848 0.353030918176133 0.357671828606758 0.282725525801765 0.440234266614252 0.331578042662883 0.30890697502937 0.304941100994823 0.449247934966411 0.384099327309061 0.352636270299259 0.288649457089449
"mahabharata_13-anusasanaparvan" 0.41149762692537 0.44985207516459 0.498787829536158 0.468588702909325 0.468751706408777 0.509249681909239 0.407220004670785 0.463673673193945 0.433965568496505 0.477191611627334 0.575363529220208 0.484635296666877 0.453749707022124 0.419527676221453 0.302720932367006 0.383390657156616 0.287470381800474 0.387332491370771 0.295971237543661 0.226753847113785 0.413253137891028 0.29334604093052 0.397627561643911 0.375123740034922 0.270636260263597 0.362382409652536 0.266528542712954 0.38290949150004 0.352385504682618 0.388884973974502 0.294463370954608 0.354006243109786 0.497871544857393 0.348570330885883 0.460709831478951 0.365095184893835 0.349648749501606 0.41826437563584 0.375360094230666 0.358659895676646 0.353326621384528 0.356439694678007 0.29263160635694 0.352936702946199 0.270295428342178 0.438183822261874 0.182939230683881 0.253241129878595 0.277376702027628 0.192255201576613 0.323506784110655 0.297014192906496 0.387153614981174 0.379361656853826 0.323933236894972 0.262200529785861 0.272025223119026 0.329097626722874 0.143351126850946 0 0.328734200267171 0.291289105529016 0.229859952569489 0.277407399474176 0.38795686571555 0.367821916110485 0.281845341325452 0.240651661520169 0.392940979004454 0.372622260983542 0.260965096758322 0.251449891174947 0.401402210188871 0.373764052981521 0.377433321476743 0.354165175029473 0.359872912226839 0.623390685921638 0.37038255058174 0.303531453538219 0.404408809441241 0.337740821013046 0.381440286387107 0.386056457838337 0.390163405958784 0.331179725357393 0.487860603723247 0.382396725791723 0.386508467269561 0.396124632680556 0.368152601197083 0.352639202912468 0.410131485233303 0.262395633175855 0.315960297273112 0.381744959578965 0.381461558513121 0.403497084652104 0.260503189559206 0.406228500448684 0.277948249164363 0.373087069958418 0.288757478924682 0.316749228033026 0.359140698727467 0.353256994243861 0.386874743700356 0.396386187064435 0.322233502713142 0.453199321667961 0.406690568438677 0.432181548075391 0.359439605159193 0.362186842185826 0.354090875206162 0.384461495435937 0.331485283182035 0.323328578696224 0.278938971587209 0.43944815683207 0.313526362375374 0.292370168835421 0.284336474552485 0.456116220925304 0.402232139816807 0.347169321797717 0.284063305813627
"mahabharata_13-appendix-15_umamahesvara" 0.393041783508631 0.507169477835603 0.514651976580544 0.508696281515012 0.507040336511209 0.534901351456275 0.501271216488638 0.532281836084185 0.51933311406488 0.555642681382617 0.535490719149938 0.549365828838983 0.498053820532184 0.479687176581943 0.340035489140751 0.404107923175083 0.354044658163124 0.382173889791532 0.35162491982974 0.303646449945264 0.41169291100672 0.364519243313853 0.379417547985519 0.387556000679 0.280549410247107 0.359627666793326 0.351074755545498 0.464812340688754 0.4521986730387 0.508672759832623 0.38203788922043 0.38779414721774 0.481372306367473 0.406783406484236 0.487459568791838 0.389518187646926 0.374149354699404 0.430953050554375 0.402012227454525 0.431848287991406 0.401844358178504 0.340086638789545 0.340717283143389 0.338700952502603 0.375448721975444 0.518616712231676 0.379551015824144 0.380783644020654 0.415676152093119 0.361529623490995 0.4309466949135 0.434859950088729 0.451548476990914 0.447788745469504 0.45302145772463 0.355859248753754 0.373031710479606 0.372733257412379 0.329695298401799 0.328734200267171 0 0.350879621836407 0.357634497534793 0.390491396520492 0.476976537356218 0.436274369836931 0.368776623125495 0.343255014111843 0.472059578177408 0.448030082783418 0.363566217524683 0.321094751012412 0.378384073820426 0.42165457636914 0.46252397121997 0.435969033923948 0.442943712985429 0.588449095474475 0.43649724425317 0.394516188560858 0.45788932416322 0.425402407855713 0.476549675128096 0.463123315829733 0.446715724655461 0.370194231886998 0.478661070616432 0.390942299545867 0.423422179504617 0.44944637877282 0.455179656652315 0.348875713067687 0.519986946992916 0.309408985431845 0.309401742726216 0.350757655553311 0.477653481596877 0.458333624869555 0.33209032747733 0.367460900325446 0.395512595780792 0.328463225815514 0.37848357449831 0.391205875368784 0.434967010237716 0.38517654729405 0.39405055387924 0.367981502248223 0.375302319692488 0.466897378663859 0.410222771378458 0.457931735596598 0.35561875198165 0.436413515777595 0.353524781490429 0.379362589440898 0.405009858368411 0.363042144605974 0.299753353455961 0.495246996316555 0.397907142261395 0.361733966648537 0.358689511415881 0.507839831927228 0.499037080748908 0.42598114496102 0.370042496876734
"mahabharata_14-appendix-04_vaisnavadharma" 0.440742817791098 0.545502374968714 0.56562538159393 0.578173286402971 0.56966916129739 0.587846174446986 0.521508897108564 0.571837790740168 0.581365074324976 0.563693370319506 0.603804885855412 0.596787047712342 0.552725169649769 0.507676653407097 0.393766150819811 0.375173073188014 0.355719623362222 0.469063574393678 0.346718948347316 0.357972148636168 0.460770570778773 0.437315229182649 0.470860437792435 0.428371109527406 0.340738505165325 0.398440006790325 0.415406525477331 0.502725054714696 0.427536812938084 0.482600230695534 0.435557050581466 0.425060759277837 0.535585199698763 0.400926605478087 0.463370805507916 0.397683012194877 0.384160374913667 0.413663111286772 0.402437910575592 0.415039667966434 0.454318175808564 0.35683668309192 0.327519362093597 0.40117261968668 0.438313628797109 0.530584447182469 0.394479185945375 0.442491203241544 0.451893050165414 0.374069271084056 0.448019447120026 0.441401790748553 0.496487447594832 0.499369371399222 0.44309931231689 0.399792353833656 0.437184244727521 0.427176253936568 0.335569272817867 0.291289105529016 0.350879621836407 0 0.405639493359336 0.40505328031575 0.472934099099975 0.452027878094059 0.384518108483958 0.368285461700035 0.513648928628749 0.483264935512439 0.402970703314849 0.323623630941013 0.458979351559934 0.45229665878617 0.455622856653686 0.475913396975198 0.500129327630646 0.671607887264156 0.493916581001201 0.463586156534423 0.531980975949561 0.460514516264478 0.513943765325039 0.521443405151564 0.497573600118924 0.446449140497856 0.497488496789621 0.438427561024454 0.491844230843172 0.450016448901269 0.497299120152569 0.451329233375266 0.545468784291427 0.369147379061434 0.367441714532585 0.427951607329407 0.512066466494501 0.495902529477149 0.387916284963897 0.454551781350389 0.388171624709513 0.395012643140466 0.421191712065543 0.453720294434971 0.502022923438053 0.361551763888418 0.388354347267139 0.346700234564586 0.35634060985985 0.457999257617163 0.381035968393182 0.43695231562318 0.34518419942636 0.40692021315453 0.351592404143542 0.469798834129733 0.443986717359751 0.335630483494878 0.362868550888458 0.53129849821497 0.429347799259081 0.361034245522605 0.329272470701705 0.474606076173983 0.524844423734778 0.454587585897816 0.40144529292186
"mahabharata_14-asvamedhikaparvan" 0.442726596554662 0.447307204827424 0.512091033630248 0.481089832838966 0.485528584651707 0.512834385880494 0.435201147433919 0.489501232512667 0.434309818219126 0.46785905736355 0.580792379203612 0.470653109320384 0.481441962435012 0.416615521820908 0.326414137904975 0.413365812052851 0.284245305771357 0.395575273847121 0.321913309342693 0.215030021624976 0.409441200821767 0.277225511366984 0.425193532242082 0.402241744508933 0.328876258628936 0.406257970776545 0.251557889919346 0.323720683720243 0.373573428182486 0.411406083302814 0.241938701303844 0.338257428780153 0.539550193134702 0.34399970963536 0.494561182673629 0.344023296442901 0.379906747547635 0.423354819445473 0.408042698658836 0.35690154486216 0.375948492634891 0.395369478966181 0.35242442294313 0.376624391825964 0.138582996840705 0.385523335721821 0.18645160180237 0.166103326458785 0.242662091284593 0.184577916617615 0.28349911575481 0.288298039418792 0.294636505698925 0.301611145962694 0.298064300555603 0.196602236073049 0.240504426728945 0.33027878591858 0.210961481263688 0.229859952569489 0.357634497534793 0.405639493359336 0 0.180635979992074 0.280435703677311 0.356137864878663 0.287345222472382 0.23990975667368 0.372953714753332 0.320124324288216 0.237978065831008 0.288514861816342 0.41447468411553 0.429396786065813 0.407585703087984 0.321523738588888 0.356662742014509 0.626581502318559 0.291622131159343 0.243121440137395 0.329628227158934 0.26179000040058 0.321440988698473 0.314578654084844 0.303293001165221 0.348196612947596 0.541569516346688 0.430136237060232 0.396470742550996 0.415849893432852 0.319895901450704 0.379039990500237 0.362799321946012 0.288952607829845 0.334314735801267 0.417486801685586 0.378227129119059 0.430228720264221 0.303741224398579 0.456704002560013 0.251042339557837 0.408203042217339 0.223510842125422 0.279829671319549 0.295197764428732 0.396744765379867 0.408030484277384 0.426985470008591 0.323624477702122 0.500088751671232 0.448410670700042 0.462803375285534 0.427548201660005 0.350302778086281 0.394628582040675 0.397150460063972 0.363281165887921 0.363808065328518 0.344898654233944 0.425465944173261 0.325408968941482 0.349210905949712 0.377216807314935 0.458325799550002 0.343334098905076 0.340141040555297 0.291553549800714
"mahabharata_15-asramavasikaparvan" 0.486437868318937 0.486509379032153 0.554345386182703 0.520774535087146 0.522336807544496 0.54337456065072 0.486290037540219 0.546738192928367 0.482214029406998 0.517093967435542 0.601758966824578 0.502473097677761 0.520545884688851 0.462637109052702 0.38636498101098 0.400838927238145 0.329458291235591 0.428587127663352 0.357682187579011 0.292453834679286 0.455290849610492 0.346364546816951 0.461894650096199 0.442855008752889 0.405698364374861 0.425004985580836 0.292596973240365 0.351881587718438 0.333992890874443 0.397766024975697 0.286859967716372 0.40388885909057 0.561997412566657 0.353821170384895 0.457620114749968 0.386107468048507 0.384028201097145 0.410016482277802 0.389688529377192 0.374789241646352 0.423984696319571 0.453525700100611 0.344709785601522 0.417219052752506 0.224795709901551 0.408115840811547 0.244934129722286 0.243578425525101 0.31142556041965 0.247635446567088 0.316514350154982 0.340384827050238 0.345658382518663 0.345398629951283 0.303727535691998 0.256475742739887 0.304984165966754 0.355800716418407 0.277148764637572 0.277407399474176 0.390491396520492 0.40505328031575 0.180635979992074 0 0.263359083833983 0.376972917556797 0.3045598758545 0.29612065001825 0.4070480219811 0.360988533356387 0.296322198260787 0.335458762311508 0.461146311432752 0.490770869261207 0.422750342159323 0.400410863873709 0.402481696281442 0.649486764625211 0.316176766515597 0.329531802912944 0.392795711065774 0.345446641044763 0.366804187995803 0.337726205717647 0.336092412379404 0.407458401472251 0.561763733406365 0.476741046162899 0.444974925579698 0.439136668382748 0.384276034647922 0.407941502498697 0.409788378728809 0.35279062037403 0.376680463865026 0.465439150816321 0.420324130682168 0.495120922542204 0.364181913625758 0.506303249988345 0.264139327080207 0.44827624654056 0.245302931165451 0.355513602143056 0.362653350580952 0.38014022533213 0.387793026991482 0.472347401576791 0.3363717567929 0.470435883895666 0.432481489567031 0.430391010363262 0.417001343344646 0.351443872804941 0.376192231674921 0.448597918699713 0.421288448515801 0.351451590998925 0.40623564380824 0.483468262551766 0.373316696369324 0.371179214868799 0.399440923704718 0.470433393831897 0.392250747337592 0.384527235627164 0.338790136036392
"mahabharata_16-mausalaparvan" 0.510354676536813 0.555847901314497 0.599801910994152 0.570864879793268 0.582876135264752 0.591718786736971 0.548358724307058 0.613685659558508 0.555303270253528 0.534268571046708 0.647178788664545 0.56077244660619 0.615031324117453 0.479703818302624 0.442546073491209 0.467789972555833 0.390126930674239 0.466662614667181 0.418291913749298 0.351003966272329 0.519702867464439 0.429377148278094 0.504018174946702 0.484620560002196 0.475581592093445 0.508962729975015 0.332789019187042 0.399408731737497 0.366213919369793 0.420376233691589 0.31884850686285 0.432949082784935 0.611475665582754 0.404556352261754 0.528658210067516 0.399316635397503 0.439814764237405 0.466128981964976 0.438452966530195 0.406206287026553 0.457848921926123 0.504914433897623 0.407929056980558 0.480575797466514 0.302185154809099 0.349440740722049 0.339973333859074 0.309341409942774 0.391851655530802 0.350501822923504 0.316644693973713 0.393115033666132 0.325347891186934 0.34344626084793 0.274594342739628 0.3128244279393 0.384510830749725 0.446211003699811 0.386734139237772 0.38795686571555 0.476976537356218 0.472934099099975 0.280435703677311 0.263359083833983 0 0.418813172117903 0.369285413766415 0.393597426978431 0.439219972831941 0.43606185185708 0.391526930105728 0.396069646303191 0.495770264822592 0.555365751628096 0.478318885486985 0.445223940455354 0.453808018013408 0.692630165733299 0.326359656466405 0.375720930467655 0.412763425946266 0.376491816625317 0.399991164222307 0.356474951096853 0.357590115110782 0.455818923043037 0.589952413719793 0.507462271116804 0.492967517266741 0.485946744944793 0.435201164116071 0.493959601549739 0.479832107205651 0.416474956665608 0.44047515348362 0.526694956727012 0.439072296299683 0.542911234132938 0.43405346160545 0.583437716652702 0.309111948054419 0.511041881771194 0.299895403085221 0.358335860937702 0.361514639411331 0.444119490108738 0.460561904703186 0.526438812195875 0.388235873415573 0.509183685068783 0.478292942891944 0.485413323510591 0.491644890418762 0.381001729523352 0.450538564972029 0.492923293941308 0.487711042956017 0.41979714681195 0.470062788220238 0.513496748450181 0.428631444800205 0.465497251019037 0.4492942577812 0.473098701563781 0.439506650672081 0.440216431563408 0.415171570320524
"mahabharata_17-mahaprasthanikaparvan" 0.525047460098362 0.554536529172285 0.583059900801221 0.569795771236969 0.582972413468057 0.609950644087875 0.523708088080037 0.557244649638096 0.551542732050764 0.585670333092129 0.631319552765071 0.578337984606019 0.577346984679724 0.518033045071874 0.469053867265974 0.503965154396394 0.421641301729474 0.492517853084367 0.439695361369389 0.387225356900068 0.504201394408739 0.44061353662542 0.530340327075196 0.512012855045879 0.451803960846619 0.459474164110124 0.422265593919225 0.499456130662516 0.476637268628999 0.518337604344779 0.418188315915687 0.47530516749231 0.57335655202438 0.455170028186765 0.552839137990159 0.424544822228416 0.446063463994499 0.497644794623965 0.466697226474881 0.453382405558393 0.482155577139231 0.478711361966062 0.44461349864142 0.503506673260423 0.366679991079881 0.526742816905619 0.351947632098888 0.37491788459487 0.418143540827709 0.364073994116302 0.421252023711479 0.460741027936482 0.444530914006021 0.444473058217444 0.410574913773279 0.393298633702017 0.395432162418645 0.473513976714747 0.364560558607419 0.367821916110485 0.436274369836931 0.452027878094059 0.356137864878663 0.376972917556797 0.418813172117903 0 0.413290790841811 0.410729530310673 0.463208036773428 0.454394001767286 0.418992031074329 0.411886238321315 0.520821426686891 0.522748949618936 0.478229721513933 0.456508226875808 0.493046094289438 0.69678432606186 0.480463822563859 0.438589225386987 0.495479856617896 0.415534307533338 0.494357675961299 0.46521203757334 0.472558703529837 0.480846230846231 0.612558173533783 0.535179906232504 0.506318655953552 0.477106731455209 0.488371347466994 0.479842541147535 0.496183843097986 0.439773966164459 0.4532089218041 0.525030135489159 0.497221798993637 0.536098130972504 0.410860846539218 0.474793338475885 0.411453695513257 0.496237285570677 0.418182076701454 0.405208141725949 0.454344871486082 0.484916293239561 0.495417800826734 0.523618554461182 0.43010185067156 0.555568712206562 0.518091581724682 0.527951229540983 0.509780649164829 0.458223348035107 0.474652698942388 0.518817300355852 0.473398164108849 0.457973688604915 0.462498317406904 0.549756672872579 0.418022922952446 0.432324446661036 0.431546571889443 0.48740282316237 0.469691091262312 0.476365883045278 0.421569314813956
"mahabharata_18-svargarohanaparvan" 0.478287307556324 0.500274863559225 0.537003600975487 0.518236591931508 0.514658682885467 0.557579684041258 0.497730559784121 0.534677075741857 0.488776095716413 0.536474918657611 0.620988774155159 0.541940376727442 0.509769020877407 0.484883886048298 0.393818832987466 0.453508601819433 0.356816337585873 0.428393904804433 0.37669290077689 0.303036821061909 0.476033140146463 0.368652767534955 0.473841019163041 0.441618480019619 0.363463817071687 0.439602600386032 0.318398451040804 0.35797771817456 0.378731048472142 0.361797884045984 0.329459604794095 0.4305658209428 0.500935330303502 0.402994495936714 0.524744906536337 0.408391416496158 0.429981722048786 0.472547933499697 0.423970065646063 0.408622402177411 0.399307998819109 0.43209761462768 0.371032041672281 0.421914486104757 0.315495632432167 0.389938485016862 0.258279161713261 0.299041244639782 0.332822949665611 0.259283303881198 0.277190205961596 0.338570443623668 0.357857547452862 0.335464298022214 0.318808940459841 0.2924778134659 0.309565810187788 0.397108349311673 0.295878060755984 0.281845341325452 0.368776623125495 0.384518108483958 0.287345222472382 0.3045598758545 0.369285413766415 0.413290790841811 0 0.339790183332373 0.410577520182157 0.425158731301381 0.347733149547619 0.329598356483531 0.442868736899489 0.475021812791792 0.446358264274975 0.404104577218078 0.408481560180349 0.643425342989253 0.344766368938552 0.371013964357062 0.421078359867067 0.352924943594 0.401529737122364 0.384508003414501 0.40715147438433 0.395438760928819 0.51557197497998 0.425218739119912 0.453672427275292 0.45373013719829 0.399475582871267 0.418981866517653 0.423457193037395 0.339603585284154 0.379575762251817 0.463422616325852 0.40531605064756 0.468469055930891 0.329180396605487 0.470775628561972 0.309379495974875 0.442269887675027 0.299668546184416 0.335199101283657 0.41150573338517 0.430030601612943 0.450093499707377 0.48718390962494 0.351518908865468 0.440604627218517 0.473652082757738 0.467943771136057 0.444581824604786 0.407668480342355 0.42728858395483 0.395888358422687 0.38496189383919 0.398619526198791 0.368289914627366 0.465504395570947 0.406666471921615 0.401166536603697 0.401538041285617 0.481500653374362 0.46463818420607 0.436205845709644 0.38568223093854
"markandeyapurana_adhyaya-1-80_u" 0.404662582530002 0.424276318381016 0.473798312119067 0.454469114692868 0.458269659688712 0.459514027346882 0.428964869139695 0.480699628178948 0.43368688666509 0.418049807431378 0.557732078474695 0.462060746296503 0.473862777595927 0.383136892140134 0.24869534275857 0.393244747005671 0.269747010801059 0.361245527928573 0.29562016357719 0.19818021079971 0.344523676496592 0.242746127004782 0.388741261772477 0.353336353126711 0.274439971581412 0.346254591242428 0.282401701902262 0.375844680765485 0.413079698804085 0.443008181044403 0.285445113495464 0.272451119621378 0.507495458984306 0.340517958378799 0.471048129879132 0.320018962946709 0.332398037476284 0.415487069650242 0.345350833519963 0.387030588489289 0.340464012588694 0.371275622516437 0.322950819741742 0.322898793858541 0.250190798910026 0.437023124679361 0.272724102976246 0.265819759420123 0.31218196381897 0.265029477172328 0.3471030463074 0.30082454995021 0.387209717108798 0.373502028088015 0.355503685793917 0.300130628887022 0.312975445968355 0.338479107382938 0.246199881153913 0.240651661520169 0.343255014111843 0.368285461700035 0.23990975667368 0.29612065001825 0.393597426978431 0.410729530310673 0.339790183332373 0 0.320413649909349 0.296037734784947 0.109911442450936 0.249978043991647 0.371460837920319 0.374840536481835 0.368274017680996 0.325571267252534 0.351590393803366 0.596378260456477 0.367418033494987 0.330198838548464 0.383934435060196 0.345621752821705 0.375854827129915 0.402350057665173 0.388359284489192 0.302905783607001 0.524035182020717 0.427020763608267 0.390867920236545 0.37640429506016 0.327864734267713 0.348797454250386 0.397495315565237 0.253821606965839 0.27148290523185 0.356481854398554 0.393707544096021 0.376636294534132 0.273637998782458 0.401221578598614 0.305206028468938 0.400682667879387 0.315353452696288 0.316211431397068 0.323168976408535 0.382258161000957 0.402167724353699 0.375674918402608 0.341734281926568 0.473123192159786 0.424178867296029 0.439499225280459 0.377560266283437 0.35208106674095 0.39806541130507 0.357696088556363 0.342728704667415 0.348942645629085 0.293175364539152 0.386090408997526 0.281706779767948 0.246914205409636 0.275004323652331 0.383316393546528 0.337906000321398 0.31583591342338 0.204917823032092
"markandeyapurana_adhyaya-81-93_devimahatmya_u" 0.48615389453122 0.492926526983491 0.568128391521563 0.502840255889957 0.52110253378405 0.537434191138025 0.48654452733695 0.534721119763283 0.460943564745408 0.504739007257345 0.60399003182997 0.480065487666513 0.540604081956283 0.441030063717833 0.348782782574576 0.493308300778412 0.370838885910344 0.35464620630861 0.387218414818422 0.309925586992422 0.420547894286882 0.301037073498303 0.406912721730747 0.452521029252377 0.395495778833032 0.474711101107248 0.350292024567051 0.358298646133738 0.463351060904813 0.445635486034211 0.354116162389881 0.327779875153222 0.535238347808791 0.450910738358859 0.556720653471462 0.4116652093464 0.457067745562969 0.531299590773176 0.450705866106469 0.462552264433589 0.364237323204929 0.473085800081075 0.407867378124685 0.412437462211199 0.331359120271665 0.430764661036248 0.367996656853748 0.329105595474755 0.374663463863677 0.396279837884188 0.388522759815783 0.378189463664418 0.395183684344436 0.38098583672687 0.376164734327076 0.373184204870877 0.397051150175491 0.447920319914602 0.406830938024088 0.392940979004454 0.472059578177408 0.513648928628749 0.372953714753332 0.4070480219811 0.439219972831941 0.463208036773428 0.410577520182157 0.320413649909349 0 0.318794461069227 0.272068335878086 0.382660435307719 0.414854628965934 0.49246799798137 0.425623509149853 0.342776108072704 0.344638352485235 0.60139271778049 0.377631277739744 0.415070758229207 0.438510902812865 0.427076890369088 0.427788445195009 0.416247156432566 0.399862321837408 0.382277171412689 0.535506058076127 0.513526971339853 0.410467495288809 0.376389433959694 0.32382436294485 0.380870152901514 0.370384377262547 0.350702970931604 0.398830107049789 0.427784416494234 0.359193421262998 0.452790660965106 0.349411574150138 0.47229852643984 0.354150762988873 0.490340804687819 0.39547036195715 0.33102167386658 0.329273132174065 0.479585198176447 0.501008801349899 0.526372011705188 0.426773488456101 0.519223709972406 0.521596968731634 0.510103150841739 0.504189165288641 0.437857537800365 0.501530051450787 0.430075429095266 0.374128959648126 0.440941839063737 0.404579447062798 0.388392775353917 0.324618565319563 0.403964897926529 0.461544744806714 0.449740790709663 0.319599596470158 0.338410266517629 0.300184380681956
"markandeyapurana_adhyaya-94-141_u" 0.520820263815524 0.472903075124291 0.502253670959192 0.482615885651502 0.487299308361073 0.515989514809229 0.446720804693655 0.511815184705072 0.424986334854064 0.462260783112294 0.587338964800737 0.481878998982956 0.499170662139897 0.452524295461408 0.36345294690978 0.503200863070435 0.381669592805084 0.437234941781832 0.420228521504696 0.329481612053984 0.420823204248796 0.331986986870102 0.429212431470892 0.487932838147914 0.400089111329185 0.498476753831752 0.386707277200524 0.38605664723003 0.479307608328053 0.524510993403845 0.367643735705135 0.35358969905715 0.544407965301457 0.418450752667576 0.553460420258286 0.417648592346728 0.419812994029502 0.48365847208808 0.459118046031813 0.437838886841196 0.405816635274276 0.467639789990395 0.45788930519592 0.479310228633464 0.284121261758783 0.486183207978688 0.351446018546071 0.308374131058005 0.34588159382996 0.360945787562404 0.431645264058771 0.33524575344344 0.392033547114585 0.408518173014203 0.439212900179144 0.340322590969372 0.395658511868383 0.406614191704157 0.37979729113907 0.372622260983542 0.448030082783418 0.483264935512439 0.320124324288216 0.360988533356387 0.43606185185708 0.454394001767286 0.425158731301381 0.296037734784947 0.318794461069227 0 0.212337197101625 0.411129801484817 0.454655050805265 0.453136310840131 0.46553734317354 0.336009316662015 0.340440107457252 0.640894835371005 0.357335425115553 0.381212177798736 0.390870451398236 0.384271821509212 0.394300279171603 0.413650545453984 0.346618260775039 0.375526431151175 0.505867879973966 0.515211451619958 0.408772016270866 0.381136036953727 0.333262736528418 0.387493492345592 0.308957816933205 0.347016473015808 0.417467960188484 0.457226466585782 0.443842155108061 0.422621075497269 0.366358967271948 0.479905686991686 0.362922645565379 0.459889090149724 0.331941568694006 0.33000781486712 0.348146005993071 0.483953892861905 0.508992673087755 0.493344257969097 0.430491208301318 0.563368362120135 0.537448258116136 0.518563887916738 0.509737054951604 0.432923597368286 0.499090983394114 0.439685947534135 0.362922910194043 0.45448588320648 0.378302130272301 0.390936887754176 0.279810368013162 0.40364339014088 0.441857501548498 0.467012391381409 0.291072894745498 0.323199614680682 0.293716095927629
"markandeyapurana" 0.437939129057291 0.425539897918609 0.476327729350319 0.445494321767049 0.449691964626221 0.462519932869607 0.413431804824298 0.475277981772321 0.403076840147501 0.42010260997949 0.558288787323303 0.448864149754652 0.468266053721321 0.387670202780908 0.259649552267264 0.418404124335421 0.278437879782792 0.367525409676943 0.319728226154854 0.204639338572733 0.353091250601839 0.230071447696605 0.386095661284953 0.390815983753908 0.305155795122541 0.388492567390739 0.282548981617658 0.357216042625896 0.418159405901075 0.458918276457278 0.286866459641612 0.275595785549091 0.515821925196 0.352830228338646 0.49352879995049 0.331031397365643 0.350138456059138 0.433340963545359 0.364704246812469 0.386190240495418 0.343267222519778 0.397262580737261 0.351001072700964 0.361836661404604 0.21703190411814 0.437856640917597 0.266496174126398 0.235379508730703 0.290678671206988 0.276279457543415 0.347888656156496 0.281886739578528 0.367277274409942 0.352324781385522 0.359790700205086 0.279005768985072 0.305794557761946 0.349237044976769 0.264491268945148 0.260965096758322 0.363566217524683 0.402970703314849 0.237978065831008 0.296322198260787 0.391526930105728 0.418992031074329 0.347733149547619 0.109911442450936 0.272068335878086 0.212337197101625 0 0.285251798547475 0.38887626927885 0.396166182666167 0.383873708930024 0.304637727300947 0.318188112179393 0.604403197263005 0.33512681626915 0.324011357229001 0.373961327620416 0.320696495622867 0.3608591085944 0.380055589620192 0.354807104970756 0.306560216827195 0.506817941848556 0.439410808528777 0.374230330729229 0.344718813251827 0.29638402748818 0.341871880931196 0.343336386435587 0.259488277999713 0.293655734059655 0.379615246570306 0.383140845900435 0.37320403901218 0.263695111128733 0.416298072472815 0.301336855482053 0.412592924849913 0.297336019397238 0.287360334365217 0.310745759293574 0.402538522149179 0.431003817042367 0.411764505121673 0.357421926393736 0.492500181181908 0.455111409067965 0.461134927225631 0.411393909210439 0.367451238954482 0.427093570028707 0.36047879011059 0.330308058608626 0.369588353229494 0.294729448445558 0.364524145572859 0.244692405674102 0.284816235830603 0.328763714473964 0.401909042784376 0.288984200153114 0.288228233176305 0.188737028188823
"matsyapurana_pu" 0.302595489502924 0.468962482846481 0.522588003182974 0.481067539322809 0.492715404163244 0.487297347119738 0.474820098875797 0.529931579256164 0.485576554709749 0.469893193148944 0.598957277367379 0.507358110025241 0.523742630393143 0.383753611882634 0.20376469527426 0.303108626120922 0.169767389315182 0.293861664849697 0.175606865688064 0.181449970051402 0.383945970212922 0.302091279720269 0.308915298178144 0.287577349466281 0.268374759958193 0.353662839422382 0.239662340779224 0.347276356407996 0.343892761757366 0.372822992904783 0.252316892616403 0.239750656375484 0.518124390530542 0.274286552983967 0.411916603549737 0.247399909264141 0.284291082176129 0.379243436782271 0.308738599822999 0.292018129743557 0.285325810846634 0.338813853170853 0.202620448893923 0.27874342795212 0.314199457295205 0.379626084765244 0.290327855194668 0.307130289148589 0.356779222225543 0.295240335272959 0.314351413242155 0.303769110977281 0.371009869059425 0.355904513076581 0.316304149650254 0.306723042511862 0.338495000391994 0.355147508280386 0.257288449307811 0.251449891174947 0.321094751012412 0.323623630941013 0.288514861816342 0.335458762311508 0.396069646303191 0.411886238321315 0.329598356483531 0.249978043991647 0.382660435307719 0.411129801484817 0.285251798547475 0 0.312211201417454 0.408457681643295 0.27779715383428 0.311538357373622 0.345219970591056 0.586982693620685 0.365392511332843 0.376509787612559 0.406452927080406 0.359890055093898 0.430974028753487 0.391945864390736 0.38564511673639 0.312494076845328 0.505837564915768 0.400974941466282 0.329928206869353 0.371311288445836 0.375312596970704 0.299297935681325 0.438461446829903 0.230982048803644 0.27644381237009 0.312341731279315 0.388032437171638 0.429277374473001 0.214976447652625 0.371010275493239 0.290361018813125 0.321292989554651 0.277349176819685 0.322797897079749 0.328717425777275 0.26855445420802 0.31893770237587 0.351297391653686 0.268606212815882 0.388219121259474 0.317480650985782 0.361921363750378 0.300368526429482 0.265033391102037 0.314747949706274 0.360013459572293 0.322295274832436 0.234580027820981 0.349028051134626 0.394355179950903 0.320181172812924 0.259139704416624 0.296913959504217 0.424936979971057 0.409800672623034 0.374286471977033 0.284145815827864
"naradapurana_khanda-1_u" 0.268942582969853 0.445632821470828 0.460313580686229 0.444447154851052 0.451311034497802 0.429759910515964 0.46929948061302 0.5060286019813 0.484753575138111 0.443966387678898 0.545862997356184 0.467187311517222 0.452623513317395 0.332199922024768 0.251082459079657 0.440954786379281 0.340678834271211 0.273036893974984 0.336345039940119 0.333168181989877 0.371364453338744 0.302616314439953 0.252791996514312 0.268929055993617 0.282583743258871 0.44487411837362 0.33414687958758 0.398083909169452 0.449493018883853 0.478863990903022 0.392424950546433 0.317779397366519 0.474832940154573 0.459185043969171 0.552327327120865 0.401569885837105 0.454160712820749 0.495036024384172 0.45283370511479 0.464610693642849 0.271996102816588 0.292869366289939 0.335782856186435 0.297766442240128 0.418607566739348 0.443250916687594 0.421583681858524 0.411952947783039 0.418701537919622 0.430973638225547 0.41891598141185 0.426647953301984 0.422910863416187 0.425170503093622 0.445394234201988 0.398960112180515 0.424612546781368 0.453086330825424 0.392238784745445 0.401402210188871 0.378384073820426 0.458979351559934 0.41447468411553 0.461146311432752 0.495770264822592 0.520821426686891 0.442868736899489 0.371460837920319 0.414854628965934 0.454655050805265 0.38887626927885 0.312211201417454 0 0.397010985705787 0.432099623451316 0.336605982049363 0.342179485383393 0.502359909617743 0.396958880333251 0.41687407898814 0.417213499640411 0.438249097237942 0.455057203439285 0.428554079886594 0.443108980399498 0.29807626515235 0.449137114802078 0.374094531598387 0.296858071183436 0.460357310469696 0.389499662624209 0.310639085483414 0.437224950032859 0.298683030540138 0.288903386159724 0.239332948775464 0.427516861347544 0.379012140342316 0.344821515000769 0.374594156562513 0.431012843973926 0.36179054151108 0.428830133351565 0.373498705399498 0.322348541323683 0.434909010475118 0.445515459912349 0.449923273022987 0.420609324431728 0.495307742610801 0.461528929102736 0.506412425036073 0.438122679956726 0.43155763257478 0.435179164221418 0.322766451835172 0.343839251759881 0.402329856874731 0.364252140862875 0.402855356349806 0.372265143081356 0.407629041179452 0.363999028887576 0.455883665480573 0.411642458532371 0.361776145650378 0.345119376133849
"naradapurana_khanda-2_u" 0.47423949193585 0.403527752332887 0.403784293859733 0.406055045787683 0.39390903507255 0.474668004797645 0.38856706884242 0.431064869409221 0.435132560723104 0.445169218541292 0.529918660887175 0.448308247377173 0.363485640194753 0.429882384296172 0.376334747953217 0.53475714884821 0.423395771077079 0.447149091493103 0.445573523606374 0.393463276285108 0.353913159978123 0.360906339653055 0.384392249609873 0.472222253852145 0.329838781221772 0.417245821316092 0.426069770500628 0.451034818011609 0.526074945182563 0.583975390905129 0.434998165136166 0.348186594159301 0.513933040165942 0.513339138883728 0.592419876374374 0.488763059557346 0.498726943388525 0.537603856326928 0.522314606737288 0.517351223543471 0.434485425279416 0.373582741336633 0.444971832415931 0.482750915107943 0.42550308612353 0.572199888761151 0.41747511317403 0.402301780888297 0.389303874884429 0.371935017615063 0.501443971165147 0.481570666261431 0.479999229373306 0.489378436552381 0.514949829691922 0.425238500183601 0.410925072386288 0.465728979187538 0.376498797923177 0.373764052981521 0.42165457636914 0.45229665878617 0.429396786065813 0.490770869261207 0.555365751628096 0.522748949618936 0.475021812791792 0.374840536481835 0.49246799798137 0.453136310840131 0.396166182666167 0.408457681643295 0.397010985705787 0 0.529071263675492 0.354458653401195 0.39083551455563 0.589070389056662 0.447480763160219 0.348174196862664 0.373839978037923 0.416810103059807 0.40689639838078 0.466999104667484 0.409210866014754 0.362150536468573 0.481829882507668 0.470700156821514 0.357390383946842 0.46128702229218 0.397403438618308 0.435536867446402 0.426288698922297 0.374157705585802 0.408504385693619 0.406711537964713 0.528228382676067 0.33616923875862 0.412043776160687 0.426462842181908 0.487315944549371 0.40891208789283 0.468423442350112 0.437570354625438 0.382775805398602 0.522776862935838 0.526837133923496 0.443428303161861 0.475069869521727 0.580082044217536 0.554976732992519 0.582486794159912 0.491186796371065 0.501047079725675 0.493721498089782 0.427261681734245 0.359459745492965 0.48914468609045 0.35643713469563 0.486529140897181 0.445713469705479 0.452222515611462 0.41869114945653 0.529919799653518 0.443215023712381 0.441613162125546 0.408893119813216
"nilamatapurana_au" 0.387339077920352 0.566514949343466 0.628947892020434 0.589835163042282 0.58353986520464 0.603918131863302 0.567666044121144 0.606967461190836 0.544439270894302 0.564328616101984 0.657445565795386 0.578334397852725 0.601220158665885 0.515602580123493 0.363941038316816 0.416159259703055 0.333128911357828 0.412272303738267 0.332087696593655 0.311858346261728 0.475766627659603 0.384437365749178 0.420286161972888 0.396109002301831 0.417067403806369 0.426441684366441 0.361195209898519 0.449985203747668 0.464775180719387 0.43959461316228 0.393702648463586 0.361095580458224 0.60563299075314 0.387630637976615 0.468205471634386 0.358342997815528 0.382402918354688 0.465813775793393 0.374010485997502 0.408217498684397 0.401267266433295 0.465982592185133 0.349644635808608 0.389712198835036 0.385107056302934 0.460586168291279 0.380286523136703 0.40745209827308 0.458358233939185 0.443800057498678 0.417337221291206 0.350061964917142 0.481941418682963 0.456782624750405 0.403209401775453 0.429331684046787 0.4490037906541 0.464331970635835 0.395841324691168 0.377433321476743 0.46252397121997 0.455622856653686 0.407585703087984 0.422750342159323 0.478318885486985 0.478229721513933 0.446358264274975 0.368274017680996 0.425623509149853 0.46553734317354 0.383873708930024 0.27779715383428 0.432099623451316 0.529071263675492 0 0.4166762468934 0.415764675027662 0.645199537882678 0.436499833000535 0.484940938841482 0.495466622072854 0.456226902264232 0.529671272506631 0.470337287075884 0.449267829533217 0.437013402751478 0.596912065188689 0.511021982143876 0.415630105348304 0.398206086504229 0.442700822536003 0.392829768838586 0.467818950344699 0.398188513314813 0.409885476615898 0.440018298371351 0.444747593656297 0.545915378098959 0.336316680282967 0.466757147645149 0.393311704005963 0.450912086880054 0.374541721464518 0.400505151589143 0.410573941157994 0.403054695091302 0.42007289659048 0.468017693596856 0.390091888168931 0.454455785571491 0.422596669991079 0.432534621491199 0.423145221879689 0.377352736097388 0.421619799208743 0.426288782051392 0.402821092076971 0.372698582641172 0.472903204196403 0.450384297253653 0.414027862295369 0.356431838524085 0.420118621722325 0.496488018064863 0.479225287506004 0.492642841644236 0.406553007510039
"nrsimhapurana_pu" 0.442923499318472 0.4064091712892 0.471254951738837 0.403449045669041 0.422672386422875 0.438669562902335 0.405731187884524 0.46020215573919 0.37539745958046 0.375300997519759 0.556377740752252 0.38149454943627 0.4519252258407 0.323150451180009 0.247231010133347 0.470002008273121 0.294066587358234 0.329886055575481 0.330347161826215 0.257450212278854 0.33012372841551 0.231020982230565 0.333352731732791 0.417707503639603 0.325538341536044 0.428677862292534 0.318381868202694 0.285731967298618 0.450227424282957 0.472560073513587 0.314709469308941 0.26808827924294 0.509886579729588 0.399821860066756 0.54899123299222 0.384312842232839 0.462760880943178 0.501448161789442 0.459300469545127 0.421826917471352 0.281596895852914 0.380622645525237 0.367220517401536 0.392945491939358 0.304961565961216 0.433321923484783 0.359389113426545 0.285147944326784 0.325427759767149 0.359456019582248 0.383862247814895 0.324383180490466 0.375380845452988 0.380317637033566 0.396666812940937 0.327390438527654 0.343574900144495 0.420444965889372 0.363412270032018 0.354165175029473 0.435969033923948 0.475913396975198 0.321523738588888 0.400410863873709 0.445223940455354 0.456508226875808 0.404104577218078 0.325571267252534 0.342776108072704 0.336009316662015 0.304637727300947 0.311538357373622 0.336605982049363 0.354458653401195 0.4166762468934 0 0.226058040217751 0.560783626422223 0.332559531626374 0.343567694527901 0.317896653000395 0.354100499297567 0.406027931242667 0.370296988601299 0.300428062639167 0.256434227978444 0.473541701720287 0.483358704857339 0.296521145762042 0.409355637349281 0.211656960157544 0.333663113591111 0.267354017644371 0.286968599328169 0.355341472917162 0.375620150312241 0.424833543631634 0.336723918286631 0.30367165163871 0.413187560778415 0.340623198179908 0.421781298161062 0.351298671131197 0.301791376304093 0.275437539187375 0.447493600529894 0.480171783810387 0.474395545509853 0.377485678085815 0.527669156908633 0.496138628468802 0.501507135551422 0.479551208995346 0.402110868609005 0.483134708831689 0.385459760562447 0.259922754018051 0.402444992072489 0.399015778909816 0.336027086359304 0.322377538574605 0.382755628648476 0.43747342019833 0.457752455879146 0.280563683794359 0.336045638775557 0.301502122154052
"padmapurana_a" 0.466737588977279 0.386825842625471 0.460216886119137 0.411772946662868 0.41312615686106 0.416462616651977 0.395811258895817 0.446360526244842 0.360781762158409 0.390090978418222 0.531862768813199 0.382448004744023 0.425781904446977 0.309660059640817 0.307128213111217 0.49063408804806 0.338540357902163 0.339356328248258 0.365126852674383 0.289143824620888 0.370741943297012 0.266902851097156 0.326201657087836 0.425717915820121 0.348452414200312 0.478379031850024 0.336704721515179 0.294143214424117 0.424895234647778 0.458048841176007 0.331896908485453 0.317899093854953 0.455473275865325 0.447608283527535 0.566139575476454 0.441104669907656 0.491740976834623 0.541360837727967 0.484711582320318 0.461399176363991 0.261795553755257 0.401115680553081 0.375065561704014 0.399330270989781 0.323862576606619 0.435306536991739 0.341141359492391 0.308331489439942 0.348504725623003 0.359742565203447 0.370694451326837 0.309829319776293 0.388495617785718 0.36979177314856 0.406221495301762 0.34443719509848 0.333701607608812 0.400374523525679 0.350836611273908 0.359872912226839 0.442943712985429 0.500129327630646 0.356662742014509 0.402481696281442 0.453808018013408 0.493046094289438 0.408481560180349 0.351590393803366 0.344638352485235 0.340440107457252 0.318188112179393 0.345219970591056 0.342179485383393 0.39083551455563 0.415764675027662 0.226058040217751 0 0.533307054113793 0.346105888324363 0.384557991224503 0.376734630091366 0.393689261175479 0.408491929967281 0.39483060927659 0.365265908933605 0.223346824548246 0.440511469297509 0.460495489418663 0.220865457788632 0.41022276259224 0.285128887114492 0.274096486665562 0.271562489230421 0.304316792435541 0.34880466301204 0.383319645523607 0.406204204318061 0.349412565586302 0.320160765389155 0.432995543278528 0.377364315841959 0.417096425252365 0.332078866094394 0.321859495743754 0.30452550631445 0.475888351701393 0.51265880947796 0.50886951071808 0.406549505537941 0.526806821757155 0.517584885416623 0.527935433991725 0.492643479108091 0.437449194927823 0.501859981838379 0.37195882321658 0.292324390497832 0.426839080725408 0.391622584100795 0.30983963521319 0.335162822847102 0.399787026861109 0.444549671297778 0.470242824996889 0.321361945317869 0.350645360305434 0.311611834158062
"pranavakalpa" 0.581001519731849 0.545467776736404 0.551210258600389 0.532566930300434 0.535393197638915 0.483834010118344 0.575341697212376 0.559542072354079 0.563207125972063 0.554476218257572 0.362024906004154 0.545578043033405 0.545459264958213 0.500152294193461 0.556390270943741 0.646536003618258 0.595360767826587 0.534503189211612 0.593058477185231 0.592778149455207 0.514256189255236 0.567709015638164 0.563665756982006 0.547234386928726 0.585084855350908 0.615504063193214 0.595984885816 0.552913394249322 0.632483581250378 0.658522919968089 0.613422873597751 0.581700060824887 0.573992197874069 0.65977486974831 0.715467663980321 0.636026124859792 0.647164135624408 0.670523734948839 0.636648746131725 0.669843973648255 0.539294284496346 0.553091004079822 0.589670906851378 0.543160161117453 0.622433966342804 0.634579056119596 0.617346206555161 0.626490297829905 0.643230033816342 0.633449342130844 0.629188613573445 0.630027042620453 0.650358268566223 0.644785423769016 0.662243476723316 0.643783147101596 0.623381986582001 0.577748648498506 0.611607730510293 0.623390685921638 0.588449095474475 0.671607887264156 0.626581502318559 0.649486764625211 0.692630165733299 0.69678432606186 0.643425342989253 0.596378260456477 0.60139271778049 0.640894835371005 0.604403197263005 0.586982693620685 0.502359909617743 0.589070389056662 0.645199537882678 0.560783626422223 0.533307054113793 0 0.637632352322898 0.633177212888872 0.617533612569272 0.642233268793906 0.65576715362975 0.646064826842222 0.644241623577137 0.514858629226701 0.601660273655733 0.564624067337004 0.527111889649321 0.667957301265637 0.574395371441974 0.522628315259701 0.578502386978739 0.567810188919483 0.535419282157435 0.483448228782109 0.630147783065624 0.454411107451761 0.598056935643913 0.545069681610568 0.627587016356907 0.554255629442908 0.62904702822745 0.608798127639092 0.601467680180393 0.651780739317976 0.649798526564343 0.618362950468142 0.63354274904832 0.671357372457178 0.658031478236729 0.688831490723152 0.631679166466485 0.656608079946475 0.645521691470713 0.597073334240987 0.588438436465693 0.629082833511607 0.59252340970431 0.588471368129428 0.621995723133221 0.604573170908385 0.624182249164422 0.557118355830391 0.587832852014873 0.583788561236713 0.583190805147472
"ramayana_01-balakanda" 0.473740247247527 0.483577746351443 0.544126974815488 0.49160962950086 0.484276343755467 0.545970304942715 0.467417186325723 0.544557956674772 0.463116478062911 0.472195996995111 0.606603949112575 0.492773760314092 0.545000222946819 0.440025435240643 0.363870828615781 0.48071825960358 0.336868270107181 0.380610058603786 0.390530381735746 0.318398324330488 0.44468740820975 0.335345682820044 0.387161417746061 0.462943340254939 0.395031566085473 0.505102231268647 0.26076653945281 0.298286966667382 0.412466178524253 0.403070252265859 0.239185712397465 0.356697607995116 0.577330655100591 0.378264493300877 0.542373941215693 0.404288706087586 0.458332058066723 0.492443732399596 0.485622372065602 0.39411310634727 0.35544114150783 0.440203627622184 0.414448833747784 0.452820800209153 0.250034012317014 0.315636498780657 0.310737962170278 0.243603756777479 0.296274825951079 0.326030043180345 0.293498156667848 0.348630991873841 0.253949482416883 0.27758004377417 0.293915517027961 0.240396542631907 0.336029353865252 0.401670065284753 0.371520457234107 0.37038255058174 0.43649724425317 0.493916581001201 0.291622131159343 0.316176766515597 0.326359656466405 0.480463822563859 0.344766368938552 0.367418033494987 0.377631277739744 0.357335425115553 0.33512681626915 0.365392511332843 0.396958880333251 0.447480763160219 0.436499833000535 0.332559531626374 0.346105888324363 0.637632352322898 0 0.287532956252481 0.271698729321684 0.281860677372463 0.281993445906585 0.217322058744514 0.212087592488658 0.37068917429555 0.493780441603235 0.485398186204301 0.381399079805715 0.422350971311357 0.310120924956982 0.384116056525855 0.355205127684438 0.345629285009969 0.384556947417777 0.451610286613126 0.427541240704432 0.45198585331254 0.369689927645705 0.493362235624873 0.34288307786477 0.422726040668791 0.24199446107983 0.314884894314265 0.284987679525772 0.451726797099732 0.474477930657741 0.511016223918089 0.398800814446068 0.481774188724348 0.504843440101198 0.505948546774899 0.508638336308587 0.374337159001795 0.479093139627991 0.41305146684749 0.378669622944217 0.426747241658955 0.391405072705111 0.450348472657336 0.373124563441514 0.455421671195214 0.466982445791067 0.507260520914276 0.389925627306179 0.407766863890461 0.363941035649529
"ramayana_02-ayodhyakanda_a" 0.46425677701845 0.448293503414313 0.512040240851934 0.4742569728654 0.462634767923224 0.527947476310564 0.459290340627659 0.502481330600808 0.458924340157508 0.496170362600362 0.574458709562829 0.467532584850726 0.464818247674374 0.44500528317463 0.358578315543456 0.490949588610317 0.358579303368401 0.404471474352069 0.396786881321661 0.307189269841859 0.407461424188054 0.310209633473896 0.379588352995516 0.455314889315814 0.344019097714978 0.449594533132378 0.272163950820063 0.367762610415101 0.412514326344862 0.451991414451681 0.269095640654739 0.364815485861224 0.550971888249105 0.408296601228686 0.54695837355306 0.42981962742521 0.463562228255277 0.516310607329675 0.499967693648841 0.427338125799314 0.411628764728766 0.419416491106665 0.41049445788512 0.449118415481335 0.242112816331718 0.441854098415212 0.259508784544955 0.209024426710494 0.212776318505333 0.238677026898047 0.33128997657455 0.385474571245212 0.277879232593437 0.294048641341562 0.337156431825073 0.237802642800045 0.220314614243651 0.384035954887763 0.295148285221944 0.303531453538219 0.394516188560858 0.463586156534423 0.243121440137395 0.329531802912944 0.375720930467655 0.438589225386987 0.371013964357062 0.330198838548464 0.415070758229207 0.381212177798736 0.324011357229001 0.376509787612559 0.41687407898814 0.348174196862664 0.484940938841482 0.343567694527901 0.384557991224503 0.633177212888872 0.287532956252481 0 0.206328907795083 0.22112717540606 0.215369663661262 0.258507410291373 0.270286071645409 0.391614639018048 0.52021513534422 0.44641252917328 0.423781792168082 0.454497588402856 0.349286206661986 0.419252674941198 0.397739415569771 0.324914592281811 0.376835358464289 0.437396529835155 0.459141798421347 0.426281304370624 0.377380236718108 0.46540851024599 0.35202882601967 0.407246088673275 0.296712437097472 0.351852764253169 0.294238275769852 0.464126260487892 0.495216269015297 0.467619746051076 0.408793846086051 0.53194035346469 0.505377532955813 0.528008388402104 0.47217135813025 0.407490181742121 0.474388181964134 0.398407572459054 0.401966260872182 0.427273388290293 0.346614163101757 0.474900701035418 0.375296594508711 0.436742196824545 0.428659526390242 0.510354814878915 0.394407494327627 0.41339889876021 0.37634197284524
"ramayana_03-aranyakanda_a" 0.495007935382002 0.432833068902136 0.504845592159865 0.467766610199286 0.438648846753808 0.52989865809728 0.486757069244995 0.514853185320898 0.44280472619399 0.461214323460751 0.599485602970719 0.458817002264636 0.497673952275917 0.438160299359595 0.391491681695798 0.532425832224797 0.395763283786806 0.412347020574237 0.43994394801937 0.362192755380228 0.425559691607429 0.378264573973081 0.369075481121323 0.486780388812998 0.406326130692674 0.509526792815934 0.323128498310701 0.34378559950725 0.458098098008408 0.463545656355974 0.276043350465404 0.367802674791959 0.572457200022039 0.422780325251953 0.587740251611713 0.457547409306695 0.504114743627867 0.552007788244611 0.529583863034063 0.451885484999481 0.399232772537807 0.454923237757241 0.457939843832372 0.495055122642901 0.289341147926111 0.419422137004181 0.32861863483484 0.26331661405254 0.268823530724594 0.34515896677056 0.346453495931781 0.423785829407022 0.277354962871446 0.300763043281995 0.373420746531324 0.29173617518209 0.308864334167112 0.466058754310706 0.401716607588772 0.404408809441241 0.45788932416322 0.531980975949561 0.329628227158934 0.392795711065774 0.412763425946266 0.495479856617896 0.421078359867067 0.383934435060196 0.438510902812865 0.390870451398236 0.373961327620416 0.406452927080406 0.417213499640411 0.373839978037923 0.495466622072854 0.317896653000395 0.376734630091366 0.617533612569272 0.271698729321684 0.206328907795083 0 0.211665474341486 0.205256655068778 0.223708942144389 0.216987708830508 0.394019876381822 0.507938616979022 0.487606956831929 0.397691249939459 0.455372680607425 0.362379155394602 0.419326535415796 0.397120559752623 0.369069430510811 0.429268206854711 0.483069126386995 0.486805577774217 0.438134974640941 0.400111322670097 0.467490199680096 0.39168420166002 0.438798690471703 0.325998257434439 0.37574276433858 0.299297472372346 0.503945019594159 0.540498791122266 0.527470879598762 0.458534997468974 0.539294481152509 0.546500841494282 0.554264809532438 0.516837068504654 0.423223024811144 0.546640277983716 0.443843976685982 0.373757998034325 0.475374821151472 0.405577935001202 0.450695765052224 0.407278064043179 0.486232085825889 0.48394494348804 0.53648476666632 0.386182970384006 0.43349391043076 0.423152640242611
"ramayana_04-kiskindhakanda" 0.45406535445089 0.457503489510984 0.526361579125596 0.501378076636382 0.465302803488985 0.554418340074803 0.467757444326243 0.519123798083035 0.472506830761135 0.487439118361475 0.617969506296318 0.499832157499102 0.500996339686351 0.473945060367158 0.370307793984997 0.476194713955927 0.328521429346148 0.409015978704689 0.379333404363378 0.314036568254965 0.457193018585102 0.36182926741622 0.411226889960275 0.441555972938085 0.382402768159957 0.468510409216241 0.287800555305013 0.366416876289363 0.398841655543945 0.41498218458397 0.236504047776351 0.409704683985089 0.58758924651315 0.370794623497362 0.544248772155795 0.395750134980663 0.446884425493892 0.489898715514821 0.468090204831932 0.39065539091613 0.415494458919598 0.453453594185538 0.411408267638481 0.466316677303675 0.259019685005727 0.366045886430405 0.248426283135856 0.223813796268353 0.245328071560687 0.26999466141296 0.276137861199229 0.358502004466812 0.264604926106799 0.275479093033012 0.30466538630076 0.247589145811622 0.25240575549624 0.398030107652647 0.335032140706865 0.337740821013046 0.425402407855713 0.460514516264478 0.26179000040058 0.345446641044763 0.376491816625317 0.415534307533338 0.352924943594 0.345621752821705 0.427076890369088 0.384271821509212 0.320696495622867 0.359890055093898 0.438249097237942 0.416810103059807 0.456226902264232 0.354100499297567 0.393689261175479 0.642233268793906 0.281860677372463 0.22112717540606 0.211665474341486 0 0.21605597392526 0.226072291601294 0.242094282371537 0.41974529234916 0.519553534133779 0.46628183291465 0.430669994821818 0.415958702766854 0.38813682573009 0.414652315954293 0.392504048363707 0.337644124818934 0.399989058185579 0.480342644596116 0.419580196856277 0.461642503744454 0.341993391684423 0.472733826368704 0.355216493754275 0.432117415745333 0.275680972889359 0.327716628158706 0.334112507578546 0.446207026224962 0.480505501720596 0.483730227729304 0.391674483308637 0.500549978602441 0.495718610292865 0.504517836090318 0.475222376578407 0.374399872436657 0.492957772117303 0.40197754509285 0.392972833371437 0.415424144264577 0.379866725528094 0.466629406597236 0.39098305604099 0.436328819092995 0.440803584164837 0.48379820255036 0.412616842113057 0.440583940328423 0.383779777158253
"ramayana_05-sundarakanda" 0.521724257936811 0.455986449303611 0.526042230843308 0.515913360417807 0.469117173849559 0.556656511913931 0.486915827237237 0.528281437300078 0.488601456475508 0.496383170681261 0.614360380859629 0.500053084005068 0.48946297484498 0.474593756726445 0.427978442225162 0.546754086649496 0.418431487928724 0.438679056158231 0.456851607410609 0.382098629660124 0.458366290261783 0.382416109597775 0.425878326316255 0.509861819951302 0.420787704989932 0.528171798776249 0.337244929945803 0.378719359789447 0.44451863816852 0.448112801318119 0.322038069921639 0.421885777329565 0.589624867569439 0.452024625288772 0.600534137625152 0.47156393609576 0.514449112229486 0.559416685903751 0.530911470304199 0.482153299529233 0.443380974483319 0.473360008007905 0.478069888856461 0.495413058999257 0.311207918238187 0.396777321360422 0.307873597846819 0.26581140611171 0.23428746103997 0.299589779970208 0.33128754141539 0.414285716630656 0.238578325054223 0.275500580402448 0.358612902977492 0.274935538780942 0.27551989305428 0.453221612495764 0.369852071392015 0.381440286387107 0.476549675128096 0.513943765325039 0.321440988698473 0.366804187995803 0.399991164222307 0.494357675961299 0.401529737122364 0.375854827129915 0.427788445195009 0.394300279171603 0.3608591085944 0.430974028753487 0.455057203439285 0.40689639838078 0.529671272506631 0.406027931242667 0.408491929967281 0.65576715362975 0.281993445906585 0.215369663661262 0.205256655068778 0.21605597392526 0 0.222452804309102 0.27625927776261 0.441592276568052 0.509933992385997 0.471663640289541 0.453501199992593 0.465315663570284 0.404278635797512 0.464560591473783 0.423092030094231 0.389624472115537 0.424246532903604 0.501882005251633 0.470875029284243 0.45747824201391 0.441532311162004 0.502566305141189 0.406968952431186 0.456910962620855 0.32623769671659 0.408870248908571 0.338458857805006 0.517235676332672 0.540648739471092 0.524521864912747 0.47360020644022 0.553102378849637 0.566545640507086 0.565485400091083 0.533963716078607 0.436201889636213 0.553303735856995 0.429981778213912 0.443242833676783 0.488783608958108 0.384180563416401 0.502183121352166 0.429111829475889 0.494783461913169 0.484650632127936 0.524545647768425 0.413680615920841 0.439623154301157 0.406731105453091
"ramayana_06-yuddhakanda" 0.473546391544262 0.432940149727237 0.542282128954777 0.475084445289328 0.437264496781185 0.546040751899032 0.485218262295794 0.53064165881531 0.44932944871387 0.469842893399176 0.623871007300332 0.457273325398924 0.538822533041515 0.451738964704449 0.38208606633746 0.496792617911008 0.368059577227817 0.419029949598607 0.414882572718309 0.343970108267216 0.488068290912308 0.371031701888327 0.404398119728595 0.469330724317265 0.422632285909841 0.521689502412597 0.295870339254365 0.355488097256956 0.4035448879371 0.382083934524652 0.237976392363895 0.414134482080241 0.607584728950978 0.404899082785477 0.564567101062232 0.438719539646053 0.483295511735841 0.52256118654531 0.518712353049531 0.423345572343877 0.401959186525466 0.490270861296351 0.437809440296127 0.478940186408585 0.294195137493688 0.326423402249544 0.309630830217292 0.253882830599811 0.268967922623877 0.327179516924975 0.261618651536084 0.38669825390839 0.184964344843077 0.217182955618456 0.27554030241438 0.257875148605029 0.277754046057078 0.447469243150862 0.38825406042946 0.386056457838337 0.463123315829733 0.521443405151564 0.314578654084844 0.337726205717647 0.356474951096853 0.46521203757334 0.384508003414501 0.402350057665173 0.416247156432566 0.413650545453984 0.380055589620192 0.391945864390736 0.428554079886594 0.466999104667484 0.470337287075884 0.370296988601299 0.39483060927659 0.646064826842222 0.217322058744514 0.258507410291373 0.223708942144389 0.226072291601294 0.222452804309102 0 0.235256647532539 0.427127780945888 0.511379060711996 0.467974184967569 0.418019706454822 0.438109832590948 0.385498381295081 0.426235500166716 0.410988294698465 0.364143734206727 0.409712553627559 0.493800371325654 0.447668022067248 0.477017778620463 0.382605554834941 0.516063798431871 0.386405979945774 0.450835756654679 0.271406502238733 0.342215875520959 0.320369933073522 0.475206455237747 0.500754599130589 0.540442128937666 0.44018690008374 0.523868998214312 0.521179210567742 0.524722099705744 0.52322796260496 0.411604894315365 0.504624775088919 0.432068089128011 0.420924590339115 0.4516098952085 0.412768213105775 0.503313866966854 0.389842170920016 0.467307757782983 0.482436203135739 0.526527977396282 0.412171140037656 0.436680050637904 0.386855165290211
"ramayana_07-uttarakanda" 0.506037891083725 0.440978851073127 0.539961345639551 0.480736921641248 0.458972211637785 0.537719931598121 0.456150800187287 0.526779844978066 0.44306430914552 0.468437382033207 0.606157570198772 0.471518433637709 0.527056838904783 0.448271059740324 0.391114478524833 0.485655676355137 0.346211247777493 0.409748161629696 0.399718171231753 0.337457906690786 0.434787425142663 0.369142588861312 0.400159708693793 0.507116291672953 0.415976981132043 0.479410824042947 0.323239649697829 0.316850084742709 0.439003162525245 0.450709035529402 0.242155814855478 0.344027531958409 0.595605561565486 0.371871531601393 0.536509281204752 0.406812764167739 0.426995770732637 0.484545496523985 0.475009373835984 0.375074517151419 0.368778261790081 0.448971138411071 0.426452800909578 0.506279395619029 0.257910384104801 0.366256843799524 0.319145507549593 0.232830069052189 0.282812802844983 0.335962587448624 0.340333885519967 0.380246994765292 0.285218885625856 0.30204946752757 0.322452788737304 0.270854341034376 0.320335643296684 0.431352475410876 0.39704731925238 0.390163405958784 0.446715724655461 0.497573600118924 0.303293001165221 0.336092412379404 0.357590115110782 0.472558703529837 0.40715147438433 0.388359284489192 0.399862321837408 0.346618260775039 0.354807104970756 0.38564511673639 0.443108980399498 0.409210866014754 0.449267829533217 0.300428062639167 0.365265908933605 0.644241623577137 0.212087592488658 0.270286071645409 0.216987708830508 0.242094282371537 0.27625927776261 0.235256647532539 0 0.387221104096539 0.523034287478268 0.527665744064741 0.398403510479207 0.414583209768029 0.308816249759919 0.401241633165658 0.347741740868443 0.362207805897519 0.430996212689552 0.476449920979537 0.439799017377827 0.458120286186167 0.365783452892798 0.489780068572153 0.354880017231007 0.421351819768231 0.258815515710677 0.32489322145314 0.262864951906276 0.455147519537104 0.482299516070737 0.505556068813116 0.393116989654128 0.50516559712157 0.501036299624224 0.506552888397217 0.506827339348453 0.378332762395992 0.489553819328994 0.434005653602614 0.351549945407671 0.427448408537036 0.424748974863647 0.452446206086456 0.373496622557268 0.451931715722485 0.499446219202905 0.522482017501089 0.379161868368132 0.41022347047221 0.393054744058367
"saurapurana" 0.425912534570073 0.407335840559182 0.420583838932617 0.410585013522833 0.408247424436824 0.377421079128885 0.375631512573746 0.426085451333763 0.374153714488994 0.371060640101862 0.505974974424382 0.416354486182335 0.404889306393882 0.295610696872007 0.249774179092964 0.460228888124143 0.322881020699169 0.318955267823516 0.34258745379839 0.278611303379037 0.304950180191755 0.244124256513621 0.323897174033915 0.357151574714877 0.277506247755815 0.413148575183681 0.316547755248818 0.288380710349484 0.426176157870771 0.473211300281767 0.350301852638292 0.294792803068785 0.401159500278299 0.425752097067603 0.541970427261143 0.406472165008271 0.47104067699437 0.491209712316875 0.481286889863448 0.445032323006364 0.256052281234168 0.310768540536482 0.341264479639963 0.332799289277078 0.337267817753651 0.456320502743982 0.340253347354372 0.339789438278963 0.35892858080679 0.357483635471384 0.396118409158547 0.35124651437393 0.416433728350142 0.417378524555937 0.432744585045472 0.358301357254533 0.367871283485561 0.384568704129688 0.320370037658597 0.331179725357393 0.370194231886998 0.446449140497856 0.348196612947596 0.407458401472251 0.455818923043037 0.480846230846231 0.395438760928819 0.302905783607001 0.382277171412689 0.375526431151175 0.306560216827195 0.312494076845328 0.29807626515235 0.362150536468573 0.437013402751478 0.256434227978444 0.223346824548246 0.514858629226701 0.37068917429555 0.391614639018048 0.394019876381822 0.41974529234916 0.441592276568052 0.427127780945888 0.387221104096539 0 0.476309086854675 0.433906697908694 0.299694303292211 0.433348527072895 0.303867375192165 0.278217603527229 0.355722268159011 0.263316626602479 0.283571803838866 0.322456993854182 0.453721966072463 0.317867631922809 0.304400691009688 0.376474404267892 0.360954386441982 0.367113077986547 0.350862317225787 0.298395847768556 0.326451187747628 0.446710789526534 0.472817019816581 0.439792825457702 0.378334668263868 0.527208454264753 0.478654177981295 0.50126435955504 0.440045181570499 0.429850859429108 0.463341155527124 0.348718679717692 0.265970792163022 0.41005950241751 0.331704506750897 0.311928571523 0.333144033812741 0.373265163078798 0.365795960942288 0.443440664722863 0.333102077519437 0.32066734015482 0.28882384978067
"sivadharmasastra" 0.528846410967985 0.525197531848929 0.536161283329434 0.540936485573227 0.514326804951464 0.566924649887869 0.541314941842571 0.596832728378105 0.555730655199124 0.564470606000661 0.61965031148645 0.573586400395607 0.542855338219962 0.501786923507684 0.471205831037498 0.59205284909971 0.531044492007921 0.502447904064004 0.53348393291428 0.487684328400908 0.518532003161745 0.501923832069452 0.461649615391607 0.532314240032866 0.481566109964992 0.596305870260719 0.507710552665681 0.498948219444472 0.530929805332555 0.576086304033381 0.527751296848306 0.505139324267492 0.539669652855543 0.579621790381355 0.647061018758323 0.560340082888471 0.582554059682195 0.606433501903804 0.568570316795282 0.587254652084621 0.469074754095971 0.489793602482498 0.516551654490686 0.516973334026842 0.541484443606736 0.541577948099123 0.526141162977527 0.520241793861873 0.517429586318721 0.495294120989243 0.533396886814598 0.510212446125424 0.528059179866694 0.534537137187869 0.569763884201382 0.494034455065348 0.498954220982996 0.492616344404741 0.496997002575632 0.487860603723247 0.478661070616432 0.497488496789621 0.541569516346688 0.561763733406365 0.589952413719793 0.612558173533783 0.51557197497998 0.524035182020717 0.535506058076127 0.505867879973966 0.506817941848556 0.505837564915768 0.449137114802078 0.481829882507668 0.596912065188689 0.473541701720287 0.440511469297509 0.601660273655733 0.493780441603235 0.52021513534422 0.507938616979022 0.519553534133779 0.509933992385997 0.511379060711996 0.523034287478268 0.476309086854675 0 0.397968345983992 0.439281694886646 0.511834894127657 0.512519779831342 0.450732521116223 0.500340308125373 0.460889276420046 0.475562962752933 0.496313134891151 0.544557365455417 0.500875498023962 0.511757551382713 0.497807266113061 0.533175172515295 0.454655947915156 0.509896598670704 0.495850253304854 0.503308031375832 0.57864727887338 0.601207803118878 0.569612199234366 0.554606245736172 0.58889581489058 0.605671717136323 0.618355665399521 0.541145320814885 0.581396867362213 0.559689980611708 0.513641230623378 0.47115246653274 0.557904438878908 0.397293911400622 0.563632387187461 0.511335885464879 0.539816583868528 0.529128413896626 0.594823006174423 0.527873999026618 0.499931274482209 0.500006288220822
"sivadharmottara" 0.4061112014957 0.494287363468796 0.51190880611265 0.538063492254722 0.487968314228205 0.532929803062163 0.526458387157935 0.542239488961207 0.515465351083858 0.531524020180515 0.582484855534224 0.526780749498828 0.521971170229218 0.46230996234282 0.407167851096869 0.491651043513362 0.453961825140746 0.444098012002015 0.428368661309154 0.387137448917736 0.467144698112966 0.424116559291229 0.422606050885341 0.409797781045558 0.395831066836338 0.488371083766535 0.436694528695034 0.516457396234785 0.447309864842959 0.501542995737766 0.469214315539127 0.477724861259084 0.496185245466895 0.509759499087631 0.57425377103537 0.473583795183677 0.509877465584267 0.515723578330284 0.47698940726897 0.519838061996131 0.459262312753109 0.427092483397244 0.414683676135869 0.402591113792432 0.4750409429574 0.471023391179192 0.421577283130931 0.459064778437225 0.46782436926747 0.395270615414307 0.442227846736612 0.421724989203928 0.479365186020937 0.468422624185509 0.485974813496164 0.444402966828525 0.422091279076754 0.462871750959843 0.377221948609784 0.382396725791723 0.390942299545867 0.438427561024454 0.430136237060232 0.476741046162899 0.507462271116804 0.535179906232504 0.425218739119912 0.427020763608267 0.513526971339853 0.515211451619958 0.439410808528777 0.400974941466282 0.374094531598387 0.470700156821514 0.511021982143876 0.483358704857339 0.460495489418663 0.564624067337004 0.485398186204301 0.44641252917328 0.487606956831929 0.46628183291465 0.471663640289541 0.467974184967569 0.527665744064741 0.433906697908694 0.397968345983992 0 0.430645087888622 0.467360104778411 0.482580870361301 0.446478533298956 0.530789845570029 0.380975775091436 0.367636614124575 0.404921580239925 0.404300046789859 0.44522661677755 0.426913588980759 0.473311564405801 0.46116158760289 0.398636072944097 0.438868885524585 0.444270250348863 0.496303255089212 0.475963134932282 0.494901553996397 0.453801701486504 0.470704449187414 0.519393179543741 0.504604889936355 0.5497991199897 0.434507813097242 0.508001265897375 0.443993573861116 0.445588740938716 0.463762804955098 0.462391234097549 0.373891645841242 0.557654629646387 0.462013220127596 0.445283336206131 0.412203391517622 0.474148061074248 0.518353080365311 0.45949634976309 0.429097614641361
"sivapurana_dharmasamhita" 0.421505730516367 0.411897363193985 0.471991060740752 0.418387447262788 0.405972842923648 0.43556400034519 0.435937069568516 0.481545027609828 0.417566614793066 0.41603229819478 0.545764697479409 0.427641422084606 0.467952793349027 0.373488767418025 0.300958369459749 0.464455571026175 0.334384425375275 0.33935241159396 0.345411450052158 0.304142921495957 0.348443014593975 0.347617925882647 0.327221040501026 0.405375259545261 0.360303362913431 0.483131351428703 0.347853215932517 0.364834923940356 0.442031810497026 0.458770461316907 0.368586744932291 0.314688158365357 0.479978010097416 0.445564256198461 0.549315564547436 0.421662772306113 0.449200641079865 0.512621726674963 0.438366906189672 0.45456558142097 0.263993735666918 0.366505094795392 0.364428871381435 0.39734508304775 0.400605982005661 0.474583736808198 0.40791497879798 0.399687272633352 0.428355406046384 0.409056520224313 0.408662776830282 0.36651026039075 0.411833907019302 0.408562189884284 0.424193569407572 0.365788635771886 0.406154411057769 0.424192427867778 0.388260532304225 0.386508467269561 0.423422179504617 0.491844230843172 0.396470742550996 0.444974925579698 0.492967517266741 0.506318655953552 0.453672427275292 0.390867920236545 0.410467495288809 0.408772016270866 0.374230330729229 0.329928206869353 0.296858071183436 0.357390383946842 0.415630105348304 0.296521145762042 0.220865457788632 0.527111889649321 0.381399079805715 0.423781792168082 0.397691249939459 0.430669994821818 0.453501199992593 0.418019706454822 0.398403510479207 0.299694303292211 0.439281694886646 0.430645087888622 0 0.407778033153588 0.368446884177121 0.267910532321222 0.353998775779544 0.296662656177787 0.36808458330509 0.352841910360042 0.410548022673975 0.361346524671636 0.334252970910346 0.408249586211137 0.428829599123597 0.369047029731247 0.376504793329517 0.355583745441925 0.329039153324058 0.44895685724757 0.475971540710487 0.488353886122351 0.419142713379366 0.51368580540645 0.493393902440877 0.51753868120407 0.471146055203239 0.430342093340085 0.46440412303046 0.418384304953598 0.312382440311733 0.411964308929473 0.388688496976448 0.38832834514244 0.358909916207976 0.406720423283875 0.419839177774488 0.501108657491451 0.38524827741359 0.381508752530517 0.341257916724918
"sivapurana_karvanamahatmya_au" 0.48373505830407 0.508055587674419 0.546438707158624 0.559672222838991 0.544926790891149 0.594917233417436 0.509811155583326 0.562589358421596 0.490066303330251 0.542386094746078 0.636225578778683 0.537994840704155 0.558606917071571 0.486273024725626 0.360941611140895 0.490133961092966 0.397160190801451 0.449329116637555 0.414784606802507 0.336651707193034 0.428989906064922 0.367378100293226 0.431284292703187 0.480019450986555 0.373557326625122 0.463431368291532 0.411283644056048 0.479590198689867 0.495494045890889 0.503488970714679 0.423206142809624 0.362828110347016 0.580355046829592 0.4595285282414 0.542534807677454 0.410538195315243 0.439957571803245 0.502036977837945 0.446636346175195 0.461033470388347 0.432819292582226 0.468753059088832 0.433080878175546 0.47119512538281 0.397233579811371 0.500245078814103 0.408636736625985 0.390789777517487 0.426976297784132 0.421125681030078 0.430702874175541 0.391630038609397 0.43789578465932 0.433234901434483 0.43482105755167 0.375536282198665 0.419736563212962 0.450526434038861 0.411469251133945 0.396124632680556 0.44944637877282 0.450016448901269 0.415849893432852 0.439136668382748 0.485946744944793 0.477106731455209 0.45373013719829 0.37640429506016 0.376389433959694 0.381136036953727 0.344718813251827 0.371311288445836 0.460357310469696 0.46128702229218 0.398206086504229 0.409355637349281 0.41022276259224 0.667957301265637 0.422350971311357 0.454497588402856 0.455372680607425 0.415958702766854 0.465315663570284 0.438109832590948 0.414583209768029 0.433348527072895 0.511834894127657 0.467360104778411 0.407778033153588 0 0.433709040517038 0.386728874336148 0.474167419594787 0.374256579436308 0.431274553066133 0.46742545237839 0.407177496308783 0.509590041955234 0.313866255481034 0.48305175335088 0.448349855292701 0.400010332753718 0.422281432036265 0.344201509459417 0.422386816728532 0.47246859168541 0.496825437807333 0.478278245865067 0.449180337416562 0.538459122016601 0.498472510265313 0.527116283559245 0.467472602656505 0.459000515597597 0.46980111191068 0.433641818012334 0.344087022629941 0.44712106835888 0.409869250607679 0.4541955357584 0.330913329764135 0.401580153999576 0.443471234605051 0.511672257660639 0.415317200324339 0.389808420556594 0.347309442046365
"sivapurana_rudrasamhita" 0.498185404776802 0.42042683572902 0.486606833835698 0.426790199550231 0.446058244174833 0.451975581507835 0.414073147286516 0.46376300752563 0.394643525047558 0.414504464803935 0.551757039212329 0.392823326591297 0.468658172538812 0.367581103793794 0.310765114561978 0.480884157523186 0.325907731568042 0.373333451476551 0.363032040276902 0.29785594084679 0.367255013121694 0.245427216768475 0.383580928090145 0.462262084870194 0.367970714874132 0.42774270879573 0.313525517253484 0.308875197029892 0.440789655872142 0.471679103741461 0.320402365398916 0.3012914315331 0.513477345316152 0.420497554499534 0.544844126199934 0.425301654302047 0.455282859296264 0.495964962957585 0.474573886962412 0.430949462117388 0.314829549775261 0.41546264464409 0.394293794480009 0.418101092798006 0.299438998862775 0.420038287932563 0.348652472073178 0.294669730719501 0.327027894733452 0.355747737034159 0.391207214900675 0.300119807934362 0.38899832062137 0.379214621661523 0.382578102138112 0.34281656691429 0.372209974779206 0.408206211586328 0.363159078304658 0.368152601197083 0.455179656652315 0.497299120152569 0.319895901450704 0.384276034647922 0.435201164116071 0.488371347466994 0.399475582871267 0.327864734267713 0.32382436294485 0.333262736528418 0.29638402748818 0.375312596970704 0.389499662624209 0.397403438618308 0.442700822536003 0.211656960157544 0.285128887114492 0.574395371441974 0.310120924956982 0.349286206661986 0.362379155394602 0.38813682573009 0.404278635797512 0.385498381295081 0.308816249759919 0.303867375192165 0.512519779831342 0.482580870361301 0.368446884177121 0.433709040517038 0 0.384259480688645 0.215219078254414 0.310665861112554 0.370284940645936 0.362835162158571 0.384996026287865 0.361215100310989 0.353566382274585 0.454308823041714 0.331976421586729 0.441454538490366 0.324538301415487 0.305144011240019 0.275311364166427 0.463660217759082 0.477129479374874 0.496305662393767 0.395514027390897 0.531724055144078 0.507367193456946 0.510603285637357 0.482892833894576 0.40574222081842 0.483793599576593 0.370039516680599 0.310454176274894 0.421723035949606 0.414278207644137 0.378168739290898 0.35469680973653 0.407649491168549 0.471968449491373 0.482377398597463 0.292863696958351 0.331283087547742 0.333074098244333
"sivapurana_sanatkumarasamhita" 0.411980519933752 0.453577923151828 0.501906295514796 0.465352731059402 0.467278639455697 0.456342330012387 0.472631118768728 0.517402869690841 0.444569984184018 0.471407143900039 0.556133472407051 0.497376756730117 0.503836334527503 0.398781876782151 0.288218523516374 0.415106505750013 0.314882983020588 0.320888209297538 0.322354018070083 0.290478791422748 0.356032391821105 0.336848554320715 0.329038186595166 0.366874057304928 0.329776393805335 0.421383203279315 0.340910084574537 0.352135722577314 0.39298053993233 0.433103119320108 0.347980933220852 0.313080040905485 0.465338720034247 0.387989039230193 0.492721437518922 0.372163303137237 0.408313283492699 0.466936385630222 0.407138865649698 0.409095119066326 0.243379262341236 0.326425734302157 0.306713418411508 0.320980759426658 0.37251783037864 0.453337347002534 0.39317184394638 0.38526538613112 0.43121583503705 0.403658044297805 0.405295530168175 0.351721501013041 0.431927747242649 0.424253349891295 0.433398147321915 0.368485452578044 0.399789773204951 0.360698227542329 0.348377040348194 0.352639202912468 0.348875713067687 0.451329233375266 0.379039990500237 0.407941502498697 0.493959601549739 0.479842541147535 0.418981866517653 0.348797454250386 0.380870152901514 0.387493492345592 0.341871880931196 0.299297935681325 0.310639085483414 0.435536867446402 0.392829768838586 0.333663113591111 0.274096486665562 0.522628315259701 0.384116056525855 0.419252674941198 0.419326535415796 0.414652315954293 0.464560591473783 0.426235500166716 0.401241633165658 0.278217603527229 0.450732521116223 0.446478533298956 0.267910532321222 0.386728874336148 0.384259480688645 0 0.4080873298634 0.298612872822109 0.321623022254498 0.292863305867408 0.417331674387327 0.403634789339914 0.293159266593967 0.345869279358202 0.368256092416987 0.325553320791872 0.347795258465942 0.316463141701208 0.344704705804636 0.404665818125141 0.457701237901957 0.425895416823047 0.380075926992809 0.459423086532319 0.433483296849629 0.462424393716971 0.396140562443618 0.415855061882155 0.410094491818391 0.380323526119076 0.314423774844531 0.361536906487254 0.342543942971682 0.355275917805118 0.329733063704978 0.347514382258036 0.390495664789159 0.459841443172965 0.396626424523985 0.35415407314627 0.310218730462174
"sivapurana_satarudrasamhita_au" 0.552561639088317 0.420520940966376 0.48905632105641 0.446101585584086 0.455238482089012 0.465122297992608 0.4027384808672 0.453621200804252 0.377558685929348 0.425060719428509 0.583095491062962 0.416014666496149 0.452540067527462 0.400522440342255 0.396764688220145 0.52815991063501 0.395805475508635 0.428751145050581 0.437552759528414 0.377083360656813 0.425675147960976 0.330449880096922 0.468667045428882 0.508138376293835 0.446163793712336 0.500554643822646 0.3804708659669 0.335533173967924 0.46570516320307 0.514320648545244 0.378721134095395 0.386203344465197 0.53128362747618 0.46068200642651 0.594890814930516 0.471600060984142 0.517055796951129 0.541069644185888 0.531512050595802 0.471953536962183 0.379605280366869 0.459490604092717 0.457032792693242 0.484429854315965 0.323851841572887 0.446052055512988 0.370270361168199 0.322975399603829 0.355097312995383 0.385469202191396 0.445491783741606 0.34597103680887 0.439937460671763 0.426700585701018 0.442439279480018 0.378934284722629 0.403022704931617 0.447950702751474 0.405259132205695 0.410131485233303 0.519986946992916 0.545468784291427 0.362799321946012 0.409788378728809 0.479832107205651 0.496183843097986 0.423457193037395 0.397495315565237 0.370384377262547 0.308957816933205 0.343336386435587 0.438461446829903 0.437224950032859 0.426288698922297 0.467818950344699 0.267354017644371 0.271562489230421 0.578502386978739 0.355205127684438 0.397739415569771 0.397120559752623 0.392504048363707 0.423092030094231 0.410988294698465 0.347741740868443 0.355722268159011 0.500340308125373 0.530789845570029 0.353998775779544 0.474167419594787 0.215219078254414 0.4080873298634 0 0.380778517856466 0.434884205185351 0.43359989659418 0.412314794008474 0.396520208496675 0.391012321366129 0.481628355647199 0.366991214467996 0.492336581800588 0.344464822299617 0.363120229788967 0.361250390126522 0.518606976567323 0.527812822490942 0.548599917531956 0.430380310117555 0.579148313586835 0.566384049696091 0.551763278383511 0.547937568353497 0.45743732297221 0.53409789356171 0.432728026981706 0.341075654704494 0.477105801037292 0.462682962322992 0.362108153834234 0.380245151937857 0.476915362104659 0.522072157973117 0.516940054557303 0.338144673868995 0.396436437399301 0.389267158442513
"sivapurana_umasamhita" 0.361666774548097 0.448151631608523 0.472431677785033 0.437926930495135 0.43843507121802 0.4381588925956 0.438223657154563 0.472164313209792 0.436068505493899 0.421614208571445 0.559231525356 0.46024777908092 0.480908606407329 0.371442314922528 0.159872244171247 0.345707687177182 0.201826047819482 0.251503636476871 0.205416565285642 0.216710447054094 0.369731127315442 0.250675317202038 0.282174995670834 0.296358671957311 0.224810759401882 0.35379327504022 0.247455734740731 0.350478239850864 0.387837713645758 0.404358428892701 0.251271827513123 0.294899507040906 0.44386014455698 0.307780105728258 0.454684470215998 0.312072775918312 0.352461142761008 0.390942430924961 0.370917196004021 0.334548042458751 0.248369134387586 0.316170981125204 0.257882623670872 0.306884562651154 0.288338320310758 0.423675449229064 0.301143708198867 0.29275538241768 0.334735208253838 0.292121786113241 0.338510318880759 0.298969643940528 0.339355145406646 0.356925094747754 0.354662342879288 0.263729507863429 0.299189443157218 0.349247879953698 0.26941582759859 0.262395633175855 0.309408985431845 0.369147379061434 0.288952607829845 0.35279062037403 0.416474956665608 0.439773966164459 0.339603585284154 0.253821606965839 0.350702970931604 0.347016473015808 0.259488277999713 0.230982048803644 0.298683030540138 0.374157705585802 0.398188513314813 0.286968599328169 0.304316792435541 0.567810188919483 0.345629285009969 0.324914592281811 0.369069430510811 0.337644124818934 0.389624472115537 0.364143734206727 0.362207805897519 0.263316626602479 0.460889276420046 0.380975775091436 0.296662656177787 0.374256579436308 0.310665861112554 0.298612872822109 0.380778517856466 0 0.262067413923877 0.301766732888911 0.35530319714842 0.371091085943186 0.226306427775773 0.367018566180554 0.325995122486481 0.314529357287734 0.303586165103277 0.260197242517156 0.304761771946018 0.330722497543177 0.379254042170803 0.382416779617578 0.29823024728886 0.414916083564047 0.386971357326349 0.399998895262997 0.328470584663753 0.320244585900419 0.36816135337147 0.32815393785214 0.258371718436041 0.276157356118957 0.306951836616963 0.397420596170677 0.263593781310383 0.279322087654559 0.313194013443416 0.426221532478526 0.37836620179418 0.345461985208543 0.241426998883227
"sivapurana_vayaviyasamhita_au" 0.360868450551795 0.444696791072267 0.486307369938143 0.474793598938091 0.457887808562473 0.439492929686013 0.455751497529396 0.510806406004987 0.467662237833336 0.437349107086495 0.488164953741332 0.475646944751376 0.487082976064534 0.369023048319514 0.242549571650095 0.41347943568962 0.296623756176724 0.302378516896039 0.289964853721322 0.272412233625594 0.363812569903408 0.285024939466974 0.325711208635571 0.319686253286387 0.275179817285052 0.395644638777941 0.289647013845257 0.37949046551816 0.408049850990024 0.441853952077969 0.345769110409386 0.316855889822323 0.452050323190127 0.392138158188748 0.524685162902268 0.339468019732439 0.403002398968513 0.449760489679243 0.404480340951308 0.422953835675702 0.306709329247787 0.283818448195982 0.31274584442602 0.261719850133717 0.334043320123409 0.431111044688786 0.346558354963405 0.339095836090996 0.374139204064062 0.345576691381465 0.364559817025788 0.36023589482623 0.395219189238828 0.383444268529099 0.402549877366045 0.356542606037258 0.371697601308019 0.363351601548322 0.297191117937507 0.315960297273112 0.309401742726216 0.367441714532585 0.334314735801267 0.376680463865026 0.44047515348362 0.4532089218041 0.379575762251817 0.27148290523185 0.398830107049789 0.417467960188484 0.293655734059655 0.27644381237009 0.288903386159724 0.408504385693619 0.409885476615898 0.355341472917162 0.34880466301204 0.535419282157435 0.384556947417777 0.376835358464289 0.429268206854711 0.399989058185579 0.424246532903604 0.409712553627559 0.430996212689552 0.283571803838866 0.475562962752933 0.367636614124575 0.36808458330509 0.431274553066133 0.370284940645936 0.321623022254498 0.434884205185351 0.262067413923877 0 0.299723620268351 0.440889173571531 0.342869786493141 0.316238670865786 0.373218255019342 0.364405197941758 0.346323623185588 0.33208309125435 0.359118802613272 0.363015607545664 0.408303184708033 0.409426332529907 0.348095998113179 0.373681897062497 0.482615106116918 0.443000410615629 0.484641774626735 0.396094070799533 0.395827606076726 0.417423134015925 0.345887235119995 0.378144359692674 0.371272814328678 0.348567730489629 0.422090977118829 0.364693650235823 0.335907196175836 0.315159243825025 0.379893962093031 0.403034013413925 0.372524348042666 0.281307307392547
"sivapurana_vidyesvarasamhita_au" 0.348647684367613 0.478694903232079 0.501645613113267 0.50427178527839 0.501321794842174 0.433118522586915 0.49179243064869 0.507125363037929 0.519062726773519 0.475591535152935 0.515792956419883 0.504305233776206 0.491374346588552 0.386152252339823 0.260422896844099 0.410616352781651 0.336434382962125 0.305446191273075 0.327954765641594 0.332921524565988 0.346188559254878 0.32900696664488 0.30927348169646 0.30966631067042 0.287261193218353 0.38557299342396 0.374259156702459 0.41657750923828 0.46231000770312 0.493435229643293 0.405925296967375 0.335192645532438 0.470717866203287 0.436346146997345 0.513636002541968 0.425007501348612 0.425640203957832 0.467987283166486 0.414932138592961 0.471437191304244 0.306912787432118 0.286667184503469 0.311425357341307 0.270840785709435 0.42718864292491 0.491782200461412 0.43378021077615 0.440285995692512 0.45983227119096 0.436121824779548 0.459609414034528 0.433373271271879 0.473938448295861 0.472907094268185 0.462675196252753 0.425724840840313 0.443666212396447 0.406933773207894 0.375769099341668 0.381744959578965 0.350757655553311 0.427951607329407 0.417486801685586 0.465439150816321 0.526694956727012 0.525030135489159 0.463422616325852 0.356481854398554 0.427784416494234 0.457226466585782 0.379615246570306 0.312341731279315 0.239332948775464 0.406711537964713 0.440018298371351 0.375620150312241 0.383319645523607 0.483448228782109 0.451610286613126 0.437396529835155 0.483069126386995 0.480342644596116 0.501882005251633 0.493800371325654 0.476449920979537 0.322456993854182 0.496313134891151 0.404921580239925 0.352841910360042 0.46742545237839 0.362835162158571 0.292863305867408 0.43359989659418 0.301766732888911 0.299723620268351 0 0.442785378419157 0.402683729405612 0.35007160633306 0.357468713896489 0.444270837078019 0.34324989064577 0.443648557037569 0.40215933718169 0.3844703971772 0.409520156606869 0.437008091800824 0.344665749167491 0.408260259969905 0.476974084526508 0.421926866985119 0.464996728537828 0.380132688859677 0.427484090239734 0.375627760526301 0.369110179020899 0.372893886381984 0.368716224972337 0.382664220089537 0.422934840796524 0.393811216581918 0.356959232180871 0.370224393487491 0.456402767057731 0.445889608136156 0.380925806365248 0.352171367372007
"skandamahapurana_himavatkhanda" 0.447140178013226 0.496773512694838 0.580822167820341 0.531055283794855 0.529658044078446 0.572911326921807 0.534333413774009 0.539977115844908 0.501800576069983 0.528406620979686 0.655956870343362 0.513602936597173 0.569158385180214 0.48489639125381 0.388971582424071 0.454375312697026 0.366852442499258 0.426013353073327 0.36973513667027 0.368481614917762 0.508775653081863 0.393149781469997 0.457628626502969 0.43047983248097 0.412974202091516 0.460151791391724 0.386684399412598 0.436063274195501 0.417949263258437 0.43010288690869 0.373070376118456 0.453502500921863 0.568878075709554 0.427181906761941 0.532518091965436 0.405360136737352 0.420357060293192 0.490273524166666 0.410816118288282 0.425090720628175 0.401749640943563 0.497290251221108 0.391417395520091 0.399997376502399 0.4067416716122 0.416477266603145 0.3776442345692 0.392039447250807 0.425617985857671 0.38195482314638 0.391378002780323 0.354425401692967 0.434701896170604 0.39399510085472 0.382478853478368 0.389279552378023 0.410916709480065 0.439357908965145 0.388551797751668 0.381461558513121 0.477653481596877 0.512066466494501 0.378227129119059 0.420324130682168 0.439072296299683 0.497221798993637 0.40531605064756 0.393707544096021 0.359193421262998 0.443842155108061 0.383140845900435 0.388032437171638 0.427516861347544 0.528228382676067 0.444747593656297 0.424833543631634 0.406204204318061 0.630147783065624 0.427541240704432 0.459141798421347 0.486805577774217 0.419580196856277 0.470875029284243 0.447668022067248 0.439799017377827 0.453721966072463 0.544557365455417 0.404300046789859 0.410548022673975 0.407177496308783 0.384996026287865 0.417331674387327 0.412314794008474 0.35530319714842 0.440889173571531 0.442785378419157 0 0.514965744508036 0.374804418267866 0.531433172990442 0.390693178427163 0.492472302542779 0.374977600302259 0.364296346334566 0.390752408285331 0.452439898058198 0.465509339640236 0.538561480055646 0.390591561978742 0.493563884383987 0.477143649556359 0.4921386900812 0.481113768446312 0.425258281381323 0.467631437544555 0.432166852918316 0.434386470613431 0.41420090907368 0.456135361749244 0.462291474162324 0.40179859818517 0.421395072713086 0.462525229930001 0.474876244013538 0.448454690214112 0.427055651098518 0.403027049435663
"skandamahapurana_kasikhanda" 0.499618859655136 0.394477919020626 0.407021633181246 0.411361551115781 0.378620779070963 0.374064922508201 0.381943303290544 0.43011221871729 0.397827412526907 0.393490599913206 0.401692370445958 0.419060952600067 0.416015219215741 0.372748722290971 0.360461159835692 0.556951601442972 0.440679811240517 0.405917378011913 0.441216065291352 0.378251314515283 0.356212253690903 0.366583489937735 0.412105264661718 0.458052385811965 0.364800217217493 0.497119259472249 0.428445777382694 0.41128919240538 0.519563055313227 0.56742783261013 0.454806788747782 0.382078786259917 0.437923800094937 0.516423802841402 0.618087262634064 0.479145481002369 0.533643270058196 0.572875954332142 0.518548792536389 0.547903800696814 0.380287449731645 0.399602532758949 0.466181965416144 0.451963135211971 0.430730251740101 0.533697599741627 0.435873933326832 0.421370023428356 0.432914275382952 0.418121099782662 0.4860220370818 0.432307226560606 0.482478716810217 0.481255970163757 0.503931974972294 0.446767104311588 0.413394319718256 0.423215165639063 0.405458971713843 0.403497084652104 0.458333624869555 0.495902529477149 0.430228720264221 0.495120922542204 0.542911234132938 0.536098130972504 0.468469055930891 0.376636294534132 0.452790660965106 0.422621075497269 0.37320403901218 0.429277374473001 0.379012140342316 0.33616923875862 0.545915378098959 0.336723918286631 0.349412565586302 0.454411107451761 0.45198585331254 0.426281304370624 0.438134974640941 0.461642503744454 0.45747824201391 0.477017778620463 0.458120286186167 0.317867631922809 0.500875498023962 0.44522661677755 0.361346524671636 0.509590041955234 0.361215100310989 0.403634789339914 0.396520208496675 0.371091085943186 0.342869786493141 0.402683729405612 0.514965744508036 0 0.427885261096322 0.395944806002166 0.482502803443416 0.45149115222552 0.459592899380322 0.422684526001834 0.406987287355775 0.540687249438548 0.560921658650336 0.49535233958342 0.498980408323098 0.599281097032719 0.585069392657545 0.587312889042341 0.51916390706031 0.523490347407269 0.542870099089831 0.438445140629693 0.378265640584666 0.50063634837817 0.404805677440979 0.471771862661417 0.448123652016858 0.445925967000653 0.428609828281123 0.438363929809253 0.388581387388881 0.392635789310153 0.361404167570874
"skandamahapurana_revakhanda" 0.356518169135842 0.448396046163407 0.497685453709036 0.474813637425462 0.482428422787127 0.494386228177167 0.449548794365248 0.497235180525192 0.426083017070697 0.476003982312045 0.59452656017091 0.485265450779114 0.506436299022354 0.402710660198796 0.227216350746095 0.373026628327277 0.250611806610719 0.324658351177895 0.26712571932779 0.199691347863613 0.392893614924933 0.265172113128051 0.317059829304685 0.331815936907462 0.262026676884097 0.390619561000638 0.273989078331527 0.386332974543505 0.399329856180247 0.401101119357179 0.270890113070054 0.297496258933705 0.487920819987804 0.341781763495169 0.46605118928677 0.333006670791774 0.375823027839435 0.439252560524063 0.378125096497534 0.363977039342162 0.289690768179671 0.366353274550396 0.272581040073167 0.335398801938774 0.297753152156615 0.413356574062304 0.293094722355365 0.286324811696802 0.343751207198421 0.307557119503489 0.32531227468741 0.308339884461664 0.376168182729179 0.372018682993431 0.358695866228125 0.310082182486636 0.314153663539987 0.364983190319106 0.293733572651122 0.260503189559206 0.33209032747733 0.387916284963897 0.303741224398579 0.364181913625758 0.43405346160545 0.410860846539218 0.329180396605487 0.273637998782458 0.349411574150138 0.366358967271948 0.263695111128733 0.214976447652625 0.344821515000769 0.412043776160687 0.336316680282967 0.30367165163871 0.320160765389155 0.598056935643913 0.369689927645705 0.377380236718108 0.400111322670097 0.341993391684423 0.441532311162004 0.382605554834941 0.365783452892798 0.304400691009688 0.511757551382713 0.426913588980759 0.334252970910346 0.313866255481034 0.353566382274585 0.293159266593967 0.391012321366129 0.226306427775773 0.316238670865786 0.35007160633306 0.374804418267866 0.427885261096322 0 0.357876819162964 0.326911135911037 0.357828052366274 0.323212624164863 0.23671796845792 0.358348561773252 0.351866449790068 0.398999958855261 0.402708542041854 0.327883288492967 0.404759656544409 0.40066487674049 0.420683681101666 0.365856384163325 0.359617235590461 0.397537829546158 0.338811136853402 0.20838990194498 0.308402533217673 0.327710042694497 0.34851500333448 0.266310726384233 0.28529346519974 0.337753529155037 0.466100034219593 0.399041563955639 0.341832167307357 0.273656068242408
"skandamahapurana_sutasamhita_khanda-4" 0.445600787649101 0.531745250454446 0.526152889010282 0.549884247071247 0.534668121016668 0.50050212933577 0.515796074054581 0.534067006725052 0.539965635054575 0.546415742037903 0.546344277393747 0.566686701486049 0.509794478960127 0.489920526982064 0.365213695681607 0.457747439288238 0.396308672357238 0.356145258166639 0.387349110607055 0.38602302204694 0.364453973623031 0.408140731312004 0.378643143944739 0.415375465225195 0.355838132254582 0.374418576455875 0.43004920130741 0.468108065054822 0.507584788419369 0.553785127913353 0.475471940420763 0.37536655431978 0.439875706985276 0.442762530711183 0.54093713562671 0.419005971192972 0.484298087343129 0.515088797225762 0.446266283344484 0.496377066037298 0.358273813068769 0.311308190897383 0.371290772784609 0.380234374296328 0.460590038511455 0.552478580004249 0.459305888686503 0.47642955761954 0.484327850988659 0.455966101596231 0.502252020650149 0.493856392905912 0.519095106510794 0.526222300650481 0.524783510586637 0.464480026248973 0.469576465391201 0.465121762237667 0.41161143920397 0.406228500448684 0.367460900325446 0.454551781350389 0.456704002560013 0.506303249988345 0.583437716652702 0.474793338475885 0.470775628561972 0.401221578598614 0.47229852643984 0.479905686991686 0.416298072472815 0.371010275493239 0.374594156562513 0.426462842181908 0.466757147645149 0.413187560778415 0.432995543278528 0.545069681610568 0.493362235624873 0.46540851024599 0.467490199680096 0.472733826368704 0.502566305141189 0.516063798431871 0.489780068572153 0.376474404267892 0.497807266113061 0.473311564405801 0.408249586211137 0.48305175335088 0.454308823041714 0.345869279358202 0.481628355647199 0.367018566180554 0.373218255019342 0.357468713896489 0.531433172990442 0.395944806002166 0.357876819162964 0 0.467091617717271 0.366193201945167 0.486417700231498 0.429933297265174 0.450762975561958 0.438656157244505 0.48523948745619 0.425892484840861 0.449807127153997 0.486665578121328 0.483203142087628 0.471030336655114 0.400816972921001 0.468878568227457 0.460253321649028 0.442042302564989 0.385105292923828 0.416646141197586 0.380440643707136 0.45222789364827 0.451890205400235 0.413118856572586 0.389603537836519 0.522167482284043 0.492335126769543 0.436637677606052 0.419874745461612
"skandapurana_adhyaya-1-31_pu" 0.463520933548793 0.501364515234636 0.569580138962086 0.512443308221478 0.524838673768689 0.552126920506336 0.507522900235335 0.55176541816959 0.468910273238014 0.48616117801375 0.631077623784401 0.511968604501117 0.549029287886894 0.447272027423674 0.35244709433731 0.383417599474508 0.291874754611588 0.396184828947458 0.322388404349522 0.257490943433268 0.45678399563654 0.321587433480111 0.432894894488763 0.42435764048238 0.398570161724834 0.394966941137089 0.247436191071006 0.332633655061096 0.301363932451363 0.377979153885173 0.278120937601126 0.350592523256194 0.528096458906236 0.322194922098398 0.447608689085054 0.339481174907637 0.376377661674809 0.405492180112814 0.37487695449177 0.304749051435594 0.346041752674766 0.425569234324472 0.274782209486038 0.376082728512358 0.262917920851313 0.353095082753802 0.284076142766057 0.275001323801319 0.349436169487428 0.319271518330639 0.331023319676209 0.299970565564697 0.37762210793272 0.365529319933005 0.31337222306979 0.304156314968001 0.359409629127075 0.388993926669206 0.29715026591481 0.277948249164363 0.395512595780792 0.388171624709513 0.251042339557837 0.264139327080207 0.309111948054419 0.411453695513257 0.309379495974875 0.305206028468938 0.354150762988873 0.362922645565379 0.301336855482053 0.290361018813125 0.431012843973926 0.487315944549371 0.393311704005963 0.340623198179908 0.377364315841959 0.627587016356907 0.34288307786477 0.35202882601967 0.39168420166002 0.355216493754275 0.406968952431186 0.386405979945774 0.354880017231007 0.360954386441982 0.533175172515295 0.46116158760289 0.428829599123597 0.448349855292701 0.331976421586729 0.368256092416987 0.366991214467996 0.325995122486481 0.364405197941758 0.444270837078019 0.390693178427163 0.482502803443416 0.326911135911037 0.467091617717271 0 0.439629794762715 0.224433980128263 0.306222614750126 0.320756754369999 0.349713127466739 0.385793842160228 0.463915591031645 0.32275354163765 0.453459160983789 0.404691576089845 0.427466766200078 0.382465205568411 0.31891726815543 0.388909939045311 0.417705895476047 0.381463742010005 0.319539838284264 0.379632951596747 0.407286948034116 0.337105522659574 0.371052385297273 0.385923111735003 0.452628538461622 0.381625803954818 0.385393418626501 0.345330682538717
"skandapurana_pasupata_adhyaya174-183_u" 0.41355264095367 0.474872391272368 0.529178187302385 0.507115218844131 0.491017856927529 0.527584435387275 0.507508381750589 0.543602898520961 0.503224913218363 0.519034279486362 0.552661303865977 0.544229232938276 0.52775364261205 0.430336108403874 0.338713693177147 0.410996424243212 0.341387284667529 0.36367838933275 0.327639766413162 0.351103479125145 0.379252165241789 0.388844170255992 0.402248462664605 0.410726719539278 0.344059941313702 0.431297656649329 0.393131214069082 0.441517619019724 0.443193004640782 0.500975721363759 0.412029706921947 0.355251071047775 0.485879336017206 0.399182980894359 0.493514747970614 0.390234495567221 0.375873464342474 0.410758773380903 0.438866171437331 0.426816157243032 0.34486179936403 0.296546315481268 0.367245929906689 0.411105631583944 0.419008101352792 0.48941765482229 0.407070055506797 0.426997766723538 0.441861921296036 0.395708454102615 0.443502497276107 0.431784102742104 0.451353296861503 0.46743704009917 0.471920475901523 0.378340873901459 0.415728243698253 0.417644916802066 0.353847117634549 0.373087069958418 0.328463225815514 0.395012643140466 0.408203042217339 0.44827624654056 0.511041881771194 0.496237285570677 0.442269887675027 0.400682667879387 0.490340804687819 0.459889090149724 0.412592924849913 0.321292989554651 0.36179054151108 0.40891208789283 0.450912086880054 0.421781298161062 0.417096425252365 0.554255629442908 0.422726040668791 0.407246088673275 0.438798690471703 0.432117415745333 0.456910962620855 0.450835756654679 0.421351819768231 0.367113077986547 0.454655947915156 0.398636072944097 0.369047029731247 0.400010332753718 0.441454538490366 0.325553320791872 0.492336581800588 0.314529357287734 0.346323623185588 0.34324989064577 0.492472302542779 0.45149115222552 0.357828052366274 0.366193201945167 0.439629794762715 0 0.407162453985502 0.384879232512095 0.431121189196786 0.38838182846926 0.404807248577104 0.402680528472964 0.411122373037788 0.482670254751432 0.423581202669364 0.473133963430036 0.386280388184957 0.413540036593786 0.374405477454576 0.425696824331127 0.367066759877921 0.372405882515574 0.345261721357608 0.475986333228535 0.398161975921122 0.384155944058435 0.409299979832936 0.516888628442772 0.479954941401909 0.40825445810067 0.388999313137862
"skandapurana" 0.45127542506242 0.454389359424736 0.546689636314067 0.473245601534124 0.466191925805045 0.517254676548518 0.462005452334705 0.527852505373858 0.455451274468814 0.476486282516354 0.602987274769188 0.478467400346222 0.53379520152474 0.438260418670584 0.346634866459615 0.417065600063107 0.262580454849524 0.387686200256792 0.310974592285483 0.262089933754426 0.458957402560847 0.341192476923226 0.417410332890739 0.423660496524329 0.386987140886897 0.4380037655166 0.226825370258848 0.31111967684715 0.310380727086077 0.355816459256189 0.196103191334373 0.347891459820616 0.534867441538183 0.310442008872485 0.477926759903962 0.344821092488363 0.375595920225082 0.422771055833695 0.420072801764154 0.309039601387924 0.339745113190364 0.424184692862162 0.337262394908287 0.398037318716573 0.207457848701316 0.322898159784757 0.223919012747528 0.213741209337215 0.276661087063321 0.242486292738926 0.263750028704737 0.247000359789962 0.277647812666911 0.272457595700323 0.265432435837895 0.222232131335879 0.290604106421186 0.35177969371683 0.268394431058728 0.288757478924682 0.37848357449831 0.421191712065543 0.223510842125422 0.245302931165451 0.299895403085221 0.418182076701454 0.299668546184416 0.315353452696288 0.39547036195715 0.331941568694006 0.297336019397238 0.277349176819685 0.428830133351565 0.468423442350112 0.374541721464518 0.351298671131197 0.332078866094394 0.62904702822745 0.24199446107983 0.296712437097472 0.325998257434439 0.275680972889359 0.32623769671659 0.271406502238733 0.258815515710677 0.350862317225787 0.509896598670704 0.438868885524585 0.376504793329517 0.422281432036265 0.324538301415487 0.347795258465942 0.344464822299617 0.303586165103277 0.33208309125435 0.443648557037569 0.374977600302259 0.459592899380322 0.323212624164863 0.486417700231498 0.224433980128263 0.407162453985502 0 0.304410674345537 0.294283057535343 0.379205696633174 0.405054534472851 0.46165802147371 0.319106283940771 0.465434454924561 0.446946215611083 0.446338510131457 0.435671293772361 0.303345717609323 0.408884644322455 0.391113893475405 0.384656104005459 0.348418494691809 0.378218007325758 0.449203314749561 0.346376890715095 0.36229700673905 0.408314522444689 0.448378847144735 0.384582559055925 0.401356280849172 0.333095206201955
"vamanapurana_saromahatmya_u" 0.462005397758925 0.477734935847892 0.504813117034821 0.467462146456017 0.479567904073887 0.514424923009283 0.466756833564025 0.521315485836306 0.424908389117733 0.444293599060335 0.596959148230021 0.485355464496032 0.530112864401115 0.414299094542022 0.279175266339379 0.442162575165755 0.298884904136238 0.373035223873994 0.345686292191766 0.235930557351364 0.41175226425349 0.277487415944699 0.388910249830224 0.414863589507579 0.316172101857445 0.444303327261215 0.285715335502737 0.342766863829147 0.392636049338153 0.429332934345222 0.286050750002575 0.32545830329311 0.483840341992711 0.379577500753461 0.501242841405435 0.366296638982354 0.394176775633577 0.425308849263681 0.402714385724636 0.363586649961708 0.290033552785824 0.38912707943786 0.357639295026088 0.395932271653179 0.268033367832569 0.378493113433001 0.316488074951398 0.260631959588248 0.337916741739603 0.332248546752028 0.336069820137837 0.298684366543878 0.332967575776874 0.347415302686498 0.332960065994525 0.308307100814866 0.322908173288548 0.395672237052544 0.342358113395851 0.316749228033026 0.391205875368784 0.453720294434971 0.279829671319549 0.355513602143056 0.358335860937702 0.405208141725949 0.335199101283657 0.316211431397068 0.33102167386658 0.33000781486712 0.287360334365217 0.322797897079749 0.373498705399498 0.437570354625438 0.400505151589143 0.301791376304093 0.321859495743754 0.608798127639092 0.314884894314265 0.351852764253169 0.37574276433858 0.327716628158706 0.408870248908571 0.342215875520959 0.32489322145314 0.298395847768556 0.495850253304854 0.444270250348863 0.355583745441925 0.344201509459417 0.305144011240019 0.316463141701208 0.363120229788967 0.260197242517156 0.359118802613272 0.40215933718169 0.364296346334566 0.422684526001834 0.23671796845792 0.429933297265174 0.306222614750126 0.384879232512095 0.304410674345537 0 0.288874114046384 0.413838122335661 0.445393761539423 0.471531873022884 0.343563992203055 0.488466537413831 0.472921223625527 0.477811963555591 0.450345688772532 0.375167953093585 0.436176303869058 0.359996098150807 0.262088540221902 0.383478219082167 0.339136596863348 0.369743414734727 0.251862477308851 0.371346086381319 0.397237716977004 0.450748757987886 0.358939597002367 0.334114346024537 0.273562633069321
"vamanapurana_u" 0.439313227862398 0.462535312304211 0.532920515140542 0.460289265252939 0.461565237732377 0.501402374542209 0.455882571339165 0.524870295253239 0.444278601083721 0.437442178152705 0.592772178756775 0.446759513036443 0.509369833249308 0.377229302833792 0.306043034993603 0.464532076379862 0.29378852509355 0.322216431107314 0.340952810915295 0.280436213100456 0.396153876981092 0.287800245054039 0.319227684904921 0.412949714083964 0.35157886770855 0.442567600590826 0.252735541369946 0.317810251518944 0.408055119568976 0.442619050486229 0.269681724608159 0.278993066354091 0.530139314433345 0.378841270852609 0.535011307265964 0.369355830919724 0.407907139205329 0.49114812343175 0.434709483646127 0.376259391365488 0.279504072966112 0.400559352320611 0.377269654508161 0.408795837901557 0.269891166299617 0.390029747891262 0.340372182156155 0.258187715436196 0.323220546734328 0.36348841671254 0.345148316221734 0.360463947873625 0.293246006174409 0.29347221685741 0.311126722074664 0.305151620788426 0.347877057181373 0.409884269563638 0.370121174831773 0.359140698727467 0.434967010237716 0.502022923438053 0.295197764428732 0.362653350580952 0.361514639411331 0.454344871486082 0.41150573338517 0.323168976408535 0.329273132174065 0.348146005993071 0.310745759293574 0.328717425777275 0.322348541323683 0.382775805398602 0.410573941157994 0.275437539187375 0.30452550631445 0.601467680180393 0.284987679525772 0.294238275769852 0.299297472372346 0.334112507578546 0.338458857805006 0.320369933073522 0.262864951906276 0.326451187747628 0.503308031375832 0.496303255089212 0.329039153324058 0.422386816728532 0.275311364166427 0.344704705804636 0.361250390126522 0.304761771946018 0.363015607545664 0.3844703971772 0.390752408285331 0.406987287355775 0.358348561773252 0.450762975561958 0.320756754369999 0.431121189196786 0.294283057535343 0.288874114046384 0 0.442107490988401 0.461704692071668 0.489018043344071 0.37475074235298 0.485367066265608 0.478507625600287 0.499933934846958 0.47214860184985 0.340090437552414 0.468989520319924 0.345904131804881 0.332935202453532 0.392098088443529 0.390654563953964 0.411818321079578 0.326870335153758 0.405687279455734 0.432898871525551 0.465153735589604 0.313740148144351 0.341203281910935 0.309839275747832
"vayu_ba" 0.423058933369523 0.589515170060693 0.624241212717269 0.579821683505006 0.591507467452782 0.588115918453184 0.570393956583572 0.625600371481412 0.590449215040015 0.563230370597783 0.660354140249295 0.601563350107904 0.622340112030429 0.505838589873328 0.353518427499532 0.103441958203626 0.234018838353319 0.390477827682079 0.205114055347444 0.346592014675815 0.492812982546182 0.441182492362038 0.420924639110645 0.391256867251015 0.401147620156505 0.355831420401753 0.38889315621613 0.470491684509964 0.36444862060629 0.418071411340297 0.350380695447829 0.400322324527235 0.580152517830874 0.232670436298662 0.249625929107609 0.323709845372616 0.316069986999203 0.228755621450645 0.296972939908665 0.266727043656301 0.388388088727867 0.442601378495728 0.218018310000321 0.383173988393427 0.416262182985643 0.451681915709508 0.406671396487633 0.428008529216458 0.46597143461567 0.408900490589176 0.430463600047111 0.397930329723195 0.478990477738197 0.47505005306695 0.394751594820122 0.417606770825559 0.447755631950313 0.443087366516618 0.388034774081562 0.353256994243861 0.38517654729405 0.361551763888418 0.396744765379867 0.38014022533213 0.444119490108738 0.484916293239561 0.430030601612943 0.382258161000957 0.479585198176447 0.483953892861905 0.402538522149179 0.26855445420802 0.434909010475118 0.522776862935838 0.403054695091302 0.447493600529894 0.475888351701393 0.651780739317976 0.451726797099732 0.464126260487892 0.503945019594159 0.446207026224962 0.517235676332672 0.475206455237747 0.455147519537104 0.446710789526534 0.57864727887338 0.475963134932282 0.44895685724757 0.47246859168541 0.463660217759082 0.404665818125141 0.518606976567323 0.330722497543177 0.408303184708033 0.409520156606869 0.452439898058198 0.540687249438548 0.351866449790068 0.438656157244505 0.349713127466739 0.38838182846926 0.379205696633174 0.413838122335661 0.442107490988401 0 0.183224388404878 0.36719610209348 0.219676508893138 0.339076492739698 0.134102031033466 0.194419308324747 0.192126774069923 0.233037691671888 0.183913090508669 0.426893290800117 0.438327661171732 0.0971018317869284 0.457486869558564 0.496213020530021 0.422583811801048 0.345031252200583 0.374115801741706 0.498927546880753 0.520622011667588 0.476144651926876 0.414290238312073
"vayupurana_01_frame-and-cosmogony_iast" 0.419070610411983 0.591709109970127 0.614048499390869 0.570733513720864 0.607647755661891 0.606390212763944 0.577563843225972 0.630527864148399 0.604077585488597 0.581198262353461 0.656576170069254 0.613462457145458 0.626539638124695 0.508925711688254 0.390007105347715 0.153077044720776 0.297833197870231 0.398587638009286 0.255862470597935 0.391720915735352 0.497112217282122 0.448125474283433 0.456700324178269 0.391685136027653 0.418198072928769 0.382482436272767 0.402656847651261 0.491912135053491 0.387128193026137 0.450841581266793 0.392962022553139 0.41024495906802 0.595761311358256 0.334941955209603 0.29751628769282 0.351611470910146 0.303501563080608 0.253022752926809 0.333013967603364 0.327512348229929 0.424147282855195 0.442738162129978 0.271191108360872 0.405527292119208 0.433557509292813 0.466845550331817 0.434496225050319 0.446359903315654 0.488048836255661 0.440188640253873 0.453677950302886 0.443275598287374 0.502196220100056 0.492834514261032 0.41917898062434 0.45226009760436 0.480960794286104 0.467352131908121 0.41519877192222 0.386874743700356 0.39405055387924 0.388354347267139 0.408030484277384 0.387793026991482 0.460561904703186 0.495417800826734 0.450093499707377 0.402167724353699 0.501008801349899 0.508992673087755 0.431003817042367 0.31893770237587 0.445515459912349 0.526837133923496 0.42007289659048 0.480171783810387 0.51265880947796 0.649798526564343 0.474477930657741 0.495216269015297 0.540498791122266 0.480505501720596 0.540648739471092 0.500754599130589 0.482299516070737 0.472817019816581 0.601207803118878 0.494901553996397 0.475971540710487 0.496825437807333 0.477129479374874 0.457701237901957 0.527812822490942 0.379254042170803 0.409426332529907 0.437008091800824 0.465509339640236 0.560921658650336 0.398999958855261 0.48523948745619 0.385793842160228 0.404807248577104 0.405054534472851 0.445393761539423 0.461704692071668 0.183224388404878 0 0.396247584964556 0.261590762519928 0.389879320292415 0.190914673677635 0.241770109441551 0.287649944188348 0.303519925654511 0.211643574315889 0.4446624551726 0.481366259207468 0.19565428564708 0.480435828543857 0.534397296150202 0.453417561405974 0.382634857694638 0.40201123819229 0.519160387063244 0.518536198646338 0.500563823190227 0.437110240724544
"vayupurana_02_pashupata-yoga_iast" 0.440891200293404 0.593806229348252 0.589415279556125 0.595686666839826 0.599876749417925 0.552641183908118 0.546933794717076 0.603411608599736 0.60198033510414 0.572436338417311 0.577839808590635 0.60350276000127 0.571478520339355 0.516106587181168 0.373086769503622 0.372499169846145 0.356552343674508 0.463117777701326 0.357341639398954 0.385971323332552 0.430294823199543 0.464118357276236 0.42988059197622 0.406813684999135 0.363121128347806 0.386932243381679 0.442512358749566 0.516453061080295 0.505877635282149 0.548436762500679 0.452507455966298 0.393412089084364 0.553894736842105 0.384705887041812 0.457617785003216 0.404479101017172 0.403820304224361 0.378906521179472 0.421672514400975 0.41605337684395 0.47433710179051 0.366936995808418 0.366266759944139 0.369907641943594 0.455155196907494 0.54513457700749 0.449733249134596 0.470530166816656 0.492775603836303 0.431595360483463 0.497754967536427 0.468517883229967 0.517368674460242 0.514656856566479 0.510567781045164 0.452969862751509 0.488678843496923 0.401376305859446 0.37980017395174 0.396386187064435 0.367981502248223 0.346700234564586 0.426985470008591 0.472347401576791 0.526438812195875 0.523618554461182 0.48718390962494 0.375674918402608 0.526372011705188 0.493344257969097 0.411764505121673 0.351297391653686 0.449923273022987 0.443428303161861 0.468017693596856 0.474395545509853 0.50886951071808 0.618362950468142 0.511016223918089 0.467619746051076 0.527470879598762 0.483730227729304 0.524521864912747 0.540442128937666 0.505556068813116 0.439792825457702 0.569612199234366 0.453801701486504 0.488353886122351 0.478278245865067 0.496305662393767 0.425895416823047 0.548599917531956 0.382416779617578 0.348095998113179 0.344665749167491 0.538561480055646 0.49535233958342 0.402708542041854 0.425892484840861 0.463915591031645 0.402680528472964 0.46165802147371 0.471531873022884 0.489018043344071 0.36719610209348 0.396247584964556 0 0.393302877334601 0.493939242319705 0.379079308156748 0.439431369502614 0.3179310670884 0.397664669852431 0.34517947641467 0.490721394111919 0.453174004469193 0.355760074633308 0.439654692182006 0.534874783995459 0.463061547313783 0.398883944899669 0.384470257106576 0.483653879574716 0.520561457708682 0.464541085126729 0.41326780271294
"vayupurana_03_kalpas-and-shiva-lineages_iast" 0.441054403730748 0.55558245760757 0.581794096067574 0.549393137374557 0.573026564391912 0.547954796625615 0.530312108268308 0.589497056900569 0.554238722678058 0.527022926790084 0.635665962127719 0.576992449389194 0.573932729893241 0.474328166457797 0.33690231524328 0.239999954808801 0.209476098574292 0.36672842007976 0.205621098627571 0.307338823677644 0.42435386989826 0.36191962741554 0.415807050030248 0.397371281011095 0.375897999301835 0.32993478492564 0.334677552104786 0.387652751813442 0.37294188192445 0.42000480909301 0.290078375066429 0.360031159660818 0.542085745874177 0.250292582665272 0.355210233804264 0.287302563342203 0.321082790384303 0.292131998262051 0.345791338860368 0.24908701271826 0.351768970607573 0.41275504460363 0.23680637288194 0.355620687323976 0.33936932662255 0.425107124326918 0.344107913949805 0.35004407693133 0.395740094796559 0.339645496240968 0.382548008013253 0.347901969974072 0.436710231602378 0.424443720004718 0.36631050069293 0.35532818791709 0.39188101493424 0.382946020303828 0.357366369519345 0.322233502713142 0.375302319692488 0.35634060985985 0.323624477702122 0.3363717567929 0.388235873415573 0.43010185067156 0.351518908865468 0.341734281926568 0.426773488456101 0.430491208301318 0.357421926393736 0.268606212815882 0.420609324431728 0.475069869521727 0.390091888168931 0.377485678085815 0.406549505537941 0.63354274904832 0.398800814446068 0.408793846086051 0.458534997468974 0.391674483308637 0.47360020644022 0.44018690008374 0.393116989654128 0.378334668263868 0.554606245736172 0.470704449187414 0.419142713379366 0.449180337416562 0.395514027390897 0.380075926992809 0.430380310117555 0.29823024728886 0.373681897062497 0.408260259969905 0.390591561978742 0.498980408323098 0.327883288492967 0.449807127153997 0.32275354163765 0.411122373037788 0.319106283940771 0.343563992203055 0.37475074235298 0.219676508893138 0.261590762519928 0.393302877334601 0 0.367779297374192 0.27033126415963 0.289155624063709 0.299509800490459 0.21694449175672 0.255132965221628 0.399443077893409 0.387468430848906 0.180132657747651 0.436067225835743 0.445957540128907 0.395919582074608 0.34261484417208 0.387140885172821 0.442081091398319 0.463250177138514 0.450237657689409 0.369694949231733
"vayupurana_04_bhuvana-vinyasa_iast" 0.448639519803354 0.644751066540353 0.652100986205362 0.651482652300989 0.648684501468707 0.624625878873557 0.644412525096031 0.671607824731944 0.644647790038866 0.626828453024444 0.69298208790227 0.650115362809405 0.650414646448103 0.57250408134067 0.4474936888017 0.354896091256255 0.381206374299921 0.41520910465204 0.346521524805845 0.444315530179125 0.539571897883385 0.508895662035038 0.44674304729147 0.426852187227951 0.477259343728914 0.397752013737167 0.461688546492618 0.539520716572351 0.434830375128002 0.38417849092045 0.438479006901185 0.500886495998903 0.557834079477296 0.383809108548993 0.457483546404363 0.410758083266203 0.433415873436145 0.455711596960875 0.379376106275258 0.414054844981441 0.433444194706892 0.506631677381378 0.346225745141846 0.438184222385506 0.506339165378044 0.47575671457154 0.476059661086507 0.500888556376667 0.52845704529449 0.491757484258535 0.419960377634278 0.478567996712965 0.505132077850814 0.482401236219324 0.403469475489956 0.487907931379191 0.511170285094299 0.512127444813809 0.485066929665392 0.453199321667961 0.466897378663859 0.457999257617163 0.500088751671232 0.470435883895666 0.509183685068783 0.555568712206562 0.440604627218517 0.473123192159786 0.519223709972406 0.563368362120135 0.492500181181908 0.388219121259474 0.495307742610801 0.580082044217536 0.454455785571491 0.527669156908633 0.526806821757155 0.671357372457178 0.481774188724348 0.53194035346469 0.539294481152509 0.500549978602441 0.553102378849637 0.523868998214312 0.50516559712157 0.527208454264753 0.58889581489058 0.519393179543741 0.51368580540645 0.538459122016601 0.531724055144078 0.459423086532319 0.579148313586835 0.414916083564047 0.482615106116918 0.476974084526508 0.493563884383987 0.599281097032719 0.404759656544409 0.486665578121328 0.453459160983789 0.482670254751432 0.465434454924561 0.488466537413831 0.485367066265608 0.339076492739698 0.389879320292415 0.493939242319705 0.367779297374192 0 0.368379723612387 0.37908249987392 0.34928095318708 0.358082028534876 0.399603448662487 0.461273750646032 0.489436286889197 0.303568680250569 0.535391606659538 0.554496459079514 0.523858168160295 0.421592680554169 0.4437975802242 0.543613531809182 0.596346435401208 0.565134245788031 0.499474505530783
"vayupurana_05_jyotis-and-purvardha-close_iast" 0.411393090118176 0.60448286693452 0.635536196352525 0.605506738920691 0.623168894101625 0.61026709004922 0.592550090421472 0.645613554218321 0.620149473168467 0.591613786464587 0.677750977540798 0.626689022605893 0.640251572327044 0.513275062685003 0.400502019699872 0.108706102113005 0.312589420748187 0.421065081107788 0.265505797747002 0.404183437108587 0.512803782309774 0.475706344005199 0.460611252782446 0.397738827084399 0.432667599288165 0.359277146170558 0.438145106231455 0.509166449175141 0.375482434519085 0.447211209505612 0.414755503013421 0.439466348397883 0.608669688198962 0.297424660813888 0.26138944170886 0.368374213805034 0.338093932680045 0.265439892165453 0.324859078729224 0.320481475255407 0.426450520142494 0.464913990396694 0.266911184444077 0.399085815948681 0.472007550609995 0.489061713049139 0.454412611981575 0.479692604205704 0.514950541302214 0.464784775410343 0.462161817069605 0.460332815498827 0.511613644758477 0.508249531824553 0.440169532353552 0.463068305616134 0.494660241796258 0.469737977404923 0.424866423906952 0.406690568438677 0.410222771378458 0.381035968393182 0.448410670700042 0.432481489567031 0.478292942891944 0.518091581724682 0.473652082757738 0.424178867296029 0.521596968731634 0.537448258116136 0.455111409067965 0.317480650985782 0.461528929102736 0.554976732992519 0.422596669991079 0.496138628468802 0.517584885416623 0.658031478236729 0.504843440101198 0.505377532955813 0.546500841494282 0.495718610292865 0.566545640507086 0.521179210567742 0.501036299624224 0.478654177981295 0.605671717136323 0.504604889936355 0.493393902440877 0.498472510265313 0.507367193456946 0.433483296849629 0.566384049696091 0.386971357326349 0.443000410615629 0.421926866985119 0.477143649556359 0.585069392657545 0.40066487674049 0.483203142087628 0.404691576089845 0.423581202669364 0.446946215611083 0.472921223625527 0.478507625600287 0.134102031033466 0.190914673677635 0.379079308156748 0.27033126415963 0.368379723612387 0 0.216232671899207 0.234879709688846 0.30010747940503 0.20741081340021 0.461167102814622 0.485938798077641 0.17681319976603 0.49050849805259 0.51379275794255 0.458027825959779 0.374089712245385 0.40853420500931 0.530545557647121 0.557672910704523 0.520791240145082 0.464162322287462
"vayupurana_06_prthu-and-prajapati-lineages_iast" 0.467906368830999 0.643468387543087 0.664660115998464 0.637339897933317 0.651284278080257 0.630287833876387 0.625192651601029 0.669448573308691 0.64280566669505 0.623289712496592 0.696734722595495 0.657811820321669 0.666501468080063 0.572304120990085 0.421721675481036 0.193381818926729 0.32979278001635 0.428277183469699 0.292561902151084 0.433297853874222 0.543619890133933 0.493786997572406 0.476397961501263 0.443988694226556 0.472253083965636 0.392550485925412 0.462026323691846 0.507671211252632 0.388940281975233 0.453288131684249 0.417267261539025 0.472992187589993 0.616537104449179 0.315731545245355 0.205921360649579 0.395591255915404 0.371296196630193 0.329957628247507 0.356945186972411 0.362086407612013 0.440721464634494 0.496330377507581 0.302581968997405 0.423693065752787 0.476565887522039 0.49823693517107 0.464394577409292 0.487161755852891 0.521020522840493 0.4667745148048 0.48031503059356 0.45698012214654 0.525736926816407 0.520493442480652 0.449457015174765 0.472359342136639 0.497654769591272 0.497638707766543 0.466160834237537 0.432181548075391 0.457931735596598 0.43695231562318 0.462803375285534 0.430391010363262 0.485413323510591 0.527951229540983 0.467943771136057 0.439499225280459 0.510103150841739 0.518563887916738 0.461134927225631 0.361921363750378 0.506412425036073 0.582486794159912 0.432534621491199 0.501507135551422 0.527935433991725 0.688831490723152 0.505948546774899 0.528008388402104 0.554264809532438 0.504517836090318 0.565485400091083 0.524722099705744 0.506552888397217 0.50126435955504 0.618355665399521 0.5497991199897 0.51753868120407 0.527116283559245 0.510603285637357 0.462424393716971 0.551763278383511 0.399998895262997 0.484641774626735 0.464996728537828 0.4921386900812 0.587312889042341 0.420683681101666 0.471030336655114 0.427466766200078 0.473133963430036 0.446338510131457 0.477811963555591 0.499933934846958 0.194419308324747 0.241770109441551 0.439431369502614 0.289155624063709 0.37908249987392 0.216232671899207 0 0.27992852776425 0.320738195680042 0.273186744419378 0.484743468224637 0.501053153010795 0.209962249451777 0.524418620801102 0.553573745659639 0.492099903675304 0.394070093836496 0.429112349066848 0.551716293949113 0.568189983101152 0.53396041229144 0.486221982735732
"vayupurana_07_shraddha-kalpa_iast" 0.425782663735629 0.585290588245641 0.609405720062195 0.583134684478524 0.58848133274712 0.553320946217331 0.576973385074031 0.606635024592788 0.589648375407224 0.585919862525913 0.615155444630788 0.601893117833853 0.590980170850444 0.521392219674025 0.360423940670219 0.21935955986201 0.30493461196351 0.390504494623112 0.27500313629668 0.370777125931435 0.483243079159399 0.437872062178332 0.402456349604408 0.383646833709549 0.371946234093835 0.334836114963122 0.42069751008112 0.513927009225754 0.418115663055151 0.472195725334858 0.415829834332172 0.397967240438888 0.535645821637387 0.296538731035239 0.320493901508241 0.358902937429235 0.350676046829929 0.289447484941931 0.330097939144445 0.333169900509828 0.43617888852128 0.421640569221131 0.255592539363249 0.366015357049115 0.449493018898866 0.513954139247154 0.432457091685007 0.464776921265556 0.494614632953593 0.433949952705622 0.458210601680258 0.43601356559443 0.516029086797876 0.508659975217011 0.446137486217495 0.452938144220031 0.458038166797089 0.451440564383101 0.387715030960779 0.359439605159193 0.35561875198165 0.34518419942636 0.427548201660005 0.417001343344646 0.491644890418762 0.509780649164829 0.444581824604786 0.377560266283437 0.504189165288641 0.509737054951604 0.411393909210439 0.300368526429482 0.438122679956726 0.491186796371065 0.423145221879689 0.479551208995346 0.492643479108091 0.631679166466485 0.508638336308587 0.47217135813025 0.516837068504654 0.475222376578407 0.533963716078607 0.52322796260496 0.506827339348453 0.440045181570499 0.541145320814885 0.434507813097242 0.471146055203239 0.467472602656505 0.482892833894576 0.396140562443618 0.547937568353497 0.328470584663753 0.396094070799533 0.380132688859677 0.481113768446312 0.51916390706031 0.365856384163325 0.400816972921001 0.382465205568411 0.386280388184957 0.435671293772361 0.450345688772532 0.47214860184985 0.192126774069923 0.287649944188348 0.3179310670884 0.299509800490459 0.34928095318708 0.234879709688846 0.27992852776425 0 0.308042811500228 0.241233863215109 0.447085181823905 0.428743307166716 0.191991020584643 0.438862638694781 0.512561283321458 0.44796579693851 0.329374319315992 0.351489483913027 0.514237990932041 0.539529984692633 0.489423143117923 0.428816819057623
"vayupurana_08_manu-candra-vishnu-vamsha_iast" 0.439595597533657 0.578594487238688 0.629846480518495 0.57351358891712 0.577701107875286 0.580536208239986 0.566247936645081 0.619823576023963 0.564037493989279 0.513366407639212 0.662204497425782 0.577523570923782 0.616865861722186 0.493224147295858 0.33801722293522 0.276045912349452 0.188476375215823 0.366382247741296 0.213016340804711 0.31012124484574 0.471606338686393 0.4018612084429 0.396807804917618 0.39592484174823 0.40262839119237 0.386162242096826 0.31598039645848 0.413638139716682 0.395910541557848 0.414443494975837 0.28015934896093 0.35044471351128 0.583434957899149 0.138540485406564 0.367817502703492 0.26439337795279 0.309411851667678 0.297814864021536 0.362171770848819 0.167557702619185 0.359539731332961 0.440974708264373 0.269420853367286 0.385871576591406 0.336747382177948 0.373819883540902 0.363950458634012 0.34897601490502 0.411736840460238 0.388776604589861 0.367406096109213 0.350687234853235 0.405881183728334 0.398162773034426 0.330423858020699 0.353008368890076 0.415453336629681 0.42710179291855 0.379727027494388 0.362186842185826 0.436413515777595 0.40692021315453 0.350302778086281 0.351443872804941 0.381001729523352 0.458223348035107 0.407668480342355 0.35208106674095 0.437857537800365 0.432923597368286 0.367451238954482 0.265033391102037 0.43155763257478 0.501047079725675 0.377352736097388 0.402110868609005 0.437449194927823 0.656608079946475 0.374337159001795 0.407490181742121 0.423223024811144 0.374399872436657 0.436201889636213 0.411604894315365 0.378332762395992 0.429850859429108 0.581396867362213 0.508001265897375 0.430342093340085 0.459000515597597 0.40574222081842 0.415855061882155 0.45743732297221 0.320244585900419 0.395827606076726 0.427484090239734 0.425258281381323 0.523490347407269 0.359617235590461 0.468878568227457 0.31891726815543 0.413540036593786 0.303345717609323 0.375167953093585 0.340090437552414 0.233037691671888 0.303519925654511 0.397664669852431 0.21694449175672 0.358082028534876 0.30010747940503 0.320738195680042 0.308042811500228 0 0.317352646730374 0.413246037675505 0.419757443661834 0.204740334967847 0.46966411711421 0.475391494211605 0.395449454324639 0.365563215363529 0.418421547781366 0.446464105013207 0.461448476688221 0.452570177696376 0.385984860218139
"vayupurana_09_upasamhara_iast" 0.416088108075902 0.585930421434705 0.608645622764733 0.577049150152235 0.592506916909054 0.582511507413435 0.563535729604589 0.62747542847921 0.599164195544771 0.583320989700893 0.635417738500209 0.604306281077647 0.606373994103602 0.495881981068981 0.391980645201041 0.190769560201897 0.300560750422544 0.410241073786504 0.264766353898363 0.360785226005861 0.476468487382972 0.450421076256329 0.461141042434332 0.40803287639822 0.391167080827832 0.351255526687736 0.421181049061534 0.502723022707772 0.416691874322559 0.460705900079103 0.400335136570492 0.402275118463458 0.561951305343426 0.311560491638067 0.31408410518031 0.360884011640503 0.314358311663402 0.251225727801396 0.33319334862441 0.326274849718931 0.432525991745631 0.429327180588553 0.265549279713922 0.391890086099566 0.43409953787891 0.493088777885055 0.421029975431583 0.454873734416756 0.503153759459619 0.411456761206927 0.462286488099701 0.434529200062675 0.513594224621389 0.507902322232892 0.426350586840094 0.42814844625866 0.457341101988287 0.435827633073945 0.376924354214395 0.354090875206162 0.353524781490429 0.351592404143542 0.394628582040675 0.376192231674921 0.450538564972029 0.474652698942388 0.42728858395483 0.39806541130507 0.501530051450787 0.499090983394114 0.427093570028707 0.314747949706274 0.435179164221418 0.493721498089782 0.421619799208743 0.483134708831689 0.501859981838379 0.645521691470713 0.479093139627991 0.474388181964134 0.546640277983716 0.492957772117303 0.553303735856995 0.504624775088919 0.489553819328994 0.463341155527124 0.559689980611708 0.443993573861116 0.46440412303046 0.46980111191068 0.483793599576593 0.410094491818391 0.53409789356171 0.36816135337147 0.417423134015925 0.375627760526301 0.467631437544555 0.542870099089831 0.397537829546158 0.460253321649028 0.388909939045311 0.374405477454576 0.408884644322455 0.436176303869058 0.468989520319924 0.183913090508669 0.211643574315889 0.34517947641467 0.255132965221628 0.399603448662487 0.20741081340021 0.273186744419378 0.241233863215109 0.317352646730374 0 0.450869792160462 0.465899030744744 0.192038874909319 0.436146138107773 0.533172509971507 0.449203659181329 0.339041531696932 0.367547466738331 0.51015028064802 0.531812684165252 0.462941389328615 0.426033529854705
"vayupurana_10_gaya-mahatmya_iast" 0.374208438220311 0.472436282371441 0.497447152856423 0.476535286543722 0.485769249473439 0.506604680339652 0.494523122912967 0.522351881813547 0.50914140845464 0.477425330429422 0.605419487867643 0.502677761374868 0.484352465205439 0.443142539105981 0.301451915390884 0.442195063053616 0.347446909620585 0.363590982704018 0.358922244567215 0.340902813505763 0.453331311285828 0.313909885430044 0.376246636133321 0.365907819655472 0.32174738974141 0.430089508449309 0.356000495595836 0.447276817620471 0.465141787465556 0.485767353555669 0.381870611734054 0.400750772333564 0.527525899846835 0.448056849237888 0.529740968595046 0.437230688378692 0.468714533983217 0.501395684397547 0.465084510668257 0.470802237765613 0.345837848515746 0.394714127317183 0.394469231210979 0.370259897111844 0.384276948077435 0.459088977928554 0.395273374151143 0.374882082726507 0.39129043679464 0.396315618215237 0.421667811771599 0.378225262884001 0.431438936922569 0.399450000745139 0.428084449633126 0.398848981786045 0.389096564304401 0.455896604470814 0.378399070500848 0.384461495435937 0.379362589440898 0.469798834129733 0.397150460063972 0.448597918699713 0.492923293941308 0.518817300355852 0.395888358422687 0.357696088556363 0.430075429095266 0.439685947534135 0.36047879011059 0.360013459572293 0.322766451835172 0.427261681734245 0.426288782051392 0.385459760562447 0.37195882321658 0.597073334240987 0.41305146684749 0.398407572459054 0.443843976685982 0.40197754509285 0.429981778213912 0.432068089128011 0.434005653602614 0.348718679717692 0.513641230623378 0.445588740938716 0.418384304953598 0.433641818012334 0.370039516680599 0.380323526119076 0.432728026981706 0.32815393785214 0.345887235119995 0.369110179020899 0.432166852918316 0.438445140629693 0.338811136853402 0.442042302564989 0.417705895476047 0.425696824331127 0.391113893475405 0.359996098150807 0.345904131804881 0.426893290800117 0.4446624551726 0.490721394111919 0.399443077893409 0.461273750646032 0.461167102814622 0.484743468224637 0.447085181823905 0.413246037675505 0.450869792160462 0 0.370446686125967 0.390045256453253 0.368747396475049 0.434984934755072 0.418053120827129 0.410053995261654 0.410318731033017 0.464923136658062 0.453594961145389 0.444060827852069 0.374991202893925
"vayupurana_revakhanda" 0.454746362749974 0.429684025703874 0.477763341293074 0.466604869382771 0.466244094993463 0.472179339566522 0.38356123773931 0.438512122622686 0.366039892369439 0.428051970217406 0.575597331971493 0.428300751927126 0.43779016078218 0.376075491392627 0.263543366388561 0.454696189829932 0.325762312614123 0.346508396833952 0.349842233711017 0.277677621553512 0.363924050061683 0.288037055580667 0.331356309151191 0.390410417635419 0.262891265448236 0.429750672537008 0.341940022561962 0.354063410439174 0.461084095188688 0.483086275231378 0.353308125403993 0.313251927054072 0.449064701799987 0.416534617729335 0.524282622149427 0.419112018711686 0.449525510265214 0.484781712586293 0.451063037513696 0.431478209080496 0.305271390081677 0.359862414836417 0.352396992499805 0.412470931389307 0.335920045533376 0.469405711067667 0.340796918193116 0.328740149787043 0.358980090457924 0.370833860542395 0.410410119416251 0.342300481012371 0.412944422845908 0.422983201232099 0.430188106206781 0.349890838737742 0.360012603059738 0.426569849163254 0.353030918176133 0.331485283182035 0.405009858368411 0.443986717359751 0.363281165887921 0.421288448515801 0.487711042956017 0.473398164108849 0.38496189383919 0.342728704667415 0.374128959648126 0.362922910194043 0.330308058608626 0.322295274832436 0.343839251759881 0.359459745492965 0.402821092076971 0.259922754018051 0.292324390497832 0.588438436465693 0.378669622944217 0.401966260872182 0.373757998034325 0.392972833371437 0.443242833676783 0.420924590339115 0.351549945407671 0.265970792163022 0.47115246653274 0.463762804955098 0.312382440311733 0.344087022629941 0.310454176274894 0.314423774844531 0.341075654704494 0.258371718436041 0.378144359692674 0.372893886381984 0.434386470613431 0.378265640584666 0.20838990194498 0.385105292923828 0.381463742010005 0.367066759877921 0.384656104005459 0.262088540221902 0.332935202453532 0.438327661171732 0.481366259207468 0.453174004469193 0.387468430848906 0.489436286889197 0.485938798077641 0.501053153010795 0.428743307166716 0.419757443661834 0.465899030744744 0.370446686125967 0 0.391866973000862 0.368728092563201 0.33609419684268 0.271650975996969 0.356833682389691 0.404061858464547 0.498502112472003 0.324289151360267 0.316425282461334 0.293702892987318
"vayupurana" 0.39594776129429 0.563450467286621 0.60270422983882 0.557259010823227 0.568821254447187 0.556587405602399 0.548503267076662 0.60341962757748 0.564241292206739 0.541211843415221 0.637752997461615 0.57659657926411 0.595855644966568 0.477799179624389 0.309726546911854 0.139963472011961 0.185580256937587 0.343651326629016 0.151204310065066 0.305849002407135 0.459679641558263 0.397897947952324 0.37239163600674 0.356395881182315 0.359557120430069 0.323658002858571 0.347792952445814 0.433123379506163 0.351131751273575 0.383977974420133 0.319382950482994 0.363467961853475 0.540515944846118 0.211813006198652 0.294842765110995 0.289185806992499 0.303020097237981 0.269040113724937 0.29141703319285 0.261664409729347 0.339455513255358 0.404209278425047 0.172867917905338 0.338014070541293 0.37886467841105 0.433968676928158 0.374058358865673 0.391828460789663 0.43292322140194 0.377404322827275 0.390752446163992 0.372017712232268 0.447141907597778 0.43735553491076 0.358437054457463 0.3832063584932 0.406539960729235 0.40943288762635 0.357671828606758 0.323328578696224 0.363042144605974 0.335630483494878 0.363808065328518 0.351451590998925 0.41979714681195 0.457973688604915 0.398619526198791 0.348942645629085 0.440941839063737 0.45448588320648 0.369588353229494 0.234580027820981 0.402329856874731 0.48914468609045 0.372698582641172 0.402444992072489 0.426839080725408 0.629082833511607 0.426747241658955 0.427273388290293 0.475374821151472 0.415424144264577 0.488783608958108 0.4516098952085 0.427448408537036 0.41005950241751 0.557904438878908 0.462391234097549 0.411964308929473 0.44712106835888 0.421723035949606 0.361536906487254 0.477105801037292 0.276157356118957 0.371272814328678 0.368716224972337 0.41420090907368 0.50063634837817 0.308402533217673 0.416646141197586 0.319539838284264 0.372405882515574 0.348418494691809 0.383478219082167 0.392098088443529 0.0971018317869284 0.19565428564708 0.355760074633308 0.180132657747651 0.303568680250569 0.17681319976603 0.209962249451777 0.191991020584643 0.204740334967847 0.192038874909319 0.390045256453253 0.391866973000862 0 0.437805547588248 0.466606952565104 0.396918729261678 0.311919731161796 0.350493076440821 0.472326504136514 0.489212316769903 0.446325121506449 0.384564726742937
"visnudharma_pu" 0.414305029680759 0.444211514486846 0.45676965930013 0.428804853324181 0.428114094411162 0.501838752133516 0.432701167370688 0.47233683948506 0.46363370368019 0.495728328108781 0.545019413603476 0.505004660066819 0.465473344418037 0.413550729109351 0.334348535915649 0.475669096109646 0.387238232421602 0.386852341190424 0.399608754309237 0.290240455189518 0.388171051415796 0.315421290253037 0.392610586383543 0.39328598978009 0.299129855687902 0.445216046531702 0.334109052810728 0.425561333827434 0.430889333237628 0.479805540549105 0.380069186534412 0.358900315485483 0.493142612414991 0.444518399901153 0.538418349566807 0.406795169331393 0.428343763630893 0.498907491473058 0.450435227111453 0.458636092069947 0.366936666301644 0.350937122064232 0.388848149042505 0.385580234263619 0.360149774016354 0.481137965836832 0.340990186029769 0.350631325574833 0.353841812744038 0.301731125113698 0.405879555360447 0.418150249203601 0.410467055477026 0.4192518777053 0.441107349498584 0.334229875657158 0.349151499425228 0.36450560510592 0.282725525801765 0.278938971587209 0.299753353455961 0.362868550888458 0.344898654233944 0.40623564380824 0.470062788220238 0.462498317406904 0.368289914627366 0.293175364539152 0.404579447062798 0.378302130272301 0.294729448445558 0.349028051134626 0.364252140862875 0.35643713469563 0.472903204196403 0.399015778909816 0.391622584100795 0.59252340970431 0.391405072705111 0.346614163101757 0.405577935001202 0.379866725528094 0.384180563416401 0.412768213105775 0.424748974863647 0.331704506750897 0.397293911400622 0.373891645841242 0.388688496976448 0.409869250607679 0.414278207644137 0.342543942971682 0.462682962322992 0.306951836616963 0.348567730489629 0.382664220089537 0.456135361749244 0.404805677440979 0.327710042694497 0.380440643707136 0.379632951596747 0.345261721357608 0.378218007325758 0.339136596863348 0.390654563953964 0.457486869558564 0.480435828543857 0.439654692182006 0.436067225835743 0.535391606659538 0.49050849805259 0.524418620801102 0.438862638694781 0.46966411711421 0.436146138107773 0.368747396475049 0.368728092563201 0.437805547588248 0 0.431238833213902 0.319743402670253 0.366589862084872 0.334845046667838 0.486943235101433 0.427444460767774 0.354586529006281 0.313375402868732
"visnudharmottarapurana_khanda-3_adhyaya-343-353_pu" 0.476427772204739 0.447540222164745 0.51289000853158 0.490226961054734 0.520828794886221 0.50282772808116 0.459119729777543 0.492152353890981 0.444518890363871 0.437650670389931 0.605909133547705 0.466930595222618 0.48768673020655 0.371495570904755 0.374771893543956 0.512315151918724 0.404606388352344 0.405967332777317 0.430284638905376 0.371899444285438 0.41196624310649 0.348124733771469 0.423558190635301 0.429003265127681 0.399307073888361 0.515141974140604 0.394088549003407 0.35881412207522 0.49576500463331 0.524049722391119 0.437207052334972 0.360444513676822 0.525551190595209 0.463494993496727 0.580966697945192 0.433920924989428 0.479081667239308 0.55431320283744 0.515966131035781 0.478994067824291 0.346131819699512 0.442041740691269 0.42817109873845 0.429646372490367 0.414164477740043 0.488877841149638 0.435898090043478 0.40522460743194 0.425675850703545 0.461021300557144 0.459094865908054 0.418965281589065 0.482170523291147 0.470360105273006 0.495785089159219 0.452843877479063 0.459941576786549 0.497044433612436 0.440234266614252 0.43944815683207 0.495246996316555 0.53129849821497 0.425465944173261 0.483468262551766 0.513496748450181 0.549756672872579 0.465504395570947 0.386090408997526 0.388392775353917 0.390936887754176 0.364524145572859 0.394355179950903 0.402855356349806 0.486529140897181 0.450384297253653 0.336027086359304 0.30983963521319 0.588471368129428 0.450348472657336 0.474900701035418 0.450695765052224 0.466629406597236 0.502183121352166 0.503313866966854 0.452446206086456 0.311928571523 0.563632387187461 0.557654629646387 0.38832834514244 0.4541955357584 0.378168739290898 0.355275917805118 0.362108153834234 0.397420596170677 0.422090977118829 0.422934840796524 0.462291474162324 0.471771862661417 0.34851500333448 0.45222789364827 0.407286948034116 0.475986333228535 0.449203314749561 0.369743414734727 0.411818321079578 0.496213020530021 0.534397296150202 0.534874783995459 0.445957540128907 0.554496459079514 0.51379275794255 0.553573745659639 0.512561283321458 0.475391494211605 0.533172509971507 0.434984934755072 0.33609419684268 0.466606952565104 0.431238833213902 0 0.368419993743467 0.4176774041262 0.456947977175046 0.505401530292163 0.384520857110983 0.403889527970724 0.364772565857665
"visnupurana_amsa-1_u" 0.440191803690677 0.457374844780898 0.505107782985329 0.446563676600023 0.467691384348993 0.503605082009687 0.398317625212892 0.444572661246245 0.348832398387628 0.417633106572184 0.600507596560259 0.433173620393849 0.478237486479301 0.373109131199352 0.279596962451516 0.443265485002251 0.313604420486496 0.363932572696557 0.350552397603518 0.243262020290811 0.394784781913552 0.287237655985666 0.385562484728489 0.390617783697091 0.286431565209014 0.442118037401196 0.323629819381902 0.399946485172005 0.430815990226964 0.459371094184551 0.321702823553733 0.32416259010869 0.51079466603423 0.379557213626078 0.504136376324458 0.349684801269834 0.367344291159263 0.442285054838551 0.406592566403448 0.377909920849948 0.324281914348015 0.409329682442076 0.362086797286157 0.398980648062006 0.289800260487843 0.43829602582969 0.340129095643791 0.296746177339146 0.348903436069715 0.352977008230161 0.382233491789938 0.324585826738542 0.364693278470751 0.381502052420902 0.388815244171659 0.325030954906888 0.367136195245763 0.413066774148908 0.331578042662883 0.313526362375374 0.397907142261395 0.429347799259081 0.325408968941482 0.373316696369324 0.428631444800205 0.418022922952446 0.406666471921615 0.281706779767948 0.324618565319563 0.279810368013162 0.244692405674102 0.320181172812924 0.372265143081356 0.445713469705479 0.414027862295369 0.322377538574605 0.335162822847102 0.621995723133221 0.373124563441514 0.375296594508711 0.407278064043179 0.39098305604099 0.429111829475889 0.389842170920016 0.373496622557268 0.333144033812741 0.511335885464879 0.462013220127596 0.358909916207976 0.330913329764135 0.35469680973653 0.329733063704978 0.380245151937857 0.263593781310383 0.364693650235823 0.393811216581918 0.40179859818517 0.448123652016858 0.266310726384233 0.451890205400235 0.337105522659574 0.398161975921122 0.346376890715095 0.251862477308851 0.326870335153758 0.422583811801048 0.453417561405974 0.463061547313783 0.395919582074608 0.523858168160295 0.458027825959779 0.492099903675304 0.44796579693851 0.395449454324639 0.449203659181329 0.418053120827129 0.271650975996969 0.396918729261678 0.319743402670253 0.368419993743467 0 0.318697118762936 0.351561236526262 0.437572110094116 0.261278949956236 0.270767638784306 0.175679069181589
"visnupurana_amsa-2_u" 0.390178001131931 0.44709301625377 0.487893618051062 0.482164290711249 0.492465910266011 0.468210055924938 0.45255581461569 0.50286330895068 0.474656860431439 0.452639869998226 0.557798370389973 0.475835044497235 0.49935974972374 0.3727618629757 0.285913015903352 0.360401600955313 0.285509769686451 0.351486182893507 0.274476807683096 0.276705529800719 0.410112978643363 0.338463611722917 0.400498378052831 0.339953127583622 0.299270295843337 0.349036057088823 0.367333197121844 0.455512199707045 0.434537295926475 0.456577357101484 0.344011342532704 0.353613281034487 0.485596213571868 0.340022402912224 0.416617841084491 0.341434520055111 0.298447069044455 0.385171984086978 0.311668500957179 0.383140093931878 0.350246540640472 0.392518203121852 0.301895515341029 0.346455331950705 0.358671106597669 0.478115583781721 0.365326003516678 0.374035661969769 0.419498985334795 0.354772892822987 0.400810738859175 0.337831478198556 0.451238768118338 0.447838261963484 0.401558498370315 0.377569680686983 0.38501915936379 0.373147132665869 0.30890697502937 0.292370168835421 0.361733966648537 0.361034245522605 0.349210905949712 0.371179214868799 0.465497251019037 0.432324446661036 0.401166536603697 0.246914205409636 0.403964897926529 0.40364339014088 0.284816235830603 0.259139704416624 0.407629041179452 0.452222515611462 0.356431838524085 0.382755628648476 0.399787026861109 0.604573170908385 0.455421671195214 0.436742196824545 0.486232085825889 0.436328819092995 0.494783461913169 0.467307757782983 0.451931715722485 0.373265163078798 0.539816583868528 0.445283336206131 0.406720423283875 0.401580153999576 0.407649491168549 0.347514382258036 0.476915362104659 0.279322087654559 0.335907196175836 0.356959232180871 0.421395072713086 0.445925967000653 0.28529346519974 0.413118856572586 0.371052385297273 0.384155944058435 0.36229700673905 0.371346086381319 0.405687279455734 0.345031252200583 0.382634857694638 0.398883944899669 0.34261484417208 0.421592680554169 0.374089712245385 0.394070093836496 0.329374319315992 0.365563215363529 0.339041531696932 0.410053995261654 0.356833682389691 0.311919731161796 0.366589862084872 0.4176774041262 0.318697118762936 0 0.266673844112766 0.410494441778849 0.413913760119188 0.338432068702328 0.255436948723637
"visnupurana_amsa-3_u" 0.371191259770209 0.511610845537508 0.50308794596226 0.513402857035533 0.51688040874234 0.501868621773285 0.478132145512359 0.514643975993778 0.518859465172207 0.496107563023091 0.572460744994981 0.534001152799989 0.499217728823344 0.402458619396175 0.306519007328478 0.386765764650962 0.350624269514881 0.400828660089747 0.340959849780441 0.317854911939673 0.416817341369648 0.377566780279929 0.40604215993791 0.325717962351822 0.267597604699836 0.346102497080443 0.372643695489052 0.494928995412975 0.43058705333791 0.444720748936495 0.387025957012013 0.373985068482967 0.480534544243038 0.412289194583185 0.458425723849004 0.388447239682423 0.371647147399397 0.435352554335693 0.341411239443525 0.437944432147839 0.381963530133757 0.344303506914695 0.30310319171927 0.373351260990542 0.414368903302144 0.498262775254965 0.371545917343126 0.413059320638151 0.43356808454005 0.346062383842476 0.406839440665485 0.409849232979709 0.45725547600879 0.463968018718558 0.404359719054048 0.40106795304946 0.410285982255968 0.421265714058245 0.304941100994823 0.284336474552485 0.358689511415881 0.329272470701705 0.377216807314935 0.399440923704718 0.4492942577812 0.431546571889443 0.401538041285617 0.275004323652331 0.461544744806714 0.441857501548498 0.328763714473964 0.296913959504217 0.363999028887576 0.41869114945653 0.420118621722325 0.43747342019833 0.444549671297778 0.624182249164422 0.466982445791067 0.428659526390242 0.48394494348804 0.440803584164837 0.484650632127936 0.482436203135739 0.499446219202905 0.365795960942288 0.529128413896626 0.412203391517622 0.419839177774488 0.443471234605051 0.471968449491373 0.390495664789159 0.522072157973117 0.313194013443416 0.315159243825025 0.370224393487491 0.462525229930001 0.428609828281123 0.337753529155037 0.389603537836519 0.385923111735003 0.409299979832936 0.408314522444689 0.397237716977004 0.432898871525551 0.374115801741706 0.40201123819229 0.384470257106576 0.387140885172821 0.4437975802242 0.40853420500931 0.429112349066848 0.351489483913027 0.418421547781366 0.367547466738331 0.410318731033017 0.404061858464547 0.350493076440821 0.334845046667838 0.456947977175046 0.351561236526262 0.266673844112766 0 0.423837018234913 0.461795452601207 0.381848695815542 0.303319191275525
"visnupurana_amsa-4_u" 0.496052487843991 0.550669267145796 0.57548890639687 0.55103332148431 0.56296673916266 0.517200753853127 0.545116181309467 0.5802436191502 0.557821687365402 0.460627371429649 0.549761894861261 0.542444208504967 0.564254352106176 0.448790654417918 0.421826819937376 0.509910336923656 0.411283179090274 0.45613300856326 0.423854523183261 0.421868847501036 0.439037588768217 0.44536339537905 0.507852396208677 0.413381471393297 0.438335774511918 0.460013176767685 0.454428268264529 0.48840511856913 0.499730227002978 0.535955995938555 0.446189616472412 0.474685490767359 0.558920326311115 0.461547636125855 0.58915220155906 0.402415334969449 0.463357099355037 0.484525935563563 0.428687254468446 0.44898974900872 0.462099281980065 0.486339620017759 0.447070111337209 0.439042618019551 0.459795454278989 0.519817986470266 0.469045675589102 0.473071481316214 0.52289221882008 0.465407695899304 0.466149943798743 0.450856834007368 0.515771014166771 0.501998801809993 0.475119496896126 0.494368055952676 0.505528990942754 0.450891738037176 0.449247934966411 0.456116220925304 0.507839831927228 0.474606076173983 0.458325799550002 0.470433393831897 0.473098701563781 0.48740282316237 0.481500653374362 0.383316393546528 0.449740790709663 0.467012391381409 0.401909042784376 0.424936979971057 0.455883665480573 0.529919799653518 0.496488018064863 0.457752455879146 0.470242824996889 0.557118355830391 0.507260520914276 0.510354814878915 0.53648476666632 0.48379820255036 0.524545647768425 0.526527977396282 0.522482017501089 0.443440664722863 0.594823006174423 0.474148061074248 0.501108657491451 0.511672257660639 0.482377398597463 0.459841443172965 0.516940054557303 0.426221532478526 0.379893962093031 0.456402767057731 0.474876244013538 0.438363929809253 0.466100034219593 0.522167482284043 0.452628538461622 0.516888628442772 0.448378847144735 0.450748757987886 0.465153735589604 0.498927546880753 0.519160387063244 0.483653879574716 0.442081091398319 0.543613531809182 0.530545557647121 0.551716293949113 0.514237990932041 0.446464105013207 0.51015028064802 0.464923136658062 0.498502112472003 0.472326504136514 0.486943235101433 0.505401530292163 0.437572110094116 0.410494441778849 0.423837018234913 0 0.441367106272789 0.458233450705343 0.353363901242732
"visnupurana_amsa-5_u" 0.503531589101946 0.410095251417022 0.490118010415108 0.427594867063164 0.455514489270468 0.470855985838112 0.377752699512182 0.423305042147874 0.323916488468125 0.406409146863733 0.551497136426733 0.373582473149785 0.449624644939019 0.349289533683516 0.358365665541578 0.528190190678008 0.387791428991078 0.402645899416741 0.424232383547987 0.330949896839294 0.377565975232017 0.331195564945454 0.403092338539017 0.453041022983604 0.392698195218617 0.499062162525413 0.347177742388534 0.332604197679729 0.4645908458288 0.51093474810855 0.369830902375411 0.340397715398266 0.520933761367507 0.474196003989539 0.596627384782184 0.42185583538641 0.461840624538791 0.530853611029849 0.490165638632409 0.465939202804923 0.379481980231531 0.465151665665168 0.459193690900287 0.466342286935923 0.310361662284484 0.46573244928597 0.362012143452305 0.325076862868064 0.352322805223118 0.385645762512999 0.406331638178849 0.36520482266641 0.386933265900669 0.376732643691433 0.397008013857999 0.3661917267947 0.402161655110906 0.432812095217196 0.384099327309061 0.402232139816807 0.499037080748908 0.524844423734778 0.343334098905076 0.392250747337592 0.439506650672081 0.469691091262312 0.46463818420607 0.337906000321398 0.319599596470158 0.291072894745498 0.288984200153114 0.409800672623034 0.411642458532371 0.443215023712381 0.479225287506004 0.280563683794359 0.321361945317869 0.587832852014873 0.389925627306179 0.394407494327627 0.386182970384006 0.412616842113057 0.413680615920841 0.412171140037656 0.379161868368132 0.333102077519437 0.527873999026618 0.518353080365311 0.38524827741359 0.415317200324339 0.292863696958351 0.396626424523985 0.338144673868995 0.37836620179418 0.403034013413925 0.445889608136156 0.448454690214112 0.388581387388881 0.399041563955639 0.492335126769543 0.381625803954818 0.479954941401909 0.384582559055925 0.358939597002367 0.313740148144351 0.520622011667588 0.518536198646338 0.520561457708682 0.463250177138514 0.596346435401208 0.557672910704523 0.568189983101152 0.539529984692633 0.461448476688221 0.531812684165252 0.453594961145389 0.324289151360267 0.489212316769903 0.427444460767774 0.384520857110983 0.261278949956236 0.413913760119188 0.461795452601207 0.441367106272789 0 0.273380446169275 0.242172223855938
"visnupurana_amsa-6_u" 0.46848925898425 0.428083119730473 0.448953553009589 0.45236468569193 0.458209255425404 0.465239279359757 0.398842627234564 0.45122524725439 0.386266805060805 0.434888717841559 0.522571177621361 0.4152363942793 0.439277878364004 0.326969179035227 0.316586633559105 0.48987332832149 0.36869082439303 0.394293646314301 0.396159014537943 0.300856381782629 0.388845245061217 0.312995676117725 0.391121625075622 0.420329096543559 0.310943336872795 0.457753539765008 0.365435559833614 0.370391681031171 0.4444876532693 0.487866222168355 0.385490030095795 0.334282313269465 0.476652293537269 0.44397737727944 0.5648030615297 0.427105538172831 0.43305420400207 0.495095336094314 0.450812854274737 0.462430586054811 0.36379297552046 0.393371993219431 0.403526980195922 0.415075557917872 0.347451864716286 0.462248822609344 0.383134828287779 0.344758589808097 0.378565952759504 0.368561964236555 0.405287639218237 0.384129784026381 0.395168899974018 0.398883674139939 0.41524035086918 0.357801611642272 0.395046234947183 0.367980588268034 0.352636270299259 0.347169321797717 0.42598114496102 0.454587585897816 0.340141040555297 0.384527235627164 0.440216431563408 0.476365883045278 0.436205845709644 0.31583591342338 0.338410266517629 0.323199614680682 0.288228233176305 0.374286471977033 0.361776145650378 0.441613162125546 0.492642841644236 0.336045638775557 0.350645360305434 0.583788561236713 0.407766863890461 0.41339889876021 0.43349391043076 0.440583940328423 0.439623154301157 0.436680050637904 0.41022347047221 0.32066734015482 0.499931274482209 0.45949634976309 0.381508752530517 0.389808420556594 0.331283087547742 0.35415407314627 0.396436437399301 0.345461985208543 0.372524348042666 0.380925806365248 0.427055651098518 0.392635789310153 0.341832167307357 0.436637677606052 0.385393418626501 0.40825445810067 0.401356280849172 0.334114346024537 0.341203281910935 0.476144651926876 0.500563823190227 0.464541085126729 0.450237657689409 0.565134245788031 0.520791240145082 0.53396041229144 0.489423143117923 0.452570177696376 0.462941389328615 0.444060827852069 0.316425282461334 0.446325121506449 0.354586529006281 0.403889527970724 0.270767638784306 0.338432068702328 0.381848695815542 0.458233450705343 0.273380446169275 0 0.223754899299706
"visnupurana_u" 0.414983549025108 0.412291449412474 0.468609927357963 0.437003451614912 0.439364792711406 0.433749596152751 0.380428847854065 0.43105897946317 0.375166283418442 0.370144811489545 0.543655150821151 0.39625118277104 0.434174143983362 0.325061258537094 0.227120287042331 0.430282829260054 0.287642991216703 0.337908548838889 0.323504351229905 0.217431863306754 0.355624923341001 0.252358200127395 0.369745288915825 0.348954932491231 0.24888982758679 0.394106230717474 0.304142877659049 0.367032111096084 0.425373949121083 0.452393943744937 0.321033720658585 0.290302510621328 0.484431024721646 0.377966162666964 0.517271229890456 0.324607701722946 0.368457182090294 0.432193084757895 0.372146198609671 0.398377403825809 0.316302302218762 0.382119207440451 0.35100668864786 0.349039883883121 0.278735313514409 0.439719505231294 0.323598810701185 0.277283784582519 0.338985948060036 0.318596992958521 0.352736025798115 0.294631183842696 0.356446819885218 0.368158799868192 0.372102993159767 0.312988137305389 0.334267117873538 0.35787762189151 0.288649457089449 0.284063305813627 0.370042496876734 0.40144529292186 0.291553549800714 0.338790136036392 0.415171570320524 0.421569314813956 0.38568223093854 0.204917823032092 0.300184380681956 0.293716095927629 0.188737028188823 0.284145815827864 0.345119376133849 0.408893119813216 0.406553007510039 0.301502122154052 0.311611834158062 0.583190805147472 0.363941035649529 0.37634197284524 0.423152640242611 0.383779777158253 0.406731105453091 0.386855165290211 0.393054744058367 0.28882384978067 0.500006288220822 0.429097614641361 0.341257916724918 0.347309442046365 0.333074098244333 0.310218730462174 0.389267158442513 0.241426998883227 0.281307307392547 0.352171367372007 0.403027049435663 0.361404167570874 0.273656068242408 0.419874745461612 0.345330682538717 0.388999313137862 0.333095206201955 0.273562633069321 0.309839275747832 0.414290238312073 0.437110240724544 0.41326780271294 0.369694949231733 0.499474505530783 0.464162322287462 0.486221982735732 0.428816819057623 0.385984860218139 0.426033529854705 0.374991202893925 0.293702892987318 0.384564726742937 0.313375402868732 0.364772565857665 0.175679069181589 0.255436948723637 0.303319191275525 0.353363901242732 0.242172223855938 0.223754899299706 0
