"agnipurana_u" "bhagavatapurana_skandha-01_u" "bhagavatapurana_skandha-02_u" "bhagavatapurana_skandha-03_u" "bhagavatapurana_skandha-04_u" "bhagavatapurana_skandha-05_u" "bhagavatapurana_skandha-06_u" "bhagavatapurana_skandha-07_u" "bhagavatapurana_skandha-08_u" "bhagavatapurana_skandha-09_u" "bhagavatapurana_skandha-10_adhyaya-29-33_w_commentary" "bhagavatapurana_skandha-10_u" "bhagavatapurana_skandha-11_u" "bhagavatapurana_skandha-12_u" "bhavisyapurana" "brahmandapurana_khanda-1_u" "brahmandapurana_khanda-2_u" "brahmandapurana_khanda-3_u" "brahmandapurana" "brahmapurana_pu" "devibhagavatapurana_devigita_adhyaya-31-40" "devibhagavatapurana" "devipurana" "garudapurana_khanda-1_u" "garudapurana_khanda-2_u" "garudapurana_khanda-3_u" "harivamsa_appendix-29-30_mathura" "harivamsa_appendix-31" "harivamsa_appendix-41" "harivamsa_appendix-42_pradurbhava" "harivamsa" "kalikapurana" "karatoyamahatmya_pu" "kurmapurana_khanda-1_u" "kurmapurana_khanda-2_u" "lingapurana_khanda-1_u" "lingapurana_khanda-2_u" "mahabharata_01-adiparvan" "mahabharata_02-appendix-21_sisupala" "mahabharata_02-sabhaparvan" "mahabharata_03-aranyakaparvan" "mahabharata_04-virataparvan" "mahabharata_05-udyogaparvan" "mahabharata_06-bhismaparvan" "mahabharata_07-appendix-08_sodasarajika" "mahabharata_07-dronaparvan" "mahabharata_08-karnaparvan" "mahabharata_09-salyaparvan" "mahabharata_10-sauptikaparvan" "mahabharata_11-striparvan" "mahabharata_12-appendix-29_moksadharma" "mahabharata_12-santiparvan" "mahabharata_13-anusasanaparvan" "mahabharata_13-appendix-15_umamahesvara" "mahabharata_14-appendix-04_vaisnavadharma" "mahabharata_14-asvamedhikaparvan" "mahabharata_15-asramavasikaparvan" "mahabharata_16-mausalaparvan" "mahabharata_17-mahaprasthanikaparvan" "mahabharata_18-svargarohanaparvan" "markandeyapurana_adhyaya-1-80_u" "markandeyapurana_adhyaya-81-93_devimahatmya_u" "markandeyapurana_adhyaya-94-141_u" "markandeyapurana" "matsyapurana_pu" "naradapurana_khanda-1_u" "naradapurana_khanda-2_u" "nilamatapurana_au" "nrsimhapurana_pu" "padmapurana_a" "pranavakalpa" "ramayana_01-balakanda" "ramayana_02-ayodhyakanda_a" "ramayana_03-aranyakanda_a" "ramayana_04-kiskindhakanda" "ramayana_05-sundarakanda" "ramayana_06-yuddhakanda" "ramayana_07-uttarakanda" "saurapurana" "sivadharmasastra" "sivadharmottara" "sivapurana_dharmasamhita" "sivapurana_karvanamahatmya_au" "sivapurana_rudrasamhita" "sivapurana_sanatkumarasamhita" "sivapurana_satarudrasamhita_au" "sivapurana_umasamhita" "sivapurana_vayaviyasamhita_au" "sivapurana_vidyesvarasamhita_au" "skandamahapurana_himavatkhanda" "skandamahapurana_kasikhanda" "skandamahapurana_revakhanda" "skandamahapurana_sutasamhita_khanda-4" "skandapurana_adhyaya-1-31_pu" "skandapurana_pasupata_adhyaya174-183_u" "skandapurana" "vamanapurana_saromahatmya_u" "vamanapurana_u" "vayu_ba" "vayupurana_01_frame-and-cosmogony_iast" "vayupurana_02_pashupata-yoga_iast" "vayupurana_03_kalpas-and-shiva-lineages_iast" "vayupurana_04_bhuvana-vinyasa_iast" "vayupurana_05_jyotis-and-purvardha-close_iast" "vayupurana_06_prthu-and-prajapati-lineages_iast" "vayupurana_07_shraddha-kalpa_iast" "vayupurana_08_manu-candra-vishnu-vamsha_iast" "vayupurana_09_upasamhara_iast" "vayupurana_10_gaya-mahatmya_iast" "vayupurana_revakhanda" "vayupurana" "visnudharma_pu" "visnudharmottarapurana_khanda-3_adhyaya-343-353_pu" "visnupurana_amsa-1_u" "visnupurana_amsa-2_u" "visnupurana_amsa-3_u" "visnupurana_amsa-4_u" "visnupurana_amsa-5_u" "visnupurana_amsa-6_u" "visnupurana_u"
"agnipurana_u" 0 0.414117475757846 0.44745234356103 0.410540269145313 0.39797221571548 0.441573284432717 0.390849463102292 0.400824233003886 0.395468455095796 0.398059782008123 0.472714720564415 0.391593685342315 0.412892652071905 0.408292635048277 0.289670578200168 0.38192267333048 0.339184283659964 0.329262243533148 0.314268244540591 0.338451224884635 0.402403480799881 0.344853312917445 0.292438172885391 0.228733371078616 0.321620640261046 0.401543413853142 0.390096815410342 0.432886573943952 0.44105917643788 0.427291568453505 0.374577110197772 0.302803839543131 0.553889150578433 0.353836061192301 0.337921280144508 0.313892179213986 0.316032699783443 0.399895121982879 0.433776431679405 0.426340412588595 0.389958709186449 0.436075772710337 0.413611173516589 0.436455460847711 0.465468983521888 0.43405327231369 0.434370112779281 0.426645444762251 0.431199469338576 0.451894015881115 0.487608342783837 0.386799008058248 0.384077730982461 0.415722615028257 0.396839240571035 0.415384940288492 0.471539761938663 0.484760706707627 0.585793648391107 0.51932248866735 0.331300002085188 0.453119491671584 0.412788109816538 0.338513658320577 0.276122941750008 0.239261971584772 0.353612811915409 0.392128994334432 0.361565351004039 0.364755816032774 0.412912275670758 0.434544716813234 0.420723454544323 0.425325383893315 0.425974423256206 0.431532757161965 0.433079823505269 0.419966126804075 0.335308676862306 0.386513782656308 0.351780464468687 0.439652017805502 0.464893635686167 0.384422026846988 0.462150279632464 0.418410249262278 0.33230770910384 0.331239431945581 0.36698792022482 0.37527631354416 0.310218004927449 0.34854650831543 0.416251505122477 0.387857082136698 0.469565934356326 0.358192827667902 0.404499277588518 0.330144003486337 0.356225145607637 0.425280905667483 0.458336498801788 0.405333823848963 0.452720612281133 0.388147870375557 0.418204678076639 0.386946670333049 0.398583328107613 0.412123588383685 0.426961751447184 0.355073860205862 0.335371735971026 0.36487693450904 0.45986601183359 0.386269122154706 0.388483156667596 0.374905004080959 0.431390612186434 0.399197769692715 0.429222556057722 0.333156330534802
"bhagavatapurana_skandha-01_u" 0.414117475757846 0 0.334718812625778 0.298627297180167 0.28660146811616 0.370140719224504 0.294269758924253 0.303703556407577 0.310899522817591 0.320666624592173 0.42145299447711 0.271148514381506 0.311520061655905 0.33777646276347 0.38431059385076 0.413189537030316 0.352557303289519 0.406202793647267 0.364365410612378 0.346443019259025 0.441528096798082 0.385519283819279 0.41688983686284 0.400671380835363 0.407987975250035 0.455043807716333 0.375655268496 0.406146376094621 0.426344994236336 0.424186319114621 0.339037745583963 0.390711007784385 0.588767567954156 0.370963585364614 0.391886310760567 0.383264463706213 0.434360773774524 0.345496296662736 0.405656059833033 0.371135717390641 0.339325101098805 0.392152769416301 0.360364637945105 0.405841104962345 0.43134457891374 0.405055435402459 0.410326640004899 0.397989998774014 0.395105337526492 0.409251829534902 0.462907173362191 0.345090605818534 0.353110511698541 0.427580742688182 0.431155979683533 0.365355649325747 0.4107361270117 0.444919396590498 0.54668375355926 0.478127378903467 0.353596961748624 0.469245427626815 0.373551269440153 0.34725060389195 0.348500669660523 0.377698546324969 0.395280105710682 0.443634370929927 0.365213834090799 0.399747214261246 0.435920635491997 0.410210551384304 0.386942237994896 0.409443630592395 0.409581422176963 0.417154739942478 0.42315376077947 0.389573093314074 0.380982046799115 0.466568980896494 0.422335713430616 0.4597198004141 0.47778552617976 0.411790582007194 0.485661215137108 0.404118866349495 0.378802797401142 0.407351639370175 0.463091326343124 0.393950662253052 0.372938558215773 0.397822114218667 0.455277925089938 0.394613277084165 0.47334199085531 0.350166303457477 0.416825730082057 0.364159426029037 0.392950702829744 0.439586799593902 0.501651843673394 0.418894146046469 0.491810158341978 0.430292109385844 0.448457959833996 0.43881607138999 0.401213715854454 0.43644695326275 0.485881620377418 0.409029791292031 0.379493338507385 0.365305508297488 0.476677866307817 0.392680559464252 0.428360133399723 0.42608125842411 0.43523086000703 0.393323701048007 0.428381987907228 0.354662855948722
"bhagavatapurana_skandha-02_u" 0.44745234356103 0.334718812625778 0 0.322353071987078 0.335203841213231 0.381504557731668 0.341602358998859 0.343679286239367 0.35344944117997 0.377129616929593 0.46004455221937 0.361201999942083 0.346861014447502 0.374280342898594 0.431675965793079 0.449947056625785 0.409508523976526 0.444420055414977 0.416055568039698 0.406921238697165 0.459556598312609 0.435526897984696 0.452070067828559 0.436365086316511 0.447436476899031 0.47948316955207 0.439028252748895 0.445061189813894 0.448650326218637 0.465240872015177 0.415259240421166 0.425111081921965 0.594499383508701 0.400571444522986 0.41939537660235 0.416883972828494 0.455099625321265 0.422473726252511 0.463917370742905 0.446860635956355 0.417930556554791 0.461313920176436 0.438146900231253 0.467107595117151 0.482666694082745 0.464939345713369 0.470485572918971 0.462623833860786 0.458460376389326 0.466679772779226 0.482572762401071 0.402578739594858 0.417587211876203 0.463554827912795 0.467304773188778 0.42929184687548 0.478359290121343 0.501283016580255 0.580066592245682 0.519663478481665 0.406255279846208 0.49950218695073 0.422359166919468 0.401519848218212 0.401780910844552 0.413966160569085 0.437517750580145 0.480235183142878 0.408846407299682 0.445024324228164 0.446533837617426 0.460670094533869 0.453664374671844 0.45728185098365 0.452365442331173 0.464655464649058 0.469051636656167 0.445218042299209 0.417992198036784 0.483741935660907 0.453754860750668 0.49435834017312 0.507126345414206 0.455618434061928 0.506406629591954 0.4373497265396 0.420400592317396 0.427715603981329 0.484276511045856 0.434171278827048 0.407196672286584 0.439960018272811 0.466570755326231 0.435002520567838 0.478575063830629 0.4076660174148 0.447842179025686 0.416174077405084 0.43767664218626 0.465656500956437 0.502442518690245 0.447524188349199 0.517962204256145 0.466343598728861 0.480206492136218 0.472180662212438 0.453169787219334 0.463543657641633 0.514551568334122 0.444593143556336 0.424587806930325 0.399145066975788 0.495623040370633 0.418240118240157 0.44715382956471 0.458710887806257 0.470032941947002 0.443051893136453 0.445114521976216 0.400467345263087
"bhagavatapurana_skandha-03_u" 0.410540269145313 0.298627297180167 0.322353071987078 0 0.226849870722499 0.324587323869824 0.305863294910327 0.31845107644427 0.316998995085276 0.342623402822502 0.384455672844793 0.261067551354881 0.263738247619196 0.314755871875784 0.399845502455168 0.420862101689514 0.373696234797742 0.407592363948495 0.374517757435823 0.323929450988028 0.441927320210321 0.404496406939898 0.419556821874298 0.409454011450853 0.41612322457618 0.461173683905178 0.363360107432122 0.395847485320559 0.389493684826857 0.403917540604227 0.329177025617871 0.390897871357793 0.580495991338985 0.378993126539155 0.394953301129505 0.382112802904686 0.430976877069006 0.338978991048022 0.405169345549342 0.375872868507065 0.32863959986634 0.38705965978656 0.359603041190751 0.399707631923753 0.427089117113789 0.394700685729947 0.401616529649289 0.389522762306227 0.389531146155077 0.407329888546634 0.427003713317466 0.316975589427585 0.332949461589497 0.398296574123955 0.403426305650548 0.352533794305891 0.419212719829361 0.450355025661387 0.547687449361071 0.483661641965725 0.365229358571357 0.47543901145872 0.393920785195868 0.359584844537853 0.358785147692742 0.386040279219956 0.399760221438281 0.45553913397796 0.342990742936354 0.405430486913682 0.436094633384368 0.393625677020084 0.371382411998144 0.388292347105222 0.388325954168182 0.38935898921645 0.397954384424937 0.371876308857499 0.394445278333563 0.464160271446429 0.410600229287125 0.471030009876621 0.493403667661921 0.419580165112943 0.487945640774488 0.416396642838346 0.38277595748548 0.397818915228146 0.466355352072806 0.406090781548259 0.369387037439585 0.395235718922245 0.461811717330889 0.402230040580322 0.466413449100173 0.358006672486959 0.425337137539363 0.37770428319332 0.404645287915747 0.439179406604383 0.493474134484458 0.424789074253269 0.505499295889186 0.440084961945848 0.455277261736878 0.447193531075127 0.426349254109814 0.439207539140678 0.498900692098041 0.419115136194267 0.390755427598638 0.330416833048639 0.466858230139094 0.388571351775738 0.433792309915968 0.430038518272981 0.447367241067415 0.406357343088355 0.42805622605469 0.361030344104991
"bhagavatapurana_skandha-04_u" 0.39797221571548 0.28660146811616 0.335203841213231 0.226849870722499 0 0.325009902045653 0.289394333343076 0.304021681908319 0.303274795880368 0.319641567324487 0.389483318480682 0.235134655868467 0.278567560112198 0.310363021649137 0.387599349865454 0.412412371148456 0.354951439202715 0.400155635659727 0.36127275213337 0.310167474462296 0.437054943739789 0.388457719404272 0.406610228629152 0.39783296009763 0.407134167389015 0.459910549346579 0.348062568825421 0.380810869799502 0.388682386889267 0.392927483839088 0.311178377058154 0.379592254687489 0.574393236945373 0.362683534087689 0.390952763596751 0.373405205340705 0.426131574604857 0.318578459497396 0.392794539898856 0.359931153261319 0.312031875400141 0.377307173653698 0.345084402737524 0.390631997120111 0.401410107566242 0.387052779857023 0.390729279338386 0.376698937406086 0.377829464188245 0.391681830918436 0.431281901342634 0.309333082024106 0.323870430411603 0.396819086265702 0.396539303649411 0.339569272008814 0.402013570170264 0.440336288310525 0.538979884434991 0.470677806764677 0.353630926760174 0.472614689304407 0.373731356337167 0.345664182020348 0.341729701114379 0.373356445859123 0.3868181040887 0.440213170811379 0.327522673124886 0.39522553969657 0.438377379087482 0.376206288498921 0.351700483270061 0.375110020947906 0.375731386198898 0.377925839004286 0.387584845298551 0.356974293588539 0.382086640877659 0.460211557545519 0.404760813135851 0.463649570451969 0.48732109151493 0.404065993382636 0.488096223287846 0.408947945278481 0.373200412300474 0.395955541754102 0.461549744757395 0.393280647642658 0.361225524997453 0.376221773978658 0.455512144843934 0.39157096589966 0.479288497087771 0.345608142660456 0.41192888449315 0.358348535094811 0.392380394642837 0.442062173951844 0.497247726121985 0.418403400638698 0.492875953385247 0.435986997827195 0.443426927270938 0.436364564838288 0.408566444657804 0.439295586323126 0.486687379594773 0.403752032796759 0.377326888768827 0.321990391565774 0.455013117190656 0.376368153413692 0.428071792476622 0.422163772397265 0.436525909401585 0.398811212087358 0.429144876075164 0.349823135675163
"bhagavatapurana_skandha-05_u" 0.441573284432717 0.370140719224504 0.381504557731668 0.324587323869824 0.325009902045653 0 0.368097822492138 0.3863357380136 0.371182419564684 0.399343194729894 0.41466334958737 0.342635283605774 0.353462494987905 0.361208305183823 0.434407719835281 0.449832498713627 0.416491617731038 0.430862369897593 0.413508989909363 0.392107828847084 0.4760121085979 0.4492319798618 0.450154945167645 0.438893608419436 0.45206701436562 0.48830768042278 0.422991118413922 0.451965762411317 0.44451092610484 0.44879200984245 0.390841439118206 0.43913750664263 0.591750301123958 0.42552798098252 0.435411473401412 0.427811232647334 0.464172097775734 0.404047366565673 0.450266914775293 0.426478792100606 0.394416961279623 0.441915632519092 0.416198910290938 0.449733141877298 0.474269968839677 0.450404821138335 0.453742762319903 0.445311513423702 0.444545717827521 0.450906469760431 0.461489860108433 0.387424339549203 0.396885455279666 0.443252540404671 0.449307927360946 0.41694624395284 0.467140790874816 0.495659550579779 0.57798354699734 0.524157218578026 0.415136263705521 0.505948243975764 0.448155464259742 0.412023811004351 0.39337417372973 0.426234227965651 0.447610955977993 0.484336323085371 0.400312746824032 0.430537391627778 0.442548909322039 0.446758678358312 0.42780279109121 0.434972241747374 0.432631551398516 0.436107661614497 0.446803867693528 0.430306807413123 0.433112962767175 0.487557711530773 0.443577475327659 0.481555812681611 0.528516435180218 0.462320080057026 0.488897809451924 0.463733926327333 0.42732574470491 0.437783052346916 0.494268509943767 0.451309474594906 0.4033243493914 0.431239330963287 0.485320512830761 0.442965501155783 0.515370667426593 0.415286384677926 0.465999143677846 0.417408645127695 0.434955746106907 0.473426355351061 0.514383295948708 0.46039083637237 0.492198399286238 0.457553137893356 0.486301417301321 0.478117167585806 0.456579333944693 0.471571608874088 0.536896740249608 0.450727164715574 0.423564540152293 0.391654654655979 0.491358131300002 0.444665473822176 0.446055283849123 0.465755274668426 0.439801825553374 0.442153446305539 0.462597161250422 0.399387693317274
"bhagavatapurana_skandha-06_u" 0.390849463102292 0.294269758924253 0.341602358998859 0.305863294910327 0.289394333343076 0.368097822492138 0 0.273361134174375 0.261343468968487 0.300266408845096 0.440162124869808 0.294527249461579 0.307656920578362 0.350918265401419 0.367024313104839 0.393849175623849 0.330877087265127 0.37342566464174 0.33667428003741 0.342281214229752 0.416468164455382 0.364880377360162 0.388880844334201 0.375046956255976 0.388732576120513 0.430217090662455 0.382127719084082 0.408542401096735 0.413020616912888 0.41025414201005 0.350498350647435 0.368361515062246 0.582592051924866 0.336882933232824 0.366467325115414 0.348690186822851 0.404404793499981 0.360286185980376 0.416017926434919 0.392497558593291 0.351483334073712 0.412437281528724 0.379001553064322 0.416549502138838 0.437493048645007 0.422762455946558 0.423749869365998 0.409178737392822 0.412672284938133 0.426637139242743 0.458684861690877 0.344508750169703 0.350969143448552 0.423116210136588 0.424830312246884 0.377150930712575 0.429960731754567 0.46957147288759 0.556585830314278 0.491022601176793 0.3295376996849 0.437771973932463 0.373445333885049 0.32413722910127 0.324472344469351 0.354977019236229 0.378864474500422 0.431326216727579 0.354125322940904 0.390515327788281 0.422175425028926 0.41251110859455 0.398022104060209 0.413308222315424 0.411368701678891 0.419974497994133 0.42124682708372 0.391920158612104 0.352269636420493 0.4475745196158 0.411040910518399 0.442197555553014 0.475327933951713 0.381038238720718 0.466696159778434 0.388031347250552 0.351957398941254 0.374744803469141 0.445299804304876 0.382789097134856 0.346432039114839 0.389621858775413 0.422749133491844 0.3703871294519 0.462543387636408 0.335842584839231 0.395992602890809 0.335197955069929 0.371419006988262 0.421033220798161 0.474682102180209 0.39373813741761 0.476508912738548 0.418069724552963 0.420998720673342 0.418276329597271 0.387853566142629 0.418490140532273 0.473922729556827 0.388781578598061 0.355212114060911 0.359364702126115 0.466875583829304 0.351175673286957 0.408253166941155 0.402188586021306 0.424791617349136 0.385873040666153 0.413213197539807 0.328118146508397
"bhagavatapurana_skandha-07_u" 0.400824233003886 0.303703556407577 0.343679286239367 0.31845107644427 0.304021681908319 0.3863357380136 0.273361134174375 0 0.296665351836479 0.321933356751378 0.433214190818947 0.31289934410123 0.30912817411012 0.36624548334337 0.379409272868867 0.410575254358195 0.354728404241976 0.389302339961294 0.35886801052136 0.363334654857921 0.428556854975361 0.378498246557929 0.39982065040287 0.387877021359262 0.389177397172255 0.437155595103392 0.400341936099531 0.425556169955526 0.439095157125457 0.437207120205615 0.375586134681272 0.377295439690795 0.585660420127808 0.36213437348588 0.372981887145733 0.3674660807732 0.414469053531017 0.383201335313805 0.433511667522352 0.410190392719088 0.374856999006487 0.429403250015102 0.399054158063804 0.442461730598821 0.450132563822067 0.440261152222521 0.443128750962942 0.433105538069494 0.428911533390885 0.446322273830312 0.473357844060074 0.358421839071873 0.376282729915815 0.424749118302497 0.432529678618594 0.391916495609933 0.447307510344636 0.479327362900854 0.558757959692544 0.500591041365391 0.345172063337519 0.455610775200133 0.386979982904503 0.342303783355123 0.342833536822881 0.36358794859899 0.384754029367315 0.443019527012102 0.372368768415719 0.396689661871062 0.422204328303358 0.43459653795655 0.416725757384851 0.429018855958556 0.428278555841337 0.440487991585026 0.441036174931291 0.411503051157353 0.36494520841397 0.447644620092972 0.415439409414393 0.446868076431716 0.480678532547986 0.397076987699263 0.470425036878256 0.40367518542467 0.367573190840511 0.386467972048657 0.44530901150997 0.394398812422397 0.352252063470586 0.398207513818978 0.433506468929498 0.387763336207121 0.471600183730333 0.356124958596828 0.401289927235293 0.3561232521478 0.391274524843411 0.431956565476279 0.482351161689485 0.414407707040049 0.495121258385442 0.427162736628393 0.444333736122833 0.424715954145664 0.407794376743022 0.429925981590909 0.474398835563307 0.398300071555877 0.376994378596205 0.369119564796576 0.476641203903571 0.365678534953418 0.417385495560713 0.406841017825099 0.438960162529802 0.389804017416152 0.415273047425759 0.341035555486771
"bhagavatapurana_skandha-08_u" 0.395468455095796 0.310899522817591 0.35344944117997 0.316998995085276 0.303274795880368 0.371182419564684 0.261343468968487 0.296665351836479 0 0.299834234180061 0.4406140250408 0.283550053162766 0.341612352563661 0.355697870173864 0.365884168842765 0.403148405685402 0.335819932875418 0.373627253422373 0.342553545711911 0.350161339118678 0.428958461559347 0.372219053124532 0.393047647365714 0.378553093220841 0.402905265139348 0.436882094875538 0.379153910655028 0.408795940907096 0.408636867085258 0.393536414857127 0.351699874189076 0.364516285196177 0.584288422439157 0.340778026208456 0.382388475628711 0.354413536198519 0.406455753169516 0.371901976595938 0.4064664227471 0.398210279058491 0.36175208196978 0.416952997545414 0.39437797194347 0.418853927768194 0.442439865798146 0.418939477129221 0.420893388763346 0.409729659320624 0.420534890715803 0.437932996453082 0.485756129137219 0.372494535716842 0.370489532421374 0.441226340712975 0.436641567841391 0.393717785430635 0.441874083899546 0.471537903425978 0.564819795178861 0.497966617318661 0.34843329759997 0.435796642638429 0.382398332741182 0.339258680279679 0.323257623566748 0.360054730241027 0.387168828244183 0.42492395983559 0.35912994883402 0.384811756378614 0.425709377313879 0.417349939641299 0.410000081167253 0.416341988377174 0.409012765628583 0.414633101737166 0.410410936822861 0.392123859945436 0.352580216041415 0.443345492841177 0.41977068537588 0.442380628726011 0.484035471187824 0.379715399318392 0.458979002988134 0.386891969467721 0.362727401005918 0.382098159119974 0.451605305805993 0.372745507133077 0.358703639369351 0.39149778974006 0.437148046015055 0.370373204470779 0.479219128170748 0.332057005428973 0.39330373568269 0.330079467336599 0.378777064471007 0.432815661899251 0.493578261332562 0.39867837169452 0.465857362887895 0.424271798616408 0.429346551240342 0.432120331151371 0.388732848149577 0.426125566473858 0.477120130004475 0.393048406840921 0.361437218323924 0.366775022478832 0.466914735779797 0.361756444008021 0.417717691385637 0.413896395323238 0.42489419188924 0.378075722689272 0.427939879524649 0.334725842784267
"bhagavatapurana_skandha-09_u" 0.398059782008123 0.320666624592173 0.377129616929593 0.342623402822502 0.319641567324487 0.399343194729894 0.300266408845096 0.321933356751378 0.299834234180061 0 0.452429488473991 0.30416707717796 0.368821945441593 0.373696954864644 0.372043631747491 0.396260609656325 0.315720297069352 0.390934705758396 0.339996988213856 0.358148052205348 0.439643654254285 0.375001844565208 0.409855426391575 0.389842270634782 0.406751951512592 0.447633636789919 0.391079847248894 0.416216979336144 0.440023796437945 0.428814963733727 0.344770478205856 0.367793686787791 0.590569570482604 0.353334938340953 0.393373706427433 0.370268508686874 0.422296926636232 0.354993385650935 0.416532478217948 0.395590024097657 0.358248071438095 0.408099480466822 0.383530964311837 0.424683552711747 0.433039020702453 0.420432669987684 0.423913087008791 0.406537969450642 0.417849847623066 0.431050317711135 0.491603284644599 0.375618681844631 0.373660822572767 0.450822893661446 0.44719209812718 0.392139104766807 0.428754950827829 0.460195644461259 0.556858926299552 0.496960294560926 0.33587236677059 0.45983489466133 0.36590010194558 0.330170395205412 0.333983325346864 0.375106111757907 0.384747998068517 0.433669791151265 0.366468378534536 0.40304966631554 0.441176678252729 0.393150821793971 0.389989157047903 0.416976067683744 0.408613531909403 0.419824570942157 0.426257071433891 0.389316488616713 0.373517347984367 0.459776164308753 0.434385368146403 0.449046566627021 0.487070281037058 0.397851849521236 0.479043891666343 0.401363380725358 0.363839178432082 0.39680774987154 0.467611364863143 0.398451130915927 0.364995793245413 0.398321541359172 0.457740445803773 0.382795192239701 0.487714516120032 0.356586380042978 0.402473654180926 0.343799425032372 0.364607769068457 0.432918425322011 0.498148878268727 0.399642399486616 0.483948111887634 0.420619444488608 0.42103737009691 0.428436787942784 0.338893825142718 0.432414825971419 0.480839673070208 0.401225612641374 0.354550115665871 0.397137628083128 0.487350641653395 0.374271909666287 0.417565314633227 0.420088948297435 0.386996286851211 0.389049114981923 0.435412306971877 0.334274363200534
"bhagavatapurana_skandha-10_adhyaya-29-33_w_commentary" 0.472714720564415 0.42145299447711 0.46004455221937 0.384455672844793 0.389483318480682 0.41466334958737 0.440162124869808 0.433214190818947 0.4406140250408 0.452429488473991 0 0.354224149552446 0.395745777290273 0.418235792771457 0.459563272986466 0.490550170616922 0.449931408024351 0.45099819223789 0.447303790931888 0.402513329278091 0.485002778060576 0.454733068908892 0.469537723423567 0.471371467029003 0.45737673562894 0.497291141072247 0.424504019482589 0.459543932411131 0.483167877770982 0.477925272108962 0.407784383102988 0.451390051460547 0.600858577116925 0.468460425100452 0.468179289865639 0.462882650816255 0.489471849077301 0.421022609823386 0.471195569580983 0.440101288996025 0.412997848434569 0.447090551455904 0.43029330279756 0.465525584489731 0.49028470025996 0.460807317561693 0.467248632769209 0.454559628641427 0.450040981016955 0.458987853773763 0.478490604651109 0.410128989190499 0.421649819469398 0.438659498794765 0.452456097020908 0.431953796588238 0.473512546531257 0.491236743776423 0.584494700339502 0.525177505100061 0.435948917611893 0.511214107144238 0.455847450708684 0.432542746947734 0.432150299081248 0.452870039541455 0.459312808594874 0.493179136281457 0.417177005644602 0.46516404678075 0.473378109851796 0.466924484089538 0.432342359320891 0.448906187629199 0.445425490827914 0.44252192244016 0.466799215484739 0.443705362508103 0.461925515430591 0.519480322413636 0.46487999002212 0.527533440963818 0.521056189434317 0.47114741886577 0.538284347025362 0.48549310366048 0.44862766244401 0.469763319616888 0.509507172560162 0.480828994430958 0.416839582675777 0.445511421111677 0.499634091309974 0.467835407935305 0.527567226498841 0.431621902380608 0.479124204960349 0.449790753557818 0.479648560077045 0.512297123876004 0.538416954265424 0.500749225082608 0.538682620119161 0.499672506249817 0.524340652667981 0.495688990240931 0.494914989738585 0.500150089398931 0.542977612276615 0.465647450317278 0.469273373986167 0.40611837154849 0.507148420509122 0.47364844927864 0.480692680380197 0.485885506543696 0.49189646904239 0.444138783072305 0.481009091737633 0.431737131703575
"bhagavatapurana_skandha-10_u" 0.391593685342315 0.271148514381506 0.361201999942083 0.261067551354881 0.235134655868467 0.342635283605774 0.294527249461579 0.31289934410123 0.283550053162766 0.30416707717796 0.354224149552446 0 0.279424485903597 0.309722236314319 0.377841071224849 0.430736323390513 0.350753780615895 0.389827202720174 0.361223751177645 0.297636786496039 0.443234863294004 0.375367905607573 0.404567358299979 0.392193734093644 0.406131247034869 0.452792067341758 0.329197502433117 0.360946609123799 0.398875073184379 0.382429219470545 0.28005345466707 0.37647915195291 0.580330711839687 0.372044095622332 0.399282623989136 0.376121105926334 0.428287474991588 0.307892381393524 0.364801644982425 0.336596271545669 0.297498936142945 0.357503682433412 0.331352181983598 0.369503013504255 0.405629367375589 0.36191143289808 0.367567208783727 0.353504661667481 0.366146067554191 0.380303371982213 0.455261357847056 0.321713662746351 0.326414626399581 0.407381726146214 0.406530257054615 0.341558550396526 0.392065754485717 0.412174773609888 0.537730113487527 0.470857704964522 0.351602830975086 0.458172089408183 0.373714146005235 0.340391894626102 0.33654278512487 0.370347056680692 0.390803902197919 0.431162416410877 0.318165760156686 0.386935521937961 0.449479152771365 0.368900502727785 0.341523639216616 0.364175071516767 0.361007836211233 0.359763096524841 0.364619468674643 0.346317574024159 0.379324834998324 0.46232173077433 0.41078305734098 0.467389082564612 0.482958693902986 0.397474216552738 0.49134156583182 0.401836997890762 0.372326298163146 0.406052171268635 0.471617591203965 0.391222483288621 0.356901855513539 0.373532644195664 0.467107746913219 0.389897426675606 0.494995836814665 0.333074386481365 0.421303083132238 0.344731204646265 0.404198694313564 0.460220443881031 0.515772802305464 0.428639566131558 0.491604196360785 0.445740816107339 0.454853937514589 0.452019361710193 0.405519363224563 0.451094226333038 0.492227365741702 0.39977215914886 0.38740366560936 0.3296267886961 0.457987578894518 0.390309600741791 0.428208481299761 0.429418344949541 0.430250849103374 0.348020864060156 0.434085232539677 0.333804507483346
"bhagavatapurana_skandha-11_u" 0.412892652071905 0.311520061655905 0.346861014447502 0.263738247619196 0.278567560112198 0.353462494987905 0.307656920578362 0.30912817411012 0.341612352563661 0.368821945441593 0.395745777290273 0.279424485903597 0 0.3221960909176 0.401904071395227 0.425887921191367 0.385994946095848 0.414275795897577 0.386753668358017 0.331146618917906 0.433117205731392 0.400847857639235 0.414860085157544 0.406666481002204 0.400978000083703 0.454140931740008 0.379504258536899 0.396376310749339 0.403531001290854 0.422898197204036 0.352149338142316 0.401849617679735 0.578057294361261 0.383166661433068 0.381181104207774 0.38583094814964 0.432065174162979 0.35302716781715 0.425083664451728 0.379076915610256 0.340045573245472 0.39457764261776 0.357589541894697 0.407835321612917 0.437035752415419 0.409058396470652 0.414975408688755 0.408035667477015 0.405429623379704 0.414289757983308 0.423960349790563 0.305441800987559 0.333559546880796 0.381912313875652 0.396568220738278 0.35115386023664 0.419436492433293 0.460920461674976 0.552374952000416 0.487057784143762 0.369282440931165 0.48079135025988 0.402831810328453 0.367922561491595 0.366235225426778 0.381421332153753 0.405281633422068 0.456520114362546 0.351739659909323 0.416520275315365 0.439892060087033 0.416536866504084 0.386754797559567 0.407215834555344 0.404324934806712 0.407317983681259 0.418184160340178 0.393530996923492 0.390814641057534 0.462907823557967 0.398708424658458 0.483170278010012 0.48983888034298 0.428943833103465 0.500327401728216 0.424427463446716 0.387862284900223 0.405156804269067 0.460519599315307 0.416133833181163 0.376499939317422 0.393882912038771 0.439288187835062 0.409579233303958 0.459593653569454 0.373918084882869 0.434995488755766 0.39183383966576 0.410667908980625 0.445128040953083 0.482674116962946 0.429473770766756 0.5104563311799 0.442240898232565 0.469961553388747 0.441901052907268 0.437933918467743 0.440836932262 0.501368140991341 0.414858340019469 0.397279445141459 0.32881277027128 0.468555918326603 0.401542796668419 0.432103553007025 0.424983559818369 0.467057665086152 0.416641306896983 0.415448903524871 0.370135999078452
"bhagavatapurana_skandha-12_u" 0.408292635048277 0.33777646276347 0.374280342898594 0.314755871875784 0.310363021649137 0.361208305183823 0.350918265401419 0.36624548334337 0.355697870173864 0.373696954864644 0.418235792771457 0.309722236314319 0.3221960909176 0 0.396262356557554 0.409186696535803 0.370878473847096 0.411624900470706 0.371886138758185 0.328424016896418 0.449131329129155 0.411374311151836 0.425719599875195 0.404676982538214 0.420858680881798 0.461812596604676 0.386507827381915 0.405055028456234 0.398009794099764 0.41685241069527 0.34467180286422 0.398127711023253 0.570229518316945 0.37312865555719 0.397644759519893 0.37784528880725 0.431671038241217 0.353663066405192 0.412294666972099 0.388080983030061 0.347928907041649 0.406011026007696 0.374543199454702 0.414005010627826 0.426690429104142 0.415617898958704 0.418913820340629 0.409927485854872 0.412157528498687 0.419938314348187 0.441019728886078 0.338804271539989 0.346346251070714 0.412779704928103 0.401706212322351 0.372633396947163 0.427639921075895 0.455846649643067 0.55307168061704 0.487246668060905 0.375672268634249 0.480976472660026 0.398216351990566 0.369406541302411 0.354524308630268 0.382991964603678 0.420563298440356 0.44814382713709 0.348139292536752 0.415330070816567 0.448971153926831 0.403556159800365 0.392951413774692 0.413365372332185 0.409722660294613 0.417784636813085 0.422587714886966 0.388123641513808 0.38854465711681 0.468847788265582 0.420592961350561 0.483523068851178 0.49329936619519 0.436439022104732 0.492785770748687 0.421172845849712 0.380871737883901 0.410985024749447 0.463933344389408 0.409034825465664 0.393289867547296 0.381245903140076 0.457255568471319 0.408931324138138 0.479457715353739 0.376184843656892 0.425729103666986 0.387485531723929 0.393892442777592 0.439895311719925 0.501821244656374 0.413580063700024 0.492156914569927 0.421368828352925 0.450554008408784 0.445163134597907 0.411095109694714 0.431682429874348 0.508406380287598 0.41402812385607 0.3794441144173 0.343807352371997 0.452987372404587 0.388831526172684 0.407275216647818 0.415386741761185 0.429684347682427 0.41308788140897 0.415108866140785 0.353140431575602
"bhavisyapurana" 0.289670578200168 0.38431059385076 0.431675965793079 0.399845502455168 0.387599349865454 0.434407719835281 0.367024313104839 0.379409272868867 0.365884168842765 0.372043631747491 0.459563272986466 0.377841071224849 0.401904071395227 0.396262356557554 0 0.332126825378867 0.255619891830191 0.303267031651623 0.254816574717275 0.27800135140971 0.367707030740137 0.216429505266046 0.268076457935937 0.265556272698439 0.275613663916298 0.346217738851108 0.34584727837712 0.397500910414011 0.412902175043582 0.410292335513124 0.32861724799655 0.258188070320411 0.55073391138381 0.308329379554691 0.30292781864362 0.261678260899819 0.292194509476923 0.344901729358976 0.401342905865848 0.380864939522979 0.333966436301382 0.40157502531594 0.367590790028497 0.41265309309579 0.43049136776203 0.416599504839522 0.415615573183566 0.393123826319752 0.403220733373485 0.419467176894142 0.457919730614639 0.335324597488798 0.324393371252138 0.380661499363858 0.364086980162021 0.362418486496981 0.424157940291528 0.465174425787193 0.550090442430992 0.485228150215203 0.283979524079217 0.417097676017858 0.340006832016784 0.276199090979955 0.218247345704594 0.227340270196804 0.272806199711118 0.333448031054246 0.299148089047692 0.309731847218658 0.407918918878275 0.390248556536177 0.377731503008784 0.396815257176624 0.395504840568773 0.405999965119625 0.414922250357227 0.370347985589442 0.255950332602758 0.368298117174838 0.358212997924488 0.369976501989541 0.415850972446361 0.278481637029428 0.392459078286941 0.360312297533036 0.254531869493558 0.272501262907507 0.320986633245971 0.333901547937156 0.276102184826155 0.293200645365021 0.365625959963302 0.320772369558919 0.443217901720957 0.293723114043671 0.333484432756544 0.279239453901679 0.318561194547251 0.393611486789786 0.438284440203616 0.366787573323385 0.429639737933521 0.366654628827546 0.402408241192987 0.348493909575096 0.349255575126666 0.37992197614208 0.405125080171929 0.272193046487186 0.293390123577814 0.31417741455598 0.434046102413256 0.33772183504619 0.354823571305443 0.335970564116045 0.398010433859292 0.347952781401764 0.39212795450103 0.275568016534751
"brahmandapurana_khanda-1_u" 0.38192267333048 0.413189537030316 0.449947056625785 0.420862101689514 0.412412371148456 0.449832498713627 0.393849175623849 0.410575254358195 0.403148405685402 0.396260609656325 0.490550170616922 0.430736323390513 0.425887921191367 0.409186696535803 0.332126825378867 0 0.25508830761094 0.318395895877825 0.19550227333464 0.347960408747764 0.417621937536911 0.363990030842063 0.366918335226691 0.357414514587356 0.369786098331904 0.40349436635993 0.402760053005763 0.448208266309624 0.387782976883037 0.399971486557635 0.353086254897489 0.351549324133919 0.588746990025348 0.321371899128127 0.368703266151007 0.275943208236654 0.36714485878998 0.37686021645664 0.417608601300217 0.410812739431545 0.374134874129403 0.429060685341555 0.4039064238544 0.4289145022696 0.432810109359546 0.444790052349762 0.4462632242484 0.421147394656378 0.428681305605405 0.450359942635098 0.467240332870076 0.363293445370972 0.35515078575537 0.406960128687553 0.4150572947161 0.38831989805104 0.445561583155886 0.487842530637675 0.571071619107455 0.498225148793725 0.317854149520438 0.441348284537932 0.383853377660904 0.321861101131231 0.271313218694285 0.335853463426936 0.387973827482831 0.410977130329228 0.392444101912681 0.414576677970935 0.427885955194704 0.418423966782923 0.424834336737281 0.444605263896428 0.41988589642491 0.446041914835811 0.443891841408964 0.407639549754573 0.34480076476042 0.437339733576624 0.403449905552845 0.426989360603319 0.474887385190969 0.386116528421982 0.429713297415575 0.419990039862864 0.305367687542054 0.342098176742826 0.410134765433149 0.389123733572886 0.370217802883209 0.37004079465067 0.405326470790417 0.347136902572122 0.42909076852998 0.335377314385149 0.382349735866472 0.366207542526959 0.166482238534125 0.248564698993893 0.433293883155747 0.29232210057387 0.372723509742983 0.205934085961823 0.284373134900471 0.336392752966659 0.316536148703744 0.271859691966832 0.460152051495629 0.372560857163672 0.185748292399046 0.388135225097232 0.483387559314961 0.321519133361006 0.330751731457489 0.369630670016698 0.420930099140984 0.414924430887943 0.407331322722021 0.312904169659284
"brahmandapurana_khanda-2_u" 0.339184283659964 0.352557303289519 0.409508523976526 0.373696234797742 0.354951439202715 0.416491617731038 0.330877087265127 0.354728404241976 0.335819932875418 0.315720297069352 0.449931408024351 0.350753780615895 0.385994946095848 0.370878473847096 0.255619891830191 0.25508830761094 0 0.272269011318929 0.135340394689757 0.266410587263619 0.379909342931907 0.270507341318916 0.314023953367154 0.306337707121706 0.32471706956086 0.366452347650047 0.328938020646108 0.382530411801277 0.378366190292377 0.367329039302505 0.264550984546013 0.283317189544426 0.569905484319744 0.272028133344302 0.322097398092684 0.236774975376165 0.3271705141032 0.292760491041227 0.367311564558437 0.346315556138871 0.289621219489326 0.365960183839013 0.335303222889707 0.373997149938526 0.400172515610987 0.382423415627813 0.386768707450783 0.349091382929989 0.369234697981237 0.400615195551747 0.45108760460817 0.313313473597278 0.300570283271488 0.385661313203811 0.385286956550252 0.335890293725939 0.388345162861682 0.433780309352507 0.539046857936038 0.461568248579329 0.246860994943358 0.397492195944034 0.305384506629069 0.238076701285867 0.201648920809308 0.276736999509634 0.31017664928362 0.36463112904057 0.297840726439369 0.334025100362145 0.401062439745414 0.342398119924264 0.348744209908454 0.372359071391558 0.359150775847289 0.379499062896581 0.38145228976991 0.33135354408296 0.275781661602214 0.405956485881153 0.380000179338134 0.375798351023271 0.437795730762279 0.305716243967243 0.40210699922827 0.356117873334651 0.241439900636419 0.300484076980227 0.382353352655603 0.337907445838385 0.303313673250417 0.310326575966335 0.369861739686183 0.284353119161208 0.434447622211282 0.255108184484269 0.317566144576974 0.265866171638253 0.211968981757406 0.333426438087452 0.434881845516507 0.303848578086314 0.395063705522731 0.309415013050646 0.309759118587005 0.306116325704744 0.236436498031062 0.325125108923478 0.421762765379347 0.305955099045169 0.190994592083923 0.331387295572535 0.443161969263278 0.290319309548853 0.330318221621547 0.330181206406167 0.359163568094539 0.328808240388329 0.380988811202894 0.235042317088612
"brahmandapurana_khanda-3_u" 0.329262243533148 0.406202793647267 0.444420055414977 0.407592363948495 0.400155635659727 0.430862369897593 0.37342566464174 0.389302339961294 0.373627253422373 0.390934705758396 0.45099819223789 0.389827202720174 0.414275795897577 0.411624900470706 0.303267031651623 0.318395895877825 0.272269011318929 0 0.19552335491583 0.34263922397905 0.370163731534765 0.311434097258864 0.308896700941409 0.31432194071489 0.356145322971086 0.387392398985876 0.380847128487096 0.423782918361466 0.414120088073846 0.376649597017284 0.351734619912963 0.302771567176139 0.567847553258491 0.310504918311948 0.35979314069895 0.289352016979664 0.330077862144348 0.39350483016792 0.409664560481527 0.419163098454132 0.378828356374564 0.430300192996122 0.409427058786887 0.416370269126865 0.4564830635174 0.424784304915841 0.42864836600969 0.410740127802018 0.424212858825618 0.44744345660718 0.480808681246436 0.385245667580662 0.385078819737545 0.407552588123261 0.431476093592894 0.410350471730561 0.457928957876188 0.478964449198793 0.583449657141782 0.509347664798997 0.312162002476345 0.391207892351546 0.385877324150004 0.307695674616535 0.254955114983366 0.27131799199681 0.356302980973047 0.401626336473912 0.364571402989061 0.356691059864995 0.394438615004999 0.419342539987905 0.41721755397465 0.418823012837385 0.409937242014287 0.409887481868495 0.415904914068519 0.400954633551627 0.299590480075355 0.405331433888716 0.385558167623732 0.395008492674798 0.463216646497397 0.332031440600973 0.405346543970936 0.383688818559404 0.290438363733134 0.306105118603747 0.383144798420307 0.362428425945711 0.298359967634159 0.353751326844339 0.375060050493357 0.345877021825745 0.442828660801765 0.303557255648315 0.375883201543997 0.30755168530019 0.307129917113186 0.373368220841336 0.465345366848832 0.368062497693369 0.393490828726092 0.347541195080064 0.371604875421026 0.38000627263428 0.363767785658517 0.34005595641158 0.448641328661811 0.344575443093134 0.28661481329659 0.375387380010272 0.464983365299118 0.34487066522915 0.359488017334513 0.38141853713518 0.405128491717548 0.363077023403734 0.401201177029244 0.301738025590912
"brahmandapurana" 0.314268244540591 0.364365410612378 0.416055568039698 0.374517757435823 0.36127275213337 0.413508989909363 0.33667428003741 0.35886801052136 0.342553545711911 0.339996988213856 0.447303790931888 0.361223751177645 0.386753668358017 0.371886138758185 0.254816574717275 0.19550227333464 0.135340394689757 0.19552335491583 0 0.275933606876317 0.36751734168363 0.276737785157711 0.294148289571124 0.289005350051277 0.321758546234089 0.361905149752035 0.340593152256887 0.397898823905143 0.369850964694318 0.353596928484279 0.283756639412898 0.27554871647334 0.567751641461817 0.260369687336726 0.320635076277459 0.219810345528289 0.309258969876049 0.32333850466606 0.372163278139827 0.365519484849896 0.315304338069554 0.386825577121121 0.355936161700462 0.383016124521105 0.40974154876258 0.394377878527087 0.399282698100197 0.367614277565569 0.382708601386744 0.411030603520101 0.450711810182419 0.323259919749411 0.31267550955167 0.379018217423257 0.386751475235675 0.353442273584065 0.409724363948299 0.449094585005405 0.553853974042337 0.474559542600394 0.249899201599542 0.389056733299719 0.329127073926543 0.244322225044295 0.182244093799992 0.254758478508963 0.319464517013206 0.366877038050138 0.318804518925893 0.333916907562105 0.390274906043717 0.368998920256353 0.370838118375105 0.387773554527547 0.369937731484442 0.389162634109514 0.390924706899132 0.353716400002021 0.270057902258732 0.397037209158546 0.365460362486282 0.368486897308107 0.441376852103779 0.309711226981263 0.38892411388089 0.361503491907689 0.23214615802571 0.283969976418848 0.36976173537905 0.3358013946882 0.287219584410462 0.311008603273313 0.362911285790336 0.294428550400819 0.422229117662897 0.258838556110574 0.332330263765024 0.277573762891344 0.18062171270694 0.297008976675557 0.428740014633514 0.29040620814329 0.365508707134384 0.263454753707228 0.293355220873007 0.311696217421043 0.269112083776545 0.285641581373768 0.422537282405501 0.306160235215941 0.157817705241372 0.336569854888703 0.446517806443865 0.283231695092434 0.310990290199597 0.3328128354631 0.372278512681248 0.33980912925263 0.374029472814309 0.237581465841441
"brahmapurana_pu" 0.338451224884635 0.346443019259025 0.406921238697165 0.323929450988028 0.310167474462296 0.392107828847084 0.342281214229752 0.363334654857921 0.350161339118678 0.358148052205348 0.402513329278091 0.297636786496039 0.331146618917906 0.328424016896418 0.27800135140971 0.347960408747764 0.266410587263619 0.34263922397905 0.275933606876317 0 0.396201506744084 0.279201136640764 0.32181476506946 0.333381965057466 0.328943916529938 0.386297411398385 0.254442155117425 0.310891950104142 0.339487496933942 0.335463049785003 0.211520463302693 0.285142925718212 0.53840919052446 0.29390961248463 0.314192298205592 0.266668440687276 0.347972367845302 0.22600490209466 0.325191453795372 0.286108747066717 0.213267494315601 0.313886894172847 0.270625229857561 0.328613693761984 0.352756985179224 0.33391369747334 0.338723992847288 0.297240580796912 0.320997902096241 0.353021153055662 0.389045773178361 0.221630638530968 0.209578507329078 0.30804442811283 0.299805785062963 0.251646698030917 0.33570763766477 0.386303332686585 0.502782173614366 0.422208381042973 0.274070371045243 0.420977522742786 0.307205214544142 0.257852473305369 0.230489972020286 0.3054666971238 0.316495860750438 0.339735469278949 0.219992210628325 0.336227215102249 0.434151501243773 0.296278026866916 0.292699750476263 0.323213505494809 0.307573355096776 0.331360903982827 0.336744234095309 0.27495151146863 0.284493542219702 0.416564632598571 0.358007385305696 0.423848262597109 0.416590820546107 0.320577454024134 0.442018080178221 0.346926437700462 0.270510755509276 0.333513693005761 0.389258676166074 0.322458061283169 0.303203084925175 0.238826414806987 0.390344239016985 0.308177511862704 0.435571661331829 0.250404952595934 0.3174667762012 0.274597358544987 0.317398991034288 0.394508058447544 0.457812035146725 0.365497359348329 0.449363678338808 0.379131209118059 0.394595491677871 0.367568247430935 0.344874045720414 0.391152412580608 0.433343263970366 0.294463223318116 0.293975320068388 0.228299850476096 0.39732620823107 0.31421250707049 0.353014221385341 0.350691577269208 0.40536285496849 0.34091951922915 0.387492183069816 0.262890687003833
"devibhagavatapurana_devigita_adhyaya-31-40" 0.402403480799881 0.441528096798082 0.459556598312609 0.441927320210321 0.437054943739789 0.4760121085979 0.416468164455382 0.428556854975361 0.428958461559347 0.439643654254285 0.485002778060576 0.443234863294004 0.433117205731392 0.449131329129155 0.367707030740137 0.417621937536911 0.379909342931907 0.370163731534765 0.36751734168363 0.396201506744084 0 0.358534357742818 0.376708545234225 0.379400110677233 0.397370346183028 0.411959787873024 0.431242166747673 0.460626039021733 0.467795182728403 0.474196636279978 0.433813226007136 0.355906298225428 0.569088253512579 0.367954819218203 0.380368029725043 0.366213414963788 0.373259102077303 0.443030891697437 0.480767817301339 0.471201158935047 0.437238146976967 0.4806497908114 0.455549466680159 0.482088913594712 0.498582923506843 0.491235117300754 0.489975652025971 0.477666305230059 0.477259192612541 0.496556652535741 0.488045887658897 0.418940185638745 0.431835942317493 0.441003183364404 0.45958688399344 0.440087379029262 0.492897857863021 0.516111810819664 0.58818928011677 0.527899110981007 0.374873326155452 0.455093620964056 0.419088859742091 0.370986164600434 0.364635885842271 0.354052116924426 0.399651853911207 0.437327904555334 0.407990377064321 0.414324010749168 0.410562134499025 0.46701711602855 0.458564168808605 0.47350336911124 0.468934160208226 0.475333604840332 0.487703841959262 0.457025805231504 0.364927485682415 0.44167781015278 0.414223821258994 0.47461985842198 0.468131463237558 0.394264930279793 0.474117159574265 0.414951219282399 0.370238310007251 0.365207552347699 0.403414876078324 0.408141474613295 0.367719534091159 0.397387187418798 0.382485054643474 0.391799636404666 0.435789929832234 0.384263429339151 0.409663024246264 0.38518689610933 0.412054797063545 0.441994629729619 0.458046503803884 0.432346796038009 0.488737544750815 0.436134902185994 0.465423213440621 0.433255709548599 0.437734922144051 0.4218667950271 0.475872483287079 0.386879968239441 0.39231376504052 0.409838751138802 0.486779538984567 0.397894505195273 0.428169484851601 0.421188530971058 0.470545341132964 0.43254521545876 0.429715817298681 0.381138684773144
"devibhagavatapurana" 0.344853312917445 0.385519283819279 0.435526897984696 0.404496406939898 0.388457719404272 0.4492319798618 0.364880377360162 0.378498246557929 0.372219053124532 0.375001844565208 0.454733068908892 0.375367905607573 0.400847857639235 0.411374311151836 0.216429505266046 0.363990030842063 0.270507341318916 0.311434097258864 0.276737785157711 0.279201136640764 0.358534357742818 0 0.290778708006422 0.32044142074067 0.322349482666331 0.342495482100057 0.336216663455323 0.386001316997174 0.41898945604298 0.411988533486336 0.329556458283503 0.261079505403004 0.552032223825451 0.303012492738187 0.328884881338803 0.28069777117725 0.316286878199673 0.33548865124141 0.409176614235781 0.378340556621753 0.330231328218693 0.399806494236386 0.364273470355759 0.414215848975406 0.434452871191285 0.420487319293015 0.421068401652372 0.393178255255328 0.406409197430693 0.419889244786131 0.461947103718683 0.334873793598353 0.334584174983438 0.384201638181089 0.398360703587651 0.356848916433243 0.412447276919097 0.461045321389234 0.54856252087165 0.482318110170103 0.28748654218763 0.399750748964724 0.332613684758328 0.271591553791418 0.260525754489136 0.281332626276423 0.27787233425355 0.356855532674 0.292704894188139 0.318290580533314 0.417873135232873 0.381041988638091 0.363697341030049 0.388448526708569 0.388098366617798 0.395263470247441 0.413370121794021 0.364418038211303 0.262406398592614 0.419624307386109 0.387740596842429 0.378434063167103 0.415132982732051 0.229709590736838 0.403833355718885 0.341665179746693 0.260121582990376 0.304788479113682 0.353132470208757 0.336800971856745 0.281091411038334 0.30093258630584 0.360006450634119 0.312789312476748 0.450733948910917 0.295837377853496 0.332464744486896 0.273676812690421 0.343576284407034 0.411159247549843 0.458360310370082 0.378414638367065 0.451298265609681 0.39656799348864 0.408534727857182 0.379461736523034 0.355568757317091 0.397049728602958 0.418042486635918 0.294081781503088 0.319284393714172 0.333509894684629 0.443757471850717 0.331742431552892 0.371311843614674 0.36990281467362 0.412965005389702 0.338539680259357 0.396973491538489 0.283688009058282
"devipurana" 0.292438172885391 0.41688983686284 0.452070067828559 0.419556821874298 0.406610228629152 0.450154945167645 0.388880844334201 0.39982065040287 0.393047647365714 0.409855426391575 0.469537723423567 0.404567358299979 0.414860085157544 0.425719599875195 0.268076457935937 0.366918335226691 0.314023953367154 0.308896700941409 0.294148289571124 0.32181476506946 0.376708545234225 0.290778708006422 0 0.301566074256731 0.331712179113735 0.39449471551762 0.364871734499633 0.419194672459776 0.424955736372477 0.410913558252511 0.35697517600609 0.275618915488397 0.551149698776853 0.32661487659596 0.338782087877143 0.30334294627072 0.312278245192892 0.388653235060397 0.420108966403895 0.415774513668501 0.373375415437952 0.422371465496018 0.403907171148784 0.42754416554973 0.455783201470255 0.432277426426383 0.432727756072343 0.417114408448836 0.428334389550788 0.44735828784371 0.479228682578122 0.376851347548515 0.36530897248687 0.392603396854493 0.395064486669575 0.402425491273818 0.452798366375928 0.485891736781055 0.57624994974485 0.498993773418228 0.310692741024108 0.408409942500917 0.382161283090804 0.306845468022283 0.253855376822464 0.274757819892288 0.332146449277518 0.357580131510583 0.349350006421364 0.370968572410414 0.415990485160759 0.42174189562829 0.411067122676547 0.419319944061681 0.414472709469238 0.419381113222578 0.43090989265052 0.405682200557196 0.296789938602632 0.367203434523252 0.35091709394017 0.4295734387513 0.427964028941183 0.33732889108055 0.432441535680066 0.386332624270176 0.294248344807904 0.320521109382797 0.371667674281535 0.362555492662729 0.292110540327071 0.313637836514359 0.372951615764623 0.354030122746473 0.455016993681906 0.315535613137831 0.365522665220094 0.310896728557278 0.333288611685578 0.402159183172343 0.44189125194544 0.37964252171405 0.415662417918987 0.374859583982936 0.399745093852107 0.357865508718967 0.364904264765636 0.387178959726938 0.424146939818772 0.313865593389445 0.3073220135392 0.350414552434374 0.443815239758191 0.374373556803526 0.387933233988574 0.384262621394679 0.444329468858076 0.38855488575755 0.415985176503098 0.334805441255083
"garudapurana_khanda-1_u" 0.228733371078616 0.400671380835363 0.436365086316511 0.409454011450853 0.39783296009763 0.438893608419436 0.375046956255976 0.387877021359262 0.378553093220841 0.389842270634782 0.471371467029003 0.392193734093644 0.406666481002204 0.404676982538214 0.265556272698439 0.357414514587356 0.306337707121706 0.31432194071489 0.289005350051277 0.333381965057466 0.379400110677233 0.32044142074067 0.301566074256731 0 0.289492513973314 0.372469176422588 0.39410825854481 0.430001425768758 0.43895568186362 0.426389720874512 0.371334333557153 0.304657849076849 0.554177910998658 0.331986579570801 0.319859999314382 0.292982736254582 0.308806622172775 0.396502633040346 0.43529143014322 0.42460080203223 0.386076669778237 0.435305780321716 0.409782325861916 0.438925737253603 0.471066319245681 0.437765421225738 0.439367322178434 0.43178357837261 0.437489423540318 0.452638349976443 0.489132981316704 0.380709782881679 0.376271178306387 0.416980731359912 0.405120982352039 0.412326302205411 0.469761497493933 0.486488689177522 0.583346535631637 0.520000164114242 0.308202567394808 0.439004396432349 0.387507867174869 0.312124371070198 0.262892006857532 0.233770589285595 0.343941853364836 0.385532081213355 0.349566995622827 0.353686621277698 0.403314449369747 0.43216456514177 0.417850608154952 0.429152878399222 0.426888702400308 0.433669362909243 0.433998223725265 0.419038450757103 0.30349181687565 0.379364423934459 0.356865092696951 0.41783195345088 0.452166538127311 0.364078564497394 0.434936018233183 0.396818870278565 0.304114194525272 0.308736139119933 0.356913145815738 0.359567819076073 0.295936640635131 0.344259127726728 0.384677944443545 0.353365863405346 0.456604623627314 0.335847522484022 0.375923112268904 0.315389389117789 0.343551500615674 0.411111210908707 0.446236698557089 0.385062477944995 0.435313095958726 0.379399412819573 0.41157244598809 0.369327361270992 0.384555287670168 0.397981399618301 0.421700930777546 0.32575477427306 0.317359382771102 0.357955990512125 0.452367637688376 0.36714803448067 0.373658734191007 0.358939908740032 0.420317235805543 0.377668970841752 0.410024343658136 0.311179393893933
"garudapurana_khanda-2_u" 0.321620640261046 0.407987975250035 0.447436476899031 0.41612322457618 0.407134167389015 0.45206701436562 0.388732576120513 0.389177397172255 0.402905265139348 0.406751951512592 0.45737673562894 0.406131247034869 0.400978000083703 0.420858680881798 0.275613663916298 0.369786098331904 0.32471706956086 0.356145322971086 0.321758546234089 0.328943916529938 0.397370346183028 0.322349482666331 0.331712179113735 0.289492513973314 0 0.371049637729541 0.39607459859049 0.431129322969049 0.452084764521239 0.453534532123035 0.380212950836101 0.329924305531555 0.548881733969748 0.365009166947905 0.330207801977544 0.333787446998068 0.354704362159845 0.392058483195962 0.452108500471734 0.419209606986432 0.37772639509322 0.426545822154096 0.395442024069401 0.448049159314534 0.462794543451199 0.449147192454562 0.449029496315358 0.437770590342533 0.434353028203682 0.441498510996943 0.467771351654371 0.358010077691029 0.357661347824539 0.378203786941572 0.359257427975233 0.392316118135598 0.457786263469664 0.490854803650847 0.568878623540455 0.509155224734464 0.298462324776856 0.448049138240212 0.377049897111917 0.307644919618219 0.286350066854817 0.292944968010079 0.316165641493643 0.392024906308514 0.359874596477639 0.369541147223694 0.426136196178007 0.442233023285435 0.415313742321644 0.435374893231563 0.43680938035999 0.449770217206222 0.456715327344484 0.421700154610233 0.324612541361751 0.404766259018571 0.361600310794735 0.434996067892232 0.440642751861742 0.363928136941935 0.460852166184152 0.409086413624192 0.299572875394774 0.34318558854234 0.370556828919755 0.383787933943427 0.309096787431499 0.339794433478802 0.398071475899125 0.376252350381368 0.450248599796277 0.347290550501849 0.37585428120888 0.340114383611051 0.351815154032971 0.409689375490377 0.430147022812135 0.400391712629661 0.460224486478567 0.383414811767756 0.429562743398594 0.343314266709531 0.396855038376344 0.39428123299974 0.409647673189314 0.316005008311282 0.330688860953843 0.344643881622039 0.460998236291536 0.37239183031057 0.373989816856663 0.349933671786845 0.436572182873726 0.388461816384184 0.399010863616275 0.320365583823369
"garudapurana_khanda-3_u" 0.401543413853142 0.455043807716333 0.47948316955207 0.461173683905178 0.459910549346579 0.48830768042278 0.430217090662455 0.437155595103392 0.436882094875538 0.447633636789919 0.497291141072247 0.452792067341758 0.454140931740008 0.461812596604676 0.346217738851108 0.40349436635993 0.366452347650047 0.387392398985876 0.361905149752035 0.386297411398385 0.411959787873024 0.342495482100057 0.39449471551762 0.372469176422588 0.371049637729541 0 0.424303079384127 0.442309589425592 0.475663485878238 0.482982029187251 0.423294576242027 0.366178998577303 0.564126244827851 0.382734786998303 0.390029115283221 0.359795838950017 0.378190483921474 0.434906092893894 0.469703438017388 0.460995615060804 0.431024453245018 0.473856537786833 0.445705913227431 0.481992131418742 0.503388218964219 0.486761004073294 0.487315605905399 0.472063768335814 0.47420431124693 0.489173213160188 0.494506985509666 0.417050039793907 0.42080247632556 0.445599696754765 0.445727198453786 0.438785754246804 0.492810973955174 0.513499644106042 0.590183061279158 0.532835633572121 0.387512408220151 0.471003843687563 0.434289689199813 0.386587409928718 0.362518170554535 0.360938879693414 0.375513563905644 0.423288883499305 0.394572951131636 0.424407723831932 0.442175210921999 0.474252591758511 0.460895636431545 0.471222098660894 0.466438282205 0.473388480850656 0.48305537139165 0.451584407645271 0.366281236129235 0.464739666846031 0.44707733048402 0.484076432474942 0.469594484082079 0.364993280320429 0.489050188611176 0.406085984436621 0.360329329105489 0.375101760807296 0.402519564063762 0.402941765113645 0.378109909560953 0.397967694311792 0.397371381064756 0.393642979832301 0.476321490016102 0.39275047744746 0.408255115972977 0.378411152929911 0.402928223525382 0.44280712099903 0.474218950892459 0.421262642932482 0.487123530303458 0.437582749539101 0.449335989659058 0.424904545952643 0.424303095360621 0.423986141606747 0.457466138121062 0.383559703220207 0.385803876383604 0.404700200812388 0.479773218884185 0.393888564966761 0.425032888693808 0.421001603823604 0.460911172790398 0.418049474326389 0.451473142514558 0.372359624425109
"harivamsa_appendix-29-30_mathura" 0.390096815410342 0.375655268496 0.439028252748895 0.363360107432122 0.348062568825421 0.422991118413922 0.382127719084082 0.400341936099531 0.379153910655028 0.391079847248894 0.424504019482589 0.329197502433117 0.379504258536899 0.386507827381915 0.34584727837712 0.402760053005763 0.328938020646108 0.380847128487096 0.340593152256887 0.254442155117425 0.431242166747673 0.336216663455323 0.364871734499633 0.39410825854481 0.39607459859049 0.424303079384127 0 0.333985235051022 0.373960711224589 0.337552825948229 0.237663826312004 0.339708514544419 0.571942730568525 0.352846206848356 0.382755579557902 0.336744423326351 0.393247076972221 0.268464426854532 0.317561058144628 0.302413860609441 0.254307794600993 0.320386867843074 0.294326656807867 0.330064339727299 0.381376164986697 0.332518155582537 0.334167448420744 0.306489252585364 0.330645929186574 0.361151870810036 0.426935646070309 0.296063519196019 0.280066769973467 0.359549160060937 0.373445573557175 0.296071732538893 0.353329702439412 0.378366732842333 0.500966610523747 0.432382195555986 0.35269270865135 0.428901489469595 0.366637528296045 0.33516531364491 0.304766202076656 0.36834838715758 0.367883363059981 0.386385220777007 0.299802116783374 0.390415874131318 0.466461895659465 0.320529428285702 0.310874337714603 0.330944016899523 0.314248600672074 0.331195017468435 0.33826599611459 0.30219645101838 0.358743246782678 0.461252865884861 0.410677100259722 0.461288651032393 0.460509574267624 0.355536306693191 0.478056006838157 0.383813926817046 0.342021135567816 0.388075340419677 0.445420382833236 0.372121192417281 0.367609722332321 0.32408394446925 0.433790145259702 0.351611560582201 0.478130190225927 0.298819713417179 0.3851067741421 0.310421196325447 0.378083234065726 0.43494141502772 0.494182357948242 0.416653436653716 0.469718018711315 0.428123404490437 0.431416767067386 0.42126196077426 0.37767882174247 0.438489691941178 0.476590924341047 0.366975525799554 0.361962001352201 0.302178675190644 0.419622242064233 0.372167452921174 0.413861770075142 0.410072765433923 0.442641780678069 0.358890697089622 0.445984847532322 0.3361713823392
"harivamsa_appendix-31" 0.432886573943952 0.406146376094621 0.445061189813894 0.395847485320559 0.380810869799502 0.451965762411317 0.408542401096735 0.425556169955526 0.408795940907096 0.416216979336144 0.459543932411131 0.360946609123799 0.396376310749339 0.405055028456234 0.397500910414011 0.448208266309624 0.382530411801277 0.423782918361466 0.397898823905143 0.310891950104142 0.460626039021733 0.386001316997174 0.419194672459776 0.430001425768758 0.431129322969049 0.442309589425592 0.333985235051022 0 0.403981503236355 0.378407282277488 0.312966655152498 0.385066290818893 0.574619579982124 0.385566295580684 0.40715870123066 0.37807769790309 0.421464635141358 0.328886311415206 0.356048345875827 0.3523059434574 0.316341153942591 0.359830551338837 0.343945281642742 0.362427929218392 0.423114335761089 0.356611194737561 0.362960646671211 0.344155678743655 0.366999872368496 0.40260223161931 0.450702531461466 0.340385831663519 0.348674324091856 0.410805286144928 0.418523925515464 0.335461899455391 0.391364274674432 0.409502164450717 0.525479363973335 0.464178661396932 0.405188268714287 0.461613389786027 0.403329926635621 0.389147855472723 0.373711656448947 0.412667410567629 0.418779813614177 0.43262436704969 0.314944093296391 0.430436028494188 0.48490628524696 0.363383213381614 0.373081696028012 0.370589835985304 0.368575804381015 0.386286891621453 0.362295560876596 0.333831779086874 0.387921999192602 0.477406709135981 0.449480143393079 0.498908757061605 0.489333399419366 0.392275327787294 0.50817622455012 0.395648454561065 0.395363892302855 0.418861802549554 0.469031926442772 0.387944968218402 0.411649080621475 0.371560594138407 0.450842514488271 0.384326914601559 0.480386825441759 0.337245305403463 0.407668905511172 0.357444601499662 0.43147475748441 0.476515631350416 0.507475414282464 0.43810813238571 0.510527445594236 0.467237205002908 0.476648794198861 0.473393581123361 0.420117848636303 0.468688611683206 0.498211556838836 0.402265717287267 0.415852909121801 0.338720355454213 0.436331499262622 0.401842376674227 0.440253403788649 0.449582313912942 0.475459845653509 0.38694749628048 0.464379034912068 0.378539806123185
"harivamsa_appendix-41" 0.44105917643788 0.426344994236336 0.448650326218637 0.389493684826857 0.388682386889267 0.44451092610484 0.413020616912888 0.439095157125457 0.408636867085258 0.440023796437945 0.483167877770982 0.398875073184379 0.403531001290854 0.398009794099764 0.412902175043582 0.387782976883037 0.378366190292377 0.414120088073846 0.369850964694318 0.339487496933942 0.467795182728403 0.41898945604298 0.424955736372477 0.43895568186362 0.452084764521239 0.475663485878238 0.373960711224589 0.403981503236355 0 0.343694028785201 0.32772887992398 0.414096197983281 0.581134254972053 0.377039769904849 0.416152060659348 0.362761041125013 0.428126607998449 0.357125387933162 0.377487279617342 0.37912120988194 0.343979200831055 0.403315283706443 0.376609810690524 0.37781607578415 0.419026149621926 0.401212056908688 0.401930331298416 0.382989270111657 0.403503788630915 0.413393327821623 0.442308032480468 0.336970504597844 0.334624817972217 0.396711392126394 0.40327015156341 0.35619441634962 0.418670235442317 0.457039543617037 0.547718201351222 0.46701733364544 0.411703124724163 0.4851751704773 0.422467560674299 0.398870515441003 0.367231714037901 0.417674513442123 0.445014969583509 0.461851413615854 0.379304422799686 0.44955178544009 0.480282754600969 0.395148125998716 0.4067224224793 0.407635054929007 0.395875736070871 0.409986758367639 0.400063611970532 0.384107839879055 0.40123639542179 0.467653125056196 0.420236828199217 0.487807489233747 0.502531313983778 0.438664368595207 0.48191998210228 0.444673225743986 0.392794309908078 0.416812386987404 0.470441907733202 0.405699842969035 0.429381311895892 0.386328803185839 0.457748346978722 0.397772323081361 0.46372989003352 0.36640238205583 0.42592342851968 0.407679615577742 0.385166800101049 0.416074771456537 0.493950367512823 0.412806071293596 0.473408387162339 0.416847007520118 0.438874879395093 0.446588383923442 0.426243302914453 0.411249390935074 0.514963802676944 0.429915183735012 0.374877110725908 0.370656798888779 0.47011867739469 0.397789744001135 0.422567567172241 0.438931776279935 0.476055059009579 0.445327162809995 0.451858538392997 0.39084582240141
"harivamsa_appendix-42_pradurbhava" 0.427291568453505 0.424186319114621 0.465240872015177 0.403917540604227 0.392927483839088 0.44879200984245 0.41025414201005 0.437207120205615 0.393536414857127 0.428814963733727 0.477925272108962 0.382429219470545 0.422898197204036 0.41685241069527 0.410292335513124 0.399971486557635 0.367329039302505 0.376649597017284 0.353596928484279 0.335463049785003 0.474196636279978 0.411988533486336 0.410913558252511 0.426389720874512 0.453534532123035 0.482982029187251 0.337552825948229 0.378407282277488 0.343694028785201 0 0.288621283952996 0.412505018464927 0.59596153969596 0.382557147236416 0.430602007263032 0.356290492023158 0.425404154606103 0.35163464881287 0.319904735464315 0.364368708713347 0.334298462665069 0.371106086665632 0.369699566019396 0.320361372749302 0.410978057753291 0.336971770909296 0.342203940437423 0.327485344361158 0.369204700549749 0.401910202123694 0.471606314709685 0.368579932581736 0.352596682726569 0.423019792208269 0.423486646336591 0.37190109839443 0.414516263089308 0.430375182540868 0.543565689077924 0.464633894850882 0.412787465451407 0.443870529804138 0.425778032387787 0.397063991017337 0.339978612660964 0.414680496036073 0.450936414755147 0.443563297848083 0.378233645107802 0.431039739117619 0.485856054039185 0.372999600057311 0.399179646552299 0.378596362007538 0.356295844977713 0.365844322962688 0.327872588511041 0.360761519836991 0.39276906464629 0.473269144579815 0.427271726248446 0.469842146366505 0.511269139808219 0.41577930807863 0.475153136602264 0.424886829223616 0.390769545423348 0.420499528524757 0.482807789294435 0.389911660094004 0.423088504811346 0.384735988661394 0.468308199168484 0.388215369788364 0.498078807216355 0.31561821544944 0.430187473398478 0.368884030278894 0.384140354820245 0.43783702743513 0.523418559229693 0.418255680282238 0.434727918278224 0.419818837618936 0.421403733461636 0.458342172018253 0.41053830537122 0.429153988374598 0.517934409743747 0.424871512849831 0.371153942970757 0.388404930216564 0.465615003616761 0.394273659367691 0.425651472738928 0.446639439037693 0.467868131039478 0.423835613355229 0.468608993307445 0.383197059247222
"harivamsa" 0.374577110197772 0.339037745583963 0.415259240421166 0.329177025617871 0.311178377058154 0.390841439118206 0.350498350647435 0.375586134681272 0.351699874189076 0.344770478205856 0.407784383102988 0.28005345466707 0.352149338142316 0.34467180286422 0.32861724799655 0.353086254897489 0.264550984546013 0.351734619912963 0.283756639412898 0.211520463302693 0.433813226007136 0.329556458283503 0.35697517600609 0.371334333557153 0.380212950836101 0.423294576242027 0.237663826312004 0.312966655152498 0.32772887992398 0.288621283952996 0 0.334504682923896 0.56553553014237 0.328352251938241 0.373836109786605 0.308938530110493 0.387494696149046 0.216474828567092 0.268508033379117 0.256487035161775 0.206995009441658 0.28019184105056 0.251353840017165 0.293579109679533 0.355339681961352 0.294980060436212 0.30469544842057 0.267181133862286 0.293910523047396 0.327859857365441 0.421956512575704 0.258330499161712 0.242070038837748 0.357488646834119 0.354592206330808 0.262801199823055 0.323411421168254 0.353707314596859 0.493626815830633 0.41422332632368 0.3159483159921 0.418989630334285 0.333573504114501 0.295819765653915 0.261044228083193 0.355623633021471 0.362101074553905 0.388191979536582 0.270208800443912 0.377506906123698 0.452661538574267 0.284381542624373 0.28575418322913 0.297405457387178 0.279424450303039 0.298680162059682 0.291413059709823 0.255785332128202 0.341191825529446 0.44581931071863 0.390465200765857 0.440234425029057 0.461247066481829 0.35918107593649 0.464512207433403 0.380137142021514 0.309097208374347 0.372381864619189 0.444501772225518 0.360493367247207 0.352179656026795 0.306109941840734 0.43256729657294 0.338728743973761 0.466738613555453 0.269807506593818 0.370211886642961 0.300226239627868 0.32104735187752 0.405174544129986 0.484651589110537 0.373394935368344 0.446957995997613 0.385944192468005 0.3875694689585 0.397009371118875 0.318621657954147 0.403635421054755 0.473745375161957 0.354863642972819 0.307255506224604 0.286161587571203 0.418388455078798 0.340475081723843 0.377967531067909 0.388253596064249 0.406113250114853 0.327544013909718 0.421734721257864 0.286826185774091
"kalikapurana" 0.302803839543131 0.390711007784385 0.425111081921965 0.390897871357793 0.379592254687489 0.43913750664263 0.368361515062246 0.377295439690795 0.364516285196177 0.367793686787791 0.451390051460547 0.37647915195291 0.401849617679735 0.398127711023253 0.258188070320411 0.351549324133919 0.283317189544426 0.302771567176139 0.27554871647334 0.285142925718212 0.355906298225428 0.261079505403004 0.275618915488397 0.304657849076849 0.329924305531555 0.366178998577303 0.339708514544419 0.385066290818893 0.414096197983281 0.412505018464927 0.334504682923896 0 0.550183073326258 0.292394536451133 0.323449766333482 0.286519038906621 0.310719022269846 0.352617722819671 0.407443335899442 0.395008427387999 0.344086702378453 0.406684037162222 0.382303605543386 0.416921277129459 0.442112181080236 0.415473106900895 0.418262126656615 0.395783000903628 0.407086652006894 0.435397347656425 0.466379563177982 0.357702696065711 0.351997194683305 0.390069995674977 0.390676656739538 0.375592940608273 0.432714416615889 0.461824713742334 0.557145682297515 0.489878751069683 0.275339218127336 0.386992100387536 0.335132728576231 0.263979343229357 0.241224104692566 0.268700542450605 0.31648955502002 0.342709776766733 0.305955469283706 0.333170046171369 0.407116069587095 0.386057949000427 0.377690157272727 0.391405046135503 0.391199941470959 0.398125590616486 0.411542978747736 0.365075327052699 0.28669202236955 0.390772172174967 0.376918395295168 0.412223367327393 0.416247678216103 0.288554534098622 0.430326351221182 0.344517660763056 0.278943542364322 0.303669572666601 0.366885883638289 0.329010840781301 0.273273281277082 0.29779783058672 0.374957367044179 0.320452769639807 0.437050565022895 0.288986457482749 0.336997540401592 0.265036904294852 0.321862636260796 0.389215391820718 0.441770849361759 0.363937371730715 0.428770503095159 0.371173121230689 0.392420943551652 0.362040283894455 0.347913545522356 0.384442693743792 0.410618432413002 0.298350073357213 0.298339380056675 0.33388086703793 0.434590634465763 0.329189782371168 0.363649996248999 0.364267176044643 0.413990555722951 0.348064657350112 0.405919600056778 0.290108164293843
"karatoyamahatmya_pu" 0.553889150578433 0.588767567954156 0.594499383508701 0.580495991338985 0.574393236945373 0.591750301123958 0.582592051924866 0.585660420127808 0.584288422439157 0.590569570482604 0.600858577116925 0.580330711839687 0.578057294361261 0.570229518316945 0.55073391138381 0.588746990025348 0.569905484319744 0.567847553258491 0.567751641461817 0.53840919052446 0.569088253512579 0.552032223825451 0.551149698776853 0.554177910998658 0.548881733969748 0.564126244827851 0.571942730568525 0.574619579982124 0.581134254972053 0.59596153969596 0.56553553014237 0.550183073326258 0 0.550924989648187 0.545906343724254 0.553846586002476 0.556793851178774 0.57379114148643 0.587948000016527 0.585593916228999 0.566664060030626 0.588725727228147 0.574280997412296 0.594721072019899 0.602261012152921 0.600546475540215 0.594589939883062 0.589119592607302 0.590235234249823 0.589879940812481 0.589731438227553 0.558268712985032 0.557132487720105 0.562756289815722 0.555175412870722 0.571585598965312 0.594767840683141 0.608476692994185 0.643132390389196 0.602160803534094 0.568114308499947 0.599987143119 0.580987695253301 0.565024934665525 0.548843784002195 0.546232198984177 0.553652768636483 0.564617401571178 0.545353443478194 0.574127666411222 0.595152703156539 0.586130898979084 0.577055351005715 0.593302670283245 0.587490983943157 0.596791341614955 0.598965222300399 0.581945002760388 0.547486144452172 0.572393840354616 0.559898015616491 0.628877102671823 0.564192696684829 0.573103259257337 0.628015525344133 0.574464644455268 0.553768619756454 0.564536544871866 0.563427863659406 0.570962886034064 0.538621968353246 0.52542648915118 0.568120755035345 0.577688178863093 0.587808184175846 0.568063597987992 0.547922319349451 0.556764823060353 0.585098775925213 0.602177270662195 0.601381928940147 0.590648152288524 0.605256555180875 0.59675126214871 0.610617112038063 0.576763077758742 0.593176320548703 0.591839753847597 0.582246434318304 0.535714089599548 0.573557860086604 0.543602213600398 0.586665081197362 0.57309857932386 0.568368059063744 0.5782420779269 0.607568005834778 0.582187453252742 0.580199256953501 0.562341760361974
"kurmapurana_khanda-1_u" 0.353836061192301 0.370963585364614 0.400571444522986 0.378993126539155 0.362683534087689 0.42552798098252 0.336882933232824 0.36213437348588 0.340778026208456 0.353334938340953 0.468460425100452 0.372044095622332 0.383166661433068 0.37312865555719 0.308329379554691 0.321371899128127 0.272028133344302 0.310504918311948 0.260369687336726 0.29390961248463 0.367954819218203 0.303012492738187 0.32661487659596 0.331986579570801 0.365009166947905 0.382734786998303 0.352846206848356 0.385566295580684 0.377039769904849 0.382557147236416 0.328352251938241 0.292394536451133 0.550924989648187 0 0.259219097924555 0.226116594887432 0.305365162692623 0.35660282873966 0.391266586305438 0.395939110151942 0.348175334825478 0.414857786523537 0.385221317831257 0.410295846648087 0.43179106585533 0.41945479886049 0.420972732268969 0.400198655978581 0.408791929748105 0.433976713681299 0.451564915623738 0.346826394654743 0.345329616377786 0.39620881831628 0.406500477255359 0.368549180883385 0.432811040158122 0.46257349557361 0.555764282694385 0.482065477436454 0.300123405826195 0.415262330868277 0.354519394705032 0.292523086543772 0.264702178136485 0.299837983791416 0.343145776971845 0.380680893246475 0.314914087219861 0.349188613710619 0.39804963638625 0.38368959949177 0.393172302801324 0.403750060849434 0.392092574912973 0.412886426869687 0.409800586704069 0.366921006377161 0.244977884918945 0.397728425962477 0.390830917675433 0.405374005067076 0.431337309867156 0.317979155514124 0.398759169280278 0.328921443734712 0.288042701040253 0.295622394801616 0.383316998531105 0.340548918829078 0.311047588845792 0.319395625503442 0.357177471647396 0.299367172134937 0.409157043354216 0.280991272600385 0.30769833364292 0.273427076507472 0.304581244625875 0.36221350488998 0.445340082860837 0.317784152669236 0.421041146656031 0.36011817449555 0.378367149557848 0.373695329608941 0.339256159718827 0.362805580268178 0.43163309582713 0.317664487211907 0.279092882572603 0.334467348882343 0.439341083512081 0.307670907973043 0.363748430779509 0.381183084010023 0.412036325368152 0.366148107096655 0.396269932985996 0.292073376190043
"kurmapurana_khanda-2_u" 0.337921280144508 0.391886310760567 0.41939537660235 0.394953301129505 0.390952763596751 0.435411473401412 0.366467325115414 0.372981887145733 0.382388475628711 0.393373706427433 0.468179289865639 0.399282623989136 0.381181104207774 0.397644759519893 0.30292781864362 0.368703266151007 0.322097398092684 0.35979314069895 0.320635076277459 0.314192298205592 0.380368029725043 0.328884881338803 0.338782087877143 0.319859999314382 0.330207801977544 0.390029115283221 0.382755579557902 0.40715870123066 0.416152060659348 0.430602007263032 0.373836109786605 0.323449766333482 0.545906343724254 0.259219097924555 0 0.286204147703673 0.317013637535283 0.380495664468726 0.431897146606716 0.416865713636433 0.37100432433678 0.42746352198495 0.393931429594825 0.435457776574988 0.456013439358445 0.44111091093398 0.443219703023825 0.427558131876161 0.423879526553447 0.447065796412965 0.447051318147368 0.338784699064324 0.340090507998934 0.371887255822911 0.362301034823762 0.376837380709538 0.452851941731317 0.480413059063505 0.564050367732243 0.504669358936351 0.323899019776118 0.4523153447273 0.383606613133678 0.325761988427062 0.298469546991326 0.296398081115222 0.335193277038586 0.385933270736541 0.338274421457162 0.354235933853554 0.399867543642869 0.41794750145231 0.410005534635445 0.42329275157189 0.420375050862793 0.441090335741671 0.438255196584815 0.399412763274927 0.285378316884012 0.38182260670091 0.365643698962342 0.426199836142667 0.425454698483282 0.361551621529531 0.419702020187154 0.378067435885013 0.317403424362992 0.301744719289425 0.346976501899375 0.367618597643266 0.31310534091634 0.332421386406566 0.351177532475931 0.337708549409963 0.416399682622511 0.329756222891267 0.330006777677066 0.31458247763402 0.357278253551838 0.402866932052635 0.415067574726061 0.376528344662224 0.469597867916084 0.388374535875143 0.435738494140663 0.360646927595274 0.39974856452583 0.39821308487155 0.422915207296208 0.315739020799575 0.335356308634242 0.331249977474754 0.46055328459855 0.368960105773903 0.393331260809102 0.360538083580388 0.441085954828667 0.399933473816657 0.403996903152521 0.33383710300855
"lingapurana_khanda-1_u" 0.313892179213986 0.383264463706213 0.416883972828494 0.382112802904686 0.373405205340705 0.427811232647334 0.348690186822851 0.3674660807732 0.354413536198519 0.370268508686874 0.462882650816255 0.376121105926334 0.38583094814964 0.37784528880725 0.261678260899819 0.275943208236654 0.236774975376165 0.289352016979664 0.219810345528289 0.266668440687276 0.366213414963788 0.28069777117725 0.30334294627072 0.292982736254582 0.333787446998068 0.359795838950017 0.336744423326351 0.37807769790309 0.362761041125013 0.356290492023158 0.308938530110493 0.286519038906621 0.553846586002476 0.226116594887432 0.286204147703673 0 0.25669085858019 0.339681627522867 0.37323878350916 0.378584492333758 0.329590416120943 0.398160251589548 0.370635537967581 0.390987401509516 0.418215312976308 0.402713220870347 0.403474154279461 0.37593561474698 0.393261201759177 0.424374386845293 0.442821793725539 0.324426702338221 0.315130247344555 0.371349477313267 0.375811535187351 0.350819977619042 0.416886156757938 0.449805689055192 0.544531153356753 0.471562970862719 0.291770396182785 0.415430682381745 0.354902574487054 0.287885304517545 0.223064269145786 0.26740245451688 0.328756111569945 0.364364179540486 0.306167723362173 0.33641201798532 0.390512761704627 0.372490305437874 0.381081293486646 0.394715280846686 0.376154746465584 0.398073728956465 0.392787187818189 0.354604712673445 0.222015275319817 0.372087651604125 0.353693258493685 0.383580832251048 0.429169011129302 0.299382469386417 0.37436867857488 0.331221135911863 0.256437128664109 0.259131738675439 0.342477377501213 0.316350650822421 0.295055891958842 0.292148343310555 0.331055707448443 0.263829990917474 0.406897327043264 0.256557733637937 0.308335161290767 0.280537939237459 0.272420645053544 0.342954286066759 0.424590378385828 0.290716475307309 0.405580318564302 0.325588350430999 0.358690282827303 0.346027879941338 0.321576094513215 0.33307457473958 0.423576790500809 0.303564874088128 0.239188598043745 0.319967900829813 0.432003442852953 0.290790946733633 0.329512717949879 0.337480297281287 0.39831738045155 0.351886085022669 0.38047991216173 0.263645306469969
"lingapurana_khanda-2_u" 0.316032699783443 0.434360773774524 0.455099625321265 0.430976877069006 0.426131574604857 0.464172097775734 0.404404793499981 0.414469053531017 0.406455753169516 0.422296926636232 0.489471849077301 0.428287474991588 0.432065174162979 0.431671038241217 0.292194509476923 0.36714485878998 0.3271705141032 0.330077862144348 0.309258969876049 0.347972367845302 0.373259102077303 0.316286878199673 0.312278245192892 0.308806622172775 0.354704362159845 0.378190483921474 0.393247076972221 0.421464635141358 0.428126607998449 0.425404154606103 0.387494696149046 0.310719022269846 0.556793851178774 0.305365162692623 0.317013637535283 0.25669085858019 0 0.403596078460724 0.437382944052313 0.432571694893014 0.396469329316694 0.441441385516467 0.423049803063157 0.44603850314339 0.46979557449077 0.450786554541058 0.452095528912815 0.436904654489395 0.440096780322505 0.460597054929394 0.475078726573983 0.389402566855474 0.389677208553394 0.41413615995429 0.412765025842331 0.40825227123493 0.467226085558857 0.495755636954491 0.57293039969191 0.513391346996947 0.353510902259336 0.445469237895526 0.406351399384162 0.350615210454325 0.301846744359296 0.283725066353097 0.356337179775905 0.388367791331566 0.356606854204678 0.375981165661606 0.40808145047047 0.4275043165748 0.432052442118876 0.43556063521893 0.431360376144617 0.440967712646226 0.443847232197315 0.417898280115303 0.28763938730313 0.389454621892754 0.379827118521562 0.436366268795025 0.441762080371713 0.334173985763217 0.426337940768493 0.377607393968804 0.318587194540495 0.275425427750399 0.345445832023385 0.364448038846396 0.329906509919557 0.343688429433838 0.357576085266582 0.34014849238574 0.440211373498383 0.339334342680077 0.361909693994431 0.33230663574219 0.367450773137538 0.415218188290478 0.441002058156962 0.381716700649149 0.456128702183804 0.395942536822821 0.424662963108085 0.391361597280286 0.397376291216057 0.404831690215352 0.44200061636166 0.338866896710909 0.342297835590702 0.37116721939186 0.447307857040436 0.368298864151741 0.390854876558909 0.385979567914044 0.445733359719468 0.392908978775323 0.424648328205191 0.338409944858116
"mahabharata_01-adiparvan" 0.399895121982879 0.345496296662736 0.422473726252511 0.338978991048022 0.318578459497396 0.404047366565673 0.360286185980376 0.383201335313805 0.371901976595938 0.354993385650935 0.421022609823386 0.307892381393524 0.35302716781715 0.353663066405192 0.344901729358976 0.37686021645664 0.292760491041227 0.39350483016792 0.32333850466606 0.22600490209466 0.443030891697437 0.33548865124141 0.388653235060397 0.396502633040346 0.392058483195962 0.434906092893894 0.268464426854532 0.328886311415206 0.357125387933162 0.35163464881287 0.216474828567092 0.352617722819671 0.57379114148643 0.35660282873966 0.380495664468726 0.339681627522867 0.403596078460724 0 0.327962927079512 0.211709433555588 0.147814103268345 0.238912513357465 0.195037989563308 0.288988884780813 0.348032417227918 0.292732011338604 0.298091675763261 0.25336670993636 0.274251118004244 0.305835850455415 0.406563567758259 0.218923593273883 0.219636212455955 0.350440598277823 0.347605055632833 0.209993518059614 0.271526983580958 0.353614445199105 0.463893070589613 0.389918720450799 0.322282509611573 0.447403841382773 0.314763425792828 0.302269070970415 0.298310503968676 0.381663654806365 0.374072087193781 0.391950748261092 0.273061087634042 0.396171381669316 0.46825350711481 0.274155010905792 0.261701159005715 0.310313919226558 0.29878591152573 0.317258943895449 0.325722152627364 0.264459298965914 0.365175755687313 0.466002047028506 0.410985021694578 0.462532070914475 0.458823309710116 0.370392112879399 0.485328216627191 0.387000959497164 0.333285363609492 0.388218070670443 0.448634750166307 0.37932069448355 0.373833062661316 0.312096581882553 0.438411225857999 0.345686380344639 0.476490263467138 0.297831104859945 0.377618095841535 0.329260256898689 0.349985226475743 0.423959142176444 0.487975778594939 0.396311498387034 0.476483344338889 0.409195588843813 0.415745373839989 0.406196400993329 0.339716885962443 0.424916493609756 0.483151270731488 0.360890202012279 0.338891830363311 0.29108034126627 0.420583230391476 0.353337359985287 0.39605936441299 0.396534076585776 0.416004206846564 0.36799639600033 0.430935389228881 0.3179269557343
"mahabharata_02-appendix-21_sisupala" 0.433776431679405 0.405656059833033 0.463917370742905 0.405169345549342 0.392794539898856 0.450266914775293 0.416017926434919 0.433511667522352 0.4064664227471 0.416532478217948 0.471195569580983 0.364801644982425 0.425083664451728 0.412294666972099 0.401342905865848 0.417608601300217 0.367311564558437 0.409664560481527 0.372163278139827 0.325191453795372 0.480767817301339 0.409176614235781 0.420108966403895 0.43529143014322 0.452108500471734 0.469703438017388 0.317561058144628 0.356048345875827 0.377487279617342 0.319904735464315 0.268508033379117 0.407443335899442 0.587948000016527 0.391266586305438 0.431897146606716 0.37323878350916 0.437382944052313 0.327962927079512 0 0.338367898748375 0.313573776133014 0.363556228518208 0.348070795156428 0.348457054045248 0.395002352919083 0.360881492243909 0.365723454861426 0.33615169480185 0.370627086321389 0.399252202084185 0.466511025791941 0.355764935576315 0.337671588192561 0.42798771856211 0.41998627647726 0.355365756158941 0.396928000430529 0.398882015253753 0.524077346727585 0.4488895009553 0.413109026575951 0.463825462421657 0.422482425436137 0.397898708235941 0.357807138772374 0.424819293922467 0.439562394125157 0.44287629736376 0.349523332498675 0.436520148721213 0.492019377405253 0.353226086658003 0.380419147618663 0.376238605806662 0.356074498765557 0.373035125808918 0.356185830369544 0.342999431362493 0.405472589750093 0.484341656317935 0.447608797370367 0.49390234104433 0.507379650634574 0.420182262803321 0.499585065952294 0.42469964734289 0.396257649096342 0.434658712082082 0.491015354215572 0.40835774417887 0.423027029336865 0.382495639163607 0.475252022281121 0.393383722211063 0.506350877824906 0.34782442475477 0.426303237232261 0.373266027908374 0.399932057377065 0.450457212436962 0.528386163622909 0.42761420113274 0.47491985706959 0.442704190313901 0.443947576512717 0.465217539989246 0.403589160068735 0.450027952158532 0.514443105994638 0.423632502880066 0.390551329178863 0.367611023690975 0.446819101571915 0.404038453581146 0.435959370219262 0.450638157198342 0.46250376242314 0.394216153297909 0.476867970147927 0.377931160418561
"mahabharata_02-sabhaparvan" 0.426340412588595 0.371135717390641 0.446860635956355 0.375872868507065 0.359931153261319 0.426478792100606 0.392497558593291 0.410190392719088 0.398210279058491 0.395590024097657 0.440101288996025 0.336596271545669 0.379076915610256 0.388080983030061 0.380864939522979 0.410812739431545 0.346315556138871 0.419163098454132 0.365519484849896 0.286108747066717 0.471201158935047 0.378340556621753 0.415774513668501 0.42460080203223 0.419209606986432 0.460995615060804 0.302413860609441 0.3523059434574 0.37912120988194 0.364368708713347 0.256487035161775 0.395008427387999 0.585593916228999 0.395939110151942 0.416865713636433 0.378584492333758 0.432571694893014 0.211709433555588 0.338367898748375 0 0.204479980992267 0.245867924555758 0.192547178310107 0.280019866286401 0.36706931978793 0.289910335019547 0.290603925520319 0.253283550566594 0.289628545294627 0.308185287219357 0.435124602932629 0.255385676713729 0.258815515993972 0.379802764426012 0.365878375024711 0.250624469348599 0.265294678625197 0.371440039034104 0.457704817601002 0.382732798508021 0.365840263184508 0.466484101329717 0.369020269545832 0.35172576570871 0.340955212332892 0.413688076895733 0.410155088849653 0.426632885988121 0.324122514700848 0.432154584681149 0.492239985415691 0.32300919906304 0.301387554231442 0.351092556504247 0.329437619164874 0.351785338925764 0.348208432022041 0.311515801408417 0.399308243822442 0.487117106202134 0.432130767905596 0.491997957941845 0.489750949390363 0.410983645037416 0.510287931649103 0.422440736837003 0.376194370748976 0.420857203994739 0.477278148938352 0.410130528649277 0.404827103644006 0.353065902199204 0.465607388741417 0.389830774516228 0.500908261424694 0.34017540984904 0.420150448083441 0.37013172638299 0.390251650870533 0.450307074645511 0.508801127387247 0.430392965564453 0.494715243992397 0.435422126298525 0.447518220387766 0.439117436080222 0.379452701706222 0.452220849914701 0.507537640852288 0.401171548955451 0.381865078978101 0.329527894749723 0.452136496955016 0.395421208117471 0.422715392129566 0.422424056873365 0.449962569697539 0.395466464172513 0.454866374122837 0.359611221795786
"mahabharata_03-aranyakaparvan" 0.389958709186449 0.339325101098805 0.417930556554791 0.32863959986634 0.312031875400141 0.394416961279623 0.351483334073712 0.374856999006487 0.36175208196978 0.358248071438095 0.412997848434569 0.297498936142945 0.340045573245472 0.347928907041649 0.333966436301382 0.374134874129403 0.289621219489326 0.378828356374564 0.315304338069554 0.213267494315601 0.437238146976967 0.330231328218693 0.373375415437952 0.386076669778237 0.37772639509322 0.431024453245018 0.254307794600993 0.316341153942591 0.343979200831055 0.334298462665069 0.206995009441658 0.344086702378453 0.566664060030626 0.348175334825478 0.37100432433678 0.329590416120943 0.396469329316694 0.147814103268345 0.313573776133014 0.204479980992267 0 0.229699111723854 0.182701889618421 0.270209803777835 0.339783437648712 0.27506896148157 0.281922036923674 0.233609752757313 0.266537666540177 0.293005398622703 0.400366091944265 0.199428736976443 0.197308395623254 0.332495824765674 0.330223662220582 0.198991297013066 0.272721451436856 0.357123789585583 0.460862331186096 0.383137466159573 0.312539920825693 0.436577894557221 0.319018338287198 0.29376359377942 0.284782949811418 0.367797164691406 0.361949099047295 0.383848872832938 0.253296560422488 0.381687671850767 0.463328684081965 0.26858529582241 0.242374263722213 0.282016786449505 0.271983947233216 0.290424585757502 0.294472391498273 0.240189114070889 0.351441701731303 0.452355163258115 0.396258367966013 0.455300930153913 0.45174012343056 0.364837499637009 0.475464130013248 0.382143235650145 0.321733487720162 0.381000509117385 0.438032431517278 0.36497724711801 0.356493507072693 0.293492878385665 0.432709972237023 0.333032089554397 0.469362043809098 0.276929206340331 0.359923413549106 0.31328092008504 0.347622560725897 0.420381845980844 0.47607486404697 0.394865702202946 0.466983700982253 0.403444940844127 0.418712945345552 0.399290872685886 0.348433612054155 0.416179829533121 0.474485257546837 0.341937436963958 0.33382402952306 0.277647235435547 0.415206997576549 0.355570369406768 0.390019511961113 0.392074764888825 0.419374904313499 0.362725745602268 0.422435232041989 0.313460546158427
"mahabharata_04-virataparvan" 0.436075772710337 0.392152769416301 0.461313920176436 0.38705965978656 0.377307173653698 0.441915632519092 0.412437281528724 0.429403250015102 0.416952997545414 0.408099480466822 0.447090551455904 0.357503682433412 0.39457764261776 0.406011026007696 0.40157502531594 0.429060685341555 0.365960183839013 0.430300192996122 0.386825577121121 0.313886894172847 0.4806497908114 0.399806494236386 0.422371465496018 0.435305780321716 0.426545822154096 0.473856537786833 0.320386867843074 0.359830551338837 0.403315283706443 0.371106086665632 0.28019184105056 0.406684037162222 0.588725727228147 0.414857786523537 0.42746352198495 0.398160251589548 0.441441385516467 0.238912513357465 0.363556228518208 0.245867924555758 0.229699111723854 0 0.22425126120457 0.27054283974551 0.386991851128337 0.262913468167243 0.268549431044662 0.266516152402737 0.292907964695049 0.311171017016061 0.450220537041481 0.288008209330415 0.293656424861492 0.396220931333775 0.386412927322953 0.271710547254315 0.319276809246018 0.381984763239459 0.47631058699749 0.41629248370574 0.382813600127625 0.470924073861977 0.383599572091392 0.369088542460605 0.356656324628606 0.427087995174432 0.423348402592601 0.436621342153766 0.342012736787182 0.450448759137715 0.499607947809165 0.339230151500982 0.310888461350652 0.337708147865398 0.33082850330074 0.341058123653645 0.333878558982779 0.321323718194111 0.416624328131997 0.494582230183866 0.438920378141377 0.505586303361731 0.496611502587941 0.424026824051486 0.521920892814413 0.433970506260622 0.389925053454413 0.434395115869075 0.490026664945653 0.420521152489748 0.416751206167643 0.375758265964431 0.476080773221606 0.40591397257106 0.500400906165374 0.350124867864828 0.431983302375178 0.383295993273538 0.405196908057165 0.465967915132191 0.501616258462142 0.444362749179128 0.499622426608994 0.44511266129372 0.459858280786256 0.447667562228291 0.395857636014172 0.460080659514307 0.515053174243957 0.416024159293197 0.396998528600383 0.353521365147217 0.462824365915677 0.41343438795583 0.434576330048589 0.442466878005179 0.462740357994815 0.409153975182462 0.466541127187132 0.379231766365473
"mahabharata_05-udyogaparvan" 0.413611173516589 0.360364637945105 0.438146900231253 0.359603041190751 0.345084402737524 0.416198910290938 0.379001553064322 0.399054158063804 0.39437797194347 0.383530964311837 0.43029330279756 0.331352181983598 0.357589541894697 0.374543199454702 0.367590790028497 0.4039064238544 0.335303222889707 0.409427058786887 0.355936161700462 0.270625229857561 0.455549466680159 0.364273470355759 0.403907171148784 0.409782325861916 0.395442024069401 0.445705913227431 0.294326656807867 0.343945281642742 0.376609810690524 0.369699566019396 0.251353840017165 0.382303605543386 0.574280997412296 0.385221317831257 0.393931429594825 0.370635537967581 0.423049803063157 0.195037989563308 0.348070795156428 0.192547178310107 0.182701889618421 0.22425126120457 0 0.263624825169021 0.363400782593377 0.271846662028898 0.274074814756463 0.245484058436329 0.271224804518186 0.280720360363342 0.41300982741408 0.213717644691426 0.234196971902112 0.351161964633977 0.349440374576265 0.220824227646548 0.272146855751797 0.366090714578657 0.469774829336611 0.394411188232853 0.350087503788094 0.464087042973158 0.352372774336098 0.33633851686856 0.330448995584407 0.399411482429792 0.389114226722452 0.420610257208922 0.306835981587548 0.421314958596001 0.478494766898119 0.3179666730235 0.28093915795155 0.337512492107474 0.318190381554231 0.34140923936689 0.340257412583944 0.296225123938145 0.386496923727121 0.473021349728715 0.416330503852185 0.482926197195726 0.475510828137562 0.397891785204009 0.504156642556535 0.415838035743907 0.357051654939968 0.406478974604605 0.458273112349318 0.398094323698718 0.390002978984927 0.340972954565281 0.454111355450537 0.378001284388606 0.484527724332817 0.327630907247711 0.402415601953046 0.356883363227351 0.380377684606011 0.442189416181716 0.486569110567708 0.422189574341671 0.496262453197439 0.428006947900045 0.444413572592253 0.423398365487567 0.373758273026781 0.441780736628634 0.496769167295937 0.38631742944963 0.372901282577906 0.302847184630095 0.44636879803486 0.387076802151782 0.416683396903234 0.410095668511353 0.440307236199139 0.393526334846448 0.44157897407478 0.348343287070941
"mahabharata_06-bhismaparvan" 0.436455460847711 0.405841104962345 0.467107595117151 0.399707631923753 0.390631997120111 0.449733141877298 0.416549502138838 0.442461730598821 0.418853927768194 0.424683552711747 0.465525584489731 0.369503013504255 0.407835321612917 0.414005010627826 0.41265309309579 0.4289145022696 0.373997149938526 0.416370269126865 0.383016124521105 0.328613693761984 0.482088913594712 0.414215848975406 0.42754416554973 0.438925737253603 0.448049159314534 0.481992131418742 0.330064339727299 0.362427929218392 0.37781607578415 0.320361372749302 0.293579109679533 0.416921277129459 0.594721072019899 0.410295846648087 0.435457776574988 0.390987401509516 0.44603850314339 0.288988884780813 0.348457054045248 0.280019866286401 0.270209803777835 0.27054283974551 0.263624825169021 0 0.399105818372266 0.176055631835796 0.189153874240285 0.2027845988032 0.294638852871058 0.33357074980285 0.459896363789961 0.320126470832922 0.327254039318427 0.40497614875846 0.407475657407351 0.30524325307106 0.345427068858943 0.386719355344733 0.505255478827991 0.426536415991036 0.39992154064317 0.463112785538229 0.40683903161296 0.386480838563247 0.361562709256147 0.426288478703312 0.447264488857116 0.449936031718667 0.362387790534672 0.451696057172289 0.502074873019164 0.362587989095573 0.351292349007121 0.358637647079263 0.34844085164854 0.366020363636879 0.313994131727941 0.338199482721243 0.416719888800075 0.494260101793344 0.431911123321056 0.500199764058766 0.5110507920314 0.430231026476944 0.513688682298567 0.440659801404139 0.393719690504654 0.431284096226535 0.485413837757125 0.410979025248705 0.430374645472187 0.384974853020262 0.473468481341114 0.409510759310788 0.49899700030251 0.342190549939372 0.439058717886415 0.386568205568768 0.410157365526026 0.463579767873726 0.513959104588531 0.445150227505785 0.48208509211802 0.447286464062091 0.464031721888722 0.463653151022443 0.411874367802071 0.456087553771174 0.521416546478527 0.427675885096908 0.400321757389221 0.375059431828509 0.470348823806122 0.41711562896311 0.440665426893058 0.445252808898324 0.466192784553419 0.421197947649687 0.473316288024715 0.389101113293769
"mahabharata_07-appendix-08_sodasarajika" 0.465468983521888 0.43134457891374 0.482666694082745 0.427089117113789 0.401410107566242 0.474269968839677 0.437493048645007 0.450132563822067 0.442439865798146 0.433039020702453 0.49028470025996 0.405629367375589 0.437035752415419 0.426690429104142 0.43049136776203 0.432810109359546 0.400172515610987 0.4564830635174 0.40974154876258 0.352756985179224 0.498582923506843 0.434452871191285 0.455783201470255 0.471066319245681 0.462794543451199 0.503388218964219 0.381376164986697 0.423114335761089 0.419026149621926 0.410978057753291 0.355339681961352 0.442112181080236 0.602261012152921 0.43179106585533 0.456013439358445 0.418215312976308 0.46979557449077 0.348032417227918 0.395002352919083 0.36706931978793 0.339783437648712 0.386991851128337 0.363400782593377 0.399105818372266 0 0.398826715777325 0.397157032972597 0.378057532344932 0.384987015997854 0.413699543167172 0.457334723535724 0.345504668253663 0.340462671004591 0.421270784925335 0.412629639983278 0.354778123587204 0.394733043194183 0.447091206227503 0.525248804848575 0.461172938919009 0.423595923972352 0.50148512457557 0.421841798304655 0.412699050611635 0.396959690394435 0.450846901350006 0.458203145219142 0.465206344027543 0.392469289252114 0.467019488436645 0.52124504026469 0.384988482211316 0.393281176150073 0.42006137442881 0.40101581956769 0.423977417142256 0.419093174694374 0.3814595101884 0.445525563570602 0.513516307541485 0.469314361862186 0.513778935286531 0.507924029246438 0.455974203416948 0.528996935119815 0.45653283504844 0.424412265181348 0.458606730140064 0.502555478080313 0.447711060124668 0.454869056456455 0.401286652490742 0.506150869976028 0.43020812111712 0.516560948532217 0.392079106714964 0.448113241300148 0.427295010742093 0.41740201092895 0.458578264765476 0.527246588681028 0.457597155823657 0.508078907076203 0.461188993737855 0.464667566287792 0.458128958742257 0.429645346015426 0.46746158101524 0.526836301856368 0.443631308424172 0.414067567971578 0.397218737442081 0.473259969850907 0.421186953981248 0.460437173818907 0.455377724994976 0.480739230276276 0.465513617924158 0.489968985117151 0.416493680889118
"mahabharata_07-dronaparvan" 0.43405327231369 0.405055435402459 0.464939345713369 0.394700685729947 0.387052779857023 0.450404821138335 0.422762455946558 0.440261152222521 0.418939477129221 0.420432669987684 0.460807317561693 0.36191143289808 0.409058396470652 0.415617898958704 0.416599504839522 0.444790052349762 0.382423415627813 0.424784304915841 0.394377878527087 0.33391369747334 0.491235117300754 0.420487319293015 0.432277426426383 0.437765421225738 0.449147192454562 0.486761004073294 0.332518155582537 0.356611194737561 0.401212056908688 0.336971770909296 0.294980060436212 0.415473106900895 0.600546475540215 0.41945479886049 0.44111091093398 0.402713220870347 0.450786554541058 0.292732011338604 0.360881492243909 0.289910335019547 0.27506896148157 0.262913468167243 0.271846662028898 0.176055631835796 0.398826715777325 0 0.144225633775532 0.207839976141667 0.274779437275802 0.331028283335146 0.46839922904625 0.333987751697969 0.344997490188642 0.4177492645177 0.417488678013153 0.316575730583145 0.359637556726038 0.382775011635102 0.504876440407102 0.429946070734436 0.406575880353891 0.466421680172904 0.411783797957072 0.392454393885802 0.368680868907497 0.429481376791684 0.450788370654615 0.452401281297691 0.363086694773558 0.453126441696474 0.506065261397672 0.364650622138361 0.349830543100889 0.354124948282451 0.347987159586333 0.35833765999455 0.304134496682763 0.334918508223767 0.42158709049903 0.498160969329852 0.439381848416955 0.501526120824371 0.51585148312948 0.434395892070302 0.520728007369678 0.442698556331915 0.403041459701911 0.436560607289361 0.489970272760722 0.412554228959546 0.430365307510401 0.395661834191189 0.482665438108991 0.417420279995904 0.509148092800819 0.350189118824403 0.446868849522844 0.386657214146613 0.422156632504258 0.474918908814962 0.521919925107758 0.456268130521114 0.496845936630267 0.458702671910634 0.471424755917692 0.470989647438481 0.415317153964807 0.467729720708694 0.521375946409538 0.431984774903859 0.412352726538207 0.379218587942822 0.470732553971225 0.429930005776749 0.451055499715495 0.456576672296639 0.467081497573892 0.415793625216547 0.478618692236059 0.394689697314994
"mahabharata_08-karnaparvan" 0.434370112779281 0.410326640004899 0.470485572918971 0.401616529649289 0.390729279338386 0.453742762319903 0.423749869365998 0.443128750962942 0.420893388763346 0.423913087008791 0.467248632769209 0.367567208783727 0.414975408688755 0.418913820340629 0.415615573183566 0.4462632242484 0.386768707450783 0.42864836600969 0.399282698100197 0.338723992847288 0.489975652025971 0.421068401652372 0.432727756072343 0.439367322178434 0.449029496315358 0.487315605905399 0.334167448420744 0.362960646671211 0.401930331298416 0.342203940437423 0.30469544842057 0.418262126656615 0.594589939883062 0.420972732268969 0.443219703023825 0.403474154279461 0.452095528912815 0.298091675763261 0.365723454861426 0.290603925520319 0.281922036923674 0.268549431044662 0.274074814756463 0.189153874240285 0.397157032972597 0.144225633775532 0 0.210363905903554 0.281059764610219 0.332145915889397 0.469521170148515 0.33497669401639 0.347115676362644 0.419728626102405 0.418851154725294 0.319220383528215 0.359457484960581 0.389254059328678 0.506881484656725 0.428932205223617 0.406242995034125 0.465379601341562 0.412391788957893 0.392882732225889 0.371234781899423 0.430162377877937 0.45345709112196 0.452357410193194 0.365496069652771 0.455070636164018 0.50824235858117 0.373403822922585 0.356280601389402 0.363551750542802 0.356410660654779 0.367850232458677 0.316861649308329 0.34446166833492 0.424929469068881 0.50128970245847 0.439804474242003 0.505571266842437 0.514941673240418 0.434639869110945 0.523675279152409 0.441781386157494 0.404448435049808 0.439333665362013 0.489172973659455 0.414859969907524 0.433354129627918 0.392351133289963 0.484208740023929 0.421762346598924 0.511622881984301 0.35518520768437 0.448246172140813 0.387033816037806 0.42694017654382 0.477744951690165 0.52293102947943 0.457633326319466 0.495937861914181 0.462431003515285 0.471898834990373 0.474788083010305 0.418108287791543 0.470586155262502 0.52330599652411 0.432157149015005 0.417152204495167 0.382557716696202 0.469765496434409 0.429009047976663 0.450753427010712 0.456195020731225 0.468929123258464 0.417902744222217 0.477792202163811 0.395817782735528
"mahabharata_09-salyaparvan" 0.426645444762251 0.397989998774014 0.462623833860786 0.389522762306227 0.376698937406086 0.445311513423702 0.409178737392822 0.433105538069494 0.409729659320624 0.406537969450642 0.454559628641427 0.353504661667481 0.408035667477015 0.409927485854872 0.393123826319752 0.421147394656378 0.349091382929989 0.410740127802018 0.367614277565569 0.297240580796912 0.477666305230059 0.393178255255328 0.417114408448836 0.43178357837261 0.437770590342533 0.472063768335814 0.306489252585364 0.344155678743655 0.382989270111657 0.327485344361158 0.267181133862286 0.395783000903628 0.589119592607302 0.400198655978581 0.427558131876161 0.37593561474698 0.436904654489395 0.25336670993636 0.33615169480185 0.253283550566594 0.233609752757313 0.266516152402737 0.245484058436329 0.2027845988032 0.378057532344932 0.207839976141667 0.210363905903554 0 0.270849496909124 0.32083263657486 0.450369270195412 0.304726842480912 0.302927098412866 0.402200866727185 0.389834972892556 0.284020813813437 0.3078887347663 0.360358413531421 0.479750901552775 0.402821431120672 0.380520237410906 0.45110781464164 0.384553257780425 0.365250792440487 0.344294193954791 0.415723121777937 0.429204271348651 0.425310165036465 0.336531975253314 0.439933318619044 0.504303210074997 0.325645713734897 0.330443369083061 0.344034403936195 0.33069869246833 0.351192469315949 0.309060416782622 0.306275181695393 0.404681700142205 0.491297241622513 0.439854966646265 0.49486558235768 0.490725482867692 0.410700252419807 0.51330695179393 0.425443705545653 0.382901087805945 0.4272259544751 0.481598899546415 0.398369381464989 0.418716936628029 0.359575916092083 0.472987722855967 0.390981141691986 0.502657246583533 0.32674097853035 0.412014371698481 0.359832019252161 0.398128344464865 0.457448910069662 0.514487578947954 0.438298613002819 0.483206587826777 0.443530554649755 0.449722887422765 0.451634258211884 0.388892816733888 0.45317604034647 0.506081389173955 0.407655366792914 0.387680313852235 0.359476042548999 0.460616089908703 0.406325696323787 0.433476605109768 0.434089124861683 0.453975741467128 0.406451897294625 0.465512238459729 0.372467315667899
"mahabharata_10-sauptikaparvan" 0.431199469338576 0.395105337526492 0.458460376389326 0.389531146155077 0.377829464188245 0.444545717827521 0.412672284938133 0.428911533390885 0.420534890715803 0.417849847623066 0.450040981016955 0.366146067554191 0.405429623379704 0.412157528498687 0.403220733373485 0.428681305605405 0.369234697981237 0.424212858825618 0.382708601386744 0.320997902096241 0.477259192612541 0.406409197430693 0.428334389550788 0.437489423540318 0.434353028203682 0.47420431124693 0.330645929186574 0.366999872368496 0.403503788630915 0.369204700549749 0.293910523047396 0.407086652006894 0.590235234249823 0.408791929748105 0.423879526553447 0.393261201759177 0.440096780322505 0.274251118004244 0.370627086321389 0.289628545294627 0.266537666540177 0.292907964695049 0.271224804518186 0.294638852871058 0.384987015997854 0.274779437275802 0.281059764610219 0.270849496909124 0 0.314038932001144 0.439595320831813 0.305558170724069 0.315691223278927 0.388988843441087 0.393106861303937 0.296376190827565 0.348620925454427 0.380534797298806 0.488750694800122 0.42141737333041 0.387216189380351 0.466120199730969 0.394980282123377 0.375673232754468 0.363488333289003 0.426688587637015 0.430123683076575 0.448462019842496 0.34938137941194 0.441622962625095 0.498166871503368 0.351263415145264 0.336517295175466 0.355308546191775 0.342230534679434 0.357207011283036 0.345515737221314 0.331678059846856 0.414243137272688 0.490242066442025 0.436103125631545 0.49647604504314 0.497660029960341 0.422640387914923 0.515717916637439 0.43420480434488 0.390372135879003 0.428906162782905 0.479746566517988 0.418937691320324 0.421676696715162 0.381351761609665 0.473080685893582 0.401707288837142 0.499850436749073 0.348561809355857 0.430540528573987 0.384322869015093 0.407672590763074 0.457463973359161 0.506362809454078 0.44087013255035 0.504629803198731 0.448111161600182 0.459752693759922 0.449640543909097 0.408581466516545 0.457919698289581 0.511795638224113 0.420630292993067 0.399796135740315 0.357070259103762 0.45830062428697 0.413119447327742 0.440415832129932 0.439935658580611 0.463664688528058 0.419032523446463 0.467638569602718 0.385145061505585
"mahabharata_11-striparvan" 0.451894015881115 0.409251829534902 0.466679772779226 0.407329888546634 0.391681830918436 0.450906469760431 0.426637139242743 0.446322273830312 0.437932996453082 0.431050317711135 0.458987853773763 0.380303371982213 0.414289757983308 0.419938314348187 0.419467176894142 0.450359942635098 0.400615195551747 0.44744345660718 0.411030603520101 0.353021153055662 0.496556652535741 0.419889244786131 0.44735828784371 0.452638349976443 0.441498510996943 0.489173213160188 0.361151870810036 0.40260223161931 0.413393327821623 0.401910202123694 0.327859857365441 0.435397347656425 0.589879940812481 0.433976713681299 0.447065796412965 0.424374386845293 0.460597054929394 0.305835850455415 0.399252202084185 0.308185287219357 0.293005398622703 0.311171017016061 0.280720360363342 0.33357074980285 0.413699543167172 0.331028283335146 0.332145915889397 0.32083263657486 0.314038932001144 0 0.457162863620194 0.322343269531093 0.337266442981905 0.40074900032678 0.403361271412268 0.316253736746493 0.340114381620912 0.400020688083624 0.490807079044958 0.421845393158678 0.410093099087042 0.491442138692964 0.414173067747267 0.400571081313426 0.389140160280964 0.440090864785669 0.436812157235965 0.464059131306739 0.37753414814426 0.464583875444825 0.516092326893867 0.388175305601493 0.346845698939357 0.373811589554825 0.365277478353863 0.371501029658082 0.37576390545276 0.370605423983103 0.436797530871729 0.506529291681748 0.440858699134162 0.518271049380105 0.50353000952599 0.452193206876814 0.536727534699514 0.464985877890418 0.411055252409795 0.451029408752487 0.500922775189184 0.449306475872293 0.438593995085484 0.398306417444479 0.489269407000588 0.435707300445267 0.50987276679594 0.390199678270297 0.458530028771877 0.415566773361253 0.433100785493599 0.479923962964717 0.515190377120907 0.466867941779057 0.509530438665183 0.465117424853822 0.478071182555324 0.465482794649916 0.434965724911405 0.47488906579772 0.529294462184549 0.436236844520297 0.424947934253243 0.373673223238165 0.472500358753746 0.440473303712217 0.459217247300638 0.458576542121482 0.479243079928969 0.435490575684437 0.479399328348448 0.408787667016656
"mahabharata_12-appendix-29_moksadharma" 0.487608342783837 0.462907173362191 0.482572762401071 0.427003713317466 0.431281901342634 0.461489860108433 0.458684861690877 0.473357844060074 0.485756129137219 0.491603284644599 0.478490604651109 0.455261357847056 0.423960349790563 0.441019728886078 0.457919730614639 0.467240332870076 0.45108760460817 0.480808681246436 0.450711810182419 0.389045773178361 0.488045887658897 0.461947103718683 0.479228682578122 0.489132981316704 0.467771351654371 0.494506985509666 0.426935646070309 0.450702531461466 0.442308032480468 0.471606314709685 0.421956512575704 0.466379563177982 0.589731438227553 0.451564915623738 0.447051318147368 0.442821793725539 0.475078726573983 0.406563567758259 0.466511025791941 0.435124602932629 0.400366091944265 0.450220537041481 0.41300982741408 0.459896363789961 0.457334723535724 0.46839922904625 0.469521170148515 0.450369270195412 0.439595320831813 0.457162863620194 0 0.348826827488245 0.382075243395755 0.42072722581691 0.433048798627273 0.385941805172294 0.453022057799206 0.494186517830437 0.550989334822939 0.504936998834212 0.446796882988688 0.533770138794969 0.456439195075636 0.442499161875385 0.436444494232587 0.46859349296859 0.478367312569183 0.496985784361351 0.418148790522635 0.485860974878974 0.491881317461328 0.436709439222107 0.435177520991119 0.460792204996082 0.452476360039202 0.467523779306561 0.47600235001011 0.433594546691057 0.4580886571078 0.523430882396778 0.464746434541086 0.530899232701652 0.517009429887117 0.476042824980058 0.527645951048012 0.480953279981024 0.447220164106314 0.45712096667188 0.4930240384692 0.480774005757231 0.459447530791028 0.434744198004834 0.485436272726374 0.460306719527702 0.471858505671472 0.436440788738102 0.463648498998914 0.459877372711825 0.459054862374098 0.481326369753281 0.499942338900821 0.482316027987543 0.539429080815771 0.480145853002916 0.511493208417529 0.480420299526375 0.482204525203863 0.466890424000752 0.54612176235397 0.459724914332321 0.452371776403569 0.397396381444458 0.493381885235659 0.453069402749882 0.477327373477209 0.47788915169369 0.505984388872847 0.487153052317103 0.474696481542122 0.441377394646457
"mahabharata_12-santiparvan" 0.386799008058248 0.345090605818534 0.402578739594858 0.316975589427585 0.309333082024106 0.387424339549203 0.344508750169703 0.358421839071873 0.372494535716842 0.375618681844631 0.410128989190499 0.321713662746351 0.305441800987559 0.338804271539989 0.335324597488798 0.363293445370972 0.313313473597278 0.385245667580662 0.323259919749411 0.221630638530968 0.418940185638745 0.334873793598353 0.376851347548515 0.380709782881679 0.358010077691029 0.417050039793907 0.296063519196019 0.340385831663519 0.336970504597844 0.368579932581736 0.258330499161712 0.357702696065711 0.558268712985032 0.346826394654743 0.338784699064324 0.324426702338221 0.389402566855474 0.218923593273883 0.355764935576315 0.255385676713729 0.199428736976443 0.288008209330415 0.213717644691426 0.320126470832922 0.345504668253663 0.333987751697969 0.33497669401639 0.304726842480912 0.305558170724069 0.322343269531093 0.348826827488245 0 0.17087502951603 0.279872996890715 0.298298437077229 0.193476220412378 0.308650701699995 0.393945329638406 0.483115352225913 0.410810377168638 0.311006066649478 0.455143161658418 0.336345676735414 0.303703697419816 0.295297905439517 0.359325319614761 0.360085144488074 0.398340071765253 0.280289392216201 0.39513400535974 0.439747767045299 0.318861419402591 0.284998799267791 0.33654653655104 0.319367080677748 0.345503504321387 0.351690950917515 0.299643165417368 0.345580765571494 0.441278643247466 0.369993913708456 0.455743183734514 0.45133701047486 0.378108936629416 0.468762317208616 0.391255744366636 0.318320590862238 0.360992255292649 0.414612519842012 0.374451830771662 0.351262122036507 0.303897869188505 0.408371754184724 0.352999133979435 0.42892505339038 0.30615068244237 0.366416339676762 0.342694276091021 0.343708419427862 0.396095037408571 0.440429160416108 0.393111670868131 0.484096041681092 0.391830156326906 0.422966300625323 0.384139300966415 0.374334666934435 0.393774000007732 0.478463817815254 0.35430754333722 0.333460790557291 0.249418097526268 0.426507645280713 0.347674621737537 0.381471803633465 0.372729220309643 0.432413805496102 0.393176080989471 0.399128121735898 0.318384072485015
"mahabharata_13-anusasanaparvan" 0.384077730982461 0.353110511698541 0.417587211876203 0.332949461589497 0.323870430411603 0.396885455279666 0.350969143448552 0.376282729915815 0.370489532421374 0.373660822572767 0.421649819469398 0.326414626399581 0.333559546880796 0.346346251070714 0.324393371252138 0.35515078575537 0.300570283271488 0.385078819737545 0.31267550955167 0.209578507329078 0.431835942317493 0.334584174983438 0.36530897248687 0.376271178306387 0.357661347824539 0.42080247632556 0.280066769973467 0.348674324091856 0.334624817972217 0.352596682726569 0.242070038837748 0.351997194683305 0.557132487720105 0.345329616377786 0.340090507998934 0.315130247344555 0.389677208553394 0.219636212455955 0.337671588192561 0.258815515993972 0.197308395623254 0.293656424861492 0.234196971902112 0.327254039318427 0.340462671004591 0.344997490188642 0.347115676362644 0.302927098412866 0.315691223278927 0.337266442981905 0.382075243395755 0.17087502951603 0 0.295700707181244 0.277931387722693 0.226790007795664 0.306366252675683 0.394650599676385 0.485185145377863 0.402982623932319 0.311918796796597 0.450159616289576 0.334550987350268 0.301577919164608 0.282836612640591 0.361258245328028 0.356205569558399 0.384229702879533 0.282259755302215 0.386505533333263 0.45547404720266 0.312300200282801 0.296504741130792 0.341985922771647 0.324875120596539 0.352383505014958 0.357486484681502 0.298886556847942 0.342221401927004 0.436110276688599 0.38037633017038 0.450729898312437 0.44242368037526 0.377491800918995 0.469149191618204 0.390956350517328 0.313464931354769 0.378136191553241 0.421806703229554 0.368633639962202 0.354007106416401 0.288016004548594 0.422242119514405 0.339475830780084 0.452415961928372 0.297763913227668 0.356665463790997 0.332383709462545 0.331477940021419 0.398037490220829 0.460187520365588 0.381545038039118 0.473051888070886 0.389305462355832 0.407929226215969 0.366833385404472 0.360407428376701 0.399478529439703 0.465047499033005 0.339657865611477 0.319343545046104 0.250857415005561 0.425781452025292 0.348311945308491 0.377794659222174 0.369926899350927 0.432916292170477 0.389971756767446 0.415135773483069 0.317154778320073
"mahabharata_13-appendix-15_umamahesvara" 0.415722615028257 0.427580742688182 0.463554827912795 0.398296574123955 0.396819086265702 0.443252540404671 0.423116210136588 0.424749118302497 0.441226340712975 0.450822893661446 0.438659498794765 0.407381726146214 0.381912313875652 0.412779704928103 0.380661499363858 0.406960128687553 0.385661313203811 0.407552588123261 0.379018217423257 0.30804442811283 0.441003183364404 0.384201638181089 0.392603396854493 0.416980731359912 0.378203786941572 0.445599696754765 0.359549160060937 0.410805286144928 0.396711392126394 0.423019792208269 0.357488646834119 0.390069995674977 0.562756289815722 0.39620881831628 0.371887255822911 0.371349477313267 0.41413615995429 0.350440598277823 0.42798771856211 0.379802764426012 0.332495824765674 0.396220931333775 0.351161964633977 0.40497614875846 0.421270784925335 0.4177492645177 0.419728626102405 0.402200866727185 0.388988843441087 0.40074900032678 0.42072722581691 0.279872996890715 0.295700707181244 0 0.336038993980606 0.336273756093265 0.404208451984801 0.459046485558738 0.535298897394194 0.464947051403043 0.381322462839536 0.485722269123025 0.413393587381999 0.379747870344187 0.352984738442573 0.383939914068742 0.388439057246568 0.431601758345209 0.359236547552925 0.422032520911505 0.469802006216709 0.403806231270156 0.369479133145862 0.403007859776594 0.391359591516891 0.40701768722291 0.423343339774397 0.382060506939854 0.387823977673395 0.442138491603384 0.38082975664189 0.478993463868364 0.45632469533272 0.415821300812559 0.480457691806146 0.438659084343098 0.360251070700578 0.394284271939631 0.415280049710439 0.41839316647721 0.390197296969398 0.352280122459922 0.424192898341988 0.403295300546822 0.445818105989659 0.36765878921469 0.408618113822105 0.394640663220512 0.395885935094844 0.426186861789024 0.460949885090291 0.44042125656848 0.499947967621877 0.426318202568512 0.466108581856989 0.401966025816615 0.444330909273577 0.422125182665865 0.491935089895817 0.388669387698212 0.390237880613645 0.308959950207464 0.467156991058801 0.410626165942051 0.425285715736829 0.411376589922817 0.481966795596746 0.449857789096014 0.438025750719687 0.391493980403539
"mahabharata_14-appendix-04_vaisnavadharma" 0.396839240571035 0.431155979683533 0.467304773188778 0.403426305650548 0.396539303649411 0.449307927360946 0.424830312246884 0.432529678618594 0.436641567841391 0.44719209812718 0.452456097020908 0.406530257054615 0.396568220738278 0.401706212322351 0.364086980162021 0.4150572947161 0.385286956550252 0.431476093592894 0.386751475235675 0.299805785062963 0.45958688399344 0.398360703587651 0.395064486669575 0.405120982352039 0.359257427975233 0.445727198453786 0.373445573557175 0.418523925515464 0.40327015156341 0.423486646336591 0.354592206330808 0.390676656739538 0.555175412870722 0.406500477255359 0.362301034823762 0.375811535187351 0.412765025842331 0.347605055632833 0.41998627647726 0.365878375024711 0.330223662220582 0.386412927322953 0.349440374576265 0.407475657407351 0.412629639983278 0.417488678013153 0.418851154725294 0.389834972892556 0.393106861303937 0.403361271412268 0.433048798627273 0.298298437077229 0.277931387722693 0.336038993980606 0 0.33566420775295 0.399960027306395 0.452999811173029 0.525822924532132 0.459937765123085 0.377557640272297 0.491651330349759 0.409531909123196 0.376269251921776 0.34647004658669 0.387101299954309 0.389668142243933 0.413055622175388 0.351030144993133 0.426921363467743 0.489325517409774 0.404327397293109 0.393029349941294 0.423490209609958 0.405908913922938 0.42633193719859 0.431690255724621 0.392939097477529 0.389075510977827 0.439218084990737 0.392383350630192 0.502600072216675 0.460913859457551 0.435775310314495 0.503683368455078 0.449931352131745 0.372779824851705 0.410482985413118 0.435060888878809 0.422297314372094 0.39534401831283 0.333333339966399 0.446800620007253 0.408136232496291 0.484171559413404 0.376250742671758 0.407415742269559 0.399535751387376 0.401581813221107 0.44159327200643 0.469933573133886 0.440308844043586 0.502329439296674 0.431201800525917 0.465699504785371 0.393179594788175 0.434773571031782 0.445843486508391 0.483537666517554 0.379014449664807 0.390005934110706 0.307340944478388 0.460877482563334 0.419518972204567 0.418094035099834 0.395365562175078 0.478227434539787 0.448167751793879 0.443537079187698 0.384886407834635
"mahabharata_14-asvamedhikaparvan" 0.415384940288492 0.365355649325747 0.42929184687548 0.352533794305891 0.339569272008814 0.41694624395284 0.377150930712575 0.391916495609933 0.393717785430635 0.392139104766807 0.431953796588238 0.341558550396526 0.35115386023664 0.372633396947163 0.362418486496981 0.38831989805104 0.335890293725939 0.410350471730561 0.353442273584065 0.251646698030917 0.440087379029262 0.356848916433243 0.402425491273818 0.412326302205411 0.392316118135598 0.438785754246804 0.296071732538893 0.335461899455391 0.35619441634962 0.37190109839443 0.262801199823055 0.375592940608273 0.571585598965312 0.368549180883385 0.376837380709538 0.350819977619042 0.40825227123493 0.209993518059614 0.355365756158941 0.250624469348599 0.198991297013066 0.271710547254315 0.220824227646548 0.30524325307106 0.354778123587204 0.316575730583145 0.319220383528215 0.284020813813437 0.296376190827565 0.316253736746493 0.385941805172294 0.193476220412378 0.226790007795664 0.336273756093265 0.33566420775295 0 0.288017219369586 0.370277267612396 0.472285495108269 0.403488586524466 0.343829890569621 0.4611915216387 0.341929426594193 0.329774450190227 0.329343403623837 0.392603284250921 0.386619561013677 0.415069663202768 0.295831256561587 0.414796582104957 0.468198323323695 0.319008383663971 0.296069455765073 0.343633401156418 0.323704666298782 0.351437748532379 0.34682006358558 0.296349851150731 0.376071778990645 0.472152473892904 0.406377816322744 0.47568382325662 0.463774049955423 0.389327627732485 0.489828993127176 0.405215945608391 0.349516123426672 0.393228705839415 0.442603332770392 0.388565112400605 0.388707702361975 0.327958872746147 0.437433554211225 0.36528751418019 0.449416014123672 0.319388493534407 0.38402660439931 0.356208370466067 0.368555062281986 0.415726686077915 0.46119296259018 0.412088213354551 0.494739606542948 0.418229544335817 0.436492698990865 0.413617435751115 0.376880226687078 0.41611932886195 0.491278565744438 0.377627138521596 0.360539082656696 0.293617239539489 0.426675177668715 0.366636146730314 0.406261416066965 0.398225525093016 0.444772148281819 0.394579743108522 0.422608333253506 0.341487425510977
"mahabharata_15-asramavasikaparvan" 0.471539761938663 0.4107361270117 0.478359290121343 0.419212719829361 0.402013570170264 0.467140790874816 0.429960731754567 0.447307510344636 0.441874083899546 0.428754950827829 0.473512546531257 0.392065754485717 0.419436492433293 0.427639921075895 0.424157940291528 0.445561583155886 0.388345162861682 0.457928957876188 0.409724363948299 0.33570763766477 0.492897857863021 0.412447276919097 0.452798366375928 0.469761497493933 0.457786263469664 0.492810973955174 0.353329702439412 0.391364274674432 0.418670235442317 0.414516263089308 0.323411421168254 0.432714416615889 0.594767840683141 0.432811040158122 0.452851941731317 0.416886156757938 0.467226085558857 0.271526983580958 0.396928000430529 0.265294678625197 0.272721451436856 0.319276809246018 0.272146855751797 0.345427068858943 0.394733043194183 0.359637556726038 0.359457484960581 0.3078887347663 0.348620925454427 0.340114381620912 0.453022057799206 0.308650701699995 0.306366252675683 0.404208451984801 0.399960027306395 0.288017219369586 0 0.395474167476159 0.468099430424436 0.391269114846445 0.397977410559037 0.48753408873108 0.392581351750682 0.384200195461865 0.389942404604013 0.451940513415111 0.444055961266706 0.453098375000617 0.367106274893456 0.472278734525944 0.523622246402391 0.351348569440694 0.336751467842218 0.396581887213474 0.379365417621647 0.395608550680381 0.399962489269812 0.353317236715724 0.439437123526086 0.516700961294863 0.469325824956952 0.523270804940778 0.502546197557317 0.44235922555463 0.538244308288213 0.455597571368466 0.415914122045435 0.458036092570164 0.503198486021547 0.448015401433979 0.447454405289202 0.390453405480041 0.495264312896286 0.420986786550918 0.517542519819198 0.384310708355551 0.441376933150775 0.412493206464112 0.428211628208036 0.477071673690299 0.529427552547101 0.462145025307149 0.521157200316738 0.471189651849622 0.475788202722726 0.465460195321098 0.414204273931993 0.482022701740406 0.525910152923626 0.435860072330541 0.421832341965722 0.376843636404006 0.481058538168431 0.428226243154464 0.454649301946654 0.443363768814206 0.476860663107541 0.440421244432689 0.474681750402265 0.402554514328622
"mahabharata_16-mausalaparvan" 0.484760706707627 0.444919396590498 0.501283016580255 0.450355025661387 0.440336288310525 0.495659550579779 0.46957147288759 0.479327362900854 0.471537903425978 0.460195644461259 0.491236743776423 0.412174773609888 0.460920461674976 0.455846649643067 0.465174425787193 0.487842530637675 0.433780309352507 0.478964449198793 0.449094585005405 0.386303332686585 0.516111810819664 0.461045321389234 0.485891736781055 0.486488689177522 0.490854803650847 0.513499644106042 0.378366732842333 0.409502164450717 0.457039543617037 0.430375182540868 0.353707314596859 0.461824713742334 0.608476692994185 0.46257349557361 0.480413059063505 0.449805689055192 0.495755636954491 0.353614445199105 0.398882015253753 0.371440039034104 0.357123789585583 0.381984763239459 0.366090714578657 0.386719355344733 0.447091206227503 0.382775011635102 0.389254059328678 0.360358413531421 0.380534797298806 0.400020688083624 0.494186517830437 0.393945329638406 0.394650599676385 0.459046485558738 0.452999811173029 0.370277267612396 0.395474167476159 0 0.503887685667481 0.460697210921382 0.449404334656192 0.513786199234281 0.447252054482152 0.439320117084731 0.434873718733514 0.480105679758036 0.483978561729103 0.48073415159196 0.413607759420908 0.494421905233438 0.531458776839942 0.408287421163904 0.39974697134124 0.420113082461466 0.406162053507745 0.426744428435446 0.414608334133668 0.397362943625532 0.469652061835526 0.53714917246636 0.487998602665449 0.542558077077898 0.52564116134649 0.473577438664138 0.559559141734092 0.476729421011104 0.457696444281129 0.484417443603848 0.523270081115257 0.471237327338093 0.473712452148085 0.437998572034779 0.520711322471388 0.454140941692156 0.540719945700377 0.415866901608576 0.478079184206436 0.431789114135987 0.470040064932915 0.506993730072324 0.545367342814224 0.491560433777863 0.542963272968489 0.498604221031904 0.508831248915373 0.504603825926125 0.457143865104844 0.506308559562435 0.549713833064164 0.47683332889878 0.462384890715197 0.426378700946158 0.48798428951623 0.470647779463884 0.493345811904086 0.493104361963668 0.498843432956932 0.444450110120691 0.511215452749504 0.442199706617855
"mahabharata_17-mahaprasthanikaparvan" 0.585793648391107 0.54668375355926 0.580066592245682 0.547687449361071 0.538979884434991 0.57798354699734 0.556585830314278 0.558757959692544 0.564819795178861 0.556858926299552 0.584494700339502 0.537730113487527 0.552374952000416 0.55307168061704 0.550090442430992 0.571071619107455 0.539046857936038 0.583449657141782 0.553853974042337 0.502782173614366 0.58818928011677 0.54856252087165 0.57624994974485 0.583346535631637 0.568878623540455 0.590183061279158 0.500966610523747 0.525479363973335 0.547718201351222 0.543565689077924 0.493626815830633 0.557145682297515 0.643132390389196 0.555764282694385 0.564050367732243 0.544531153356753 0.57293039969191 0.463893070589613 0.524077346727585 0.457704817601002 0.460862331186096 0.47631058699749 0.469774829336611 0.505255478827991 0.525248804848575 0.504876440407102 0.506881484656725 0.479750901552775 0.488750694800122 0.490807079044958 0.550989334822939 0.483115352225913 0.485185145377863 0.535298897394194 0.525822924532132 0.472285495108269 0.468099430424436 0.503887685667481 0 0.482555243916553 0.546808726668118 0.5923725011407 0.53481648276003 0.539559872160802 0.540116160557183 0.576262574081748 0.559329156884764 0.566766374998326 0.509830650806695 0.588390605260001 0.620488821051102 0.495296871823881 0.493874179301427 0.522399996095758 0.507727296125937 0.528286186023543 0.52527771075015 0.501203474773418 0.561533322624527 0.610369142278415 0.583457978876415 0.62934497334906 0.581489882313427 0.557480792987709 0.635263175956793 0.558605156210646 0.552333861754703 0.567605464358335 0.598009204767975 0.560024200989048 0.573507851130516 0.521909602449041 0.589166534216224 0.547683802907972 0.598476602432053 0.533391801133024 0.546237744833667 0.54203602841743 0.562267788882085 0.584021424821755 0.597607666184493 0.572430992574064 0.615794800914534 0.584641562040266 0.591786212054958 0.571912763072332 0.548623827495646 0.586368072593106 0.596515765148433 0.553525490975473 0.556638505186397 0.522168227816738 0.562523042716981 0.551567865552416 0.568900256958415 0.567239488070028 0.592108879841975 0.556408050751985 0.585670806144944 0.545735788945106
"mahabharata_18-svargarohanaparvan" 0.51932248866735 0.478127378903467 0.519663478481665 0.483661641965725 0.470677806764677 0.524157218578026 0.491022601176793 0.500591041365391 0.497966617318661 0.496960294560926 0.525177505100061 0.470857704964522 0.487057784143762 0.487246668060905 0.485228150215203 0.498225148793725 0.461568248579329 0.509347664798997 0.474559542600394 0.422208381042973 0.527899110981007 0.482318110170103 0.498993773418228 0.520000164114242 0.509155224734464 0.532835633572121 0.432382195555986 0.464178661396932 0.46701733364544 0.464633894850882 0.41422332632368 0.489878751069683 0.602160803534094 0.482065477436454 0.504669358936351 0.471562970862719 0.513391346996947 0.389918720450799 0.4488895009553 0.382732798508021 0.383137466159573 0.41629248370574 0.394411188232853 0.426536415991036 0.461172938919009 0.429946070734436 0.428932205223617 0.402821431120672 0.42141737333041 0.421845393158678 0.504936998834212 0.410810377168638 0.402982623932319 0.464947051403043 0.459937765123085 0.403488586524466 0.391269114846445 0.460697210921382 0.482555243916553 0 0.471030680488799 0.535056264634355 0.475140902397276 0.46474763381522 0.45973270379627 0.504927457087861 0.500644212708586 0.497464809994746 0.441580610591552 0.519317034473358 0.56319563046403 0.438357701766408 0.438927592387355 0.463971455915446 0.452289173166485 0.467795212017377 0.464597147864037 0.433391690828688 0.492584886318442 0.547573205054155 0.511947596878438 0.567123796354941 0.533024241556867 0.500541257411437 0.5732273187109 0.505558940212527 0.477196010572518 0.511720450139194 0.542815169097955 0.495616907267279 0.502571027759004 0.443285012124662 0.535060843102603 0.472024574512299 0.54821195526618 0.450765035405292 0.485727284199583 0.47880731282419 0.485009359239407 0.522609183469736 0.558120889216517 0.506521054168682 0.545304061600911 0.515667260941229 0.515047159931442 0.509471134098753 0.481162613770538 0.516935471048741 0.547327108558085 0.484243771114591 0.478236833762931 0.453855291901874 0.511491669163436 0.485485534954634 0.500262739954774 0.503965856041081 0.539322384582916 0.503041067742425 0.52846732703903 0.478067615130647
"markandeyapurana_adhyaya-1-80_u" 0.331300002085188 0.353596961748624 0.406255279846208 0.365229358571357 0.353630926760174 0.415136263705521 0.3295376996849 0.345172063337519 0.34843329759997 0.33587236677059 0.435948917611893 0.351602830975086 0.369282440931165 0.375672268634249 0.283979524079217 0.317854149520438 0.246860994943358 0.312162002476345 0.249899201599542 0.274070371045243 0.374873326155452 0.28748654218763 0.310692741024108 0.308202567394808 0.298462324776856 0.387512408220151 0.35269270865135 0.405188268714287 0.411703124724163 0.412787465451407 0.3159483159921 0.275339218127336 0.568114308499947 0.300123405826195 0.323899019776118 0.291770396182785 0.353510902259336 0.322282509611573 0.413109026575951 0.365840263184508 0.312539920825693 0.382813600127625 0.350087503788094 0.39992154064317 0.423595923972352 0.406575880353891 0.406242995034125 0.380520237410906 0.387216189380351 0.410093099087042 0.446796882988688 0.311006066649478 0.311918796796597 0.381322462839536 0.377557640272297 0.343829890569621 0.397977410559037 0.449404334656192 0.546808726668118 0.471030680488799 0 0.384894701160577 0.266193580418321 0.100137027764504 0.232168455954532 0.293502153622003 0.313530663255108 0.365126918872361 0.305624053769999 0.349912639691604 0.407350090742239 0.385360800354002 0.358570846609289 0.393625438932229 0.385448869717651 0.39683499388543 0.414724176011057 0.36764167222668 0.306117191733782 0.405486479881758 0.365287939706599 0.403436501958601 0.429640475717108 0.333616903230458 0.42910854026013 0.369845873302615 0.268416591341432 0.324435182631418 0.394705668658018 0.353561382719946 0.284948463798185 0.307903112270938 0.385918573686568 0.320851649056442 0.437732246808748 0.290996767467595 0.332489266277576 0.283531393515012 0.282189106587425 0.356941461792284 0.426887258126671 0.343450060641681 0.414460078157972 0.342132515143972 0.361722470910559 0.337566145016444 0.316095875845329 0.359483387724912 0.430064310461212 0.305599101080091 0.260909662983493 0.314705082593676 0.444321290477878 0.294014998427046 0.315743821161373 0.319627860536143 0.379449272419765 0.332426546104888 0.3596972554442 0.232681334207557
"markandeyapurana_adhyaya-81-93_devimahatmya_u" 0.453119491671584 0.469245427626815 0.49950218695073 0.47543901145872 0.472614689304407 0.505948243975764 0.437771973932463 0.455610775200133 0.435796642638429 0.45983489466133 0.511214107144238 0.458172089408183 0.48079135025988 0.480976472660026 0.417097676017858 0.441348284537932 0.397492195944034 0.391207892351546 0.389056733299719 0.420977522742786 0.455093620964056 0.399750748964724 0.408409942500917 0.439004396432349 0.448049138240212 0.471003843687563 0.428901489469595 0.461613389786027 0.4851751704773 0.443870529804138 0.418989630334285 0.386992100387536 0.599987143119 0.415262330868277 0.4523153447273 0.415430682381745 0.445469237895526 0.447403841382773 0.463825462421657 0.466484101329717 0.436577894557221 0.470924073861977 0.464087042973158 0.463112785538229 0.50148512457557 0.466421680172904 0.465379601341562 0.45110781464164 0.466120199730969 0.491442138692964 0.533770138794969 0.455143161658418 0.450159616289576 0.485722269123025 0.491651330349759 0.4611915216387 0.48753408873108 0.513786199234281 0.5923725011407 0.535056264634355 0.384894701160577 0 0.4022800119544 0.347101294186162 0.386651730869565 0.422076551301866 0.440603189751326 0.466486350820895 0.432392300370134 0.461248323269911 0.499712448989907 0.475657527357572 0.473887066572287 0.467524739441316 0.473024361079204 0.469032787311925 0.461420474797672 0.455819664277568 0.417472742946716 0.496165097347267 0.491381678513818 0.499585748697221 0.510513059732398 0.410099880519571 0.512306345771921 0.445588157685656 0.400127162575175 0.438714749373376 0.493278972178358 0.430299515171071 0.420259390518966 0.429423797939697 0.477286592168556 0.413671252877711 0.517165681372855 0.384946120822937 0.437394575841551 0.380435662681439 0.429823931960571 0.469476032177357 0.526491849163607 0.449606684302158 0.496835036725577 0.456983884315743 0.463773499989391 0.472131218301768 0.438737044542701 0.467391684716991 0.504017264512832 0.413280673242915 0.416483463044116 0.440369090061027 0.500238313346001 0.41428791999344 0.43858555510905 0.449398320468297 0.473430164086501 0.408881503404072 0.46701070121845 0.386199343791954
"markandeyapurana_adhyaya-94-141_u" 0.412788109816538 0.373551269440153 0.422359166919468 0.393920785195868 0.373731356337167 0.448155464259742 0.373445333885049 0.386979982904503 0.382398332741182 0.36590010194558 0.455847450708684 0.373714146005235 0.402831810328453 0.398216351990566 0.340006832016784 0.383853377660904 0.305384506629069 0.385877324150004 0.329127073926543 0.307205214544142 0.419088859742091 0.332613684758328 0.382161283090804 0.387507867174869 0.377049897111917 0.434289689199813 0.366637528296045 0.403329926635621 0.422467560674299 0.425778032387787 0.333573504114501 0.335132728576231 0.580987695253301 0.354519394705032 0.383606613133678 0.354902574487054 0.406351399384162 0.314763425792828 0.422482425436137 0.369020269545832 0.319018338287198 0.383599572091392 0.352372774336098 0.40683903161296 0.421841798304655 0.411783797957072 0.412391788957893 0.384553257780425 0.394980282123377 0.414173067747267 0.456439195075636 0.336345676735414 0.334550987350268 0.413393587381999 0.409531909123196 0.341929426594193 0.392581351750682 0.447252054482152 0.53481648276003 0.475140902397276 0.266193580418321 0.4022800119544 0 0.200884317828366 0.318479704310955 0.369781523036503 0.358714775585741 0.39568661009331 0.322828607510893 0.398515844302383 0.455094786545304 0.378256260386414 0.363918177537154 0.392684157704156 0.39153463171208 0.406058292128658 0.417929229299817 0.361955336810759 0.359464041915323 0.454885173801257 0.428514406189365 0.455283079450503 0.448763682558295 0.364645941349562 0.478684500023877 0.377686277919875 0.333383966002157 0.380752267260727 0.444251024673595 0.374346900162475 0.360487802712708 0.345212058110669 0.429276093213453 0.356234492332107 0.462290526713766 0.317060032195747 0.369277218639676 0.333745813296173 0.357120074615246 0.41762754570477 0.478029281445277 0.39499509361871 0.47435644515557 0.409605336827503 0.416084460788746 0.398281346647542 0.360611667706285 0.420501643845278 0.46968731433592 0.346066874060064 0.344941836610607 0.338320045729447 0.440019147132056 0.331113363028874 0.38053539441407 0.380575730750568 0.410359401414664 0.3630829895724 0.406695184100575 0.30205559719631
"markandeyapurana" 0.338513658320577 0.34725060389195 0.401519848218212 0.359584844537853 0.345664182020348 0.412023811004351 0.32413722910127 0.342303783355123 0.339258680279679 0.330170395205412 0.432542746947734 0.340391894626102 0.367922561491595 0.369406541302411 0.276199090979955 0.321861101131231 0.238076701285867 0.307695674616535 0.244322225044295 0.257852473305369 0.370986164600434 0.271591553791418 0.306845468022283 0.312124371070198 0.307644919618219 0.386587409928718 0.33516531364491 0.389147855472723 0.398870515441003 0.397063991017337 0.295819765653915 0.263979343229357 0.565024934665525 0.292523086543772 0.325761988427062 0.287885304517545 0.350615210454325 0.302269070970415 0.397898708235941 0.35172576570871 0.29376359377942 0.369088542460605 0.33633851686856 0.386480838563247 0.412699050611635 0.392454393885802 0.392882732225889 0.365250792440487 0.375673232754468 0.400571081313426 0.442499161875385 0.303703697419816 0.301577919164608 0.379747870344187 0.376269251921776 0.329774450190227 0.384200195461865 0.439320117084731 0.539559872160802 0.46474763381522 0.100137027764504 0.347101294186162 0.200884317828366 0 0.225315602550601 0.294631060722278 0.307396635762089 0.359195431291732 0.289498586909747 0.342669530275587 0.408969655903191 0.370370961185527 0.347654486555303 0.37856648915329 0.373459055198698 0.384877471184126 0.399397528506746 0.349590312228264 0.297863082479391 0.406559265753905 0.372140546044235 0.401897437000008 0.424856022038753 0.31846783017789 0.430226490679221 0.353503322671813 0.260199052973634 0.323893494952555 0.396799268106189 0.338437041075006 0.284083888646351 0.295914519066423 0.386535273128465 0.308281807086439 0.436221360194138 0.269669950355781 0.325671830559438 0.269183111581075 0.282828095302815 0.362101769047031 0.434400136790292 0.341891177445368 0.421868474381428 0.348428652536261 0.361792581798276 0.342191816947398 0.311501826677975 0.362625870403618 0.430029795262499 0.292025966495999 0.263206069129907 0.301341647864547 0.430676319323683 0.284271883740111 0.31786039028431 0.320988515736832 0.373938574849379 0.316498491575075 0.361845144071646 0.220047696120911
"matsyapurana_pu" 0.276122941750008 0.348500669660523 0.401780910844552 0.358785147692742 0.341729701114379 0.39337417372973 0.324472344469351 0.342833536822881 0.323257623566748 0.333983325346864 0.432150299081248 0.33654278512487 0.366235225426778 0.354524308630268 0.218247345704594 0.271313218694285 0.201648920809308 0.254955114983366 0.182244093799992 0.230489972020286 0.364635885842271 0.260525754489136 0.253855376822464 0.262892006857532 0.286350066854817 0.362518170554535 0.304766202076656 0.373711656448947 0.367231714037901 0.339978612660964 0.261044228083193 0.241224104692566 0.548843784002195 0.264702178136485 0.298469546991326 0.223064269145786 0.301846744359296 0.298310503968676 0.357807138772374 0.340955212332892 0.284782949811418 0.356656324628606 0.330448995584407 0.361562709256147 0.396959690394435 0.368680868907497 0.371234781899423 0.344294193954791 0.363488333289003 0.389140160280964 0.436444494232587 0.295297905439517 0.282836612640591 0.352984738442573 0.34647004658669 0.329343403623837 0.389942404604013 0.434873718733514 0.540116160557183 0.45973270379627 0.232168455954532 0.386651730869565 0.318479704310955 0.225315602550601 0 0.235594584851505 0.298711079577107 0.323888081635839 0.288755437119983 0.304446276351541 0.393700743121549 0.354645395431915 0.347248202546533 0.361639091653459 0.348891071426854 0.363681907556847 0.369342246979196 0.331830045317628 0.246538984208951 0.366305039452952 0.330468795039759 0.370413543264896 0.415425434493703 0.304791442809336 0.390013798729445 0.34926341405614 0.22874884110229 0.28323716117487 0.357823711134475 0.308732173829467 0.257708193500406 0.264259886136431 0.366272909557741 0.278702550310343 0.423959858030122 0.229771200049095 0.315499498057388 0.243650471374941 0.234980515477953 0.338102192484598 0.421911802506363 0.309549646606419 0.375562471058998 0.296113672189592 0.336038397990718 0.307082550144389 0.284703586600049 0.323883971680868 0.409609431862161 0.271122420664424 0.20662563180301 0.292402288182476 0.423095588426681 0.292383622826221 0.315757826680769 0.32641666685428 0.376833684690007 0.327542644924961 0.376974904697731 0.237039846892643
"naradapurana_khanda-1_u" 0.239261971584772 0.377698546324969 0.413966160569085 0.386040279219956 0.373356445859123 0.426234227965651 0.354977019236229 0.36358794859899 0.360054730241027 0.375106111757907 0.452870039541455 0.370347056680692 0.381421332153753 0.382991964603678 0.227340270196804 0.335853463426936 0.276736999509634 0.27131799199681 0.254758478508963 0.3054666971238 0.354052116924426 0.281332626276423 0.274757819892288 0.233770589285595 0.292944968010079 0.360938879693414 0.36834838715758 0.412667410567629 0.417674513442123 0.414680496036073 0.355623633021471 0.268700542450605 0.546232198984177 0.299837983791416 0.296398081115222 0.26740245451688 0.283725066353097 0.381663654806365 0.424819293922467 0.413688076895733 0.367797164691406 0.427087995174432 0.399411482429792 0.426288478703312 0.450846901350006 0.429481376791684 0.430162377877937 0.415723121777937 0.426688587637015 0.440090864785669 0.46859349296859 0.359325319614761 0.361258245328028 0.383939914068742 0.387101299954309 0.392603284250921 0.451940513415111 0.480105679758036 0.576262574081748 0.504927457087861 0.293502153622003 0.422076551301866 0.369781523036503 0.294631060722278 0.235594584851505 0 0.296404209850377 0.365410053760709 0.327800128689273 0.312968098976803 0.373327200184834 0.416904072346301 0.403919744257599 0.413427162325497 0.411077052186487 0.416018801934364 0.423513963035503 0.400974480633416 0.268909560624673 0.359678139540413 0.335793591945979 0.386221003874049 0.439780408930059 0.331582428390874 0.40434450993699 0.376425873756346 0.277639326786352 0.2695798472991 0.322031247320011 0.342170942961589 0.262659197453062 0.328307860954878 0.350809359077768 0.341583286765093 0.427640118370762 0.31623419428527 0.363788382008462 0.28820108179034 0.330756095545734 0.3924534217811 0.433343143629372 0.37419736559475 0.424231868244854 0.36458367076738 0.403867186601694 0.360348475349768 0.376612099289235 0.370887955788 0.410283810209286 0.308752797109445 0.305066603322177 0.322924647024956 0.446274713188223 0.345333629962168 0.357100139454545 0.341312984885717 0.404210280509423 0.360941358392428 0.378627067078271 0.284381261942433
"naradapurana_khanda-2_u" 0.353612811915409 0.395280105710682 0.437517750580145 0.399760221438281 0.3868181040887 0.447610955977993 0.378864474500422 0.384754029367315 0.387168828244183 0.384747998068517 0.459312808594874 0.390803902197919 0.405281633422068 0.420563298440356 0.272806199711118 0.387973827482831 0.31017664928362 0.356302980973047 0.319464517013206 0.316495860750438 0.399651853911207 0.27787233425355 0.332146449277518 0.343941853364836 0.316165641493643 0.375513563905644 0.367883363059981 0.418779813614177 0.445014969583509 0.450936414755147 0.362101074553905 0.31648955502002 0.553652768636483 0.343145776971845 0.335193277038586 0.328756111569945 0.356337179775905 0.374072087193781 0.439562394125157 0.410155088849653 0.361949099047295 0.423348402592601 0.389114226722452 0.447264488857116 0.458203145219142 0.450788370654615 0.45345709112196 0.429204271348651 0.430123683076575 0.436812157235965 0.478367312569183 0.360085144488074 0.356205569558399 0.388439057246568 0.389668142243933 0.386619561013677 0.444055961266706 0.483978561729103 0.559329156884764 0.500644212708586 0.313530663255108 0.440603189751326 0.358714775585741 0.307396635762089 0.298711079577107 0.296404209850377 0 0.380652748002919 0.32674762565544 0.345429136728753 0.434168306151886 0.410953735795625 0.374851746731379 0.401327498276922 0.406128579553713 0.41065640839801 0.436139251708547 0.386564471712828 0.318677004233699 0.415687580907585 0.39887029841767 0.430721593511068 0.431552042288018 0.326964585263135 0.452444715455613 0.39168799580285 0.317080641695251 0.354375764359418 0.386030079996962 0.376199332471115 0.298532526989942 0.325962632555904 0.393817562896172 0.35551577159076 0.463293697340385 0.344649209512509 0.359896616050529 0.307395225872973 0.375374926968726 0.435707357514485 0.461087738943364 0.408807092634569 0.474881911664912 0.417130956846366 0.440363523807404 0.391121779479243 0.391191378089528 0.421828834027475 0.424845210348489 0.306881408193954 0.35559862768957 0.335148670162344 0.462737775510143 0.377148938961703 0.400770578648266 0.380414612294693 0.432587635942203 0.375515929398441 0.412504756320965 0.328155357170303
"nilamatapurana_au" 0.392128994334432 0.443634370929927 0.480235183142878 0.45553913397796 0.440213170811379 0.484336323085371 0.431326216727579 0.443019527012102 0.42492395983559 0.433669791151265 0.493179136281457 0.431162416410877 0.456520114362546 0.44814382713709 0.333448031054246 0.410977130329228 0.36463112904057 0.401626336473912 0.366877038050138 0.339735469278949 0.437327904555334 0.356855532674 0.357580131510583 0.385532081213355 0.392024906308514 0.423288883499305 0.386385220777007 0.43262436704969 0.461851413615854 0.443563297848083 0.388191979536582 0.342709776766733 0.564617401571178 0.380680893246475 0.385933270736541 0.364364179540486 0.388367791331566 0.391950748261092 0.44287629736376 0.426632885988121 0.383848872832938 0.436621342153766 0.420610257208922 0.449936031718667 0.465206344027543 0.452401281297691 0.452357410193194 0.425310165036465 0.448462019842496 0.464059131306739 0.496985784361351 0.398340071765253 0.384229702879533 0.431601758345209 0.413055622175388 0.415069663202768 0.453098375000617 0.48073415159196 0.566766374998326 0.497464809994746 0.365126918872361 0.466486350820895 0.39568661009331 0.359195431291732 0.323888081635839 0.365410053760709 0.380652748002919 0 0.374178508054006 0.409154114366458 0.475801844735161 0.428892097781836 0.425006659714171 0.435764052560865 0.429707409901072 0.444906700096964 0.452767282676075 0.41313269009971 0.365481889961822 0.432748205681576 0.43121226902441 0.481480566608611 0.425983326511769 0.386076965468833 0.484725363486247 0.401769886425922 0.366267875574692 0.394664565792213 0.426553841867607 0.387255164074386 0.363753851842903 0.341376216521865 0.446874710120809 0.377049950967272 0.485777254135185 0.34572107822767 0.381690063558691 0.357128001026849 0.394402654264561 0.451819765539979 0.493433989673116 0.433940224335987 0.455380907687864 0.429626464164683 0.442550001643556 0.418251990909759 0.413859244542733 0.450150447948154 0.456540440345873 0.343075032957693 0.379048140646962 0.386591166263163 0.458220000209657 0.412786939427723 0.4233346138079 0.421643412974353 0.468984375671405 0.419931979530828 0.46631055974869 0.382151149517038
"nrsimhapurana_pu" 0.361565351004039 0.365213834090799 0.408846407299682 0.342990742936354 0.327522673124886 0.400312746824032 0.354125322940904 0.372368768415719 0.35912994883402 0.366468378534536 0.417177005644602 0.318165760156686 0.351739659909323 0.348139292536752 0.299148089047692 0.392444101912681 0.297840726439369 0.364571402989061 0.318804518925893 0.219992210628325 0.407990377064321 0.292704894188139 0.349350006421364 0.349566995622827 0.359874596477639 0.394572951131636 0.299802116783374 0.314944093296391 0.379304422799686 0.378233645107802 0.270208800443912 0.305955469283706 0.545353443478194 0.314914087219861 0.338274421457162 0.306167723362173 0.356606854204678 0.273061087634042 0.349523332498675 0.324122514700848 0.253296560422488 0.342012736787182 0.306835981587548 0.362387790534672 0.392469289252114 0.363086694773558 0.365496069652771 0.336531975253314 0.34938137941194 0.37753414814426 0.418148790522635 0.280289392216201 0.282259755302215 0.359236547552925 0.351030144993133 0.295831256561587 0.367106274893456 0.413607759420908 0.509830650806695 0.441580610591552 0.305624053769999 0.432392300370134 0.322828607510893 0.289498586909747 0.288755437119983 0.327800128689273 0.32674762565544 0.374178508054006 0 0.344572749595448 0.441192727231099 0.305806947685381 0.29434298743569 0.310307679302407 0.316627253124043 0.329888871329232 0.338981180031159 0.276971555614736 0.316149538610342 0.430226142858338 0.388965278638985 0.445080423352317 0.427613462491626 0.330565983538096 0.462010567399688 0.343697149445975 0.309968168102405 0.357018715540349 0.409755372544095 0.345255300518912 0.32319795098507 0.276212647558192 0.407666807559986 0.33630557442591 0.4564603202046 0.295107419528078 0.335567992521734 0.285503395238928 0.366837231229054 0.428856381808163 0.469625614673199 0.392249475737833 0.476559605456784 0.419495459006412 0.429002594858948 0.405893200150044 0.369588251248105 0.426158930986661 0.445949182149584 0.313764029004992 0.345134472321474 0.26308785167016 0.390308001745751 0.340733060730608 0.383965410099364 0.381358169932153 0.419835707790147 0.346217808717628 0.40811735180017 0.300125687627055
"padmapurana_a" 0.364755816032774 0.399747214261246 0.445024324228164 0.405430486913682 0.39522553969657 0.430537391627778 0.390515327788281 0.396689661871062 0.384811756378614 0.40304966631554 0.46516404678075 0.386935521937961 0.416520275315365 0.415330070816567 0.309731847218658 0.414576677970935 0.334025100362145 0.356691059864995 0.333916907562105 0.336227215102249 0.414324010749168 0.318290580533314 0.370968572410414 0.353686621277698 0.369541147223694 0.424407723831932 0.390415874131318 0.430436028494188 0.44955178544009 0.431039739117619 0.377506906123698 0.333170046171369 0.574127666411222 0.349188613710619 0.354235933853554 0.33641201798532 0.375981165661606 0.396171381669316 0.436520148721213 0.432154584681149 0.381687671850767 0.450448759137715 0.421314958596001 0.451696057172289 0.467019488436645 0.453126441696474 0.455070636164018 0.439933318619044 0.441622962625095 0.464583875444825 0.485860974878974 0.39513400535974 0.386505533333263 0.422032520911505 0.426921363467743 0.414796582104957 0.472278734525944 0.494421905233438 0.588390605260001 0.519317034473358 0.349912639691604 0.461248323269911 0.398515844302383 0.342669530275587 0.304446276351541 0.312968098976803 0.345429136728753 0.409154114366458 0.344572749595448 0 0.413675748363831 0.422336245687923 0.415697786092244 0.424572050287846 0.426853402193187 0.428808436796468 0.441452682914014 0.402583627463862 0.327430793459687 0.416646105952568 0.381780282758353 0.292407013647412 0.466999134517182 0.350774439404487 0.334600231418743 0.401288020229057 0.331855794757903 0.353586722675119 0.388334198510154 0.384447433156493 0.323017569503117 0.348332015601468 0.416476496527693 0.363810376786757 0.485981222066975 0.346960169225633 0.385347526535614 0.329664212619732 0.394781735432679 0.448026242200874 0.490833107183887 0.430186849598125 0.46816179900923 0.427967065344719 0.461805494071335 0.417555025778472 0.416841428508982 0.433615193673031 0.450401674489108 0.336785158198638 0.370756658119931 0.364635720524837 0.464963261630148 0.379905940609141 0.414474927822634 0.396966597092498 0.410323405293026 0.376887930545044 0.426154640060047 0.322112944648298
"pranavakalpa" 0.412912275670758 0.435920635491997 0.446533837617426 0.436094633384368 0.438377379087482 0.442548909322039 0.422175425028926 0.422204328303358 0.425709377313879 0.441176678252729 0.473378109851796 0.449479152771365 0.439892060087033 0.448971153926831 0.407918918878275 0.427885955194704 0.401062439745414 0.394438615004999 0.390274906043717 0.434151501243773 0.410562134499025 0.417873135232873 0.415990485160759 0.403314449369747 0.426136196178007 0.442175210921999 0.466461895659465 0.48490628524696 0.480282754600969 0.485856054039185 0.452661538574267 0.407116069587095 0.595152703156539 0.39804963638625 0.399867543642869 0.390512761704627 0.40808145047047 0.46825350711481 0.492019377405253 0.492239985415691 0.463328684081965 0.499607947809165 0.478494766898119 0.502074873019164 0.52124504026469 0.506065261397672 0.50824235858117 0.504303210074997 0.498166871503368 0.516092326893867 0.491881317461328 0.439747767045299 0.45547404720266 0.469802006216709 0.489325517409774 0.468198323323695 0.523622246402391 0.531458776839942 0.620488821051102 0.56319563046403 0.407350090742239 0.499712448989907 0.455094786545304 0.408969655903191 0.393700743121549 0.373327200184834 0.434168306151886 0.475801844735161 0.441192727231099 0.413675748363831 0 0.49220362994212 0.487990420474452 0.491350998021794 0.485115056419664 0.494559480293012 0.500697000427779 0.483856960687151 0.3827029295693 0.458957804980645 0.418046283190322 0.452358253196562 0.509692069075629 0.427737264150915 0.455157362736775 0.443096281113523 0.398656363343465 0.372621843623667 0.416584979245404 0.442772526699788 0.358741820375565 0.446935916610018 0.390181412689693 0.431784725965376 0.465245545844977 0.415551070849642 0.439883833059189 0.419770756739659 0.419208760589572 0.444276672801688 0.470785601156711 0.439705355088161 0.50077083021113 0.437716038256966 0.472279852106364 0.445929993548723 0.455323403375098 0.427628711580418 0.490798254459662 0.436428342708471 0.404510960105877 0.432529221086833 0.519128210305478 0.417043129128147 0.446961840063155 0.448728621867002 0.453002870179747 0.445082599336369 0.445800414178037 0.392885005100861
"ramayana_01-balakanda" 0.434544716813234 0.410210551384304 0.460670094533869 0.393625677020084 0.376206288498921 0.446758678358312 0.41251110859455 0.43459653795655 0.417349939641299 0.393150821793971 0.466924484089538 0.368900502727785 0.416536866504084 0.403556159800365 0.390248556536177 0.418423966782923 0.342398119924264 0.419342539987905 0.368998920256353 0.296278026866916 0.46701711602855 0.381041988638091 0.42174189562829 0.43216456514177 0.442233023285435 0.474252591758511 0.320529428285702 0.363383213381614 0.395148125998716 0.372999600057311 0.284381542624373 0.386057949000427 0.586130898979084 0.38368959949177 0.41794750145231 0.372490305437874 0.4275043165748 0.274155010905792 0.353226086658003 0.32300919906304 0.26858529582241 0.339230151500982 0.3179666730235 0.362587989095573 0.384988482211316 0.364650622138361 0.373403822922585 0.325645713734897 0.351263415145264 0.388175305601493 0.436709439222107 0.318861419402591 0.312300200282801 0.403806231270156 0.404327397293109 0.319008383663971 0.351348569440694 0.408287421163904 0.495296871823881 0.438357701766408 0.385360800354002 0.475657527357572 0.378256260386414 0.370370961185527 0.354645395431915 0.416904072346301 0.410953735795625 0.428892097781836 0.305806947685381 0.422336245687923 0.49220362994212 0 0.279435687043112 0.305992594997917 0.304990111472009 0.322272349991892 0.320982410634001 0.252930882605572 0.390566089711108 0.485379207260259 0.448837141075157 0.489539930418048 0.478411085733558 0.396807720892528 0.501534233319265 0.408430250011236 0.383180504287593 0.415859275764245 0.472392218621523 0.411809358203424 0.411430803842082 0.354509446612445 0.465191833233241 0.37958314416389 0.496066447916005 0.342560296596953 0.391404419442924 0.352242592053412 0.394049155602299 0.458432102794721 0.51519009601308 0.429765013189588 0.490990695554287 0.445241550229352 0.443128303410622 0.445117169865262 0.376108922732607 0.457181561361363 0.495236380435353 0.400633970442295 0.384417556866044 0.349797851019145 0.449720370280462 0.396139227531737 0.435011805478765 0.440106992884213 0.452694566280598 0.413498654283905 0.469458735094909 0.374771477110331
"ramayana_02-ayodhyakanda_a" 0.420723454544323 0.386942237994896 0.453664374671844 0.371382411998144 0.351700483270061 0.42780279109121 0.398022104060209 0.416725757384851 0.410000081167253 0.389989157047903 0.432342359320891 0.341523639216616 0.386754797559567 0.392951413774692 0.377731503008784 0.424834336737281 0.348744209908454 0.41721755397465 0.370838118375105 0.292699750476263 0.458564168808605 0.363697341030049 0.411067122676547 0.417850608154952 0.415313742321644 0.460895636431545 0.310874337714603 0.373081696028012 0.4067224224793 0.399179646552299 0.28575418322913 0.377690157272727 0.577055351005715 0.393172302801324 0.410005534635445 0.381081293486646 0.432052442118876 0.261701159005715 0.380419147618663 0.301387554231442 0.242374263722213 0.310888461350652 0.28093915795155 0.351292349007121 0.393281176150073 0.349830543100889 0.356280601389402 0.330443369083061 0.336517295175466 0.346845698939357 0.435177520991119 0.284998799267791 0.296504741130792 0.369479133145862 0.393029349941294 0.296069455765073 0.336751467842218 0.39974697134124 0.493874179301427 0.438927592387355 0.358570846609289 0.473887066572287 0.363918177537154 0.347654486555303 0.347248202546533 0.403919744257599 0.374851746731379 0.425006659714171 0.29434298743569 0.415697786092244 0.487990420474452 0.279435687043112 0 0.255376791283789 0.271335961675369 0.281762003886273 0.30620929772888 0.265983368644375 0.400565724046529 0.47866554151526 0.426003816742309 0.489130137185974 0.473404395075394 0.39667279166592 0.508792833955675 0.415879652437755 0.372731505107839 0.408501421421488 0.466170340134608 0.409635206756082 0.389891709685106 0.357083151250075 0.461426077227248 0.377135469760037 0.489847169822089 0.341993105627917 0.407741204820263 0.353474550086098 0.400579692920253 0.460817384724665 0.50015221020884 0.435722473253628 0.492979891467491 0.448499436714791 0.459288944561524 0.441418075882844 0.395608787629521 0.459057064835737 0.494608303163724 0.394555695355293 0.388218784753579 0.33257849093953 0.454440357031827 0.402494455354232 0.434089358543362 0.431290389649599 0.454599072704642 0.405554788788159 0.455784997580779 0.3693378230595
"ramayana_03-aranyakanda_a" 0.425325383893315 0.409443630592395 0.45728185098365 0.388292347105222 0.375110020947906 0.434972241747374 0.413308222315424 0.429018855958556 0.416341988377174 0.416976067683744 0.448906187629199 0.364175071516767 0.407215834555344 0.413365372332185 0.396815257176624 0.444605263896428 0.372359071391558 0.418823012837385 0.387773554527547 0.323213505494809 0.47350336911124 0.388448526708569 0.419319944061681 0.429152878399222 0.435374893231563 0.471222098660894 0.330944016899523 0.370589835985304 0.407635054929007 0.378596362007538 0.297405457387178 0.391405046135503 0.593302670283245 0.403750060849434 0.42329275157189 0.394715280846686 0.43556063521893 0.310313919226558 0.376238605806662 0.351092556504247 0.282016786449505 0.337708147865398 0.337512492107474 0.358637647079263 0.42006137442881 0.354124948282451 0.363551750542802 0.344034403936195 0.355308546191775 0.373811589554825 0.460792204996082 0.33654653655104 0.341985922771647 0.403007859776594 0.423490209609958 0.343633401156418 0.396581887213474 0.420113082461466 0.522399996095758 0.463971455915446 0.393625438932229 0.467524739441316 0.392684157704156 0.37856648915329 0.361639091653459 0.413427162325497 0.401327498276922 0.435764052560865 0.310307679302407 0.424572050287846 0.491350998021794 0.305992594997917 0.255376791283789 0 0.259324079160074 0.243850429040723 0.248354418030846 0.262355938363142 0.411038353098624 0.485490091461114 0.440098681167873 0.496152247485081 0.484647043183436 0.407430824372224 0.512259293998172 0.42400969460907 0.394818832990347 0.420789980871892 0.477017316707887 0.408176607526345 0.40112815346239 0.375075500386109 0.466703742836089 0.393980337167821 0.497769564585827 0.349534746772582 0.417811878176928 0.361390144497463 0.421061460457251 0.477668242507313 0.510500080010916 0.451669569241837 0.492478298908687 0.458837866924722 0.464560093959664 0.461599097078368 0.423483764718495 0.470444474947196 0.509397474962887 0.406493735942134 0.409692370777494 0.359992378944178 0.449997915164348 0.420755247416598 0.449846265313911 0.457917389860957 0.474849048930077 0.403228427421792 0.476213182087004 0.389574319055831
"ramayana_04-kiskindhakanda" 0.425974423256206 0.409581422176963 0.452365442331173 0.388325954168182 0.375731386198898 0.432631551398516 0.411368701678891 0.428278555841337 0.409012765628583 0.408613531909403 0.445425490827914 0.361007836211233 0.404324934806712 0.409722660294613 0.395504840568773 0.41988589642491 0.359150775847289 0.409937242014287 0.369937731484442 0.307573355096776 0.468934160208226 0.388098366617798 0.414472709469238 0.426888702400308 0.43680938035999 0.466438282205 0.314248600672074 0.368575804381015 0.395875736070871 0.356295844977713 0.279424450303039 0.391199941470959 0.587490983943157 0.392092574912973 0.420375050862793 0.376154746465584 0.431360376144617 0.29878591152573 0.356074498765557 0.329437619164874 0.271983947233216 0.33082850330074 0.318190381554231 0.34844085164854 0.40101581956769 0.347987159586333 0.356410660654779 0.33069869246833 0.342230534679434 0.365277478353863 0.452476360039202 0.319367080677748 0.324875120596539 0.391359591516891 0.405908913922938 0.323704666298782 0.379365417621647 0.406162053507745 0.507727296125937 0.452289173166485 0.385448869717651 0.473024361079204 0.39153463171208 0.373459055198698 0.348891071426854 0.411077052186487 0.406128579553713 0.429707409901072 0.316627253124043 0.426853402193187 0.485115056419664 0.304990111472009 0.271335961675369 0.259324079160074 0 0.246890771450537 0.253122951158529 0.26716257586696 0.399814244401462 0.473336237429487 0.425091716659053 0.489792062868878 0.485732715166838 0.403655554204768 0.500286328709325 0.415871296178569 0.384231059519246 0.412983140832209 0.480198120231818 0.410849363476539 0.402764829776193 0.366886743381397 0.461807823884441 0.385583026817949 0.487157228974731 0.334789670467532 0.407315210295857 0.360236133868599 0.399049844020463 0.45789035785472 0.501788574271338 0.434535107117886 0.463985066396968 0.437837198131197 0.453930207802717 0.452759008904043 0.408737702290443 0.450213488632235 0.506713827435233 0.40521176376796 0.388147679574626 0.353077951914762 0.451504245688533 0.406932674100858 0.42789947601336 0.448487982851806 0.471538880077042 0.402142705641263 0.465768986876399 0.38174337641853
"ramayana_05-sundarakanda" 0.431532757161965 0.417154739942478 0.464655464649058 0.38935898921645 0.377925839004286 0.436107661614497 0.419974497994133 0.440487991585026 0.414633101737166 0.419824570942157 0.44252192244016 0.359763096524841 0.407317983681259 0.417784636813085 0.405999965119625 0.446041914835811 0.379499062896581 0.409887481868495 0.389162634109514 0.331360903982827 0.475333604840332 0.395263470247441 0.419381113222578 0.433669362909243 0.449770217206222 0.473388480850656 0.331195017468435 0.386286891621453 0.409986758367639 0.365844322962688 0.298680162059682 0.398125590616486 0.596791341614955 0.412886426869687 0.441090335741671 0.398073728956465 0.440967712646226 0.317258943895449 0.373035125808918 0.351785338925764 0.290424585757502 0.341058123653645 0.34140923936689 0.366020363636879 0.423977417142256 0.35833765999455 0.367850232458677 0.351192469315949 0.357207011283036 0.371501029658082 0.467523779306561 0.345503504321387 0.352383505014958 0.40701768722291 0.42633193719859 0.351437748532379 0.395608550680381 0.426744428435446 0.528286186023543 0.467795212017377 0.39683499388543 0.469032787311925 0.406058292128658 0.384877471184126 0.363681907556847 0.416018801934364 0.41065640839801 0.444906700096964 0.329888871329232 0.428808436796468 0.494559480293012 0.322272349991892 0.281762003886273 0.243850429040723 0.246890771450537 0 0.246461592251181 0.281054183685074 0.418885670968576 0.484216585736289 0.437236790465527 0.493744565754972 0.498365663337586 0.415762681287464 0.507825487221104 0.43457954636791 0.398838381747849 0.42710253375085 0.489580003010715 0.424271945085168 0.406216637554003 0.391207923271 0.471547128669999 0.402081184348979 0.50524300725941 0.355365563828099 0.434601134639417 0.373821077763125 0.423659597996755 0.477188864081612 0.519489500023623 0.452572973132495 0.478308387119582 0.46339331519683 0.464949027076086 0.467583535150759 0.427462526969757 0.470661208821077 0.523629701059322 0.422858389865634 0.41202756023416 0.364861275884517 0.460473084916199 0.426207348997069 0.454655010805265 0.458675288163578 0.475616259350978 0.404209040647614 0.47801043136262 0.395191517988088
"ramayana_06-yuddhakanda" 0.433079823505269 0.42315376077947 0.469051636656167 0.397954384424937 0.387584845298551 0.446803867693528 0.42124682708372 0.441036174931291 0.410410936822861 0.426257071433891 0.466799215484739 0.364619468674643 0.418184160340178 0.422587714886966 0.414922250357227 0.443891841408964 0.38145228976991 0.415904914068519 0.390924706899132 0.336744234095309 0.487703841959262 0.413370121794021 0.43090989265052 0.433998223725265 0.456715327344484 0.48305537139165 0.33826599611459 0.362295560876596 0.400063611970532 0.327872588511041 0.291413059709823 0.411542978747736 0.598965222300399 0.409800586704069 0.438255196584815 0.392787187818189 0.443847232197315 0.325722152627364 0.356185830369544 0.348208432022041 0.294472391498273 0.333878558982779 0.340257412583944 0.313994131727941 0.419093174694374 0.304134496682763 0.316861649308329 0.309060416782622 0.345515737221314 0.37576390545276 0.47600235001011 0.351690950917515 0.357486484681502 0.423343339774397 0.431690255724621 0.34682006358558 0.399962489269812 0.414608334133668 0.52527771075015 0.464597147864037 0.414724176011057 0.461420474797672 0.417929229299817 0.399397528506746 0.369342246979196 0.423513963035503 0.436139251708547 0.452767282676075 0.338981180031159 0.441452682914014 0.500697000427779 0.320982410634001 0.30620929772888 0.248354418030846 0.253122951158529 0.246461592251181 0 0.260102572435092 0.417006584386179 0.487255509053857 0.444701725280746 0.499703393149437 0.507762608952412 0.42177506070737 0.513132507717241 0.428747605443698 0.406538843841717 0.430314427715398 0.487508463483364 0.41268319013045 0.421944077137045 0.394238866692457 0.475510374630347 0.408482016276827 0.502330141379597 0.340820758261919 0.434220676768702 0.370416366295476 0.425704235209423 0.480246724614009 0.522681013645438 0.454981181310699 0.48562263946793 0.459888195717687 0.468401604148028 0.476961844679547 0.429851116792395 0.470594376587094 0.523469420223891 0.427255200785215 0.414847430795028 0.380242110979098 0.469168221882358 0.428558700442993 0.455625965218321 0.467233083800005 0.484734014140938 0.408863022738677 0.486896304492198 0.401979976054862
"ramayana_07-uttarakanda" 0.419966126804075 0.389573093314074 0.445218042299209 0.371876308857499 0.356974293588539 0.430306807413123 0.391920158612104 0.411503051157353 0.392123859945436 0.389316488616713 0.443705362508103 0.346317574024159 0.393530996923492 0.388123641513808 0.370347985589442 0.407639549754573 0.33135354408296 0.400954633551627 0.353716400002021 0.27495151146863 0.457025805231504 0.364418038211303 0.405682200557196 0.419038450757103 0.421700154610233 0.451584407645271 0.30219645101838 0.333831779086874 0.384107839879055 0.360761519836991 0.255785332128202 0.365075327052699 0.581945002760388 0.366921006377161 0.399412763274927 0.354604712673445 0.417898280115303 0.264459298965914 0.342999431362493 0.311515801408417 0.240189114070889 0.321323718194111 0.296225123938145 0.338199482721243 0.3814595101884 0.334918508223767 0.34446166833492 0.306275181695393 0.331678059846856 0.370605423983103 0.433594546691057 0.299643165417368 0.298886556847942 0.382060506939854 0.392939097477529 0.296349851150731 0.353317236715724 0.397362943625532 0.501203474773418 0.433391690828688 0.36764167222668 0.455819664277568 0.361955336810759 0.349590312228264 0.331830045317628 0.400974480633416 0.386564471712828 0.41313269009971 0.276971555614736 0.402583627463862 0.483856960687151 0.252930882605572 0.265983368644375 0.262355938363142 0.26716257586696 0.281054183685074 0.260102572435092 0 0.374736791060135 0.471318604189974 0.434841875961671 0.476241716143567 0.468967521002586 0.374303703073665 0.491597110616005 0.391835162067511 0.363402512354499 0.399753763068065 0.458159840811852 0.385127080344821 0.396298624471847 0.339970385162063 0.452991433613288 0.36275054819045 0.475320326593906 0.309747995474593 0.379829515103862 0.32912339802053 0.386137713180404 0.447615411325039 0.49859684265537 0.41555306970063 0.48195760124032 0.433705497228266 0.439732851955094 0.439798999579165 0.377647423867676 0.445175258734301 0.489779986690155 0.380904527554182 0.372782355840022 0.331591180411746 0.433137045963823 0.382069153203924 0.426432401427874 0.433845202582871 0.452707082790363 0.387910082927352 0.455343129933011 0.360791637320406
"saurapurana" 0.335308676862306 0.380982046799115 0.417992198036784 0.394445278333563 0.382086640877659 0.433112962767175 0.352269636420493 0.36494520841397 0.352580216041415 0.373517347984367 0.461925515430591 0.379324834998324 0.390814641057534 0.38854465711681 0.255950332602758 0.34480076476042 0.275781661602214 0.299590480075355 0.270057902258732 0.284493542219702 0.364927485682415 0.262406398592614 0.296789938602632 0.30349181687565 0.324612541361751 0.366281236129235 0.358743246782678 0.387921999192602 0.40123639542179 0.39276906464629 0.341191825529446 0.28669202236955 0.547486144452172 0.244977884918945 0.285378316884012 0.222015275319817 0.28763938730313 0.365175755687313 0.405472589750093 0.399308243822442 0.351441701731303 0.416624328131997 0.386496923727121 0.416719888800075 0.445525563570602 0.42158709049903 0.424929469068881 0.404681700142205 0.414243137272688 0.436797530871729 0.4580886571078 0.345580765571494 0.342221401927004 0.387823977673395 0.389075510977827 0.376071778990645 0.439437123526086 0.469652061835526 0.561533322624527 0.492584886318442 0.306117191733782 0.417472742946716 0.359464041915323 0.297863082479391 0.246538984208951 0.268909560624673 0.318677004233699 0.365481889961822 0.316149538610342 0.327430793459687 0.3827029295693 0.390566089711108 0.400565724046529 0.411038353098624 0.399814244401462 0.418885670968576 0.417006584386179 0.374736791060135 0 0.376879183615133 0.365887325581942 0.38505730918644 0.425015057335343 0.281503406314397 0.384236775497918 0.328552358662486 0.263298614871357 0.273170224390255 0.34480760390683 0.329913706919836 0.267345110894952 0.304277516496891 0.321703908932639 0.300771694471 0.419542703933019 0.278183421038141 0.313665623828052 0.27547956879186 0.327239488108394 0.391839433941975 0.43963921571855 0.343472408980179 0.43539456345365 0.371941043319068 0.396464159556812 0.365383625922025 0.355767802702147 0.368136097062305 0.410114169635196 0.293536065271941 0.295273032166923 0.331790712847573 0.440423438329461 0.324945239093952 0.361216207887846 0.367265724404199 0.411634473928219 0.357955141637699 0.389141494617842 0.291300463030457
"sivadharmasastra" 0.386513782656308 0.466568980896494 0.483741935660907 0.464160271446429 0.460211557545519 0.487557711530773 0.4475745196158 0.447644620092972 0.443345492841177 0.459776164308753 0.519480322413636 0.46232173077433 0.462907823557967 0.468847788265582 0.368298117174838 0.437339733576624 0.405956485881153 0.405331433888716 0.397037209158546 0.416564632598571 0.44167781015278 0.419624307386109 0.367203434523252 0.379364423934459 0.404766259018571 0.464739666846031 0.461252865884861 0.477406709135981 0.467653125056196 0.473269144579815 0.44581931071863 0.390772172174967 0.572393840354616 0.397728425962477 0.38182260670091 0.372087651604125 0.389454621892754 0.466002047028506 0.484341656317935 0.487117106202134 0.452355163258115 0.494582230183866 0.473021349728715 0.494260101793344 0.513516307541485 0.498160969329852 0.50128970245847 0.491297241622513 0.490242066442025 0.506529291681748 0.523430882396778 0.441278643247466 0.436110276688599 0.442138491603384 0.439218084990737 0.472152473892904 0.516700961294863 0.53714917246636 0.610369142278415 0.547573205054155 0.405486479881758 0.496165097347267 0.454885173801257 0.406559265753905 0.366305039452952 0.359678139540413 0.415687580907585 0.432748205681576 0.430226142858338 0.416646105952568 0.458957804980645 0.485379207260259 0.47866554151526 0.485490091461114 0.473336237429487 0.484216585736289 0.487255509053857 0.471318604189974 0.376879183615133 0 0.354473552596224 0.4595821259034 0.476396921220072 0.432217650143097 0.452986158379238 0.447775311157628 0.391432890788015 0.374182798372818 0.39808086132677 0.405669369872776 0.382940645167941 0.405198472829136 0.42775183351175 0.406843273423834 0.479822709323537 0.39964893876638 0.424392099435105 0.409433908651288 0.420288624711583 0.462252391092347 0.476332004252667 0.439386816882113 0.472003545728174 0.441301480332391 0.484502900013765 0.419660166235558 0.459931179191686 0.445221283875109 0.482586009105866 0.401100223495176 0.402986295279481 0.414305577077805 0.519561832653491 0.446362486974677 0.448768701293643 0.44197899612289 0.49163394824149 0.464671920923528 0.468221463734031 0.416604083447087
"sivadharmottara" 0.351780464468687 0.422335713430616 0.453754860750668 0.410600229287125 0.404760813135851 0.443577475327659 0.411040910518399 0.415439409414393 0.41977068537588 0.434385368146403 0.46487999002212 0.41078305734098 0.398708424658458 0.420592961350561 0.358212997924488 0.403449905552845 0.380000179338134 0.385558167623732 0.365460362486282 0.358007385305696 0.414223821258994 0.387740596842429 0.35091709394017 0.356865092696951 0.361600310794735 0.44707733048402 0.410677100259722 0.449480143393079 0.420236828199217 0.427271726248446 0.390465200765857 0.376918395295168 0.559898015616491 0.390830917675433 0.365643698962342 0.353693258493685 0.379827118521562 0.410985021694578 0.447608797370367 0.432130767905596 0.396258367966013 0.438920378141377 0.416330503852185 0.431911123321056 0.469314361862186 0.439381848416955 0.439804474242003 0.439854966646265 0.436103125631545 0.440858699134162 0.464746434541086 0.369993913708456 0.38037633017038 0.38082975664189 0.392383350630192 0.406377816322744 0.469325824956952 0.487998602665449 0.583457978876415 0.511947596878438 0.365287939706599 0.491381678513818 0.428514406189365 0.372140546044235 0.330468795039759 0.335793591945979 0.39887029841767 0.43121226902441 0.388965278638985 0.381780282758353 0.418046283190322 0.448837141075157 0.426003816742309 0.440098681167873 0.425091716659053 0.437236790465527 0.444701725280746 0.434841875961671 0.365887325581942 0.354473552596224 0 0.431611677226773 0.480657113236652 0.422566258667449 0.450198252684175 0.438251739356929 0.348925320195317 0.349739359083866 0.389730715317665 0.398881385084752 0.356310247024516 0.370754605916778 0.393899121463548 0.408318205826781 0.438053481251317 0.373711628305967 0.418137720304912 0.396372304690505 0.383004877569308 0.425218122750668 0.448282809780523 0.422118445480317 0.454371328486869 0.407640901694334 0.454237573520167 0.396873472512177 0.43570786846523 0.407460040286754 0.479063279043169 0.392909227635142 0.368849501408392 0.368604173057567 0.488147534864454 0.412062331187761 0.417097664728659 0.412180339764784 0.4653707590405 0.439483276647646 0.422191171808357 0.37920759134078
"sivapurana_dharmasamhita" 0.439652017805502 0.4597198004141 0.49435834017312 0.471030009876621 0.463649570451969 0.481555812681611 0.442197555553014 0.446868076431716 0.442380628726011 0.449046566627021 0.527533440963818 0.467389082564612 0.483170278010012 0.483523068851178 0.369976501989541 0.426989360603319 0.375798351023271 0.395008492674798 0.368486897308107 0.423848262597109 0.47461985842198 0.378434063167103 0.4295734387513 0.41783195345088 0.434996067892232 0.484076432474942 0.461288651032393 0.498908757061605 0.487807489233747 0.469842146366505 0.440234425029057 0.412223367327393 0.628877102671823 0.405374005067076 0.426199836142667 0.383580832251048 0.436366268795025 0.462532070914475 0.49390234104433 0.491997957941845 0.455300930153913 0.505586303361731 0.482926197195726 0.500199764058766 0.513778935286531 0.501526120824371 0.505571266842437 0.49486558235768 0.49647604504314 0.518271049380105 0.530899232701652 0.455743183734514 0.450729898312437 0.478993463868364 0.502600072216675 0.47568382325662 0.523270804940778 0.542558077077898 0.62934497334906 0.567123796354941 0.403436501958601 0.499585748697221 0.455283079450503 0.401897437000008 0.370413543264896 0.386221003874049 0.430721593511068 0.481480566608611 0.445080423352317 0.292407013647412 0.452358253196562 0.489539930418048 0.489130137185974 0.496152247485081 0.489792062868878 0.493744565754972 0.499703393149437 0.476241716143567 0.38505730918644 0.4595821259034 0.431611677226773 0 0.536195195867294 0.400545327477241 0.218031412732665 0.461743677751735 0.372309239670518 0.384814137600739 0.433383149788642 0.441884103055968 0.402149229112001 0.44883008223636 0.448394144606082 0.422199539719208 0.509824994057683 0.402399689477586 0.45387670492307 0.411869443765029 0.419177012387543 0.465685590223513 0.52133101338106 0.458826490416858 0.496757910481684 0.453088211088791 0.475616053580502 0.457091673655985 0.446886217712194 0.454086440868427 0.520775363727875 0.4365706823174 0.401343258192575 0.448643964689001 0.532177136001444 0.427343854790663 0.453257778831611 0.436309267739961 0.435233346308779 0.441772716544187 0.45990147276595 0.37495484360636
"sivapurana_karvanamahatmya_au" 0.464893635686167 0.47778552617976 0.507126345414206 0.493403667661921 0.48732109151493 0.528516435180218 0.475327933951713 0.480678532547986 0.484035471187824 0.487070281037058 0.521056189434317 0.482958693902986 0.48983888034298 0.49329936619519 0.415850972446361 0.474887385190969 0.437795730762279 0.463216646497397 0.441376852103779 0.416590820546107 0.468131463237558 0.415132982732051 0.427964028941183 0.452166538127311 0.440642751861742 0.469594484082079 0.460509574267624 0.489333399419366 0.502531313983778 0.511269139808219 0.461247066481829 0.416247678216103 0.564192696684829 0.431337309867156 0.425454698483282 0.429169011129302 0.441762080371713 0.458823309710116 0.507379650634574 0.489750949390363 0.45174012343056 0.496611502587941 0.475510828137562 0.5110507920314 0.507924029246438 0.51585148312948 0.514941673240418 0.490725482867692 0.497660029960341 0.50353000952599 0.517009429887117 0.45133701047486 0.44242368037526 0.45632469533272 0.460913859457551 0.463774049955423 0.502546197557317 0.52564116134649 0.581489882313427 0.533024241556867 0.429640475717108 0.510513059732398 0.448763682558295 0.424856022038753 0.415425434493703 0.439780408930059 0.431552042288018 0.425983326511769 0.427613462491626 0.466999134517182 0.509692069075629 0.478411085733558 0.473404395075394 0.484647043183436 0.485732715166838 0.498365663337586 0.507762608952412 0.468967521002586 0.425015057335343 0.476396921220072 0.480657113236652 0.536195195867294 0 0.437306037939551 0.528935299341185 0.444446423202899 0.431517029367555 0.442301388559197 0.463527886861686 0.434710267282118 0.427403842338093 0.39083764444614 0.466901887975839 0.432978911666116 0.499301485233965 0.421737875133267 0.410608711000559 0.425569371263932 0.461963690221943 0.492657422466697 0.507166374915773 0.47371773922034 0.52637836672702 0.48587574377106 0.499183889175767 0.45902139001114 0.474560565441711 0.488235708406657 0.48970316717821 0.391833385702727 0.445861244407411 0.436351441844704 0.511971422524615 0.45816093218301 0.480532160590407 0.477228639090943 0.528586204540896 0.473128051151287 0.496498815717695 0.447828834403203
"sivapurana_rudrasamhita" 0.384422026846988 0.411790582007194 0.455618434061928 0.419580165112943 0.404065993382636 0.462320080057026 0.381038238720718 0.397076987699263 0.379715399318392 0.397851849521236 0.47114741886577 0.397474216552738 0.428943833103465 0.436439022104732 0.278481637029428 0.386116528421982 0.305716243967243 0.332031440600973 0.309711226981263 0.320577454024134 0.394264930279793 0.229709590736838 0.33732889108055 0.364078564497394 0.363928136941935 0.364993280320429 0.355536306693191 0.392275327787294 0.438664368595207 0.41577930807863 0.35918107593649 0.288554534098622 0.573103259257337 0.317979155514124 0.361551621529531 0.299382469386417 0.334173985763217 0.370392112879399 0.420182262803321 0.410983645037416 0.364837499637009 0.424026824051486 0.397891785204009 0.430231026476944 0.455974203416948 0.434395892070302 0.434639869110945 0.410700252419807 0.422640387914923 0.452193206876814 0.476042824980058 0.378108936629416 0.377491800918995 0.415821300812559 0.435775310314495 0.389327627732485 0.44235922555463 0.473577438664138 0.557480792987709 0.500541257411437 0.333616903230458 0.410099880519571 0.364645941349562 0.31846783017789 0.304791442809336 0.331582428390874 0.326964585263135 0.386076965468833 0.330565983538096 0.350774439404487 0.427737264150915 0.396807720892528 0.39667279166592 0.407430824372224 0.403655554204768 0.415762681287464 0.42177506070737 0.374303703073665 0.281503406314397 0.432217650143097 0.422566258667449 0.400545327477241 0.437306037939551 0 0.410537018720014 0.295279607153823 0.281058430215991 0.301791387155285 0.366796958374864 0.336711695920239 0.316294137756701 0.344842750736286 0.375295137986375 0.320129554533371 0.458751949210805 0.298134590287965 0.346466781787788 0.28337644296443 0.371268392984238 0.427086005292614 0.473382582336927 0.387201398346608 0.463712658888725 0.417455307921955 0.423811969794906 0.404612293565069 0.377452887941976 0.418177606147768 0.431786701296886 0.325781026065299 0.346271956050029 0.369946305413879 0.451300001713505 0.348617447174613 0.397937764126742 0.398682986384967 0.43144195180646 0.351737359762154 0.423424722175404 0.31701083325913
"sivapurana_sanatkumarasamhita" 0.462150279632464 0.485661215137108 0.506406629591954 0.487945640774488 0.488096223287846 0.488897809451924 0.466696159778434 0.470425036878256 0.458979002988134 0.479043891666343 0.538284347025362 0.49134156583182 0.500327401728216 0.492785770748687 0.392459078286941 0.429713297415575 0.40210699922827 0.405346543970936 0.38892411388089 0.442018080178221 0.474117159574265 0.403833355718885 0.432441535680066 0.434936018233183 0.460852166184152 0.489050188611176 0.478056006838157 0.50817622455012 0.48191998210228 0.475153136602264 0.464512207433403 0.430326351221182 0.628015525344133 0.398759169280278 0.419702020187154 0.37436867857488 0.426337940768493 0.485328216627191 0.499585065952294 0.510287931649103 0.475464130013248 0.521920892814413 0.504156642556535 0.513688682298567 0.528996935119815 0.520728007369678 0.523675279152409 0.51330695179393 0.515717916637439 0.536727534699514 0.527645951048012 0.468762317208616 0.469149191618204 0.480457691806146 0.503683368455078 0.489828993127176 0.538244308288213 0.559559141734092 0.635263175956793 0.5732273187109 0.42910854026013 0.512306345771921 0.478684500023877 0.430226490679221 0.390013798729445 0.40434450993699 0.452444715455613 0.484725363486247 0.462010567399688 0.334600231418743 0.455157362736775 0.501534233319265 0.508792833955675 0.512259293998172 0.500286328709325 0.507825487221104 0.513132507717241 0.491597110616005 0.384236775497918 0.452986158379238 0.450198252684175 0.218031412732665 0.528935299341185 0.410537018720014 0 0.457773786197933 0.394850396680499 0.382665989006389 0.424961135639458 0.45336182676911 0.415839843359078 0.448728224388685 0.440267686675251 0.404452152460754 0.48570922765074 0.403403300499389 0.446117477467564 0.429246811832744 0.427943888631058 0.45993217630655 0.511819194645591 0.447214711750335 0.485521015522035 0.449862568443686 0.485331639544537 0.461017357401956 0.465959256756834 0.448315096615655 0.527809412338275 0.436222536760057 0.407227271961663 0.456338290819324 0.530312781942538 0.44361463271754 0.457246529516848 0.455752561112873 0.459049539734695 0.463570813323378 0.471268977835743 0.403072045378967
"sivapurana_satarudrasamhita_au" 0.418410249262278 0.404118866349495 0.4373497265396 0.416396642838346 0.408947945278481 0.463733926327333 0.388031347250552 0.40367518542467 0.386891969467721 0.401363380725358 0.48549310366048 0.401836997890762 0.424427463446716 0.421172845849712 0.360312297533036 0.419990039862864 0.356117873334651 0.383688818559404 0.361503491907689 0.346926437700462 0.414951219282399 0.341665179746693 0.386332624270176 0.396818870278565 0.409086413624192 0.406085984436621 0.383813926817046 0.395648454561065 0.444673225743986 0.424886829223616 0.380137142021514 0.344517660763056 0.574464644455268 0.328921443734712 0.378067435885013 0.331221135911863 0.377607393968804 0.387000959497164 0.42469964734289 0.422440736837003 0.382143235650145 0.433970506260622 0.415838035743907 0.440659801404139 0.45653283504844 0.442698556331915 0.441781386157494 0.425443705545653 0.43420480434488 0.464985877890418 0.480953279981024 0.391255744366636 0.390956350517328 0.438659084343098 0.449931352131745 0.405215945608391 0.455597571368466 0.476729421011104 0.558605156210646 0.505558940212527 0.369845873302615 0.445588157685656 0.377686277919875 0.353503322671813 0.34926341405614 0.376425873756346 0.39168799580285 0.401769886425922 0.343697149445975 0.401288020229057 0.443096281113523 0.408430250011236 0.415879652437755 0.42400969460907 0.415871296178569 0.43457954636791 0.428747605443698 0.391835162067511 0.328552358662486 0.447775311157628 0.438251739356929 0.461743677751735 0.444446423202899 0.295279607153823 0.457773786197933 0 0.341559172288113 0.357454194944172 0.414986891009194 0.360063731920879 0.358662041090042 0.366831788592868 0.413268816681004 0.347664445994931 0.445952930872189 0.311614504828072 0.373548418891458 0.337518323275009 0.401239281719711 0.446018994825171 0.489860824947985 0.386219182525008 0.483892575623834 0.437971025982142 0.448781453030093 0.442699027748663 0.401598699476799 0.438691833777157 0.461623177978358 0.362487392200143 0.378468618433156 0.386092254380385 0.463842176449517 0.375763111065813 0.425325342412075 0.434758114254405 0.452761878922385 0.392395441854672 0.447178578001471 0.361712395937261
"sivapurana_umasamhita" 0.33230770910384 0.378802797401142 0.420400592317396 0.38277595748548 0.373200412300474 0.42732574470491 0.351957398941254 0.367573190840511 0.362727401005918 0.363839178432082 0.44862766244401 0.372326298163146 0.387862284900223 0.380871737883901 0.254531869493558 0.305367687542054 0.241439900636419 0.290438363733134 0.23214615802571 0.270510755509276 0.370238310007251 0.260121582990376 0.294248344807904 0.304114194525272 0.299572875394774 0.360329329105489 0.342021135567816 0.395363892302855 0.392794309908078 0.390769545423348 0.309097208374347 0.278943542364322 0.553768619756454 0.288042701040253 0.317403424362992 0.256437128664109 0.318587194540495 0.333285363609492 0.396257649096342 0.376194370748976 0.321733487720162 0.389925053454413 0.357051654939968 0.393719690504654 0.424412265181348 0.403041459701911 0.404448435049808 0.382901087805945 0.390372135879003 0.411055252409795 0.447220164106314 0.318320590862238 0.313464931354769 0.360251070700578 0.372779824851705 0.349516123426672 0.415914122045435 0.457696444281129 0.552333861754703 0.477196010572518 0.268416591341432 0.400127162575175 0.333383966002157 0.260199052973634 0.22874884110229 0.277639326786352 0.317080641695251 0.366267875574692 0.309968168102405 0.331855794757903 0.398656363343465 0.383180504287593 0.372731505107839 0.394818832990347 0.384231059519246 0.398838381747849 0.406538843841717 0.363402512354499 0.263298614871357 0.391432890788015 0.348925320195317 0.372309239670518 0.431517029367555 0.281058430215991 0.394850396680499 0.341559172288113 0 0.292473296728625 0.35302930072541 0.333689296044979 0.278472844008835 0.30192171680224 0.358459523628218 0.30792776366588 0.423363811787395 0.276819399695157 0.328245554019671 0.285765219089869 0.281969779754229 0.358422980219354 0.428587839339705 0.333084593978658 0.413226982861652 0.341153819822626 0.363308847118678 0.32958681114473 0.326714465132223 0.348617968081606 0.41922867871419 0.288617528553831 0.255045124883668 0.315853092052888 0.444023653611434 0.313298716877592 0.332202106567287 0.337404292418075 0.399318425145538 0.347437079341655 0.379038273607168 0.264624837631954
"sivapurana_vayaviyasamhita_au" 0.331239431945581 0.407351639370175 0.427715603981329 0.397818915228146 0.395955541754102 0.437783052346916 0.374744803469141 0.386467972048657 0.382098159119974 0.39680774987154 0.469763319616888 0.406052171268635 0.405156804269067 0.410985024749447 0.272501262907507 0.342098176742826 0.300484076980227 0.306105118603747 0.283969976418848 0.333513693005761 0.365207552347699 0.304788479113682 0.320521109382797 0.308736139119933 0.34318558854234 0.375101760807296 0.388075340419677 0.418861802549554 0.416812386987404 0.420499528524757 0.372381864619189 0.303669572666601 0.564536544871866 0.295622394801616 0.301744719289425 0.259131738675439 0.275425427750399 0.388218070670443 0.434658712082082 0.420857203994739 0.381000509117385 0.434395115869075 0.406478974604605 0.431284096226535 0.458606730140064 0.436560607289361 0.439333665362013 0.4272259544751 0.428906162782905 0.451029408752487 0.45712096667188 0.360992255292649 0.378136191553241 0.394284271939631 0.410482985413118 0.393228705839415 0.458036092570164 0.484417443603848 0.567605464358335 0.511720450139194 0.324435182631418 0.438714749373376 0.380752267260727 0.323893494952555 0.28323716117487 0.2695798472991 0.354375764359418 0.394664565792213 0.357018715540349 0.353586722675119 0.372621843623667 0.415859275764245 0.408501421421488 0.420789980871892 0.412983140832209 0.42710253375085 0.430314427715398 0.399753763068065 0.273170224390255 0.374182798372818 0.349739359083866 0.384814137600739 0.442301388559197 0.301791387155285 0.382665989006389 0.357454194944172 0.292473296728625 0 0.30110498530435 0.357797691850086 0.30277000146157 0.354720795907683 0.331733377376773 0.327780428890179 0.40914472619208 0.309906842091329 0.359595226974549 0.326271390656345 0.339724522947109 0.37958727286579 0.418298969162979 0.366619893377122 0.443132722935129 0.372406490714417 0.41463269224669 0.372493447773674 0.38509384584153 0.36752824429747 0.432450563675643 0.336595524998132 0.315929339941877 0.357553083909623 0.458475343184995 0.345102350947449 0.377373081427298 0.366221645516911 0.414668098938713 0.381775572428643 0.391685352177535 0.306746034054055
"sivapurana_vidyesvarasamhita_au" 0.36698792022482 0.463091326343124 0.484276511045856 0.466355352072806 0.461549744757395 0.494268509943767 0.445299804304876 0.44530901150997 0.451605305805993 0.467611364863143 0.509507172560162 0.471617591203965 0.460519599315307 0.463933344389408 0.320986633245971 0.410134765433149 0.382353352655603 0.383144798420307 0.36976173537905 0.389258676166074 0.403414876078324 0.353132470208757 0.371667674281535 0.356913145815738 0.370556828919755 0.402519564063762 0.445420382833236 0.469031926442772 0.470441907733202 0.482807789294435 0.444501772225518 0.366885883638289 0.563427863659406 0.383316998531105 0.346976501899375 0.342477377501213 0.345445832023385 0.448634750166307 0.491015354215572 0.477278148938352 0.438032431517278 0.490026664945653 0.458273112349318 0.485413837757125 0.502555478080313 0.489970272760722 0.489172973659455 0.481598899546415 0.479746566517988 0.500922775189184 0.4930240384692 0.414612519842012 0.421806703229554 0.415280049710439 0.435060888878809 0.442603332770392 0.503198486021547 0.523270081115257 0.598009204767975 0.542815169097955 0.394705668658018 0.493278972178358 0.444251024673595 0.396799268106189 0.357823711134475 0.322031247320011 0.386030079996962 0.426553841867607 0.409755372544095 0.388334198510154 0.416584979245404 0.472392218621523 0.466170340134608 0.477017316707887 0.480198120231818 0.489580003010715 0.487508463483364 0.458159840811852 0.34480760390683 0.39808086132677 0.389730715317665 0.433383149788642 0.463527886861686 0.366796958374864 0.424961135639458 0.414986891009194 0.35302930072541 0.30110498530435 0 0.397632311592399 0.364803658879071 0.390685842415299 0.368221258689483 0.399146773506258 0.454317579590348 0.393820837238446 0.405597486802864 0.388679050307659 0.412283809178608 0.443056747576641 0.451220004318831 0.439659619654265 0.499567771976003 0.431073305503306 0.473348474843643 0.409806175926888 0.452446869102842 0.424900426315922 0.454967419086473 0.376959029955786 0.393716786550975 0.404943920529836 0.49592159391169 0.413698114750479 0.431135567877446 0.408757051912021 0.469992121541743 0.445847884078903 0.441669676234259 0.3855608248433
"skandamahapurana_himavatkhanda" 0.37527631354416 0.393950662253052 0.434171278827048 0.406090781548259 0.393280647642658 0.451309474594906 0.382789097134856 0.394398812422397 0.372745507133077 0.398451130915927 0.480828994430958 0.391222483288621 0.416133833181163 0.409034825465664 0.333901547937156 0.389123733572886 0.337907445838385 0.362428425945711 0.3358013946882 0.322458061283169 0.408141474613295 0.336800971856745 0.362555492662729 0.359567819076073 0.383787933943427 0.402941765113645 0.372121192417281 0.387944968218402 0.405699842969035 0.389911660094004 0.360493367247207 0.329010840781301 0.570962886034064 0.340548918829078 0.367618597643266 0.316350650822421 0.364448038846396 0.37932069448355 0.40835774417887 0.410130528649277 0.36497724711801 0.420521152489748 0.398094323698718 0.410979025248705 0.447711060124668 0.412554228959546 0.414859969907524 0.398369381464989 0.418937691320324 0.449306475872293 0.480774005757231 0.374451830771662 0.368633639962202 0.41839316647721 0.422297314372094 0.388565112400605 0.448015401433979 0.471237327338093 0.560024200989048 0.495616907267279 0.353561382719946 0.430299515171071 0.374346900162475 0.338437041075006 0.308732173829467 0.342170942961589 0.376199332471115 0.387255164074386 0.345255300518912 0.384447433156493 0.442772526699788 0.411809358203424 0.409635206756082 0.408176607526345 0.410849363476539 0.424271945085168 0.41268319013045 0.385127080344821 0.329913706919836 0.405669369872776 0.398881385084752 0.441884103055968 0.434710267282118 0.336711695920239 0.45336182676911 0.360063731920879 0.333689296044979 0.357797691850086 0.397632311592399 0 0.350190668884114 0.346012568323591 0.414278770321556 0.327911538045905 0.4446949913557 0.291093187131635 0.3668420593575 0.320713997810113 0.375544075915723 0.425940198549775 0.476065629279497 0.383787627725287 0.451181409973713 0.409753263208258 0.433973591284067 0.421065444667541 0.395111690541358 0.418018359709048 0.457433001007512 0.357108073144983 0.353350445366564 0.367169881171633 0.460394588740043 0.370805673093249 0.403595379073819 0.411443016118978 0.44752992155812 0.396812400466145 0.435442766037105 0.349000833580909
"skandamahapurana_kasikhanda" 0.310218004927449 0.372938558215773 0.407196672286584 0.369387037439585 0.361225524997453 0.4033243493914 0.346432039114839 0.352252063470586 0.358703639369351 0.364995793245413 0.416839582675777 0.356901855513539 0.376499939317422 0.393289867547296 0.276102184826155 0.370217802883209 0.303313673250417 0.298359967634159 0.287219584410462 0.303203084925175 0.367719534091159 0.281091411038334 0.292110540327071 0.295936640635131 0.309096787431499 0.378109909560953 0.367609722332321 0.411649080621475 0.429381311895892 0.423088504811346 0.352179656026795 0.273273281277082 0.538621968353246 0.311047588845792 0.31310534091634 0.295055891958842 0.329906509919557 0.373833062661316 0.423027029336865 0.404827103644006 0.356493507072693 0.416751206167643 0.390002978984927 0.430374645472187 0.454869056456455 0.430365307510401 0.433354129627918 0.418716936628029 0.421676696715162 0.438593995085484 0.459447530791028 0.351262122036507 0.354007106416401 0.390197296969398 0.39534401831283 0.388707702361975 0.447454405289202 0.473712452148085 0.573507851130516 0.502571027759004 0.284948463798185 0.420259390518966 0.360487802712708 0.284083888646351 0.257708193500406 0.262659197453062 0.298532526989942 0.363753851842903 0.32319795098507 0.323017569503117 0.358741820375565 0.411430803842082 0.389891709685106 0.40112815346239 0.402764829776193 0.406216637554003 0.421944077137045 0.396298624471847 0.267345110894952 0.382940645167941 0.356310247024516 0.402149229112001 0.427403842338093 0.316294137756701 0.415839843359078 0.358662041090042 0.278472844008835 0.30277000146157 0.364803658879071 0.350190668884114 0 0.309187262176273 0.356852894673943 0.333131572483864 0.44281153855457 0.307112379516322 0.344783112145737 0.288499884831895 0.338952202762055 0.399398777758069 0.439526688267992 0.376243096460056 0.435124810911507 0.379393702547526 0.414777633088664 0.357963507849135 0.378330327593387 0.387124484472924 0.411310434793209 0.296931369190978 0.313263780104372 0.328920895988109 0.454493959090158 0.353967989169538 0.37505723094365 0.373925062757891 0.407142326996926 0.356543430649979 0.395654563263802 0.296645345005125
"skandamahapurana_revakhanda" 0.34854650831543 0.397822114218667 0.439960018272811 0.395235718922245 0.376221773978658 0.431239330963287 0.389621858775413 0.398207513818978 0.39149778974006 0.398321541359172 0.445511421111677 0.373532644195664 0.393882912038771 0.381245903140076 0.293200645365021 0.37004079465067 0.310326575966335 0.353751326844339 0.311008603273313 0.238826414806987 0.397387187418798 0.30093258630584 0.313637836514359 0.344259127726728 0.339794433478802 0.397967694311792 0.32408394446925 0.371560594138407 0.386328803185839 0.384735988661394 0.306109941840734 0.29779783058672 0.52542648915118 0.319395625503442 0.332421386406566 0.292148343310555 0.343688429433838 0.312096581882553 0.382495639163607 0.353065902199204 0.293492878385665 0.375758265964431 0.340972954565281 0.384974853020262 0.401286652490742 0.395661834191189 0.392351133289963 0.359575916092083 0.381351761609665 0.398306417444479 0.434744198004834 0.303897869188505 0.288016004548594 0.352280122459922 0.333333339966399 0.327958872746147 0.390453405480041 0.437998572034779 0.521909602449041 0.443285012124662 0.307903112270938 0.429423797939697 0.345212058110669 0.295914519066423 0.264259886136431 0.328307860954878 0.325962632555904 0.341376216521865 0.276212647558192 0.348332015601468 0.446935916610018 0.354509446612445 0.357083151250075 0.375075500386109 0.366886743381397 0.391207923271 0.394238866692457 0.339970385162063 0.304277516496891 0.405198472829136 0.370754605916778 0.44883008223636 0.39083764444614 0.344842750736286 0.448728224388685 0.366831788592868 0.30192171680224 0.354720795907683 0.390685842415299 0.346012568323591 0.309187262176273 0 0.398697748756399 0.325129390001673 0.455390461187163 0.302535775615807 0.314225519754898 0.297669281307658 0.349613687455822 0.413161879752095 0.470269299839242 0.387654670502663 0.447328075087813 0.390697544829003 0.421691316266388 0.382292272288079 0.376406845202239 0.409355644942724 0.419410030723892 0.222145241674466 0.326154331825895 0.298324718185293 0.406725907677683 0.348925862668093 0.367975880452369 0.374200754046649 0.436111084279411 0.375326685805791 0.415731281273508 0.318309450094476
"skandamahapurana_sutasamhita_khanda-4" 0.416251505122477 0.455277925089938 0.466570755326231 0.461811717330889 0.455512144843934 0.485320512830761 0.422749133491844 0.433506468929498 0.437148046015055 0.457740445803773 0.499634091309974 0.467107746913219 0.439288187835062 0.457255568471319 0.365625959963302 0.405326470790417 0.369861739686183 0.375060050493357 0.362911285790336 0.390344239016985 0.382485054643474 0.360006450634119 0.372951615764623 0.384677944443545 0.398071475899125 0.397371381064756 0.433790145259702 0.450842514488271 0.457748346978722 0.468308199168484 0.43256729657294 0.374957367044179 0.568120755035345 0.357177471647396 0.351177532475931 0.331055707448443 0.357576085266582 0.438411225857999 0.475252022281121 0.465607388741417 0.432709972237023 0.476080773221606 0.454111355450537 0.473468481341114 0.506150869976028 0.482665438108991 0.484208740023929 0.472987722855967 0.473080685893582 0.489269407000588 0.485436272726374 0.408371754184724 0.422242119514405 0.424192898341988 0.446800620007253 0.437433554211225 0.495264312896286 0.520711322471388 0.589166534216224 0.535060843102603 0.385918573686568 0.477286592168556 0.429276093213453 0.386535273128465 0.366272909557741 0.350809359077768 0.393817562896172 0.446874710120809 0.407666807559986 0.416476496527693 0.390181412689693 0.465191833233241 0.461426077227248 0.466703742836089 0.461807823884441 0.471547128669999 0.475510374630347 0.452991433613288 0.321703908932639 0.42775183351175 0.393899121463548 0.448394144606082 0.466901887975839 0.375295137986375 0.440267686675251 0.413268816681004 0.358459523628218 0.331733377376773 0.368221258689483 0.414278770321556 0.356852894673943 0.398697748756399 0 0.389623774042318 0.433467726917001 0.384760182190211 0.390566308445863 0.39097218524226 0.395273624713203 0.433682693561136 0.447133538989563 0.413750486275972 0.476057630609775 0.421671021640199 0.448743169809341 0.409753853044317 0.426123038703323 0.410064335511066 0.463902605587566 0.388869282574018 0.376262647915949 0.398924082948793 0.480260198920877 0.397864337646554 0.416340770820143 0.415552683888807 0.472055532134657 0.440167546024776 0.425900613374039 0.383320811237195
"skandapurana_adhyaya-1-31_pu" 0.387857082136698 0.394613277084165 0.435002520567838 0.402230040580322 0.39157096589966 0.442965501155783 0.3703871294519 0.387763336207121 0.370373204470779 0.382795192239701 0.467835407935305 0.389897426675606 0.409579233303958 0.408931324138138 0.320772369558919 0.347136902572122 0.284353119161208 0.345877021825745 0.294428550400819 0.308177511862704 0.391799636404666 0.312789312476748 0.354030122746473 0.353365863405346 0.376252350381368 0.393642979832301 0.351611560582201 0.384326914601559 0.397772323081361 0.388215369788364 0.338728743973761 0.320452769639807 0.577688178863093 0.299367172134937 0.337708549409963 0.263829990917474 0.34014849238574 0.345686380344639 0.393383722211063 0.389830774516228 0.333032089554397 0.40591397257106 0.378001284388606 0.409510759310788 0.43020812111712 0.417420279995904 0.421762346598924 0.390981141691986 0.401707288837142 0.435707300445267 0.460306719527702 0.352999133979435 0.339475830780084 0.403295300546822 0.408136232496291 0.36528751418019 0.420986786550918 0.454140941692156 0.547683802907972 0.472024574512299 0.320851649056442 0.413671252877711 0.356234492332107 0.308281807086439 0.278702550310343 0.341583286765093 0.35551577159076 0.377049950967272 0.33630557442591 0.363810376786757 0.431784725965376 0.37958314416389 0.377135469760037 0.393980337167821 0.385583026817949 0.402081184348979 0.408482016276827 0.36275054819045 0.300771694471 0.406843273423834 0.408318205826781 0.422199539719208 0.432978911666116 0.320129554533371 0.404452152460754 0.347664445994931 0.30792776366588 0.327780428890179 0.399146773506258 0.327911538045905 0.333131572483864 0.325129390001673 0.389623774042318 0 0.439166753439084 0.225474413108716 0.317433082653044 0.299375520490206 0.336852121886806 0.392317559431405 0.456259692404072 0.344368769468318 0.43974602935946 0.383613980178686 0.400085552533447 0.38351169771713 0.36067766656845 0.38796964889274 0.445127267203619 0.324318339414981 0.311712914749499 0.352270386597302 0.450244655086509 0.333982943898971 0.381509550812156 0.38805414573214 0.425852135022325 0.370642200452192 0.419287380354791 0.31562009705727
"skandapurana_pasupata_adhyaya174-183_u" 0.469565934356326 0.47334199085531 0.478575063830629 0.466413449100173 0.479288497087771 0.515370667426593 0.462543387636408 0.471600183730333 0.479219128170748 0.487714516120032 0.527567226498841 0.494995836814665 0.459593653569454 0.479457715353739 0.443217901720957 0.42909076852998 0.434447622211282 0.442828660801765 0.422229117662897 0.435571661331829 0.435789929832234 0.450733948910917 0.455016993681906 0.456604623627314 0.450248599796277 0.476321490016102 0.478130190225927 0.480386825441759 0.46372989003352 0.498078807216355 0.466738613555453 0.437050565022895 0.587808184175846 0.409157043354216 0.416399682622511 0.406897327043264 0.440211373498383 0.476490263467138 0.506350877824906 0.500908261424694 0.469362043809098 0.500400906165374 0.484527724332817 0.49899700030251 0.516560948532217 0.509148092800819 0.511622881984301 0.502657246583533 0.499850436749073 0.50987276679594 0.471858505671472 0.42892505339038 0.452415961928372 0.445818105989659 0.484171559413404 0.449416014123672 0.517542519819198 0.540719945700377 0.598476602432053 0.54821195526618 0.437732246808748 0.517165681372855 0.462290526713766 0.436221360194138 0.423959858030122 0.427640118370762 0.463293697340385 0.485777254135185 0.4564603202046 0.485981222066975 0.465245545844977 0.496066447916005 0.489847169822089 0.497769564585827 0.487157228974731 0.50524300725941 0.502330141379597 0.475320326593906 0.419542703933019 0.479822709323537 0.438053481251317 0.509824994057683 0.499301485233965 0.458751949210805 0.48570922765074 0.445952930872189 0.423363811787395 0.40914472619208 0.454317579590348 0.4446949913557 0.44281153855457 0.455390461187163 0.433467726917001 0.439166753439084 0 0.40613708967398 0.449177164504842 0.448418463233402 0.428103502046785 0.438695460300448 0.447454837422823 0.440525622127086 0.511413084253379 0.441958789646455 0.486613795690395 0.459249408770312 0.473822668000511 0.421833185718065 0.520671721614096 0.456103124786211 0.420170841902965 0.442454473772446 0.527604391123022 0.4409933706905 0.457982767513968 0.478322602188075 0.526785181648216 0.494705319435855 0.462812839062506 0.446602181080106
"skandapurana" 0.358192827667902 0.350166303457477 0.4076660174148 0.358006672486959 0.345608142660456 0.415286384677926 0.335842584839231 0.356124958596828 0.332057005428973 0.356586380042978 0.431621902380608 0.333074386481365 0.373918084882869 0.376184843656892 0.293723114043671 0.335377314385149 0.255108184484269 0.303557255648315 0.258838556110574 0.250404952595934 0.384263429339151 0.295837377853496 0.315535613137831 0.335847522484022 0.347290550501849 0.39275047744746 0.298819713417179 0.337245305403463 0.36640238205583 0.31561821544944 0.269807506593818 0.288986457482749 0.568063597987992 0.280991272600385 0.329756222891267 0.256557733637937 0.339334342680077 0.297831104859945 0.34782442475477 0.34017540984904 0.276929206340331 0.350124867864828 0.327630907247711 0.342190549939372 0.392079106714964 0.350189118824403 0.35518520768437 0.32674097853035 0.348561809355857 0.390199678270297 0.436440788738102 0.30615068244237 0.297763913227668 0.36765878921469 0.376250742671758 0.319388493534407 0.384310708355551 0.415866901608576 0.533391801133024 0.450765035405292 0.290996767467595 0.384946120822937 0.317060032195747 0.269669950355781 0.229771200049095 0.31623419428527 0.344649209512509 0.34572107822767 0.295107419528078 0.346960169225633 0.415551070849642 0.342560296596953 0.341993105627917 0.349534746772582 0.334789670467532 0.355365563828099 0.340820758261919 0.309747995474593 0.278183421038141 0.39964893876638 0.373711628305967 0.402399689477586 0.421737875133267 0.298134590287965 0.403403300499389 0.311614504828072 0.276819399695157 0.309906842091329 0.393820837238446 0.291093187131635 0.307112379516322 0.302535775615807 0.384760182190211 0.225474413108716 0.40613708967398 0 0.317085934397121 0.250320743891936 0.304681922589034 0.376353342476543 0.447408529453711 0.339390361983831 0.41766404195845 0.359746243967998 0.371009222125229 0.366221805388589 0.327283859198842 0.367635996735457 0.435158311805408 0.312281668861158 0.280601137537406 0.313392838379064 0.428139382489327 0.324006815728903 0.370918149710758 0.382194317612502 0.413995566640521 0.347415933897552 0.410193207847747 0.293537906627087
"vamanapurana_saromahatmya_u" 0.404499277588518 0.416825730082057 0.447842179025686 0.425337137539363 0.41192888449315 0.465999143677846 0.395992602890809 0.401289927235293 0.39330373568269 0.402473654180926 0.479124204960349 0.421303083132238 0.434995488755766 0.425729103666986 0.333484432756544 0.382349735866472 0.317566144576974 0.375883201543997 0.332330263765024 0.3174667762012 0.409663024246264 0.332464744486896 0.365522665220094 0.375923112268904 0.37585428120888 0.408255115972977 0.3851067741421 0.407668905511172 0.42592342851968 0.430187473398478 0.370211886642961 0.336997540401592 0.547922319349451 0.30769833364292 0.330006777677066 0.308335161290767 0.361909693994431 0.377618095841535 0.426303237232261 0.420150448083441 0.359923413549106 0.431983302375178 0.402415601953046 0.439058717886415 0.448113241300148 0.446868849522844 0.448246172140813 0.412014371698481 0.430540528573987 0.458530028771877 0.463648498998914 0.366416339676762 0.356665463790997 0.408618113822105 0.407415742269559 0.38402660439931 0.441376933150775 0.478079184206436 0.546237744833667 0.485727284199583 0.332489266277576 0.437394575841551 0.369277218639676 0.325671830559438 0.315499498057388 0.363788382008462 0.359896616050529 0.381690063558691 0.335567992521734 0.385347526535614 0.439883833059189 0.391404419442924 0.407741204820263 0.417811878176928 0.407315210295857 0.434601134639417 0.434220676768702 0.379829515103862 0.313665623828052 0.424392099435105 0.418137720304912 0.45387670492307 0.410608711000559 0.346466781787788 0.446117477467564 0.373548418891458 0.328245554019671 0.359595226974549 0.405597486802864 0.3668420593575 0.344783112145737 0.314225519754898 0.390566308445863 0.317433082653044 0.449177164504842 0.317085934397121 0 0.309666337573721 0.361471149623112 0.411384454866739 0.453491656315009 0.366939453083127 0.462384851803478 0.403077315152155 0.426061567444299 0.384863222694511 0.374277702417677 0.412854929645458 0.411841239979126 0.309428295873318 0.337905083889494 0.35349492978085 0.450740289952363 0.346731191444075 0.39736501283461 0.398625564108408 0.442140441734093 0.394174500725321 0.424993112560645 0.338915196314322
"vamanapurana_u" 0.330144003486337 0.364159426029037 0.416174077405084 0.37770428319332 0.358348535094811 0.417408645127695 0.335197955069929 0.3561232521478 0.330079467336599 0.343799425032372 0.449790753557818 0.344731204646265 0.39183383966576 0.387485531723929 0.279239453901679 0.366207542526959 0.265866171638253 0.30755168530019 0.277573762891344 0.274597358544987 0.38518689610933 0.273676812690421 0.310896728557278 0.315389389117789 0.340114383611051 0.378411152929911 0.310421196325447 0.357444601499662 0.407679615577742 0.368884030278894 0.300226239627868 0.265036904294852 0.556764823060353 0.273427076507472 0.31458247763402 0.280537939237459 0.33230663574219 0.329260256898689 0.373266027908374 0.37013172638299 0.31328092008504 0.383295993273538 0.356883363227351 0.386568205568768 0.427295010742093 0.386657214146613 0.387033816037806 0.359832019252161 0.384322869015093 0.415566773361253 0.459877372711825 0.342694276091021 0.332383709462545 0.394640663220512 0.399535751387376 0.356208370466067 0.412493206464112 0.431789114135987 0.54203602841743 0.47880731282419 0.283531393515012 0.380435662681439 0.333745813296173 0.269183111581075 0.243650471374941 0.28820108179034 0.307395225872973 0.357128001026849 0.285503395238928 0.329664212619732 0.419770756739659 0.352242592053412 0.353474550086098 0.361390144497463 0.360236133868599 0.373821077763125 0.370416366295476 0.32912339802053 0.27547956879186 0.409433908651288 0.396372304690505 0.411869443765029 0.425569371263932 0.28337644296443 0.429246811832744 0.337518323275009 0.285765219089869 0.326271390656345 0.388679050307659 0.320713997810113 0.288499884831895 0.297669281307658 0.39097218524226 0.299375520490206 0.448418463233402 0.250320743891936 0.309666337573721 0 0.335970246972817 0.411512795248596 0.464275651346271 0.365359004297891 0.430969733704919 0.390185967317962 0.39589562108419 0.381487552098867 0.342185738562476 0.403077641893392 0.412753557137812 0.297873549824945 0.310338775142871 0.315461920016185 0.431582514119312 0.327371253638426 0.372774192405807 0.374492157636866 0.39678220505089 0.321285901261688 0.40589733344404 0.281960324127849
"vayu_ba" 0.356225145607637 0.392950702829744 0.43767664218626 0.404645287915747 0.392380394642837 0.434955746106907 0.371419006988262 0.391274524843411 0.378777064471007 0.364607769068457 0.479648560077045 0.404198694313564 0.410667908980625 0.393892442777592 0.318561194547251 0.166482238534125 0.211968981757406 0.307129917113186 0.18062171270694 0.317398991034288 0.412054797063545 0.343576284407034 0.333288611685578 0.343551500615674 0.351815154032971 0.402928223525382 0.378083234065726 0.43147475748441 0.385166800101049 0.384140354820245 0.32104735187752 0.321862636260796 0.585098775925213 0.304581244625875 0.357278253551838 0.272420645053544 0.367450773137538 0.349985226475743 0.399932057377065 0.390251650870533 0.347622560725897 0.405196908057165 0.380377684606011 0.410157365526026 0.41740201092895 0.422156632504258 0.42694017654382 0.398128344464865 0.407672590763074 0.433100785493599 0.459054862374098 0.343708419427862 0.331477940021419 0.395885935094844 0.401581813221107 0.368555062281986 0.428211628208036 0.470040064932915 0.562267788882085 0.485009359239407 0.282189106587425 0.429823931960571 0.357120074615246 0.282828095302815 0.234980515477953 0.330756095545734 0.375374926968726 0.394402654264561 0.366837231229054 0.394781735432679 0.419208760589572 0.394049155602299 0.400579692920253 0.421061460457251 0.399049844020463 0.423659597996755 0.425704235209423 0.386137713180404 0.327239488108394 0.420288624711583 0.383004877569308 0.419177012387543 0.461963690221943 0.371268392984238 0.427943888631058 0.401239281719711 0.281969779754229 0.339724522947109 0.412283809178608 0.375544075915723 0.338952202762055 0.349613687455822 0.395273624713203 0.336852121886806 0.428103502046785 0.304681922589034 0.361471149623112 0.335970246972817 0 0.24614106559851 0.417048103518803 0.261984635956485 0.360018086794642 0.205265044970992 0.237542388779304 0.283005016805678 0.234709192860171 0.247400202257524 0.438229020341187 0.355602451910348 0.0860460011860921 0.367540002205915 0.47220241091589 0.314459896826119 0.336229602655607 0.367528954678427 0.404768274488767 0.402944995646268 0.410949862336357 0.29641596814141
"vayupurana_01_frame-and-cosmogony_iast" 0.425280905667483 0.439586799593902 0.465656500956437 0.439179406604383 0.442062173951844 0.473426355351061 0.421033220798161 0.431956565476279 0.432815661899251 0.432918425322011 0.512297123876004 0.460220443881031 0.445128040953083 0.439895311719925 0.393611486789786 0.248564698993893 0.333426438087452 0.373368220841336 0.297008976675557 0.394508058447544 0.441994629729619 0.411159247549843 0.402159183172343 0.411111210908707 0.409689375490377 0.44280712099903 0.43494141502772 0.476515631350416 0.416074771456537 0.43783702743513 0.405174544129986 0.389215391820718 0.602177270662195 0.36221350488998 0.402866932052635 0.342954286066759 0.415218188290478 0.423959142176444 0.450457212436962 0.450307074645511 0.420381845980844 0.465967915132191 0.442189416181716 0.463579767873726 0.458578264765476 0.474918908814962 0.477744951690165 0.457448910069662 0.457463973359161 0.479923962964717 0.481326369753281 0.396095037408571 0.398037490220829 0.426186861789024 0.44159327200643 0.415726686077915 0.477071673690299 0.506993730072324 0.584021424821755 0.522609183469736 0.356941461792284 0.469476032177357 0.41762754570477 0.362101769047031 0.338102192484598 0.3924534217811 0.435707357514485 0.451819765539979 0.428856381808163 0.448026242200874 0.444276672801688 0.458432102794721 0.460817384724665 0.477668242507313 0.45789035785472 0.477188864081612 0.480246724614009 0.447615411325039 0.391839433941975 0.462252391092347 0.425218122750668 0.465685590223513 0.492657422466697 0.427086005292614 0.45993217630655 0.446018994825171 0.358422980219354 0.37958727286579 0.443056747576641 0.425940198549775 0.399398777758069 0.413161879752095 0.433682693561136 0.392317559431405 0.438695460300448 0.376353342476543 0.411384454866739 0.411512795248596 0.24614106559851 0 0.429445179200675 0.329205746572223 0.417484777660039 0.297066037418623 0.329336336420579 0.366132863664609 0.360884500644855 0.30037554629915 0.475203813891301 0.418345861056085 0.251775564080423 0.417653806537602 0.509641296941961 0.356583175187546 0.398694799982403 0.412065994552808 0.460572033263714 0.457078419585609 0.438337616377545 0.370595259477022
"vayupurana_02_pashupata-yoga_iast" 0.458336498801788 0.501651843673394 0.502442518690245 0.493474134484458 0.497247726121985 0.514383295948708 0.474682102180209 0.482351161689485 0.493578261332562 0.498148878268727 0.538416954265424 0.515772802305464 0.482674116962946 0.501821244656374 0.438284440203616 0.433293883155747 0.434881845516507 0.465345366848832 0.428740014633514 0.457812035146725 0.458046503803884 0.458360310370082 0.44189125194544 0.446236698557089 0.430147022812135 0.474218950892459 0.494182357948242 0.507475414282464 0.493950367512823 0.523418559229693 0.484651589110537 0.441770849361759 0.601381928940147 0.445340082860837 0.415067574726061 0.424590378385828 0.441002058156962 0.487975778594939 0.528386163622909 0.508801127387247 0.47607486404697 0.501616258462142 0.486569110567708 0.513959104588531 0.527246588681028 0.521919925107758 0.52293102947943 0.514487578947954 0.506362809454078 0.515190377120907 0.499942338900821 0.440429160416108 0.460187520365588 0.460949885090291 0.469933573133886 0.46119296259018 0.529427552547101 0.545367342814224 0.597607666184493 0.558120889216517 0.426887258126671 0.526491849163607 0.478029281445277 0.434400136790292 0.421911802506363 0.433343143629372 0.461087738943364 0.493433989673116 0.469625614673199 0.490833107183887 0.470785601156711 0.51519009601308 0.50015221020884 0.510500080010916 0.501788574271338 0.519489500023623 0.522681013645438 0.49859684265537 0.43963921571855 0.476332004252667 0.448282809780523 0.52133101338106 0.507166374915773 0.473382582336927 0.511819194645591 0.489860824947985 0.428587839339705 0.418298969162979 0.451220004318831 0.476065629279497 0.439526688267992 0.470269299839242 0.447133538989563 0.456259692404072 0.447454837422823 0.447408529453711 0.453491656315009 0.464275651346271 0.417048103518803 0.429445179200675 0 0.436325476879478 0.509754485301555 0.432454892382392 0.473892387328896 0.41829081522954 0.458529048091624 0.423620643329673 0.515215986224292 0.461728828756154 0.400942173739473 0.456673220719235 0.525409915052174 0.453889436998028 0.468161550530651 0.462657601681461 0.517089584520547 0.496984091675934 0.479959189931777 0.447922489971708
"vayupurana_03_kalpas-and-shiva-lineages_iast" 0.405333823848963 0.418894146046469 0.447524188349199 0.424789074253269 0.418403400638698 0.46039083637237 0.39373813741761 0.414407707040049 0.39867837169452 0.399642399486616 0.500749225082608 0.428639566131558 0.429473770766756 0.413580063700024 0.366787573323385 0.29232210057387 0.303848578086314 0.368062497693369 0.29040620814329 0.365497359348329 0.432346796038009 0.378414638367065 0.37964252171405 0.385062477944995 0.400391712629661 0.421262642932482 0.416653436653716 0.43810813238571 0.412806071293596 0.418255680282238 0.373394935368344 0.363937371730715 0.590648152288524 0.317784152669236 0.376528344662224 0.290716475307309 0.381716700649149 0.396311498387034 0.42761420113274 0.430392965564453 0.394865702202946 0.444362749179128 0.422189574341671 0.445150227505785 0.457597155823657 0.456268130521114 0.457633326319466 0.438298613002819 0.44087013255035 0.466867941779057 0.482316027987543 0.393111670868131 0.381545038039118 0.44042125656848 0.440308844043586 0.412088213354551 0.462145025307149 0.491560433777863 0.572430992574064 0.506521054168682 0.343450060641681 0.449606684302158 0.39499509361871 0.341891177445368 0.309549646606419 0.37419736559475 0.408807092634569 0.433940224335987 0.392249475737833 0.430186849598125 0.439705355088161 0.429765013189588 0.435722473253628 0.451669569241837 0.434535107117886 0.452572973132495 0.454981181310699 0.41555306970063 0.343472408980179 0.439386816882113 0.422118445480317 0.458826490416858 0.47371773922034 0.387201398346608 0.447214711750335 0.386219182525008 0.333084593978658 0.366619893377122 0.439659619654265 0.383787627725287 0.376243096460056 0.387654670502663 0.413750486275972 0.344368769468318 0.440525622127086 0.339390361983831 0.366939453083127 0.365359004297891 0.261984635956485 0.329205746572223 0.436325476879478 0 0.416933544164648 0.32135612280044 0.33305992201094 0.368862396250957 0.316132350151347 0.33257876704278 0.456026091027052 0.389390203673457 0.234481185881104 0.40056338959803 0.480748101083813 0.355517301171935 0.389961481032401 0.411341905328029 0.438674891196737 0.424092647324278 0.435622869170231 0.348877849707839
"vayupurana_04_bhuvana-vinyasa_iast" 0.452720612281133 0.491810158341978 0.517962204256145 0.505499295889186 0.492875953385247 0.492198399286238 0.476508912738548 0.495121258385442 0.465857362887895 0.483948111887634 0.538682620119161 0.491604196360785 0.5104563311799 0.492156914569927 0.429639737933521 0.372723509742983 0.395063705522731 0.393490828726092 0.365508707134384 0.449363678338808 0.488737544750815 0.451298265609681 0.415662417918987 0.435313095958726 0.460224486478567 0.487123530303458 0.469718018711315 0.510527445594236 0.473408387162339 0.434727918278224 0.446957995997613 0.428770503095159 0.605256555180875 0.421041146656031 0.469597867916084 0.405580318564302 0.456128702183804 0.476483344338889 0.47491985706959 0.494715243992397 0.466983700982253 0.499622426608994 0.496262453197439 0.48208509211802 0.508078907076203 0.496845936630267 0.495937861914181 0.483206587826777 0.504629803198731 0.509530438665183 0.539429080815771 0.484096041681092 0.473051888070886 0.499947967621877 0.502329439296674 0.494739606542948 0.521157200316738 0.542963272968489 0.615794800914534 0.545304061600911 0.414460078157972 0.496835036725577 0.47435644515557 0.421868474381428 0.375562471058998 0.424231868244854 0.474881911664912 0.455380907687864 0.476559605456784 0.46816179900923 0.50077083021113 0.490990695554287 0.492979891467491 0.492478298908687 0.463985066396968 0.478308387119582 0.48562263946793 0.48195760124032 0.43539456345365 0.472003545728174 0.454371328486869 0.496757910481684 0.52637836672702 0.463712658888725 0.485521015522035 0.483892575623834 0.413226982861652 0.443132722935129 0.499567771976003 0.451181409973713 0.435124810911507 0.447328075087813 0.476057630609775 0.43974602935946 0.511413084253379 0.41766404195845 0.462384851803478 0.430969733704919 0.360018086794642 0.417484777660039 0.509754485301555 0.416933544164648 0 0.385570259016766 0.403897896606397 0.433373957414354 0.42205696856312 0.404736734438275 0.521892733508544 0.449570052210718 0.342751322215906 0.481062562843885 0.526172319277699 0.448656680102661 0.41752241151379 0.480071625803348 0.499011754414811 0.478136472448503 0.496788977636374 0.43043001061388
"vayupurana_05_jyotis-and-purvardha-close_iast" 0.388147870375557 0.430292109385844 0.466343598728861 0.440084961945848 0.435986997827195 0.457553137893356 0.418069724552963 0.427162736628393 0.424271798616408 0.420619444488608 0.499672506249817 0.445740816107339 0.442240898232565 0.421368828352925 0.366654628827546 0.205934085961823 0.309415013050646 0.347541195080064 0.263454753707228 0.379131209118059 0.436134902185994 0.39656799348864 0.374859583982936 0.379399412819573 0.383414811767756 0.437582749539101 0.428123404490437 0.467237205002908 0.416847007520118 0.419818837618936 0.385944192468005 0.371173121230689 0.59675126214871 0.36011817449555 0.388374535875143 0.325588350430999 0.395942536822821 0.409195588843813 0.442704190313901 0.435422126298525 0.403444940844127 0.44511266129372 0.428006947900045 0.447286464062091 0.461188993737855 0.458702671910634 0.462431003515285 0.443530554649755 0.448111161600182 0.465117424853822 0.480145853002916 0.391830156326906 0.389305462355832 0.426318202568512 0.431201800525917 0.418229544335817 0.471189651849622 0.498604221031904 0.584641562040266 0.515667260941229 0.342132515143972 0.456983884315743 0.409605336827503 0.348428652536261 0.296113672189592 0.36458367076738 0.417130956846366 0.429626464164683 0.419495459006412 0.427967065344719 0.437716038256966 0.445241550229352 0.448499436714791 0.458837866924722 0.437837198131197 0.46339331519683 0.459888195717687 0.433705497228266 0.371941043319068 0.441301480332391 0.407640901694334 0.453088211088791 0.48587574377106 0.417455307921955 0.449862568443686 0.437971025982142 0.341153819822626 0.372406490714417 0.431073305503306 0.409753263208258 0.379393702547526 0.390697544829003 0.421671021640199 0.383613980178686 0.441958789646455 0.359746243967998 0.403077315152155 0.390185967317962 0.205265044970992 0.297066037418623 0.432454892382392 0.32135612280044 0.385570259016766 0 0.322538644469119 0.345517722124473 0.334535567245296 0.283292901510717 0.469786329519006 0.395038997659512 0.218389914942878 0.410892533894473 0.496281457606881 0.372490878373939 0.357723049692917 0.398555451105465 0.446459986408025 0.441255697116129 0.434083466039442 0.355675091551767
"vayupurana_06_prthu-and-prajapati-lineages_iast" 0.418204678076639 0.448457959833996 0.480206492136218 0.455277261736878 0.443426927270938 0.486301417301321 0.420998720673342 0.444333736122833 0.429346551240342 0.42103737009691 0.524340652667981 0.454853937514589 0.469961553388747 0.450554008408784 0.402408241192987 0.284373134900471 0.309759118587005 0.371604875421026 0.293355220873007 0.394595491677871 0.465423213440621 0.408534727857182 0.399745093852107 0.41157244598809 0.429562743398594 0.449335989659058 0.431416767067386 0.476648794198861 0.438874879395093 0.421403733461636 0.3875694689585 0.392420943551652 0.610617112038063 0.378367149557848 0.435738494140663 0.358690282827303 0.424662963108085 0.415745373839989 0.443947576512717 0.447518220387766 0.418712945345552 0.459858280786256 0.444413572592253 0.464031721888722 0.464667566287792 0.471424755917692 0.471898834990373 0.449722887422765 0.459752693759922 0.478071182555324 0.511493208417529 0.422966300625323 0.407929226215969 0.466108581856989 0.465699504785371 0.436492698990865 0.475788202722726 0.508831248915373 0.591786212054958 0.515047159931442 0.361722470910559 0.463773499989391 0.416084460788746 0.361792581798276 0.336038397990718 0.403867186601694 0.440363523807404 0.442550001643556 0.429002594858948 0.461805494071335 0.472279852106364 0.443128303410622 0.459288944561524 0.464560093959664 0.453930207802717 0.464949027076086 0.468401604148028 0.439732851955094 0.396464159556812 0.484502900013765 0.454237573520167 0.475616053580502 0.499183889175767 0.423811969794906 0.485331639544537 0.448781453030093 0.363308847118678 0.41463269224669 0.473348474843643 0.433973591284067 0.414777633088664 0.421691316266388 0.448743169809341 0.400085552533447 0.486613795690395 0.371009222125229 0.426061567444299 0.39589562108419 0.237542388779304 0.329336336420579 0.473892387328896 0.33305992201094 0.403897896606397 0.322538644469119 0 0.382525918088829 0.322460585541073 0.344235094246172 0.489273290810093 0.430240569781701 0.246220966216089 0.439255817756986 0.5054193504222 0.372385402258244 0.409664868378892 0.429001635278171 0.455831073802035 0.450640044401332 0.469894268518679 0.376556082620101
"vayupurana_07_shraddha-kalpa_iast" 0.386946670333049 0.43881607138999 0.472180662212438 0.447193531075127 0.436364564838288 0.478117167585806 0.418276329597271 0.424715954145664 0.432120331151371 0.428436787942784 0.495688990240931 0.452019361710193 0.441901052907268 0.445163134597907 0.348493909575096 0.336392752966659 0.306116325704744 0.38000627263428 0.311696217421043 0.367568247430935 0.433255709548599 0.379461736523034 0.357865508718967 0.369327361270992 0.343314266709531 0.424904545952643 0.42126196077426 0.473393581123361 0.446588383923442 0.458342172018253 0.397009371118875 0.362040283894455 0.576763077758742 0.373695329608941 0.360646927595274 0.346027879941338 0.391361597280286 0.406196400993329 0.465217539989246 0.439117436080222 0.399290872685886 0.447667562228291 0.423398365487567 0.463653151022443 0.458128958742257 0.470989647438481 0.474788083010305 0.451634258211884 0.449640543909097 0.465482794649916 0.480420299526375 0.384139300966415 0.366833385404472 0.401966025816615 0.393179594788175 0.413617435751115 0.465460195321098 0.504603825926125 0.571912763072332 0.509471134098753 0.337566145016444 0.472131218301768 0.398281346647542 0.342191816947398 0.307082550144389 0.360348475349768 0.391121779479243 0.418251990909759 0.405893200150044 0.417555025778472 0.445929993548723 0.445117169865262 0.441418075882844 0.461599097078368 0.452759008904043 0.467583535150759 0.476961844679547 0.439798999579165 0.365383625922025 0.419660166235558 0.396873472512177 0.457091673655985 0.45902139001114 0.404612293565069 0.461017357401956 0.442699027748663 0.32958681114473 0.372493447773674 0.409806175926888 0.421065444667541 0.357963507849135 0.382292272288079 0.409753853044317 0.38351169771713 0.459249408770312 0.366221805388589 0.384863222694511 0.381487552098867 0.283005016805678 0.366132863664609 0.41829081522954 0.368862396250957 0.433373957414354 0.345517722124473 0.382525918088829 0 0.358480730655735 0.364375221481512 0.411345293436517 0.376040462414024 0.272587892814553 0.389901799733703 0.49813580371646 0.381903429450813 0.397843781248721 0.380741214745194 0.4604303127415 0.444063967937728 0.439296305618236 0.365484007799716
"vayupurana_08_manu-candra-vishnu-vamsha_iast" 0.398583328107613 0.401213715854454 0.453169787219334 0.426349254109814 0.408566444657804 0.456579333944693 0.387853566142629 0.407794376743022 0.388732848149577 0.338893825142718 0.494914989738585 0.405519363224563 0.437933918467743 0.411095109694714 0.349255575126666 0.316536148703744 0.236436498031062 0.363767785658517 0.269112083776545 0.344874045720414 0.437734922144051 0.355568757317091 0.364904264765636 0.384555287670168 0.396855038376344 0.424303095360621 0.37767882174247 0.420117848636303 0.426243302914453 0.41053830537122 0.318621657954147 0.347913545522356 0.593176320548703 0.339256159718827 0.39974856452583 0.321576094513215 0.397376291216057 0.339716885962443 0.403589160068735 0.379452701706222 0.348433612054155 0.395857636014172 0.373758273026781 0.411874367802071 0.429645346015426 0.415317153964807 0.418108287791543 0.388892816733888 0.408581466516545 0.434965724911405 0.482204525203863 0.374334666934435 0.360407428376701 0.444330909273577 0.434773571031782 0.376880226687078 0.414204273931993 0.457143865104844 0.548623827495646 0.481162613770538 0.316095875845329 0.438737044542701 0.360611667706285 0.311501826677975 0.284703586600049 0.376612099289235 0.391191378089528 0.413859244542733 0.369588251248105 0.416841428508982 0.455323403375098 0.376108922732607 0.395608787629521 0.423483764718495 0.408737702290443 0.427462526969757 0.429851116792395 0.377647423867676 0.355767802702147 0.459931179191686 0.43570786846523 0.446886217712194 0.474560565441711 0.377452887941976 0.465959256756834 0.401598699476799 0.326714465132223 0.38509384584153 0.452446869102842 0.395111690541358 0.378330327593387 0.376406845202239 0.426123038703323 0.36067766656845 0.473822668000511 0.327283859198842 0.374277702417677 0.342185738562476 0.234709192860171 0.360884500644855 0.458529048091624 0.316132350151347 0.42205696856312 0.334535567245296 0.322460585541073 0.358480730655735 0 0.360255342442578 0.459127638251657 0.38141789853328 0.230394153134915 0.397505764269626 0.483672736074566 0.358856691986401 0.38883860943944 0.401949398005661 0.380206605218686 0.393977047730927 0.440515288018658 0.323631517726612
"vayupurana_09_upasamhara_iast" 0.412123588383685 0.43644695326275 0.463543657641633 0.439207539140678 0.439295586323126 0.471571608874088 0.418490140532273 0.429925981590909 0.426125566473858 0.432414825971419 0.500150089398931 0.451094226333038 0.440836932262 0.431682429874348 0.37992197614208 0.271859691966832 0.325125108923478 0.34005595641158 0.285641581373768 0.391152412580608 0.4218667950271 0.397049728602958 0.387178959726938 0.397981399618301 0.39428123299974 0.423986141606747 0.438489691941178 0.468688611683206 0.411249390935074 0.429153988374598 0.403635421054755 0.384442693743792 0.591839753847597 0.362805580268178 0.39821308487155 0.33307457473958 0.404831690215352 0.424916493609756 0.450027952158532 0.452220849914701 0.416179829533121 0.460080659514307 0.441780736628634 0.456087553771174 0.46746158101524 0.467729720708694 0.470586155262502 0.45317604034647 0.457919698289581 0.47488906579772 0.466890424000752 0.393774000007732 0.399478529439703 0.422125182665865 0.445843486508391 0.41611932886195 0.482022701740406 0.506308559562435 0.586368072593106 0.516935471048741 0.359483387724912 0.467391684716991 0.420501643845278 0.362625870403618 0.323883971680868 0.370887955788 0.421828834027475 0.450150447948154 0.426158930986661 0.433615193673031 0.427628711580418 0.457181561361363 0.459057064835737 0.470444474947196 0.450213488632235 0.470661208821077 0.470594376587094 0.445175258734301 0.368136097062305 0.445221283875109 0.407460040286754 0.454086440868427 0.488235708406657 0.418177606147768 0.448315096615655 0.438691833777157 0.348617968081606 0.36752824429747 0.424900426315922 0.418018359709048 0.387124484472924 0.409355644942724 0.410064335511066 0.38796964889274 0.421833185718065 0.367635996735457 0.412854929645458 0.403077641893392 0.247400202257524 0.30037554629915 0.423620643329673 0.33257876704278 0.404736734438275 0.283292901510717 0.344235094246172 0.364375221481512 0.360255342442578 0 0.468394913819363 0.407921804530615 0.250151633687937 0.415167899075757 0.503816022220186 0.370795470808358 0.380706469196811 0.415811625143347 0.459950782510763 0.448792246548379 0.42052107776957 0.367367551210157
"vayupurana_10_gaya-mahatmya_iast" 0.426961751447184 0.485881620377418 0.514551568334122 0.498900692098041 0.486687379594773 0.536896740249608 0.473922729556827 0.474398835563307 0.477120130004475 0.480839673070208 0.542977612276615 0.492227365741702 0.501368140991341 0.508406380287598 0.405125080171929 0.460152051495629 0.421762765379347 0.448641328661811 0.422537282405501 0.433343263970366 0.475872483287079 0.418042486635918 0.424146939818772 0.421700930777546 0.409647673189314 0.457466138121062 0.476590924341047 0.498211556838836 0.514963802676944 0.517934409743747 0.473745375161957 0.410618432413002 0.582246434318304 0.43163309582713 0.422915207296208 0.423576790500809 0.44200061636166 0.483151270731488 0.514443105994638 0.507537640852288 0.474485257546837 0.515053174243957 0.496769167295937 0.521416546478527 0.526836301856368 0.521375946409538 0.52330599652411 0.506081389173955 0.511795638224113 0.529294462184549 0.54612176235397 0.478463817815254 0.465047499033005 0.491935089895817 0.483537666517554 0.491278565744438 0.525910152923626 0.549713833064164 0.596515765148433 0.547327108558085 0.430064310461212 0.504017264512832 0.46968731433592 0.430029795262499 0.409609431862161 0.410283810209286 0.424845210348489 0.456540440345873 0.445949182149584 0.450401674489108 0.490798254459662 0.495236380435353 0.494608303163724 0.509397474962887 0.506713827435233 0.523629701059322 0.523469420223891 0.489779986690155 0.410114169635196 0.482586009105866 0.479063279043169 0.520775363727875 0.48970316717821 0.431786701296886 0.527809412338275 0.461623177978358 0.41922867871419 0.432450563675643 0.454967419086473 0.457433001007512 0.411310434793209 0.419410030723892 0.463902605587566 0.445127267203619 0.520671721614096 0.435158311805408 0.411841239979126 0.412753557137812 0.438229020341187 0.475203813891301 0.515215986224292 0.456026091027052 0.521892733508544 0.469786329519006 0.489273290810093 0.411345293436517 0.459127638251657 0.468394913819363 0 0.401807662730735 0.410511707101715 0.457615847583821 0.524393301773394 0.449684709506294 0.471483068864796 0.452351274896848 0.518151290886957 0.472341535122022 0.498554399101242 0.433867090761287
"vayupurana_revakhanda" 0.355073860205862 0.409029791292031 0.444593143556336 0.419115136194267 0.403752032796759 0.450727164715574 0.388781578598061 0.398300071555877 0.393048406840921 0.401225612641374 0.465647450317278 0.39977215914886 0.414858340019469 0.41402812385607 0.272193046487186 0.372560857163672 0.305955099045169 0.344575443093134 0.306160235215941 0.294463223318116 0.386879968239441 0.294081781503088 0.313865593389445 0.32575477427306 0.316005008311282 0.383559703220207 0.366975525799554 0.402265717287267 0.429915183735012 0.424871512849831 0.354863642972819 0.298350073357213 0.535714089599548 0.317664487211907 0.315739020799575 0.303564874088128 0.338866896710909 0.360890202012279 0.423632502880066 0.401171548955451 0.341937436963958 0.416024159293197 0.38631742944963 0.427675885096908 0.443631308424172 0.431984774903859 0.432157149015005 0.407655366792914 0.420630292993067 0.436236844520297 0.459724914332321 0.35430754333722 0.339657865611477 0.388669387698212 0.379014449664807 0.377627138521596 0.435860072330541 0.47683332889878 0.553525490975473 0.484243771114591 0.305599101080091 0.413280673242915 0.346066874060064 0.292025966495999 0.271122420664424 0.308752797109445 0.306881408193954 0.343075032957693 0.313764029004992 0.336785158198638 0.436428342708471 0.400633970442295 0.394555695355293 0.406493735942134 0.40521176376796 0.422858389865634 0.427255200785215 0.380904527554182 0.293536065271941 0.401100223495176 0.392909227635142 0.4365706823174 0.391833385702727 0.325781026065299 0.436222536760057 0.362487392200143 0.288617528553831 0.336595524998132 0.376959029955786 0.357108073144983 0.296931369190978 0.222145241674466 0.388869282574018 0.324318339414981 0.456103124786211 0.312281668861158 0.309428295873318 0.297873549824945 0.355602451910348 0.418345861056085 0.461728828756154 0.389390203673457 0.449570052210718 0.395038997659512 0.430240569781701 0.376040462414024 0.38141789853328 0.407921804530615 0.401807662730735 0 0.329643590374578 0.33491350758562 0.422593657989455 0.3542252291259 0.378179728355277 0.376566037572338 0.434839490359594 0.367406542430714 0.415195577179673 0.317258125202194
"vayupurana" 0.335371735971026 0.379493338507385 0.424587806930325 0.390755427598638 0.377326888768827 0.423564540152293 0.355212114060911 0.376994378596205 0.361437218323924 0.354550115665871 0.469273373986167 0.38740366560936 0.397279445141459 0.3794441144173 0.293390123577814 0.185748292399046 0.190994592083923 0.28661481329659 0.157817705241372 0.293975320068388 0.39231376504052 0.319284393714172 0.3073220135392 0.317359382771102 0.330688860953843 0.385803876383604 0.361962001352201 0.415852909121801 0.374877110725908 0.371153942970757 0.307255506224604 0.298339380056675 0.573557860086604 0.279092882572603 0.335356308634242 0.239188598043745 0.342297835590702 0.338891830363311 0.390551329178863 0.381865078978101 0.33382402952306 0.396998528600383 0.372901282577906 0.400321757389221 0.414067567971578 0.412352726538207 0.417152204495167 0.387680313852235 0.399796135740315 0.424947934253243 0.452371776403569 0.333460790557291 0.319343545046104 0.390237880613645 0.390005934110706 0.360539082656696 0.421832341965722 0.462384890715197 0.556638505186397 0.478236833762931 0.260909662983493 0.416483463044116 0.344941836610607 0.263206069129907 0.20662563180301 0.305066603322177 0.35559862768957 0.379048140646962 0.345134472321474 0.370756658119931 0.404510960105877 0.384417556866044 0.388218784753579 0.409692370777494 0.388147679574626 0.41202756023416 0.414847430795028 0.372782355840022 0.295273032166923 0.402986295279481 0.368849501408392 0.401343258192575 0.445861244407411 0.346271956050029 0.407227271961663 0.378468618433156 0.255045124883668 0.315929339941877 0.393716786550975 0.353350445366564 0.313263780104372 0.326154331825895 0.376262647915949 0.311712914749499 0.420170841902965 0.280601137537406 0.337905083889494 0.310338775142871 0.0860460011860921 0.251775564080423 0.400942173739473 0.234481185881104 0.342751322215906 0.218389914942878 0.246220966216089 0.272587892814553 0.230394153134915 0.250151633687937 0.410511707101715 0.329643590374578 0 0.350662447897526 0.458608853854313 0.301493777537435 0.326489609987295 0.351584326106202 0.397125077293674 0.382252388338061 0.39818585221311 0.276110053546407
"visnudharma_pu" 0.36487693450904 0.365305508297488 0.399145066975788 0.330416833048639 0.321990391565774 0.391654654655979 0.359364702126115 0.369119564796576 0.366775022478832 0.397137628083128 0.40611837154849 0.3296267886961 0.32881277027128 0.343807352371997 0.31417741455598 0.388135225097232 0.331387295572535 0.375387380010272 0.336569854888703 0.228299850476096 0.409838751138802 0.333509894684629 0.350414552434374 0.357955990512125 0.344643881622039 0.404700200812388 0.302178675190644 0.338720355454213 0.370656798888779 0.388404930216564 0.286161587571203 0.33388086703793 0.543602213600398 0.334467348882343 0.331249977474754 0.319967900829813 0.37116721939186 0.29108034126627 0.367611023690975 0.329527894749723 0.277647235435547 0.353521365147217 0.302847184630095 0.375059431828509 0.397218737442081 0.379218587942822 0.382557716696202 0.359476042548999 0.357070259103762 0.373673223238165 0.397396381444458 0.249418097526268 0.250857415005561 0.308959950207464 0.307340944478388 0.293617239539489 0.376843636404006 0.426378700946158 0.522168227816738 0.453855291901874 0.314705082593676 0.440369090061027 0.338320045729447 0.301341647864547 0.292402288182476 0.322924647024956 0.335148670162344 0.386591166263163 0.26308785167016 0.364635720524837 0.432529221086833 0.349797851019145 0.33257849093953 0.359992378944178 0.353077951914762 0.364861275884517 0.380242110979098 0.331591180411746 0.331790712847573 0.414305577077805 0.368604173057567 0.448643964689001 0.436351441844704 0.369946305413879 0.456338290819324 0.386092254380385 0.315853092052888 0.357553083909623 0.404943920529836 0.367169881171633 0.328920895988109 0.298324718185293 0.398924082948793 0.352270386597302 0.442454473772446 0.313392838379064 0.35349492978085 0.315461920016185 0.367540002205915 0.417653806537602 0.456673220719235 0.40056338959803 0.481062562843885 0.410892533894473 0.439255817756986 0.389901799733703 0.397505764269626 0.415167899075757 0.457615847583821 0.33491350758562 0.350662447897526 0 0.404979623484315 0.33889487457191 0.369760627142322 0.351478989865296 0.424617062765546 0.361685923005906 0.380002674524142 0.292643004123301
"visnudharmottarapurana_khanda-3_adhyaya-343-353_pu" 0.45986601183359 0.476677866307817 0.495623040370633 0.466858230139094 0.455013117190656 0.491358131300002 0.466875583829304 0.476641203903571 0.466914735779797 0.487350641653395 0.507148420509122 0.457987578894518 0.468555918326603 0.452987372404587 0.434046102413256 0.483387559314961 0.443161969263278 0.464983365299118 0.446517806443865 0.39732620823107 0.486779538984567 0.443757471850717 0.443815239758191 0.452367637688376 0.460998236291536 0.479773218884185 0.419622242064233 0.436331499262622 0.47011867739469 0.465615003616761 0.418388455078798 0.434590634465763 0.586665081197362 0.439341083512081 0.46055328459855 0.432003442852953 0.447307857040436 0.420583230391476 0.446819101571915 0.452136496955016 0.415206997576549 0.462824365915677 0.44636879803486 0.470348823806122 0.473259969850907 0.470732553971225 0.469765496434409 0.460616089908703 0.45830062428697 0.472500358753746 0.493381885235659 0.426507645280713 0.425781452025292 0.467156991058801 0.460877482563334 0.426675177668715 0.481058538168431 0.48798428951623 0.562523042716981 0.511491669163436 0.444321290477878 0.500238313346001 0.440019147132056 0.430676319323683 0.423095588426681 0.446274713188223 0.462737775510143 0.458220000209657 0.390308001745751 0.464963261630148 0.519128210305478 0.449720370280462 0.454440357031827 0.449997915164348 0.451504245688533 0.460473084916199 0.469168221882358 0.433137045963823 0.440423438329461 0.519561832653491 0.488147534864454 0.532177136001444 0.511971422524615 0.451300001713505 0.530312781942538 0.463842176449517 0.444023653611434 0.458475343184995 0.49592159391169 0.460394588740043 0.454493959090158 0.406725907677683 0.480260198920877 0.450244655086509 0.527604391123022 0.428139382489327 0.450740289952363 0.431582514119312 0.47220241091589 0.509641296941961 0.525409915052174 0.480748101083813 0.526172319277699 0.496281457606881 0.5054193504222 0.49813580371646 0.483672736074566 0.503816022220186 0.524393301773394 0.422593657989455 0.458608853854313 0.404979623484315 0 0.447524090506635 0.467547695555594 0.472028284488688 0.505874314320778 0.450148832108349 0.490794566103123 0.429060012933656
"visnupurana_amsa-1_u" 0.386269122154706 0.392680559464252 0.418240118240157 0.388571351775738 0.376368153413692 0.444665473822176 0.351175673286957 0.365678534953418 0.361756444008021 0.374271909666287 0.47364844927864 0.390309600741791 0.401542796668419 0.388831526172684 0.33772183504619 0.321519133361006 0.290319309548853 0.34487066522915 0.283231695092434 0.31421250707049 0.397894505195273 0.331742431552892 0.374373556803526 0.36714803448067 0.37239183031057 0.393888564966761 0.372167452921174 0.401842376674227 0.397789744001135 0.394273659367691 0.340475081723843 0.329189782371168 0.57309857932386 0.307670907973043 0.368960105773903 0.290790946733633 0.368298864151741 0.353337359985287 0.404038453581146 0.395421208117471 0.355570369406768 0.41343438795583 0.387076802151782 0.41711562896311 0.421186953981248 0.429930005776749 0.429009047976663 0.406325696323787 0.413119447327742 0.440473303712217 0.453069402749882 0.347674621737537 0.348311945308491 0.410626165942051 0.419518972204567 0.366636146730314 0.428226243154464 0.470647779463884 0.551567865552416 0.485485534954634 0.294014998427046 0.41428791999344 0.331113363028874 0.284271883740111 0.292383622826221 0.345333629962168 0.377148938961703 0.412786939427723 0.340733060730608 0.379905940609141 0.417043129128147 0.396139227531737 0.402494455354232 0.420755247416598 0.406932674100858 0.426207348997069 0.428558700442993 0.382069153203924 0.324945239093952 0.446362486974677 0.412062331187761 0.427343854790663 0.45816093218301 0.348617447174613 0.44361463271754 0.375763111065813 0.313298716877592 0.345102350947449 0.413698114750479 0.370805673093249 0.353967989169538 0.348925862668093 0.397864337646554 0.333982943898971 0.4409933706905 0.324006815728903 0.346731191444075 0.327371253638426 0.314459896826119 0.356583175187546 0.453889436998028 0.355517301171935 0.448656680102661 0.372490878373939 0.372385402258244 0.381903429450813 0.358856691986401 0.370795470808358 0.449684709506294 0.3542252291259 0.301493777537435 0.33889487457191 0.447524090506635 0 0.324035337127881 0.342911692286339 0.388193095473315 0.331630961989387 0.359014901328426 0.213394166392801
"visnupurana_amsa-2_u" 0.388483156667596 0.428360133399723 0.44715382956471 0.433792309915968 0.428071792476622 0.446055283849123 0.408253166941155 0.417385495560713 0.417717691385637 0.417565314633227 0.480692680380197 0.428208481299761 0.432103553007025 0.407275216647818 0.354823571305443 0.330751731457489 0.330318221621547 0.359488017334513 0.310990290199597 0.353014221385341 0.428169484851601 0.371311843614674 0.387933233988574 0.373658734191007 0.373989816856663 0.425032888693808 0.413861770075142 0.440253403788649 0.422567567172241 0.425651472738928 0.377967531067909 0.363649996248999 0.568368059063744 0.363748430779509 0.393331260809102 0.329512717949879 0.390854876558909 0.39605936441299 0.435959370219262 0.422715392129566 0.390019511961113 0.434576330048589 0.416683396903234 0.440665426893058 0.460437173818907 0.451055499715495 0.450753427010712 0.433476605109768 0.440415832129932 0.459217247300638 0.477327373477209 0.381471803633465 0.377794659222174 0.425285715736829 0.418094035099834 0.406261416066965 0.454649301946654 0.493345811904086 0.568900256958415 0.500262739954774 0.315743821161373 0.43858555510905 0.38053539441407 0.31786039028431 0.315757826680769 0.357100139454545 0.400770578648266 0.4233346138079 0.383965410099364 0.414474927822634 0.446961840063155 0.435011805478765 0.434089358543362 0.449846265313911 0.42789947601336 0.454655010805265 0.455625965218321 0.426432401427874 0.361216207887846 0.448768701293643 0.417097664728659 0.453257778831611 0.480532160590407 0.397937764126742 0.457246529516848 0.425325342412075 0.332202106567287 0.377373081427298 0.431135567877446 0.403595379073819 0.37505723094365 0.367975880452369 0.416340770820143 0.381509550812156 0.457982767513968 0.370918149710758 0.39736501283461 0.372774192405807 0.336229602655607 0.398694799982403 0.468161550530651 0.389961481032401 0.41752241151379 0.357723049692917 0.409664868378892 0.397843781248721 0.38883860943944 0.380706469196811 0.471483068864796 0.378179728355277 0.326489609987295 0.369760627142322 0.467547695555594 0.324035337127881 0 0.349088739321398 0.411494038542156 0.386224925912673 0.364772867144581 0.271219520031212
"visnupurana_amsa-3_u" 0.374905004080959 0.42608125842411 0.458710887806257 0.430038518272981 0.422163772397265 0.465755274668426 0.402188586021306 0.406841017825099 0.413896395323238 0.420088948297435 0.485885506543696 0.429418344949541 0.424983559818369 0.415386741761185 0.335970564116045 0.369630670016698 0.330181206406167 0.38141853713518 0.3328128354631 0.350691577269208 0.421188530971058 0.36990281467362 0.384262621394679 0.358939908740032 0.349933671786845 0.421001603823604 0.410072765433923 0.449582313912942 0.438931776279935 0.446639439037693 0.388253596064249 0.364267176044643 0.5782420779269 0.381183084010023 0.360538083580388 0.337480297281287 0.385979567914044 0.396534076585776 0.450638157198342 0.422424056873365 0.392074764888825 0.442466878005179 0.410095668511353 0.445252808898324 0.455377724994976 0.456576672296639 0.456195020731225 0.434089124861683 0.439935658580611 0.458576542121482 0.47788915169369 0.372729220309643 0.369926899350927 0.411376589922817 0.395365562175078 0.398225525093016 0.443363768814206 0.493104361963668 0.567239488070028 0.503965856041081 0.319627860536143 0.449398320468297 0.380575730750568 0.320988515736832 0.32641666685428 0.341312984885717 0.380414612294693 0.421643412974353 0.381358169932153 0.396966597092498 0.448728621867002 0.440106992884213 0.431290389649599 0.457917389860957 0.448487982851806 0.458675288163578 0.467233083800005 0.433845202582871 0.367265724404199 0.44197899612289 0.412180339764784 0.436309267739961 0.477228639090943 0.398682986384967 0.455752561112873 0.434758114254405 0.337404292418075 0.366221645516911 0.408757051912021 0.411443016118978 0.373925062757891 0.374200754046649 0.415552683888807 0.38805414573214 0.478322602188075 0.382194317612502 0.398625564108408 0.374492157636866 0.367528954678427 0.412065994552808 0.462657601681461 0.411341905328029 0.480071625803348 0.398555451105465 0.429001635278171 0.380741214745194 0.401949398005661 0.415811625143347 0.452351274896848 0.376566037572338 0.351584326106202 0.351478989865296 0.472028284488688 0.342911692286339 0.349088739321398 0 0.39879870500319 0.383611999632678 0.376795241119458 0.269347120089016
"visnupurana_amsa-4_u" 0.431390612186434 0.43523086000703 0.470032941947002 0.447367241067415 0.436525909401585 0.439801825553374 0.424791617349136 0.438960162529802 0.42489419188924 0.386996286851211 0.49189646904239 0.430250849103374 0.467057665086152 0.429684347682427 0.398010433859292 0.420930099140984 0.359163568094539 0.405128491717548 0.372278512681248 0.40536285496849 0.470545341132964 0.412965005389702 0.444329468858076 0.420317235805543 0.436572182873726 0.460911172790398 0.442641780678069 0.475459845653509 0.476055059009579 0.467868131039478 0.406113250114853 0.413990555722951 0.607568005834778 0.412036325368152 0.441085954828667 0.39831738045155 0.445733359719468 0.416004206846564 0.46250376242314 0.449962569697539 0.419374904313499 0.462740357994815 0.440307236199139 0.466192784553419 0.480739230276276 0.467081497573892 0.468929123258464 0.453975741467128 0.463664688528058 0.479243079928969 0.505984388872847 0.432413805496102 0.432916292170477 0.481966795596746 0.478227434539787 0.444772148281819 0.476860663107541 0.498843432956932 0.592108879841975 0.539322384582916 0.379449272419765 0.473430164086501 0.410359401414664 0.373938574849379 0.376833684690007 0.404210280509423 0.432587635942203 0.468984375671405 0.419835707790147 0.410323405293026 0.453002870179747 0.452694566280598 0.454599072704642 0.474849048930077 0.471538880077042 0.475616259350978 0.484734014140938 0.452707082790363 0.411634473928219 0.49163394824149 0.4653707590405 0.435233346308779 0.528586204540896 0.43144195180646 0.459049539734695 0.452761878922385 0.399318425145538 0.414668098938713 0.469992121541743 0.44752992155812 0.407142326996926 0.436111084279411 0.472055532134657 0.425852135022325 0.526785181648216 0.413995566640521 0.442140441734093 0.39678220505089 0.404768274488767 0.460572033263714 0.517089584520547 0.438674891196737 0.499011754414811 0.446459986408025 0.455831073802035 0.4604303127415 0.380206605218686 0.459950782510763 0.518151290886957 0.434839490359594 0.397125077293674 0.424617062765546 0.505874314320778 0.388193095473315 0.411494038542156 0.39879870500319 0 0.376596239691859 0.42566638737153 0.292243744684908
"visnupurana_amsa-5_u" 0.399197769692715 0.393323701048007 0.443051893136453 0.406357343088355 0.398811212087358 0.442153446305539 0.385873040666153 0.389804017416152 0.378075722689272 0.389049114981923 0.444138783072305 0.348020864060156 0.416641306896983 0.41308788140897 0.347952781401764 0.414924430887943 0.328808240388329 0.363077023403734 0.33980912925263 0.34091951922915 0.43254521545876 0.338539680259357 0.38855488575755 0.377668970841752 0.388461816384184 0.418049474326389 0.358890697089622 0.38694749628048 0.445327162809995 0.423835613355229 0.327544013909718 0.348064657350112 0.582187453252742 0.366148107096655 0.399933473816657 0.351886085022669 0.392908978775323 0.36799639600033 0.394216153297909 0.395466464172513 0.362725745602268 0.409153975182462 0.393526334846448 0.421197947649687 0.465513617924158 0.415793625216547 0.417902744222217 0.406451897294625 0.419032523446463 0.435490575684437 0.487153052317103 0.393176080989471 0.389971756767446 0.449857789096014 0.448167751793879 0.394579743108522 0.440421244432689 0.444450110120691 0.556408050751985 0.503041067742425 0.332426546104888 0.408881503404072 0.3630829895724 0.316498491575075 0.327542644924961 0.360941358392428 0.375515929398441 0.419931979530828 0.346217808717628 0.376887930545044 0.445082599336369 0.413498654283905 0.405554788788159 0.403228427421792 0.402142705641263 0.404209040647614 0.408863022738677 0.387910082927352 0.357955141637699 0.464671920923528 0.439483276647646 0.441772716544187 0.473128051151287 0.351737359762154 0.463570813323378 0.392395441854672 0.347437079341655 0.381775572428643 0.445847884078903 0.396812400466145 0.356543430649979 0.375326685805791 0.440167546024776 0.370642200452192 0.494705319435855 0.347415933897552 0.394174500725321 0.321285901261688 0.402944995646268 0.457078419585609 0.496984091675934 0.424092647324278 0.478136472448503 0.441255697116129 0.450640044401332 0.444063967937728 0.393977047730927 0.448792246548379 0.472341535122022 0.367406542430714 0.382252388338061 0.361685923005906 0.450148832108349 0.331630961989387 0.386224925912673 0.383611999632678 0.376596239691859 0 0.383962501643365 0.235303895811639
"visnupurana_amsa-6_u" 0.429222556057722 0.428381987907228 0.445114521976216 0.42805622605469 0.429144876075164 0.462597161250422 0.413213197539807 0.415273047425759 0.427939879524649 0.435412306971877 0.481009091737633 0.434085232539677 0.415448903524871 0.415108866140785 0.39212795450103 0.407331322722021 0.380988811202894 0.401201177029244 0.374029472814309 0.387492183069816 0.429715817298681 0.396973491538489 0.415985176503098 0.410024343658136 0.399010863616275 0.451473142514558 0.445984847532322 0.464379034912068 0.451858538392997 0.468608993307445 0.421734721257864 0.405919600056778 0.580199256953501 0.396269932985996 0.403996903152521 0.38047991216173 0.424648328205191 0.430935389228881 0.476867970147927 0.454866374122837 0.422435232041989 0.466541127187132 0.44157897407478 0.473316288024715 0.489968985117151 0.478618692236059 0.477792202163811 0.465512238459729 0.467638569602718 0.479399328348448 0.474696481542122 0.399128121735898 0.415135773483069 0.438025750719687 0.443537079187698 0.422608333253506 0.474681750402265 0.511215452749504 0.585670806144944 0.52846732703903 0.3596972554442 0.46701070121845 0.406695184100575 0.361845144071646 0.376974904697731 0.378627067078271 0.412504756320965 0.46631055974869 0.40811735180017 0.426154640060047 0.445800414178037 0.469458735094909 0.455784997580779 0.476213182087004 0.465768986876399 0.47801043136262 0.486896304492198 0.455343129933011 0.389141494617842 0.468221463734031 0.422191171808357 0.45990147276595 0.496498815717695 0.423424722175404 0.471268977835743 0.447178578001471 0.379038273607168 0.391685352177535 0.441669676234259 0.435442766037105 0.395654563263802 0.415731281273508 0.425900613374039 0.419287380354791 0.462812839062506 0.410193207847747 0.424993112560645 0.40589733344404 0.410949862336357 0.438337616377545 0.479959189931777 0.435622869170231 0.496788977636374 0.434083466039442 0.469894268518679 0.439296305618236 0.440515288018658 0.42052107776957 0.498554399101242 0.415195577179673 0.39818585221311 0.380002674524142 0.490794566103123 0.359014901328426 0.364772867144581 0.376795241119458 0.42566638737153 0.383962501643365 0 0.300669213991051
"visnupurana_u" 0.333156330534802 0.354662855948722 0.400467345263087 0.361030344104991 0.349823135675163 0.399387693317274 0.328118146508397 0.341035555486771 0.334725842784267 0.334274363200534 0.431737131703575 0.333804507483346 0.370135999078452 0.353140431575602 0.275568016534751 0.312904169659284 0.235042317088612 0.301738025590912 0.237581465841441 0.262890687003833 0.381138684773144 0.283688009058282 0.334805441255083 0.311179393893933 0.320365583823369 0.372359624425109 0.3361713823392 0.378539806123185 0.39084582240141 0.383197059247222 0.286826185774091 0.290108164293843 0.562341760361974 0.292073376190043 0.33383710300855 0.263645306469969 0.338409944858116 0.3179269557343 0.377931160418561 0.359611221795786 0.313460546158427 0.379231766365473 0.348343287070941 0.389101113293769 0.416493680889118 0.394689697314994 0.395817782735528 0.372467315667899 0.385145061505585 0.408787667016656 0.441377394646457 0.318384072485015 0.317154778320073 0.391493980403539 0.384886407834635 0.341487425510977 0.402554514328622 0.442199706617855 0.545735788945106 0.478067615130647 0.232681334207557 0.386199343791954 0.30205559719631 0.220047696120911 0.237039846892643 0.284381261942433 0.328155357170303 0.382151149517038 0.300125687627055 0.322112944648298 0.392885005100861 0.374771477110331 0.3693378230595 0.389574319055831 0.38174337641853 0.395191517988088 0.401979976054862 0.360791637320406 0.291300463030457 0.416604083447087 0.37920759134078 0.37495484360636 0.447828834403203 0.31701083325913 0.403072045378967 0.361712395937261 0.264624837631954 0.306746034054055 0.3855608248433 0.349000833580909 0.296645345005125 0.318309450094476 0.383320811237195 0.31562009705727 0.446602181080106 0.293537906627087 0.338915196314322 0.281960324127849 0.29641596814141 0.370595259477022 0.447922489971708 0.348877849707839 0.43043001061388 0.355675091551767 0.376556082620101 0.365484007799716 0.323631517726612 0.367367551210157 0.433867090761287 0.317258125202194 0.276110053546407 0.292643004123301 0.429060012933656 0.213394166392801 0.271219520031212 0.269347120089016 0.292243744684908 0.235303895811639 0.300669213991051 0
