"agnipurana_u" "bhagavatapurana_skandha-01_u" "bhagavatapurana_skandha-02_u" "bhagavatapurana_skandha-03_u" "bhagavatapurana_skandha-04_u" "bhagavatapurana_skandha-05_u" "bhagavatapurana_skandha-06_u" "bhagavatapurana_skandha-07_u" "bhagavatapurana_skandha-08_u" "bhagavatapurana_skandha-09_u" "bhagavatapurana_skandha-10_adhyaya-29-33_w_commentary" "bhagavatapurana_skandha-10_u" "bhagavatapurana_skandha-11_u" "bhagavatapurana_skandha-12_u" "bhavisyapurana" "brahmandapurana_khanda-1_u" "brahmandapurana_khanda-2_u" "brahmandapurana_khanda-3_u" "brahmandapurana" "brahmapurana_pu" "devibhagavatapurana_devigita_adhyaya-31-40" "devibhagavatapurana" "devipurana" "garudapurana_khanda-1_u" "garudapurana_khanda-2_u" "garudapurana_khanda-3_u" "harivamsa_appendix-29-30_mathura" "harivamsa_appendix-31" "harivamsa_appendix-41" "harivamsa_appendix-42_pradurbhava" "harivamsa" "kalikapurana" "karatoyamahatmya_pu" "kurmapurana_khanda-1_u" "kurmapurana_khanda-2_u" "lingapurana_khanda-1_u" "lingapurana_khanda-2_u" "mahabharata_01-adiparvan" "mahabharata_02-appendix-21_sisupala" "mahabharata_02-sabhaparvan" "mahabharata_03-aranyakaparvan" "mahabharata_04-virataparvan" "mahabharata_05-udyogaparvan" "mahabharata_06-bhismaparvan" "mahabharata_07-appendix-08_sodasarajika" "mahabharata_07-dronaparvan" "mahabharata_08-karnaparvan" "mahabharata_09-salyaparvan" "mahabharata_10-sauptikaparvan" "mahabharata_11-striparvan" "mahabharata_12-appendix-29_moksadharma" "mahabharata_12-santiparvan" "mahabharata_13-anusasanaparvan" "mahabharata_13-appendix-15_umamahesvara" "mahabharata_14-appendix-04_vaisnavadharma" "mahabharata_14-asvamedhikaparvan" "mahabharata_15-asramavasikaparvan" "mahabharata_16-mausalaparvan" "mahabharata_17-mahaprasthanikaparvan" "mahabharata_18-svargarohanaparvan" "markandeyapurana_adhyaya-1-80_u" "markandeyapurana_adhyaya-81-93_devimahatmya_u" "markandeyapurana_adhyaya-94-141_u" "markandeyapurana" "matsyapurana_pu" "naradapurana_khanda-1_u" "naradapurana_khanda-2_u" "nilamatapurana_au" "nrsimhapurana_pu" "padmapurana_a" "pranavakalpa" "ramayana_01-balakanda" "ramayana_02-ayodhyakanda_a" "ramayana_03-aranyakanda_a" "ramayana_04-kiskindhakanda" "ramayana_05-sundarakanda" "ramayana_06-yuddhakanda" "ramayana_07-uttarakanda" "saurapurana" "sivadharmasastra" "sivadharmottara" "sivapurana_dharmasamhita" "sivapurana_karvanamahatmya_au" "sivapurana_rudrasamhita" "sivapurana_sanatkumarasamhita" "sivapurana_satarudrasamhita_au" "sivapurana_umasamhita" "sivapurana_vayaviyasamhita_au" "sivapurana_vidyesvarasamhita_au" "skandamahapurana_himavatkhanda" "skandamahapurana_kasikhanda" "skandamahapurana_revakhanda" "skandamahapurana_sutasamhita_khanda-4" "skandapurana_adhyaya-1-31_pu" "skandapurana_pasupata_adhyaya174-183_u" "skandapurana" "vamanapurana_saromahatmya_u" "vamanapurana_u" "vayupurana_01_frame-and-cosmogony_iast" "vayupurana_02_pashupata-yoga_iast" "vayupurana_03_kalpas-and-shiva-lineages_iast" "vayupurana_04_bhuvana-vinyasa_iast" "vayupurana_05_jyotis-and-purvardha-close_iast" "vayupurana_06_prthu-and-prajapati-lineages_iast" "vayupurana_07_shraddha-kalpa_iast" "vayupurana_08_manu-candra-vishnu-vamsha_iast" "vayupurana_09_upasamhara_iast" "vayupurana_10_gaya-mahatmya_iast" "vayupurana_revakhanda" "vayupurana" "visnudharma_pu" "visnudharmottarapurana_khanda-3_adhyaya-343-353_pu" "visnupurana_amsa-1_u" "visnupurana_amsa-2_u" "visnupurana_amsa-3_u" "visnupurana_amsa-4_u" "visnupurana_amsa-5_u" "visnupurana_amsa-6_u" "visnupurana_u"
"agnipurana_u" 0 0.562790178960903 0.569182578488429 0.569595481232528 0.574989368339209 0.566739583907443 0.60259906333733 0.624714187245498 0.600224355252127 0.595229681989899 0.631889482957407 0.587174751614933 0.585773244119538 0.504972987979006 0.369748209093758 0.51009650079696 0.494414525983044 0.416647408173865 0.404970439870502 0.456684093719711 0.490938258091953 0.43221971902321 0.345178242446787 0.258193409081599 0.413415894277132 0.501449482765902 0.429313465221196 0.523240283275373 0.500789148239774 0.504905065115975 0.510216942557231 0.431856714241206 0.60220479543006 0.510103046768466 0.453131200368126 0.397729646601833 0.333143544894892 0.540830817921278 0.514071291384737 0.518247354856665 0.538448576223056 0.543363971117194 0.524090050543332 0.520795536060943 0.496130902050472 0.523524698506812 0.509264724179649 0.521164168860007 0.510498108969557 0.527638118361858 0.513724134399516 0.490776765457434 0.486641782196773 0.434480540497431 0.49588365430097 0.523719178688291 0.567344124610563 0.572419408569057 0.610446973010335 0.564043530478418 0.498771597337731 0.504023783911722 0.565531233225779 0.516478198056887 0.35996317000369 0.285109568953734 0.524954678885888 0.437659095705591 0.504471414314145 0.514998024617242 0.592852723851404 0.527995750483036 0.534326897965681 0.553709467528139 0.520273274512687 0.567651788873641 0.527124979503763 0.550897498702762 0.485976464232169 0.494758202129006 0.456924704178359 0.474836636211807 0.539378971014347 0.544170238319051 0.443362506573356 0.6268658169445 0.470622708722234 0.403895570615065 0.368006335285425 0.489395730241675 0.531925746348805 0.423181914430504 0.48005758193448 0.54270688713208 0.453199649410725 0.508420380798898 0.516445431663044 0.483832428524067 0.52099255445446 0.472624168255857 0.522363335638258 0.529934014963345 0.59660602770363 0.568116451144954 0.535235933353062 0.601252760981005 0.433535211488255 0.4052096420771 0.506033435727466 0.40250524203161 0.476746430468341 0.521253715414496 0.591526941329516 0.539247712981531 0.405718930807787 0.534115410961034 0.689185094657073 0.590157029540703 0.510841151529012
"bhagavatapurana_skandha-01_u" 0.562790178960903 0 0.357996514051461 0.315126972366574 0.256312537639685 0.395914487545362 0.32633214786431 0.344354874533185 0.343969444346668 0.367930414129097 0.528122889317067 0.282420007802855 0.361749488833411 0.342989794826806 0.465681153434462 0.601702227569135 0.398819048742819 0.524925065670908 0.456095557221132 0.448223964775906 0.514017931413761 0.420176259578987 0.505608855499815 0.565664926752702 0.45191272517344 0.576777512101829 0.480603158932211 0.479841427017787 0.530008494091402 0.548529265162197 0.41917794983796 0.459172686925243 0.590609816099926 0.416467925466521 0.457597094216044 0.540623640390174 0.553586694909139 0.443467554006552 0.577988123145333 0.435893763638659 0.431573278169335 0.408487161232375 0.428814821553003 0.485454342390204 0.476625149354413 0.467213219067778 0.4541459752653 0.514238224262771 0.461456772372455 0.420908690233457 0.518154489342987 0.428564071419609 0.463040251178121 0.515129674803542 0.546281559001998 0.45382713014966 0.509460019797521 0.561691090900249 0.574597156398104 0.531442820422676 0.419846923851689 0.517698111279595 0.467789764649876 0.429924257990338 0.48286378941654 0.486831035921548 0.425945886871318 0.568106800497393 0.410785891282911 0.395896873192741 0.589542045660592 0.482650826889149 0.45783835913862 0.441505880469376 0.457729171504109 0.473141137654753 0.439235810542952 0.450612588829373 0.419396457498442 0.557395477663452 0.533242262788176 0.4334150070635 0.538339209361638 0.447090199970057 0.486890233665228 0.503256130222325 0.416299146615427 0.451620475200936 0.536514109518433 0.514979184748889 0.408109054890247 0.469333903893296 0.571811168583874 0.523605868984904 0.538130563017804 0.457232318003351 0.471258283734984 0.486467845384319 0.5919357658468 0.595282773731349 0.558430701612148 0.666776771087559 0.682635362891626 0.646397877177119 0.638226153901285 0.649273530540157 0.524638342030299 0.508348495600543 0.458844703615203 0.52375747556079 0.450247784169576 0.503930163751142 0.495789779894421 0.539819654176385 0.490542348855326 0.556953003166466 0.562376869987173 0.607326232320508 0.466092016275894
"bhagavatapurana_skandha-02_u" 0.569182578488429 0.357996514051461 0 0.349398682042834 0.364590270383469 0.422492336127381 0.397217035874985 0.389874814010204 0.428629652249587 0.433241441003935 0.535737253358029 0.392381635549748 0.338401404698038 0.4160991418398 0.499786042380918 0.632376635317469 0.479057291059527 0.537977282397209 0.494150925230599 0.523365816140171 0.489438881773148 0.474673506762515 0.524916197106152 0.564592467815715 0.481178334247291 0.586008494992461 0.557849832966554 0.525851659672372 0.60574653575213 0.631514450161673 0.531827411174354 0.519021726578709 0.577591160274686 0.466821852923657 0.46364281728117 0.580313045611856 0.58685847467582 0.532713620060444 0.623648274161375 0.531453377308756 0.53136565762288 0.51594478023005 0.511790922337098 0.584557429663117 0.57227090274247 0.569256232442991 0.570886762553821 0.618153654042086 0.517582856559562 0.528541058836403 0.535349991563282 0.505606792245788 0.517994889318191 0.545496622163962 0.575933970212522 0.531509196046187 0.581997351834161 0.608036377070936 0.617191619733601 0.58968853524726 0.490997930081198 0.58032184137324 0.516367688469844 0.499131610348268 0.553542039135749 0.491138803197721 0.444110218592145 0.630427070796082 0.495090058207839 0.470742185669607 0.59472613253012 0.556029265089649 0.540738889684049 0.534052633936076 0.543609527839311 0.5507719988644 0.552178039736895 0.553683493211891 0.449209651100509 0.562356479191691 0.565174103511254 0.482585452093266 0.570196758207013 0.511187598622665 0.528320690633491 0.560218796965248 0.451879428819327 0.509197485728381 0.548069125790342 0.60486198693993 0.426340393962678 0.538954502092025 0.566341931957947 0.60395877129223 0.562486809001897 0.556640948009086 0.546123144602306 0.557266235627607 0.603887212669793 0.629408479309469 0.61592116665836 0.68335130405739 0.692626440633861 0.686020027302286 0.665684584452356 0.708119105972614 0.56499951661242 0.564958960638722 0.510895526300498 0.582556425646336 0.460783044958413 0.570769961639591 0.526482747547315 0.578011937195525 0.49386806982142 0.59478846309793 0.607959630751402 0.628724591145337 0.50774272974136
"bhagavatapurana_skandha-03_u" 0.569595481232528 0.315126972366574 0.349398682042834 0 0.262528065638289 0.386065259258036 0.346290849135904 0.35201413535953 0.360711607278167 0.378074283625929 0.531801625105071 0.299998574291901 0.388727521430044 0.393049166295327 0.472746964857285 0.619347834697047 0.434293541826444 0.529078599273032 0.474807102726775 0.493390673545362 0.535050613527198 0.468354222366375 0.497504648185556 0.560664107281496 0.499625737413689 0.58446928191629 0.489391816659822 0.505530487496213 0.565020023284295 0.575101952471674 0.456928013003509 0.469906903753105 0.613271221532091 0.410651552395521 0.471375174117041 0.549503599629852 0.56754406849907 0.506455830758423 0.576643745807281 0.505825834417119 0.497471652282577 0.484787183003855 0.477472650460539 0.535301577398724 0.503678674477602 0.520822733976767 0.504873080767289 0.566191496156722 0.49789285783056 0.49125673998533 0.55465159590915 0.480421531877762 0.499789302729542 0.529162398979829 0.60097525981754 0.508442063288285 0.556527493609698 0.588605823221571 0.610551634596178 0.577430265268851 0.470831002434978 0.522561027161106 0.488053011534872 0.464837026569793 0.526763956814174 0.48392488830259 0.455345724351763 0.600410558946074 0.428853826494809 0.440305088406133 0.583712946482406 0.511028746782551 0.50623020091408 0.490519797217889 0.520523898738152 0.531265794154929 0.486977032379283 0.499390405726594 0.44190189025424 0.560042844984497 0.562725144442444 0.449944426773398 0.576853545190381 0.445829655915542 0.503056072503242 0.504739158651955 0.424334893608361 0.484827178854085 0.557447784286297 0.54492038191004 0.437805321147108 0.510571986266966 0.588601434955024 0.54303535294052 0.566411289371081 0.479015670060233 0.487280674369882 0.486154327306389 0.605692779866954 0.625482215537073 0.586767273864362 0.688175470935811 0.688940660656288 0.671326146959675 0.646896870208425 0.698353204107823 0.531675810100568 0.515698202537917 0.502514122624987 0.556535936338999 0.449323637819795 0.538969868546964 0.488333539537851 0.5478027003093 0.505722334459076 0.57281259461096 0.594005168088878 0.61746277241906 0.492530794390669
"bhagavatapurana_skandha-04_u" 0.574989368339209 0.256312537639685 0.364590270383469 0.262528065638289 0 0.367712454801777 0.331705874803533 0.326611818779622 0.330752452584626 0.347712415763957 0.515921415979553 0.276522671973967 0.35507101213819 0.382483102215831 0.477257237804038 0.637113162130142 0.430663031161589 0.538152601454985 0.475073640306423 0.474364542863843 0.504291580093005 0.448314212509275 0.494602097890398 0.580430440832605 0.485415708136513 0.574183343770194 0.492561218721242 0.49942483935856 0.55851552110944 0.582338944187449 0.448209091939065 0.483663805722303 0.606854499924178 0.40062998012182 0.482559542007856 0.561275093600548 0.556889375671141 0.485262913294999 0.58316096818927 0.478559141873257 0.473576556602662 0.471785121637756 0.463977385159991 0.518419845220111 0.497326384982275 0.495900256992446 0.493115978943648 0.546712472991882 0.475829603610405 0.44992109984741 0.539423379844698 0.459673476094151 0.483214423503347 0.522330082366154 0.576316617588433 0.501401417685627 0.546188804514318 0.586506213249836 0.604844791015846 0.559246655574836 0.460204881219641 0.537269104616995 0.488698931846763 0.461239602852049 0.521187306002852 0.483484145112672 0.422391392550575 0.586365909079505 0.432320919659341 0.42324258634722 0.572495876949365 0.486515349138898 0.481089778371315 0.462978912320161 0.472415896907642 0.492689169667635 0.44793210060463 0.46739479801336 0.433686122048087 0.536496058588508 0.527076589688122 0.41627241667235 0.580661594903658 0.473911998199181 0.493706852961679 0.532272778133626 0.424046416165031 0.476559598806271 0.548616749147208 0.53764779325554 0.410006804495823 0.506342574357818 0.575159932251494 0.550852294521198 0.560552850216657 0.470975629691883 0.502182442550723 0.478496934801561 0.61236230101148 0.61887625679503 0.596342486306808 0.679044542707865 0.708620559531172 0.673817407241744 0.655458079959504 0.689646703552335 0.549995576356015 0.49991534563546 0.501389682281545 0.550485747519858 0.432049741426151 0.556317800519311 0.499023719652678 0.566640012632205 0.499207458756968 0.569971382727652 0.59713569675588 0.642903018625562 0.478377501499883
"bhagavatapurana_skandha-05_u" 0.566739583907443 0.395914487545362 0.422492336127381 0.386065259258036 0.367712454801777 0 0.382131738502189 0.413639713122623 0.453746412355216 0.401249251095627 0.488932024476364 0.385325955870052 0.412983459545188 0.363290204324576 0.439154913945052 0.576170196912645 0.431711444795838 0.478880811870321 0.428408244128883 0.518982417488923 0.491328648448469 0.493924352390774 0.504383428492367 0.525042642572289 0.481784652738232 0.557425904476663 0.53978904064304 0.507111143466559 0.584455712781572 0.61093939399561 0.505759539834404 0.489042597871055 0.565840521300237 0.432080158104089 0.472937281342771 0.527094971620751 0.51534502338308 0.52634054776346 0.601483287737248 0.533712270408682 0.524085937043024 0.538151854922345 0.514258118239293 0.570177206134917 0.532062671931966 0.575526699212499 0.562974124601496 0.583644762026311 0.54372324665847 0.522757344978848 0.525779728325895 0.498950963058655 0.526779133858234 0.553684326945277 0.606337442448664 0.531624124008262 0.572215094466226 0.595012845345457 0.637044989297788 0.595930215757844 0.492368605158412 0.55344175430434 0.551114411917265 0.503401055393652 0.505174707819626 0.455407302793995 0.512994207463607 0.596856872992769 0.460786952075185 0.429040791226 0.526779260763293 0.559038380177438 0.552974381780394 0.551846238682714 0.572743271273024 0.586187530003595 0.562286782135837 0.552395839735501 0.402420284856815 0.573215710740509 0.551561919915142 0.456704185121022 0.61727231709703 0.494619315792341 0.47118575514882 0.551289835109379 0.437734707387723 0.441814736641467 0.481757823813245 0.599675799058423 0.408498201413986 0.525966902010278 0.54260420955519 0.586758527591241 0.569984699048508 0.52715017019984 0.554396946512002 0.53262823205872 0.594700695683911 0.58136844076575 0.598028600862041 0.661738166293037 0.661929266694177 0.663928840232638 0.638442832523239 0.676547266417679 0.540203630905762 0.541574410797218 0.503797279998001 0.526987961514553 0.510629361901732 0.542793198793972 0.558992642362015 0.542381232838442 0.519410431334172 0.518649453529703 0.626697058504287 0.631620280683829 0.487287344596486
"bhagavatapurana_skandha-06_u" 0.60259906333733 0.32633214786431 0.397217035874985 0.346290849135904 0.331705874803533 0.382131738502189 0 0.241553007542214 0.274455131360836 0.34702878731257 0.533282054007589 0.283014058425038 0.279367707889565 0.362000173895507 0.470239583245687 0.563008933229677 0.394579629549454 0.528403459180516 0.453130490109494 0.440646312619301 0.498910677757485 0.4376070462163 0.533158244489412 0.563716193902971 0.424367931914044 0.544790663683948 0.497337225159743 0.486228779009307 0.561413837065926 0.588460420607089 0.454328222369925 0.470599502468931 0.588617333021749 0.416112114341939 0.455317461100954 0.533072926599726 0.57995411976849 0.430369651971218 0.580470428508444 0.417491427394206 0.417930372291587 0.417417848787567 0.403143648346297 0.519706715297518 0.488703158393506 0.506186685976445 0.502106208775092 0.538231372127897 0.444960282034581 0.442793107360285 0.499053200335107 0.38517351614068 0.407689983385931 0.534871168713603 0.530223798537332 0.441976580481024 0.508380136152193 0.541304968722746 0.548406765109265 0.536129875252699 0.435946618281747 0.498922329528904 0.461029147440842 0.435104280717904 0.484140506979828 0.520215505041822 0.426313341727762 0.571105611713122 0.408536150712276 0.400745147228984 0.619580562812236 0.478942400408904 0.478143137878005 0.506663024136898 0.489540887554797 0.502477331971916 0.490964930334482 0.461649231702287 0.390396918810425 0.578872858097826 0.588120212567625 0.444054491773768 0.540858760458941 0.438426576809594 0.504865092515807 0.490571672731769 0.407961911629902 0.477276233089474 0.5533670266646 0.559257408830495 0.414014845963273 0.480935565553154 0.564739608217869 0.519659070209726 0.562346116455669 0.462405334847568 0.478301143718192 0.47361956361309 0.587855967719261 0.585050599065966 0.558184797140662 0.677171386695902 0.645836325043893 0.637110317955841 0.626992907278337 0.65937467492232 0.54795838807811 0.529218416665947 0.410308256885507 0.527870144583414 0.448723187240826 0.502698327393536 0.422502218700789 0.498264919955982 0.480537855266891 0.57112273463373 0.52529269827461 0.568142698556064 0.407703497289939
"bhagavatapurana_skandha-07_u" 0.624714187245498 0.344354874533185 0.389874814010204 0.35201413535953 0.326611818779622 0.413639713122623 0.241553007542214 0 0.292882897356342 0.357553721641591 0.5400571632108 0.278116666849827 0.28723889537769 0.38249617493079 0.515673974805095 0.6132674641422 0.463886696341463 0.558280926100279 0.509456516029097 0.510264287932046 0.510986682034384 0.4702633110701 0.559726064486714 0.595086829616009 0.478639279940805 0.561101108180973 0.54818120791114 0.519450454214055 0.61370722349788 0.640860839025603 0.522558521103602 0.53416681599419 0.59866277189984 0.472514153471928 0.511416274393248 0.576869470453267 0.589921072802905 0.498936217297786 0.630562677085961 0.476856068611281 0.489148603649599 0.478285431647727 0.467609845833783 0.574962922025625 0.533001426918604 0.561813903862306 0.558283254780853 0.606220638199039 0.504515538867098 0.476375745254617 0.55985155058989 0.444223134924976 0.475447350686941 0.571424894653669 0.580470160718643 0.495197656798215 0.565720230004348 0.614231878676571 0.588596545496611 0.572820272303076 0.487937091550802 0.551316565412241 0.523181728499777 0.494210457560159 0.551602265686102 0.54226488834113 0.464207587874525 0.613140930854724 0.474494300518265 0.456499101129653 0.603766670610004 0.55395656944648 0.529078556875359 0.535834361106098 0.536669356711689 0.548133877423175 0.543172121252282 0.537624870013526 0.439582233041174 0.619684343313152 0.594541916930439 0.495351862236164 0.590282288558639 0.484323599918921 0.543023855394642 0.514938973886506 0.437781934872736 0.533961672031603 0.562852253104213 0.560113882955371 0.455356444168403 0.522985882192524 0.583911492516786 0.575456938533266 0.591684735737654 0.539733475561916 0.532705495470845 0.545837794788421 0.6161895910199 0.628631281364438 0.611687292320576 0.705400661288817 0.700644733670764 0.68575072934478 0.664742026950925 0.697619816523798 0.587710342792557 0.55210210442566 0.463086399962025 0.577270318898055 0.48722794734284 0.535258167288131 0.448105080045317 0.532437196851638 0.511268975216856 0.60488952837189 0.543924232732309 0.601566891954621 0.448901783225157
"bhagavatapurana_skandha-08_u" 0.600224355252127 0.343969444346668 0.428629652249587 0.360711607278167 0.330752452584626 0.453746412355216 0.274455131360836 0.292882897356342 0 0.329550615387532 0.565020865283874 0.256019622786512 0.363543547511698 0.382672894731429 0.458620095672773 0.575958120432385 0.361687336196968 0.525660994046018 0.441841003289696 0.432708731440554 0.49416693869441 0.425568477517837 0.514883662828139 0.569458281944909 0.459298637161903 0.571807631073617 0.482160586534451 0.476487870839083 0.556638499161935 0.548286932959655 0.429797657118777 0.48175969759398 0.586430753689484 0.363344590747848 0.483772154957784 0.538434069926762 0.562235691446965 0.416756423691434 0.54513554351823 0.441404584716624 0.419697736286883 0.448338560055589 0.460922698398597 0.501947297175473 0.464708851906063 0.485726235153651 0.493265632641949 0.535508294312053 0.445267562699305 0.456639842861145 0.547786057487184 0.454095923839867 0.449646513289911 0.55211889107131 0.587318380175898 0.452767210356297 0.50807877601617 0.551410424886538 0.576437466482937 0.538628158844765 0.433420622775298 0.480646208106782 0.449714970652816 0.414927615493931 0.49992730854437 0.531030190510031 0.468498907956627 0.560907703905405 0.396259690626877 0.377972414136886 0.604694002820228 0.470017287508064 0.487420449463929 0.470541078657219 0.490842085847037 0.509331360893388 0.453520915226111 0.455575511056606 0.394861399377176 0.583933244929546 0.578615371677441 0.440716328886043 0.525814349566613 0.424124356760624 0.485116032260116 0.440961878992557 0.399250539647251 0.494165379202466 0.565532460937603 0.526656939328323 0.437700855501101 0.452350085707746 0.581896021525564 0.489509014543568 0.574559156854583 0.458828902162381 0.443128570658398 0.467384771730761 0.612827038287814 0.623482788334564 0.543123682743058 0.677580070696945 0.673594898531579 0.655703772923724 0.643702809350404 0.651462090275302 0.557772725841027 0.534251280889706 0.399317841064861 0.532467872256594 0.481131252225559 0.469373319767606 0.377215065700557 0.483106378418711 0.497690548568569 0.583126913831006 0.516636613700417 0.540339960493653 0.396515138632574
"bhagavatapurana_skandha-09_u" 0.595229681989899 0.367930414129097 0.433241441003935 0.378074283625929 0.347712415763957 0.401249251095627 0.34702878731257 0.357553721641591 0.329550615387532 0 0.566921568330478 0.284679367507266 0.42919339080688 0.325295913674862 0.445226053239079 0.604850092950839 0.375390415765481 0.510785614250785 0.441513016472768 0.465069308496077 0.493260101424528 0.452240519649566 0.553660053530865 0.554986462371563 0.464509358972106 0.56708623675936 0.504868608330337 0.494463827558067 0.577142483033125 0.595560626416537 0.464463160880531 0.47965358508136 0.61746085167452 0.40619380342609 0.480759056519118 0.546098339939051 0.563569725344242 0.460510545622682 0.5542693716944 0.485738592598553 0.466805627181811 0.486746378430925 0.495745717820145 0.52827607467724 0.462923753084114 0.507216681165225 0.516256780712465 0.5454585839187 0.481262148070808 0.490752455299888 0.574592764249007 0.474612340836309 0.498763085569702 0.583792299905339 0.588947751860313 0.482238504074888 0.537701462524036 0.549344089703186 0.609053607530662 0.572949682274091 0.436147903002253 0.526716820218437 0.478400426142117 0.442541469160108 0.515462214645658 0.50894430959141 0.474257408004479 0.575943660117813 0.399380905120525 0.418880205637641 0.607234904755037 0.496149697458239 0.518388232864954 0.492655130658203 0.514319738355362 0.527666051515008 0.495919544694145 0.485318961121466 0.400329666215933 0.608558375218036 0.589106291533015 0.453081414563976 0.582447529560697 0.446845492313315 0.525238725991172 0.484380268033984 0.39251724444523 0.47170901149382 0.545001124223585 0.556567561432911 0.43690239753729 0.509704017145591 0.600025594446389 0.542847476751136 0.572087241703552 0.50080182930351 0.49265837246035 0.482141206042046 0.646724955039531 0.60643416835261 0.57652071279237 0.677456982301542 0.704807041299932 0.656983453215426 0.641261849864615 0.643185032582608 0.575268210828649 0.51896437062154 0.46226425585154 0.541905763851894 0.520640438869594 0.477330563904894 0.482116021981311 0.512344757971644 0.505966157687464 0.498186504304951 0.585081293810696 0.611104251849703 0.423297136424375
"bhagavatapurana_skandha-10_adhyaya-29-33_w_commentary" 0.631889482957407 0.528122889317067 0.535737253358029 0.531801625105071 0.515921415979553 0.488932024476364 0.533282054007589 0.5400571632108 0.565020865283874 0.566921568330478 0 0.52251416864723 0.539934528031378 0.52586590799442 0.564338337404867 0.655359113885783 0.546974457636503 0.535666495713285 0.53547001481418 0.557401510826043 0.522970969740259 0.552992747624012 0.557050584751769 0.611770325403717 0.541521834265245 0.594432543030425 0.588750116911647 0.590361956393181 0.672893829403925 0.685793726605977 0.601110469827654 0.563369374548589 0.580681843111732 0.572639913059142 0.541707175717367 0.604937145540979 0.584985378595692 0.58711596645629 0.672484129481761 0.586310684631562 0.593747565848526 0.605129537957733 0.577519172544362 0.622956967727405 0.628816384817559 0.620560930892475 0.626092824694052 0.633435121500439 0.58848145408169 0.585135243397692 0.528955787071192 0.569608866422588 0.581273604381987 0.548143994496665 0.608687123382981 0.590605819766531 0.617539247860994 0.65327008715832 0.64598864174995 0.631199650363079 0.550787302177427 0.607906511726113 0.583587034259128 0.558198502324296 0.607755013263665 0.558063453011045 0.536495119135903 0.649743786409927 0.559259687878833 0.521894469256264 0.42282989430348 0.603722928092494 0.583692217252346 0.602577877497863 0.620728187704084 0.614281893776573 0.617530039040927 0.598964537669444 0.501817238720162 0.632600523633339 0.590959901982286 0.553873133113379 0.640794159964148 0.555712826470217 0.566358828068269 0.621929271816424 0.552474618192358 0.474552150228694 0.546878710652634 0.658817562869631 0.401605310511605 0.609226592715818 0.56287716803725 0.650058993760727 0.578747519757082 0.600611397618741 0.625784437990355 0.602181530752299 0.638824319036402 0.615299062535085 0.67454199565914 0.727304418480054 0.732789792086781 0.727227208253962 0.679594561389497 0.735122396766363 0.577403366794769 0.611671008408143 0.583653551682525 0.623853190512593 0.515668567703772 0.63221970961922 0.60426540120889 0.616615225437675 0.574950687449151 0.553342457859098 0.654753119743346 0.64948586852168 0.546688481204325
"bhagavatapurana_skandha-10_u" 0.587174751614933 0.282420007802855 0.392381635549748 0.299998574291901 0.276522671973967 0.385325955870052 0.283014058425038 0.278116666849827 0.256019622786512 0.284679367507266 0.52251416864723 0 0.328049940419048 0.344909495028496 0.451742326218828 0.598243097854186 0.3658336924185 0.509967702953105 0.432860283721933 0.463564707428378 0.514914898772839 0.42974495811535 0.513459474284602 0.556196477471102 0.459876044598793 0.56622312631863 0.485391213140047 0.488316502179306 0.559404877302671 0.57150949177963 0.435784605947205 0.480326397306056 0.590401444759609 0.390145639418418 0.500805759156478 0.546544525087392 0.572572011221282 0.46171977159637 0.577250740958672 0.474989062138374 0.449603073576178 0.455411731325755 0.479955837670347 0.495927108724863 0.481521590169637 0.477804718445615 0.473433143636543 0.528827760093392 0.477014026846244 0.470328327080343 0.556883025381812 0.46838517871546 0.49075209697964 0.558797035088469 0.596325824148334 0.477957243535069 0.527370660229699 0.563123254655218 0.599866183559716 0.56740357553206 0.46309788816525 0.4956584303135 0.488012476542709 0.458221968161389 0.511791312675092 0.502733050974952 0.463863711400422 0.570529503406977 0.380127166632682 0.374900489153868 0.590085422569302 0.493306245039094 0.483545184435737 0.473605325533039 0.504265612745612 0.50751235423431 0.457519285823822 0.472754121014704 0.417312965646149 0.595418867554706 0.557417193337344 0.42565584105768 0.559605241414434 0.408674298411067 0.530239842211846 0.467952967561523 0.410145126619076 0.483455628835509 0.552498435686573 0.528985553854364 0.434453688356491 0.502428638425319 0.603399533837066 0.543057446341163 0.59691336614329 0.477115023027302 0.500023163124568 0.462937604310651 0.620352564936586 0.613735428215817 0.585793077848519 0.680060080598964 0.697645883436699 0.657586652880725 0.650725762519716 0.668274303971683 0.561336907843694 0.517978838831809 0.438312188857543 0.539221474634604 0.507817709889461 0.500417110945759 0.464742365200151 0.523809268518562 0.524425161868102 0.560809216444947 0.548413296265041 0.589374382371038 0.447307834661607
"bhagavatapurana_skandha-11_u" 0.585773244119538 0.361749488833411 0.338401404698038 0.388727521430044 0.35507101213819 0.412983459545188 0.279367707889565 0.28723889537769 0.363543547511698 0.42919339080688 0.539934528031378 0.328049940419048 0 0.41613190621219 0.495153336367006 0.607913372999691 0.458342251131436 0.544810707424111 0.498045772905619 0.492283889381155 0.48356348249144 0.438111234863733 0.512078559191768 0.570464206096129 0.427264371039321 0.533944063461255 0.522651330628567 0.521904526873619 0.603166177301507 0.634949592393489 0.502073679900086 0.510444734278084 0.576455035422528 0.463060321217661 0.452259802626106 0.542490986495151 0.561954836070929 0.49872803444026 0.632463477119149 0.476281514496723 0.475367300407933 0.43432548173125 0.442248466175549 0.566182896949895 0.526581614207652 0.554259202001341 0.556514173441428 0.601941044506884 0.491091186796694 0.465042076592461 0.534395391789671 0.430541825032929 0.458314401605581 0.532125469230098 0.541962968299865 0.477783255231137 0.544972510012203 0.611992953953401 0.598713359675141 0.5466339785937 0.468862300352025 0.55177460186097 0.489002403570821 0.475824632499683 0.535125113817221 0.494101651119506 0.391851830222636 0.59812993893269 0.452388729834606 0.41681126136926 0.589097534093823 0.536978117841629 0.471066950029486 0.494405271681735 0.499062144104917 0.487158170280891 0.529410892447574 0.520501977963707 0.416549063872833 0.557655780741963 0.562762220238749 0.471763621313 0.565165231753721 0.479363339295577 0.522231192808721 0.517413919149971 0.445933258545445 0.502610298741315 0.543831693000009 0.57925637433761 0.436902826012175 0.529560503368428 0.55351441609375 0.546272819397955 0.567467128934447 0.529271458431831 0.538755330662563 0.530011119968102 0.596542278996846 0.606407085031487 0.599687829988731 0.673287822290647 0.681198248473176 0.670535469862711 0.627952927532524 0.697068530794946 0.547008527540111 0.529174693141123 0.452735828195261 0.550101897155437 0.46137321753934 0.538187371758595 0.488384883150977 0.552932416423583 0.489210387591121 0.58143370040347 0.566449705326012 0.615850594628347 0.46321990338603
"bhagavatapurana_skandha-12_u" 0.504972987979006 0.342989794826806 0.4160991418398 0.393049166295327 0.382483102215831 0.363290204324576 0.362000173895507 0.38249617493079 0.382672894731429 0.325295913674862 0.52586590799442 0.344909495028496 0.41613190621219 0 0.409819816209454 0.538645171434273 0.352229324058987 0.45018592485005 0.379407666670446 0.448682855036906 0.436874407526893 0.417397858856675 0.46049562995179 0.49255695644602 0.415116869581279 0.537228793501773 0.470316232405135 0.472421072820869 0.513300891186817 0.54273130982047 0.439400019959031 0.429912022274759 0.532561981651578 0.385308306161629 0.425676273650788 0.482344843883675 0.499259522980949 0.467927728893602 0.519286842449278 0.480648286702019 0.452696833222521 0.463844991781355 0.471497474852817 0.494689994396724 0.474915396233377 0.48011757497893 0.479405460930062 0.51152535942299 0.474065459705162 0.446275877942834 0.517022709635544 0.449539875518606 0.469664495294517 0.517399285831413 0.540560102296207 0.475310942818458 0.523796639551895 0.522515241331116 0.571242246687098 0.551622477115537 0.427459114519006 0.483871994326216 0.490622082967212 0.435291675935965 0.429465862522704 0.406600002602477 0.468965618986291 0.54830797243676 0.380256877287492 0.366761896211676 0.551316401025467 0.493040803329429 0.507160768899891 0.494928210070056 0.523391292890912 0.520785801460483 0.48775808410293 0.492117377527478 0.361552553337601 0.543036828447446 0.508515280550311 0.428579237855742 0.546209505509352 0.429588398673592 0.461817543639639 0.497097725120927 0.366752898253791 0.414254893276532 0.462004757979917 0.525670359078439 0.412262257562044 0.463150171073971 0.549737302307766 0.532500215382399 0.492364109590267 0.483672767715284 0.457748030672211 0.445392177691725 0.548687194383862 0.521843245010821 0.544652257857112 0.62553162170023 0.643910716501746 0.624922393927617 0.608044061012379 0.608286036273217 0.468573073504797 0.48008736557021 0.440797203509812 0.46098627727704 0.45277531628521 0.441149929912812 0.477863380549813 0.451369415953208 0.434033604409312 0.4944447568966 0.592188539664301 0.574180837384015 0.409690423880015
"bhavisyapurana" 0.369748209093758 0.465681153434462 0.499786042380918 0.472746964857285 0.477257237804038 0.439154913945052 0.470239583245687 0.515673974805095 0.458620095672773 0.445226053239079 0.564338337404867 0.451742326218828 0.495153336367006 0.409819816209454 0 0.405675276994368 0.265762540037528 0.355492601734117 0.232726991152925 0.26553863624065 0.388982207985068 0.240858048289441 0.292453607929108 0.340638355502791 0.239241789928624 0.382199615616922 0.308606392977056 0.371609697499505 0.457470868364389 0.446337351459132 0.327341279898275 0.27524251829748 0.530134699783358 0.382997326083051 0.348448795770168 0.294122583178132 0.323181175292774 0.353853601221692 0.421822811476036 0.377540315457969 0.369976004737946 0.394367522620317 0.38410290498023 0.411598029137007 0.319319518661825 0.398308078539466 0.402592398119607 0.402610330417066 0.366077772666285 0.390145892471709 0.410285260733503 0.360394751024879 0.338402329740133 0.368455235047842 0.424292127169283 0.365016566810015 0.434331487758995 0.475286468073019 0.51485841279913 0.460287289362779 0.304428563290072 0.367089027833943 0.394152873504762 0.318060565722757 0.282709884037969 0.328884720855847 0.398961568630247 0.350130932339256 0.288020058617839 0.327234412466297 0.589648184015978 0.383300894390663 0.401327027383568 0.431977969291895 0.398995628914022 0.448693614529936 0.395617126032947 0.402679539465695 0.268416630674154 0.473698850978528 0.446857531995362 0.333340953172575 0.414543979577355 0.327245087575717 0.318749808171193 0.461482697456817 0.246509695007163 0.301627306278898 0.337510338113138 0.421205010131217 0.380990655259855 0.281730697919946 0.428364999333269 0.422225583165657 0.433809924639664 0.375038579149332 0.35623366102962 0.341250330387609 0.486739636125188 0.399712906267018 0.418355061417804 0.517983748301909 0.56372827995137 0.485597716947349 0.43769055485743 0.512082834035113 0.415204660251136 0.347158968547457 0.284813162717877 0.286638752120059 0.380991357247205 0.398388898031645 0.446098710456903 0.431214976464157 0.335040501433267 0.438066044292885 0.590031601926928 0.493001535811528 0.343627076203728
"brahmandapurana_khanda-1_u" 0.51009650079696 0.601702227569135 0.632376635317469 0.619347834697047 0.637113162130142 0.576170196912645 0.563008933229677 0.6132674641422 0.575958120432385 0.604850092950839 0.655359113885783 0.598243097854186 0.607913372999691 0.538645171434273 0.405675276994368 0 0.48122535234486 0.524024477344852 0.456288044594168 0.445031386669759 0.50459610911064 0.4791058293341 0.511527949191162 0.453620300200303 0.428671603350802 0.408811068137654 0.471152842983829 0.525314508493715 0.452482893939647 0.544613569315709 0.494633997155478 0.453557797825447 0.621301961228279 0.557322044605269 0.479099182808845 0.32930895648799 0.435517215747019 0.462260841705573 0.541489208594745 0.478805776345626 0.495577306487612 0.535470804576465 0.484770463322344 0.533652628595202 0.475831294074488 0.558850662984436 0.556584079546875 0.512758635394456 0.490131402834999 0.521202899836112 0.483333365958767 0.456948733234507 0.420194309767542 0.460837776543305 0.427459625455734 0.46358022085431 0.456927425421801 0.517142148350285 0.541610625716024 0.528859455732032 0.466763332529375 0.492977717919638 0.520648450853414 0.471395876928225 0.353999836418751 0.51590728033865 0.585364309687966 0.439385804139222 0.506328110424573 0.528543583963596 0.663442938165989 0.546977126238619 0.555115223610357 0.586710655717862 0.551904456053453 0.601668248095793 0.560148682376711 0.551953484195958 0.474151699025858 0.609352610460011 0.584972127209882 0.518593312641468 0.495782851338537 0.510130093183865 0.455501679081922 0.56290341973835 0.455754545856589 0.489490075289853 0.465626278686484 0.518400047418376 0.567336209186935 0.386765557098099 0.522450278509756 0.42576148940653 0.521165319327671 0.475748960273279 0.497400725429229 0.528313896183937 0.433437022762469 0.402464931395845 0.387163347881879 0.552091204562382 0.403341000358587 0.36942737597788 0.375631242325681 0.482692196876775 0.511533154301381 0.534434684289485 0.443915057621174 0.36507726686223 0.534232695906476 0.508991571600098 0.557352070243173 0.499647480669608 0.484726093158003 0.528542283931421 0.649412150384534 0.547282149926805 0.486251840331886
"brahmandapurana_khanda-2_u" 0.494414525983044 0.398819048742819 0.479057291059527 0.434293541826444 0.430663031161589 0.431711444795838 0.394579629549454 0.463886696341463 0.361687336196968 0.375390415765481 0.546974457636503 0.3658336924185 0.458342251131436 0.352229324058987 0.265762540037528 0.48122535234486 0 0.365093712272241 0.229253346469816 0.278357243872422 0.369273319110197 0.278844786238218 0.383273209415421 0.449773221919608 0.357450927124479 0.449594294036952 0.327510324401119 0.312799006147086 0.468294746005977 0.462629253371145 0.278521069291059 0.332163289364559 0.550211860126728 0.319838736588593 0.362444596690402 0.378384131899655 0.422713031055238 0.291282384565846 0.432708017242859 0.349701792971195 0.294237710905153 0.34265297473264 0.36940745343152 0.397825712743676 0.351987173329434 0.369460051808118 0.379053500878425 0.395359996290842 0.327406594049296 0.372687412192543 0.434824241291872 0.35490068758781 0.356600344514712 0.450596201115375 0.482502217287016 0.32179490584677 0.404795338909939 0.447069207902866 0.489380051763939 0.470024593079459 0.315617848314521 0.371412846768059 0.354999816619917 0.301093940627594 0.359299236098609 0.373900158825567 0.399006870928896 0.412368834004425 0.198638039928958 0.254103099562603 0.584757779885558 0.331551910461355 0.362845087591977 0.359264124408817 0.385268893287647 0.415334990903065 0.36541370859645 0.335803185541414 0.285383843397664 0.52746666145688 0.531433049461326 0.333524119249164 0.454228286541928 0.266713129785765 0.371239984497004 0.384257617174145 0.236670388028434 0.36275968623131 0.424594024345649 0.461123816995692 0.381759589530121 0.33641559849628 0.469991347298598 0.395791315012432 0.478883360207008 0.353959649468342 0.335168369380464 0.27791616104901 0.539826768584598 0.488226925291136 0.425282023642747 0.572349324645817 0.589624470394634 0.524961433897745 0.522370084254415 0.528787780683316 0.457691562459727 0.414291648281722 0.277779584338865 0.36639718417362 0.403208917332569 0.36642999861298 0.400760013535258 0.40739725909876 0.426746572856259 0.451244616029006 0.568728796629967 0.52250530236911 0.355207684082625
"brahmandapurana_khanda-3_u" 0.416647408173865 0.524925065670908 0.537977282397209 0.529078599273032 0.538152601454985 0.478880811870321 0.528403459180516 0.558280926100279 0.525660994046018 0.510785614250785 0.535666495713285 0.509967702953105 0.544810707424111 0.45018592485005 0.355492601734117 0.524024477344852 0.365093712272241 0 0.18831160962087 0.4143489691453 0.399575004787252 0.375906421640349 0.317997867102276 0.37952046288012 0.400181213697209 0.447511181908985 0.387954516835266 0.418947581305045 0.507828110467441 0.482466265614228 0.441536346576935 0.372939610595632 0.46140355493573 0.40616891227121 0.412030285168881 0.427038027767513 0.375780831557631 0.456404467796987 0.473063917617286 0.482957922772685 0.471423223016202 0.485092262534483 0.492933332244197 0.484190875530255 0.498394580049753 0.480834772049211 0.480846177127237 0.479050655267476 0.466844277670553 0.479443745074995 0.497897853251101 0.490283763947942 0.48089876309808 0.469871321761184 0.557793977551391 0.493848414666546 0.535609410295735 0.532666783264701 0.588245043554664 0.542191274243676 0.444767250598149 0.427129230260563 0.497116142680474 0.450333943478718 0.420343664956719 0.314610229835892 0.505928641037504 0.471718347506494 0.417730943572727 0.378893694826673 0.550239262803979 0.449233968249883 0.479247069799443 0.4656510008548 0.488932729764602 0.484657494650832 0.468947748201169 0.464292449794948 0.376850513082647 0.505070095479148 0.490900672460019 0.428476910526677 0.518927879856233 0.404070407808214 0.390478034694161 0.514139462806638 0.34514792393528 0.356095299350776 0.393909192576161 0.499845537590169 0.417919038461356 0.4445966547179 0.422961746277246 0.514983494111428 0.444364182820214 0.464903563095055 0.478769551306172 0.372313806473226 0.548028201205052 0.536049616919889 0.514147559005215 0.509689702377296 0.594064821990245 0.568058330515336 0.566198095420954 0.586062417541646 0.407623824451411 0.418705531021076 0.419601470297139 0.38259882053165 0.440068565760881 0.450363648434102 0.512389202344879 0.470186222877445 0.461434147770081 0.495052710263386 0.629819461270431 0.563533596775528 0.43687696978078
"brahmandapurana" 0.404970439870502 0.456095557221132 0.494150925230599 0.474807102726775 0.475073640306423 0.428408244128883 0.453130490109494 0.509456516029097 0.441841003289696 0.441513016472768 0.53547001481418 0.432860283721933 0.498045772905619 0.379407666670446 0.232726991152925 0.456288044594168 0.229253346469816 0.18831160962087 0 0.319805801796484 0.373005257773576 0.287799461988465 0.297636842043517 0.367123671039917 0.322812270627852 0.414257648386764 0.31397984686731 0.347129304992341 0.457225622294274 0.44028710285785 0.335619090397417 0.292931060719994 0.485016935766978 0.323998459334341 0.353272653105053 0.354899326533004 0.357784679764642 0.359469102126747 0.438630206763928 0.402864717189133 0.381475192161361 0.400994457850671 0.411709522452977 0.409652245083006 0.39829673699891 0.408753161443066 0.4108363139292 0.41200021697569 0.379069270487164 0.393712438032541 0.432974060260443 0.405006419666356 0.397344995419766 0.433328401545208 0.491689383541071 0.394964691235053 0.45724280584386 0.465141538699675 0.523649211371945 0.483827619003853 0.350191107059362 0.356443683250154 0.414233176806321 0.357544905826976 0.342451767393786 0.300797364301332 0.432097303101845 0.397178248957796 0.300087534099722 0.282616433579557 0.564769081923688 0.383883122936877 0.414180820923469 0.419403919114998 0.425579179967577 0.44529450679404 0.407075323318621 0.397921440058163 0.28466554218471 0.49370419314737 0.487071290708017 0.333531939012243 0.458427196325254 0.319049186595516 0.337987954269126 0.446897952318978 0.246593451650629 0.311007969545642 0.371291065860637 0.450685568075493 0.367840525641099 0.353663280477923 0.428019994597035 0.451232683081312 0.438934520159238 0.382110399476281 0.393335754568777 0.296475392859607 0.511203071603738 0.482547998931949 0.439355806716594 0.515788898729648 0.570695768566216 0.522398164783743 0.519412833695869 0.544194538598469 0.397219734003745 0.381921036022482 0.319709956608049 0.318391777292036 0.387911912293533 0.383360456859064 0.450150050016672 0.428413555431073 0.400932530799249 0.439261844157214 0.589152531228375 0.516892819153433 0.361953081231034
"brahmapurana_pu" 0.456684093719711 0.448223964775906 0.523365816140171 0.493390673545362 0.474364542863843 0.518982417488923 0.440646312619301 0.510264287932046 0.432708731440554 0.465069308496077 0.557401510826043 0.463564707428378 0.492283889381155 0.448682855036906 0.26553863624065 0.445031386669759 0.278357243872422 0.4143489691453 0.319805801796484 0 0.386129557850685 0.2017974888358 0.3734270617066 0.452346291962566 0.300219015929038 0.425306203845523 0.264643797242259 0.365575403564859 0.475419154638557 0.470822519304278 0.278953809637676 0.258770853681676 0.540113989767863 0.410907354962366 0.3752863679267 0.341588125881664 0.37757620836819 0.236152213055832 0.439757364770023 0.288268718818733 0.251029910060818 0.32210062191283 0.31727923408253 0.387435997362855 0.315155019610397 0.380810172234188 0.384615925378471 0.371637335674948 0.277566506454205 0.331481431784637 0.398149670547198 0.28653365507986 0.261566203093818 0.360932359792105 0.396995381712407 0.261753752971798 0.347348206046084 0.401183725465881 0.429626283814953 0.395248107335184 0.212451090813341 0.329496714277302 0.287123287716228 0.217784160981271 0.30325645168377 0.41355025182447 0.396167535124447 0.337734124271862 0.27315575700983 0.309246999769064 0.633430086669335 0.340606359481608 0.324879679365 0.382085555798073 0.354167775626518 0.389481976758957 0.359239276740982 0.334868963468587 0.302785867610847 0.517509163331165 0.493665705816966 0.359864613346444 0.375168386567566 0.302273500065262 0.350049656158993 0.455112584506178 0.294981269204327 0.336040668546251 0.42516099173379 0.422385817735464 0.39951101059332 0.264756663996552 0.458059308742591 0.333009328517125 0.466009926991168 0.321716638137784 0.292924495817628 0.307668117206358 0.492199941709696 0.418531941963457 0.371661771037814 0.537195553832752 0.548351363609159 0.502482424204052 0.465258398709807 0.496847038306265 0.402592444863741 0.3573962704601 0.287058669324175 0.31814958855934 0.326072447074232 0.397887823766902 0.391312319390003 0.427297900956747 0.369883238031505 0.462194529007208 0.561454647205865 0.510871602826304 0.324223806386451
"devibhagavatapurana_devigita_adhyaya-31-40" 0.490938258091953 0.514017931413761 0.489438881773148 0.535050613527198 0.504291580093005 0.491328648448469 0.498910677757485 0.510986682034384 0.49416693869441 0.493260101424528 0.522970969740259 0.514914898772839 0.48356348249144 0.436874407526893 0.388982207985068 0.50459610911064 0.369273319110197 0.399575004787252 0.373005257773576 0.386129557850685 0 0.359815950622424 0.425273487155809 0.47306611041997 0.416723004903339 0.412095288846329 0.432755692247618 0.413983701604733 0.554869780702609 0.602317529128062 0.460997378534387 0.355955268699625 0.486419818753615 0.444995365203435 0.340477395923179 0.438770982091528 0.416130666233406 0.43809537444087 0.56265980509479 0.467067540041383 0.455723812680311 0.474374187317772 0.45893798986805 0.520304038112508 0.504682941332083 0.52241285955089 0.531881760272111 0.533206491693216 0.449852029006256 0.479484811196026 0.460214155776063 0.446038492321569 0.445989058198937 0.439258208431347 0.476537975851809 0.44739628184937 0.489729959303956 0.541762172542968 0.54700521483305 0.526815463333621 0.385893783801705 0.464636392807657 0.449655473385098 0.395232679635052 0.442160249319633 0.397850472725971 0.393140901016836 0.48684991823119 0.390442333058702 0.410545541045585 0.538715914717405 0.487336423962804 0.448909192973954 0.451522367610013 0.482857425665201 0.487634572299104 0.505183598055791 0.462134282050592 0.363596525627745 0.520341845880184 0.509181360311681 0.396220021845488 0.475110480844327 0.404591395484524 0.3640886302371 0.507916742662627 0.375376685260413 0.378206464006186 0.36148103449744 0.517995489814202 0.401147734764062 0.435625948645282 0.362911803433056 0.491796081734249 0.42016333717691 0.478910595792833 0.469908351399908 0.43358079989077 0.57886041860662 0.487423305811242 0.497714678503033 0.601743045761581 0.623053811949377 0.605712521503587 0.557664189639883 0.584778627777519 0.48748781753452 0.46673383533357 0.425321423234773 0.460372007930378 0.401294939152412 0.480910877938025 0.473125128217959 0.496544258121088 0.464977591825463 0.478525568771276 0.604850454581858 0.5968216387582 0.431254951152078
"devibhagavatapurana" 0.43221971902321 0.420176259578987 0.474673506762515 0.468354222366375 0.448314212509275 0.493924352390774 0.4376070462163 0.4702633110701 0.425568477517837 0.452240519649566 0.552992747624012 0.42974495811535 0.438111234863733 0.417397858856675 0.240858048289441 0.4791058293341 0.278844786238218 0.375906421640349 0.287799461988465 0.2017974888358 0.359815950622424 0 0.3528562799115 0.434761810325165 0.298573528764215 0.408236852813582 0.281440961410756 0.363483016960242 0.471246982025626 0.461269837411948 0.292681533703089 0.284629028163178 0.531799054311744 0.375558133180965 0.364145861726637 0.331628379458555 0.359633381828407 0.280202357802245 0.439697616208886 0.303254047942161 0.27236199585522 0.303430835435915 0.319471053431064 0.401842094737417 0.323380839201781 0.394998292403845 0.398221388822807 0.389836145541286 0.321674138047461 0.312058797305464 0.414352193962641 0.297906234123035 0.298125682970619 0.380243362466152 0.430714724924955 0.293414056022888 0.375805356987038 0.446573319199052 0.4533777029315 0.412705040587351 0.241622911082084 0.347445392953031 0.330754668811193 0.246591603336727 0.343131234040059 0.372944007189888 0.355489241178154 0.382436999830418 0.274877780929409 0.273569121247916 0.609899624515238 0.333094364847635 0.332192014541876 0.402129701732167 0.369170072470857 0.391934973224038 0.370528643037969 0.367598008290172 0.289207686170717 0.497054452193334 0.469096614351845 0.381234985412896 0.414857415528751 0.283264144336039 0.369878011945254 0.443018403576323 0.295320691705572 0.335130400798806 0.407155693330037 0.413651133990444 0.394427297771509 0.290321604907599 0.46060644743032 0.36831412790638 0.474401540023749 0.353753589492257 0.346106133191815 0.327883820970332 0.500807098479542 0.45453092360181 0.424780167009727 0.544666415755523 0.567313645565 0.529491382360298 0.489241810427373 0.531447164893801 0.424410396930187 0.339449316436854 0.320945636147065 0.359429503975047 0.345672485953329 0.409219789921226 0.430318372564056 0.442322741930085 0.369463992424234 0.466472352235216 0.572295362732156 0.530551494948116 0.34822538467375
"devipurana" 0.345178242446787 0.505608855499815 0.524916197106152 0.497504648185556 0.494602097890398 0.504383428492367 0.533158244489412 0.559726064486714 0.514883662828139 0.553660053530865 0.557050584751769 0.513459474284602 0.512078559191768 0.46049562995179 0.292453607929108 0.511527949191162 0.383273209415421 0.317997867102276 0.297636842043517 0.3734270617066 0.425273487155809 0.3528562799115 0 0.402470482654423 0.334502343855159 0.466409033519211 0.357708835920533 0.420223868478821 0.507462619777762 0.479953566588009 0.406913190005779 0.303270717717348 0.502639100329028 0.442256338310136 0.41243485404998 0.348529792205771 0.347817482649986 0.451561198062596 0.473703501696823 0.45551669185052 0.446034413971267 0.430539865957721 0.460316428375902 0.46838284341248 0.443637118572136 0.445236284525931 0.453485262030451 0.472394814343661 0.441552909618313 0.446458838688057 0.476993358258598 0.448722935654818 0.422558863814993 0.393510930854779 0.484648368001503 0.471329300987422 0.511943902021541 0.540790723960434 0.57956720106657 0.53017297991134 0.42767033346122 0.437391537149414 0.456496574288095 0.424365535868681 0.343868656171383 0.299429855175175 0.409616441712945 0.427272115198753 0.391166111343513 0.371352864647427 0.595676888103681 0.435956828262409 0.433623941932907 0.423112709407256 0.453803883192815 0.453241173275777 0.422526017513141 0.434296064632272 0.379249544445675 0.433217290656863 0.420022205655823 0.385682419473308 0.452190554867367 0.419558117974158 0.369874667768443 0.55817967294075 0.34856609094485 0.366606216568318 0.364358233461647 0.493194863614552 0.42045741826073 0.383448150054378 0.427205334114176 0.483525408041922 0.442225064115058 0.429488248545948 0.430051096590444 0.35090430467101 0.528799407731495 0.450423219301541 0.495316702586013 0.505942225019329 0.597101435324948 0.558392429704559 0.496290112745104 0.584014491839176 0.408189324887232 0.401051804595834 0.384229078445816 0.346999846016055 0.388779952961081 0.460082066120186 0.493196459016347 0.456313022200264 0.403377466710911 0.543927182055347 0.633585067515812 0.562045971456353 0.452518822526721
"garudapurana_khanda-1_u" 0.258193409081599 0.565664926752702 0.564592467815715 0.560664107281496 0.580430440832605 0.525042642572289 0.563716193902971 0.595086829616009 0.569458281944909 0.554986462371563 0.611770325403717 0.556196477471102 0.570464206096129 0.49255695644602 0.340638355502791 0.453620300200303 0.449773221919608 0.37952046288012 0.367123671039917 0.452346291962566 0.47306611041997 0.434761810325165 0.402470482654423 0 0.37742857929518 0.439709594904252 0.424809741884144 0.500479393748549 0.4783387728841 0.49910632359655 0.496475665692915 0.457085987965067 0.556864636743423 0.496660551796959 0.440439163824391 0.386788360541618 0.331467523210047 0.51190864759158 0.52114040363051 0.496136527295406 0.526909019346057 0.549948216697397 0.496631882874712 0.495304590739446 0.478486620861929 0.52668473056597 0.514048511279346 0.50561085925505 0.501938370040825 0.520703061079287 0.475329876758847 0.471932850796511 0.473029940392797 0.448425332122647 0.501604640486083 0.500414005564594 0.535050314892561 0.556484870802336 0.591257844532954 0.543775046497804 0.478403634457073 0.486675608301801 0.555307436616708 0.498273860318999 0.370597271693933 0.328974700749638 0.540774788970391 0.45997354792228 0.507113598239975 0.498661872297329 0.584821699667096 0.530886509151393 0.536347537464481 0.558893600240514 0.522271210523214 0.566397964312645 0.532004375065302 0.565943941765175 0.434435951434319 0.497352082552776 0.48210958140135 0.496013365968406 0.553337091940567 0.516627580353608 0.421271486450848 0.595800640223901 0.417890968007078 0.379634297346234 0.363391797350894 0.460102476482672 0.506533729944347 0.4174082611753 0.472092469464551 0.497301771905393 0.466475024715968 0.489779391284581 0.509686667036086 0.484798015091068 0.494767248074147 0.469465146391976 0.511891444784962 0.510854149259364 0.575700979126075 0.558071774797378 0.511775900370472 0.596463001515706 0.46386634512859 0.446675095580232 0.454325694967976 0.398983249054776 0.469925767838867 0.479096510539009 0.562625000478212 0.539669550184696 0.412349166163711 0.477559811301449 0.649186931949357 0.571210860679091 0.462745541860011
"garudapurana_khanda-2_u" 0.413415894277132 0.45191272517344 0.481178334247291 0.499625737413689 0.485415708136513 0.481784652738232 0.424367931914044 0.478639279940805 0.459298637161903 0.464509358972106 0.541521834265245 0.459876044598793 0.427264371039321 0.415116869581279 0.239241789928624 0.428671603350802 0.357450927124479 0.400181213697209 0.322812270627852 0.300219015929038 0.416723004903339 0.298573528764215 0.334502343855159 0.37742857929518 0 0.384792845113386 0.362405489266871 0.45763413427416 0.508134180665894 0.503707921869103 0.384267267709989 0.33729601982756 0.480892111843551 0.444128260825134 0.335580530459481 0.342882160897677 0.353452294539427 0.370890791310035 0.492852059328377 0.384191091944555 0.377331046621612 0.383086143448031 0.371495041826944 0.460031326731482 0.399101675127513 0.44319299643233 0.451035979918459 0.462599971908264 0.368339746149526 0.376505665920906 0.426788980143955 0.340015207490357 0.317917441509136 0.315153418888922 0.368475764860224 0.373027919370659 0.440554120987982 0.509541081529165 0.503816994544391 0.438778831818569 0.319266760314456 0.42206170848218 0.414412877566159 0.34539712755196 0.34158481652332 0.349469379351601 0.36940340482152 0.423217226758661 0.36124067005637 0.373693059134351 0.621013516683918 0.412409480731062 0.392711114745511 0.441078183629366 0.418240480488521 0.44989477428468 0.444150408982696 0.436314240174877 0.308589936659992 0.473696517427555 0.430808861619273 0.402558793181512 0.423213554833159 0.396091521976278 0.35711991918579 0.52268121288031 0.299234419253007 0.320807992835986 0.358404978317697 0.455899884827642 0.389562725111693 0.336956999023082 0.414529362095435 0.46030701201122 0.426462662134809 0.419198869614288 0.396899972124475 0.39453050406593 0.466558123236621 0.401209958450609 0.444590526458627 0.550590442423549 0.576107293435993 0.511647896533816 0.445573419910745 0.551670389345537 0.4099430494573 0.38242182781465 0.286170251066269 0.331007070886495 0.356052051369073 0.429413291768243 0.442706241480518 0.431149099939592 0.320173565597955 0.480980865505373 0.575572023235896 0.505298004481774 0.333816198182191
"garudapurana_khanda-3_u" 0.501449482765902 0.576777512101829 0.586008494992461 0.58446928191629 0.574183343770194 0.557425904476663 0.544790663683948 0.561101108180973 0.571807631073617 0.56708623675936 0.594432543030425 0.56622312631863 0.533944063461255 0.537228793501773 0.382199615616922 0.408811068137654 0.449594294036952 0.447511181908985 0.414257648386764 0.425306203845523 0.412095288846329 0.408236852813582 0.466409033519211 0.439709594904252 0.384792845113386 0 0.449278966700634 0.513419716598301 0.492061644538148 0.559096305538666 0.478141038038607 0.429799051649735 0.522950696715932 0.527007253546345 0.429447636234898 0.342923044611409 0.392878968328422 0.472902866632035 0.576307113815195 0.455355201092153 0.486525432810955 0.504238929231004 0.449983549745213 0.505262541125936 0.474429142208811 0.538683481477695 0.525468344228569 0.495349078834258 0.468112672475171 0.477143071367741 0.458853884286046 0.418263020543404 0.393818379468605 0.403758801953245 0.429548574546114 0.454170342575969 0.474261723828059 0.542659845644911 0.530008109168555 0.494148569248344 0.419499751349375 0.490787982202234 0.51629847269218 0.446018625859197 0.43024158880298 0.482210337469311 0.440933062305698 0.452038632625111 0.459540777148454 0.492323613697652 0.625713961836593 0.523589952432691 0.489500806167948 0.542569525684369 0.504538577901974 0.544727041750253 0.543028960144074 0.501406777377017 0.428042097763335 0.561649319541252 0.555098346670216 0.508386820465877 0.49594112359409 0.440282119574217 0.420036976230774 0.543581753292962 0.422526041076974 0.413681077812425 0.419709280842624 0.482077800881631 0.505041631639793 0.411021714602772 0.40916262293026 0.441311394845082 0.491840715995631 0.45699755276655 0.514717358208689 0.467948843212285 0.486561812034387 0.425091420595166 0.468564292041915 0.512948881967016 0.502977169941843 0.482157310935926 0.413303404457055 0.527112518977327 0.455924257376425 0.458947663805781 0.456348794866268 0.36267382572986 0.456199178239875 0.543876481968789 0.541234353324417 0.522321300202158 0.441436712974813 0.493593108434735 0.638763708503874 0.624257538520327 0.467480052436254
"harivamsa_appendix-29-30_mathura" 0.429313465221196 0.480603158932211 0.557849832966554 0.489391816659822 0.492561218721242 0.53978904064304 0.497337225159743 0.54818120791114 0.482160586534451 0.504868608330337 0.588750116911647 0.485391213140047 0.522651330628567 0.470316232405135 0.308606392977056 0.471152842983829 0.327510324401119 0.387954516835266 0.31397984686731 0.264643797242259 0.432755692247618 0.281440961410756 0.357708835920533 0.424809741884144 0.362405489266871 0.449278966700634 0 0.330040629762619 0.399678834972517 0.416656117126691 0.256185811676481 0.315726342933342 0.567478260869565 0.401808068348925 0.38951571398631 0.33706506716077 0.373386086319403 0.281637788506965 0.35906638933029 0.287255208603149 0.269822079035417 0.320475787123372 0.296982398211369 0.324665322277773 0.331005218111602 0.328775037145835 0.309321693105453 0.321903988615071 0.275048513785419 0.310861881298705 0.37324596800661 0.302844479462862 0.291600980771491 0.370505932383724 0.437631644693126 0.287247772147581 0.338511425182726 0.382157015529128 0.460098301064297 0.379053968653906 0.330132586173699 0.393805241592678 0.394106200055332 0.339488902938538 0.317244798674867 0.410339303155372 0.434935368731872 0.373608827900849 0.340605092522502 0.374999188950551 0.626845317446926 0.293231653292876 0.298170819963198 0.338895315264249 0.309240914601568 0.355970939346129 0.307316329372513 0.338447724531079 0.36997850468737 0.518399360733858 0.497564655222282 0.40190134771339 0.457356793416504 0.350103238012561 0.383447902857908 0.481947203670357 0.342270804449162 0.336487688857002 0.436730661083447 0.416536741316952 0.450105418263402 0.328417375898819 0.485079688459041 0.332292374522101 0.471107500056313 0.275923120487511 0.378904199584124 0.275754072266528 0.509862142960002 0.443089889542034 0.405777707481886 0.503101637115909 0.546602592439431 0.496774916670892 0.466930660129225 0.516769560607247 0.382300217001604 0.358751883605869 0.367525037397652 0.332737027444949 0.365106620229813 0.445607866826108 0.478468045385672 0.495049333528455 0.391824465464613 0.47906006992752 0.617857998630358 0.54662901747425 0.417934332603616
"harivamsa_appendix-31" 0.523240283275373 0.479841427017787 0.525851659672372 0.505530487496213 0.49942483935856 0.507111143466559 0.486228779009307 0.519450454214055 0.476487870839083 0.494463827558067 0.590361956393181 0.488316502179306 0.521904526873619 0.472421072820869 0.371609697499505 0.525314508493715 0.312799006147086 0.418947581305045 0.347129304992341 0.365575403564859 0.413983701604733 0.363483016960242 0.420223868478821 0.500479393748549 0.45763413427416 0.513419716598301 0.330040629762619 0 0.4812785351945 0.482042124991498 0.347231990162267 0.377325279965623 0.568515011830266 0.384551671435459 0.411311100473144 0.421504862419813 0.45307555083392 0.336446427966481 0.41353213566056 0.349863528886359 0.330946245475255 0.356041475744284 0.367321947930327 0.376321638016282 0.390868923888632 0.379631777749332 0.363289575852408 0.400927563070768 0.361181491202653 0.392946423038083 0.434161695738557 0.388578510513277 0.395960266648568 0.506249567060735 0.5117343512581 0.356039555121396 0.370779390428414 0.440963489349303 0.521031309990823 0.416799465817826 0.41162543284172 0.415508707571996 0.42418755291676 0.401829076043914 0.418726730454771 0.456174094303319 0.473958725778283 0.443113996241996 0.338493738273003 0.355796098129751 0.601260169330364 0.34868534283306 0.40961227275042 0.393651666142627 0.405316234050595 0.421018061466341 0.392533940405238 0.367756948645669 0.33374475315164 0.529502287423496 0.568340436428259 0.402966394473442 0.507680974308067 0.348399228064177 0.395751883429039 0.452363992891429 0.361615104954264 0.42063415285649 0.460602956364022 0.467326366991967 0.45599525291595 0.417652600229837 0.496341522189149 0.396873963674299 0.504079668622256 0.349899438650485 0.404587676232789 0.345313839023129 0.581663757235243 0.50529228862149 0.425247230797213 0.590640981183433 0.596208085644813 0.534425021975756 0.564831929954753 0.578331170116814 0.506000761333008 0.464321138268985 0.380913653401187 0.420944228646375 0.438646375697514 0.404790204611456 0.477806894759249 0.512579928709786 0.506376228923223 0.513669972511498 0.614895114795876 0.567613991353847 0.454912432702878
"harivamsa_appendix-41" 0.500789148239774 0.530008494091402 0.60574653575213 0.565020023284295 0.55851552110944 0.584455712781572 0.561413837065926 0.61370722349788 0.556638499161935 0.577142483033125 0.672893829403925 0.559404877302671 0.603166177301507 0.513300891186817 0.457470868364389 0.452482893939647 0.468294746005977 0.507828110467441 0.457225622294274 0.475419154638557 0.554869780702609 0.471246982025626 0.507462619777762 0.4783387728841 0.508134180665894 0.492061644538148 0.399678834972517 0.4812785351945 0 0.395332471502395 0.408029870043944 0.510386633618537 0.609165542665845 0.472928132188424 0.483697935223359 0.385571908095765 0.451855474623346 0.456104490759548 0.45282045578197 0.413544252996186 0.444583511954899 0.465181078312477 0.401090920685301 0.402491734253134 0.44856779580371 0.426755634457234 0.416628641003972 0.406216037437423 0.416043011494515 0.430376769590541 0.487267638467196 0.426073605486063 0.425131874014469 0.49896088115896 0.489546318892785 0.443244747176175 0.422673610078692 0.437205490597535 0.53978064058577 0.463023819966915 0.506529045226116 0.549435302955999 0.53733213451862 0.507927990390104 0.400575887977885 0.525094352341245 0.583339598741763 0.502654506336984 0.503108076700629 0.499546069933275 0.655975934585361 0.459418485880868 0.46519887351376 0.504103286115776 0.461715355638842 0.498521690316055 0.439648546297832 0.487262204524212 0.504430693168962 0.558791599935079 0.54187628600576 0.509238991733275 0.555584384571935 0.499265195013149 0.459742820953469 0.557459950714625 0.472230612433919 0.47619091311963 0.529361148102767 0.481846434074928 0.561077331473153 0.451420136466225 0.56284477993589 0.391876387326703 0.515328120187995 0.37362801577176 0.50597177318742 0.467039205132975 0.499218456364948 0.493597629024977 0.507973987037739 0.544782291207117 0.541294277909178 0.490211759343414 0.488013820910444 0.525914658450666 0.447288087613933 0.502345502222123 0.52907722355876 0.407906691628943 0.51614190861596 0.565730157677868 0.572051576479409 0.609015944436144 0.518711992780022 0.551966117364937 0.661661901811687 0.603776821357285 0.540129186677818
"harivamsa_appendix-42_pradurbhava" 0.504905065115975 0.548529265162197 0.631514450161673 0.575101952471674 0.582338944187449 0.61093939399561 0.588460420607089 0.640860839025603 0.548286932959655 0.595560626416537 0.685793726605977 0.57150949177963 0.634949592393489 0.54273130982047 0.446337351459132 0.544613569315709 0.462629253371145 0.482466265614228 0.44028710285785 0.470822519304278 0.602317529128062 0.461269837411948 0.479953566588009 0.49910632359655 0.503707921869103 0.559096305538666 0.416656117126691 0.482042124991498 0.395332471502395 0 0.369425036781886 0.500932971906187 0.666472935536247 0.502661855052156 0.554303887863923 0.464485048929492 0.492255952998623 0.450520500077542 0.402666652868336 0.437099732264786 0.428821813170391 0.439814001335772 0.43291799776117 0.335649731828261 0.411513305809105 0.363640742589159 0.360105240326743 0.370226927215955 0.414295625379434 0.404462325104279 0.523982209269749 0.480791196861499 0.469007832728329 0.536850037512307 0.571676204218681 0.45508304502866 0.502204562340803 0.498140830511308 0.568827624494642 0.464947265547266 0.509095381533393 0.465557076782596 0.537422659427201 0.501672698073077 0.437621349881862 0.526441143421823 0.602316902289304 0.478104112434807 0.497957424646237 0.488904533570145 0.700640882484139 0.426199248249933 0.476753755490854 0.496069939251526 0.434587649720073 0.469216277065996 0.393110901672652 0.458458399395248 0.524154478275922 0.588584482549361 0.577361972858485 0.519504518790291 0.530703062765648 0.486090361082089 0.479191844483551 0.555722692271393 0.461411433748495 0.507968986238476 0.564289201119494 0.481601388191155 0.582458855155322 0.441867336143733 0.611172520540219 0.494017251239719 0.577990215866931 0.396402320309029 0.47988365893801 0.46442606696105 0.572878262177328 0.557451385791827 0.47528186466051 0.43537970113535 0.599610604708958 0.524193414341481 0.570597524317529 0.572884698857551 0.505804485093713 0.529936989565836 0.51344853835006 0.40921942648001 0.537993864327339 0.556793450640334 0.576211365503057 0.564177633931764 0.49706990743887 0.584924108790745 0.684499974663489 0.600503741547798 0.538508567757159
"harivamsa" 0.510216942557231 0.41917794983796 0.531827411174354 0.456928013003509 0.448209091939065 0.505759539834404 0.454328222369925 0.522558521103602 0.429797657118777 0.464463160880531 0.601110469827654 0.435784605947205 0.502073679900086 0.439400019959031 0.327341279898275 0.494633997155478 0.278521069291059 0.441536346576935 0.335619090397417 0.278953809637676 0.460997378534387 0.292681533703089 0.406913190005779 0.496475665692915 0.384267267709989 0.478141038038607 0.256185811676481 0.347231990162267 0.408029870043944 0.369425036781886 0 0.347438130466672 0.6171548233942 0.391072796101652 0.4527877139509 0.393421369058083 0.441533290562017 0.208603943167546 0.363492450858755 0.261476886096394 0.183934587703321 0.254583200668498 0.275708736520016 0.31673888946767 0.324981641573969 0.269619478965896 0.274840235682814 0.295332715224916 0.233935916185304 0.257566274448304 0.412083007486484 0.332758696602105 0.32390434398803 0.439347482663628 0.487423605533115 0.250789494630851 0.328528138902265 0.360718265150656 0.464803885383632 0.402092814392989 0.311787982173256 0.381797582658913 0.339477157458594 0.300559853890402 0.382094505963924 0.466806559480908 0.42660032703861 0.427001662099696 0.310400027848261 0.347489295280934 0.648833879980855 0.246512378287112 0.24093584646241 0.276403712013971 0.250578839750228 0.283027378774665 0.212997701119772 0.230964281742119 0.378807790149263 0.551943432924627 0.534070986751637 0.421560083970275 0.44827105009957 0.323348387211799 0.40933861470504 0.44282088151938 0.342082842361894 0.393641100598601 0.488187796099073 0.424618649186374 0.463297191721179 0.33895948880363 0.538954532509499 0.343502267823095 0.517440412335074 0.231299017888281 0.353570214381199 0.265612362393905 0.527681590202521 0.503191755458209 0.388222971210696 0.543304450847469 0.560685111936085 0.503705031604446 0.519646029726102 0.507480117405261 0.439770894438487 0.41252065902447 0.364611840852138 0.359824030927213 0.397477699901111 0.471476090175387 0.449092516650861 0.478710507440166 0.43712990762139 0.480113887392573 0.607587779829776 0.542796014809084 0.413707153508163
"kalikapurana" 0.431856714241206 0.459172686925243 0.519021726578709 0.469906903753105 0.483663805722303 0.489042597871055 0.470599502468931 0.53416681599419 0.48175969759398 0.47965358508136 0.563369374548589 0.480326397306056 0.510444734278084 0.429912022274759 0.27524251829748 0.453557797825447 0.332163289364559 0.372939610595632 0.292931060719994 0.258770853681676 0.355955268699625 0.284629028163178 0.303270717717348 0.457085987965067 0.33729601982756 0.429799051649735 0.315726342933342 0.377325279965623 0.510386633618537 0.500932971906187 0.347438130466672 0 0.54693457253973 0.40839826869793 0.375582337461648 0.344711606625722 0.395737287960199 0.36098011622935 0.466787512156212 0.401572122591155 0.370820566255066 0.392775489755613 0.407141630717858 0.441229397512461 0.396364717195218 0.435402128703933 0.43012245050468 0.42738056107776 0.393939622550594 0.42628743139989 0.466250535710226 0.380789951609235 0.357998327448394 0.394521854426199 0.424435674000315 0.376955856550436 0.444959874465926 0.462015976620758 0.522868808758408 0.486444169602967 0.293495263839942 0.375860337190363 0.37156709280016 0.301097048027111 0.301944941602824 0.365805191333289 0.375058790086055 0.353759105169928 0.314382939686288 0.353205819650159 0.60764341024137 0.398956741035845 0.398897310359299 0.410715913369113 0.433978334460382 0.445872790934614 0.428688193671771 0.370938915246688 0.325136484681594 0.500368750826504 0.504668631210007 0.339300244586105 0.385493128723557 0.348509006061735 0.352539247867683 0.498574011621268 0.32032449525288 0.341497944205181 0.388733938195542 0.471219130006933 0.396917976547303 0.327888127815981 0.418521707010778 0.40464445282548 0.3995028356211 0.364975466693455 0.346189322127209 0.314334662327592 0.518392064102563 0.402710999663098 0.407222364687953 0.55986906363215 0.575644633694128 0.512005234742314 0.468452805432394 0.506072320352738 0.417304235887096 0.400742948261817 0.358135257282824 0.358514317531174 0.357395959027404 0.413730803574069 0.438855572749718 0.417698971039505 0.379782020713664 0.490058364062508 0.596024900492816 0.559626729335942 0.384283949369253
"karatoyamahatmya_pu" 0.60220479543006 0.590609816099926 0.577591160274686 0.613271221532091 0.606854499924178 0.565840521300237 0.588617333021749 0.59866277189984 0.586430753689484 0.61746085167452 0.580681843111732 0.590401444759609 0.576455035422528 0.532561981651578 0.530134699783358 0.621301961228279 0.550211860126728 0.46140355493573 0.485016935766978 0.540113989767863 0.486419818753615 0.531799054311744 0.502639100329028 0.556864636743423 0.480892111843551 0.522950696715932 0.567478260869565 0.568515011830266 0.609165542665845 0.666472935536247 0.6171548233942 0.54693457253973 0 0.550803487477562 0.454644252893839 0.554732416138584 0.522310657715304 0.5954470689994 0.673009398345673 0.598118158407013 0.606358274919741 0.60862564648712 0.590960098706432 0.629667571116504 0.614219400615472 0.634944678021323 0.642960392385587 0.650219325761492 0.592884978769272 0.595640022946019 0.607191393534112 0.57502467327724 0.558435871148857 0.52220843978564 0.574834053486194 0.603764368751832 0.628146922878393 0.663220191470844 0.653325362842685 0.599756849463766 0.557095254971314 0.592540686099486 0.594121835387127 0.563392527391358 0.581226226996968 0.528790375238715 0.57060121485087 0.636503175541054 0.567064768630686 0.522981342894003 0.620702767301454 0.633705705539162 0.615324972308572 0.626882771883505 0.653297605157514 0.640988272921286 0.653364690114056 0.64674482372854 0.451952611899869 0.554551379937012 0.551375303068305 0.57340084698477 0.632253163503163 0.541280586269904 0.498026015444661 0.620986692649174 0.474170234172082 0.487441113208174 0.511270224115982 0.597863631675208 0.481589012797896 0.572280955685724 0.45212251952133 0.604317659947143 0.557165644968328 0.587423887210119 0.570358634477884 0.584473812009735 0.633660205245154 0.572110333303796 0.649053545034092 0.618506160515268 0.670430329824115 0.674772994185214 0.599179477239781 0.700110949747882 0.542486252115059 0.569211439184944 0.529113924050633 0.561006700690737 0.534520958591315 0.569682766333115 0.568186746263922 0.59134012223816 0.547046302201855 0.608237661261688 0.649684755685656 0.631465779863756 0.533512624761322
"kurmapurana_khanda-1_u" 0.510103046768466 0.416467925466521 0.466821852923657 0.410651552395521 0.40062998012182 0.432080158104089 0.416112114341939 0.472514153471928 0.363344590747848 0.40619380342609 0.572639913059142 0.390145639418418 0.463060321217661 0.385308306161629 0.382997326083051 0.557322044605269 0.319838736588593 0.40616891227121 0.323998459334341 0.410907354962366 0.444995365203435 0.375558133180965 0.442256338310136 0.496660551796959 0.444128260825134 0.527007253546345 0.401808068348925 0.384551671435459 0.472928132188424 0.502661855052156 0.391072796101652 0.40839826869793 0.550803487477562 0 0.374195172441234 0.433107282853817 0.437555752365789 0.434862547638055 0.480158878281192 0.456351267285191 0.425736283648156 0.446416411809473 0.461297953148104 0.467372119882798 0.431956603525249 0.465640442841499 0.46242591748846 0.476858497851887 0.445173704403873 0.443395973800824 0.526331257935031 0.463700214654914 0.459743621718601 0.51857988281959 0.569940671477225 0.466288747874965 0.526143294007704 0.522789614763664 0.578205328981448 0.521552899151036 0.438616000634798 0.444038653674515 0.471907381647369 0.434345315639595 0.460267999785314 0.437051269512094 0.455145552169066 0.498607844724235 0.336230090963095 0.296264188795696 0.551494116088534 0.435804994224728 0.481280908088572 0.451243331347594 0.47788532185675 0.493433086619762 0.453123414133361 0.426702012218452 0.343590077884701 0.522935115250806 0.55031558281243 0.323564551245539 0.52297015206357 0.367099165107983 0.405190771112581 0.422793271307785 0.3572162614469 0.437409109195383 0.474699448427815 0.456830617373766 0.380931195914635 0.432787668498505 0.488978190153332 0.469763086433768 0.500640119533306 0.425373378930949 0.408569457114429 0.361234011236479 0.585507222172034 0.553921229021251 0.49299062607953 0.576811992242069 0.634410088733756 0.601994003399533 0.607084895509983 0.622793478953184 0.455803456141538 0.429483388184304 0.409087145349669 0.427489389502915 0.464653940188312 0.426888290200582 0.487256979894177 0.524499395634698 0.487798369586665 0.529371368996753 0.602236049647706 0.591393373356893 0.462061691943773
"kurmapurana_khanda-2_u" 0.453131200368126 0.457597094216044 0.46364281728117 0.471375174117041 0.482559542007856 0.472937281342771 0.455317461100954 0.511416274393248 0.483772154957784 0.480759056519118 0.541707175717367 0.500805759156478 0.452259802626106 0.425676273650788 0.348448795770168 0.479099182808845 0.362444596690402 0.412030285168881 0.353272653105053 0.3752863679267 0.340477395923179 0.364145861726637 0.41243485404998 0.440439163824391 0.335580530459481 0.429447636234898 0.38951571398631 0.411311100473144 0.483697935223359 0.554303887863923 0.4527877139509 0.375582337461648 0.454644252893839 0.374195172441234 0 0.377212687742871 0.368680606676255 0.423946787185665 0.509208212966479 0.434697622765874 0.44012153588346 0.438528150503809 0.414388696029943 0.506872894037287 0.450331622349388 0.493618625499393 0.510055324552115 0.508841584597433 0.414631582020748 0.463322672630369 0.455110477668962 0.389383587216924 0.388177512546722 0.401215451063857 0.427490277835198 0.409495390580294 0.482617537312065 0.520660090194005 0.543112978416632 0.495567939245068 0.392785353999722 0.502575634818428 0.449490290402455 0.411645923082382 0.414195771075428 0.376356953046216 0.3956127754033 0.491221880352548 0.381748463698547 0.40468149195238 0.56735496423614 0.466919190606973 0.437846550153028 0.457064979160037 0.472395934981347 0.480301594537387 0.500102708353907 0.458171088995654 0.320815082012559 0.485386013571865 0.476572324055702 0.387020618560334 0.523651940483891 0.401727257974865 0.357366833179066 0.487102935848517 0.320069869397294 0.335520437183832 0.349827703703569 0.51655163678585 0.397084902290929 0.431996158435029 0.388265355263153 0.456334930317123 0.362731110728168 0.430501605740038 0.430215629170863 0.415625889725764 0.526887918397853 0.415313553893725 0.474212971894323 0.598551994420557 0.599361398916021 0.561668338561019 0.491115594953006 0.586909196485612 0.459598103856616 0.432557789771557 0.399064031611518 0.413438977745682 0.389657974531999 0.466569412396491 0.480697489310205 0.512460231960612 0.41875119181507 0.503107821584422 0.59026996203093 0.559732451127931 0.435724187909769
"lingapurana_khanda-1_u" 0.397729646601833 0.540623640390174 0.580313045611856 0.549503599629852 0.561275093600548 0.527094971620751 0.533072926599726 0.576869470453267 0.538434069926762 0.546098339939051 0.604937145540979 0.546544525087392 0.542490986495151 0.482344843883675 0.294122583178132 0.32930895648799 0.378384131899655 0.427038027767513 0.354899326533004 0.341588125881664 0.438770982091528 0.331628379458555 0.348529792205771 0.386788360541618 0.342882160897677 0.342923044611409 0.33706506716077 0.421504862419813 0.385571908095765 0.464485048929492 0.393421369058083 0.344711606625722 0.554732416138584 0.433107282853817 0.377212687742871 0 0.262641516229877 0.419031287191339 0.455148762529032 0.400399255876785 0.416961527745346 0.454515692714795 0.405646936069491 0.443724804007577 0.377583675452727 0.479271087020691 0.475043630735217 0.422784044060549 0.412105533501274 0.431904206912583 0.431473958952715 0.361625108350574 0.324381904443029 0.359851885907395 0.371768843626441 0.410882415329461 0.404943948828989 0.457643414317403 0.498910698667169 0.44428281708786 0.390416622184181 0.432900315021065 0.481771577894235 0.411992376899842 0.282244966807257 0.409677818866813 0.472129834726502 0.369484059882068 0.410939659091617 0.410630935832357 0.615245672118977 0.454170480770457 0.463098810498648 0.49415032613175 0.470522037703321 0.507620694250719 0.471154376207306 0.477459997894126 0.374681271309344 0.512392369494203 0.487212060419681 0.409496082647735 0.470405128435335 0.418540333645807 0.346024982565061 0.533713225064339 0.375029533418167 0.36108469876285 0.368388574000619 0.421743543731628 0.481979724746661 0.322586142955416 0.434307511152816 0.328092351912782 0.469580624008291 0.375386626603519 0.405472457122232 0.411458002966841 0.42683899906545 0.37667299224129 0.399038560155871 0.50309658573449 0.445426707832131 0.420804241431902 0.356635866600725 0.48811352439707 0.42046904857119 0.431254568832784 0.411261695991315 0.276050588229916 0.423221260244486 0.456447707041651 0.520729917958328 0.480727646046541 0.37959133531244 0.481222183234943 0.63418017635346 0.561827494684378 0.446700198273437
"lingapurana_khanda-2_u" 0.333143544894892 0.553586694909139 0.58685847467582 0.56754406849907 0.556889375671141 0.51534502338308 0.57995411976849 0.589921072802905 0.562235691446965 0.563569725344242 0.584985378595692 0.572572011221282 0.561954836070929 0.499259522980949 0.323181175292774 0.435517215747019 0.422713031055238 0.375780831557631 0.357784679764642 0.37757620836819 0.416130666233406 0.359633381828407 0.347817482649986 0.331467523210047 0.353452294539427 0.392878968328422 0.373386086319403 0.45307555083392 0.451855474623346 0.492255952998623 0.441533290562017 0.395737287960199 0.522310657715304 0.437555752365789 0.368680606676255 0.262641516229877 0 0.461470796014831 0.474672087175238 0.438794113084543 0.469259777087891 0.492666363992836 0.443923071019084 0.464125456532548 0.426903784578658 0.492142249011802 0.481452162396688 0.462445739099264 0.439349164360808 0.458594770052336 0.459897374693114 0.399169212505814 0.383441921713951 0.35566529422973 0.438521226841541 0.437509467471075 0.471232479176731 0.514406517381668 0.538492337122139 0.485424381286349 0.415302421375281 0.457258837248261 0.505649366357257 0.438580965694752 0.322530736775782 0.349931888117106 0.513575879657945 0.393196366826918 0.457617434237532 0.442211206675571 0.589491367426632 0.484208602151205 0.492730122982438 0.527755362397914 0.504537084203525 0.526383302980333 0.509823091833154 0.525279462694299 0.408938554896044 0.495543155537637 0.458185566223206 0.436011669922155 0.517928709948427 0.468709480225387 0.336428997768862 0.57464681814571 0.40637524994396 0.318835450540936 0.328140095521545 0.416645465716058 0.486807037873746 0.371745610569702 0.424945018045813 0.430911557184112 0.466315333342698 0.416839875579892 0.461608595942802 0.440162189056423 0.472123818742453 0.38933873710926 0.458529531445765 0.498389521846768 0.518856632505145 0.489608213267586 0.452589890407527 0.546270853625079 0.407477496289778 0.397150381789642 0.4588337288983 0.332336919556648 0.433487442678138 0.471448580132358 0.550195180396524 0.520275480761615 0.411217230289445 0.479865520728807 0.659449843556951 0.552578304598327 0.471655168096938
"mahabharata_01-adiparvan" 0.540830817921278 0.443467554006552 0.532713620060444 0.506455830758423 0.485262913294999 0.52634054776346 0.430369651971218 0.498936217297786 0.416756423691434 0.460510545622682 0.58711596645629 0.46171977159637 0.49872803444026 0.467927728893602 0.353853601221692 0.462260841705573 0.291282384565846 0.456404467796987 0.359469102126747 0.236152213055832 0.43809537444087 0.280202357802245 0.451561198062596 0.51190864759158 0.370890791310035 0.472902866632035 0.281637788506965 0.336446427966481 0.456104490759548 0.450520500077542 0.208603943167546 0.36098011622935 0.5954470689994 0.434862547638055 0.423946787185665 0.419031287191339 0.461470796014831 0 0.376371006919183 0.210559073131024 0.13348574534904 0.236438096804421 0.252006065296671 0.336506357933644 0.319957872571481 0.30466637400447 0.314432124205513 0.319600190405836 0.21434374526575 0.266381542338046 0.388857030013617 0.280454191809484 0.274847600198043 0.428628243065457 0.448348443368421 0.153943410486223 0.259328301193557 0.3250734465089 0.393801023346901 0.377504517551353 0.251031939129545 0.3685363981783 0.267307580261278 0.239681030036327 0.375801134341574 0.490278681115133 0.439770251961495 0.39690172041207 0.318076825299277 0.341908531867927 0.658367917562121 0.245664484603904 0.265643321881481 0.316751114723531 0.2770808203191 0.329016483675925 0.291536581691922 0.261911640027878 0.364100808694905 0.573181783471149 0.560144432267829 0.4350568523127 0.437418377981606 0.337617018558132 0.420214515946925 0.436547384897698 0.351237234425207 0.382291515000863 0.502196471597873 0.446673679869433 0.455468589457419 0.324953666111646 0.511933672639737 0.337791831297536 0.513215590381108 0.2490008680417 0.353872757433644 0.301353253044585 0.531551039011234 0.489084558459442 0.368232289969475 0.561973562585042 0.531027858557938 0.498223399908318 0.50572824877985 0.47183137175883 0.454987929875322 0.432581143129292 0.353268164826819 0.376572966850437 0.402182991328209 0.447386178441334 0.406932730984707 0.460658632628754 0.436000250691521 0.474527979796727 0.576401126320128 0.527695676327137 0.3615320471386
"mahabharata_02-appendix-21_sisupala" 0.514071291384737 0.577988123145333 0.623648274161375 0.576643745807281 0.58316096818927 0.601483287737248 0.580470428508444 0.630562677085961 0.54513554351823 0.5542693716944 0.672484129481761 0.577250740958672 0.632463477119149 0.519286842449278 0.421822811476036 0.541489208594745 0.432708017242859 0.473063917617286 0.438630206763928 0.439757364770023 0.56265980509479 0.439697616208886 0.473703501696823 0.52114040363051 0.492852059328377 0.576307113815195 0.35906638933029 0.41353213566056 0.45282045578197 0.402666652868336 0.363492450858755 0.466787512156212 0.673009398345673 0.480158878281192 0.509208212966479 0.455148762529032 0.474672087175238 0.376371006919183 0 0.423619889699436 0.372580135879767 0.447753303700739 0.438419518092197 0.367989795149777 0.405146153322374 0.338389060043295 0.338347236442884 0.348079322388399 0.381878327981473 0.436576771819702 0.500515141389522 0.471203751940874 0.45720875502725 0.518647334265133 0.547594618098393 0.399133315326124 0.43728764351903 0.367300594105616 0.55177026094896 0.469369723439527 0.480090389917948 0.470220212724185 0.49608085360929 0.474673134961071 0.453037393448758 0.498131532300415 0.582476483662939 0.489232512204244 0.447770169858483 0.479667725143572 0.678379811627558 0.35606050805972 0.456671376173607 0.447089076142662 0.395473662337068 0.443135040725043 0.354788693113638 0.384394642482354 0.492354136456734 0.569273094434018 0.550265121181095 0.497649680629659 0.53843104244881 0.46301095552378 0.505089735048117 0.524760628875631 0.463324144699683 0.46429438872416 0.533295376046697 0.485383014528045 0.563628867390523 0.448890529760868 0.589407492165044 0.431391903189398 0.542251029244216 0.368471769671515 0.432749634888139 0.388736907565987 0.595717821439929 0.531941209995894 0.442345759954943 0.526264114439018 0.591976408969873 0.536477662268383 0.558179325172542 0.525910616813225 0.485148441190803 0.489418529487536 0.49241271009082 0.429394551536821 0.521177075356248 0.52265808780853 0.545663365373416 0.554439532395891 0.504446320841712 0.554351185149223 0.695422521942277 0.586138316284013 0.513046873335403
"mahabharata_02-sabhaparvan" 0.518247354856665 0.435893763638659 0.531453377308756 0.505825834417119 0.478559141873257 0.533712270408682 0.417491427394206 0.476856068611281 0.441404584716624 0.485738592598553 0.586310684631562 0.474989062138374 0.476281514496723 0.480648286702019 0.377540315457969 0.478805776345626 0.349701792971195 0.482957922772685 0.402864717189133 0.288268718818733 0.467067540041383 0.303254047942161 0.45551669185052 0.496136527295406 0.384191091944555 0.455355201092153 0.287255208603149 0.349863528886359 0.413544252996186 0.437099732264786 0.261476886096394 0.401572122591155 0.598118158407013 0.456351267285191 0.434697622765874 0.400399255876785 0.438794113084543 0.210559073131024 0.423619889699436 0 0.184229943322247 0.225684467932875 0.159749858718493 0.286409606990711 0.319852429791169 0.327851774473195 0.313772382429798 0.294892205849306 0.227208968430928 0.242156606880343 0.37828753673839 0.191007815817646 0.210801070351637 0.421378498114223 0.41519701291048 0.205505769194402 0.26260671463393 0.360277203718444 0.363603026716438 0.293413778842228 0.307214055864166 0.409355323668907 0.34819366852238 0.312356417351354 0.349673821133795 0.49884184690133 0.435627230146412 0.402814055253096 0.375535488408847 0.364881387443991 0.658267911875786 0.29089626182774 0.270766757694471 0.360494886830289 0.278535917281389 0.344427931157875 0.326352485501481 0.325255431613763 0.370233217785549 0.558512330887955 0.548761206129689 0.45375975891357 0.466656628686003 0.385104153475295 0.44120624161364 0.492230093301812 0.375839616676684 0.402853864829083 0.507368351418621 0.425940858211006 0.465413576295505 0.299124911934725 0.513260975015393 0.347140774724329 0.510025724884068 0.264426117839484 0.394264150046972 0.370247223825402 0.50859382641868 0.468650738158499 0.394836761820759 0.549289937372521 0.538078377242993 0.492636222936475 0.487724104737 0.491283342444399 0.443340668895439 0.440250027135946 0.373032015401398 0.363692857031966 0.387550950534186 0.47021825771946 0.444745074264865 0.507046504419919 0.407194039989212 0.493395080161503 0.57449488649914 0.544961360113569 0.406056181402663
"mahabharata_03-aranyakaparvan" 0.538448576223056 0.431573278169335 0.53136565762288 0.497471652282577 0.473576556602662 0.524085937043024 0.417930372291587 0.489148603649599 0.419697736286883 0.466805627181811 0.593747565848526 0.449603073576178 0.475367300407933 0.452696833222521 0.369976004737946 0.495577306487612 0.294237710905153 0.471423223016202 0.381475192161361 0.251029910060818 0.455723812680311 0.27236199585522 0.446034413971267 0.526909019346057 0.377331046621612 0.486525432810955 0.269822079035417 0.330946245475255 0.444583511954899 0.428821813170391 0.183934587703321 0.370820566255066 0.606358274919741 0.425736283648156 0.44012153588346 0.416961527745346 0.469259777087891 0.13348574534904 0.372580135879767 0.184229943322247 0 0.17465702453846 0.198354784613725 0.29667088086828 0.326750450875261 0.269537534232876 0.275001665840185 0.286247101261346 0.208291229433864 0.216969196114968 0.405352805736717 0.263243032072517 0.260448221633676 0.439126881103703 0.448738341983312 0.168516680742841 0.261495437630274 0.329833709480703 0.397479070121816 0.362844828635359 0.260400696929965 0.379787092484102 0.288062510274971 0.254066029452682 0.37855217777466 0.495457573535003 0.415569813033798 0.421649273550268 0.310242862591281 0.347257378124619 0.671648478989966 0.23971579755665 0.222875644575382 0.289021213190773 0.243628903905698 0.283653793603977 0.268895281919657 0.243295441750336 0.373919281183287 0.560535922453146 0.554094782209948 0.438660406794413 0.452915934105498 0.34539601349015 0.445875264736718 0.451796068248736 0.36180821250432 0.394398439631418 0.522724331297962 0.441878556204272 0.460916076318055 0.340285546064327 0.53513661630373 0.342934697723387 0.519588974646022 0.255607879819043 0.359433377538189 0.300136644027007 0.533480703255294 0.491403022377706 0.384900890391173 0.560069134162946 0.551812755114079 0.504335995231131 0.522201068652585 0.490832419585067 0.453078729316621 0.434202753957722 0.367431645281157 0.376471289699044 0.396256443834725 0.460717155877114 0.421108350055417 0.473991189840451 0.431077561828235 0.495298505289855 0.5876926282865 0.537408532581467 0.385166501979847
"mahabharata_04-virataparvan" 0.543363971117194 0.408487161232375 0.51594478023005 0.484787183003855 0.471785121637756 0.538151854922345 0.417417848787567 0.478285431647727 0.448338560055589 0.486746378430925 0.605129537957733 0.455411731325755 0.43432548173125 0.463844991781355 0.394367522620317 0.535470804576465 0.34265297473264 0.485092262534483 0.400994457850671 0.32210062191283 0.474374187317772 0.303430835435915 0.430539865957721 0.549948216697397 0.383086143448031 0.504238929231004 0.320475787123372 0.356041475744284 0.465181078312477 0.439814001335772 0.254583200668498 0.392775489755613 0.60862564648712 0.446416411809473 0.438528150503809 0.454515692714795 0.492666363992836 0.236438096804421 0.447753303700739 0.225684467932875 0.17465702453846 0 0.227278311293745 0.323731655184998 0.348119126376761 0.306846435755592 0.288498866614016 0.333619278205934 0.259621154545671 0.230182730712955 0.442445857022564 0.285063340421824 0.290367552554809 0.464924773270812 0.452072284835728 0.245104073822334 0.328529371360445 0.409066839084349 0.434630033085597 0.388705927321799 0.307503482805036 0.418296793892591 0.324794153091804 0.30117582409652 0.407365170482111 0.489293240934356 0.408930383286429 0.458795833122539 0.333161036003283 0.369572861818465 0.679813162248678 0.291835554880513 0.232849283693261 0.297064609869775 0.274894088951285 0.26494145157571 0.288239657473784 0.293347848306228 0.391827366917246 0.544502170227982 0.560788758197817 0.465497555451056 0.472963774812039 0.36409960761811 0.464520913880603 0.474920387391763 0.380689922742665 0.422633563144245 0.533945613659629 0.465663964620595 0.46366792140074 0.377188292741482 0.535217597275413 0.383751526006635 0.524721288615121 0.293817182030345 0.401950474275137 0.354184554189286 0.542820087575206 0.516056407646003 0.445319848303891 0.573506235348824 0.580973854828127 0.529199791064418 0.547365176783654 0.543584101955411 0.478784595109094 0.445164963698001 0.385236731701815 0.411669057230848 0.406190705747773 0.472549972576635 0.440967283697431 0.498853779905677 0.437335951792727 0.537433189249843 0.589433073138768 0.556591016106384 0.415663752342857
"mahabharata_05-udyogaparvan" 0.524090050543332 0.428814821553003 0.511790922337098 0.477472650460539 0.463977385159991 0.514258118239293 0.403143648346297 0.467609845833783 0.460922698398597 0.495745717820145 0.577519172544362 0.479955837670347 0.442248466175549 0.471497474852817 0.38410290498023 0.484770463322344 0.36940745343152 0.492933332244197 0.411709522452977 0.31727923408253 0.45893798986805 0.319471053431064 0.460316428375902 0.496631882874712 0.371495041826944 0.449983549745213 0.296982398211369 0.367321947930327 0.401090920685301 0.43291799776117 0.275708736520016 0.407141630717858 0.590960098706432 0.461297953148104 0.414388696029943 0.405646936069491 0.443923071019084 0.252006065296671 0.438419518092197 0.159749858718493 0.198354784613725 0.227278311293745 0 0.302673212773692 0.341316236261345 0.328024774557103 0.320491661736091 0.319190650596808 0.216363526735637 0.215589314218225 0.374675258609611 0.181547769790604 0.219699716620991 0.407023823763513 0.393333964849477 0.202546148577217 0.263678116460052 0.360440743600778 0.386184889826509 0.302036613319065 0.31560714763063 0.442522110448269 0.349100674127793 0.316359997160218 0.365305911695027 0.50641390201955 0.397813381776067 0.456715506431117 0.383967617706995 0.39330707326781 0.669536191639506 0.309148818617552 0.249012695629263 0.355342831248909 0.289955178843509 0.32227128556844 0.337877596539818 0.335327984453164 0.387333497073913 0.5355692343035 0.529975014874635 0.454667626949394 0.472344448004986 0.392354996648793 0.444364207386229 0.503522658841359 0.362745633422784 0.402034625945097 0.514539519628303 0.422544558150815 0.451930932532943 0.334350259696044 0.508928838988092 0.368889135103579 0.494390563820162 0.277272827981667 0.41475481799054 0.389740560942758 0.512420830374401 0.466127574833665 0.40908235827533 0.541034120989496 0.544604444421519 0.497013075793466 0.496125349500757 0.521082545321295 0.428206919014827 0.445546497230386 0.403702275845389 0.358640936356654 0.361517439443061 0.511719841084673 0.45960410637013 0.525136202328276 0.391627210513941 0.486175185312497 0.586301390726752 0.548837498638736 0.412192140669134
"mahabharata_06-bhismaparvan" 0.520795536060943 0.485454342390204 0.584557429663117 0.535301577398724 0.518419845220111 0.570177206134917 0.519706715297518 0.574962922025625 0.501947297175473 0.52827607467724 0.622956967727405 0.495927108724863 0.566182896949895 0.494689994396724 0.411598029137007 0.533652628595202 0.397825712743676 0.484190875530255 0.409652245083006 0.387435997362855 0.520304038112508 0.401842094737417 0.46838284341248 0.495304590739446 0.460031326731482 0.505262541125936 0.324665322277773 0.376321638016282 0.402491734253134 0.335649731828261 0.31673888946767 0.441229397512461 0.629667571116504 0.467372119882798 0.506872894037287 0.443724804007577 0.464125456532548 0.336506357933644 0.367989795149777 0.286409606990711 0.29667088086828 0.323731655184998 0.302673212773692 0 0.391237029037226 0.179797675296407 0.177329605973639 0.175863370055095 0.2971718292458 0.307417245346932 0.472854484190834 0.368780932075043 0.370139471490714 0.482332452415792 0.487283924555032 0.332888846410323 0.350635293724311 0.345563691420531 0.441560905830901 0.33650979109539 0.414294919560066 0.431944160763335 0.448192253216548 0.411916702129086 0.387367028730451 0.504237116992281 0.519079695461409 0.46132147294958 0.429406880583607 0.432704105889496 0.676725568663585 0.338881423667481 0.36750105527691 0.398341311803569 0.322444930634455 0.374664828064865 0.306103751922779 0.375079066424436 0.455173030830045 0.579464224377976 0.573239227734544 0.464403422024247 0.497553268912795 0.447575129034529 0.477737013831146 0.556814732387979 0.431385362975853 0.43385776731845 0.547704141925353 0.442004293602352 0.534639298201018 0.37305469477039 0.56992632650047 0.418191211376522 0.54817244107986 0.310045798152595 0.444482567809825 0.390383035241184 0.553690926949826 0.52270630027841 0.451677555479548 0.464503579398741 0.60184659632593 0.515254649131718 0.54702427102448 0.535801136967548 0.466964875827391 0.479777495242209 0.453137223021724 0.386724551541774 0.469342043301408 0.512338050817935 0.51774558143562 0.556279901841529 0.468927555871517 0.506075049908699 0.639727842051244 0.593994380068408 0.467905787942317
"mahabharata_07-appendix-08_sodasarajika" 0.496130902050472 0.476625149354413 0.57227090274247 0.503678674477602 0.497326384982275 0.532062671931966 0.488703158393506 0.533001426918604 0.464708851906063 0.462923753084114 0.628816384817559 0.481521590169637 0.526581614207652 0.474915396233377 0.319319518661825 0.475831294074488 0.351987173329434 0.498394580049753 0.39829673699891 0.315155019610397 0.504682941332083 0.323380839201781 0.443637118572136 0.478486620861929 0.399101675127513 0.474429142208811 0.331005218111602 0.390868923888632 0.44856779580371 0.411513305809105 0.324981641573969 0.396364717195218 0.614219400615472 0.431956603525249 0.450331622349388 0.377583675452727 0.426903784578658 0.319957872571481 0.405146153322374 0.319852429791169 0.326750450875261 0.348119126376761 0.341316236261345 0.391237029037226 0 0.404505510352684 0.392041941684523 0.386981669627319 0.341941201909986 0.36885612467586 0.410176951196574 0.310936633710862 0.330799435283426 0.461431324123639 0.464670868557546 0.328343616561774 0.39089710718867 0.436517204171119 0.486149522121837 0.409515254739608 0.352107022002215 0.40688600780923 0.378354616142203 0.346705213266015 0.381168832807462 0.487914257252819 0.497209470694327 0.382992165695714 0.360780172385374 0.353863941303991 0.658681063278707 0.348581363726413 0.40205254628155 0.447136903028192 0.39160445617193 0.434503078448713 0.396368835015276 0.406645671203537 0.381104777077786 0.542069963920374 0.523932126236514 0.411815467737192 0.449942801514363 0.338109527075231 0.399434140080872 0.425859832036327 0.344278511497631 0.41173900089931 0.494653906290036 0.404579699781314 0.466100949639043 0.337602858307597 0.557198146732682 0.361165972365072 0.51439765316069 0.293087438194435 0.350143802438483 0.384258432951917 0.532561293530839 0.452969054672891 0.415562800124166 0.52102911152087 0.571965265952383 0.495245043737732 0.475083064614882 0.530435619723064 0.46661687868672 0.426383603250523 0.372697504841539 0.363000225253814 0.446142858998137 0.449965497535909 0.448968538622632 0.484317512639438 0.426676297673352 0.472710195799809 0.605633268842649 0.547215475845575 0.392186523581306
"mahabharata_07-dronaparvan" 0.523524698506812 0.467213219067778 0.569256232442991 0.520822733976767 0.495900256992446 0.575526699212499 0.506186685976445 0.561813903862306 0.485726235153651 0.507216681165225 0.620560930892475 0.477804718445615 0.554259202001341 0.48011757497893 0.398308078539466 0.558850662984436 0.369460051808118 0.480834772049211 0.408753161443066 0.380810172234188 0.52241285955089 0.394998292403845 0.445236284525931 0.52668473056597 0.44319299643233 0.538683481477695 0.328775037145835 0.379631777749332 0.426755634457234 0.363640742589159 0.269619478965896 0.435402128703933 0.634944678021323 0.465640442841499 0.493618625499393 0.479271087020691 0.492142249011802 0.30466637400447 0.338389060043295 0.327851774473195 0.269537534232876 0.306846435755592 0.328024774557103 0.179797675296407 0.404505510352684 0 0.131686680598299 0.216532455500632 0.272720657421574 0.292422310178376 0.477112557707055 0.39430241441161 0.409297356353282 0.480191529653508 0.51664897151461 0.317455922531071 0.371580416947291 0.352779091115178 0.474519420666198 0.388366365885132 0.413302730822392 0.418005755062795 0.406855848234027 0.395348193873141 0.427748161218374 0.491567237449903 0.498801141584488 0.488569580306964 0.401925639336132 0.428942305545922 0.683958844687353 0.287285971231749 0.323026753440685 0.340059735140473 0.296694553886401 0.295190109162592 0.237676186742412 0.318563534815084 0.449676688755063 0.570610226970426 0.558941799081747 0.448515726067783 0.482824334984691 0.43080154140631 0.478494117719621 0.527789418133632 0.403197684155646 0.432835022144052 0.541703065361479 0.469801563026039 0.513854571767409 0.41486859716577 0.571593886785139 0.44363332916511 0.527191391298138 0.302565248780192 0.42206914967417 0.326083039472052 0.583712757301386 0.540716314710717 0.45785315238355 0.525252320041045 0.628339254562126 0.544439724645416 0.574049934621179 0.549717838872123 0.468202346806596 0.464773439596112 0.438364731970805 0.425179343972181 0.452568554343223 0.518227068036032 0.486483710734057 0.544416243751733 0.460259937793273 0.540154812480535 0.63057848485628 0.581133587093251 0.454204375830006
"mahabharata_08-karnaparvan" 0.509264724179649 0.4541459752653 0.570886762553821 0.504873080767289 0.493115978943648 0.562974124601496 0.502106208775092 0.558283254780853 0.493265632641949 0.516256780712465 0.626092824694052 0.473433143636543 0.556514173441428 0.479405460930062 0.402592398119607 0.556584079546875 0.379053500878425 0.480846177127237 0.4108363139292 0.384615925378471 0.531881760272111 0.398221388822807 0.453485262030451 0.514048511279346 0.451035979918459 0.525468344228569 0.309321693105453 0.363289575852408 0.416628641003972 0.360105240326743 0.274840235682814 0.43012245050468 0.642960392385587 0.46242591748846 0.510055324552115 0.475043630735217 0.481452162396688 0.314432124205513 0.338347236442884 0.313772382429798 0.275001665840185 0.288498866614016 0.320491661736091 0.177329605973639 0.392041941684523 0.131686680598299 0 0.195030735037988 0.287698289262273 0.290812163296478 0.461404933569963 0.381460007520353 0.401380207566433 0.481706629899187 0.514963268182184 0.320745311242514 0.362516883108063 0.362450914586744 0.47105890712755 0.373201022373545 0.404916746717012 0.402426815160991 0.418777976977889 0.392359342863306 0.418141629463827 0.494442406725193 0.50404124833005 0.469206086755676 0.401996185990271 0.414991996315538 0.68118183960481 0.301034060891049 0.331235753480285 0.352081467164631 0.299421591189452 0.319997541696754 0.257678666456719 0.326037583541777 0.45321344768832 0.567450493351215 0.551540888541922 0.449792222158641 0.482159846807973 0.421770021537341 0.474227565747925 0.52322433737418 0.421216315053986 0.429439000117626 0.540053756593873 0.439308272136816 0.513288312117364 0.405108141758292 0.577134840890068 0.435434765503764 0.547354510795855 0.292330691776192 0.427948514188872 0.330106886497975 0.559549072188911 0.539040690892351 0.442695243865295 0.50880771000083 0.611888533657129 0.53972782067084 0.576890527710688 0.549926910121868 0.446886740139824 0.442437881096735 0.441370347814738 0.411487595897899 0.463166316081613 0.504851330396507 0.498044776957193 0.550206877758525 0.472907691062814 0.530604273632876 0.636772566348397 0.578628834055265 0.463363043942954
"mahabharata_09-salyaparvan" 0.521164168860007 0.514238224262771 0.618153654042086 0.566191496156722 0.546712472991882 0.583644762026311 0.538231372127897 0.606220638199039 0.535508294312053 0.5454585839187 0.633435121500439 0.528827760093392 0.601941044506884 0.51152535942299 0.402610330417066 0.512758635394456 0.395359996290842 0.479050655267476 0.41200021697569 0.371637335674948 0.533206491693216 0.389836145541286 0.472394814343661 0.50561085925505 0.462599971908264 0.495349078834258 0.321903988615071 0.400927563070768 0.406216037437423 0.370226927215955 0.295332715224916 0.42738056107776 0.650219325761492 0.476858497851887 0.508841584597433 0.422784044060549 0.462445739099264 0.319600190405836 0.348079322388399 0.294892205849306 0.286247101261346 0.333619278205934 0.319190650596808 0.175863370055095 0.386981669627319 0.216532455500632 0.195030735037988 0 0.302606315005045 0.32155267630725 0.471887621720339 0.380565458456323 0.360878069551474 0.483845618974851 0.48086387979891 0.322864287554593 0.341062884435956 0.31598300832873 0.431333853473465 0.347528850147051 0.415461937248229 0.422574220796293 0.441295257956547 0.408791949836308 0.390098774652239 0.520225075377287 0.515018404538562 0.440535422988323 0.413830652778787 0.44143488391268 0.696309732118494 0.319220007481235 0.358243438812519 0.409941068597471 0.334083360326835 0.388527058848577 0.306178127776571 0.341672445160658 0.462503640982845 0.598714439860181 0.586736901059036 0.469626589527889 0.484382175766797 0.423061603992766 0.486804915812324 0.54254232813783 0.442063975960568 0.450554751599276 0.540449983145969 0.427704990561209 0.531318721190223 0.382027357255556 0.577735151185743 0.40698068682821 0.560792011316256 0.304952901111926 0.410532594755603 0.337947825105362 0.5353086078361 0.520880876312186 0.445213489772295 0.476245098226907 0.576328537062684 0.500905568274564 0.532231605549659 0.485214582470009 0.455362388165942 0.466728169754279 0.448603461313147 0.355855864355689 0.485227822232689 0.543646901713608 0.529320488499622 0.52726031543851 0.475027056978809 0.503386484219859 0.653642185782332 0.599072219020364 0.483456080505454
"mahabharata_10-sauptikaparvan" 0.510498108969557 0.461456772372455 0.517582856559562 0.49789285783056 0.475829603610405 0.54372324665847 0.444960282034581 0.504515538867098 0.445267562699305 0.481262148070808 0.58848145408169 0.477014026846244 0.491091186796694 0.474065459705162 0.366077772666285 0.490131402834999 0.327406594049296 0.466844277670553 0.379069270487164 0.277566506454205 0.449852029006256 0.321674138047461 0.441552909618313 0.501938370040825 0.368339746149526 0.468112672475171 0.275048513785419 0.361181491202653 0.416043011494515 0.414295625379434 0.233935916185304 0.393939622550594 0.592884978769272 0.445173704403873 0.414631582020748 0.412105533501274 0.439349164360808 0.21434374526575 0.381878327981473 0.227208968430928 0.208291229433864 0.259621154545671 0.216363526735637 0.2971718292458 0.341941201909986 0.272720657421574 0.287698289262273 0.302606315005045 0 0.225786029765652 0.372652482798486 0.269873309745803 0.27134219318812 0.401309878627164 0.408615502884174 0.206848307800726 0.28741642100067 0.320651956536231 0.41053499330527 0.339773981489956 0.321514161277625 0.415330797115977 0.350840123509533 0.319251206559426 0.382545319652992 0.472994338803935 0.440439334492269 0.43592528935978 0.351413360370831 0.371827711430403 0.674987895062976 0.264696145374591 0.271159938180259 0.32918789993089 0.258413365964594 0.300345962674645 0.268296956990159 0.28239414864218 0.386537634863034 0.538038030340948 0.539729153529712 0.407892303668909 0.433040875309661 0.378227554666384 0.410937392641525 0.492069317839734 0.343971686988886 0.397527247331048 0.505128155416884 0.418993741616629 0.469347129925652 0.350419548216461 0.516545813771323 0.369228444412495 0.4749406337737 0.235147435351918 0.394809814736192 0.332562363464054 0.533951925456993 0.466221418696161 0.393283646361957 0.53483153048665 0.567991250019445 0.480402817561945 0.496162808282103 0.510724062677348 0.418610471291201 0.437252741989558 0.373430457425472 0.359650939365082 0.365005466489214 0.485877933368388 0.439843332527098 0.505931271402402 0.415722197050834 0.498933108285449 0.589767027847247 0.547748120542089 0.406707146941681
"mahabharata_11-striparvan" 0.527638118361858 0.420908690233457 0.528541058836403 0.49125673998533 0.44992109984741 0.522757344978848 0.442793107360285 0.476375745254617 0.456639842861145 0.490752455299888 0.585135243397692 0.470328327080343 0.465042076592461 0.446275877942834 0.390145892471709 0.521202899836112 0.372687412192543 0.479443745074995 0.393712438032541 0.331481431784637 0.479484811196026 0.312058797305464 0.446458838688057 0.520703061079287 0.376505665920906 0.477143071367741 0.310861881298705 0.392946423038083 0.430376769590541 0.404462325104279 0.257566274448304 0.42628743139989 0.595640022946019 0.443395973800824 0.463322672630369 0.431904206912583 0.458594770052336 0.266381542338046 0.436576771819702 0.242156606880343 0.216969196114968 0.230182730712955 0.215589314218225 0.307417245346932 0.36885612467586 0.292422310178376 0.290812163296478 0.32155267630725 0.225786029765652 0 0.40570689542168 0.293611238814835 0.298789430360832 0.422971594575018 0.449420819283666 0.261516843977042 0.335448704442592 0.413301407626502 0.416310191176317 0.348250895173086 0.343623945417487 0.429731093743329 0.397726344740745 0.354796067423135 0.406491992983677 0.501512207568837 0.438563740457493 0.457589670450512 0.374366623491806 0.375888633327675 0.659347107068423 0.332029678544691 0.271726917693084 0.348798282016809 0.281818150377856 0.307593953725856 0.293607018017655 0.342357722652743 0.397723106753821 0.535099737494969 0.528555356414881 0.460511876789524 0.472609312929893 0.412350455593074 0.446062116156929 0.528986900299754 0.377302921487527 0.420475522380988 0.520905753942564 0.448074856189308 0.456979453890116 0.359462481606641 0.523523108459121 0.415687226963572 0.52292179444501 0.31041073017664 0.412505259709069 0.382993046420033 0.526205581801609 0.51532794464598 0.438944273550755 0.549071620114608 0.576987130293092 0.538163664302518 0.52832997466266 0.552022461173702 0.428850868229367 0.440834972875497 0.403234103438756 0.382119259356841 0.391949052254613 0.503371303711619 0.483433108133477 0.52073615313426 0.407088086185044 0.517748652401378 0.608938113809634 0.576112058535774 0.426642703531424
"mahabharata_12-appendix-29_moksadharma" 0.513724134399516 0.518154489342987 0.535349991563282 0.55465159590915 0.539423379844698 0.525779728325895 0.499053200335107 0.55985155058989 0.547786057487184 0.574592764249007 0.528955787071192 0.556883025381812 0.534395391789671 0.517022709635544 0.410285260733503 0.483333365958767 0.434824241291872 0.497897853251101 0.432974060260443 0.398149670547198 0.460214155776063 0.414352193962641 0.476993358258598 0.475329876758847 0.426788980143955 0.458853884286046 0.37324596800661 0.434161695738557 0.487267638467196 0.523982209269749 0.412083007486484 0.466250535710226 0.607191393534112 0.526331257935031 0.455110477668962 0.431473958952715 0.459897374693114 0.388857030013617 0.500515141389522 0.37828753673839 0.405352805736717 0.442445857022564 0.374675258609611 0.472854484190834 0.410176951196574 0.477112557707055 0.461404933569963 0.471887621720339 0.372652482798486 0.40570689542168 0 0.35395252790824 0.374276720475198 0.422918870691973 0.468902328986559 0.374952549455633 0.400043546822732 0.487864674388112 0.507331041171091 0.446648142761132 0.420645582918241 0.498535867138101 0.451116595774611 0.425834238410209 0.440547709822989 0.509567218685799 0.512504069599561 0.484683386234424 0.471037745653962 0.440606710699396 0.61602802856303 0.418907853927721 0.423126905534603 0.492994954535761 0.432820651938162 0.482653419790241 0.469523592464238 0.460335088799304 0.434305014090498 0.555741064225883 0.551705456181466 0.483242645936175 0.488387870912966 0.461184443367377 0.410670080095053 0.533577304722064 0.436680415484958 0.419164856525624 0.470632675310745 0.494556900047046 0.459432810763206 0.411023717390058 0.532955676033605 0.47436659546037 0.508265479162383 0.408739735157654 0.507628460841017 0.457036017571539 0.534210646825884 0.484236836661527 0.48703190474508 0.568599846179917 0.549762438368445 0.556064610866374 0.503148665790809 0.582198696281705 0.45212873488861 0.498593883638641 0.457731936252484 0.439635593514287 0.41160372415089 0.524473058144277 0.51614491015331 0.579669469950917 0.471440974984431 0.493393929942093 0.614682594583741 0.58008857242098 0.465957120853704
"mahabharata_12-santiparvan" 0.490776765457434 0.428564071419609 0.505606792245788 0.480421531877762 0.459673476094151 0.498950963058655 0.38517351614068 0.444223134924976 0.454095923839867 0.474612340836309 0.569608866422588 0.46838517871546 0.430541825032929 0.449539875518606 0.360394751024879 0.456948733234507 0.35490068758781 0.490283763947942 0.405006419666356 0.28653365507986 0.446038492321569 0.297906234123035 0.448722935654818 0.471932850796511 0.340015207490357 0.418263020543404 0.302844479462862 0.388578510513277 0.426073605486063 0.480791196861499 0.332758696602105 0.380789951609235 0.57502467327724 0.463700214654914 0.389383587216924 0.361625108350574 0.399169212505814 0.280454191809484 0.471203751940874 0.191007815817646 0.263243032072517 0.285063340421824 0.181547769790604 0.368780932075043 0.310936633710862 0.39430241441161 0.381460007520353 0.380565458456323 0.269873309745803 0.293611238814835 0.35395252790824 0 0.158695754646908 0.371684817860866 0.362382057980597 0.227180649250986 0.305497237101859 0.409376716550283 0.386167041082132 0.349979612123076 0.300331099038411 0.444743266502633 0.366898060598603 0.320438479056413 0.326522827833066 0.470959337072484 0.393627849397715 0.409621564374722 0.389538201120669 0.372769101914327 0.645598690947519 0.354533064735385 0.314508613455993 0.41879380168476 0.366587657962973 0.39297401984663 0.403264925691659 0.393936890216101 0.35821319311839 0.514212239154485 0.506608554977703 0.436722232441539 0.46820326210351 0.394574761943702 0.402987405897034 0.502893147801322 0.342709776820509 0.360691483703446 0.456716174800128 0.428392222199831 0.431371581193862 0.311876636736496 0.487349247896541 0.357681965934349 0.466439194701179 0.308328615956168 0.394069057533731 0.406416457645542 0.480331119686483 0.416526551580741 0.421371575852066 0.553067888366848 0.523403603960644 0.493647599469228 0.448013196942966 0.511287066750452 0.423614871206797 0.419808206377517 0.3799272209758 0.351477974618866 0.344815678238095 0.476966970462906 0.437897415525045 0.501886532372849 0.354756831414486 0.471974007331462 0.56731869290588 0.544211630137537 0.385696514302285
"mahabharata_13-anusasanaparvan" 0.486641782196773 0.463040251178121 0.517994889318191 0.499789302729542 0.483214423503347 0.526779133858234 0.407689983385931 0.475447350686941 0.449646513289911 0.498763085569702 0.581273604381987 0.49075209697964 0.458314401605581 0.469664495294517 0.338402329740133 0.420194309767542 0.356600344514712 0.48089876309808 0.397344995419766 0.261566203093818 0.445989058198937 0.298125682970619 0.422558863814993 0.473029940392797 0.317917441509136 0.393818379468605 0.291600980771491 0.395960266648568 0.425131874014469 0.469007832728329 0.32390434398803 0.357998327448394 0.558435871148857 0.459743621718601 0.388177512546722 0.324381904443029 0.383441921713951 0.274847600198043 0.45720875502725 0.210801070351637 0.260448221633676 0.290367552554809 0.219699716620991 0.370139471490714 0.330799435283426 0.409297356353282 0.401380207566433 0.360878069551474 0.27134219318812 0.298789430360832 0.374276720475198 0.158695754646908 0 0.365000268679503 0.315996438287099 0.242376021778926 0.305437163046647 0.394802276507123 0.389420934253054 0.353770200020502 0.283224361082035 0.427237202306713 0.363894215124276 0.305718811517276 0.309793154596918 0.480862693460615 0.392955101673831 0.378913072684202 0.371183737009622 0.375253747155264 0.657629643414583 0.357940020274511 0.324975233627438 0.416411463727165 0.362898212854377 0.395326950817364 0.393565972815643 0.385269765050995 0.36230303143899 0.503097987415923 0.519203724121189 0.433863146719359 0.445980282301281 0.392258367347912 0.39501237174177 0.496084545332957 0.344407871056441 0.378485051018906 0.454012056793443 0.417599938628892 0.429006362351243 0.290762820719284 0.465542497257644 0.327331836999356 0.485652205710464 0.315463345004705 0.376845812333954 0.382574614147493 0.435923051160547 0.402884143953988 0.399790134602603 0.519941452585362 0.490875799812886 0.455814962123325 0.411639463183006 0.489589042499244 0.421971420641955 0.430143808829652 0.357919109174689 0.310401135650633 0.330432036832471 0.473395322529096 0.43132218375131 0.472984942426926 0.349720963708786 0.478727231471284 0.581553904836186 0.531918667496764 0.380324204917973
"mahabharata_13-appendix-15_umamahesvara" 0.434480540497431 0.515129674803542 0.545496622163962 0.529162398979829 0.522330082366154 0.553684326945277 0.534871168713603 0.571424894653669 0.55211889107131 0.583792299905339 0.548143994496665 0.558797035088469 0.532125469230098 0.517399285831413 0.368455235047842 0.460837776543305 0.450596201115375 0.469871321761184 0.433328401545208 0.360932359792105 0.439258208431347 0.380243362466152 0.393510930854779 0.448425332122647 0.315153418888922 0.403758801953245 0.370505932383724 0.506249567060735 0.49896088115896 0.536850037512307 0.439347482663628 0.394521854426199 0.52220843978564 0.51857988281959 0.401215451063857 0.359851885907395 0.35566529422973 0.428628243065457 0.518647334265133 0.421378498114223 0.439126881103703 0.464924773270812 0.407023823763513 0.482332452415792 0.461431324123639 0.480191529653508 0.481706629899187 0.483845618974851 0.401309878627164 0.422971594575018 0.422918870691973 0.371684817860866 0.365000268679503 0 0.375273107154843 0.415644373293805 0.449338918260378 0.520561133347545 0.500411359442023 0.438725631081732 0.405385758535486 0.499466153864585 0.47909670017054 0.425866055074781 0.369132216507187 0.423787996617715 0.461164222201094 0.463707617335076 0.470061514755745 0.472309185665016 0.612572202985411 0.461956897575598 0.443155078666356 0.492718606435611 0.465523822841153 0.511932260775491 0.480566366150181 0.4733466437068 0.419705548010493 0.488116794473666 0.423342998253221 0.458104847608966 0.500633866603783 0.491008073533556 0.376122869434243 0.601484483554617 0.40210546195406 0.356591044738668 0.380259550418001 0.498424465727517 0.481255217689107 0.394308645093758 0.414915554654974 0.450472830419946 0.452126937508296 0.41797903880781 0.442464557734226 0.464059041373011 0.48968227106723 0.408823838998537 0.482058355692003 0.549937082808627 0.522297372305016 0.524083686323077 0.443251858398311 0.58412682910743 0.413910654589931 0.433777661081161 0.446767273009273 0.394539657508622 0.359011663678177 0.54361950972222 0.547462489986772 0.517583380574813 0.413015955153461 0.533731759012977 0.656990290735134 0.586585834400319 0.477547785203932
"mahabharata_14-appendix-04_vaisnavadharma" 0.49588365430097 0.546281559001998 0.575933970212522 0.60097525981754 0.576316617588433 0.606337442448664 0.530223798537332 0.580470160718643 0.587318380175898 0.588947751860313 0.608687123382981 0.596325824148334 0.541962968299865 0.540560102296207 0.424292127169283 0.427459625455734 0.482502217287016 0.557793977551391 0.491689383541071 0.396995381712407 0.476537975851809 0.430714724924955 0.484648368001503 0.501604640486083 0.368475764860224 0.429548574546114 0.437631644693126 0.5117343512581 0.489546318892785 0.571676204218681 0.487423605533115 0.424435674000315 0.574834053486194 0.569940671477225 0.427490277835198 0.371768843626441 0.438521226841541 0.448348443368421 0.547594618098393 0.41519701291048 0.448738341983312 0.452072284835728 0.393333964849477 0.487283924555032 0.464670868557546 0.51664897151461 0.514963268182184 0.48086387979891 0.408615502884174 0.449420819283666 0.468902328986559 0.362382057980597 0.315996438287099 0.375273107154843 0 0.419413417092709 0.428576044562114 0.485428974593808 0.486602172725096 0.443240098075251 0.423935094485582 0.533448095543496 0.489852437040088 0.449198813428512 0.370037043066817 0.512049839935837 0.475785808826109 0.457019981005052 0.48939689418919 0.516142276854651 0.692210675155713 0.507502530449764 0.487755749413047 0.542568549287026 0.495747932943993 0.524397386783926 0.526921566770493 0.510640688485348 0.473322540915264 0.517571178382705 0.511340632390848 0.492350418116118 0.481404526211053 0.518023169494717 0.467756282219787 0.602685882385661 0.461367659332904 0.422890271619727 0.472370086740555 0.520300648852956 0.510972169693815 0.399998343929896 0.500714509225884 0.421943831417904 0.48739338745317 0.446755847343879 0.491368756363797 0.50698738242249 0.444304914631227 0.385677154894917 0.459339772291203 0.576009700027333 0.549753530058475 0.462290779435662 0.39411699404368 0.511468197762294 0.485782117707102 0.505529511748513 0.468140113765606 0.386787239031051 0.405549617340982 0.550906697189083 0.540592303960642 0.54168089997431 0.426770586349107 0.508912086666093 0.654981157811283 0.585868202319751 0.479920007911531
"mahabharata_14-asvamedhikaparvan" 0.523719178688291 0.45382713014966 0.531509196046187 0.508442063288285 0.501401417685627 0.531624124008262 0.441976580481024 0.495197656798215 0.452767210356297 0.482238504074888 0.590605819766531 0.477957243535069 0.477783255231137 0.475310942818458 0.365016566810015 0.46358022085431 0.32179490584677 0.493848414666546 0.394964691235053 0.261753752971798 0.44739628184937 0.293414056022888 0.471329300987422 0.500414005564594 0.373027919370659 0.454170342575969 0.287247772147581 0.356039555121396 0.443244747176175 0.45508304502866 0.250789494630851 0.376955856550436 0.603764368751832 0.466288747874965 0.409495390580294 0.410882415329461 0.437509467471075 0.153943410486223 0.399133315326124 0.205505769194402 0.168516680742841 0.245104073822334 0.202546148577217 0.332888846410323 0.328343616561774 0.317455922531071 0.320745311242514 0.322864287554593 0.206848307800726 0.261516843977042 0.374952549455633 0.227180649250986 0.242376021778926 0.415644373293805 0.419413417092709 0 0.219531900014193 0.319792235602819 0.391533068901375 0.353499815248183 0.279783208115895 0.414077858775146 0.291915584368242 0.27140917937137 0.37910165196504 0.497607781875964 0.434720597826394 0.423428083954984 0.339895402911014 0.38505254368865 0.666473510619976 0.284383878427677 0.257085205517843 0.344305193693835 0.276320207474 0.32850815446657 0.32414450770208 0.300353066783776 0.379655928556391 0.565258989220955 0.55412478605714 0.438473966070919 0.461802956210079 0.358150251462295 0.428922778317832 0.469221327246249 0.359579887016099 0.399185146629435 0.5009993348142 0.427460163465612 0.459995048263436 0.340877325440215 0.516881289704713 0.335422887290329 0.513842011757382 0.272775774831216 0.376465041903846 0.337421871975265 0.526208607187111 0.454301773248469 0.379430056178611 0.563570472182503 0.541233486403546 0.490512389766736 0.494363588077338 0.505762053455028 0.443281960130405 0.44780230082084 0.387640088542739 0.382557696527899 0.389520125457561 0.471295445488371 0.432610404725917 0.491310276776926 0.414600476558148 0.485554994058286 0.582477429748029 0.533827077655001 0.397288016114602
"mahabharata_15-asramavasikaparvan" 0.567344124610563 0.509460019797521 0.581997351834161 0.556527493609698 0.546188804514318 0.572215094466226 0.508380136152193 0.565720230004348 0.50807877601617 0.537701462524036 0.617539247860994 0.527370660229699 0.544972510012203 0.523796639551895 0.434331487758995 0.456927425421801 0.404795338909939 0.535609410295735 0.45724280584386 0.347348206046084 0.489729959303956 0.375805356987038 0.511943902021541 0.535050314892561 0.440554120987982 0.474261723828059 0.338511425182726 0.370779390428414 0.422673610078692 0.502204562340803 0.328528138902265 0.444959874465926 0.628146922878393 0.526143294007704 0.482617537312065 0.404943948828989 0.471232479176731 0.259328301193557 0.43728764351903 0.26260671463393 0.261495437630274 0.328529371360445 0.263678116460052 0.350635293724311 0.39089710718867 0.371580416947291 0.362516883108063 0.341062884435956 0.28741642100067 0.335448704442592 0.400043546822732 0.305497237101859 0.305437163046647 0.449338918260378 0.428576044562114 0.219531900014193 0 0.316709781186169 0.367326777356563 0.302681951684002 0.352562800928404 0.46501553934206 0.357490917180038 0.342492506079176 0.408673157285105 0.542984089402575 0.503106086311078 0.454299097358233 0.430176296048478 0.443841050597639 0.690394649239238 0.325429385718416 0.348036378234624 0.421083131313791 0.365181944827576 0.400502489981854 0.369690420931895 0.363698165781119 0.447271730557102 0.603622928313284 0.592927350373494 0.496235388962565 0.503365259780745 0.429065916565489 0.464215625196777 0.530675085379442 0.429663649092128 0.443792864475707 0.544428578143328 0.470653532328909 0.528044314474522 0.396055684357787 0.560199437173058 0.338444532210299 0.55804449368895 0.298738058498896 0.451873198225291 0.412667469858058 0.508158208916903 0.494400578830168 0.43698191869302 0.578406046847977 0.504097662313411 0.473607724673644 0.476454340423473 0.463339742562997 0.493120290140195 0.499646958051671 0.455286954459693 0.406208528678368 0.447448518924795 0.524710501236667 0.491958912521491 0.533319837183121 0.482113740273086 0.499728109957148 0.626574795945878 0.56848046885359 0.454121513761151
"mahabharata_16-mausalaparvan" 0.572419408569057 0.561691090900249 0.608036377070936 0.588605823221571 0.586506213249836 0.595012845345457 0.541304968722746 0.614231878676571 0.551410424886538 0.549344089703186 0.65327008715832 0.563123254655218 0.611992953953401 0.522515241331116 0.475286468073019 0.517142148350285 0.447069207902866 0.532666783264701 0.465141538699675 0.401183725465881 0.541762172542968 0.446573319199052 0.540790723960434 0.556484870802336 0.509541081529165 0.542659845644911 0.382157015529128 0.440963489349303 0.437205490597535 0.498140830511308 0.360718265150656 0.462015976620758 0.663220191470844 0.522789614763664 0.520660090194005 0.457643414317403 0.514406517381668 0.3250734465089 0.367300594105616 0.360277203718444 0.329833709480703 0.409066839084349 0.360440743600778 0.345563691420531 0.436517204171119 0.352779091115178 0.362450914586744 0.31598300832873 0.320651956536231 0.413301407626502 0.487864674388112 0.409376716550283 0.394802276507123 0.520561133347545 0.485428974593808 0.319792235602819 0.316709781186169 0 0.448080722613061 0.416242572522431 0.434623564368164 0.486062742181983 0.445591463199467 0.430939438126322 0.449906361137362 0.564105393779078 0.565392775579401 0.507880304050803 0.472020938713092 0.495176309334137 0.725186304254008 0.35560121161342 0.405105128862018 0.440539444219089 0.391625837006567 0.422757005513622 0.371164020766246 0.37895421868137 0.493065819333881 0.63888224735901 0.628014463593153 0.521665851721091 0.524266266135088 0.47570841227027 0.539827246963303 0.56842355045679 0.488030965110803 0.48215964796188 0.593583434379002 0.481825164884647 0.560442644702801 0.46402611128884 0.618965138062879 0.383147698167815 0.581193396744203 0.327765068317499 0.452687513550728 0.384320926894734 0.560627800948951 0.533022261072056 0.468605617612482 0.574261632831625 0.559582643466308 0.518042628355757 0.547118380062305 0.498088283440805 0.481430999892798 0.521547194553473 0.52222706237457 0.441143618039408 0.502459231941186 0.568265616654453 0.539145740997466 0.565845626445946 0.528577464655001 0.496445784905067 0.678973175848179 0.596105614364284 0.498903186310024
"mahabharata_17-mahaprasthanikaparvan" 0.610446973010335 0.574597156398104 0.617191619733601 0.610551634596178 0.604844791015846 0.637044989297788 0.548406765109265 0.588596545496611 0.576437466482937 0.609053607530662 0.64598864174995 0.599866183559716 0.598713359675141 0.571242246687098 0.51485841279913 0.541610625716024 0.489380051763939 0.588245043554664 0.523649211371945 0.429626283814953 0.54700521483305 0.4533777029315 0.57956720106657 0.591257844532954 0.503816994544391 0.530008109168555 0.460098301064297 0.521031309990823 0.53978064058577 0.568827624494642 0.464803885383632 0.522868808758408 0.653325362842685 0.578205328981448 0.543112978416632 0.498910698667169 0.538492337122139 0.393801023346901 0.55177026094896 0.363603026716438 0.397479070121816 0.434630033085597 0.386184889826509 0.441560905830901 0.486149522121837 0.474519420666198 0.47105890712755 0.431333853473465 0.41053499330527 0.416310191176317 0.507331041171091 0.386167041082132 0.389420934253054 0.500411359442023 0.486602172725096 0.391533068901375 0.367326777356563 0.448080722613061 0 0.391912482358146 0.435808976935254 0.500232098886704 0.446897910949142 0.433659929179969 0.462893321333193 0.588149811129035 0.54386345820829 0.513196723434458 0.506732499083722 0.524198470384788 0.73603221185639 0.466994338917923 0.457686279043645 0.530232143706461 0.449533963468718 0.508109918441469 0.484357552273394 0.493211866171667 0.520775076013012 0.646019858706248 0.649436889801719 0.556942758394466 0.528904036827195 0.531423603944583 0.535941164619414 0.591001639283186 0.517398666832594 0.512833280662249 0.602384136328094 0.536340113090425 0.57505156344602 0.414992040417412 0.553748137459157 0.480472551221988 0.59448583821097 0.460286004316807 0.486610385850793 0.491346117326397 0.558012658936873 0.542495151438255 0.499162060766358 0.627099744363859 0.552013956256266 0.562666744847401 0.580642832806879 0.48747113594041 0.560056243258007 0.56134622235826 0.492225625404697 0.483646946805598 0.5139697888201 0.570414839469258 0.514834078715809 0.522397054595959 0.492354580263687 0.503451582641786 0.648969764441852 0.581654901514289 0.44729057392507
"mahabharata_18-svargarohanaparvan" 0.564043530478418 0.531442820422676 0.58968853524726 0.577430265268851 0.559246655574836 0.595930215757844 0.536129875252699 0.572820272303076 0.538628158844765 0.572949682274091 0.631199650363079 0.56740357553206 0.5466339785937 0.551622477115537 0.460287289362779 0.528859455732032 0.470024593079459 0.542191274243676 0.483827619003853 0.395248107335184 0.526815463333621 0.412705040587351 0.53017297991134 0.543775046497804 0.438778831818569 0.494148569248344 0.379053968653906 0.416799465817826 0.463023819966915 0.464947265547266 0.402092814392989 0.486444169602967 0.599756849463766 0.521552899151036 0.495567939245068 0.44428281708786 0.485424381286349 0.377504517551353 0.469369723439527 0.293413778842228 0.362844828635359 0.388705927321799 0.302036613319065 0.33650979109539 0.409515254739608 0.388366365885132 0.373201022373545 0.347528850147051 0.339773981489956 0.348250895173086 0.446648142761132 0.349979612123076 0.353770200020502 0.438725631081732 0.443240098075251 0.353499815248183 0.302681951684002 0.416242572522431 0.391912482358146 0 0.435249418942514 0.470164795894456 0.456203218822019 0.432128244151566 0.427630618876453 0.540922967400423 0.516926682460721 0.492705335506647 0.466617267593456 0.480478175338148 0.698448455182459 0.362582621208795 0.408365661418692 0.473231899214327 0.408500384803569 0.466547412730658 0.429083582507324 0.451474595883927 0.471886612400339 0.584259731934549 0.57638496830801 0.525479194111103 0.525968018203868 0.46833670310728 0.489243990526251 0.576238551295326 0.461253763909895 0.454875309803409 0.56142575800819 0.467257960196367 0.522314555494693 0.390916905652611 0.539371778194746 0.410426538963672 0.565946745803388 0.368415307846786 0.470165510149757 0.473114734963901 0.522165522743216 0.515509103169251 0.461855403573968 0.527765741216412 0.582461301862191 0.491494297312972 0.511326626225866 0.517422612270807 0.488973145957979 0.487865381314403 0.460633493725823 0.405204160703513 0.446833644293251 0.541433552035578 0.534942790101357 0.573741500685953 0.470805393400505 0.523838902150774 0.645279343279372 0.603363378891331 0.47656117968056
"markandeyapurana_adhyaya-1-80_u" 0.498771597337731 0.419846923851689 0.490997930081198 0.470831002434978 0.460204881219641 0.492368605158412 0.435946618281747 0.487937091550802 0.433420622775298 0.436147903002253 0.550787302177427 0.46309788816525 0.468862300352025 0.427459114519006 0.304428563290072 0.466763332529375 0.315617848314521 0.444767250598149 0.350191107059362 0.212451090813341 0.385893783801705 0.241622911082084 0.42767033346122 0.478403634457073 0.319266760314456 0.419499751349375 0.330132586173699 0.41162543284172 0.506529045226116 0.509095381533393 0.311787982173256 0.293495263839942 0.557095254971314 0.438616000634798 0.392785353999722 0.390416622184181 0.415302421375281 0.251031939129545 0.480090389917948 0.307214055864166 0.260400696929965 0.307503482805036 0.31560714763063 0.414294919560066 0.352107022002215 0.413302730822392 0.404916746717012 0.415461937248229 0.321514161277625 0.343623945417487 0.420645582918241 0.300331099038411 0.283224361082035 0.405385758535486 0.423935094485582 0.279783208115895 0.352562800928404 0.434623564368164 0.435808976935254 0.435249418942514 0 0.319617293723625 0.242564560198389 0.0952388369619579 0.346775603344304 0.446159798361301 0.372287904451757 0.38760599064949 0.332559915127897 0.345695287022524 0.632285850705068 0.362541078465645 0.333805965831663 0.388321451823378 0.35465029050794 0.361951487232043 0.399808977103055 0.374733618387235 0.328409058868065 0.534561027755049 0.520046899217508 0.429812559753136 0.413024236267522 0.353315546913388 0.388537213365128 0.46852379795115 0.33506257787131 0.330576180764985 0.449035664767464 0.456767611092902 0.395161346463576 0.321266322160674 0.463517457925964 0.377180780610149 0.506905126068043 0.355878647217497 0.379820983429046 0.355717200746859 0.490831988021668 0.464937507639003 0.415314841431921 0.55661143299034 0.553104977627419 0.508773740664627 0.495528634173424 0.510829197776838 0.417635335202766 0.407932435123031 0.36136965352778 0.379799866478748 0.322076833370062 0.401891928622181 0.381705426892806 0.416148758835731 0.338252034188713 0.426560157035655 0.565788318067425 0.52508213150774 0.294435104010961
"markandeyapurana_adhyaya-81-93_devimahatmya_u" 0.504023783911722 0.517698111279595 0.58032184137324 0.522561027161106 0.537269104616995 0.55344175430434 0.498922329528904 0.551316565412241 0.480646208106782 0.526716820218437 0.607906511726113 0.4956584303135 0.55177460186097 0.483871994326216 0.367089027833943 0.492977717919638 0.371412846768059 0.427129230260563 0.356443683250154 0.329496714277302 0.464636392807657 0.347445392953031 0.437391537149414 0.486675608301801 0.42206170848218 0.490787982202234 0.393805241592678 0.415508707571996 0.549435302955999 0.465557076782596 0.381797582658913 0.375860337190363 0.592540686099486 0.444038653674515 0.502575634818428 0.432900315021065 0.457258837248261 0.3685363981783 0.470220212724185 0.409355323668907 0.379787092484102 0.418296793892591 0.442522110448269 0.431944160763335 0.40688600780923 0.418005755062795 0.402426815160991 0.422574220796293 0.415330797115977 0.429731093743329 0.498535867138101 0.444743266502633 0.427237202306713 0.499466153864585 0.533448095543496 0.414077858775146 0.46501553934206 0.486062742181983 0.500232098886704 0.470164795894456 0.319617293723625 0 0.348244945544294 0.288066409440318 0.414609571536413 0.472387804101741 0.525781782824212 0.420021991495324 0.386104696960694 0.396478901460186 0.651514221298196 0.416396912475555 0.460359738393574 0.47874043817713 0.44667580424341 0.46271914159905 0.43367795584712 0.439563767767194 0.419467066366938 0.579026823310437 0.56565072429623 0.465752555865794 0.409380569775233 0.369498499510849 0.441535618324239 0.470316148374373 0.394783404481504 0.434471838630474 0.490662169569071 0.403617203403161 0.479411623614322 0.393120402761585 0.528296912218805 0.424131470990245 0.592231859599756 0.410991380933335 0.42309723009694 0.3633977225719 0.551372524752475 0.530702871746317 0.425106801118097 0.537564040687898 0.565415167116716 0.523629859411089 0.571477133835812 0.533474509820432 0.472618597289231 0.445778282917801 0.397213135919039 0.404350612900815 0.461780864331998 0.422703220080183 0.446153233517977 0.467343017088328 0.435575852304278 0.481573910207696 0.600796596506151 0.534873511957676 0.382153289162538
"markandeyapurana_adhyaya-94-141_u" 0.565531233225779 0.467789764649876 0.516367688469844 0.488053011534872 0.488698931846763 0.551114411917265 0.461029147440842 0.523181728499777 0.449714970652816 0.478400426142117 0.583587034259128 0.488012476542709 0.489002403570821 0.490622082967212 0.394152873504762 0.520648450853414 0.354999816619917 0.497116142680474 0.414233176806321 0.287123287716228 0.449655473385098 0.330754668811193 0.456496574288095 0.555307436616708 0.414412877566159 0.51629847269218 0.394106200055332 0.42418755291676 0.53733213451862 0.537422659427201 0.339477157458594 0.37156709280016 0.594121835387127 0.471907381647369 0.449490290402455 0.481771577894235 0.505649366357257 0.267307580261278 0.49608085360929 0.34819366852238 0.288062510274971 0.324794153091804 0.349100674127793 0.448192253216548 0.378354616142203 0.406855848234027 0.418777976977889 0.441295257956547 0.350840123509533 0.397726344740745 0.451116595774611 0.366898060598603 0.363894215124276 0.47909670017054 0.489852437040088 0.291915584368242 0.357490917180038 0.445591463199467 0.446897910949142 0.456203218822019 0.242564560198389 0.348244945544294 0 0.169740949072735 0.442826942975487 0.498721283469956 0.427524920025001 0.471579956374036 0.341560377151106 0.378110937500334 0.672552397364936 0.357414689985778 0.349133115614927 0.386826177076188 0.378724144030385 0.382267958064642 0.403395315337736 0.336701015164917 0.38938775392574 0.55835262242923 0.575407328528526 0.464330987517203 0.434805507038857 0.354561796577101 0.449277709008534 0.436051853813 0.373390289190931 0.44751822236495 0.527902080124674 0.487636812715975 0.447564611312775 0.372855339802448 0.527758522163789 0.388229225095293 0.543504029519535 0.367567326600619 0.389761427960839 0.369937165949639 0.567633025505221 0.526242216032441 0.453180823716683 0.613712781568817 0.588549203150283 0.555468558560654 0.551943530475582 0.539841666850946 0.50187605707128 0.48214533782099 0.367089637194111 0.458070423853803 0.363706767481124 0.44273939202987 0.340653641309931 0.429865476279916 0.432664363788617 0.486667468814904 0.553552222850577 0.514301522066413 0.32909792300459
"markandeyapurana" 0.516478198056887 0.429924257990338 0.499131610348268 0.464837026569793 0.461239602852049 0.503401055393652 0.435104280717904 0.494210457560159 0.414927615493931 0.442541469160108 0.558198502324296 0.458221968161389 0.475824632499683 0.435291675935965 0.318060565722757 0.471395876928225 0.301093940627594 0.450333943478718 0.357544905826976 0.217784160981271 0.395232679635052 0.246591603336727 0.424365535868681 0.498273860318999 0.34539712755196 0.446018625859197 0.339488902938538 0.401829076043914 0.507927990390104 0.501672698073077 0.300559853890402 0.301097048027111 0.563392527391358 0.434345315639595 0.411645923082382 0.411992376899842 0.438580965694752 0.239681030036327 0.474673134961071 0.312356417351354 0.254066029452682 0.30117582409652 0.316359997160218 0.411916702129086 0.346705213266015 0.395348193873141 0.392359342863306 0.408791949836308 0.319251206559426 0.354796067423135 0.425834238410209 0.320438479056413 0.305718811517276 0.425866055074781 0.449198813428512 0.27140917937137 0.342492506079176 0.430939438126322 0.433659929179969 0.432128244151566 0.0952388369619579 0.288066409440318 0.169740949072735 0 0.363386101713183 0.455802298431256 0.388402802212675 0.407590477905289 0.307974808471737 0.331596951518147 0.642087745725422 0.348796669684963 0.321395868381945 0.37615814888338 0.345661766608955 0.357250396786574 0.385467921285658 0.347389287227519 0.343127420540691 0.535962087362007 0.533540005453202 0.423928420143977 0.397963169641003 0.32860437885339 0.397408563907897 0.440590580094518 0.330309945121022 0.362376484575682 0.467304221153993 0.44713193450071 0.400802027108946 0.318979593954262 0.478047302792231 0.369946179893836 0.519580056505948 0.346869612919367 0.371361460899575 0.341057064666923 0.512224238967527 0.482898137956257 0.408679625906078 0.564318564479476 0.557084247186068 0.51369103326738 0.51515329608083 0.511227217342953 0.432460804067014 0.422835303568577 0.34785782180475 0.395376125869015 0.333518139533998 0.404538837852649 0.352204762911484 0.403788709282266 0.365970314002281 0.442055738526674 0.554573288880254 0.511775371635732 0.289377634050078
"matsyapurana_pu" 0.35996317000369 0.48286378941654 0.553542039135749 0.526763956814174 0.521187306002852 0.505174707819626 0.484140506979828 0.551602265686102 0.49992730854437 0.515462214645658 0.607755013263665 0.511791312675092 0.535125113817221 0.429465862522704 0.282709884037969 0.353999836418751 0.359299236098609 0.420343664956719 0.342451767393786 0.30325645168377 0.442160249319633 0.343131234040059 0.343868656171383 0.370597271693933 0.34158481652332 0.43024158880298 0.317244798674867 0.418726730454771 0.400575887977885 0.437621349881862 0.382094505963924 0.301944941602824 0.581226226996968 0.460267999785314 0.414195771075428 0.282244966807257 0.322530736775782 0.375801134341574 0.453037393448758 0.349673821133795 0.37855217777466 0.407365170482111 0.365305911695027 0.387367028730451 0.381168832807462 0.427748161218374 0.418141629463827 0.390098774652239 0.382545319652992 0.406491992983677 0.440547709822989 0.326522827833066 0.309793154596918 0.369132216507187 0.370037043066817 0.37910165196504 0.408673157285105 0.449906361137362 0.462893321333193 0.427630618876453 0.346775603344304 0.414609571536413 0.442826942975487 0.363386101713183 0 0.377104627628483 0.456498576796701 0.287321724957816 0.38662500086115 0.410149517639388 0.630537855933278 0.434796339683426 0.447044272089162 0.485836740179512 0.434904553010155 0.48485239418406 0.443547895207407 0.454083249870246 0.394161031738953 0.519060819453055 0.490664886120239 0.38904173306508 0.441505497578266 0.462348166498375 0.36916997848431 0.54557004246482 0.37149819731058 0.354918303218599 0.403756361127683 0.452321001751279 0.484052330199028 0.249311857072681 0.460083078875249 0.390687201138275 0.43595770445139 0.356321932548491 0.404544661775658 0.392782463315219 0.433086547632517 0.351031831295907 0.398556324597064 0.500022784680762 0.499134451875444 0.413297563853502 0.429583102624484 0.459544030466561 0.404761894661675 0.411369179180118 0.377436137648349 0.254511049016523 0.418084916345 0.436964640940767 0.502442490507782 0.440292541248901 0.368031196882758 0.476920852079114 0.614613678517679 0.543390393194831 0.407452142124004
"naradapurana_khanda-1_u" 0.285109568953734 0.486831035921548 0.491138803197721 0.48392488830259 0.483484145112672 0.455407302793995 0.520215505041822 0.54226488834113 0.531030190510031 0.50894430959141 0.558063453011045 0.502733050974952 0.494101651119506 0.406600002602477 0.328884720855847 0.51590728033865 0.373900158825567 0.314610229835892 0.300797364301332 0.41355025182447 0.397850472725971 0.372944007189888 0.299429855175175 0.328974700749638 0.349469379351601 0.482210337469311 0.410339303155372 0.456174094303319 0.525094352341245 0.526441143421823 0.466806559480908 0.365805191333289 0.528790375238715 0.437051269512094 0.376356953046216 0.409677818866813 0.349931888117106 0.490278681115133 0.498131532300415 0.49884184690133 0.495457573535003 0.489293240934356 0.50641390201955 0.504237116992281 0.487914257252819 0.491567237449903 0.494442406725193 0.520225075377287 0.472994338803935 0.501512207568837 0.509567218685799 0.470959337072484 0.480862693460615 0.423787996617715 0.512049839935837 0.497607781875964 0.542984089402575 0.564105393779078 0.588149811129035 0.540922967400423 0.446159798361301 0.472387804101741 0.498721283469956 0.455802298431256 0.377104627628483 0 0.456053427050114 0.475164950849329 0.415636227543069 0.40998011542531 0.538996141916485 0.477673554509246 0.492015227676935 0.4832831462653 0.501049947788657 0.51286717214274 0.484716161131434 0.493203853708871 0.389763159569655 0.430723771657765 0.39516472516381 0.383367137941398 0.509429273385199 0.450448440113246 0.391495835834325 0.559099334898782 0.357780757002702 0.338566376459731 0.306410804840671 0.477304403014735 0.415840186536541 0.439528570076454 0.435414487295347 0.52514983591984 0.408586835584905 0.481559274004906 0.439052835126127 0.388925561406495 0.530024250597888 0.485955606827006 0.519939269858248 0.552676293285428 0.626180908364059 0.569823049461744 0.541441638855065 0.598831350303858 0.426973290558103 0.36468214994981 0.422425898591375 0.405200771549751 0.409774482139769 0.460105141035035 0.502845759330987 0.47973480971888 0.396931008339794 0.490761498568921 0.644694432474637 0.553800543335603 0.428042900823031
"naradapurana_khanda-2_u" 0.524954678885888 0.425945886871318 0.444110218592145 0.455345724351763 0.422391392550575 0.512994207463607 0.426313341727762 0.464207587874525 0.468498907956627 0.474257408004479 0.536495119135903 0.463863711400422 0.391851830222636 0.468965618986291 0.398961568630247 0.585364309687966 0.399006870928896 0.505928641037504 0.432097303101845 0.396167535124447 0.393140901016836 0.355489241178154 0.409616441712945 0.540774788970391 0.36940340482152 0.440933062305698 0.434935368731872 0.473958725778283 0.583339598741763 0.602316902289304 0.42660032703861 0.375058790086055 0.57060121485087 0.455145552169066 0.3956127754033 0.472129834726502 0.513575879657945 0.439770251961495 0.582476483662939 0.435627230146412 0.415569813033798 0.408930383286429 0.397813381776067 0.519079695461409 0.497209470694327 0.498801141584488 0.50404124833005 0.515018404538562 0.440439334492269 0.438563740457493 0.512504069599561 0.393627849397715 0.392955101673831 0.461164222201094 0.475785808826109 0.434720597826394 0.503106086311078 0.565392775579401 0.54386345820829 0.516926682460721 0.372287904451757 0.525781782824212 0.427524920025001 0.388402802212675 0.456498576796701 0.456053427050114 0 0.5253170345515 0.350620560562559 0.383079935658225 0.628283257377903 0.451617883745188 0.366697057296699 0.396487241548961 0.428170572447652 0.414646383065221 0.465854357232461 0.405592821470748 0.381421402148381 0.518795950811473 0.525465451191673 0.387079710304561 0.507248052121746 0.422539975836419 0.466464309943582 0.501430840485936 0.376878580141114 0.447514522286239 0.471128800810229 0.550435671357016 0.365801935431747 0.447542448631877 0.478573391048829 0.520250091073745 0.474182176662121 0.484597581418261 0.46719739075793 0.40250257906705 0.58508799532628 0.504334941184238 0.537514813623092 0.636677006710804 0.670527288765645 0.627931543872323 0.55712636613917 0.606846157309746 0.51289522049472 0.46162069307191 0.404973428569956 0.463904690065361 0.377362230203063 0.533626098198905 0.493409065614076 0.525727250077257 0.437885586885595 0.536249334642879 0.595677570762376 0.629009058701233 0.446968290398932
"nilamatapurana_au" 0.437659095705591 0.568106800497393 0.630427070796082 0.600410558946074 0.586365909079505 0.596856872992769 0.571105611713122 0.613140930854724 0.560907703905405 0.575943660117813 0.649743786409927 0.570529503406977 0.59812993893269 0.54830797243676 0.350130932339256 0.439385804139222 0.412368834004425 0.471718347506494 0.397178248957796 0.337734124271862 0.48684991823119 0.382436999830418 0.427272115198753 0.45997354792228 0.423217226758661 0.452038632625111 0.373608827900849 0.443113996241996 0.502654506336984 0.478104112434807 0.427001662099696 0.353759105169928 0.636503175541054 0.498607844724235 0.491221880352548 0.369484059882068 0.393196366826918 0.39690172041207 0.489232512204244 0.402814055253096 0.421649273550268 0.458795833122539 0.456715506431117 0.46132147294958 0.382992165695714 0.488569580306964 0.469206086755676 0.440535422988323 0.43592528935978 0.457589670450512 0.484683386234424 0.409621564374722 0.378913072684202 0.463707617335076 0.457019981005052 0.423428083954984 0.454299097358233 0.507880304050803 0.513196723434458 0.492705335506647 0.38760599064949 0.420021991495324 0.471579956374036 0.407590477905289 0.287321724957816 0.475164950849329 0.5253170345515 0 0.407803408194734 0.427452442867108 0.668838382211565 0.442925305766419 0.49578920030017 0.51071131676665 0.470074136726377 0.526306561739632 0.471231296239539 0.450874140151487 0.446340701028844 0.583710518908805 0.564833534307855 0.428034228368255 0.430494933799026 0.45536249927846 0.403666034602813 0.531082890438944 0.446146938421485 0.430052595753218 0.478425170716346 0.476518250293699 0.538726842621085 0.310988884836596 0.503296918078603 0.447241417137511 0.510231111765886 0.394803197769873 0.421507427561045 0.426620345072842 0.529285221108997 0.4322791472617 0.418313182732289 0.542274856236531 0.55136026486942 0.466995915114896 0.475113100025614 0.50711419049267 0.492960036919425 0.449063485045219 0.398984398149882 0.344770991149913 0.481314363417185 0.432276259335167 0.541453943286244 0.508783439328826 0.447465187247934 0.506991463100618 0.651521802394675 0.59573082343891 0.458648826121536
"nrsimhapurana_pu" 0.504471414314145 0.410785891282911 0.495090058207839 0.428853826494809 0.432320919659341 0.460786952075185 0.408536150712276 0.474494300518265 0.396259690626877 0.399380905120525 0.559259687878833 0.380127166632682 0.452388729834606 0.380256877287492 0.288020058617839 0.506328110424573 0.198638039928958 0.417730943572727 0.300087534099722 0.27315575700983 0.390442333058702 0.274877780929409 0.391166111343513 0.507113598239975 0.36124067005637 0.459540777148454 0.340605092522502 0.338493738273003 0.503108076700629 0.497957424646237 0.310400027848261 0.314382939686288 0.567064768630686 0.336230090963095 0.381748463698547 0.410939659091617 0.457617434237532 0.318076825299277 0.447770169858483 0.375535488408847 0.310242862591281 0.333161036003283 0.383967617706995 0.429406880583607 0.360780172385374 0.401925639336132 0.401996185990271 0.413830652778787 0.351413360370831 0.374366623491806 0.471037745653962 0.389538201120669 0.371183737009622 0.470061514755745 0.48939689418919 0.339895402911014 0.430176296048478 0.472020938713092 0.506732499083722 0.466617267593456 0.332559915127897 0.386104696960694 0.341560377151106 0.307974808471737 0.38662500086115 0.415636227543069 0.350620560562559 0.407803408194734 0 0.26188244853053 0.60917021859106 0.354889993529056 0.36382665923742 0.336393341488875 0.374917255377893 0.409818756218968 0.372970600602891 0.303072633949255 0.295560230003149 0.519982557020754 0.5372069002339 0.340318233134799 0.440246219734628 0.248827018739128 0.402495298969827 0.368367280325026 0.297102451392847 0.400531783379371 0.466992509937097 0.462183070317549 0.374945519638832 0.345372049326419 0.480165847911199 0.406638933615301 0.49672222940715 0.371345624701353 0.356353164254962 0.304035770001478 0.561572114481966 0.48690907896263 0.446027437358301 0.607031691220759 0.624697908386912 0.530559255535025 0.540811580346948 0.546435459744033 0.493791728261153 0.409568690228081 0.29017492581885 0.382155119201334 0.412566805371177 0.395511956202469 0.41667812214437 0.432350909545562 0.44195454690001 0.481979206512363 0.57100490114402 0.544672474184649 0.388911155437969
"padmapurana_a" 0.514998024617242 0.395896873192741 0.470742185669607 0.440305088406133 0.42324258634722 0.429040791226 0.400745147228984 0.456499101129653 0.377972414136886 0.418880205637641 0.521894469256264 0.374900489153868 0.41681126136926 0.366761896211676 0.327234412466297 0.528543583963596 0.254103099562603 0.378893694826673 0.282616433579557 0.309246999769064 0.410545541045585 0.273569121247916 0.371352864647427 0.498661872297329 0.373693059134351 0.492323613697652 0.374999188950551 0.355796098129751 0.499546069933275 0.488904533570145 0.347489295280934 0.353205819650159 0.522981342894003 0.296264188795696 0.40468149195238 0.410630935832357 0.442211206675571 0.341908531867927 0.479667725143572 0.364881387443991 0.347257378124619 0.369572861818465 0.39330707326781 0.432704105889496 0.353863941303991 0.428942305545922 0.414991996315538 0.44143488391268 0.371827711430403 0.375888633327675 0.440606710699396 0.372769101914327 0.375253747155264 0.472309185665016 0.516142276854651 0.38505254368865 0.443841050597639 0.495176309334137 0.524198470384788 0.480478175338148 0.345695287022524 0.396478901460186 0.378110937500334 0.331596951518147 0.410149517639388 0.40998011542531 0.383079935658225 0.427452442867108 0.26188244853053 0 0.572270105325372 0.370945399743932 0.412847096666947 0.409575205737661 0.423298448580332 0.428660753840929 0.409143110000604 0.381674967055374 0.256771469440797 0.503466648403262 0.505722455828072 0.27927306804879 0.430909281262347 0.31128787870596 0.348466733716482 0.374472346078421 0.292332436402888 0.389406936032472 0.453902986444346 0.444002484136144 0.355243949161822 0.374377175485921 0.486851951263964 0.439869587082773 0.490992292861014 0.362208608356228 0.37524056620669 0.347129440564873 0.556848221940031 0.519725639285175 0.451982234755545 0.572418030397267 0.616449074125638 0.578729219457673 0.542301138626948 0.584710780018586 0.44844924884235 0.418358499380674 0.32985878141826 0.382091886168433 0.400079146548818 0.38105807379997 0.407132012884205 0.455051520569246 0.452669648631086 0.485209965540149 0.545291396168038 0.551822891307332 0.3691796225688
"pranavakalpa" 0.592852723851404 0.589542045660592 0.59472613253012 0.583712946482406 0.572495876949365 0.526779260763293 0.619580562812236 0.603766670610004 0.604694002820228 0.607234904755037 0.42282989430348 0.590085422569302 0.589097534093823 0.551316401025467 0.589648184015978 0.663442938165989 0.584757779885558 0.550239262803979 0.564769081923688 0.633430086669335 0.538715914717405 0.609899624515238 0.595676888103681 0.584821699667096 0.621013516683918 0.625713961836593 0.626845317446926 0.601260169330364 0.655975934585361 0.700640882484139 0.648833879980855 0.60764341024137 0.620702767301454 0.551494116088534 0.56735496423614 0.615245672118977 0.589491367426632 0.658367917562121 0.678379811627558 0.658267911875786 0.671648478989966 0.679813162248678 0.669536191639506 0.676725568663585 0.658681063278707 0.683958844687353 0.68118183960481 0.696309732118494 0.674987895062976 0.659347107068423 0.61602802856303 0.645598690947519 0.657629643414583 0.612572202985411 0.692210675155713 0.666473510619976 0.690394649239238 0.725186304254008 0.73603221185639 0.698448455182459 0.632285850705068 0.651514221298196 0.672552397364936 0.642087745725422 0.630537855933278 0.538996141916485 0.628283257377903 0.668838382211565 0.60917021859106 0.572270105325372 0 0.670788426160532 0.67311386082174 0.657545958842572 0.679413499254294 0.687695275205233 0.675204176239416 0.670391183694247 0.555301978122761 0.60203038076253 0.570991322067133 0.575449486131747 0.698575650760117 0.607776792756468 0.559215280313895 0.627777394536777 0.584261696977702 0.552759466297862 0.505832251937863 0.657554347775516 0.488689660853249 0.642736184779521 0.552277316143682 0.669660895182514 0.554583634420251 0.652886403370355 0.648744751099762 0.640168906476451 0.687381568145766 0.668355146242306 0.684417244600249 0.719915637831994 0.743091779544005 0.754346672701203 0.706175269305935 0.756394079861736 0.611792343571612 0.600498866332165 0.638507733269454 0.635462304457161 0.606804029779914 0.623248631021381 0.655259242155007 0.66365853294063 0.646403913013194 0.59452924461576 0.705179251999433 0.703777329727072 0.621519460517939
"ramayana_01-balakanda" 0.527995750483036 0.482650826889149 0.556029265089649 0.511028746782551 0.486515349138898 0.559038380177438 0.478942400408904 0.55395656944648 0.470017287508064 0.496149697458239 0.603722928092494 0.493306245039094 0.536978117841629 0.493040803329429 0.383300894390663 0.546977126238619 0.331551910461355 0.449233968249883 0.383883122936877 0.340606359481608 0.487336423962804 0.333094364847635 0.435956828262409 0.530886509151393 0.412409480731062 0.523589952432691 0.293231653292876 0.34868534283306 0.459418485880868 0.426199248249933 0.246512378287112 0.398956741035845 0.633705705539162 0.435804994224728 0.466919190606973 0.454170480770457 0.484208602151205 0.245664484603904 0.35606050805972 0.29089626182774 0.23971579755665 0.291835554880513 0.309148818617552 0.338881423667481 0.348581363726413 0.287285971231749 0.301034060891049 0.319220007481235 0.264696145374591 0.332029678544691 0.418907853927721 0.354533064735385 0.357940020274511 0.461956897575598 0.507502530449764 0.284383878427677 0.325429385718416 0.35560121161342 0.466994338917923 0.362582621208795 0.362541078465645 0.416396912475555 0.357414689985778 0.348796669684963 0.434796339683426 0.477673554509246 0.451617883745188 0.442925305766419 0.354889993529056 0.370945399743932 0.670788426160532 0 0.269352218313934 0.297617661989303 0.276814848075371 0.289863766141896 0.223687740732913 0.234959686161951 0.402497479920977 0.532480065379773 0.540326750970256 0.435445017738037 0.469916644238233 0.353289868905792 0.444001563404571 0.456427522470474 0.390055225335034 0.413906567122653 0.529351758875463 0.452444612606818 0.471258548509227 0.392168631174939 0.539114907592804 0.400347573293478 0.517677127449245 0.265620178759637 0.408517120998529 0.312505043957172 0.579597809091915 0.53444946269286 0.445769257719668 0.540312965406913 0.596460123302898 0.536332931261827 0.558801623262954 0.544334563008739 0.473277507715586 0.434291978167978 0.410621378905595 0.412034699706579 0.406603563764476 0.499303442269457 0.480395252499815 0.531272349348651 0.468088653806661 0.514639708212016 0.63015607648909 0.585363989325708 0.428399140331623
"ramayana_02-ayodhyakanda_a" 0.534326897965681 0.45783835913862 0.540738889684049 0.50623020091408 0.481089778371315 0.552974381780394 0.478143137878005 0.529078556875359 0.487420449463929 0.518388232864954 0.583692217252346 0.483545184435737 0.471066950029486 0.507160768899891 0.401327027383568 0.555115223610357 0.362845087591977 0.479247069799443 0.414180820923469 0.324879679365 0.448909192973954 0.332192014541876 0.433623941932907 0.536347537464481 0.392711114745511 0.489500806167948 0.298170819963198 0.40961227275042 0.46519887351376 0.476753755490854 0.24093584646241 0.398897310359299 0.615324972308572 0.481280908088572 0.437846550153028 0.463098810498648 0.492730122982438 0.265643321881481 0.456671376173607 0.270766757694471 0.222875644575382 0.232849283693261 0.249012695629263 0.36750105527691 0.40205254628155 0.323026753440685 0.331235753480285 0.358243438812519 0.271159938180259 0.271726917693084 0.423126905534603 0.314508613455993 0.324975233627438 0.443155078666356 0.487755749413047 0.257085205517843 0.348036378234624 0.405105128862018 0.457686279043645 0.408365661418692 0.333805965831663 0.460359738393574 0.349133115614927 0.321395868381945 0.447044272089162 0.492015227676935 0.366697057296699 0.49578920030017 0.36382665923742 0.412847096666947 0.67311386082174 0.269352218313934 0 0.220040298495292 0.219379839747844 0.223442884914886 0.268413249654416 0.270270550934558 0.421552678765254 0.553991433835559 0.538521423717501 0.466649381065939 0.491012226753259 0.389739240270569 0.472677206021301 0.511646641496118 0.384854176280318 0.425915039688757 0.516359242980381 0.498201198020194 0.458999125036305 0.415801129208072 0.516200943695428 0.41244986325458 0.499464082117395 0.329918426709877 0.443278071781837 0.325309188195061 0.571175623138939 0.532343276052223 0.474704722117818 0.589719267426866 0.618753249606853 0.571264978179309 0.540869465134358 0.551748932921242 0.459632128810312 0.440980091147334 0.430189493614005 0.43861022667229 0.389493146597771 0.525425059297852 0.477280342843486 0.527289955983932 0.454978162659537 0.528198468598791 0.626249691147285 0.59745868067625 0.452832494985777
"ramayana_03-aranyakanda_a" 0.553709467528139 0.441505880469376 0.534052633936076 0.490519797217889 0.462978912320161 0.551846238682714 0.506663024136898 0.535834361106098 0.470541078657219 0.492655130658203 0.602577877497863 0.473605325533039 0.494405271681735 0.494928210070056 0.431977969291895 0.586710655717862 0.359264124408817 0.4656510008548 0.419403919114998 0.382085555798073 0.451522367610013 0.402129701732167 0.423112709407256 0.558893600240514 0.441078183629366 0.542569525684369 0.338895315264249 0.393651666142627 0.504103286115776 0.496069939251526 0.276403712013971 0.410715913369113 0.626882771883505 0.451243331347594 0.457064979160037 0.49415032613175 0.527755362397914 0.316751114723531 0.447089076142662 0.360494886830289 0.289021213190773 0.297064609869775 0.355342831248909 0.398341311803569 0.447136903028192 0.340059735140473 0.352081467164631 0.409941068597471 0.32918789993089 0.348798282016809 0.492994954535761 0.41879380168476 0.416411463727165 0.492718606435611 0.542568549287026 0.344305193693835 0.421083131313791 0.440539444219089 0.530232143706461 0.473231899214327 0.388321451823378 0.47874043817713 0.386826177076188 0.37615814888338 0.485836740179512 0.4832831462653 0.396487241548961 0.51071131676665 0.336393341488875 0.409575205737661 0.657545958842572 0.297617661989303 0.220040298495292 0 0.225758237664521 0.222577790043738 0.244585381940054 0.244335256723983 0.423210035965646 0.557104613841463 0.558105197298666 0.448055618595385 0.493347369423238 0.400580211738182 0.477495451006815 0.478783035051048 0.388894550656506 0.460913529764297 0.548193534148353 0.51728142032852 0.459907687671578 0.454476509821801 0.520827577289996 0.45136825990025 0.503848245838179 0.354808750573547 0.442028276844105 0.331734195488994 0.616235310975617 0.573175432553112 0.480989456125977 0.606148874354612 0.65683225130979 0.588746836316922 0.578270673832952 0.575086334148275 0.540398730613766 0.473516355159688 0.417341936002778 0.457924461703122 0.430242602369014 0.504652539446408 0.469121135886213 0.55131425711693 0.504025803943905 0.548663822441263 0.622779371301903 0.615678992826158 0.486263967821116
"ramayana_04-kiskindhakanda" 0.520273274512687 0.457729171504109 0.543609527839311 0.520523898738152 0.472415896907642 0.572743271273024 0.489540887554797 0.536669356711689 0.490842085847037 0.514319738355362 0.620728187704084 0.504265612745612 0.499062144104917 0.523391292890912 0.398995628914022 0.551904456053453 0.385268893287647 0.488932729764602 0.425579179967577 0.354167775626518 0.482857425665201 0.369170072470857 0.453803883192815 0.522271210523214 0.418240480488521 0.504538577901974 0.309240914601568 0.405316234050595 0.461715355638842 0.434587649720073 0.250578839750228 0.433978334460382 0.653297605157514 0.47788532185675 0.472395934981347 0.470522037703321 0.504537084203525 0.2770808203191 0.395473662337068 0.278535917281389 0.243628903905698 0.274894088951285 0.289955178843509 0.322444930634455 0.39160445617193 0.296694553886401 0.299421591189452 0.334083360326835 0.258413365964594 0.281818150377856 0.432820651938162 0.366587657962973 0.362898212854377 0.465523822841153 0.495747932943993 0.276320207474 0.365181944827576 0.391625837006567 0.449533963468718 0.408500384803569 0.35465029050794 0.44667580424341 0.378724144030385 0.345661766608955 0.434904553010155 0.501049947788657 0.428170572447652 0.470074136726377 0.374917255377893 0.423298448580332 0.679413499254294 0.276814848075371 0.219379839747844 0.225758237664521 0 0.222336958828265 0.218775692872557 0.238577885091815 0.43846753588451 0.572107085241783 0.559584390987503 0.470916063171626 0.467140093854626 0.413939965116888 0.461411301683789 0.498771867758895 0.409658530015996 0.444003367781744 0.550645413999203 0.4656266923164 0.490926885948205 0.38903327492064 0.530141630636113 0.404827636032115 0.520570125292883 0.299728331181516 0.430458237897676 0.346938211939204 0.568776491547925 0.538190984770172 0.433135564488788 0.564504299781567 0.622734980025362 0.536120349883712 0.540035481679756 0.540266970526867 0.493568437788455 0.460568532273848 0.423398191452394 0.42639017460232 0.416428460254018 0.522627178421458 0.478053390469042 0.549297462749685 0.453215926168444 0.505807735037248 0.633546895967247 0.610563070936345 0.45397521870351
"ramayana_05-sundarakanda" 0.567651788873641 0.473141137654753 0.5507719988644 0.531265794154929 0.492689169667635 0.586187530003595 0.502477331971916 0.548133877423175 0.509331360893388 0.527666051515008 0.614281893776573 0.50751235423431 0.487158170280891 0.520785801460483 0.448693614529936 0.601668248095793 0.415334990903065 0.484657494650832 0.44529450679404 0.389481976758957 0.487634572299104 0.391934973224038 0.453241173275777 0.566397964312645 0.44989477428468 0.544727041750253 0.355970939346129 0.421018061466341 0.498521690316055 0.469216277065996 0.283027378774665 0.445872790934614 0.640988272921286 0.493433086619762 0.480301594537387 0.507620694250719 0.526383302980333 0.329016483675925 0.443135040725043 0.344427931157875 0.283653793603977 0.26494145157571 0.32227128556844 0.374664828064865 0.434503078448713 0.295190109162592 0.319997541696754 0.388527058848577 0.300345962674645 0.307593953725856 0.482653419790241 0.39297401984663 0.395326950817364 0.511932260775491 0.524397386783926 0.32850815446657 0.400502489981854 0.422757005513622 0.508109918441469 0.466547412730658 0.361951487232043 0.46271914159905 0.382267958064642 0.357250396786574 0.48485239418406 0.51286717214274 0.414646383065221 0.526306561739632 0.409818756218968 0.428660753840929 0.687695275205233 0.289863766141896 0.223442884914886 0.222577790043738 0.222336958828265 0 0.237288417149315 0.291289958428094 0.459163707906411 0.56021613071283 0.549969536533296 0.489241789341526 0.495254173179327 0.423832706291693 0.507655715191022 0.51111643521763 0.438934007101445 0.453220167613344 0.564566666049048 0.496833662075534 0.480286356885226 0.474624579828492 0.547277480645655 0.445047403512215 0.52765277706506 0.341671373100499 0.473890633035182 0.347327795160994 0.612263207311827 0.565147320486017 0.498280114407223 0.584147802329812 0.656204982425139 0.588852759122018 0.585790972943925 0.584479867601995 0.517344481497244 0.464697633471356 0.459420395434978 0.464643172363981 0.41652970481943 0.538283037504838 0.486938281457241 0.582173198856346 0.474493354408712 0.538251448673804 0.638197042958197 0.608770679067356 0.464622724307508
"ramayana_06-yuddhakanda" 0.527124979503763 0.439235810542952 0.552178039736895 0.486977032379283 0.44793210060463 0.562286782135837 0.490964930334482 0.543172121252282 0.453520915226111 0.495919544694145 0.617530039040927 0.457519285823822 0.529410892447574 0.48775808410293 0.395617126032947 0.560148682376711 0.36541370859645 0.468947748201169 0.407075323318621 0.359239276740982 0.505183598055791 0.370528643037969 0.422526017513141 0.532004375065302 0.444150408982696 0.543028960144074 0.307316329372513 0.392533940405238 0.439648546297832 0.393110901672652 0.212997701119772 0.428688193671771 0.653364690114056 0.453123414133361 0.500102708353907 0.471154376207306 0.509823091833154 0.291536581691922 0.354788693113638 0.326352485501481 0.268895281919657 0.288239657473784 0.337877596539818 0.306103751922779 0.396368835015276 0.237676186742412 0.257678666456719 0.306178127776571 0.268296956990159 0.293607018017655 0.469523592464238 0.403264925691659 0.393565972815643 0.480566366150181 0.526921566770493 0.32414450770208 0.369690420931895 0.371164020766246 0.484357552273394 0.429083582507324 0.399808977103055 0.43367795584712 0.403395315337736 0.385467921285658 0.443547895207407 0.484716161131434 0.465854357232461 0.471231296239539 0.372970600602891 0.409143110000604 0.675204176239416 0.223687740732913 0.268413249654416 0.244585381940054 0.218775692872557 0.237288417149315 0 0.240952525874908 0.440390064282676 0.551958525937169 0.531933712631689 0.457387306089181 0.475390312080989 0.405807733928717 0.468293822507675 0.49718681385892 0.400654692976799 0.435919335186778 0.553229836772787 0.47726084188649 0.489036438656727 0.414014265047821 0.552575334235031 0.418217292346673 0.525894088508299 0.273585411137553 0.428660736545819 0.322003459692071 0.594219564667163 0.557885730155885 0.464991877533722 0.569035834051238 0.622956118113006 0.552948516101197 0.569462161038612 0.571193100900152 0.493694128060243 0.452085459773364 0.435726404825903 0.431899630947798 0.431212424710191 0.529022856177654 0.492897621520533 0.547050981031323 0.470527265855249 0.53405421152797 0.633887636276314 0.584452938114197 0.457700596611578
"ramayana_07-uttarakanda" 0.550897498702762 0.450612588829373 0.553683493211891 0.499390405726594 0.46739479801336 0.552395839735501 0.461649231702287 0.537624870013526 0.455575511056606 0.485318961121466 0.598964537669444 0.472754121014704 0.520501977963707 0.492117377527478 0.402679539465695 0.551953484195958 0.335803185541414 0.464292449794948 0.397921440058163 0.334868963468587 0.462134282050592 0.367598008290172 0.434296064632272 0.565943941765175 0.436314240174877 0.501406777377017 0.338447724531079 0.367756948645669 0.487262204524212 0.458458399395248 0.230964281742119 0.370938915246688 0.64674482372854 0.426702012218452 0.458171088995654 0.477459997894126 0.525279462694299 0.261911640027878 0.384394642482354 0.325255431613763 0.243295441750336 0.293347848306228 0.335327984453164 0.375079066424436 0.406645671203537 0.318563534815084 0.326037583541777 0.341672445160658 0.28239414864218 0.342357722652743 0.460335088799304 0.393936890216101 0.385269765050995 0.4733466437068 0.510640688485348 0.300353066783776 0.363698165781119 0.37895421868137 0.493211866171667 0.451474595883927 0.374733618387235 0.439563767767194 0.336701015164917 0.347389287227519 0.454083249870246 0.493203853708871 0.405592821470748 0.450874140151487 0.303072633949255 0.381674967055374 0.670391183694247 0.234959686161951 0.270270550934558 0.244335256723983 0.238577885091815 0.291289958428094 0.240952525874908 0 0.40504112053255 0.565692071377973 0.578051657939475 0.415445359776161 0.454594091729391 0.341652211412396 0.454368654879082 0.44641447076775 0.367622183056766 0.453799976600935 0.532222154847655 0.47154941374156 0.472596564992941 0.40306923571749 0.531221295170902 0.408615999289199 0.491297494684516 0.283731972659362 0.391679114656205 0.274642456022684 0.599892921161063 0.529567687540117 0.422041890125263 0.579525328833003 0.608539805551748 0.539912589327187 0.555840909978451 0.535649532944538 0.497763065404442 0.462180490230353 0.383477804698952 0.415023537764436 0.41596989882752 0.496669789743449 0.450977713014183 0.496722943274143 0.507067227992471 0.532249410059086 0.622831519667534 0.604149008608469 0.458864616612603
"saurapurana" 0.485976464232169 0.419396457498442 0.449209651100509 0.44190189025424 0.433686122048087 0.402420284856815 0.390396918810425 0.439582233041174 0.394861399377176 0.400329666215933 0.501817238720162 0.417312965646149 0.416549063872833 0.361552553337601 0.268416630674154 0.474151699025858 0.285383843397664 0.376850513082647 0.28466554218471 0.302785867610847 0.363596525627745 0.289207686170717 0.379249544445675 0.434435951434319 0.308589936659992 0.428042097763335 0.36997850468737 0.33374475315164 0.504430693168962 0.524154478275922 0.378807790149263 0.325136484681594 0.451952611899869 0.343590077884701 0.320815082012559 0.374681271309344 0.408938554896044 0.364100808694905 0.492354136456734 0.370233217785549 0.373919281183287 0.391827366917246 0.387333497073913 0.455173030830045 0.381104777077786 0.449676688755063 0.45321344768832 0.462503640982845 0.386537634863034 0.397723106753821 0.434305014090498 0.35821319311839 0.36230303143899 0.419705548010493 0.473322540915264 0.379655928556391 0.447271730557102 0.493065819333881 0.520775076013012 0.471886612400339 0.328409058868065 0.419467066366938 0.38938775392574 0.343127420540691 0.394161031738953 0.389763159569655 0.381421402148381 0.446340701028844 0.295560230003149 0.256771469440797 0.555301978122761 0.402497479920977 0.421552678765254 0.423210035965646 0.43846753588451 0.459163707906411 0.440390064282676 0.40504112053255 0 0.511967712188097 0.507553487416294 0.355804663734598 0.472715900396176 0.31363820358855 0.34404535511384 0.435534937392346 0.250225609218039 0.342787171781108 0.404974845705289 0.488086693114051 0.327264250076902 0.363496820996455 0.436567581417882 0.425965196323995 0.439956905804144 0.37490590543362 0.357799750250156 0.368805397933754 0.543150997387301 0.465064699281773 0.455824731909929 0.587542971072715 0.593895452513916 0.573815554740306 0.517100840302764 0.600387009310433 0.465021654159144 0.395968571122606 0.305015595698165 0.392942758492588 0.362863562641988 0.378887831745476 0.400413279012676 0.44227577209053 0.387270943077333 0.475619013254019 0.542617105852204 0.535445038177147 0.343766936843506
"sivadharmasastra" 0.494758202129006 0.557395477663452 0.562356479191691 0.560042844984497 0.536496058588508 0.573215710740509 0.578872858097826 0.619684343313152 0.583933244929546 0.608558375218036 0.632600523633339 0.595418867554706 0.557655780741963 0.543036828447446 0.473698850978528 0.609352610460011 0.52746666145688 0.505070095479148 0.49370419314737 0.517509163331165 0.520341845880184 0.497054452193334 0.433217290656863 0.497352082552776 0.473696517427555 0.561649319541252 0.518399360733858 0.529502287423496 0.558791599935079 0.588584482549361 0.551943432924627 0.500368750826504 0.554551379937012 0.522935115250806 0.485386013571865 0.512392369494203 0.495543155537637 0.573181783471149 0.569273094434018 0.558512330887955 0.560535922453146 0.544502170227982 0.5355692343035 0.579464224377976 0.542069963920374 0.570610226970426 0.567450493351215 0.598714439860181 0.538038030340948 0.535099737494969 0.555741064225883 0.514212239154485 0.503097987415923 0.488116794473666 0.517571178382705 0.565258989220955 0.603622928313284 0.63888224735901 0.646019858706248 0.584259731934549 0.534561027755049 0.579026823310437 0.55835262242923 0.535962087362007 0.519060819453055 0.430723771657765 0.518795950811473 0.583710518908805 0.519982557020754 0.503466648403262 0.60203038076253 0.532480065379773 0.553991433835559 0.557104613841463 0.572107085241783 0.56021613071283 0.551958525937169 0.565692071377973 0.511967712188097 0 0.360714713481512 0.490135398238949 0.548254430714908 0.529236443054795 0.463386191077608 0.604642820113516 0.474892946178305 0.472490376801679 0.4544072061454 0.529619347856773 0.51843656602737 0.54455240408659 0.481448664541999 0.54712633690356 0.49438884256072 0.54248860738978 0.503318528702187 0.520969298969884 0.611736015606708 0.558920309529316 0.589532607612408 0.594347757478545 0.66607555759365 0.65664090921563 0.550170275832153 0.677638595462244 0.509882065062457 0.494684720494559 0.524781061038878 0.52619773173583 0.426361352894751 0.592274168950026 0.543820574092953 0.5954568192282 0.485027701394195 0.606720086247588 0.668883839889395 0.615017966472228 0.521172462253946
"sivadharmottara" 0.456924704178359 0.533242262788176 0.565174103511254 0.562725144442444 0.527076589688122 0.551561919915142 0.588120212567625 0.594541916930439 0.578615371677441 0.589106291533015 0.590959901982286 0.557417193337344 0.562762220238749 0.508515280550311 0.446857531995362 0.584972127209882 0.531433049461326 0.490900672460019 0.487071290708017 0.493665705816966 0.509181360311681 0.469096614351845 0.420022205655823 0.48210958140135 0.430808861619273 0.555098346670216 0.497564655222282 0.568340436428259 0.54187628600576 0.577361972858485 0.534070986751637 0.504668631210007 0.551375303068305 0.55031558281243 0.476572324055702 0.487212060419681 0.458185566223206 0.560144432267829 0.550265121181095 0.548761206129689 0.554094782209948 0.560788758197817 0.529975014874635 0.573239227734544 0.523932126236514 0.558941799081747 0.551540888541922 0.586736901059036 0.539729153529712 0.528555356414881 0.551705456181466 0.506608554977703 0.519203724121189 0.423342998253221 0.511340632390848 0.55412478605714 0.592927350373494 0.628014463593153 0.649436889801719 0.57638496830801 0.520046899217508 0.56565072429623 0.575407328528526 0.533540005453202 0.490664886120239 0.39516472516381 0.525465451191673 0.564833534307855 0.5372069002339 0.505722455828072 0.570991322067133 0.540326750970256 0.538521423717501 0.558105197298666 0.559584390987503 0.549969536533296 0.531933712631689 0.578051657939475 0.507553487416294 0.360714713481512 0 0.494552579802949 0.556129888968454 0.5310529060598 0.488960906180145 0.602588122570065 0.48091048395665 0.413895237465261 0.412688209163223 0.500159203621432 0.499800276211449 0.53712679455141 0.53949117932978 0.549668200884319 0.492606789874447 0.528373775039174 0.518874765479314 0.538308182946784 0.594046433625072 0.511716533924717 0.580146177021689 0.582188787537554 0.663079348209541 0.662860901921851 0.546265724167429 0.653432193879415 0.46857262410743 0.455213589133433 0.548342632488231 0.49423919589855 0.456692086861346 0.584060179832647 0.570139300506614 0.595307394211438 0.476772598297839 0.520572079517569 0.682977689256467 0.579857971562427 0.498521733693635
"sivapurana_dharmasamhita" 0.474836636211807 0.4334150070635 0.482585452093266 0.449944426773398 0.41627241667235 0.456704185121022 0.444054491773768 0.495351862236164 0.440716328886043 0.453081414563976 0.553873133113379 0.42565584105768 0.471763621313 0.428579237855742 0.333340953172575 0.518593312641468 0.333524119249164 0.428476910526677 0.333531939012243 0.359864613346444 0.396220021845488 0.381234985412896 0.385682419473308 0.496013365968406 0.402558793181512 0.508386820465877 0.40190134771339 0.402966394473442 0.509238991733275 0.519504518790291 0.421560083970275 0.339300244586105 0.57340084698477 0.323564551245539 0.387020618560334 0.409496082647735 0.436011669922155 0.4350568523127 0.497649680629659 0.45375975891357 0.438660406794413 0.465497555451056 0.454667626949394 0.464403422024247 0.411815467737192 0.448515726067783 0.449792222158641 0.469626589527889 0.407892303668909 0.460511876789524 0.483242645936175 0.436722232441539 0.433863146719359 0.458104847608966 0.492350418116118 0.438473966070919 0.496235388962565 0.521665851721091 0.556942758394466 0.525479194111103 0.429812559753136 0.465752555865794 0.464330987517203 0.423928420143977 0.38904173306508 0.383367137941398 0.387079710304561 0.428034228368255 0.340318233134799 0.27927306804879 0.575449486131747 0.435445017738037 0.466649381065939 0.448055618595385 0.470916063171626 0.489241789341526 0.457387306089181 0.415445359776161 0.355804663734598 0.490135398238949 0.494552579802949 0 0.442247661852919 0.404143224686119 0.366961915527471 0.463046962823472 0.336457451147948 0.426023483017458 0.445026307447902 0.437369062415146 0.38402191037948 0.405577799227162 0.491838293259032 0.498232177959126 0.434380464881968 0.420461260588726 0.393885215598121 0.361645414678823 0.586563264181058 0.483534506110872 0.455187413105238 0.584069962460094 0.660030344357097 0.572830629119921 0.546800876822452 0.58828365866765 0.479052428212282 0.444189915709614 0.385491943680007 0.388355714814914 0.416786028620131 0.460200757236987 0.476306916692183 0.479214821652766 0.45994001334365 0.530692770888812 0.596863175830071 0.589127355476669 0.43543640138118
"sivapurana_karvanamahatmya_au" 0.539378971014347 0.538339209361638 0.570196758207013 0.576853545190381 0.580661594903658 0.61727231709703 0.540858760458941 0.590282288558639 0.525814349566613 0.582447529560697 0.640794159964148 0.559605241414434 0.565165231753721 0.546209505509352 0.414543979577355 0.495782851338537 0.454228286541928 0.518927879856233 0.458427196325254 0.375168386567566 0.475110480844327 0.414857415528751 0.452190554867367 0.553337091940567 0.423213554833159 0.49594112359409 0.457356793416504 0.507680974308067 0.555584384571935 0.530703062765648 0.44827105009957 0.385493128723557 0.632253163503163 0.52297015206357 0.523651940483891 0.470405128435335 0.517928709948427 0.437418377981606 0.53843104244881 0.466656628686003 0.452915934105498 0.472963774812039 0.472344448004986 0.497553268912795 0.449942801514363 0.482824334984691 0.482159846807973 0.484382175766797 0.433040875309661 0.472609312929893 0.488387870912966 0.46820326210351 0.445980282301281 0.500633866603783 0.481404526211053 0.461802956210079 0.503365259780745 0.524266266135088 0.528904036827195 0.525968018203868 0.413024236267522 0.409380569775233 0.434805507038857 0.397963169641003 0.441505497578266 0.509429273385199 0.507248052121746 0.430494933799026 0.440246219734628 0.430909281262347 0.698575650760117 0.469916644238233 0.491012226753259 0.493347369423238 0.467140093854626 0.495254173179327 0.475390312080989 0.454594091729391 0.472715900396176 0.548254430714908 0.556129888968454 0.442247661852919 0 0.449136896912566 0.421196027971965 0.522175305945759 0.440826658446594 0.480056137876269 0.521331124483944 0.466663581032607 0.545308745626404 0.376729169071201 0.538175975909435 0.510544128070467 0.518967478655735 0.465357958893478 0.406514219534006 0.444332444626202 0.578534917845107 0.498950759423315 0.427932785532385 0.587965634416874 0.613522727272727 0.541995673336939 0.529353259835843 0.555974842767295 0.494207557469521 0.487481396757568 0.391398944910291 0.44377292542668 0.471662094149178 0.493176038830511 0.459562645554047 0.504726720475061 0.483503372689092 0.549752982739287 0.628966777625481 0.572838239762284 0.462657741466938
"sivapurana_rudrasamhita" 0.544170238319051 0.447090199970057 0.511187598622665 0.445829655915542 0.473911998199181 0.494619315792341 0.438426576809594 0.484323599918921 0.424124356760624 0.446845492313315 0.555712826470217 0.408674298411067 0.479363339295577 0.429588398673592 0.327245087575717 0.510130093183865 0.266713129785765 0.404070407808214 0.319049186595516 0.302273500065262 0.404591395484524 0.283264144336039 0.419558117974158 0.516627580353608 0.396091521976278 0.440282119574217 0.350103238012561 0.348399228064177 0.499265195013149 0.486090361082089 0.323348387211799 0.348509006061735 0.541280586269904 0.367099165107983 0.401727257974865 0.418540333645807 0.468709480225387 0.337617018558132 0.46301095552378 0.385104153475295 0.34539601349015 0.36409960761811 0.392354996648793 0.447575129034529 0.338109527075231 0.43080154140631 0.421770021537341 0.423061603992766 0.378227554666384 0.412350455593074 0.461184443367377 0.394574761943702 0.392258367347912 0.491008073533556 0.518023169494717 0.358150251462295 0.429065916565489 0.47570841227027 0.531423603944583 0.46833670310728 0.353315546913388 0.369498499510849 0.354561796577101 0.32860437885339 0.462348166498375 0.450448440113246 0.422539975836419 0.45536249927846 0.248827018739128 0.31128787870596 0.607776792756468 0.353289868905792 0.389739240270569 0.400580211738182 0.413939965116888 0.423832706291693 0.405807733928717 0.341652211412396 0.31363820358855 0.529236443054795 0.5310529060598 0.404143224686119 0.449136896912566 0 0.429684409884897 0.289653480578981 0.269724717072824 0.402897039448755 0.427538915663465 0.403911810218705 0.392538736674902 0.390238256917768 0.494983573648391 0.396180986348644 0.505135432535938 0.356664117755898 0.355382696129057 0.312111664405729 0.568347374930296 0.498917707402057 0.44001492177972 0.557379420096472 0.582961548268212 0.548857617654216 0.529934657485558 0.555968095616322 0.455599537228328 0.403688768013157 0.327934961051057 0.386921112244094 0.425368708962538 0.426510680413484 0.425112420041607 0.477599564628775 0.481228247115233 0.5039240346774 0.574794244265126 0.517727176704259 0.41164926085875
"sivapurana_sanatkumarasamhita" 0.443362506573356 0.486890233665228 0.528320690633491 0.503056072503242 0.493706852961679 0.47118575514882 0.504865092515807 0.543023855394642 0.485116032260116 0.525238725991172 0.566358828068269 0.530239842211846 0.522231192808721 0.461817543639639 0.318749808171193 0.455501679081922 0.371239984497004 0.390478034694161 0.337987954269126 0.350049656158993 0.3640886302371 0.369878011945254 0.369874667768443 0.421271486450848 0.35711991918579 0.420036976230774 0.383447902857908 0.395751883429039 0.459742820953469 0.479191844483551 0.40933861470504 0.352539247867683 0.498026015444661 0.405190771112581 0.357366833179066 0.346024982565061 0.336428997768862 0.420214515946925 0.505089735048117 0.44120624161364 0.445875264736718 0.464520913880603 0.444364207386229 0.477737013831146 0.399434140080872 0.478494117719621 0.474227565747925 0.486804915812324 0.410937392641525 0.446062116156929 0.410670080095053 0.402987405897034 0.39501237174177 0.376122869434243 0.467756282219787 0.428922778317832 0.464215625196777 0.539827246963303 0.535941164619414 0.489243990526251 0.388537213365128 0.441535618324239 0.449277709008534 0.397408563907897 0.36916997848431 0.391495835834325 0.466464309943582 0.403666034602813 0.402495298969827 0.348466733716482 0.559215280313895 0.444001563404571 0.472677206021301 0.477495451006815 0.461411301683789 0.507655715191022 0.468293822507675 0.454368654879082 0.34404535511384 0.463386191077608 0.488960906180145 0.366961915527471 0.421196027971965 0.429684409884897 0 0.516879223170586 0.350768996556238 0.372647463655265 0.341368747970458 0.441465966526604 0.439358928331514 0.357332176571017 0.375240948851 0.448116319191893 0.439819520263895 0.391686844536324 0.386898230781216 0.416849463114234 0.508288432963364 0.442021771274684 0.450204159469679 0.525750897714141 0.578815435557772 0.536329462714335 0.482305666094722 0.595380548599096 0.414203080555618 0.399842063291704 0.370624402808552 0.368648177274059 0.362839600308635 0.404602906015428 0.473320631773885 0.481668438655283 0.427989727489623 0.496255808063236 0.593234787085336 0.56495083571848 0.414760159656563
"sivapurana_satarudrasamhita_au" 0.6268658169445 0.503256130222325 0.560218796965248 0.504739158651955 0.532272778133626 0.551289835109379 0.490571672731769 0.514938973886506 0.440961878992557 0.484380268033984 0.621929271816424 0.467952967561523 0.517413919149971 0.497097725120927 0.461482697456817 0.56290341973835 0.384257617174145 0.514139462806638 0.446897952318978 0.455112584506178 0.507916742662627 0.443018403576323 0.55817967294075 0.595800640223901 0.52268121288031 0.543581753292962 0.481947203670357 0.452363992891429 0.557459950714625 0.555722692271393 0.44282088151938 0.498574011621268 0.620986692649174 0.422793271307785 0.487102935848517 0.533713225064339 0.57464681814571 0.436547384897698 0.524760628875631 0.492230093301812 0.451796068248736 0.474920387391763 0.503522658841359 0.556814732387979 0.425859832036327 0.527789418133632 0.52322433737418 0.54254232813783 0.492069317839734 0.528986900299754 0.533577304722064 0.502893147801322 0.496084545332957 0.601484483554617 0.602685882385661 0.469221327246249 0.530675085379442 0.56842355045679 0.591001639283186 0.576238551295326 0.46852379795115 0.470316148374373 0.436051853813 0.440590580094518 0.54557004246482 0.559099334898782 0.501430840485936 0.531082890438944 0.368367280325026 0.374472346078421 0.627777394536777 0.456427522470474 0.511646641496118 0.478783035051048 0.498771867758895 0.51111643521763 0.49718681385892 0.44641447076775 0.435534937392346 0.604642820113516 0.602588122570065 0.463046962823472 0.522175305945759 0.289653480578981 0.516879223170586 0 0.407554024565043 0.522319743422154 0.514161130927059 0.468237966101422 0.469631233036386 0.491568061174997 0.597078786038168 0.482839053648784 0.588406529463646 0.447835728478816 0.457492616421507 0.441714455566764 0.631554248348342 0.582546238017624 0.498808763695908 0.637637325672004 0.596258400123746 0.62236458599099 0.618847416750182 0.572730006612609 0.56392856963225 0.51361392515461 0.416210920303525 0.499233144926636 0.547804361772074 0.502695696287823 0.443037321009323 0.513432576903426 0.572295336327354 0.565973910307059 0.571538672005158 0.53915567863968 0.471989958915319
"sivapurana_umasamhita" 0.470622708722234 0.416299146615427 0.451879428819327 0.424334893608361 0.424046416165031 0.437734707387723 0.407961911629902 0.437781934872736 0.399250539647251 0.39251724444523 0.552474618192358 0.410145126619076 0.445933258545445 0.366752898253791 0.246509695007163 0.455754545856589 0.236670388028434 0.34514792393528 0.246593451650629 0.294981269204327 0.375376685260413 0.295320691705572 0.34856609094485 0.417890968007078 0.299234419253007 0.422526041076974 0.342270804449162 0.361615104954264 0.472230612433919 0.461411433748495 0.342082842361894 0.32032449525288 0.474170234172082 0.3572162614469 0.320069869397294 0.375029533418167 0.40637524994396 0.351237234425207 0.463324144699683 0.375839616676684 0.36180821250432 0.380689922742665 0.362745633422784 0.431385362975853 0.344278511497631 0.403197684155646 0.421216315053986 0.442063975960568 0.343971686988886 0.377302921487527 0.436680415484958 0.342709776820509 0.344407871056441 0.40210546195406 0.461367659332904 0.359579887016099 0.429663649092128 0.488030965110803 0.517398666832594 0.461253763909895 0.33506257787131 0.394783404481504 0.373390289190931 0.330309945121022 0.37149819731058 0.357780757002702 0.376878580141114 0.446146938421485 0.297102451392847 0.292332436402888 0.584261696977702 0.390055225335034 0.384854176280318 0.388894550656506 0.409658530015996 0.438934007101445 0.400654692976799 0.367622183056766 0.250225609218039 0.474892946178305 0.48091048395665 0.336457451147948 0.440826658446594 0.269724717072824 0.350768996556238 0.407554024565043 0 0.347588606446341 0.378594047751378 0.425991524460528 0.35267931837741 0.350518724876678 0.434627200611102 0.431826558857126 0.388817834064587 0.369565309694947 0.328676448354279 0.325234011451165 0.515707999670689 0.445661349551226 0.4334190321996 0.533611958311033 0.569785431737817 0.515737928836843 0.464317851136308 0.534757100202645 0.434268744740484 0.409256865444836 0.271920349574634 0.340148405108523 0.366379703872296 0.415309846704342 0.385460040542502 0.416364155440901 0.386169290857346 0.483597648922016 0.562267114245571 0.519010718691596 0.347254443518841
"sivapurana_vayaviyasamhita_au" 0.403895570615065 0.451620475200936 0.509197485728381 0.484827178854085 0.476559598806271 0.441814736641467 0.477276233089474 0.533961672031603 0.494165379202466 0.47170901149382 0.474552150228694 0.483455628835509 0.502610298741315 0.414254893276532 0.301627306278898 0.489490075289853 0.36275968623131 0.356095299350776 0.311007969545642 0.336040668546251 0.378206464006186 0.335130400798806 0.366606216568318 0.379634297346234 0.320807992835986 0.413681077812425 0.336487688857002 0.42063415285649 0.47619091311963 0.507968986238476 0.393641100598601 0.341497944205181 0.487441113208174 0.437409109195383 0.335520437183832 0.36108469876285 0.318835450540936 0.382291515000863 0.46429438872416 0.402853864829083 0.394398439631418 0.422633563144245 0.402034625945097 0.43385776731845 0.41173900089931 0.432835022144052 0.429439000117626 0.450554751599276 0.397527247331048 0.420475522380988 0.419164856525624 0.360691483703446 0.378485051018906 0.356591044738668 0.422890271619727 0.399185146629435 0.443792864475707 0.48215964796188 0.512833280662249 0.454875309803409 0.330576180764985 0.434471838630474 0.44751822236495 0.362376484575682 0.354918303218599 0.338566376459731 0.447514522286239 0.430052595753218 0.400531783379371 0.389406936032472 0.552759466297862 0.413906567122653 0.425915039688757 0.460913529764297 0.444003367781744 0.453220167613344 0.435919335186778 0.453799976600935 0.342787171781108 0.472490376801679 0.413895237465261 0.426023483017458 0.480056137876269 0.402897039448755 0.372647463655265 0.522319743422154 0.347588606446341 0 0.357331174158611 0.483760748467694 0.371218071708187 0.395677239259958 0.417393286555491 0.434842915152685 0.414776524973085 0.364247461856354 0.453758746710184 0.396258589037394 0.476760741199493 0.406170537077144 0.478407015048255 0.549936937232571 0.584902610984472 0.552675394424113 0.495886435295243 0.560312150938346 0.400124853988152 0.372626497320703 0.419283856162174 0.381040556611646 0.386152975640458 0.459720190563127 0.481401105122709 0.492274196870272 0.354882354656893 0.386560773005836 0.602409076070796 0.539964758231991 0.33902839099763
"sivapurana_vidyesvarasamhita_au" 0.368006335285425 0.536514109518433 0.548069125790342 0.557447784286297 0.548616749147208 0.481757823813245 0.5533670266646 0.562852253104213 0.565532460937603 0.545001124223585 0.546878710652634 0.552498435686573 0.543831693000009 0.462004757979917 0.337510338113138 0.465626278686484 0.424594024345649 0.393909192576161 0.371291065860637 0.42516099173379 0.36148103449744 0.407155693330037 0.364358233461647 0.363391797350894 0.358404978317697 0.419709280842624 0.436730661083447 0.460602956364022 0.529361148102767 0.564289201119494 0.488187796099073 0.388733938195542 0.511270224115982 0.474699448427815 0.349827703703569 0.368388574000619 0.328140095521545 0.502196471597873 0.533295376046697 0.507368351418621 0.522724331297962 0.533945613659629 0.514539519628303 0.547704141925353 0.494653906290036 0.541703065361479 0.540053756593873 0.540449983145969 0.505128155416884 0.520905753942564 0.470632675310745 0.456716174800128 0.454012056793443 0.380259550418001 0.472370086740555 0.5009993348142 0.544428578143328 0.593583434379002 0.602384136328094 0.56142575800819 0.449035664767464 0.490662169569071 0.527902080124674 0.467304221153993 0.403756361127683 0.306410804840671 0.471128800810229 0.478425170716346 0.466992509937097 0.453902986444346 0.505832251937863 0.529351758875463 0.516359242980381 0.548193534148353 0.550645413999203 0.564566666049048 0.553229836772787 0.532222154847655 0.404974845705289 0.4544072061454 0.412688209163223 0.445026307447902 0.521331124483944 0.427538915663465 0.341368747970458 0.514161130927059 0.378594047751378 0.357331174158611 0 0.478352352216151 0.451941056616566 0.440423314484697 0.380197243474294 0.514733351143142 0.414141836740766 0.506101850716476 0.45928775372316 0.458887623100643 0.512100348478468 0.395001116117128 0.499659569202233 0.54606605497093 0.551310156064402 0.566911763897032 0.486769685011506 0.569861076239656 0.398312163111229 0.391180287837669 0.45016521861904 0.381704398540565 0.43615728608577 0.486353464489463 0.552958008506283 0.517086325481567 0.429163083834456 0.505563350752334 0.654073940800867 0.557060696509115 0.476890211892897
"skandamahapurana_himavatkhanda" 0.489395730241675 0.514979184748889 0.60486198693993 0.54492038191004 0.53764779325554 0.599675799058423 0.559257408830495 0.560113882955371 0.526656939328323 0.556567561432911 0.658817562869631 0.528985553854364 0.57925637433761 0.525670359078439 0.421205010131217 0.518400047418376 0.461123816995692 0.499845537590169 0.450685568075493 0.422385817735464 0.517995489814202 0.413651133990444 0.493194863614552 0.460102476482672 0.455899884827642 0.482077800881631 0.416536741316952 0.467326366991967 0.481846434074928 0.481601388191155 0.424618649186374 0.471219130006933 0.597863631675208 0.456830617373766 0.51655163678585 0.421743543731628 0.416645465716058 0.446673679869433 0.485383014528045 0.425940858211006 0.441878556204272 0.465663964620595 0.422544558150815 0.442004293602352 0.404579699781314 0.469801563026039 0.439308272136816 0.427704990561209 0.418993741616629 0.448074856189308 0.494556900047046 0.428392222199831 0.417599938628892 0.498424465727517 0.520300648852956 0.427460163465612 0.470653532328909 0.481825164884647 0.536340113090425 0.467257960196367 0.456767611092902 0.403617203403161 0.487636812715975 0.44713193450071 0.452321001751279 0.477304403014735 0.550435671357016 0.476518250293699 0.462183070317549 0.444002484136144 0.657554347775516 0.452444612606818 0.498201198020194 0.51728142032852 0.4656266923164 0.496833662075534 0.47726084188649 0.47154941374156 0.488086693114051 0.529619347856773 0.500159203621432 0.437369062415146 0.466663581032607 0.403911810218705 0.441465966526604 0.468237966101422 0.425991524460528 0.483760748467694 0.478352352216151 0 0.532547829004688 0.420779219508293 0.563064415928191 0.432978503743306 0.568956618042226 0.399098682335952 0.436173926396051 0.412964477711711 0.551484358210788 0.523653009389378 0.432129255958669 0.518134115147945 0.576435158583648 0.543265899914875 0.549905564918493 0.556257460803243 0.466618837012887 0.450210026141552 0.47321127489357 0.388716012969266 0.489005536013258 0.515922280027309 0.509209192121449 0.557476446191443 0.482393743400426 0.51465936008938 0.645300622651092 0.570760441285293 0.486680223971197
"skandamahapurana_kasikhanda" 0.531925746348805 0.408109054890247 0.426340393962678 0.437805321147108 0.410006804495823 0.408498201413986 0.414014845963273 0.455356444168403 0.437700855501101 0.43690239753729 0.401605310511605 0.434453688356491 0.436902826012175 0.412262257562044 0.380990655259855 0.567336209186935 0.381759589530121 0.417919038461356 0.367840525641099 0.39951101059332 0.401147734764062 0.394427297771509 0.42045741826073 0.506533729944347 0.389562725111693 0.505041631639793 0.450105418263402 0.45599525291595 0.561077331473153 0.582458855155322 0.463297191721179 0.396917976547303 0.481589012797896 0.380931195914635 0.397084902290929 0.481979724746661 0.486807037873746 0.455468589457419 0.563628867390523 0.465413576295505 0.460916076318055 0.46366792140074 0.451930932532943 0.534639298201018 0.466100949639043 0.513854571767409 0.513288312117364 0.531318721190223 0.469347129925652 0.456979453890116 0.459432810763206 0.431371581193862 0.429006362351243 0.481255217689107 0.510972169693815 0.459995048263436 0.528044314474522 0.560442644702801 0.57505156344602 0.522314555494693 0.395161346463576 0.479411623614322 0.447564611312775 0.400802027108946 0.484052330199028 0.415840186536541 0.365801935431747 0.538726842621085 0.374945519638832 0.355243949161822 0.488689660853249 0.471258548509227 0.458999125036305 0.459907687671578 0.490926885948205 0.480286356885226 0.489036438656727 0.472596564992941 0.327264250076902 0.51843656602737 0.499800276211449 0.38402191037948 0.545308745626404 0.392538736674902 0.439358928331514 0.469631233036386 0.35267931837741 0.371218071708187 0.451941056616566 0.532547829004688 0 0.476123826367573 0.441311374384892 0.527627347240629 0.487281237734275 0.476153468971378 0.469380219863335 0.436118899290355 0.570078425620116 0.532749342400304 0.563268419457752 0.63297424352222 0.671969235827081 0.636701629505267 0.600743516073112 0.652779486110567 0.475324917345072 0.467547641803922 0.414862179249548 0.480986544979694 0.407170509009463 0.510922467067048 0.486360522704389 0.530126155854066 0.445383466798611 0.465539184486542 0.576885629903403 0.585961310074504 0.399774682353292
"skandamahapurana_revakhanda" 0.423181914430504 0.469333903893296 0.538954502092025 0.510571986266966 0.506342574357818 0.525966902010278 0.480935565553154 0.522985882192524 0.452350085707746 0.509704017145591 0.609226592715818 0.502428638425319 0.529560503368428 0.463150171073971 0.281730697919946 0.386765557098099 0.33641559849628 0.4445966547179 0.353663280477923 0.264756663996552 0.435625948645282 0.290321604907599 0.383448150054378 0.4174082611753 0.336956999023082 0.411021714602772 0.328417375898819 0.417652600229837 0.451420136466225 0.441867336143733 0.33895948880363 0.327888127815981 0.572280955685724 0.432787668498505 0.431996158435029 0.322586142955416 0.371745610569702 0.324953666111646 0.448890529760868 0.299124911934725 0.340285546064327 0.377188292741482 0.334350259696044 0.37305469477039 0.337602858307597 0.41486859716577 0.405108141758292 0.382027357255556 0.350419548216461 0.359462481606641 0.411023717390058 0.311876636736496 0.290762820719284 0.394308645093758 0.399998343929896 0.340877325440215 0.396055684357787 0.46402611128884 0.414992040417412 0.390916905652611 0.321266322160674 0.393120402761585 0.372855339802448 0.318979593954262 0.249311857072681 0.439528570076454 0.447542448631877 0.310988884836596 0.345372049326419 0.374377175485921 0.642736184779521 0.392168631174939 0.415801129208072 0.454476509821801 0.38903327492064 0.474624579828492 0.414014265047821 0.40306923571749 0.363496820996455 0.54455240408659 0.53712679455141 0.405577799227162 0.376729169071201 0.390238256917768 0.357332176571017 0.491568061174997 0.350518724876678 0.395677239259958 0.440423314484697 0.420779219508293 0.476123826367573 0 0.443866872428374 0.389360895494568 0.479154305186557 0.357300798018663 0.342918884380944 0.405449181933983 0.468579956928865 0.419342847363779 0.369295971571623 0.509431015732877 0.510553217478614 0.445573242928863 0.456576049180882 0.470129205514378 0.433333989759507 0.398685128516008 0.272635385840888 0.274109409042341 0.39919955764744 0.398144862923246 0.443355976814591 0.438917218102432 0.38336167634642 0.486435601459313 0.59107362243631 0.530409296503513 0.391187031648106
"skandamahapurana_sutasamhita_khanda-4" 0.48005758193448 0.571811168583874 0.566341931957947 0.588601434955024 0.575159932251494 0.54260420955519 0.564739608217869 0.583911492516786 0.581896021525564 0.600025594446389 0.56287716803725 0.603399533837066 0.55351441609375 0.549737302307766 0.428364999333269 0.522450278509756 0.469991347298598 0.422961746277246 0.428019994597035 0.458059308742591 0.362911803433056 0.46060644743032 0.427205334114176 0.472092469464551 0.414529362095435 0.40916262293026 0.485079688459041 0.496341522189149 0.56284477993589 0.611172520540219 0.538954532509499 0.418521707010778 0.45212251952133 0.488978190153332 0.388265355263153 0.434307511152816 0.424945018045813 0.511933672639737 0.589407492165044 0.513260975015393 0.53513661630373 0.535217597275413 0.508928838988092 0.56992632650047 0.557198146732682 0.571593886785139 0.577134840890068 0.577735151185743 0.516545813771323 0.523523108459121 0.532955676033605 0.487349247896541 0.465542497257644 0.414915554654974 0.500714509225884 0.516881289704713 0.560199437173058 0.618965138062879 0.553748137459157 0.539371778194746 0.463517457925964 0.528296912218805 0.527758522163789 0.478047302792231 0.460083078875249 0.435414487295347 0.478573391048829 0.503296918078603 0.480165847911199 0.486851951263964 0.552277316143682 0.539114907592804 0.516200943695428 0.520827577289996 0.530141630636113 0.547277480645655 0.552575334235031 0.531221295170902 0.436567581417882 0.481448664541999 0.53949117932978 0.491838293259032 0.538175975909435 0.494983573648391 0.375240948851 0.597078786038168 0.434627200611102 0.417393286555491 0.380197243474294 0.563064415928191 0.441311374384892 0.443866872428374 0 0.513642249040912 0.423593397141112 0.521166359065667 0.513776879248426 0.509262966522714 0.556252556113342 0.469960251199489 0.540865623345158 0.602856880000734 0.609132413939788 0.582739608721428 0.525278018943927 0.62383622840158 0.469943700252379 0.463274640056059 0.465426971430616 0.459356956854203 0.42642521299528 0.517391846954499 0.544505355719668 0.539513610073573 0.440921534320613 0.560585586293266 0.65544962297335 0.644050874135638 0.496264033869541
"skandapurana_adhyaya-1-31_pu" 0.54270688713208 0.523605868984904 0.60395877129223 0.54303535294052 0.550852294521198 0.586758527591241 0.519659070209726 0.575456938533266 0.489509014543568 0.542847476751136 0.650058993760727 0.543057446341163 0.546272819397955 0.532500215382399 0.422225583165657 0.42576148940653 0.395791315012432 0.514983494111428 0.451232683081312 0.333009328517125 0.491796081734249 0.36831412790638 0.483525408041922 0.497301771905393 0.46030701201122 0.441311394845082 0.332292374522101 0.396873963674299 0.391876387326703 0.494017251239719 0.343502267823095 0.40464445282548 0.604317659947143 0.469763086433768 0.456334930317123 0.328092351912782 0.430911557184112 0.337791831297536 0.431391903189398 0.347140774724329 0.342934697723387 0.383751526006635 0.368889135103579 0.418191211376522 0.361165972365072 0.44363332916511 0.435434765503764 0.40698068682821 0.369228444412495 0.415687226963572 0.47436659546037 0.357681965934349 0.327331836999356 0.450472830419946 0.421943831417904 0.335422887290329 0.338444532210299 0.383147698167815 0.480472551221988 0.410426538963672 0.377180780610149 0.424131470990245 0.388229225095293 0.369946179893836 0.390687201138275 0.52514983591984 0.520250091073745 0.447241417137511 0.406638933615301 0.439869587082773 0.669660895182514 0.400347573293478 0.41244986325458 0.45136825990025 0.404827636032115 0.445047403512215 0.418217292346673 0.408615999289199 0.425965196323995 0.54712633690356 0.549668200884319 0.498232177959126 0.510544128070467 0.396180986348644 0.448116319191893 0.482839053648784 0.431826558857126 0.434842915152685 0.514733351143142 0.432978503743306 0.527627347240629 0.389360895494568 0.513642249040912 0 0.561812126814724 0.28231762890245 0.392328765596952 0.394328929137068 0.483996089812746 0.461255519630612 0.421594657051506 0.559066834334373 0.486938447037715 0.459513699343119 0.430517819953748 0.481855661966805 0.493692465778196 0.458594912744988 0.438413675046956 0.384485877943447 0.430925829670635 0.483506837503939 0.459798551614398 0.507431071560398 0.460815679078534 0.504989220707075 0.63096800077405 0.56270559047304 0.448201331933602
"skandapurana_pasupata_adhyaya174-183_u" 0.453199649410725 0.538130563017804 0.562486809001897 0.566411289371081 0.560552850216657 0.569984699048508 0.562346116455669 0.591684735737654 0.574559156854583 0.572087241703552 0.578747519757082 0.59691336614329 0.567467128934447 0.492364109590267 0.433809924639664 0.521165319327671 0.478883360207008 0.444364182820214 0.438934520159238 0.466009926991168 0.42016333717691 0.474401540023749 0.442225064115058 0.466475024715968 0.426462662134809 0.491840715995631 0.471107500056313 0.504079668622256 0.515328120187995 0.577990215866931 0.517440412335074 0.3995028356211 0.557165644968328 0.500640119533306 0.362731110728168 0.469580624008291 0.466315333342698 0.513215590381108 0.542251029244216 0.510025724884068 0.519588974646022 0.524721288615121 0.494390563820162 0.54817244107986 0.51439765316069 0.527191391298138 0.547354510795855 0.560792011316256 0.4749406337737 0.52292179444501 0.508265479162383 0.466439194701179 0.485652205710464 0.452126937508296 0.48739338745317 0.513842011757382 0.55804449368895 0.581193396744203 0.59448583821097 0.565946745803388 0.506905126068043 0.592231859599756 0.543504029519535 0.519580056505948 0.43595770445139 0.408586835584905 0.474182176662121 0.510231111765886 0.49672222940715 0.490992292861014 0.554583634420251 0.517677127449245 0.499464082117395 0.503848245838179 0.520570125292883 0.52765277706506 0.525894088508299 0.491297494684516 0.439956905804144 0.49438884256072 0.492606789874447 0.434380464881968 0.518967478655735 0.505135432535938 0.439819520263895 0.588406529463646 0.388817834064587 0.414776524973085 0.414141836740766 0.568956618042226 0.487281237734275 0.479154305186557 0.423593397141112 0.561812126814724 0 0.505756059963546 0.493940751531454 0.498499787935929 0.567488308356368 0.434424561835955 0.509092708905618 0.612341430760634 0.6398941959304 0.58645430874736 0.524360037987708 0.585313079082566 0.463258752686828 0.466856066048928 0.478197185275524 0.450678277362716 0.422949852215792 0.550761061456326 0.543802225197359 0.536362383488082 0.486079703657212 0.566086961549803 0.664139569541109 0.621617974570893 0.505630086586418
"skandapurana" 0.508420380798898 0.457232318003351 0.556640948009086 0.479015670060233 0.470975629691883 0.52715017019984 0.462405334847568 0.539733475561916 0.458828902162381 0.50080182930351 0.600611397618741 0.477115023027302 0.529271458431831 0.483672767715284 0.375038579149332 0.475748960273279 0.353959649468342 0.464903563095055 0.382110399476281 0.321716638137784 0.478910595792833 0.353753589492257 0.429488248545948 0.489779391284581 0.419198869614288 0.45699755276655 0.275923120487511 0.349899438650485 0.37362801577176 0.396402320309029 0.231299017888281 0.364975466693455 0.587423887210119 0.425373378930949 0.430501605740038 0.375386626603519 0.416839875579892 0.2490008680417 0.368471769671515 0.264426117839484 0.255607879819043 0.293817182030345 0.277272827981667 0.310045798152595 0.293087438194435 0.302565248780192 0.292330691776192 0.304952901111926 0.235147435351918 0.31041073017664 0.408739735157654 0.308328615956168 0.315463345004705 0.41797903880781 0.446755847343879 0.272775774831216 0.298738058498896 0.327765068317499 0.460286004316807 0.368415307846786 0.355878647217497 0.410991380933335 0.367567326600619 0.346869612919367 0.356321932548491 0.481559274004906 0.484597581418261 0.394803197769873 0.371345624701353 0.362208608356228 0.652886403370355 0.265620178759637 0.329918426709877 0.354808750573547 0.299728331181516 0.341671373100499 0.273585411137553 0.283731972659362 0.37490590543362 0.54248860738978 0.528373775039174 0.420461260588726 0.465357958893478 0.356664117755898 0.391686844536324 0.447835728478816 0.369565309694947 0.364247461856354 0.506101850716476 0.399098682335952 0.476153468971378 0.357300798018663 0.521166359065667 0.28231762890245 0.505756059963546 0 0.378756503001341 0.303556608762931 0.508283694301672 0.452177843401625 0.392455505801082 0.523252025934518 0.52521172565097 0.483398512685409 0.488627857105985 0.500835218543705 0.431342099444864 0.414458091591577 0.414894675415737 0.344315432831164 0.39925481102226 0.494394744623497 0.44529164778834 0.494539485067733 0.436765120404316 0.469956121486411 0.611827847752234 0.557643355980719 0.414115360507387
"vamanapurana_saromahatmya_u" 0.516445431663044 0.471258283734984 0.546123144602306 0.487280674369882 0.502182442550723 0.554396946512002 0.478301143718192 0.532705495470845 0.443128570658398 0.49265837246035 0.625784437990355 0.500023163124568 0.538755330662563 0.457748030672211 0.35623366102962 0.497400725429229 0.335168369380464 0.478769551306172 0.393335754568777 0.292924495817628 0.469908351399908 0.346106133191815 0.430051096590444 0.509686667036086 0.396899972124475 0.514717358208689 0.378904199584124 0.404587676232789 0.50597177318742 0.47988365893801 0.353570214381199 0.346189322127209 0.570358634477884 0.408569457114429 0.430215629170863 0.405472457122232 0.461608595942802 0.353872757433644 0.432749634888139 0.394264150046972 0.359433377538189 0.401950474275137 0.41475481799054 0.444482567809825 0.350143802438483 0.42206914967417 0.427948514188872 0.410532594755603 0.394809814736192 0.412505259709069 0.507628460841017 0.394069057533731 0.376845812333954 0.442464557734226 0.491368756363797 0.376465041903846 0.451873198225291 0.452687513550728 0.486610385850793 0.470165510149757 0.379820983429046 0.42309723009694 0.389761427960839 0.371361460899575 0.404544661775658 0.439052835126127 0.46719739075793 0.421507427561045 0.356353164254962 0.37524056620669 0.648744751099762 0.408517120998529 0.443278071781837 0.442028276844105 0.430458237897676 0.473890633035182 0.428660736545819 0.391679114656205 0.357799750250156 0.503318528702187 0.518874765479314 0.393885215598121 0.406514219534006 0.355382696129057 0.386898230781216 0.457492616421507 0.328676448354279 0.453758746710184 0.45928775372316 0.436173926396051 0.469380219863335 0.342918884380944 0.513776879248426 0.392328765596952 0.493940751531454 0.378756503001341 0 0.354494980475283 0.548434935735299 0.503719034958369 0.382861298077767 0.550582595057116 0.580864722446817 0.555545569478555 0.525512250499737 0.549154961993506 0.488046310572132 0.415776190519027 0.328654455061799 0.389944325812109 0.409806437335261 0.432759792170609 0.421036504169081 0.446858467455574 0.448357379214162 0.521428649918243 0.604194778030975 0.553909765833566 0.398497670280323
"vamanapurana_u" 0.483832428524067 0.486467845384319 0.557266235627607 0.486154327306389 0.478496934801561 0.53262823205872 0.47361956361309 0.545837794788421 0.467384771730761 0.482141206042046 0.602181530752299 0.462937604310651 0.530011119968102 0.445392177691725 0.341250330387609 0.528313896183937 0.27791616104901 0.372313806473226 0.296475392859607 0.307668117206358 0.43358079989077 0.327883820970332 0.35090430467101 0.484798015091068 0.39453050406593 0.467948843212285 0.275754072266528 0.345313839023129 0.467039205132975 0.46442606696105 0.265612362393905 0.314334662327592 0.584473812009735 0.361234011236479 0.415625889725764 0.411458002966841 0.440162189056423 0.301353253044585 0.388736907565987 0.370247223825402 0.300136644027007 0.354184554189286 0.389740560942758 0.390383035241184 0.384258432951917 0.326083039472052 0.330106886497975 0.337947825105362 0.332562363464054 0.382993046420033 0.457036017571539 0.406416457645542 0.382574614147493 0.464059041373011 0.50698738242249 0.337421871975265 0.412667469858058 0.384320926894734 0.491346117326397 0.473114734963901 0.355717200746859 0.3633977225719 0.369937165949639 0.341057064666923 0.392782463315219 0.388925561406495 0.40250257906705 0.426620345072842 0.304035770001478 0.347129440564873 0.640168906476451 0.312505043957172 0.325309188195061 0.331734195488994 0.346938211939204 0.347327795160994 0.322003459692071 0.274642456022684 0.368805397933754 0.520969298969884 0.538308182946784 0.361645414678823 0.444332444626202 0.312111664405729 0.416849463114234 0.441714455566764 0.325234011451165 0.396258589037394 0.458887623100643 0.412964477711711 0.436118899290355 0.405449181933983 0.509262966522714 0.394328929137068 0.498499787935929 0.303556608762931 0.354494980475283 0 0.549490340350084 0.486810189238246 0.429014084999621 0.523230534573754 0.575909893942874 0.528217684108873 0.539173465382184 0.519498035849161 0.422956196035574 0.354570188790795 0.370177931458796 0.356808715884402 0.398090685748579 0.465071638120099 0.440748115395511 0.455567457867632 0.44844745564673 0.488898591304683 0.619405034706902 0.56360679504584 0.40055589134767
"vayupurana_01_frame-and-cosmogony_iast" 0.52099255445446 0.5919357658468 0.603887212669793 0.605692779866954 0.61236230101148 0.594700695683911 0.587855967719261 0.6161895910199 0.612827038287814 0.646724955039531 0.638824319036402 0.620352564936586 0.596542278996846 0.548687194383862 0.486739636125188 0.433437022762469 0.539826768584598 0.548028201205052 0.511203071603738 0.492199941709696 0.57886041860662 0.500807098479542 0.528799407731495 0.494767248074147 0.466558123236621 0.486561812034387 0.509862142960002 0.581663757235243 0.499218456364948 0.572878262177328 0.527681590202521 0.518392064102563 0.633660205245154 0.585507222172034 0.526887918397853 0.42683899906545 0.472123818742453 0.531551039011234 0.595717821439929 0.50859382641868 0.533480703255294 0.542820087575206 0.512420830374401 0.553690926949826 0.532561293530839 0.583712757301386 0.559549072188911 0.5353086078361 0.533951925456993 0.526205581801609 0.534210646825884 0.480331119686483 0.435923051160547 0.48968227106723 0.444304914631227 0.526208607187111 0.508158208916903 0.560627800948951 0.558012658936873 0.522165522743216 0.490831988021668 0.551372524752475 0.567633025505221 0.512224238967527 0.433086547632517 0.530024250597888 0.58508799532628 0.529285221108997 0.561572114481966 0.556848221940031 0.687381568145766 0.579597809091915 0.571175623138939 0.616235310975617 0.568776491547925 0.612263207311827 0.594219564667163 0.599892921161063 0.543150997387301 0.611736015606708 0.594046433625072 0.586563264181058 0.578534917845107 0.568347374930296 0.508288432963364 0.631554248348342 0.515707999670689 0.476760741199493 0.512100348478468 0.551484358210788 0.570078425620116 0.468579956928865 0.556252556113342 0.483996089812746 0.567488308356368 0.508283694301672 0.548434935735299 0.549490340350084 0 0.485994918199074 0.523232602620338 0.580369700881182 0.475331157611826 0.444469771800522 0.442004131952415 0.547080355851845 0.507629409825255 0.538434394413123 0.540439668649885 0.426491056755662 0.511577955688766 0.591030583780954 0.58166684935578 0.555224701417205 0.469783763939053 0.540127906048851 0.698488157368703 0.631703340527353 0.522076434830512
"vayupurana_02_pashupata-yoga_iast" 0.472624168255857 0.595282773731349 0.629408479309469 0.625482215537073 0.61887625679503 0.58136844076575 0.585050599065966 0.628631281364438 0.623482788334564 0.60643416835261 0.615299062535085 0.613735428215817 0.606407085031487 0.521843245010821 0.399712906267018 0.402464931395845 0.488226925291136 0.536049616919889 0.482547998931949 0.418531941963457 0.487423305811242 0.45453092360181 0.450423219301541 0.469465146391976 0.401209958450609 0.425091420595166 0.443089889542034 0.50529228862149 0.493597629024977 0.557451385791827 0.503191755458209 0.402710999663098 0.572110333303796 0.553921229021251 0.415313553893725 0.37667299224129 0.38933873710926 0.489084558459442 0.531941209995894 0.468650738158499 0.491403022377706 0.516056407646003 0.466127574833665 0.52270630027841 0.452969054672891 0.540716314710717 0.539040690892351 0.520880876312186 0.466221418696161 0.51532794464598 0.484236836661527 0.416526551580741 0.402884143953988 0.408823838998537 0.385677154894917 0.454301773248469 0.494400578830168 0.533022261072056 0.542495151438255 0.515509103169251 0.464937507639003 0.530702871746317 0.526242216032441 0.482898137956257 0.351031831295907 0.485955606827006 0.504334941184238 0.4322791472617 0.48690907896263 0.519725639285175 0.668355146242306 0.53444946269286 0.532343276052223 0.573175432553112 0.538190984770172 0.565147320486017 0.557885730155885 0.529567687540117 0.465064699281773 0.558920309529316 0.511716533924717 0.483534506110872 0.498950759423315 0.498917707402057 0.442021771274684 0.582546238017624 0.445661349551226 0.406170537077144 0.395001116117128 0.523653009389378 0.532749342400304 0.419342847363779 0.469960251199489 0.461255519630612 0.434424561835955 0.452177843401625 0.503719034958369 0.486810189238246 0.485994918199074 0 0.421223487010151 0.556544857425846 0.531225112588009 0.46131529339412 0.379645654690327 0.487695820384347 0.465515066320646 0.473387979388025 0.47903847143576 0.372672734564519 0.484218861241547 0.553290261519081 0.58820383458427 0.539713117269966 0.463704974289824 0.533529186677166 0.677555133413388 0.552378850036461 0.493299599939159
"vayupurana_03_kalpas-and-shiva-lineages_iast" 0.522363335638258 0.558430701612148 0.61592116665836 0.586767273864362 0.596342486306808 0.598028600862041 0.558184797140662 0.611687292320576 0.543123682743058 0.57652071279237 0.67454199565914 0.585793077848519 0.599687829988731 0.544652257857112 0.418355061417804 0.387163347881879 0.425282023642747 0.514147559005215 0.439355806716594 0.371661771037814 0.497714678503033 0.424780167009727 0.495316702586013 0.511891444784962 0.444590526458627 0.468564292041915 0.405777707481886 0.425247230797213 0.507973987037739 0.47528186466051 0.388222971210696 0.407222364687953 0.649053545034092 0.49299062607953 0.474212971894323 0.399038560155871 0.458529531445765 0.368232289969475 0.442345759954943 0.394836761820759 0.384900890391173 0.445319848303891 0.40908235827533 0.451677555479548 0.415562800124166 0.45785315238355 0.442695243865295 0.445213489772295 0.393283646361957 0.438944273550755 0.48703190474508 0.421371575852066 0.399790134602603 0.482058355692003 0.459339772291203 0.379430056178611 0.43698191869302 0.468605617612482 0.499162060766358 0.461855403573968 0.415314841431921 0.425106801118097 0.453180823716683 0.408679625906078 0.398556324597064 0.519939269858248 0.537514813623092 0.418313182732289 0.446027437358301 0.451982234755545 0.684417244600249 0.445769257719668 0.474704722117818 0.480989456125977 0.433135564488788 0.498280114407223 0.464991877533722 0.422041890125263 0.455824731909929 0.589532607612408 0.580146177021689 0.455187413105238 0.427932785532385 0.44001492177972 0.450204159469679 0.498808763695908 0.4334190321996 0.478407015048255 0.499659569202233 0.432129255958669 0.563268419457752 0.369295971571623 0.540865623345158 0.421594657051506 0.509092708905618 0.392455505801082 0.382861298077767 0.429014084999621 0.523232602620338 0.421223487010151 0 0.541359449348123 0.515013434372993 0.445925405658509 0.487122474066806 0.447525559719642 0.498566594340577 0.477816663040062 0.413565822776785 0.324559011670716 0.486147600573898 0.485381117200824 0.508259131404049 0.506728044949879 0.505450038567756 0.512172126715106 0.652697402572434 0.575121527386368 0.459688009815133
"vayupurana_04_bhuvana-vinyasa_iast" 0.529934014963345 0.666776771087559 0.68335130405739 0.688175470935811 0.679044542707865 0.661738166293037 0.677171386695902 0.705400661288817 0.677580070696945 0.677456982301542 0.727304418480054 0.680060080598964 0.673287822290647 0.62553162170023 0.517983748301909 0.552091204562382 0.572349324645817 0.509689702377296 0.515788898729648 0.537195553832752 0.601743045761581 0.544666415755523 0.505942225019329 0.510854149259364 0.550590442423549 0.512948881967016 0.503101637115909 0.590640981183433 0.544782291207117 0.43537970113535 0.543304450847469 0.55986906363215 0.618506160515268 0.576811992242069 0.598551994420557 0.50309658573449 0.498389521846768 0.561973562585042 0.526264114439018 0.549289937372521 0.560069134162946 0.573506235348824 0.541034120989496 0.464503579398741 0.52102911152087 0.525252320041045 0.50880771000083 0.476245098226907 0.53483153048665 0.549071620114608 0.568599846179917 0.553067888366848 0.519941452585362 0.549937082808627 0.576009700027333 0.563570472182503 0.578406046847977 0.574261632831625 0.627099744363859 0.527765741216412 0.55661143299034 0.537564040687898 0.613712781568817 0.564318564479476 0.500022784680762 0.552676293285428 0.636677006710804 0.542274856236531 0.607031691220759 0.572418030397267 0.719915637831994 0.540312965406913 0.589719267426866 0.606148874354612 0.564504299781567 0.584147802329812 0.569035834051238 0.579525328833003 0.587542971072715 0.594347757478545 0.582188787537554 0.584069962460094 0.587965634416874 0.557379420096472 0.525750897714141 0.637637325672004 0.533611958311033 0.549936937232571 0.54606605497093 0.518134115147945 0.63297424352222 0.509431015732877 0.602856880000734 0.559066834334373 0.612341430760634 0.523252025934518 0.550582595057116 0.523230534573754 0.580369700881182 0.556544857425846 0.541359449348123 0 0.587525065846669 0.574854264920137 0.559125100728088 0.57945172018564 0.465199659727782 0.534899555210635 0.551770995767431 0.393892396456038 0.575044327963856 0.594710566624765 0.64884686384199 0.615286800757955 0.540332112524674 0.588471732575587 0.743106981262147 0.673925836538765 0.587273738113745
"vayupurana_05_jyotis-and-purvardha-close_iast" 0.59660602770363 0.682635362891626 0.692626440633861 0.688940660656288 0.708620559531172 0.661929266694177 0.645836325043893 0.700644733670764 0.673594898531579 0.704807041299932 0.732789792086781 0.697645883436699 0.681198248473176 0.643910716501746 0.56372827995137 0.403341000358587 0.589624470394634 0.594064821990245 0.570695768566216 0.548351363609159 0.623053811949377 0.567313645565 0.597101435324948 0.575700979126075 0.576107293435993 0.502977169941843 0.546602592439431 0.596208085644813 0.541294277909178 0.599610604708958 0.560685111936085 0.575644633694128 0.670430329824115 0.634410088733756 0.599361398916021 0.445426707832131 0.518856632505145 0.531027858557938 0.591976408969873 0.538078377242993 0.551812755114079 0.580973854828127 0.544604444421519 0.60184659632593 0.571965265952383 0.628339254562126 0.611888533657129 0.576328537062684 0.567991250019445 0.576987130293092 0.549762438368445 0.523403603960644 0.490875799812886 0.522297372305016 0.549753530058475 0.541233486403546 0.504097662313411 0.559582643466308 0.552013956256266 0.582461301862191 0.553104977627419 0.565415167116716 0.588549203150283 0.557084247186068 0.499134451875444 0.626180908364059 0.670527288765645 0.55136026486942 0.624697908386912 0.616449074125638 0.743091779544005 0.596460123302898 0.618753249606853 0.65683225130979 0.622734980025362 0.656204982425139 0.622956118113006 0.608539805551748 0.593895452513916 0.66607555759365 0.663079348209541 0.660030344357097 0.613522727272727 0.582961548268212 0.578815435557772 0.596258400123746 0.569785431737817 0.584902610984472 0.551310156064402 0.576435158583648 0.671969235827081 0.510553217478614 0.609132413939788 0.486938447037715 0.6398941959304 0.52521172565097 0.580864722446817 0.575909893942874 0.475331157611826 0.531225112588009 0.515013434372993 0.587525065846669 0 0.452878768511586 0.486894979337862 0.512618813503769 0.545969587362515 0.592120977740369 0.573881476391893 0.474215549978074 0.608287413348498 0.631025323314653 0.60411671667921 0.528610368729836 0.598957345457895 0.654111591676412 0.672526536206197 0.576567281321375 0.595685188103445
"vayupurana_06_prthu-and-prajapati-lineages_iast" 0.568116451144954 0.646397877177119 0.686020027302286 0.671326146959675 0.673817407241744 0.663928840232638 0.637110317955841 0.68575072934478 0.655703772923724 0.656983453215426 0.727227208253962 0.657586652880725 0.670535469862711 0.624922393927617 0.485597716947349 0.36942737597788 0.524961433897745 0.568058330515336 0.522398164783743 0.502482424204052 0.605712521503587 0.529491382360298 0.558392429704559 0.558071774797378 0.511647896533816 0.482157310935926 0.496774916670892 0.534425021975756 0.490211759343414 0.524193414341481 0.503705031604446 0.512005234742314 0.674772994185214 0.601994003399533 0.561668338561019 0.420804241431902 0.489608213267586 0.498223399908318 0.536477662268383 0.492636222936475 0.504335995231131 0.529199791064418 0.497013075793466 0.515254649131718 0.495245043737732 0.544439724645416 0.53972782067084 0.500905568274564 0.480402817561945 0.538163664302518 0.556064610866374 0.493647599469228 0.455814962123325 0.524083686323077 0.462290779435662 0.490512389766736 0.473607724673644 0.518042628355757 0.562666744847401 0.491494297312972 0.508773740664627 0.523629859411089 0.555468558560654 0.51369103326738 0.413297563853502 0.569823049461744 0.627931543872323 0.466995915114896 0.530559255535025 0.578729219457673 0.754346672701203 0.536332931261827 0.571264978179309 0.588746836316922 0.536120349883712 0.588852759122018 0.552948516101197 0.539912589327187 0.573815554740306 0.65664090921563 0.662860901921851 0.572830629119921 0.541995673336939 0.548857617654216 0.536329462714335 0.62236458599099 0.515737928836843 0.552675394424113 0.566911763897032 0.543265899914875 0.636701629505267 0.445573242928863 0.582739608721428 0.459513699343119 0.58645430874736 0.483398512685409 0.555545569478555 0.528217684108873 0.444469771800522 0.46131529339412 0.445925405658509 0.574854264920137 0.452878768511586 0 0.374814599187702 0.482100500517236 0.562734460668321 0.565734390309076 0.522339172553414 0.40115220579825 0.585194135907535 0.583686913800804 0.62333567046144 0.585366814149042 0.5495855654167 0.597945456164769 0.722894118924257 0.635324708124305 0.580144916383208
"vayupurana_07_shraddha-kalpa_iast" 0.535235933353062 0.638226153901285 0.665684584452356 0.646896870208425 0.655458079959504 0.638442832523239 0.626992907278337 0.664742026950925 0.643702809350404 0.641261849864615 0.679594561389497 0.650725762519716 0.627952927532524 0.608044061012379 0.43769055485743 0.375631242325681 0.522370084254415 0.566198095420954 0.519412833695869 0.465258398709807 0.557664189639883 0.489241810427373 0.496290112745104 0.511775900370472 0.445573419910745 0.413303404457055 0.466930660129225 0.564831929954753 0.488013820910444 0.570597524317529 0.519646029726102 0.468452805432394 0.599179477239781 0.607084895509983 0.491115594953006 0.356635866600725 0.452589890407527 0.50572824877985 0.558179325172542 0.487724104737 0.522201068652585 0.547365176783654 0.496125349500757 0.54702427102448 0.475083064614882 0.574049934621179 0.576890527710688 0.532231605549659 0.496162808282103 0.52832997466266 0.503148665790809 0.448013196942966 0.411639463183006 0.443251858398311 0.39411699404368 0.494363588077338 0.476454340423473 0.547118380062305 0.580642832806879 0.511326626225866 0.495528634173424 0.571477133835812 0.551943530475582 0.51515329608083 0.429583102624484 0.541441638855065 0.55712636613917 0.475113100025614 0.540811580346948 0.542301138626948 0.706175269305935 0.558801623262954 0.540869465134358 0.578270673832952 0.540035481679756 0.585790972943925 0.569462161038612 0.555840909978451 0.517100840302764 0.550170275832153 0.546265724167429 0.546800876822452 0.529353259835843 0.529934657485558 0.482305666094722 0.618847416750182 0.464317851136308 0.495886435295243 0.486769685011506 0.549905564918493 0.600743516073112 0.456576049180882 0.525278018943927 0.430517819953748 0.524360037987708 0.488627857105985 0.525512250499737 0.539173465382184 0.442004131952415 0.379645654690327 0.487122474066806 0.559125100728088 0.486894979337862 0.374814599187702 0 0.47527244819647 0.529371283610554 0.544997801254665 0.517342704031235 0.41627217628191 0.528063059018275 0.573211066272877 0.587101999184397 0.582793471251418 0.495652253152774 0.572207199728432 0.693431470736498 0.60871894545364 0.544262186513927
"vayupurana_08_manu-candra-vishnu-vamsha_iast" 0.601252760981005 0.649273530540157 0.708119105972614 0.698353204107823 0.689646703552335 0.676547266417679 0.65937467492232 0.697619816523798 0.651462090275302 0.643185032582608 0.735122396766363 0.668274303971683 0.697068530794946 0.608286036273217 0.512082834035113 0.482692196876775 0.528787780683316 0.586062417541646 0.544194538598469 0.496847038306265 0.584778627777519 0.531447164893801 0.584014491839176 0.596463001515706 0.551670389345537 0.527112518977327 0.516769560607247 0.578331170116814 0.525914658450666 0.572884698857551 0.507480117405261 0.506072320352738 0.700110949747882 0.622793478953184 0.586909196485612 0.48811352439707 0.546270853625079 0.47183137175883 0.525910616813225 0.491283342444399 0.490832419585067 0.543584101955411 0.521082545321295 0.535801136967548 0.530435619723064 0.549717838872123 0.549926910121868 0.485214582470009 0.510724062677348 0.552022461173702 0.582198696281705 0.511287066750452 0.489589042499244 0.58412682910743 0.511468197762294 0.505762053455028 0.463339742562997 0.498088283440805 0.48747113594041 0.517422612270807 0.510829197776838 0.533474509820432 0.539841666850946 0.511227217342953 0.459544030466561 0.598831350303858 0.606846157309746 0.50711419049267 0.546435459744033 0.584710780018586 0.756394079861736 0.544334563008739 0.551748932921242 0.575086334148275 0.540266970526867 0.584479867601995 0.571193100900152 0.535649532944538 0.600387009310433 0.677638595462244 0.653432193879415 0.58828365866765 0.555974842767295 0.555968095616322 0.595380548599096 0.572730006612609 0.534757100202645 0.560312150938346 0.569861076239656 0.556257460803243 0.652779486110567 0.470129205514378 0.62383622840158 0.481855661966805 0.585313079082566 0.500835218543705 0.549154961993506 0.519498035849161 0.547080355851845 0.487695820384347 0.447525559719642 0.57945172018564 0.512618813503769 0.482100500517236 0.47527244819647 0 0.582162077433513 0.571567751206923 0.531028833657957 0.416376193710004 0.613119604987389 0.626957575918173 0.558154150725503 0.512854698819342 0.570550133696292 0.54530577821123 0.702419894261341 0.593916239849619 0.531247170845733
"vayupurana_09_upasamhara_iast" 0.433535211488255 0.524638342030299 0.56499951661242 0.531675810100568 0.549995576356015 0.540203630905762 0.54795838807811 0.587710342792557 0.557772725841027 0.575268210828649 0.577403366794769 0.561336907843694 0.547008527540111 0.468573073504797 0.415204660251136 0.511533154301381 0.457691562459727 0.407623824451411 0.397219734003745 0.402592444863741 0.48748781753452 0.424410396930187 0.408189324887232 0.46386634512859 0.4099430494573 0.455924257376425 0.382300217001604 0.506000761333008 0.447288087613933 0.505804485093713 0.439770894438487 0.417304235887096 0.542486252115059 0.455803456141538 0.459598103856616 0.42046904857119 0.407477496289778 0.454987929875322 0.485148441190803 0.443340668895439 0.453078729316621 0.478784595109094 0.428206919014827 0.466964875827391 0.46661687868672 0.468202346806596 0.446886740139824 0.455362388165942 0.418610471291201 0.428850868229367 0.45212873488861 0.423614871206797 0.421971420641955 0.413910654589931 0.485782117707102 0.443281960130405 0.493120290140195 0.481430999892798 0.560056243258007 0.488973145957979 0.417635335202766 0.472618597289231 0.50187605707128 0.432460804067014 0.404761894661675 0.426973290558103 0.51289522049472 0.492960036919425 0.493791728261153 0.44844924884235 0.611792343571612 0.473277507715586 0.459632128810312 0.540398730613766 0.493568437788455 0.517344481497244 0.493694128060243 0.497763065404442 0.465021654159144 0.509882065062457 0.46857262410743 0.479052428212282 0.494207557469521 0.455599537228328 0.414203080555618 0.56392856963225 0.434268744740484 0.400124853988152 0.398312163111229 0.466618837012887 0.475324917345072 0.433333989759507 0.469943700252379 0.493692465778196 0.463258752686828 0.431342099444864 0.488046310572132 0.422956196035574 0.507629409825255 0.465515066320646 0.498566594340577 0.465199659727782 0.545969587362515 0.562734460668321 0.529371283610554 0.582162077433513 0 0.386418525127825 0.486245593532432 0.363589243117354 0.403719015174847 0.524453939424252 0.541883495599918 0.511587108869702 0.427664227437127 0.519788298351486 0.656312410841655 0.565328585020119 0.469969760669291
"vayupurana_10_gaya-mahatmya_iast" 0.4052096420771 0.508348495600543 0.564958960638722 0.515698202537917 0.49991534563546 0.541574410797218 0.529218416665947 0.55210210442566 0.534251280889706 0.51896437062154 0.611671008408143 0.517978838831809 0.529174693141123 0.48008736557021 0.347158968547457 0.534434684289485 0.414291648281722 0.418705531021076 0.381921036022482 0.3573962704601 0.46673383533357 0.339449316436854 0.401051804595834 0.446675095580232 0.38242182781465 0.458947663805781 0.358751883605869 0.464321138268985 0.502345502222123 0.529936989565836 0.41252065902447 0.400742948261817 0.569211439184944 0.429483388184304 0.432557789771557 0.431254568832784 0.397150381789642 0.432581143129292 0.489418529487536 0.440250027135946 0.434202753957722 0.445164963698001 0.445546497230386 0.479777495242209 0.426383603250523 0.464773439596112 0.442437881096735 0.466728169754279 0.437252741989558 0.440834972875497 0.498593883638641 0.419808206377517 0.430143808829652 0.433777661081161 0.505529511748513 0.44780230082084 0.499646958051671 0.521547194553473 0.56134622235826 0.487865381314403 0.407932435123031 0.445778282917801 0.48214533782099 0.422835303568577 0.411369179180118 0.36468214994981 0.46162069307191 0.449063485045219 0.409568690228081 0.418358499380674 0.600498866332165 0.434291978167978 0.440980091147334 0.473516355159688 0.460568532273848 0.464697633471356 0.452085459773364 0.462180490230353 0.395968571122606 0.494684720494559 0.455213589133433 0.444189915709614 0.487481396757568 0.403688768013157 0.399842063291704 0.51361392515461 0.409256865444836 0.372626497320703 0.391180287837669 0.450210026141552 0.467547641803922 0.398685128516008 0.463274640056059 0.458594912744988 0.466856066048928 0.414458091591577 0.415776190519027 0.354570188790795 0.538434394413123 0.473387979388025 0.477816663040062 0.534899555210635 0.592120977740369 0.565734390309076 0.544997801254665 0.571567751206923 0.386418525127825 0 0.408261142769326 0.346639923460609 0.413562480210687 0.478170442841916 0.521675085670934 0.520723967981168 0.414005178592203 0.506387239993444 0.64819573976224 0.581233176692889 0.441841958014519
"vayupurana_revakhanda" 0.506033435727466 0.458844703615203 0.510895526300498 0.502514122624987 0.501389682281545 0.503797279998001 0.410308256885507 0.463086399962025 0.399317841064861 0.46226425585154 0.583653551682525 0.438312188857543 0.452735828195261 0.440797203509812 0.284813162717877 0.443915057621174 0.277779584338865 0.419601470297139 0.319709956608049 0.287058669324175 0.425321423234773 0.320945636147065 0.384229078445816 0.454325694967976 0.286170251066269 0.456348794866268 0.367525037397652 0.380913653401187 0.52907722355876 0.51344853835006 0.364611840852138 0.358135257282824 0.529113924050633 0.409087145349669 0.399064031611518 0.411261695991315 0.4588337288983 0.353268164826819 0.49241271009082 0.373032015401398 0.367431645281157 0.385236731701815 0.403702275845389 0.453137223021724 0.372697504841539 0.438364731970805 0.441370347814738 0.448603461313147 0.373430457425472 0.403234103438756 0.457731936252484 0.3799272209758 0.357919109174689 0.446767273009273 0.468140113765606 0.387640088542739 0.455286954459693 0.52222706237457 0.492225625404697 0.460633493725823 0.36136965352778 0.397213135919039 0.367089637194111 0.34785782180475 0.377436137648349 0.422425898591375 0.404973428569956 0.398984398149882 0.29017492581885 0.32985878141826 0.638507733269454 0.410621378905595 0.430189493614005 0.417341936002778 0.423398191452394 0.459420395434978 0.435726404825903 0.383477804698952 0.305015595698165 0.524781061038878 0.548342632488231 0.385491943680007 0.391398944910291 0.327934961051057 0.370624402808552 0.416210920303525 0.271920349574634 0.419283856162174 0.45016521861904 0.47321127489357 0.414862179249548 0.272635385840888 0.465426971430616 0.438413675046956 0.478197185275524 0.414894675415737 0.328654455061799 0.370177931458796 0.540439668649885 0.47903847143576 0.413565822776785 0.551770995767431 0.573881476391893 0.522339172553414 0.517342704031235 0.531028833657957 0.486245593532432 0.408261142769326 0 0.358475871930524 0.408557034482394 0.375231497926713 0.359249802491949 0.389723289369882 0.422229717718092 0.519192425944826 0.520575348191946 0.490229243230595 0.321395830056171
"vayupurana" 0.40250524203161 0.52375747556079 0.582556425646336 0.556535936338999 0.550485747519858 0.526987961514553 0.527870144583414 0.577270318898055 0.532467872256594 0.541905763851894 0.623853190512593 0.539221474634604 0.550101897155437 0.46098627727704 0.286638752120059 0.36507726686223 0.36639718417362 0.38259882053165 0.318391777292036 0.31814958855934 0.460372007930378 0.359429503975047 0.346999846016055 0.398983249054776 0.331007070886495 0.36267382572986 0.332737027444949 0.420944228646375 0.407906691628943 0.40921942648001 0.359824030927213 0.358514317531174 0.561006700690737 0.427489389502915 0.413438977745682 0.276050588229916 0.332336919556648 0.376572966850437 0.429394551536821 0.363692857031966 0.376471289699044 0.411669057230848 0.358640936356654 0.386724551541774 0.363000225253814 0.425179343972181 0.411487595897899 0.355855864355689 0.359650939365082 0.382119259356841 0.439635593514287 0.351477974618866 0.310401135650633 0.394539657508622 0.386787239031051 0.382557696527899 0.406208528678368 0.441143618039408 0.483646946805598 0.405204160703513 0.379799866478748 0.404350612900815 0.458070423853803 0.395376125869015 0.254511049016523 0.405200771549751 0.463904690065361 0.344770991149913 0.382155119201334 0.382091886168433 0.635462304457161 0.412034699706579 0.43861022667229 0.457924461703122 0.42639017460232 0.464643172363981 0.431899630947798 0.415023537764436 0.392942758492588 0.52619773173583 0.49423919589855 0.388355714814914 0.44377292542668 0.386921112244094 0.368648177274059 0.499233144926636 0.340148405108523 0.381040556611646 0.381704398540565 0.388716012969266 0.480986544979694 0.274109409042341 0.459356956854203 0.384485877943447 0.450678277362716 0.344315432831164 0.389944325812109 0.356808715884402 0.426491056755662 0.372672734564519 0.324559011670716 0.393892396456038 0.474215549978074 0.40115220579825 0.41627217628191 0.416376193710004 0.363589243117354 0.346639923460609 0.358475871930524 0 0.424247318721245 0.467867801660902 0.504902819960695 0.471224326401112 0.399985005271649 0.471369270845824 0.642909695099797 0.55363912960427 0.43252565980229
"visnudharma_pu" 0.476746430468341 0.450247784169576 0.460783044958413 0.449323637819795 0.432049741426151 0.510629361901732 0.448723187240826 0.48722794734284 0.481131252225559 0.520640438869594 0.515668567703772 0.507817709889461 0.46137321753934 0.45277531628521 0.380991357247205 0.534232695906476 0.403208917332569 0.440068565760881 0.387911912293533 0.326072447074232 0.401294939152412 0.345672485953329 0.388779952961081 0.469925767838867 0.356052051369073 0.456199178239875 0.365106620229813 0.438646375697514 0.51614190861596 0.537993864327339 0.397477699901111 0.357395959027404 0.534520958591315 0.464653940188312 0.389657974531999 0.423221260244486 0.433487442678138 0.402182991328209 0.521177075356248 0.387550950534186 0.396256443834725 0.406190705747773 0.361517439443061 0.469342043301408 0.446142858998137 0.452568554343223 0.463166316081613 0.485227822232689 0.365005466489214 0.391949052254613 0.41160372415089 0.344815678238095 0.330432036832471 0.359011663678177 0.405549617340982 0.389520125457561 0.447448518924795 0.502459231941186 0.5139697888201 0.446833644293251 0.322076833370062 0.461780864331998 0.363706767481124 0.333518139533998 0.418084916345 0.409774482139769 0.377362230203063 0.481314363417185 0.412566805371177 0.400079146548818 0.606804029779914 0.406603563764476 0.389493146597771 0.430242602369014 0.416428460254018 0.41652970481943 0.431212424710191 0.41596989882752 0.362863562641988 0.426361352894751 0.456692086861346 0.416786028620131 0.471662094149178 0.425368708962538 0.362839600308635 0.547804361772074 0.366379703872296 0.386152975640458 0.43615728608577 0.489005536013258 0.407170509009463 0.39919955764744 0.42642521299528 0.430925829670635 0.422949852215792 0.39925481102226 0.409806437335261 0.398090685748579 0.511577955688766 0.484218861241547 0.486147600573898 0.575044327963856 0.608287413348498 0.585194135907535 0.528063059018275 0.613119604987389 0.403719015174847 0.413562480210687 0.408557034482394 0.424247318721245 0 0.482283359163052 0.403560501815386 0.486520158817119 0.347426836914997 0.499254765256291 0.590114931818237 0.565492057040182 0.380849468070324
"visnudharmottarapurana_khanda-3_adhyaya-343-353_pu" 0.521253715414496 0.503930163751142 0.570769961639591 0.538969868546964 0.556317800519311 0.542793198793972 0.502698327393536 0.535258167288131 0.469373319767606 0.477330563904894 0.63221970961922 0.500417110945759 0.538187371758595 0.441149929912812 0.398388898031645 0.508991571600098 0.36642999861298 0.450363648434102 0.383360456859064 0.397887823766902 0.480910877938025 0.409219789921226 0.460082066120186 0.479096510539009 0.429413291768243 0.543876481968789 0.445607866826108 0.404790204611456 0.565730157677868 0.556793450640334 0.471476090175387 0.413730803574069 0.569682766333115 0.426888290200582 0.466569412396491 0.456447707041651 0.471448580132358 0.447386178441334 0.52265808780853 0.47021825771946 0.460717155877114 0.472549972576635 0.511719841084673 0.512338050817935 0.449965497535909 0.518227068036032 0.504851330396507 0.543646901713608 0.485877933368388 0.503371303711619 0.524473058144277 0.476966970462906 0.473395322529096 0.54361950972222 0.550906697189083 0.471295445488371 0.524710501236667 0.568265616654453 0.570414839469258 0.541433552035578 0.401891928622181 0.422703220080183 0.44273939202987 0.404538837852649 0.436964640940767 0.460105141035035 0.533626098198905 0.432276259335167 0.395511956202469 0.38105807379997 0.623248631021381 0.499303442269457 0.525425059297852 0.504652539446408 0.522627178421458 0.538283037504838 0.529022856177654 0.496669789743449 0.378887831745476 0.592274168950026 0.584060179832647 0.460200757236987 0.493176038830511 0.426510680413484 0.404602906015428 0.502695696287823 0.415309846704342 0.459720190563127 0.486353464489463 0.515922280027309 0.510922467067048 0.398144862923246 0.517391846954499 0.483506837503939 0.550761061456326 0.494394744623497 0.432759792170609 0.465071638120099 0.591030583780954 0.553290261519081 0.485381117200824 0.594710566624765 0.631025323314653 0.583686913800804 0.573211066272877 0.626957575918173 0.524453939424252 0.478170442841916 0.375231497926713 0.467867801660902 0.482283359163052 0 0.458546597849236 0.488225209939309 0.465681994296523 0.53687423394519 0.591805285994912 0.564404755279482 0.426333767914247
"visnupurana_amsa-1_u" 0.591526941329516 0.495789779894421 0.526482747547315 0.488333539537851 0.499023719652678 0.558992642362015 0.422502218700789 0.448105080045317 0.377215065700557 0.482116021981311 0.60426540120889 0.464742365200151 0.488384883150977 0.477863380549813 0.446098710456903 0.557352070243173 0.400760013535258 0.512389202344879 0.450150050016672 0.391312319390003 0.473125128217959 0.430318372564056 0.493196459016347 0.562625000478212 0.442706241480518 0.541234353324417 0.478468045385672 0.477806894759249 0.572051576479409 0.576211365503057 0.449092516650861 0.438855572749718 0.568186746263922 0.487256979894177 0.480697489310205 0.520729917958328 0.550195180396524 0.406932730984707 0.545663365373416 0.444745074264865 0.421108350055417 0.440967283697431 0.45960410637013 0.51774558143562 0.448968538622632 0.486483710734057 0.498044776957193 0.529320488499622 0.439843332527098 0.483433108133477 0.51614491015331 0.437897415525045 0.43132218375131 0.547462489986772 0.540592303960642 0.432610404725917 0.491958912521491 0.539145740997466 0.514834078715809 0.534942790101357 0.381705426892806 0.446153233517977 0.340653641309931 0.352204762911484 0.502442490507782 0.502845759330987 0.493409065614076 0.541453943286244 0.41667812214437 0.407132012884205 0.655259242155007 0.480395252499815 0.477280342843486 0.469121135886213 0.478053390469042 0.486938281457241 0.492897621520533 0.450977713014183 0.400413279012676 0.543820574092953 0.570139300506614 0.476306916692183 0.459562645554047 0.425112420041607 0.473320631773885 0.443037321009323 0.385460040542502 0.481401105122709 0.552958008506283 0.509209192121449 0.486360522704389 0.443355976814591 0.544505355719668 0.459798551614398 0.543802225197359 0.44529164778834 0.421036504169081 0.440748115395511 0.58166684935578 0.58820383458427 0.508259131404049 0.64884686384199 0.60411671667921 0.62333567046144 0.587101999184397 0.558154150725503 0.541883495599918 0.521675085670934 0.359249802491949 0.504902819960695 0.403560501815386 0.458546597849236 0 0.367145575523989 0.443991537439227 0.528431340043863 0.43658363574472 0.428709110493792 0.268689228943218
"visnupurana_amsa-2_u" 0.539247712981531 0.539819654176385 0.578011937195525 0.5478027003093 0.566640012632205 0.542381232838442 0.498264919955982 0.532437196851638 0.483106378418711 0.512344757971644 0.616615225437675 0.523809268518562 0.552932416423583 0.451369415953208 0.431214976464157 0.499647480669608 0.40739725909876 0.470186222877445 0.428413555431073 0.427297900956747 0.496544258121088 0.442322741930085 0.456313022200264 0.539669550184696 0.431149099939592 0.522321300202158 0.495049333528455 0.512579928709786 0.609015944436144 0.564177633931764 0.478710507440166 0.417698971039505 0.59134012223816 0.524499395634698 0.512460231960612 0.480727646046541 0.520275480761615 0.460658632628754 0.554439532395891 0.507046504419919 0.473991189840451 0.498853779905677 0.525136202328276 0.556279901841529 0.484317512639438 0.544416243751733 0.550206877758525 0.52726031543851 0.505931271402402 0.52073615313426 0.579669469950917 0.501886532372849 0.472984942426926 0.517583380574813 0.54168089997431 0.491310276776926 0.533319837183121 0.565845626445946 0.522397054595959 0.573741500685953 0.416148758835731 0.467343017088328 0.429865476279916 0.403788709282266 0.440292541248901 0.47973480971888 0.525727250077257 0.508783439328826 0.432350909545562 0.455051520569246 0.66365853294063 0.531272349348651 0.527289955983932 0.55131425711693 0.549297462749685 0.582173198856346 0.547050981031323 0.496722943274143 0.44227577209053 0.5954568192282 0.595307394211438 0.479214821652766 0.504726720475061 0.477599564628775 0.481668438655283 0.513432576903426 0.416364155440901 0.492274196870272 0.517086325481567 0.557476446191443 0.530126155854066 0.438917218102432 0.539513610073573 0.507431071560398 0.536362383488082 0.494539485067733 0.446858467455574 0.455567457867632 0.555224701417205 0.539713117269966 0.506728044949879 0.615286800757955 0.528610368729836 0.585366814149042 0.582793471251418 0.512854698819342 0.511587108869702 0.520723967981168 0.389723289369882 0.471224326401112 0.486520158817119 0.488225209939309 0.367145575523989 0 0.448210266202028 0.53407374042531 0.541525131236371 0.476663303670657 0.3497455632751
"visnupurana_amsa-3_u" 0.405718930807787 0.490542348855326 0.49386806982142 0.505722334459076 0.499207458756968 0.519410431334172 0.480537855266891 0.511268975216856 0.497690548568569 0.505966157687464 0.574950687449151 0.524425161868102 0.489210387591121 0.434033604409312 0.335040501433267 0.484726093158003 0.426746572856259 0.461434147770081 0.400932530799249 0.369883238031505 0.464977591825463 0.369463992424234 0.403377466710911 0.412349166163711 0.320173565597955 0.441436712974813 0.391824465464613 0.506376228923223 0.518711992780022 0.49706990743887 0.43712990762139 0.379782020713664 0.547046302201855 0.487798369586665 0.41875119181507 0.37959133531244 0.411217230289445 0.436000250691521 0.504446320841712 0.407194039989212 0.431077561828235 0.437335951792727 0.391627210513941 0.468927555871517 0.426676297673352 0.460259937793273 0.472907691062814 0.475027056978809 0.415722197050834 0.407088086185044 0.471440974984431 0.354756831414486 0.349720963708786 0.413015955153461 0.426770586349107 0.414600476558148 0.482113740273086 0.528577464655001 0.492354580263687 0.470805393400505 0.338252034188713 0.435575852304278 0.432664363788617 0.365970314002281 0.368031196882758 0.396931008339794 0.437885586885595 0.447465187247934 0.44195454690001 0.452669648631086 0.646403913013194 0.468088653806661 0.454978162659537 0.504025803943905 0.453215926168444 0.474493354408712 0.470527265855249 0.507067227992471 0.387270943077333 0.485027701394195 0.476772598297839 0.45994001334365 0.483503372689092 0.481228247115233 0.427989727489623 0.572295336327354 0.386169290857346 0.354882354656893 0.429163083834456 0.482393743400426 0.445383466798611 0.38336167634642 0.440921534320613 0.460815679078534 0.486079703657212 0.436765120404316 0.448357379214162 0.44844745564673 0.469783763939053 0.463704974289824 0.505450038567756 0.540332112524674 0.598957345457895 0.5495855654167 0.495652253152774 0.570550133696292 0.427664227437127 0.414005178592203 0.422229717718092 0.399985005271649 0.347426836914997 0.465681994296523 0.443991537439227 0.448210266202028 0 0.471055926890837 0.617412897305767 0.556479067096415 0.347402390438479
"visnupurana_amsa-4_u" 0.534115410961034 0.556953003166466 0.59478846309793 0.57281259461096 0.569971382727652 0.518649453529703 0.57112273463373 0.60488952837189 0.583126913831006 0.498186504304951 0.553342457859098 0.560809216444947 0.58143370040347 0.4944447568966 0.438066044292885 0.528542283931421 0.451244616029006 0.495052710263386 0.439261844157214 0.462194529007208 0.478525568771276 0.466472352235216 0.543927182055347 0.477559811301449 0.480980865505373 0.493593108434735 0.47906006992752 0.513669972511498 0.551966117364937 0.584924108790745 0.480113887392573 0.490058364062508 0.608237661261688 0.529371368996753 0.503107821584422 0.481222183234943 0.479865520728807 0.474527979796727 0.554351185149223 0.493395080161503 0.495298505289855 0.537433189249843 0.486175185312497 0.506075049908699 0.472710195799809 0.540154812480535 0.530604273632876 0.503386484219859 0.498933108285449 0.517748652401378 0.493393929942093 0.471974007331462 0.478727231471284 0.533731759012977 0.508912086666093 0.485554994058286 0.499728109957148 0.496445784905067 0.503451582641786 0.523838902150774 0.426560157035655 0.481573910207696 0.486667468814904 0.442055738526674 0.476920852079114 0.490761498568921 0.536249334642879 0.506991463100618 0.481979206512363 0.485209965540149 0.59452924461576 0.514639708212016 0.528198468598791 0.548663822441263 0.505807735037248 0.538251448673804 0.53405421152797 0.532249410059086 0.475619013254019 0.606720086247588 0.520572079517569 0.530692770888812 0.549752982739287 0.5039240346774 0.496255808063236 0.565973910307059 0.483597648922016 0.386560773005836 0.505563350752334 0.51465936008938 0.465539184486542 0.486435601459313 0.560585586293266 0.504989220707075 0.566086961549803 0.469956121486411 0.521428649918243 0.488898591304683 0.540127906048851 0.533529186677166 0.512172126715106 0.588471732575587 0.654111591676412 0.597945456164769 0.572207199728432 0.54530577821123 0.519788298351486 0.506387239993444 0.519192425944826 0.471369270845824 0.499254765256291 0.53687423394519 0.528431340043863 0.53407374042531 0.471055926890837 0 0.67184461844122 0.599446617257982 0.370164596209932
"visnupurana_amsa-5_u" 0.689185094657073 0.562376869987173 0.607959630751402 0.594005168088878 0.59713569675588 0.626697058504287 0.52529269827461 0.543924232732309 0.516636613700417 0.585081293810696 0.654753119743346 0.548413296265041 0.566449705326012 0.592188539664301 0.590031601926928 0.649412150384534 0.568728796629967 0.629819461270431 0.589152531228375 0.561454647205865 0.604850454581858 0.572295362732156 0.633585067515812 0.649186931949357 0.575572023235896 0.638763708503874 0.617857998630358 0.614895114795876 0.661661901811687 0.684499974663489 0.607587779829776 0.596024900492816 0.649684755685656 0.602236049647706 0.59026996203093 0.63418017635346 0.659449843556951 0.576401126320128 0.695422521942277 0.57449488649914 0.5876926282865 0.589433073138768 0.586301390726752 0.639727842051244 0.605633268842649 0.63057848485628 0.636772566348397 0.653642185782332 0.589767027847247 0.608938113809634 0.614682594583741 0.56731869290588 0.581553904836186 0.656990290735134 0.654981157811283 0.582477429748029 0.626574795945878 0.678973175848179 0.648969764441852 0.645279343279372 0.565788318067425 0.600796596506151 0.553552222850577 0.554573288880254 0.614613678517679 0.644694432474637 0.595677570762376 0.651521802394675 0.57100490114402 0.545291396168038 0.705179251999433 0.63015607648909 0.626249691147285 0.622779371301903 0.633546895967247 0.638197042958197 0.633887636276314 0.622831519667534 0.542617105852204 0.668883839889395 0.682977689256467 0.596863175830071 0.628966777625481 0.574794244265126 0.593234787085336 0.571538672005158 0.562267114245571 0.602409076070796 0.654073940800867 0.645300622651092 0.576885629903403 0.59107362243631 0.65544962297335 0.63096800077405 0.664139569541109 0.611827847752234 0.604194778030975 0.619405034706902 0.698488157368703 0.677555133413388 0.652697402572434 0.743106981262147 0.672526536206197 0.722894118924257 0.693431470736498 0.702419894261341 0.656312410841655 0.64819573976224 0.520575348191946 0.642909695099797 0.590114931818237 0.591805285994912 0.43658363574472 0.541525131236371 0.617412897305767 0.67184461844122 0 0.492606081119931 0.477775343633031
"visnupurana_amsa-6_u" 0.590157029540703 0.607326232320508 0.628724591145337 0.61746277241906 0.642903018625562 0.631620280683829 0.568142698556064 0.601566891954621 0.540339960493653 0.611104251849703 0.64948586852168 0.589374382371038 0.615850594628347 0.574180837384015 0.493001535811528 0.547282149926805 0.52250530236911 0.563533596775528 0.516892819153433 0.510871602826304 0.5968216387582 0.530551494948116 0.562045971456353 0.571210860679091 0.505298004481774 0.624257538520327 0.54662901747425 0.567613991353847 0.603776821357285 0.600503741547798 0.542796014809084 0.559626729335942 0.631465779863756 0.591393373356893 0.559732451127931 0.561827494684378 0.552578304598327 0.527695676327137 0.586138316284013 0.544961360113569 0.537408532581467 0.556591016106384 0.548837498638736 0.593994380068408 0.547215475845575 0.581133587093251 0.578628834055265 0.599072219020364 0.547748120542089 0.576112058535774 0.58008857242098 0.544211630137537 0.531918667496764 0.586585834400319 0.585868202319751 0.533827077655001 0.56848046885359 0.596105614364284 0.581654901514289 0.603363378891331 0.52508213150774 0.534873511957676 0.514301522066413 0.511775371635732 0.543390393194831 0.553800543335603 0.629009058701233 0.59573082343891 0.544672474184649 0.551822891307332 0.703777329727072 0.585363989325708 0.59745868067625 0.615678992826158 0.610563070936345 0.608770679067356 0.584452938114197 0.604149008608469 0.535445038177147 0.615017966472228 0.579857971562427 0.589127355476669 0.572838239762284 0.517727176704259 0.56495083571848 0.53915567863968 0.519010718691596 0.539964758231991 0.557060696509115 0.570760441285293 0.585961310074504 0.530409296503513 0.644050874135638 0.56270559047304 0.621617974570893 0.557643355980719 0.553909765833566 0.56360679504584 0.631703340527353 0.552378850036461 0.575121527386368 0.673925836538765 0.576567281321375 0.635324708124305 0.60871894545364 0.593916239849619 0.565328585020119 0.581233176692889 0.490229243230595 0.55363912960427 0.565492057040182 0.564404755279482 0.428709110493792 0.476663303670657 0.556479067096415 0.599446617257982 0.492606081119931 0 0.446942039244349
"visnupurana_u" 0.510841151529012 0.466092016275894 0.50774272974136 0.492530794390669 0.478377501499883 0.487287344596486 0.407703497289939 0.448901783225157 0.396515138632574 0.423297136424375 0.546688481204325 0.447307834661607 0.46321990338603 0.409690423880015 0.343627076203728 0.486251840331886 0.355207684082625 0.43687696978078 0.361953081231034 0.324223806386451 0.431254951152078 0.34822538467375 0.452518822526721 0.462745541860011 0.333816198182191 0.467480052436254 0.417934332603616 0.454912432702878 0.540129186677818 0.538508567757159 0.413707153508163 0.384283949369253 0.533512624761322 0.462061691943773 0.435724187909769 0.446700198273437 0.471655168096938 0.3615320471386 0.513046873335403 0.406056181402663 0.385166501979847 0.415663752342857 0.412192140669134 0.467905787942317 0.392186523581306 0.454204375830006 0.463363043942954 0.483456080505454 0.406707146941681 0.426642703531424 0.465957120853704 0.385696514302285 0.380324204917973 0.477547785203932 0.479920007911531 0.397288016114602 0.454121513761151 0.498903186310024 0.44729057392507 0.47656117968056 0.294435104010961 0.382153289162538 0.32909792300459 0.289377634050078 0.407452142124004 0.428042900823031 0.446968290398932 0.458648826121536 0.388911155437969 0.3691796225688 0.621519460517939 0.428399140331623 0.452832494985777 0.486263967821116 0.45397521870351 0.464622724307508 0.457700596611578 0.458864616612603 0.343766936843506 0.521172462253946 0.498521733693635 0.43543640138118 0.462657741466938 0.41164926085875 0.414760159656563 0.471989958915319 0.347254443518841 0.33902839099763 0.476890211892897 0.486680223971197 0.399774682353292 0.391187031648106 0.496264033869541 0.448201331933602 0.505630086586418 0.414115360507387 0.398497670280323 0.40055589134767 0.522076434830512 0.493299599939159 0.459688009815133 0.587273738113745 0.595685188103445 0.580144916383208 0.544262186513927 0.531247170845733 0.469969760669291 0.441841958014519 0.321395830056171 0.43252565980229 0.380849468070324 0.426333767914247 0.268689228943218 0.3497455632751 0.347402390438479 0.370164596209932 0.477775343633031 0.446942039244349 0
